dataset_group,dataset,n_train,n_test,p,variant,status,error,operator_bank,weight_strategy,method,branch_preproc,alpha,kernel_alignment_max,fit_time_s,predict_time_s,rmsep,mae,r2,ref_rmse_pls,ref_rmse_ridge,ref_rmse_tabpfn_raw,ref_rmse_tabpfn_opt,ref_rmse_cnn,ref_rmse_catboost,rel_rmsep_vs_pls,rel_rmsep_vs_ridge,rel_rmsep_vs_tabpfn_opt,version,random_state
ALPINE,ALPINE_P_291_KS,247,44,2151,Ridge-raw,ok,,compact,n/a,sklearn-Ridge,none,1.0,,0.3317227363586426,0.0002627372741699219,0.07399270302486066,0.05788983729498454,0.46371977179724577,0.0622707496529526,0.0589773153713793,0.0595929243596609,0.0434172262265824,0.0664148023614497,0.0603528865617188,1.1882417256454574,1.2545959842174859,1.7042245545285037,Multi-kernel/0.1.0-full,0
ALPINE,ALPINE_P_291_KS,247,44,2151,mkR-uniform,ok,,compact,uniform,mkR,none,0.0061584821106602594,0.999999557389294,25.69402027130127,0.00010561943054199219,0.06824367980696704,0.04940029752742698,0.5438172350452137,0.0622707496529526,0.0589773153713793,0.0595929243596609,0.0434172262265824,0.0664148023614497,0.0603528865617188,1.095918712835525,1.1571174336647503,1.5718111389894485,Multi-kernel/0.1.0-full,0
