1000,1008,1016,1024,1032,1040,1048,1056,1064,1072,1080,1088,1096,1104,1112,1120,1128,1136,1144,1152,1160,1168,1176,1184,1192,1200,1208,1216,1224,1232,1240,1248,1256,1264,1272,1280,1288,1296,1304,1312,1320,1328,1336,1344,1352,1360,1368,1376,1384,1392,1400,1408,1416,1424,1432,1440,1448,1456,1464,1472,1480,1488,1496,1504,1512,1520,1528,1536,1544,1552,1560,1568,1576,1584,1592,1600,1608,1616,1624,1632,1640,1648,1656,1664,1672,1680,1688,1696,1704,1712,1720,1728,1736,1744,1752,1760,1768,1776,1784,1792,1800,1808,1816,1824,1832,1840,1848,1856,1864,1872,1880,1888,1896,1904,1912,1920,1928,1936,1944,1952,1960,1968,1976,1984,1992,2000,2008,2016,2024,2032,2040,2048,2056,2064,2072,2080,2088,2096,2104,2112,2120,2128,2136,2144,2152,2160,2168,2176,2184,2192,2200,2208,2216,2224,2232,2240,2248,2256,2264,2272,2280,2288,2296,2304,2312,2320,2328,2336,2344,2352,2360,2368,2376,2384,2392,2400
0.71494030,0.71624800,0.71731000,0.71812730,0.71930300,0.72067030,0.72208400,0.72303630,0.72436400,0.72561030,0.72657270,0.72791430,0.72870470,0.72936700,0.73000170,0.72960330,0.72946100,0.72777030,0.72668930,0.72501770,0.72306900,0.72019830,0.71809100,0.71482630,0.71258430,0.71209300,0.71287330,0.71484070,0.71926530,0.72322900,0.72644530,0.72890700,0.73081670,0.73300070,0.73363600,0.73584670,0.73685100,0.73854230,0.73998630,0.74020670,0.73988370,0.73866130,0.73605600,0.73165230,0.72632270,0.71999130,0.71485700,0.71008300,0.70537800,0.69678700,0.68381700,0.66298100,0.63635930,0.61013700,0.58880400,0.57516800,0.56858400,0.56694530,0.56686900,0.56865630,0.57193530,0.57591870,0.58142170,0.58678670,0.59146070,0.59604170,0.59960400,0.60269900,0.60506530,0.60723400,0.60873030,0.61029570,0.61309530,0.61547600,0.61872030,0.62352570,0.62816200,0.63199600,0.63485600,0.63551470,0.63733070,0.63866570,0.63553830,0.62871630,0.62264030,0.61823770,0.61211830,0.60395900,0.59706170,0.58996970,0.58470500,0.58250000,0.58689770,0.59079900,0.59081670,0.59265100,0.59668000,0.60018970,0.60489070,0.60823500,0.61201670,0.61486170,0.61671970,0.61799170,0.62159970,0.62436930,0.62716500,0.62880130,0.62892030,0.62483870,0.61140170,0.57353970,0.53408700,0.47794670,0.43860300,0.41420970,0.40620030,0.41097270,0.42142630,0.43455600,0.44749530,0.46167930,0.47520000,0.48603530,0.49538700,0.50152170,0.50435800,0.50395370,0.49759970,0.48906870,0.47824570,0.46491130,0.45308330,0.44055230,0.43261470,0.42454700,0.41895900,0.41391300,0.41171930,0.40985970,0.41039230,0.41079400,0.41203830,0.41569870,0.42243930,0.42903330,0.43449330,0.44056170,0.44646270,0.45312630,0.45872230,0.46273930,0.46665030,0.46329170,0.45457400,0.44265230,0.42680900,0.40727030,0.38732670,0.37499230,0.37025130,0.36852770,0.36058070,0.34893630,0.34623730,0.35637770,0.35776770,0.35651700,0.35188770,0.35282400,0.35814930,0.35921830,0.35863300,0.35968230,0.36208730,0.36476470
0.71582100,0.71672530,0.71750100,0.71822400,0.71974900,0.72049000,0.72124930,0.72208070,0.72395830,0.72442030,0.72535470,0.72642430,0.72632000,0.72735430,0.72727400,0.72612970,0.72499300,0.72315600,0.72060000,0.71783870,0.71399630,0.71003400,0.70649700,0.70248230,0.69886630,0.69732400,0.69697370,0.69918930,0.70374530,0.70823430,0.71122630,0.71357600,0.71618200,0.71769930,0.71813670,0.71993830,0.72130230,0.72207400,0.72310070,0.72269900,0.72222970,0.72019670,0.71605200,0.71064430,0.70340300,0.69597430,0.68756530,0.68228230,0.67611230,0.66666070,0.65279900,0.62920000,0.59958030,0.56959870,0.54602770,0.53101670,0.52377570,0.52088030,0.52053170,0.52225600,0.52502400,0.52949800,0.53465630,0.54048000,0.54482430,0.54933130,0.55312630,0.55560000,0.55723870,0.55996570,0.56117370,0.56336500,0.56482070,0.56787230,0.57124170,0.57629170,0.58140270,0.58599970,0.58880300,0.58780400,0.59086330,0.59262870,0.58932400,0.58214970,0.57545130,0.57061800,0.56329770,0.55400170,0.54678930,0.53969700,0.53479700,0.53233300,0.53688070,0.53971900,0.53998430,0.54311300,0.54669930,0.55246930,0.55494770,0.55927130,0.56369870,0.56513770,0.56684530,0.56983100,0.57263830,0.57674630,0.57888900,0.58179130,0.58147630,0.57768870,0.56507830,0.52654630,0.48560130,0.42732170,0.38959170,0.36828970,0.36062700,0.36604270,0.37425200,0.38844070,0.40206030,0.41577170,0.42804470,0.43830000,0.44705530,0.45480200,0.45705600,0.45541000,0.44836930,0.43737670,0.42526500,0.41138370,0.39900000,0.38631830,0.37752070,0.36996730,0.36496600,0.36144670,0.35774100,0.35577000,0.35625400,0.35606770,0.36008670,0.36183970,0.36811270,0.37364800,0.37920730,0.38695070,0.39353300,0.39876030,0.40281770,0.40776800,0.40979500,0.40610530,0.39904230,0.38621130,0.37028570,0.35310970,0.33280970,0.32126100,0.31671200,0.31233600,0.30700300,0.29656400,0.29438870,0.30381130,0.30391970,0.30216570,0.30038130,0.30236900,0.30550630,0.30649770,0.30766570,0.30736900,0.30980230,0.31142100
0.64835100,0.64966520,0.65067930,0.65217170,0.65346600,0.65500600,0.65632330,0.65759770,0.65910270,0.66028350,0.66167530,0.66313000,0.66397170,0.66528700,0.66579850,0.66630600,0.66575950,0.66478970,0.66383730,0.66241050,0.66021100,0.65810730,0.65605350,0.65344150,0.65163120,0.65111570,0.65168820,0.65343800,0.65756650,0.66189280,0.66512950,0.66757870,0.67032950,0.67218880,0.67349900,0.67494720,0.67677980,0.67830130,0.67933620,0.68032050,0.67954980,0.67859000,0.67665920,0.67228320,0.66729450,0.66132550,0.65657730,0.65240580,0.64645750,0.63843130,0.62617800,0.60610870,0.57912220,0.55356380,0.53333070,0.52125470,0.51558600,0.51406220,0.51360420,0.51531880,0.51821680,0.52346400,0.52872720,0.53373350,0.53798750,0.54247180,0.54636820,0.54903350,0.55050070,0.55330970,0.55454070,0.55628950,0.55834320,0.56152570,0.56437450,0.56864450,0.57334950,0.57775300,0.58049280,0.58182730,0.58344900,0.58365000,0.57981550,0.57376150,0.56894770,0.56435020,0.55888000,0.55190230,0.54426550,0.53728870,0.53268150,0.53066770,0.53463020,0.53821050,0.53831200,0.53914020,0.54301130,0.54843450,0.55164450,0.55493900,0.55873430,0.56159600,0.56290900,0.56501150,0.56730350,0.57099280,0.57300850,0.57473050,0.57399580,0.57036350,0.55741470,0.51544920,0.47585330,0.42192430,0.38692750,0.36671580,0.35848400,0.36343700,0.37177980,0.38330070,0.39593950,0.40912580,0.42046780,0.43082770,0.43871530,0.44709350,0.44804250,0.44791350,0.44327400,0.43482470,0.42444900,0.41308830,0.40157130,0.39061270,0.38384850,0.37715450,0.37254800,0.36960720,0.36548780,0.36529070,0.36622430,0.36681300,0.36860830,0.37155580,0.37707770,0.38284380,0.38968850,0.39688700,0.40131750,0.40738900,0.41260850,0.41685570,0.41966320,0.41817120,0.41159950,0.39915330,0.38492820,0.36811630,0.34977170,0.33785250,0.33283300,0.32900170,0.32196170,0.31066250,0.30860030,0.31703250,0.31976250,0.31692150,0.31519980,0.31533570,0.31919400,0.31897230,0.31981450,0.31821000,0.32088880,0.32221550
0.71626590,0.71680370,0.71737700,0.71838630,0.71941370,0.72050500,0.72163870,0.72263630,0.72424670,0.72494070,0.72603330,0.72685770,0.72665370,0.72699930,0.72760270,0.72764170,0.72612300,0.72439070,0.72224470,0.71989670,0.71635130,0.71236970,0.70949570,0.70601800,0.70348800,0.70146000,0.70133130,0.70350370,0.70784500,0.71226270,0.71583500,0.71877930,0.72014270,0.72169100,0.72280130,0.72388130,0.72540930,0.72679430,0.72703630,0.72663200,0.72572770,0.72411900,0.72052530,0.71567770,0.70940500,0.70121030,0.69566000,0.68984570,0.68267030,0.67316670,0.65833600,0.63378870,0.60503770,0.57768930,0.55736370,0.54514470,0.54065130,0.53959000,0.54086300,0.54270670,0.54705030,0.55219500,0.55784730,0.56328630,0.56859470,0.57346400,0.57815130,0.57964270,0.58174830,0.58394370,0.58666430,0.58781430,0.59031030,0.59300600,0.59613370,0.60023830,0.60534100,0.60995770,0.61184830,0.61256800,0.61444430,0.61412300,0.60928930,0.60308770,0.59749230,0.59322200,0.58548330,0.57423300,0.56451900,0.55457130,0.54818630,0.54669600,0.55248300,0.55617000,0.55736130,0.55860230,0.56236530,0.56524230,0.56977630,0.57494830,0.57875400,0.58142730,0.58248230,0.58525200,0.58715730,0.59049500,0.59265900,0.59362800,0.59244630,0.58788030,0.57519270,0.53557170,0.49055870,0.43400730,0.39710030,0.37824600,0.37267530,0.37884530,0.39028570,0.40413870,0.41725630,0.42872870,0.44280130,0.45348570,0.46110270,0.46815430,0.46903230,0.46917200,0.46217230,0.45290700,0.44219400,0.43003330,0.41932970,0.40677970,0.40072800,0.39249130,0.38678870,0.38401470,0.38116200,0.38013600,0.38078230,0.38224370,0.38509930,0.38561800,0.39350630,0.39947800,0.40575170,0.41313800,0.41943300,0.42391230,0.42971730,0.43183900,0.43488500,0.43207570,0.42494730,0.41312430,0.39535570,0.37661670,0.35781900,0.34383970,0.33838330,0.33298030,0.32279330,0.31289930,0.30994930,0.31950070,0.32193700,0.31860770,0.31678670,0.31654770,0.32124170,0.32368270,0.32555330,0.32419400,0.32750470,0.32816800
0.67663910,0.67800950,0.67919250,0.68043450,0.68124550,0.68209830,0.68340000,0.68436530,0.68514700,0.68625670,0.68698450,0.68760900,0.68812100,0.68887470,0.68922420,0.68895650,0.68791270,0.68565120,0.68358220,0.68186730,0.67858830,0.67485380,0.67242920,0.66871320,0.66601100,0.66476100,0.66523770,0.66673100,0.67067020,0.67504200,0.67805270,0.68027300,0.68141720,0.68335250,0.68483400,0.68568050,0.68687430,0.68794330,0.68911850,0.68806800,0.68797900,0.68682070,0.68289330,0.67797770,0.67275930,0.66538020,0.66000580,0.65441700,0.64897100,0.64110650,0.62819720,0.60668620,0.57979150,0.55399650,0.53428300,0.52246330,0.51833470,0.51748350,0.51871270,0.52115030,0.52436450,0.52890420,0.53403400,0.53912100,0.54407650,0.54866350,0.55208550,0.55349920,0.55617320,0.55737800,0.55952400,0.56072980,0.56309250,0.56567500,0.56868320,0.57264450,0.57697900,0.58100320,0.58230870,0.58215150,0.58488970,0.58402370,0.57927050,0.57338530,0.56774230,0.56292150,0.55556750,0.54624480,0.53824700,0.52996920,0.52545070,0.52246170,0.52799320,0.53216170,0.53321100,0.53462050,0.53868500,0.54167370,0.54638030,0.55043800,0.55356150,0.55555430,0.55702720,0.55947370,0.56177180,0.56455750,0.56716280,0.56878450,0.56828850,0.56580230,0.55509400,0.52752220,0.49063820,0.43833100,0.40544920,0.38874050,0.38370520,0.38819400,0.39901300,0.41030470,0.42278950,0.43335550,0.44467570,0.45401650,0.46025480,0.46754250,0.46668870,0.46375850,0.45663800,0.44567050,0.43492880,0.42318430,0.41121650,0.40125450,0.39334100,0.38672250,0.38117020,0.37857000,0.37543450,0.37430500,0.37498830,0.37708450,0.37889880,0.38164950,0.38734700,0.39260850,0.39899200,0.40570100,0.41170720,0.41668800,0.42224680,0.42263350,0.42656750,0.42216620,0.41449050,0.40216350,0.38689720,0.36733080,0.35033670,0.33622680,0.33069400,0.32615270,0.31917820,0.31005930,0.30713600,0.31749700,0.31684300,0.31658600,0.31429000,0.31402230,0.31911520,0.32024970,0.32217620,0.32212200,0.32352750,0.32516900
0.72026430,0.72102000,0.72232370,0.72298800,0.72386800,0.72430370,0.72523600,0.72597770,0.72634270,0.72708170,0.72715330,0.72804230,0.72792500,0.72838830,0.72857300,0.72736700,0.72682630,0.72474930,0.72375570,0.72148570,0.71800230,0.71482530,0.71205570,0.70902800,0.70589230,0.70427100,0.70369430,0.70551800,0.70858070,0.71217930,0.71438600,0.71640470,0.71775030,0.71891370,0.71956370,0.72043500,0.72105230,0.72182630,0.72220000,0.72196670,0.72027500,0.71858430,0.71672570,0.71193270,0.70619700,0.70064870,0.69477030,0.68998430,0.68425000,0.67560630,0.66315100,0.64261070,0.61642500,0.59205370,0.57194070,0.55976670,0.55469100,0.55273830,0.55218600,0.55345200,0.55671570,0.56049800,0.56542270,0.57024270,0.57457070,0.57880270,0.58246530,0.58347600,0.58594470,0.58787730,0.58981330,0.59137600,0.59379370,0.59624600,0.59954300,0.60302330,0.60738330,0.61197330,0.61551270,0.61783230,0.61930930,0.61795970,0.61407600,0.60950300,0.60601130,0.60465530,0.59883700,0.59104070,0.58289030,0.57484570,0.56894530,0.56711200,0.57130400,0.57568800,0.57570970,0.57625170,0.57955970,0.58179300,0.58518770,0.59050830,0.59363170,0.59598030,0.59587500,0.59826670,0.60164170,0.60359670,0.60491730,0.60919730,0.60890370,0.60502500,0.59462770,0.56397000,0.52544870,0.46791600,0.43944800,0.41975300,0.41093800,0.41638970,0.42436270,0.43914670,0.45207200,0.46512970,0.47793500,0.48796870,0.49559770,0.50351700,0.50630030,0.50592900,0.50014930,0.49258930,0.48092270,0.46982570,0.45708830,0.44796100,0.43986100,0.43414600,0.42761700,0.42607670,0.42542700,0.42374330,0.42442230,0.42481430,0.42700700,0.42675030,0.43471870,0.43999470,0.44482230,0.45162100,0.45593670,0.46229270,0.46819700,0.47086700,0.47391070,0.47355600,0.46969930,0.45602000,0.44178970,0.42358230,0.40625300,0.39320100,0.38706130,0.38233670,0.37518070,0.36534230,0.36419830,0.37104130,0.37191070,0.37057230,0.36658500,0.36675370,0.37220670,0.37262900,0.37307700,0.37437430,0.37571470,0.37883930
0.69763570,0.69803820,0.69878570,0.69984180,0.70102920,0.70178500,0.70254930,0.70328000,0.70433750,0.70539280,0.70579600,0.70635570,0.70690630,0.70719550,0.70752550,0.70617320,0.70524680,0.70353530,0.70169880,0.69966420,0.69644850,0.69267050,0.68977300,0.68637520,0.68351200,0.68204920,0.68116700,0.68339670,0.68699250,0.69078750,0.69379600,0.69558700,0.69755650,0.69916000,0.69978930,0.70090330,0.70247730,0.70360900,0.70408180,0.70427530,0.70314100,0.70180430,0.69733880,0.69241900,0.68690800,0.67949020,0.67241920,0.66796730,0.66256670,0.65383270,0.63966650,0.61769650,0.58942220,0.56229700,0.54009150,0.52584950,0.51908850,0.51724800,0.51733200,0.51831900,0.52156630,0.52580380,0.53069050,0.53647650,0.54137980,0.54558570,0.54864980,0.55115600,0.55277800,0.55481230,0.55597230,0.55801670,0.55957520,0.56246500,0.56586900,0.57084850,0.57532530,0.57963670,0.58278700,0.58381950,0.58572950,0.58681300,0.58230670,0.57610070,0.57063200,0.56704750,0.56251200,0.55527700,0.54814970,0.54100100,0.53623350,0.53245530,0.53616470,0.54018100,0.54189050,0.54177800,0.54419080,0.54967580,0.55205820,0.55518830,0.55954400,0.56101180,0.56205130,0.56495750,0.56695250,0.56952400,0.57253580,0.57452750,0.57705850,0.57232900,0.55906980,0.51266970,0.47231020,0.41641400,0.38184470,0.36064970,0.35423600,0.35885100,0.36863350,0.38098000,0.39381300,0.40730770,0.41959120,0.43039400,0.43808670,0.44443670,0.44737530,0.44509270,0.43806950,0.42983220,0.41759150,0.40560050,0.39372850,0.38391070,0.37551950,0.36769530,0.36174280,0.35894550,0.35696100,0.35490930,0.35538450,0.35631250,0.35725330,0.35904200,0.36589950,0.37200400,0.37735320,0.38409730,0.38927200,0.39525730,0.40046500,0.40381100,0.40555230,0.40488650,0.39946120,0.38652520,0.37054750,0.35338630,0.33781950,0.32455350,0.32082770,0.31683450,0.30950730,0.30026830,0.29688030,0.30697080,0.30744670,0.30525230,0.30132300,0.30147370,0.30703800,0.30956580,0.31112250,0.30859670,0.31387180,0.31337800
0.68462380,0.68602600,0.68760130,0.68735870,0.68869500,0.68956670,0.69008770,0.69122830,0.69172170,0.69281600,0.69338570,0.69384470,0.69478900,0.69378200,0.69468370,0.69367700,0.69249530,0.69028900,0.68882400,0.68655800,0.68366700,0.68039630,0.67733430,0.67434100,0.67133000,0.66916900,0.66926100,0.67030330,0.67395470,0.67684830,0.67936700,0.68093200,0.68294700,0.68354570,0.68392300,0.68566170,0.68636900,0.68737030,0.68758330,0.68774230,0.68648270,0.68512200,0.68190700,0.67738970,0.67211370,0.66520730,0.66014330,0.65566830,0.64909300,0.64146300,0.62856730,0.60848000,0.58295570,0.55870470,0.53893070,0.52699830,0.52130530,0.51921500,0.51905570,0.51979670,0.52274230,0.52642670,0.53145900,0.53608970,0.54057470,0.54409570,0.54798630,0.54963070,0.55091800,0.55219670,0.55427870,0.55573530,0.55724970,0.55933570,0.56325400,0.56637200,0.56979300,0.57430430,0.57806870,0.58012370,0.58143530,0.57941770,0.57570600,0.57101430,0.56641030,0.56408670,0.56179000,0.55412700,0.54652070,0.53897770,0.53533800,0.53396770,0.53849930,0.54150200,0.54063600,0.54155200,0.54462830,0.54693130,0.54973770,0.55465500,0.55774330,0.56044030,0.56169370,0.56331200,0.56648730,0.56933730,0.57149700,0.57371230,0.57371300,0.56893970,0.55959400,0.52632630,0.49280700,0.43832330,0.40673430,0.38413970,0.37831400,0.38168270,0.38990900,0.40127830,0.41214270,0.42393330,0.43299700,0.44265970,0.45029800,0.45664900,0.45886100,0.45491200,0.45065430,0.44192930,0.43176670,0.42105230,0.41087300,0.40042870,0.39243430,0.38616170,0.38056700,0.37815330,0.37465700,0.37344130,0.37368630,0.37474500,0.37691100,0.37795070,0.38335830,0.38893670,0.39576900,0.40176000,0.40791470,0.41341570,0.41805430,0.42237330,0.42391270,0.42395630,0.41984330,0.40961430,0.39622530,0.37961670,0.36385800,0.35152830,0.34899630,0.34476630,0.33721670,0.32766070,0.32728030,0.33520570,0.33654000,0.33181730,0.33102170,0.33155230,0.33733470,0.33966200,0.33965400,0.33919130,0.34126130,0.33930500
0.70936330,0.71057370,0.71191400,0.71183200,0.71324370,0.71369800,0.71444170,0.71509270,0.71541230,0.71648400,0.71642300,0.71731370,0.71785600,0.71750030,0.71825100,0.71725530,0.71581670,0.71387870,0.71155530,0.70904270,0.70649270,0.70341100,0.70010900,0.69694870,0.69375270,0.69190100,0.69136370,0.69306570,0.69623970,0.69911670,0.70188570,0.70389500,0.70543830,0.70634830,0.70663130,0.70790370,0.70890430,0.70951170,0.71069000,0.70977000,0.70916830,0.70765870,0.70435670,0.69968000,0.69322770,0.68668600,0.68091030,0.67663170,0.66956600,0.66151230,0.64792670,0.62636770,0.60082030,0.57517230,0.55523200,0.54282630,0.53655570,0.53529800,0.53521000,0.53622270,0.53834000,0.54287870,0.54731830,0.55135930,0.55606830,0.56044530,0.56419000,0.56582670,0.56683530,0.56900770,0.57117170,0.57245330,0.57459830,0.57724530,0.57978030,0.58389670,0.58824770,0.59296000,0.59663130,0.59833370,0.59934270,0.59951300,0.59562200,0.58998200,0.58652700,0.58420130,0.58196600,0.57525870,0.56792900,0.55971600,0.55533300,0.55345800,0.55848730,0.56109830,0.55972400,0.56089630,0.56425630,0.56725300,0.56962530,0.57405270,0.57757970,0.57990230,0.58111900,0.58164630,0.58441470,0.58858630,0.59093600,0.59200470,0.59269600,0.58837770,0.57762300,0.53659770,0.50127730,0.44909200,0.41909130,0.39864430,0.39193700,0.39648400,0.40581830,0.41855730,0.43102730,0.44227700,0.45302170,0.46304470,0.47019370,0.47792930,0.47967500,0.47773870,0.47491600,0.46690500,0.45606200,0.44659530,0.43635870,0.42698500,0.41794000,0.41240830,0.40813430,0.40621300,0.40233000,0.40263030,0.40236400,0.40389670,0.40401430,0.40351170,0.40909400,0.41571870,0.41999330,0.42612930,0.43252830,0.43618700,0.44071670,0.44396230,0.44750870,0.44701500,0.44400030,0.43398070,0.42145170,0.40603300,0.39091600,0.37853430,0.37464370,0.37184530,0.36441700,0.35385370,0.35273170,0.36210730,0.36232070,0.35881400,0.35710400,0.35785030,0.36117900,0.36233300,0.36508370,0.36791630,0.36821800,0.36703870
0.69376500,0.69418130,0.69448200,0.69525430,0.69609470,0.69666570,0.69779400,0.69816500,0.69964000,0.69984430,0.70079400,0.70125270,0.70136730,0.70225970,0.70200730,0.70167970,0.70119000,0.69963230,0.69789800,0.69593570,0.69318230,0.69049470,0.68785500,0.68546000,0.68307730,0.68207570,0.68273830,0.68492170,0.68794670,0.69066300,0.69294230,0.69511330,0.69634670,0.69792900,0.69861200,0.69947830,0.70048430,0.70137100,0.70150400,0.70196370,0.70117770,0.69946300,0.69690300,0.69372030,0.68860130,0.68366970,0.67865500,0.67398770,0.66934770,0.66216330,0.65056230,0.63334930,0.60966630,0.58703470,0.57035300,0.55950170,0.55591200,0.55612800,0.55595500,0.55801000,0.56129970,0.56653500,0.57119200,0.57574230,0.58033130,0.58447170,0.58825700,0.59031170,0.59273800,0.59396170,0.59499100,0.59695970,0.59904630,0.60128870,0.60399230,0.60676270,0.61028070,0.61404500,0.61542800,0.61473130,0.61699470,0.61747430,0.61398900,0.60835000,0.60343600,0.59792000,0.58948230,0.57893970,0.57212600,0.56392530,0.56055930,0.56020670,0.56377400,0.56657870,0.56770130,0.56883430,0.57335600,0.57569430,0.58001730,0.58554770,0.59042070,0.59245770,0.59325030,0.59600530,0.59739230,0.60104330,0.60253570,0.60354030,0.60341330,0.59945230,0.58615500,0.54093930,0.50303770,0.45157530,0.41842400,0.39912500,0.39483070,0.39972770,0.40939200,0.42216900,0.43491570,0.44488570,0.45794470,0.46820600,0.47459330,0.48096870,0.48311000,0.48360130,0.47791830,0.47187300,0.46158900,0.45119130,0.43924630,0.43253130,0.42485800,0.41829630,0.41509800,0.41119700,0.40966400,0.40772370,0.40902170,0.40930170,0.41194200,0.41390730,0.42007400,0.42398570,0.42937200,0.43592770,0.44080670,0.44583300,0.45067970,0.45180770,0.45570970,0.45343070,0.44567670,0.43474600,0.41935400,0.39970300,0.37969500,0.36700670,0.36208100,0.35660470,0.34913730,0.33997300,0.33839670,0.34572270,0.34463370,0.34438070,0.34538330,0.34687800,0.34952570,0.35623800,0.35757670,0.35548800,0.35987970,0.36024200
0.72031280,0.72234550,0.72400400,0.72480150,0.72550750,0.72636900,0.72723200,0.72821850,0.72867350,0.72923600,0.73002950,0.73093650,0.73145300,0.73096700,0.73160950,0.73058300,0.73017300,0.72836550,0.72706350,0.72478200,0.72211750,0.71886850,0.71575250,0.71306100,0.71096600,0.70893750,0.70811100,0.71022750,0.71297150,0.71610000,0.71839850,0.71994700,0.72121350,0.72204800,0.72342750,0.72430100,0.72522450,0.72589050,0.72590650,0.72607550,0.72539450,0.72375300,0.72096750,0.71658750,0.71133000,0.70457250,0.69978350,0.69561000,0.68904850,0.68066250,0.66922250,0.64975350,0.62424900,0.59878400,0.57878300,0.56648300,0.56098050,0.55938800,0.55891800,0.56068650,0.56318750,0.56787000,0.57262350,0.57600750,0.58036350,0.58477550,0.58860400,0.59158850,0.59192350,0.59342050,0.59557650,0.59735850,0.59786200,0.60035000,0.60318650,0.60765850,0.61160500,0.61643050,0.61964300,0.62101850,0.62275300,0.62068000,0.61881400,0.61390000,0.60886800,0.60689200,0.60462800,0.59594200,0.58753600,0.57961500,0.57389700,0.57137350,0.57639650,0.57907350,0.57929850,0.57941400,0.58360850,0.58772150,0.59028450,0.59403850,0.59582250,0.59871800,0.60151850,0.60189850,0.60417050,0.60649200,0.60980700,0.61135650,0.61169300,0.60903350,0.59874700,0.57120500,0.53679950,0.48266450,0.44936850,0.42809350,0.41954950,0.42361250,0.43125900,0.44178400,0.45408750,0.46434900,0.47346100,0.48387700,0.49094400,0.49734600,0.49929950,0.49637700,0.48959600,0.48185950,0.47027450,0.45845700,0.44806800,0.43618450,0.42724800,0.42114550,0.41678050,0.41283850,0.41017800,0.40983750,0.40912550,0.41083300,0.41206250,0.41656900,0.42107700,0.42809300,0.43510600,0.44112300,0.44752550,0.45320400,0.46090050,0.46399050,0.46605400,0.46685100,0.46128900,0.45199850,0.43924400,0.42050700,0.40328300,0.38908950,0.38419700,0.38044400,0.37227850,0.36011250,0.35750450,0.36791700,0.36736400,0.36649450,0.36170300,0.36135850,0.36486250,0.36606550,0.36680600,0.36813350,0.36964000,0.37187850
0.66939030,0.67008970,0.67077400,0.67090500,0.67145230,0.67205430,0.67237270,0.67275000,0.67327670,0.67382730,0.67337530,0.67447030,0.67445400,0.67433970,0.67459070,0.67388700,0.67352230,0.67117070,0.67039830,0.66839970,0.66645470,0.66344300,0.66096800,0.65851630,0.65622000,0.65452400,0.65530930,0.65667800,0.65879000,0.66141170,0.66336070,0.66460330,0.66544400,0.66692100,0.66752200,0.66802870,0.66900800,0.66938430,0.66928230,0.66955830,0.66874670,0.66754600,0.66545970,0.66156800,0.65764600,0.65248230,0.64860900,0.64487600,0.63996270,0.63447370,0.62461770,0.60940870,0.58926770,0.56891030,0.55305300,0.54179800,0.53709030,0.53531270,0.53520500,0.53600370,0.53850200,0.54178470,0.54611530,0.55011430,0.55351700,0.55674470,0.55964100,0.56058270,0.56138870,0.56277630,0.56460370,0.56575500,0.56745230,0.56858170,0.57140230,0.57379000,0.57766800,0.58025530,0.58246370,0.58194100,0.58456170,0.58431830,0.58173270,0.57737030,0.57272800,0.56919270,0.56501530,0.55591330,0.54892000,0.54295470,0.53954570,0.54055830,0.54388870,0.54558370,0.54623970,0.54655570,0.54970300,0.55148730,0.55536170,0.56165100,0.56325330,0.56728770,0.56763800,0.56817100,0.57095630,0.57350600,0.57503170,0.57761930,0.57785530,0.57562700,0.56500270,0.52905570,0.49923530,0.45578030,0.42554970,0.40690100,0.40049430,0.40330470,0.41069970,0.42105730,0.43206600,0.44339330,0.45235500,0.46100530,0.46819530,0.47423900,0.47652200,0.47707400,0.47215530,0.46692000,0.45740700,0.44689470,0.43851600,0.43058170,0.42303570,0.41728630,0.41352530,0.41185900,0.40840700,0.40791770,0.40729600,0.41067470,0.41117970,0.41166700,0.41610670,0.42104970,0.42683000,0.43042830,0.43555600,0.43913700,0.44395730,0.44624630,0.44878330,0.44785400,0.44092700,0.43185100,0.41950030,0.40239830,0.38793300,0.37536570,0.36881070,0.36600970,0.35935330,0.35136500,0.34897400,0.35465970,0.35567600,0.35537300,0.35428770,0.35319130,0.35758330,0.35976330,0.36608830,0.36713830,0.36581630,0.36696300
0.65143470,0.65209330,0.65259000,0.65357800,0.65409270,0.65470600,0.65565300,0.65605300,0.65726730,0.65763230,0.65830700,0.65870600,0.65868230,0.65927630,0.65922500,0.65937530,0.65783670,0.65657730,0.65479570,0.65264630,0.65036370,0.64705470,0.64426430,0.64148070,0.63990830,0.63950130,0.63987330,0.64136670,0.64436330,0.64676700,0.64927330,0.65078930,0.65201030,0.65360430,0.65399170,0.65465700,0.65578770,0.65649900,0.65643870,0.65676070,0.65625300,0.65469830,0.65247470,0.64776530,0.64290130,0.63748330,0.63290870,0.62878730,0.62381270,0.61704370,0.60637070,0.58948600,0.56689570,0.54407830,0.52701370,0.51693500,0.51179400,0.51096800,0.51112300,0.51297100,0.51672930,0.52069600,0.52456600,0.52911200,0.53295530,0.53724130,0.54001430,0.54205730,0.54298530,0.54458100,0.54636030,0.54787700,0.54908530,0.55095070,0.55361330,0.55700030,0.56056970,0.56408630,0.56499530,0.56475770,0.56613500,0.56745570,0.56344170,0.55811530,0.55200730,0.54635570,0.53889870,0.53054570,0.52556870,0.52010030,0.51582200,0.51408370,0.51752270,0.52026130,0.52285970,0.52391400,0.52694770,0.53051330,0.53390500,0.53744100,0.54079700,0.54322030,0.54452970,0.54606170,0.54772730,0.55147170,0.55231970,0.55294330,0.55309730,0.55084530,0.54003600,0.51067670,0.47495530,0.42598830,0.39698430,0.37909870,0.37315070,0.37565830,0.38381600,0.39464600,0.40532030,0.41533130,0.42589270,0.43599870,0.44252530,0.44843300,0.44957830,0.44919700,0.44386730,0.43594500,0.42673030,0.41635430,0.40679800,0.39790030,0.39245200,0.38712000,0.38204800,0.38002330,0.37787930,0.37727730,0.37818000,0.37975670,0.38070200,0.38084770,0.38688500,0.39075630,0.39591330,0.40159330,0.40732530,0.40987430,0.41540970,0.41698930,0.41873530,0.41765000,0.41154070,0.39830500,0.38320370,0.36343400,0.34692500,0.33519100,0.33201630,0.32708930,0.32150270,0.31336800,0.31157270,0.31928800,0.31911730,0.31774170,0.31765070,0.31806430,0.32168830,0.32513400,0.32617000,0.32554870,0.32706600,0.32790230
0.72503700,0.72571670,0.72663530,0.72703800,0.72775270,0.72806170,0.72801500,0.72942030,0.72906130,0.72998000,0.73011800,0.73056930,0.73032570,0.73028270,0.73040670,0.72966430,0.72922670,0.72755570,0.72607530,0.72387000,0.72186030,0.71870100,0.71597300,0.71360400,0.71136900,0.71101370,0.71112700,0.71306670,0.71569170,0.71802700,0.72011730,0.72159200,0.72270370,0.72348430,0.72391730,0.72422270,0.72531630,0.72557070,0.72565170,0.72633500,0.72551600,0.72423330,0.72261070,0.71875770,0.71429600,0.70856670,0.70423530,0.70040830,0.69575370,0.69001870,0.68096070,0.66504670,0.64558270,0.62424930,0.60753100,0.59758970,0.59257870,0.59175900,0.59246630,0.59407530,0.59695570,0.60086100,0.60557200,0.60946270,0.61349200,0.61702900,0.61973000,0.62184130,0.62388600,0.62484170,0.62671430,0.62750300,0.62804270,0.63042670,0.63298800,0.63601200,0.63899800,0.64270670,0.64264030,0.64329600,0.64507770,0.64454200,0.64131200,0.63721030,0.63144430,0.62546570,0.61869130,0.60994700,0.60299370,0.59624630,0.59218430,0.59213100,0.59687530,0.59851800,0.60024170,0.60120630,0.60487870,0.60795130,0.61111370,0.61690970,0.62025070,0.62234970,0.62474130,0.62637670,0.62794470,0.63110070,0.63227170,0.63322200,0.63358770,0.63135370,0.62105530,0.58140030,0.54901900,0.50101030,0.47386430,0.45351230,0.44639670,0.45104770,0.45879600,0.46951970,0.48222130,0.49376070,0.50424930,0.51187900,0.51917630,0.52574570,0.52587770,0.52607700,0.52212470,0.51342300,0.50535470,0.49534470,0.48432700,0.47528200,0.46921600,0.46359670,0.46065170,0.45698770,0.45379200,0.45274800,0.45306300,0.45520330,0.45724970,0.45868800,0.46282130,0.46828600,0.47308230,0.47718700,0.48339200,0.48821670,0.49168600,0.49264400,0.49355270,0.49290670,0.48478030,0.47415470,0.45685670,0.43646570,0.41794800,0.40705470,0.39955800,0.39682600,0.38810400,0.38003670,0.37863000,0.38555900,0.38636770,0.38738070,0.38766770,0.38799630,0.39254870,0.39800100,0.39959500,0.40011130,0.40424970,0.40461830
0.72077400,0.72186170,0.72253450,0.72339620,0.72415700,0.72495280,0.72582520,0.72657070,0.72752920,0.72814270,0.72874270,0.72894750,0.72976170,0.73028430,0.72982550,0.72942970,0.72868500,0.72714220,0.72553430,0.72396200,0.72134950,0.71925750,0.71649780,0.71351750,0.71129500,0.71030200,0.71053100,0.71173150,0.71447550,0.71732530,0.71942950,0.72085580,0.72240900,0.72344200,0.72405830,0.72506250,0.72544400,0.72640000,0.72647820,0.72650880,0.72520530,0.72378280,0.72115830,0.71705850,0.71239970,0.70623880,0.70108320,0.69664180,0.69207530,0.68332950,0.67143650,0.65170100,0.62649650,0.60378870,0.58597700,0.57515950,0.57033670,0.56904470,0.56961230,0.57185720,0.57609870,0.57994130,0.58416050,0.58911370,0.59339050,0.59828900,0.60168030,0.60363880,0.60553050,0.60653370,0.60843700,0.61027280,0.61178300,0.61435950,0.61621000,0.61980730,0.62339350,0.62739150,0.62912370,0.62959100,0.63060970,0.63046300,0.62734200,0.62171470,0.61685330,0.61336600,0.60850400,0.60076020,0.59366150,0.58654980,0.58256570,0.58038300,0.58417950,0.58788620,0.58780220,0.58874120,0.59110750,0.59432800,0.59752450,0.60141920,0.60359300,0.60564320,0.60687700,0.60833120,0.61104780,0.61385900,0.61513400,0.61714150,0.61614050,0.61136030,0.59933850,0.56261600,0.52649300,0.47261170,0.43664330,0.41712950,0.41252700,0.41840130,0.42672980,0.43853920,0.45204300,0.46234130,0.47390670,0.48510170,0.49147480,0.49742870,0.50125280,0.49989380,0.49523150,0.48903520,0.47949470,0.46970620,0.45797300,0.44945770,0.44232100,0.43686600,0.43233550,0.42924280,0.42679200,0.42651150,0.42715250,0.42720920,0.42924880,0.43061400,0.43675200,0.44111350,0.44594270,0.45267370,0.45650800,0.46198600,0.46708930,0.46918850,0.47323820,0.47098550,0.46399050,0.45397430,0.43770100,0.42076970,0.40509300,0.39333500,0.38749600,0.38476380,0.37700950,0.36905700,0.36497380,0.37138000,0.37126200,0.37055300,0.36968550,0.36854470,0.37169100,0.37635350,0.37778220,0.37806280,0.37806320,0.37782980
0.68123930,0.68273530,0.68356930,0.68405600,0.68484800,0.68513200,0.68554400,0.68667770,0.68714130,0.68751830,0.68815630,0.68818600,0.68819470,0.68852000,0.68835100,0.68781070,0.68711330,0.68551430,0.68357430,0.68149130,0.67909000,0.67638270,0.67393800,0.67117600,0.66980770,0.66899970,0.66895970,0.66979670,0.67252270,0.67515930,0.67680270,0.67815900,0.67949870,0.68035470,0.68067170,0.68155970,0.68239330,0.68246270,0.68289670,0.68282030,0.68201170,0.68064030,0.67778400,0.67390930,0.66884900,0.66387230,0.65872100,0.65453370,0.65019800,0.64232130,0.63071300,0.61254870,0.58907000,0.56690000,0.54858600,0.53705170,0.53307800,0.53218430,0.53163970,0.53335270,0.53656870,0.54113800,0.54497300,0.55038670,0.55358200,0.55762470,0.56072030,0.56307900,0.56465570,0.56634670,0.56741600,0.56817100,0.57061900,0.57256500,0.57550400,0.57847770,0.58132730,0.58479430,0.58620570,0.58532470,0.58655430,0.58751300,0.58373870,0.57795630,0.57295700,0.56831100,0.56370570,0.55731570,0.55211170,0.54752670,0.54399130,0.54094530,0.54279300,0.54541130,0.54671530,0.54888070,0.55173230,0.55430130,0.55693970,0.55987930,0.56294200,0.56460270,0.56524200,0.56717170,0.56980600,0.57109370,0.57431970,0.57356600,0.57397800,0.57148470,0.56107630,0.52745670,0.49234030,0.43323030,0.41014070,0.39189900,0.38530730,0.39016230,0.39882170,0.40828370,0.42103700,0.43277700,0.44311870,0.45249970,0.45783000,0.46568900,0.46833200,0.46680630,0.46444930,0.45651130,0.44806730,0.43844830,0.42898570,0.41878100,0.41287370,0.40779070,0.40305970,0.40002400,0.39762270,0.39516700,0.39528370,0.39770000,0.39692430,0.39578900,0.40356570,0.40862300,0.41311630,0.41875370,0.42316730,0.42785070,0.43304730,0.43491200,0.43734670,0.43654770,0.42979230,0.41907400,0.40530530,0.38690930,0.37377970,0.36302430,0.35906800,0.35576030,0.35078370,0.34391200,0.34098630,0.34795900,0.34721330,0.34689700,0.34683800,0.34457170,0.34943870,0.35339830,0.35331670,0.35469800,0.35561100,0.35620870
0.68322820,0.68393300,0.68503180,0.68544200,0.68668200,0.68755050,0.68806580,0.68904000,0.68982280,0.69028480,0.69078150,0.69098120,0.69135750,0.69114850,0.69161020,0.69058030,0.68978680,0.68804980,0.68623120,0.68415300,0.68129130,0.67825580,0.67523600,0.67215080,0.66971600,0.66908670,0.66966900,0.67046400,0.67400580,0.67700270,0.67915330,0.68057480,0.68231300,0.68377200,0.68430020,0.68499350,0.68553500,0.68608650,0.68702400,0.68612250,0.68555100,0.68347800,0.68030820,0.67635600,0.67082980,0.66498270,0.66014770,0.65534480,0.64999880,0.64159500,0.62973050,0.61102150,0.58668520,0.56439530,0.54656200,0.53598750,0.53213550,0.53095670,0.53044850,0.53226450,0.53551100,0.53934570,0.54438100,0.54897970,0.55312400,0.55741170,0.56062900,0.56340820,0.56445400,0.56608630,0.56766850,0.56873550,0.57095450,0.57211120,0.57520480,0.57846900,0.58119650,0.58464170,0.58545820,0.58392600,0.58580980,0.58713500,0.58393280,0.57829000,0.57167200,0.56656820,0.55904050,0.55090850,0.54476580,0.53977950,0.53514350,0.53325530,0.53670300,0.53965970,0.54022880,0.54172030,0.54496370,0.54812820,0.55119250,0.55503950,0.55914850,0.56002230,0.56242000,0.56408430,0.56623600,0.56839400,0.57133130,0.57202900,0.57072920,0.56617780,0.55404520,0.51860800,0.48211800,0.42543050,0.40041800,0.38220550,0.37644830,0.38086250,0.38828830,0.39900900,0.41184720,0.42265030,0.43425900,0.44421580,0.45139770,0.45800900,0.46220220,0.46214730,0.45839680,0.45336220,0.44406800,0.43531170,0.42752500,0.41775000,0.41087250,0.40602700,0.40217420,0.39954370,0.39682730,0.39540750,0.39569730,0.39680800,0.39981330,0.39899800,0.40580270,0.40873720,0.41266730,0.41862930,0.42374730,0.42777350,0.43094030,0.43338550,0.43446550,0.43187580,0.42591300,0.41456420,0.39937680,0.38243580,0.36551270,0.35447300,0.34964280,0.34513500,0.34001120,0.33179650,0.33105000,0.33428300,0.33816680,0.33643530,0.33665420,0.33750100,0.34094050,0.34160900,0.34456980,0.34745950,0.34832430,0.34607030
0.62628190,0.62698500,0.62776430,0.62858550,0.62938670,0.62968350,0.63033150,0.63125800,0.63210330,0.63231120,0.63262100,0.63338950,0.63328570,0.63400000,0.63373580,0.63339820,0.63242380,0.63073900,0.62913500,0.62734180,0.62460530,0.62174300,0.61882550,0.61590820,0.61393680,0.61305180,0.61308800,0.61472930,0.61768850,0.62078850,0.62297250,0.62413450,0.62577130,0.62666000,0.62689930,0.62806500,0.62849450,0.62941200,0.63003320,0.62935170,0.62877380,0.62742980,0.62488700,0.62103280,0.61604420,0.61092370,0.60559550,0.60200820,0.59815530,0.59172120,0.58230050,0.56803380,0.54728180,0.52551950,0.50846480,0.49631350,0.49038320,0.48859600,0.48737650,0.48821970,0.49059350,0.49399350,0.49607150,0.50024480,0.50276470,0.50614450,0.50845450,0.50944800,0.51023170,0.51127750,0.51179650,0.51206970,0.51369100,0.51505480,0.51685250,0.51952070,0.52220520,0.52568280,0.52670600,0.52700250,0.52809820,0.52943630,0.52606120,0.52106620,0.51596700,0.51055530,0.50420900,0.49697920,0.49240600,0.48776270,0.48435430,0.48293700,0.48459750,0.48735700,0.48921050,0.49046300,0.49308950,0.49688400,0.49916050,0.50296300,0.50648780,0.50809630,0.50881900,0.51124100,0.51322270,0.51535530,0.51655420,0.51864580,0.51970550,0.51899900,0.51028150,0.48364720,0.45612450,0.41064530,0.38893580,0.37268950,0.36546700,0.36782720,0.37155650,0.38014520,0.38924420,0.39884280,0.40825650,0.41466430,0.41968870,0.42397750,0.42533300,0.42371350,0.41963420,0.41209100,0.40244280,0.39214900,0.38341300,0.37401820,0.36909120,0.36350550,0.35893230,0.35718450,0.35542300,0.35390600,0.35408620,0.35467270,0.35629670,0.35546600,0.36186530,0.36571720,0.36862930,0.37318920,0.37552720,0.38076850,0.38509070,0.38743380,0.38927680,0.38913780,0.38182600,0.37296080,0.35872780,0.34339600,0.33058680,0.32006350,0.31690900,0.31431700,0.31015000,0.30257100,0.30204920,0.30849750,0.30841400,0.30793430,0.30711500,0.30999550,0.31179920,0.31484550,0.31397650,0.31660530,0.31701730,0.31713900
0.67620530,0.67767180,0.67932350,0.67997500,0.68125770,0.68228980,0.68396580,0.68426750,0.68609900,0.68695300,0.68744780,0.68840750,0.68956500,0.68991530,0.69049250,0.69035630,0.69028330,0.68867020,0.68814230,0.68580830,0.68435850,0.68147750,0.67955470,0.67714800,0.67573470,0.67457580,0.67483970,0.67520920,0.67916600,0.68213970,0.68524930,0.68704530,0.68882000,0.68943550,0.69081200,0.69181700,0.69274620,0.69439450,0.69499920,0.69442630,0.69379650,0.69263500,0.68974270,0.68509900,0.68091800,0.67516120,0.67030220,0.66622470,0.66084980,0.65288400,0.63987670,0.61957470,0.59444500,0.57057720,0.55274600,0.54256630,0.53797380,0.53671250,0.53717820,0.53865700,0.54188670,0.54580020,0.55064450,0.55638650,0.56112650,0.56562100,0.56892100,0.57105870,0.57323770,0.57497800,0.57675300,0.57791230,0.58058780,0.58354420,0.58610550,0.59084630,0.59463180,0.59909600,0.60183650,0.60342930,0.60580620,0.60546250,0.60207600,0.59678650,0.59318900,0.58876930,0.58524000,0.57798670,0.57049820,0.56426700,0.55875970,0.55451820,0.55786450,0.56283720,0.56321900,0.56377250,0.56661750,0.56970830,0.57211970,0.57425570,0.57639720,0.57777370,0.57983870,0.58119530,0.58257820,0.58578770,0.58851150,0.59047300,0.58956500,0.58430630,0.57177100,0.53241250,0.49352170,0.43922780,0.40281370,0.38396650,0.37939950,0.38442030,0.39451800,0.40791600,0.42147550,0.43454630,0.44674480,0.45681050,0.46659100,0.47408130,0.47748970,0.47467630,0.47085870,0.46259500,0.45162370,0.44058280,0.42865630,0.41828580,0.41181120,0.40489400,0.40083150,0.39766950,0.39552250,0.39388450,0.39405350,0.39701430,0.40000920,0.40100200,0.40687200,0.41338370,0.41758850,0.42389220,0.43034250,0.43572050,0.43883050,0.44093830,0.44173420,0.43956750,0.43177000,0.41869700,0.40376550,0.38641900,0.36894820,0.35735020,0.35197000,0.34913730,0.34108250,0.33282770,0.32841050,0.33633120,0.33902780,0.33531200,0.33155200,0.33221200,0.33767900,0.33941580,0.33875250,0.33869470,0.33873580,0.33961700
0.53704050,0.53782220,0.53907140,0.54008000,0.54116260,0.54188160,0.54291060,0.54413780,0.54455380,0.54577680,0.54600220,0.54644980,0.54675880,0.54686900,0.54693160,0.54610940,0.54597720,0.54581840,0.54532980,0.54419400,0.54266460,0.54098840,0.53935480,0.53880860,0.53801960,0.53763000,0.53758940,0.53802880,0.53894000,0.53942800,0.54045220,0.54092120,0.54162820,0.54164740,0.54145260,0.54150900,0.54158840,0.54168780,0.54197300,0.54117280,0.54059860,0.53934480,0.53811520,0.53535500,0.53240700,0.52865240,0.52572660,0.52280240,0.51871040,0.51320280,0.50452540,0.49054340,0.47277460,0.45537780,0.44018500,0.42901760,0.42158800,0.41712120,0.41544680,0.41609860,0.41874080,0.42144380,0.42517180,0.42868680,0.43183560,0.43436720,0.43684040,0.43839680,0.43915460,0.44033480,0.44064620,0.44119300,0.44221740,0.44314920,0.44408160,0.44584740,0.44629620,0.44761220,0.44820920,0.44799680,0.44717300,0.44303400,0.43793840,0.43757640,0.43942240,0.43933840,0.43810160,0.43388100,0.43106260,0.42762100,0.42459240,0.42505940,0.42694660,0.42829820,0.42786820,0.42776140,0.42857420,0.42915020,0.43061240,0.43255120,0.43360100,0.43498940,0.43537100,0.43643000,0.43846340,0.43869400,0.43975660,0.44055360,0.43891500,0.43618660,0.42850080,0.40274900,0.37321600,0.33172140,0.29769580,0.27753960,0.27035420,0.27267340,0.27948340,0.28813320,0.29848480,0.30720680,0.31612500,0.32492340,0.33130740,0.33733520,0.34061440,0.34045780,0.33626220,0.33022160,0.32146620,0.31199280,0.30373120,0.29487540,0.28769100,0.28118120,0.27523640,0.27068600,0.26664560,0.26205080,0.25720820,0.25269500,0.25087740,0.25233260,0.25503920,0.25755840,0.26100240,0.26438180,0.26764900,0.27279440,0.27812960,0.28132420,0.28553360,0.29001900,0.29019880,0.28494340,0.27561020,0.26705720,0.26102740,0.25695080,0.25551000,0.25259660,0.24793220,0.24288460,0.23932940,0.24009300,0.24027180,0.24160340,0.24206960,0.24422060,0.24732560,0.24978400,0.25090300,0.24983860,0.24882360,0.24602380
0.56573790,0.56686520,0.56812250,0.56820780,0.56879550,0.56935950,0.56994120,0.57061870,0.57121620,0.57175130,0.57227950,0.57288230,0.57312750,0.57230230,0.57320850,0.57206250,0.57230400,0.57151970,0.57068780,0.56978320,0.56796330,0.56647750,0.56475870,0.56383150,0.56291650,0.56209180,0.56177200,0.56138120,0.56279580,0.56350450,0.56496050,0.56549450,0.56563950,0.56608820,0.56614600,0.56572550,0.56584250,0.56588020,0.56606730,0.56520420,0.56469050,0.56341470,0.56184620,0.55912650,0.55649250,0.55298000,0.54984550,0.54718200,0.54341530,0.53789000,0.52911970,0.51629800,0.49961270,0.48381680,0.47081400,0.46149770,0.45543100,0.45220030,0.45121250,0.45133100,0.45398770,0.45676470,0.46072150,0.46418100,0.46700850,0.46993350,0.47205170,0.47356500,0.47472670,0.47564330,0.47623200,0.47657270,0.47735100,0.47892880,0.48012650,0.48161580,0.48283650,0.48479950,0.48594450,0.48686770,0.48737250,0.48523050,0.48338080,0.48143830,0.48068600,0.48006300,0.47760800,0.47384870,0.46946120,0.46487520,0.46055170,0.45865700,0.46125130,0.46304970,0.46257820,0.46180100,0.46260000,0.46320020,0.46527700,0.46635870,0.46627100,0.46823800,0.46861280,0.46960700,0.47152750,0.47246430,0.47321770,0.47360930,0.47278850,0.46698380,0.45697180,0.42958000,0.39760930,0.35544870,0.31918850,0.29965780,0.29190800,0.29309020,0.30037630,0.30994820,0.32106000,0.33101900,0.34011550,0.34958030,0.35812750,0.36480830,0.36923330,0.37070900,0.36952130,0.36493550,0.35866200,0.35203580,0.34500900,0.33892450,0.33256920,0.32818170,0.32439770,0.32078200,0.31850650,0.31590420,0.31564670,0.31428170,0.31373900,0.31433980,0.31663720,0.31910620,0.32241900,0.32500880,0.32799070,0.33221850,0.33586150,0.33910280,0.34196270,0.34283150,0.33994100,0.33317950,0.32395280,0.31305780,0.30655680,0.29908750,0.29412230,0.28751470,0.27997550,0.27346000,0.26888220,0.27497850,0.27748070,0.27678200,0.27393000,0.27430500,0.28075780,0.28295580,0.28245470,0.28037350,0.27962670,0.27751200
0.66383990,0.66488030,0.66613430,0.66733770,0.66840900,0.66963630,0.67002630,0.67139600,0.67201800,0.67239770,0.67317200,0.67338770,0.67418900,0.67382800,0.67418300,0.67421700,0.67351370,0.67245300,0.67193470,0.66944770,0.66743300,0.66525970,0.66332700,0.66175470,0.66057200,0.65927600,0.65902300,0.65944230,0.66117900,0.66309970,0.66411730,0.66548370,0.66595730,0.66596970,0.66664670,0.66683770,0.66707470,0.66779630,0.66732530,0.66740570,0.66633130,0.66505000,0.66244930,0.65923770,0.65547130,0.65110100,0.64672270,0.64316600,0.63825530,0.63102600,0.61928300,0.60208630,0.57996870,0.55881670,0.54217030,0.53057770,0.52343000,0.51947100,0.51851430,0.51967770,0.52314800,0.52750130,0.53155830,0.53612500,0.54031400,0.54349470,0.54625100,0.54874500,0.55008870,0.55120630,0.55225200,0.55348230,0.55461200,0.55633800,0.55755700,0.55967900,0.56211930,0.56382670,0.56524070,0.56610930,0.56590430,0.56446930,0.56105070,0.55771270,0.55622930,0.55475600,0.55163700,0.54701700,0.54092370,0.53463530,0.52962070,0.52772770,0.53146070,0.53433170,0.53395830,0.53229130,0.53419770,0.53678870,0.53820400,0.53920770,0.53939570,0.54054100,0.54178830,0.54389630,0.54515470,0.54701000,0.54901030,0.54933770,0.54671730,0.54277870,0.53249300,0.50630400,0.47097970,0.42022200,0.37957800,0.35910630,0.35444830,0.36030770,0.37067330,0.38388600,0.39522700,0.40650730,0.41589230,0.42564770,0.43333500,0.43922430,0.44247230,0.44152570,0.43631200,0.42796700,0.42032630,0.41057170,0.40058230,0.39160130,0.38352300,0.37705500,0.37179400,0.36579000,0.36102100,0.35833330,0.35423330,0.35236670,0.35200400,0.35083470,0.35308830,0.35602870,0.35939970,0.36105570,0.36481470,0.36929070,0.37339330,0.37816530,0.38178970,0.38275470,0.38040770,0.37283300,0.36235030,0.35105000,0.34211930,0.33597800,0.33184670,0.32556600,0.31701630,0.30776970,0.30811330,0.31617270,0.31476070,0.31339800,0.30949130,0.31130900,0.31702900,0.31960900,0.32144200,0.32159830,0.32157900,0.32032170
0.58973980,0.59081530,0.59203650,0.59299630,0.59346200,0.59360280,0.59420780,0.59487000,0.59553370,0.59582000,0.59624400,0.59666900,0.59672920,0.59668020,0.59669450,0.59586070,0.59566480,0.59533950,0.59489350,0.59382880,0.59292370,0.59141550,0.58989450,0.58959380,0.58861500,0.58802220,0.58871750,0.58821370,0.58940780,0.59016350,0.59081600,0.59100750,0.59143550,0.59158120,0.59167050,0.59150520,0.59177430,0.59243180,0.59197850,0.59142980,0.59133000,0.58991020,0.58881550,0.58681070,0.58403380,0.58061650,0.57786150,0.57595300,0.57274950,0.56862880,0.56157450,0.55061270,0.53665050,0.52229100,0.50938800,0.49920700,0.49272420,0.48895580,0.48712250,0.48703370,0.48943380,0.49143400,0.49476470,0.49793980,0.50033780,0.50289400,0.50495450,0.50582400,0.50680330,0.50752430,0.50838570,0.50889020,0.50936630,0.51018220,0.51123230,0.51200900,0.51292020,0.51448750,0.51541200,0.51514520,0.51447720,0.51104300,0.50698350,0.50547850,0.50764850,0.50745970,0.50608500,0.50170380,0.49873000,0.49527650,0.49245220,0.49270100,0.49423650,0.49518700,0.49506000,0.49497200,0.49540180,0.49577530,0.49734250,0.49960300,0.50022770,0.50211070,0.50195000,0.50224870,0.50366330,0.50359750,0.50481950,0.50544650,0.50748300,0.50341330,0.49601000,0.46899850,0.44339300,0.40715000,0.37107220,0.35178920,0.34375270,0.34518230,0.35106600,0.35875050,0.36817470,0.37678530,0.38579080,0.39444950,0.40014170,0.40612600,0.40984250,0.41010600,0.40706580,0.40257750,0.39525470,0.38736850,0.37874770,0.37176750,0.36542850,0.35968980,0.35460050,0.35056850,0.34598400,0.34209520,0.33887020,0.33468150,0.33390600,0.33352050,0.33720070,0.34091380,0.34447220,0.34687600,0.35062780,0.35570250,0.35974450,0.36484670,0.36936480,0.37324500,0.37226630,0.36624920,0.35734530,0.34866400,0.34175100,0.33674980,0.33383200,0.32975600,0.32390330,0.31904870,0.31582950,0.31662800,0.31570680,0.31645570,0.31699250,0.32053000,0.32445420,0.32705320,0.32789750,0.32653000,0.32364730,0.32286280
0.51406910,0.51516800,0.51604060,0.51635780,0.51718900,0.51792840,0.51868740,0.51937420,0.52058680,0.52068740,0.52150380,0.52200780,0.52220440,0.52194260,0.52224680,0.52168460,0.52214240,0.52182020,0.52151180,0.52064600,0.51963920,0.51865180,0.51677620,0.51711120,0.51638980,0.51610220,0.51649340,0.51562140,0.51715280,0.51781400,0.51882860,0.51863120,0.51940880,0.51967020,0.51955000,0.51970760,0.51987040,0.51976460,0.52043120,0.51940880,0.51879640,0.51838440,0.51676320,0.51436280,0.51262900,0.50998140,0.50697220,0.50512540,0.50157360,0.49746020,0.48949380,0.47721120,0.46260840,0.44833220,0.43601000,0.42720660,0.42093320,0.41734160,0.41608200,0.41606500,0.41837120,0.42113380,0.42432840,0.42735440,0.42978960,0.43251880,0.43463640,0.43542200,0.43665440,0.43772440,0.43826840,0.43900760,0.43974380,0.44104060,0.44166880,0.44255480,0.44362640,0.44474540,0.44545580,0.44612000,0.44531520,0.44230100,0.43895900,0.43891660,0.44029800,0.43964860,0.43872060,0.43534800,0.43349420,0.43125360,0.42928060,0.42862000,0.42919220,0.42957240,0.42895700,0.42940760,0.42898460,0.42910320,0.43041000,0.43125140,0.43113720,0.43290860,0.43311740,0.43420480,0.43564620,0.43626000,0.43657700,0.43657480,0.43577540,0.43197560,0.42246000,0.39680880,0.36795680,0.33019140,0.29537820,0.27679380,0.26926360,0.27069380,0.27638560,0.28580900,0.29592320,0.30477440,0.31344540,0.32102500,0.32812760,0.33467680,0.33768080,0.33924040,0.33637920,0.33209340,0.32525640,0.31802300,0.31125380,0.30474300,0.29893720,0.29382060,0.28869400,0.28574480,0.28207280,0.27794360,0.27612040,0.27236740,0.27170000,0.27171600,0.27424100,0.27645460,0.27945660,0.28122580,0.28402020,0.28852660,0.29187160,0.29618860,0.29987400,0.30249340,0.30274640,0.29815560,0.28891400,0.28154980,0.27752480,0.27419220,0.27343280,0.27052220,0.26694680,0.26287120,0.25943060,0.26078620,0.26050240,0.25884080,0.26018760,0.26168920,0.26542560,0.26710600,0.26615920,0.26473820,0.26363700,0.26241840
0.54022370,0.54036040,0.54076640,0.54136330,0.54185800,0.54184140,0.54224400,0.54260700,0.54275490,0.54336590,0.54346670,0.54340590,0.54335630,0.54315460,0.54364360,0.54252140,0.54303740,0.54268560,0.54208600,0.54119990,0.54066730,0.53998340,0.53838410,0.53815510,0.53771870,0.53702410,0.53739170,0.53695460,0.53771700,0.53807310,0.53861630,0.53820770,0.53841390,0.53898810,0.53863690,0.53810930,0.53823970,0.53815670,0.53804570,0.53732830,0.53731870,0.53663060,0.53538530,0.53408490,0.53279900,0.53040510,0.52847010,0.52682490,0.52425110,0.52216110,0.51703870,0.50964330,0.50005690,0.49049590,0.48159010,0.47401460,0.46930040,0.46677590,0.46498810,0.46496840,0.46679130,0.46766110,0.47003910,0.47176390,0.47370530,0.47522310,0.47642730,0.47719830,0.47769770,0.47854630,0.47834800,0.47878510,0.47911210,0.48008970,0.48026660,0.48143740,0.48130590,0.48223160,0.48292810,0.48330390,0.48273800,0.48040930,0.47811300,0.47684900,0.47805500,0.47728800,0.47632290,0.47292910,0.47143360,0.46932590,0.46716260,0.46625310,0.46720790,0.46820970,0.46796970,0.46789860,0.46828070,0.46868270,0.46939690,0.47072370,0.47009940,0.47192000,0.47060900,0.47151610,0.47353470,0.47362930,0.47418110,0.47445970,0.47308190,0.47212430,0.46691470,0.44718140,0.42736770,0.39878610,0.37446870,0.35719240,0.35047240,0.35101290,0.35624310,0.36227270,0.37095300,0.37740490,0.38400410,0.39118810,0.39503770,0.40048030,0.40341000,0.40298490,0.40047840,0.39686370,0.39073790,0.38370040,0.37774790,0.37136530,0.36607230,0.36220390,0.35797390,0.35533170,0.35160300,0.34914760,0.34608500,0.34303760,0.34231310,0.34210270,0.34493800,0.34655540,0.34823310,0.34969940,0.35139540,0.35611590,0.35924340,0.36175960,0.36591770,0.36817860,0.36716870,0.36196560,0.35462390,0.34590270,0.34083130,0.33700860,0.33569690,0.33357440,0.32900430,0.32511140,0.32179200,0.32408130,0.32378100,0.32314540,0.32359330,0.32482960,0.32872270,0.33114240,0.33120960,0.32941990,0.32773800,0.32662310
0.56847110,0.56969000,0.57081700,0.57171700,0.57263230,0.57359200,0.57451500,0.57540970,0.57635570,0.57694570,0.57765600,0.57779500,0.57858400,0.57882230,0.57958470,0.57934600,0.57902270,0.57895330,0.57823970,0.57687070,0.57514230,0.57384730,0.57287400,0.57174370,0.57115100,0.57074330,0.57072330,0.57084830,0.57232870,0.57320970,0.57408430,0.57490130,0.57568830,0.57567300,0.57575970,0.57574530,0.57595130,0.57629630,0.57640670,0.57541400,0.57469400,0.57371430,0.57213500,0.56976330,0.56677770,0.56403300,0.56093500,0.55767530,0.55391430,0.54796270,0.53866070,0.52503800,0.50765070,0.49113730,0.47742130,0.46773200,0.46189530,0.45905900,0.45765070,0.45856430,0.46096000,0.46425700,0.46774800,0.47162270,0.47533500,0.47844300,0.48088570,0.48240570,0.48411400,0.48486900,0.48546170,0.48679370,0.48752700,0.48876500,0.49034670,0.49265100,0.49455630,0.49581530,0.49757870,0.49876400,0.49858730,0.49825130,0.49563730,0.49427670,0.49344770,0.49175430,0.48925230,0.48579000,0.48228400,0.47768230,0.47416800,0.47205270,0.47347270,0.47547030,0.47490130,0.47396130,0.47509600,0.47623700,0.47753230,0.47867900,0.48023470,0.48098200,0.48165470,0.48346100,0.48539400,0.48667630,0.48741100,0.48775700,0.48543970,0.47914370,0.46794930,0.43945630,0.40453230,0.35819730,0.32245000,0.30003830,0.28988700,0.29064400,0.29708570,0.30640030,0.31793630,0.32808070,0.33918800,0.34949670,0.35762200,0.36563970,0.37089130,0.37357070,0.37252030,0.36919830,0.36368630,0.35818700,0.35038770,0.34429430,0.33977370,0.33523400,0.33251200,0.32928430,0.32724200,0.32598970,0.32497070,0.32509100,0.32580070,0.32721130,0.32939330,0.33236700,0.33487870,0.33904000,0.34171270,0.34545930,0.34901930,0.35283900,0.35618030,0.35757230,0.35443470,0.34672370,0.33595700,0.32437530,0.31703830,0.31034200,0.30467200,0.29945130,0.29133700,0.28514500,0.28179330,0.28680370,0.28680000,0.28587070,0.28404630,0.28579430,0.28941600,0.29157600,0.29088100,0.29070570,0.28699970,0.28487530
0.57971970,0.58145730,0.58322630,0.58421880,0.58561250,0.58674770,0.58782800,0.58884520,0.58987920,0.59071250,0.59113350,0.59175930,0.59235400,0.59254100,0.59259230,0.59250080,0.59257100,0.59142580,0.59143400,0.59060070,0.58949670,0.58806280,0.58669730,0.58613400,0.58531770,0.58515670,0.58515900,0.58452500,0.58610930,0.58686120,0.58780980,0.58828280,0.58875970,0.58918850,0.58868980,0.58893620,0.58887800,0.58870000,0.58951770,0.58895900,0.58848600,0.58723930,0.58622500,0.58320980,0.58046170,0.57703820,0.57333730,0.57112950,0.56697150,0.56241130,0.55392980,0.54088550,0.52375970,0.50625250,0.49085480,0.47979400,0.47188920,0.46756870,0.46662080,0.46731320,0.47049380,0.47358600,0.47789820,0.48119980,0.48465580,0.48772070,0.49026530,0.49193520,0.49276530,0.49405280,0.49441500,0.49559400,0.49651430,0.49793070,0.49860900,0.50042020,0.50155200,0.50327480,0.50348120,0.50363130,0.50254950,0.49851400,0.49334770,0.49185050,0.49309480,0.49325100,0.49157980,0.48839300,0.48623980,0.48380630,0.48110530,0.47955170,0.48119230,0.48354470,0.48341730,0.48324300,0.48394870,0.48491420,0.48611850,0.48715070,0.48788000,0.48868430,0.48944570,0.48955300,0.49110250,0.49134350,0.49272380,0.49387050,0.49395580,0.49089820,0.48196630,0.45064480,0.42170230,0.36800950,0.34219450,0.32303520,0.31580330,0.32073350,0.32853070,0.33903320,0.35023970,0.36066170,0.36863500,0.37676750,0.38342380,0.39030580,0.39187080,0.39136620,0.38654370,0.37904500,0.36899930,0.35889930,0.34881670,0.33912650,0.33256430,0.32625830,0.32091120,0.31574420,0.31052720,0.30617330,0.30147100,0.29704000,0.29436180,0.29187480,0.29797520,0.30036880,0.30288670,0.30594430,0.31022650,0.31484420,0.31987300,0.32433400,0.32963420,0.33307770,0.33278170,0.32703050,0.31836170,0.30781900,0.30153850,0.29838950,0.29656050,0.29388870,0.28811270,0.28280050,0.27974780,0.28239450,0.28210820,0.28097570,0.28247180,0.28540850,0.29031320,0.29286170,0.29177720,0.29086750,0.28889170,0.28710570
0.53285700,0.53337440,0.53424900,0.53480920,0.53529040,0.53582180,0.53599170,0.53687500,0.53723650,0.53767860,0.53798680,0.53812750,0.53821420,0.53814960,0.53852590,0.53731530,0.53756990,0.53719430,0.53686110,0.53607780,0.53486160,0.53376690,0.53219510,0.53182910,0.53115220,0.53047440,0.53075630,0.53066630,0.53151950,0.53184930,0.53263940,0.53306630,0.53335320,0.53333090,0.53311350,0.53295330,0.53317870,0.53332860,0.53320620,0.53288310,0.53256460,0.53156660,0.53079110,0.52853010,0.52631460,0.52358830,0.52110270,0.51930810,0.51611930,0.51296710,0.50703370,0.49681600,0.48433140,0.47193100,0.46045300,0.45197960,0.44573130,0.44268670,0.44107860,0.44120400,0.44288660,0.44530480,0.44798060,0.45049550,0.45236490,0.45498960,0.45630200,0.45726930,0.45862810,0.45924560,0.45985750,0.46021770,0.46018720,0.46175890,0.46197540,0.46361000,0.46420210,0.46486710,0.46539470,0.46611980,0.46514460,0.46192460,0.45849340,0.45812410,0.45963730,0.45887410,0.45718900,0.45343350,0.45135360,0.44789160,0.44562320,0.44494060,0.44709390,0.44761550,0.44795560,0.44788410,0.44798160,0.44888370,0.45047260,0.45143030,0.45184780,0.45385410,0.45415670,0.45412900,0.45633910,0.45622540,0.45751890,0.45745950,0.45689020,0.45433680,0.44787610,0.42384610,0.40137580,0.36833560,0.33833290,0.32037140,0.31317930,0.31498300,0.32005290,0.32776790,0.33692720,0.34489390,0.35254420,0.36048060,0.36581960,0.37134470,0.37390620,0.37385290,0.37102200,0.36581900,0.35795780,0.35089900,0.34349570,0.33612790,0.32939840,0.32466010,0.32045220,0.31664500,0.31249590,0.30899620,0.30523890,0.30194350,0.30154030,0.30192710,0.30413650,0.30643520,0.30841350,0.31087370,0.31358900,0.31791700,0.32255400,0.32569570,0.32992030,0.33276980,0.33170620,0.32597560,0.31763670,0.30881120,0.30211510,0.29911700,0.29740430,0.29364510,0.28913960,0.28452070,0.28117500,0.28269310,0.28284310,0.28333850,0.28320970,0.28504090,0.28873060,0.29051110,0.29154380,0.29024550,0.28910810,0.28796170
0.67274460,0.67449720,0.67623830,0.67764350,0.67893230,0.68007750,0.68129420,0.68259300,0.68326720,0.68418900,0.68514600,0.68542850,0.68589070,0.68616420,0.68668730,0.68662350,0.68641170,0.68570700,0.68525700,0.68340780,0.68173970,0.67971550,0.67842370,0.67721700,0.67629530,0.67519750,0.67521100,0.67585830,0.67698300,0.67863280,0.68007720,0.68118150,0.68157080,0.68185720,0.68191430,0.68211730,0.68272870,0.68277400,0.68243280,0.68260930,0.68178650,0.68061700,0.67874000,0.67665350,0.67307230,0.66904030,0.66620020,0.66219250,0.65825620,0.65184070,0.64225120,0.62695700,0.60794030,0.59025150,0.57567080,0.56581500,0.55913650,0.55452950,0.55342880,0.55497430,0.55760280,0.56168150,0.56530850,0.56906580,0.57270120,0.57645830,0.57919850,0.58081000,0.58220250,0.58352420,0.58457870,0.58524850,0.58633250,0.58706050,0.58868070,0.59043670,0.59211880,0.59394150,0.59493000,0.59558730,0.59563580,0.59394350,0.59135270,0.58872970,0.58701520,0.58556720,0.58209100,0.57716200,0.57139680,0.56495600,0.56073800,0.55924880,0.56285950,0.56557770,0.56537820,0.56507770,0.56580480,0.56932750,0.57053800,0.57078500,0.57198500,0.57271020,0.57390670,0.57509200,0.57710820,0.57896570,0.57970400,0.58019650,0.57920150,0.57474250,0.56445030,0.53668330,0.50396650,0.45596880,0.41414420,0.39487880,0.39096300,0.39704380,0.40745380,0.41845450,0.43037700,0.44102720,0.45000420,0.45940100,0.46682550,0.47270700,0.47667550,0.47663550,0.47255750,0.46705250,0.45790780,0.44949130,0.44099900,0.43295000,0.42690600,0.42098230,0.41502950,0.40956900,0.40548600,0.40055200,0.39756320,0.39494020,0.39317650,0.39258250,0.39332950,0.39496000,0.39746500,0.40023400,0.40314330,0.40671220,0.41196770,0.41658550,0.42000550,0.42126200,0.41907420,0.41270200,0.40187130,0.39194480,0.38278970,0.37684850,0.37106450,0.36595300,0.35374230,0.34620700,0.34483430,0.35293420,0.35456400,0.35223100,0.34816120,0.34956180,0.35768600,0.36046180,0.36077900,0.36038920,0.35992950,0.35807770
0.52218370,0.52287230,0.52384730,0.52455400,0.52487130,0.52558130,0.52614230,0.52700700,0.52699930,0.52752530,0.52810570,0.52836530,0.52841900,0.52839000,0.52896800,0.52787430,0.52826500,0.52764430,0.52689270,0.52578930,0.52406570,0.52286300,0.52116370,0.52065100,0.51969770,0.51938800,0.51947870,0.51925030,0.52032370,0.52085870,0.52174500,0.52221700,0.52233130,0.52293830,0.52257330,0.52259570,0.52267400,0.52288500,0.52307330,0.52208630,0.52179530,0.52043500,0.51940370,0.51712070,0.51461270,0.51147300,0.50868970,0.50718170,0.50310100,0.49767600,0.48913630,0.47617700,0.46006370,0.44480430,0.43174870,0.42297030,0.41717470,0.41371300,0.41212670,0.41191400,0.41431130,0.41724670,0.42090400,0.42408600,0.42738170,0.42994370,0.43201830,0.43323830,0.43469700,0.43587130,0.43628730,0.43723770,0.43804470,0.43974370,0.44032530,0.44210330,0.44395070,0.44523430,0.44657500,0.44826730,0.44886570,0.44808770,0.44714830,0.44519330,0.44475330,0.44337530,0.44110400,0.43750870,0.43448300,0.43080000,0.42823330,0.42760400,0.42932230,0.42964100,0.42831000,0.42885270,0.42885200,0.42860000,0.43031200,0.43154700,0.43189700,0.43408300,0.43455270,0.43560900,0.43739070,0.43820530,0.43920600,0.43945730,0.43786230,0.43515470,0.42698430,0.40014100,0.37174170,0.33136300,0.29943000,0.28120030,0.27553200,0.27829030,0.28525230,0.29416830,0.30386400,0.31338500,0.32183470,0.33056700,0.33721700,0.34315030,0.34656170,0.34671630,0.34392270,0.34005230,0.33386000,0.32650100,0.31941400,0.31291270,0.30672770,0.30207570,0.29790730,0.29406530,0.29097400,0.28882130,0.28703470,0.28595900,0.28552900,0.28567300,0.28629500,0.28827030,0.28926800,0.29176100,0.29353070,0.29779130,0.30163200,0.30438930,0.30885700,0.31018730,0.31018630,0.30391800,0.29736400,0.28964830,0.28367570,0.27899970,0.27632800,0.27264830,0.26697900,0.26332430,0.26127030,0.26416730,0.26467970,0.26355800,0.26357270,0.26408130,0.26790130,0.27107130,0.27123700,0.27280530,0.26909130,0.26582100
0.56698250,0.56836500,0.56968320,0.57070680,0.57156980,0.57229550,0.57322570,0.57394070,0.57473520,0.57527380,0.57561330,0.57600620,0.57640220,0.57661700,0.57673070,0.57645880,0.57629480,0.57535930,0.57525900,0.57432620,0.57328420,0.57187750,0.57065450,0.56992330,0.56924580,0.56888720,0.56883420,0.56861580,0.56984430,0.57065380,0.57130370,0.57176930,0.57232400,0.57264950,0.57246550,0.57236050,0.57237730,0.57224700,0.57280850,0.57267830,0.57212970,0.57124720,0.57026530,0.56755400,0.56526780,0.56209130,0.55868400,0.55659230,0.55298900,0.54884170,0.54143430,0.52996000,0.51427530,0.49830450,0.48391950,0.47294380,0.46511450,0.46072430,0.45924620,0.45997870,0.46263600,0.46560280,0.46946820,0.47252380,0.47565970,0.47826520,0.48051650,0.48209480,0.48278650,0.48386730,0.48412920,0.48500730,0.48584820,0.48719880,0.48788050,0.48990180,0.49099300,0.49222020,0.49284200,0.49312350,0.49214130,0.48844850,0.48368430,0.48239050,0.48355950,0.48399820,0.48224350,0.47891750,0.47638650,0.47373120,0.47097780,0.46978380,0.47173170,0.47370370,0.47376750,0.47373630,0.47454020,0.47579350,0.47687600,0.47814950,0.47938880,0.47995670,0.48073250,0.48135550,0.48282000,0.48317270,0.48444820,0.48563670,0.48567300,0.48363650,0.47517900,0.44322250,0.41588470,0.36706230,0.34614220,0.32667330,0.31849920,0.32147570,0.32774820,0.33682630,0.34684650,0.35647720,0.36428920,0.37152730,0.37813780,0.38421170,0.38525420,0.38550030,0.38071970,0.37405980,0.36481720,0.35565420,0.34541130,0.33559350,0.32912580,0.32281880,0.31837200,0.31325720,0.30817570,0.30392180,0.29907770,0.29464220,0.29220500,0.28971300,0.29574300,0.29908830,0.30093050,0.30383370,0.30888020,0.31275080,0.31782420,0.32249680,0.32770450,0.33117500,0.33125280,0.32580970,0.31674130,0.30653220,0.30019180,0.29653870,0.29498720,0.29216970,0.28635900,0.28056100,0.27710630,0.28028750,0.28011000,0.27970270,0.28070150,0.28348920,0.28833950,0.29003470,0.28944780,0.28925550,0.28832350,0.28496080
0.55051380,0.55172370,0.55340730,0.55410570,0.55491500,0.55547670,0.55654000,0.55719520,0.55750820,0.55846020,0.55880620,0.55913450,0.55940850,0.55936450,0.55974400,0.55909050,0.55924750,0.55877320,0.55836430,0.55695050,0.55528250,0.55417930,0.55252880,0.55176580,0.55084830,0.55037000,0.55059920,0.55023920,0.55172470,0.55247000,0.55361950,0.55391930,0.55383850,0.55444450,0.55425520,0.55461130,0.55454750,0.55422450,0.55443620,0.55411700,0.55358570,0.55195080,0.55059970,0.54808050,0.54555870,0.54265070,0.53984100,0.53771500,0.53342900,0.52813680,0.51908950,0.50580920,0.48957680,0.47391300,0.46107050,0.45267220,0.44679650,0.44389170,0.44288230,0.44349850,0.44583850,0.44901670,0.45270670,0.45630350,0.45903900,0.46220970,0.46497250,0.46618700,0.46725270,0.46852100,0.46885470,0.46993650,0.47056320,0.47250300,0.47317450,0.47459820,0.47555150,0.47705120,0.47834400,0.47985150,0.47961850,0.47810650,0.47514530,0.47353370,0.47290800,0.47191170,0.46967950,0.46590400,0.46319230,0.45954930,0.45548850,0.45390930,0.45557320,0.45678250,0.45670780,0.45572980,0.45626950,0.45754680,0.45929780,0.45953650,0.46000430,0.46202500,0.46207000,0.46339650,0.46562250,0.46693930,0.46723580,0.46760750,0.46518730,0.45969780,0.45001670,0.42222430,0.38880000,0.34784650,0.31112550,0.29250430,0.28563950,0.28823900,0.29613620,0.30590000,0.31707330,0.32712570,0.33602430,0.34537050,0.35356720,0.36075730,0.36490350,0.36653370,0.36346900,0.36079620,0.35535450,0.34911820,0.34157850,0.33604850,0.33107800,0.32613980,0.32265200,0.31971470,0.31602800,0.31481580,0.31218130,0.31027380,0.30922350,0.30810650,0.31146080,0.31318150,0.31488850,0.31796280,0.31997550,0.32375470,0.32689020,0.33126930,0.33314430,0.33577650,0.33312100,0.32653750,0.31675200,0.30765130,0.30156020,0.29627650,0.29235420,0.28536350,0.28057470,0.27410000,0.27109200,0.27706880,0.27821700,0.27618380,0.27533830,0.27664380,0.28039980,0.28328500,0.28341130,0.28308130,0.28025250,0.27946980
0.57729750,0.57858650,0.58020870,0.58132700,0.58249230,0.58316020,0.58450400,0.58553370,0.58599550,0.58678000,0.58792030,0.58856750,0.58827530,0.58876550,0.58930800,0.58862970,0.58905020,0.58878700,0.58784730,0.58696520,0.58593020,0.58533200,0.58388580,0.58355480,0.58336000,0.58304350,0.58344550,0.58382180,0.58481450,0.58557120,0.58619700,0.58638480,0.58636430,0.58686930,0.58684650,0.58678380,0.58708720,0.58732050,0.58716980,0.58659500,0.58562330,0.58459250,0.58325970,0.58115750,0.57913970,0.57662750,0.57410400,0.57190930,0.56832500,0.56269730,0.55407070,0.54079100,0.52547870,0.51207600,0.50168800,0.49542150,0.49137280,0.48943900,0.48814450,0.48872000,0.49172180,0.49481700,0.49791550,0.50141170,0.50445930,0.50680730,0.50908300,0.51055070,0.51222670,0.51347600,0.51419900,0.51475550,0.51556150,0.51734200,0.51755130,0.51895000,0.52028550,0.52134120,0.52182850,0.52240650,0.52284930,0.52163250,0.52014900,0.51858400,0.51696000,0.51557200,0.51355650,0.51023000,0.50695250,0.50383220,0.50071550,0.49943030,0.50079630,0.50122220,0.50049450,0.50074020,0.49989680,0.49972100,0.50138400,0.50139750,0.50115720,0.50314950,0.50357550,0.50323870,0.50477500,0.50509700,0.50588600,0.50537430,0.50254000,0.49875150,0.48835500,0.46076300,0.42604480,0.38060470,0.34593080,0.32773170,0.32319280,0.32727280,0.33607320,0.34581550,0.35641280,0.36720870,0.37730270,0.38592980,0.39295770,0.40029470,0.40607500,0.40835670,0.40815220,0.40675300,0.40332420,0.39830750,0.39345680,0.38902830,0.38542370,0.38148700,0.37746670,0.37483920,0.37119680,0.37063730,0.36871650,0.36765230,0.36736730,0.36709100,0.36846570,0.37003450,0.37116950,0.37313170,0.37569150,0.37913200,0.38181100,0.38356700,0.38544550,0.38656000,0.38460400,0.37804770,0.36837280,0.36020400,0.35268100,0.34865970,0.34535450,0.34104820,0.33360150,0.32848380,0.32774720,0.32975850,0.33111500,0.32967170,0.32666600,0.32788680,0.33170430,0.33268100,0.33193350,0.33057300,0.33001700,0.32739680
0.54616070,0.54755700,0.54921960,0.55062860,0.55179380,0.55275800,0.55364840,0.55496380,0.55553760,0.55674240,0.55743480,0.55787900,0.55831440,0.55845760,0.55933760,0.55825080,0.55884400,0.55859140,0.55809700,0.55700560,0.55603940,0.55508000,0.55340840,0.55341200,0.55300020,0.55221240,0.55260440,0.55220120,0.55347440,0.55390340,0.55459260,0.55520580,0.55517320,0.55555260,0.55545360,0.55538160,0.55578640,0.55547180,0.55551960,0.55462900,0.55459960,0.55328780,0.55222740,0.55060480,0.54864440,0.54667560,0.54393160,0.54206400,0.53894620,0.53471580,0.52817520,0.51790140,0.50496880,0.49400560,0.48459280,0.47900340,0.47528680,0.47386540,0.47284700,0.47315760,0.47540520,0.47691640,0.47993640,0.48241640,0.48494400,0.48675840,0.48865140,0.48961040,0.49053480,0.49154620,0.49265120,0.49282660,0.49330020,0.49440200,0.49503840,0.49656880,0.49744740,0.49850860,0.49941120,0.49963280,0.50013640,0.49916780,0.49823000,0.49683040,0.49493560,0.49302340,0.49127960,0.48771420,0.48499420,0.48115760,0.47811480,0.47643860,0.47855900,0.47863820,0.47844140,0.47781800,0.47802740,0.47886760,0.47966200,0.48080160,0.48112860,0.48241660,0.48233580,0.48268500,0.48492900,0.48438960,0.48547300,0.48592560,0.48482200,0.48143120,0.47389900,0.44939320,0.42252060,0.38559980,0.35605860,0.33950860,0.33391180,0.33726360,0.34350560,0.35180300,0.36146700,0.37076080,0.37926320,0.38721860,0.39359300,0.39858140,0.40277760,0.40546120,0.40368140,0.40234780,0.39801820,0.39344800,0.38785820,0.38347980,0.37905460,0.37634580,0.37386000,0.37250540,0.36981200,0.36940060,0.36954620,0.36943540,0.36980880,0.37004720,0.37206000,0.37248160,0.37389980,0.37561820,0.37787360,0.38000560,0.38329020,0.38515600,0.38596840,0.38708140,0.38376680,0.37716280,0.36807780,0.35929440,0.35194780,0.34606920,0.34143880,0.33706360,0.33147780,0.32505360,0.32373960,0.32701720,0.32800520,0.32684000,0.32465540,0.32605560,0.32868660,0.33063340,0.33075080,0.32910000,0.32777440,0.32655460
0.53319120,0.53363530,0.53413800,0.53420830,0.53433400,0.53460990,0.53491250,0.53517910,0.53555720,0.53576480,0.53603670,0.53595800,0.53598620,0.53554310,0.53589580,0.53465470,0.53495730,0.53449240,0.53414100,0.53303270,0.53227430,0.53126800,0.53010260,0.52959570,0.52887480,0.52841130,0.52868810,0.52788020,0.52907970,0.52886940,0.52976050,0.52976010,0.52980750,0.52994630,0.52991930,0.52959620,0.52954440,0.52975570,0.53002590,0.52916770,0.52885030,0.52769270,0.52667230,0.52495650,0.52362430,0.52093770,0.51929590,0.51750380,0.51499680,0.51217090,0.50732530,0.49870210,0.48834300,0.47773720,0.46779980,0.46064930,0.45546440,0.45257550,0.45098030,0.45081990,0.45246200,0.45382930,0.45628520,0.45904620,0.46007570,0.46181530,0.46332380,0.46449460,0.46496990,0.46543520,0.46563900,0.46584980,0.46619630,0.46749630,0.46812340,0.46913150,0.46931720,0.47016540,0.47040690,0.47108040,0.47083090,0.46808180,0.46526360,0.46499790,0.46587720,0.46522650,0.46422010,0.46076810,0.45890880,0.45630390,0.45402780,0.45290850,0.45467850,0.45550840,0.45498500,0.45529740,0.45550670,0.45598800,0.45707620,0.45827180,0.45861190,0.46037800,0.45994360,0.46088870,0.46183970,0.46187500,0.46309330,0.46279180,0.46276300,0.46136270,0.45555660,0.43553770,0.41614530,0.38697300,0.36182070,0.34523460,0.33787580,0.33841950,0.34303270,0.34956750,0.35859990,0.36460120,0.37196830,0.37833900,0.38375230,0.38828910,0.39084150,0.39085230,0.38822780,0.38426850,0.37839070,0.37079860,0.36485930,0.35785310,0.35203090,0.34852580,0.34354750,0.34029960,0.33745170,0.33362520,0.33091200,0.32790500,0.32684010,0.32676080,0.32984390,0.33282290,0.33433680,0.33574310,0.33901920,0.34190750,0.34601040,0.34869310,0.35212930,0.35472660,0.35318610,0.34816270,0.34002730,0.33226630,0.32646520,0.32323630,0.32026550,0.31797350,0.31338760,0.30725140,0.30613890,0.30630180,0.30735450,0.30683740,0.30722990,0.30824130,0.31231720,0.31416220,0.31468660,0.31355180,0.31241320,0.31047030
0.56395210,0.56413100,0.56481350,0.56507200,0.56530350,0.56552450,0.56561580,0.56612800,0.56595500,0.56660270,0.56680550,0.56678870,0.56652800,0.56615270,0.56633620,0.56520280,0.56521430,0.56517380,0.56390920,0.56295580,0.56194080,0.56045530,0.55861830,0.55790820,0.55738780,0.55641980,0.55654780,0.55650600,0.55725820,0.55766670,0.55846870,0.55845850,0.55841500,0.55886530,0.55866270,0.55822620,0.55867430,0.55813920,0.55863120,0.55789020,0.55747250,0.55652900,0.55523720,0.55303480,0.55123220,0.54769480,0.54527470,0.54340280,0.54029170,0.53700430,0.53103270,0.52098350,0.50728500,0.49310970,0.47991530,0.46931050,0.46189520,0.45786470,0.45530220,0.45459270,0.45661770,0.45839370,0.46056800,0.46329620,0.46523050,0.46729280,0.46871950,0.46972900,0.47043730,0.47074080,0.47098450,0.47135680,0.47210430,0.47316070,0.47406370,0.47489450,0.47602170,0.47726320,0.47805080,0.47876250,0.47826980,0.47494620,0.47169000,0.47169070,0.47333330,0.47282800,0.47066420,0.46672500,0.46516170,0.46283570,0.46067220,0.46002620,0.46199650,0.46232180,0.46263780,0.46312470,0.46284420,0.46421100,0.46537170,0.46719680,0.46756580,0.46959170,0.46964270,0.47029300,0.47225700,0.47320880,0.47447100,0.47498950,0.47456430,0.47289180,0.46610170,0.44384800,0.42074820,0.38809850,0.35997250,0.34198680,0.33253420,0.33241030,0.33670850,0.34381370,0.35244130,0.36013170,0.36766800,0.37487330,0.38013630,0.38487350,0.38710620,0.38558550,0.38020180,0.37312250,0.36388630,0.35411220,0.34433050,0.33622130,0.32900780,0.32274070,0.31750830,0.31452200,0.31018430,0.30690130,0.30230180,0.29922450,0.29858030,0.29789900,0.30183750,0.30378120,0.30659480,0.30795270,0.31209500,0.31651470,0.32122030,0.32557300,0.33098680,0.33444870,0.33407200,0.32982850,0.31989050,0.30998520,0.30409070,0.29997320,0.29849100,0.29575580,0.29178120,0.28750050,0.28429330,0.28684830,0.28558550,0.28695570,0.28695850,0.28944500,0.29533050,0.29690800,0.29765580,0.29660520,0.29493070,0.29169180
0.56432680,0.56552460,0.56730580,0.56836260,0.56912520,0.57012280,0.57142880,0.57268600,0.57308660,0.57457180,0.57505260,0.57569260,0.57628960,0.57649000,0.57723900,0.57684060,0.57732800,0.57678060,0.57680680,0.57554760,0.57385320,0.57280320,0.57112760,0.57050140,0.56980820,0.56924660,0.56994560,0.56965380,0.57160100,0.57276740,0.57390720,0.57442380,0.57483480,0.57551860,0.57569100,0.57623220,0.57637440,0.57595540,0.57653080,0.57644860,0.57598120,0.57420380,0.57311320,0.57035580,0.56753860,0.56418120,0.56116520,0.55883800,0.55443180,0.54949340,0.54021800,0.52651060,0.50930260,0.49218300,0.47779100,0.46800600,0.46107900,0.45760580,0.45623440,0.45658240,0.45895180,0.46200960,0.46570620,0.46909760,0.47220060,0.47523560,0.47787680,0.47949680,0.48037500,0.48168420,0.48177540,0.48294680,0.48334860,0.48516000,0.48618300,0.48786560,0.48882700,0.49033600,0.49209380,0.49377200,0.49392200,0.49251100,0.49001460,0.48814080,0.48755440,0.48635120,0.48372600,0.47935320,0.47668620,0.47260700,0.46865220,0.46679540,0.46852560,0.46993700,0.46997220,0.46925520,0.46981320,0.47085440,0.47346240,0.47402380,0.47430660,0.47650940,0.47700820,0.47803240,0.48058760,0.48205080,0.48297320,0.48286400,0.48031880,0.47514120,0.46579000,0.44134760,0.41018360,0.36715360,0.32993440,0.30932400,0.30118480,0.30329620,0.30946040,0.31913780,0.32934840,0.33890780,0.34728860,0.35643100,0.36436340,0.37142840,0.37612080,0.37728660,0.37290320,0.36870460,0.36135900,0.35365300,0.34551780,0.33959520,0.33383740,0.32839520,0.32450620,0.32089700,0.31724260,0.31665380,0.31424280,0.31300880,0.31268860,0.31325380,0.31590660,0.31796920,0.32089580,0.32332840,0.32523440,0.33007340,0.33379920,0.33761100,0.34076980,0.34289420,0.33996860,0.33362600,0.32425240,0.31294820,0.30528960,0.30002360,0.29594240,0.29007580,0.28479480,0.27841720,0.27600700,0.28076360,0.28065380,0.28256820,0.27994780,0.28072060,0.28526300,0.28722360,0.28816580,0.28746200,0.28592880,0.28423120
0.58008680,0.58174980,0.58364400,0.58518200,0.58692520,0.58805920,0.58947180,0.59120140,0.59239440,0.59377980,0.59540320,0.59638680,0.59727300,0.59771520,0.59862340,0.59857860,0.59922520,0.59930120,0.59877580,0.59814880,0.59707460,0.59607200,0.59529240,0.59484220,0.59450280,0.59470680,0.59533740,0.59635460,0.59803440,0.59932120,0.60136060,0.60182920,0.60292040,0.60377320,0.60426060,0.60434480,0.60504280,0.60511540,0.60618560,0.60545980,0.60540220,0.60457300,0.60286760,0.60062440,0.59755140,0.59397760,0.59149300,0.58896340,0.58461920,0.57842840,0.56791140,0.55245360,0.53432100,0.51768920,0.50352260,0.49442380,0.48958940,0.48655360,0.48578420,0.48702340,0.49058700,0.49373260,0.49852300,0.50254400,0.50631600,0.50979940,0.51241180,0.51468900,0.51577860,0.51722440,0.51847200,0.51910800,0.52050100,0.52226760,0.52318820,0.52508820,0.52651380,0.52815940,0.52896000,0.52995960,0.52983140,0.52831360,0.52466780,0.52245100,0.52039600,0.51913040,0.51641820,0.51327500,0.50959720,0.50565520,0.50152640,0.49906440,0.50118900,0.50318840,0.50297720,0.50293780,0.50346320,0.50492760,0.50675440,0.50735900,0.50791740,0.50988360,0.51001060,0.51046820,0.51399760,0.51477340,0.51457180,0.51549020,0.51329860,0.50824520,0.49577880,0.46492280,0.42815360,0.37755900,0.33924440,0.31878660,0.31217120,0.31545060,0.32417100,0.33623600,0.34820140,0.35870320,0.36878240,0.37996860,0.38946020,0.39594680,0.40191940,0.40435200,0.40164480,0.39816920,0.39179000,0.38472460,0.37769420,0.37206920,0.36746260,0.36178260,0.35806200,0.35549400,0.35172220,0.35005000,0.34786160,0.34573020,0.34420820,0.34472620,0.34630220,0.34919380,0.35121500,0.35431720,0.35646800,0.36152300,0.36541700,0.36876760,0.37149640,0.37272940,0.36941920,0.36011580,0.35022480,0.33702260,0.32870040,0.32333080,0.31792060,0.31308780,0.30606520,0.29918260,0.29684180,0.30300100,0.30562960,0.30457220,0.30146400,0.30253360,0.30672100,0.30777540,0.30949740,0.30743660,0.30449620,0.30340040
0.60061180,0.60172350,0.60266300,0.60399950,0.60495520,0.60558620,0.60677650,0.60782900,0.60880030,0.60940620,0.60977920,0.61076150,0.61151330,0.61199920,0.61304750,0.61289750,0.61317770,0.61296500,0.61263500,0.61236730,0.61096450,0.61011230,0.60893250,0.60799950,0.60769230,0.60765150,0.60778230,0.60866100,0.61013650,0.61177700,0.61307500,0.61434430,0.61512750,0.61590050,0.61639700,0.61647700,0.61729500,0.61788220,0.61834670,0.61829420,0.61823420,0.61739400,0.61620030,0.61460920,0.61188720,0.60893220,0.60589380,0.60329100,0.60050520,0.59545150,0.58862600,0.57670130,0.55994050,0.54221950,0.52634850,0.51376280,0.50501470,0.50102950,0.49931420,0.50038480,0.50375970,0.50702000,0.51134900,0.51555820,0.51868750,0.52194300,0.52403850,0.52618370,0.52698450,0.52810220,0.52856550,0.52938620,0.53057000,0.53179680,0.53312200,0.53476220,0.53638300,0.53783150,0.53936570,0.54028280,0.54071050,0.53881980,0.53596050,0.53395150,0.53367550,0.53176770,0.52797570,0.52347620,0.51933750,0.51408980,0.51118200,0.50943320,0.51167520,0.51437150,0.51570850,0.51526200,0.51679570,0.51967470,0.52194200,0.52344300,0.52503650,0.52653070,0.52804400,0.52906680,0.53063080,0.53254120,0.53367180,0.53426950,0.53345770,0.53046820,0.52168050,0.49531430,0.46751030,0.41782570,0.39239700,0.36837750,0.35850600,0.36049200,0.36651750,0.37468730,0.38567170,0.39640880,0.40520280,0.41410400,0.41924820,0.42629480,0.42818820,0.42631350,0.42136970,0.41485930,0.40501120,0.39532950,0.38427880,0.37510220,0.36835300,0.36155400,0.35580070,0.35064300,0.34650100,0.34252000,0.33899950,0.33608070,0.33605080,0.33389830,0.33781250,0.34288480,0.34496730,0.34803530,0.35235600,0.35806300,0.36324050,0.36842380,0.37521500,0.37787300,0.37708570,0.37087580,0.35992300,0.34932670,0.34074650,0.33411320,0.32896170,0.32302100,0.31624770,0.30835880,0.30348200,0.31155180,0.31540180,0.31417250,0.31378730,0.31443550,0.31972350,0.32242820,0.32423770,0.32241950,0.32037650,0.31678770
0.57301230,0.57300820,0.57312360,0.57316150,0.57365440,0.57364750,0.57412160,0.57457190,0.57437540,0.57522940,0.57515540,0.57549110,0.57538500,0.57475780,0.57516130,0.57469400,0.57457120,0.57358560,0.57308790,0.57208780,0.57065940,0.56957490,0.56791170,0.56752750,0.56612810,0.56583860,0.56556910,0.56491630,0.56632450,0.56633010,0.56776390,0.56768390,0.56772500,0.56807190,0.56749750,0.56786920,0.56786330,0.56754440,0.56795640,0.56696910,0.56657360,0.56558250,0.56463280,0.56218100,0.55977500,0.55731540,0.55498080,0.55270650,0.54954830,0.54614570,0.53948350,0.52893600,0.51572150,0.50161130,0.48855040,0.47859640,0.47207650,0.46768580,0.46602380,0.46652840,0.46886880,0.47087140,0.47510690,0.47772710,0.48005070,0.48223210,0.48375690,0.48502200,0.48544640,0.48602400,0.48642450,0.48670700,0.48716030,0.48812640,0.48895060,0.49018790,0.49100090,0.49301000,0.49348710,0.49448450,0.49470360,0.49365450,0.49196130,0.49025100,0.48977070,0.48811820,0.48553250,0.48232600,0.47917990,0.47523000,0.47283310,0.47212240,0.47419490,0.47457540,0.47374980,0.47363060,0.47415640,0.47469040,0.47692900,0.47782400,0.47790900,0.48045530,0.48063060,0.48096440,0.48295740,0.48310690,0.48443720,0.48558340,0.48562250,0.48307100,0.47557190,0.45124890,0.42750180,0.39344100,0.36430960,0.34670260,0.34045660,0.34360020,0.35085130,0.35956840,0.36821910,0.37629880,0.38312600,0.39089660,0.39626530,0.40068630,0.40233720,0.40088860,0.39672290,0.39033800,0.38102980,0.37144930,0.36285590,0.35527550,0.34877910,0.34153410,0.33585910,0.33198470,0.32793730,0.32513260,0.32189370,0.32029940,0.31954950,0.31924050,0.31980410,0.32194700,0.32382780,0.32547650,0.32902140,0.33242930,0.33719640,0.34028170,0.34496340,0.34693610,0.34637020,0.34234240,0.33592590,0.32672690,0.32052780,0.31535840,0.31107140,0.30767700,0.30222410,0.29725800,0.29557470,0.29906440,0.30137090,0.30036250,0.29976430,0.30249010,0.30711290,0.30948230,0.31109720,0.31109920,0.30972980,0.30732610
0.52151600,0.52221480,0.52306720,0.52344120,0.52343220,0.52401070,0.52397020,0.52416530,0.52449300,0.52510450,0.52560130,0.52524650,0.52550400,0.52522700,0.52534350,0.52492150,0.52489350,0.52459300,0.52418180,0.52350200,0.52275400,0.52166570,0.52065650,0.52037830,0.51975170,0.51937950,0.51916630,0.51886730,0.52000700,0.52031400,0.52146750,0.52150950,0.52178370,0.52199850,0.52217030,0.52187420,0.52183580,0.52165170,0.52183270,0.52153650,0.52084350,0.51981220,0.51951270,0.51817120,0.51682270,0.51426950,0.51263250,0.51133820,0.50879680,0.50620200,0.50152970,0.49465600,0.48571450,0.47699900,0.46941900,0.46415880,0.46112900,0.46044850,0.45992150,0.46020200,0.46189230,0.46332420,0.46486030,0.46649100,0.46863330,0.46995950,0.47080450,0.47190320,0.47221430,0.47271200,0.47250320,0.47277400,0.47394830,0.47375620,0.47406650,0.47515130,0.47518900,0.47682200,0.47650420,0.47737570,0.47696900,0.47595870,0.47492300,0.47296580,0.47202100,0.47068380,0.46876300,0.46620350,0.46414670,0.46083450,0.45746620,0.45607920,0.45792020,0.45790070,0.45801600,0.45766350,0.45837670,0.45888170,0.46095170,0.46152150,0.46193650,0.46385250,0.46352980,0.46379200,0.46403870,0.46483870,0.46540020,0.46601450,0.46736580,0.46337500,0.45685200,0.43437050,0.41410480,0.38634080,0.36060500,0.34717380,0.34383600,0.34446400,0.34956000,0.35639430,0.36452400,0.37131370,0.37750200,0.38318520,0.38933400,0.39404700,0.39663300,0.39798930,0.39877720,0.39556150,0.39277700,0.38874350,0.38356100,0.37967500,0.37765230,0.37496550,0.37282950,0.37024880,0.36900600,0.36791900,0.36728930,0.36624100,0.36754580,0.36793630,0.36951100,0.37158430,0.37230970,0.37455070,0.37716500,0.37843750,0.38110350,0.38200700,0.38451370,0.38412280,0.38262700,0.37813600,0.36950270,0.36228230,0.35426400,0.34859500,0.34393280,0.33876050,0.33309450,0.32641550,0.32456280,0.32781380,0.32950720,0.32780320,0.32679200,0.32703520,0.32814780,0.33048800,0.33091100,0.32882620,0.32834870,0.32796300
0.65812330,0.66008100,0.66212300,0.66393650,0.66525480,0.66653800,0.66834630,0.66958220,0.67070400,0.67181750,0.67305170,0.67372430,0.67407100,0.67418520,0.67507720,0.67441680,0.67491050,0.67381820,0.67337270,0.67195300,0.66935400,0.66742920,0.66578750,0.66440480,0.66312880,0.66233100,0.66223550,0.66278050,0.66452180,0.66667720,0.66785050,0.66867020,0.66890700,0.66967870,0.67015920,0.67034230,0.67023630,0.67069850,0.67045400,0.66989130,0.66989780,0.66790420,0.66586300,0.66276720,0.65910630,0.65451650,0.65063570,0.64704820,0.64168800,0.63488700,0.62408750,0.60673430,0.58453950,0.56409980,0.54765300,0.53633220,0.52859350,0.52418930,0.52180170,0.52300600,0.52586400,0.53009050,0.53461100,0.53891850,0.54308420,0.54651780,0.54976180,0.55182150,0.55291450,0.55408800,0.55498400,0.55632600,0.55771700,0.55845700,0.56032950,0.56185020,0.56368850,0.56547230,0.56614800,0.56856020,0.56867000,0.56695780,0.56452850,0.56128070,0.55940750,0.55669000,0.55311870,0.54711220,0.54201750,0.53592380,0.53146720,0.52934480,0.53333930,0.53631380,0.53471330,0.53542150,0.53652070,0.53783150,0.54159330,0.54208430,0.54253130,0.54384130,0.54501670,0.54569180,0.54835620,0.54941450,0.55083080,0.55202900,0.54980350,0.54569180,0.53551020,0.50627930,0.47019070,0.42251450,0.37863830,0.35877080,0.35292370,0.35951650,0.36828700,0.38020380,0.39215020,0.40299750,0.41259080,0.42286220,0.42967220,0.43669500,0.43911970,0.43911750,0.43522130,0.42907050,0.42097650,0.41109700,0.40191050,0.39459050,0.38807230,0.38100850,0.37548630,0.37008570,0.36603170,0.36119970,0.35882230,0.35561750,0.35383900,0.35273580,0.35371430,0.35607850,0.35825750,0.36078500,0.36315850,0.36676050,0.37223750,0.37658000,0.37925720,0.38151550,0.37877170,0.37137300,0.36202750,0.35116920,0.34172250,0.33572800,0.33009350,0.32424950,0.31562480,0.30855050,0.30817650,0.31381520,0.31682120,0.31381500,0.31079620,0.31270580,0.31912600,0.32005580,0.32171530,0.32065350,0.31971270,0.31876750
0.55682270,0.55806960,0.55927980,0.56058140,0.56158160,0.56275780,0.56380980,0.56466120,0.56552180,0.56658620,0.56740240,0.56757560,0.56829140,0.56902040,0.56969320,0.56938340,0.56961800,0.56955060,0.56916000,0.56835240,0.56736580,0.56660660,0.56586840,0.56508740,0.56464360,0.56424880,0.56474680,0.56511800,0.56619400,0.56758300,0.56821580,0.56911680,0.56986980,0.57007520,0.57045860,0.57040760,0.57072680,0.57117520,0.57118240,0.57124020,0.57071100,0.57023340,0.56899840,0.56697460,0.56487740,0.56255980,0.56008760,0.55834840,0.55583960,0.55226920,0.54604780,0.53696020,0.52483000,0.51245800,0.50188580,0.49429540,0.49017760,0.48906460,0.48861600,0.48913900,0.49104660,0.49328660,0.49569460,0.49789840,0.50071900,0.50293660,0.50451140,0.50572400,0.50655940,0.50691920,0.50787940,0.50836800,0.50905400,0.50977900,0.51073140,0.51190280,0.51339740,0.51451180,0.51565760,0.51631040,0.51663000,0.51552260,0.51367100,0.51079520,0.50942000,0.50677460,0.50394760,0.49983740,0.49703840,0.49342200,0.49085000,0.48793380,0.49002140,0.49161140,0.49139780,0.49172380,0.49296960,0.49471900,0.49622760,0.49719240,0.49860100,0.49908840,0.49947400,0.50028060,0.50294980,0.50353980,0.50460540,0.50549980,0.50317340,0.49864340,0.49008900,0.47132420,0.44653760,0.40954420,0.37887540,0.36097340,0.35297880,0.35428880,0.36031240,0.36825880,0.37798080,0.38627320,0.39549360,0.40250800,0.40896840,0.41500480,0.41877740,0.41958880,0.41689060,0.41179960,0.40560060,0.39857860,0.39147480,0.38675720,0.38181920,0.37797340,0.37451680,0.37252180,0.36975600,0.36910240,0.36859920,0.36888300,0.36980120,0.37064980,0.37336400,0.37461420,0.37747540,0.38045160,0.38322840,0.38782560,0.39013640,0.39199460,0.39481800,0.39396140,0.38942400,0.38201360,0.36933180,0.35730820,0.34720080,0.33984700,0.33389020,0.32676000,0.31986780,0.31251440,0.31051920,0.31777600,0.31998460,0.31786520,0.31669580,0.31730560,0.32190000,0.32285640,0.32515940,0.32542420,0.32287320,0.32281280
0.60183040,0.60238680,0.60310200,0.60371780,0.60451640,0.60492940,0.60572820,0.60631180,0.60708900,0.60769300,0.60849740,0.60879540,0.60905340,0.60905160,0.61002960,0.60925220,0.60966280,0.60939360,0.60857960,0.60775800,0.60617040,0.60509880,0.60322020,0.60262460,0.60197980,0.60135300,0.60194220,0.60225380,0.60431140,0.60609640,0.60761580,0.60780440,0.60875460,0.60970300,0.60958820,0.61018620,0.61053840,0.61046080,0.61099940,0.61057540,0.61052440,0.60981900,0.60824020,0.60642320,0.60437140,0.60139700,0.59858820,0.59641920,0.59306600,0.58827620,0.58061280,0.56858120,0.55262340,0.53736980,0.52352540,0.51366620,0.50767900,0.50523860,0.50420880,0.50452360,0.50737060,0.50995760,0.51344220,0.51656500,0.51968320,0.52233500,0.52442900,0.52635260,0.52721760,0.52861160,0.52920700,0.52920640,0.52992640,0.53192960,0.53292780,0.53495580,0.53629620,0.53885220,0.53955660,0.54134400,0.54174300,0.54146400,0.54019400,0.53894480,0.53665920,0.53336660,0.53007020,0.52468200,0.52020540,0.51534360,0.51169640,0.50953000,0.51169500,0.51401200,0.51366340,0.51484620,0.51553480,0.51787360,0.52087440,0.52274180,0.52439320,0.52683360,0.52818720,0.52864600,0.53149660,0.53233380,0.53397760,0.53329020,0.53270260,0.52881820,0.51927380,0.48930780,0.45544320,0.41745220,0.37925420,0.35780440,0.34638860,0.34558660,0.35075940,0.35859140,0.36934020,0.37951640,0.38961700,0.39993700,0.40770260,0.41525040,0.41951420,0.42153300,0.42014180,0.41598980,0.40931840,0.40213920,0.39465980,0.38868740,0.38344380,0.37905580,0.37599260,0.37347960,0.37077560,0.36967060,0.36938460,0.36977780,0.36980060,0.37097400,0.37482700,0.37710580,0.38092740,0.38394280,0.38803720,0.39296560,0.39609720,0.40086540,0.40422400,0.40643240,0.40396500,0.39671060,0.38510640,0.37243940,0.36056720,0.35137940,0.34511520,0.33942000,0.33085700,0.32180020,0.31872620,0.32729160,0.32974440,0.32797520,0.32525080,0.32474820,0.32971300,0.33237560,0.33438120,0.33221780,0.32950540,0.32785120
0.52014580,0.52092530,0.52201490,0.52247400,0.52322920,0.52358550,0.52423410,0.52468630,0.52519390,0.52579560,0.52623150,0.52649160,0.52689650,0.52717000,0.52779300,0.52767280,0.52786120,0.52748360,0.52715450,0.52652600,0.52608440,0.52507230,0.52441380,0.52388660,0.52380270,0.52346640,0.52344800,0.52335090,0.52429780,0.52531390,0.52583340,0.52637740,0.52679140,0.52725210,0.52725270,0.52704190,0.52724900,0.52779940,0.52795150,0.52768210,0.52731820,0.52739370,0.52617790,0.52517390,0.52332790,0.52180640,0.52016100,0.51898810,0.51729950,0.51453820,0.51058990,0.50418940,0.49562700,0.48639510,0.47816450,0.47178990,0.46775290,0.46589830,0.46543710,0.46632640,0.46717690,0.46867660,0.47059780,0.47254240,0.47418070,0.47603240,0.47751850,0.47811560,0.47834870,0.47875480,0.47920680,0.47966170,0.48011340,0.48037860,0.48139320,0.48257070,0.48386990,0.48490750,0.48531410,0.48634410,0.48623910,0.48543340,0.48410160,0.48290410,0.48224540,0.48035650,0.47825600,0.47566390,0.47315860,0.47038290,0.46732740,0.46547990,0.46714390,0.46884200,0.46889250,0.46896910,0.46950270,0.47064210,0.47173390,0.47226800,0.47381220,0.47399260,0.47389350,0.47500390,0.47694210,0.47748110,0.47924960,0.47884670,0.47932840,0.47777290,0.47267850,0.45134740,0.43157460,0.39594310,0.38444760,0.37055070,0.36388450,0.36567910,0.37057060,0.37768340,0.38517060,0.39145260,0.39800300,0.40270030,0.40784030,0.41184230,0.41425640,0.41373020,0.41047740,0.40686440,0.40058580,0.39446100,0.38824150,0.38231600,0.37910040,0.37544850,0.37245140,0.37018440,0.36869340,0.36837390,0.36804940,0.36846000,0.36861440,0.36684840,0.37128820,0.37318100,0.37422760,0.37620250,0.37809700,0.38025390,0.38306550,0.38410820,0.38716970,0.38767050,0.38428130,0.37871180,0.36835410,0.35923130,0.35229360,0.34634100,0.34211100,0.33726930,0.33158130,0.32439300,0.32313140,0.32805660,0.32990210,0.32946920,0.32761840,0.32946890,0.33403530,0.33614990,0.33784600,0.33714220,0.33623630,0.33532090
0.59594860,0.59672840,0.59759280,0.59817080,0.59893800,0.59934960,0.59995920,0.60065260,0.60093280,0.60165560,0.60249620,0.60244580,0.60255200,0.60257080,0.60260220,0.60179240,0.60170880,0.60122500,0.60045920,0.59939440,0.59801740,0.59639940,0.59430180,0.59339120,0.59233720,0.59177920,0.59152740,0.59164640,0.59291640,0.59377620,0.59495520,0.59543980,0.59560140,0.59597220,0.59562740,0.59571040,0.59584680,0.59587960,0.59622780,0.59557120,0.59530280,0.59432780,0.59296080,0.59035580,0.58754620,0.58416400,0.58046480,0.57807140,0.57459220,0.57072320,0.56373240,0.55297420,0.53770460,0.52033340,0.50458380,0.49214000,0.48329080,0.47840920,0.47614400,0.47632940,0.47833340,0.48092780,0.48395540,0.48691260,0.48947920,0.49243160,0.49383560,0.49514040,0.49605320,0.49692800,0.49722080,0.49764120,0.49861580,0.49921120,0.50028960,0.50212840,0.50413020,0.50534020,0.50619680,0.50663540,0.50583980,0.50226940,0.49857480,0.49736540,0.49868420,0.49764900,0.49455980,0.48978560,0.48616400,0.48158400,0.47863680,0.47892880,0.48105420,0.48293520,0.48292260,0.48322860,0.48419660,0.48557760,0.48721820,0.48953840,0.49126120,0.49306000,0.49373840,0.49476020,0.49644720,0.49777180,0.49891260,0.49950900,0.49908140,0.49686160,0.48855760,0.46022820,0.43496500,0.39885780,0.36896340,0.34773940,0.33842820,0.33890900,0.34366420,0.35178280,0.36161360,0.37008480,0.37786200,0.38629500,0.39134060,0.39755560,0.39836700,0.39629160,0.39104960,0.38290440,0.37152860,0.35920340,0.34831400,0.33850480,0.33164420,0.32520640,0.31913040,0.31400000,0.30911520,0.30562520,0.30127520,0.29823280,0.29660360,0.29666940,0.30014700,0.30352800,0.30629860,0.30907240,0.31338540,0.31784100,0.32315660,0.32762160,0.33416940,0.33692520,0.33611680,0.32979240,0.31974280,0.30785780,0.29981580,0.29381720,0.29164900,0.28822500,0.28319720,0.27681300,0.27414460,0.27593400,0.27678380,0.27720360,0.27781960,0.28003320,0.28610360,0.29009800,0.29117340,0.29055940,0.28855480,0.28607820
0.60973800,0.61207130,0.61464470,0.61626500,0.61778400,0.61961300,0.62132370,0.62337770,0.62440800,0.62634800,0.62766430,0.62903430,0.62994830,0.63062330,0.63213170,0.63220130,0.63300300,0.63329630,0.63322000,0.63233570,0.63153100,0.63098270,0.62893970,0.62866200,0.62831700,0.62815470,0.62878470,0.62962930,0.63185730,0.63361570,0.63585430,0.63681300,0.63771370,0.63872200,0.63941730,0.64014000,0.64024900,0.64058500,0.64128170,0.64097970,0.64091330,0.64022630,0.63886100,0.63613300,0.63417970,0.63094630,0.62823270,0.62549530,0.62172200,0.61615070,0.60829570,0.59486770,0.57868530,0.56330630,0.54999570,0.54116000,0.53662730,0.53431530,0.53359900,0.53407830,0.53670070,0.53886130,0.54213370,0.54618800,0.54901770,0.55186670,0.55448100,0.55624830,0.55762130,0.55883800,0.55972130,0.56024900,0.56121800,0.56288600,0.56443730,0.56607970,0.56820770,0.57019770,0.57166430,0.57252130,0.57365800,0.57290530,0.57081200,0.56798130,0.56477070,0.56287000,0.55862770,0.55378730,0.54929770,0.54515230,0.54036930,0.53745600,0.54013570,0.54219070,0.54231970,0.54240530,0.54386100,0.54631230,0.54886400,0.55010530,0.55095870,0.55313300,0.55477470,0.55572900,0.55811370,0.55962270,0.56079200,0.56133730,0.55995130,0.55543100,0.54515600,0.51486170,0.48087570,0.43589600,0.40179630,0.37816530,0.36721400,0.36759330,0.37277730,0.38165870,0.39319270,0.40411700,0.41484100,0.42433170,0.43325530,0.44000400,0.44551000,0.44753830,0.44595700,0.44279900,0.43503130,0.42854970,0.42074070,0.41446070,0.40918370,0.40492730,0.40121270,0.39959430,0.39801930,0.39752230,0.39705430,0.39802730,0.39841370,0.39883070,0.40289670,0.40597700,0.40878200,0.41177770,0.41508270,0.42037200,0.42439170,0.42707100,0.43013130,0.43033030,0.42410270,0.41466100,0.40153700,0.38484470,0.37261900,0.36371600,0.35658330,0.35067830,0.34104400,0.33369330,0.33125670,0.34023700,0.34163370,0.34073230,0.33639330,0.33686630,0.34164830,0.34332900,0.34418500,0.34341000,0.34378270,0.34050800
0.57993950,0.58141630,0.58335670,0.58456300,0.58600670,0.58708570,0.58849370,0.58989500,0.59071330,0.59207400,0.59311330,0.59399300,0.59451470,0.59505400,0.59595130,0.59550030,0.59628900,0.59625870,0.59551330,0.59444030,0.59340730,0.59164200,0.59050830,0.58951700,0.58877930,0.58869500,0.58914530,0.58999870,0.59211370,0.59378370,0.59506100,0.59588100,0.59684370,0.59766070,0.59800730,0.59808630,0.59838670,0.59856000,0.59946030,0.59889230,0.59810600,0.59684170,0.59588630,0.59355370,0.59072130,0.58774370,0.58468030,0.58182930,0.57753230,0.57105930,0.56158230,0.54659430,0.52867370,0.51137330,0.49696130,0.48709430,0.48077770,0.47760830,0.47640100,0.47697530,0.48046370,0.48372300,0.48727470,0.49163600,0.49585730,0.49879370,0.50122470,0.50355830,0.50495330,0.50634300,0.50737530,0.50856200,0.50928330,0.51126170,0.51269300,0.51461130,0.51620100,0.51746600,0.51919470,0.52009700,0.52066530,0.51974800,0.51807600,0.51584900,0.51391900,0.51152570,0.50766570,0.50185830,0.49699870,0.49089970,0.48677370,0.48533970,0.48765830,0.48984400,0.48956570,0.48979470,0.49100470,0.49333070,0.49528530,0.49772170,0.49967930,0.50233230,0.50317800,0.50365370,0.50642570,0.50711900,0.50789630,0.50837800,0.50763900,0.50272730,0.48991830,0.45891170,0.42116130,0.37514300,0.33299100,0.30990300,0.29987270,0.30139870,0.30658000,0.31713230,0.32827770,0.33907130,0.34997430,0.36020430,0.36931100,0.37676330,0.38304300,0.38459600,0.38397630,0.38031370,0.37385300,0.36775770,0.36028570,0.35500700,0.35063070,0.34539030,0.34172930,0.33811400,0.33498170,0.33356370,0.33171330,0.33047570,0.33014600,0.32914800,0.33084030,0.33444500,0.33757770,0.33907630,0.34364300,0.34855800,0.35398500,0.35898800,0.36236500,0.36512930,0.36274870,0.35797730,0.34628370,0.33429130,0.32385830,0.31420530,0.30857600,0.30089930,0.29286370,0.28437830,0.27970200,0.28802670,0.29019400,0.28926870,0.28705530,0.28752270,0.29106400,0.29356500,0.29613500,0.29343900,0.29177470,0.28837200
0.57615900,0.57728430,0.57854030,0.57972860,0.58050010,0.58132140,0.58231510,0.58286260,0.58368840,0.58414440,0.58468500,0.58509190,0.58549940,0.58551390,0.58585990,0.58607600,0.58593670,0.58559870,0.58545630,0.58480090,0.58361670,0.58284590,0.58203130,0.58134170,0.58081500,0.58053200,0.58054270,0.58128570,0.58169200,0.58262670,0.58313240,0.58367540,0.58373830,0.58417470,0.58438940,0.58393800,0.58376510,0.58422600,0.58394540,0.58410470,0.58366400,0.58256970,0.58174110,0.58015000,0.57829260,0.57602900,0.57478110,0.57221700,0.56978600,0.56664270,0.56078530,0.55257740,0.54233960,0.53195160,0.52329630,0.51745740,0.51399310,0.51311970,0.51302060,0.51371560,0.51497040,0.51665260,0.51876670,0.52037100,0.52256610,0.52470690,0.52610070,0.52700130,0.52783370,0.52848170,0.52897040,0.52925660,0.52995530,0.53093370,0.53069010,0.53227900,0.53271770,0.53355190,0.53401800,0.53426600,0.53468270,0.53359900,0.53171660,0.52936170,0.52811840,0.52671200,0.52419830,0.52199570,0.51872730,0.51470140,0.51195610,0.51004210,0.51189560,0.51256110,0.51212970,0.51260000,0.51320210,0.51438430,0.51548100,0.51710630,0.51754660,0.51861390,0.51908290,0.51944490,0.52028090,0.52099360,0.52174490,0.52222400,0.52210230,0.51822400,0.51143470,0.48787770,0.46296930,0.42836200,0.39767310,0.38165800,0.37534670,0.37584960,0.38093400,0.38846300,0.39680470,0.40474370,0.41249470,0.41964540,0.42630840,0.43175960,0.43571210,0.43888300,0.43891690,0.43708160,0.43345840,0.42962670,0.42446460,0.42138690,0.41838410,0.41593730,0.41399470,0.41228040,0.41025970,0.40934740,0.40915510,0.40892230,0.40875570,0.40920610,0.41071790,0.41316790,0.41527710,0.41636690,0.41816540,0.42257140,0.42588060,0.42824760,0.43081390,0.43136740,0.42897470,0.42311610,0.41342040,0.40501110,0.39456730,0.38733530,0.38155840,0.37501500,0.36820600,0.35987810,0.35900590,0.36343870,0.36448940,0.36314910,0.36049290,0.36048660,0.36431390,0.36533000,0.36522670,0.36402010,0.36178000,0.35860260
0.53608040,0.53788380,0.53982500,0.54102270,0.54270020,0.54365680,0.54505780,0.54642720,0.54732380,0.54860980,0.54977150,0.55069180,0.55159880,0.55203880,0.55310500,0.55302530,0.55391980,0.55347870,0.55352080,0.55310220,0.55248600,0.55158250,0.55026330,0.54989750,0.54967170,0.55001930,0.55029020,0.55120070,0.55345430,0.55472670,0.55644800,0.55728000,0.55830070,0.55897130,0.55945250,0.55980700,0.56007980,0.56094930,0.56165250,0.56113330,0.56085470,0.56064200,0.55951330,0.55773420,0.55579570,0.55264670,0.54985500,0.54837130,0.54487380,0.54064570,0.53333480,0.52209170,0.50823320,0.49468720,0.48271900,0.47425670,0.46980770,0.46782220,0.46710530,0.46752800,0.46979650,0.47220280,0.47517730,0.47840950,0.48151220,0.48366570,0.48592450,0.48765330,0.48911650,0.48975230,0.49058320,0.49118520,0.49254580,0.49351820,0.49498620,0.49664580,0.49773400,0.49908530,0.50031420,0.50135820,0.50202430,0.50077570,0.49979720,0.49774780,0.49555180,0.49261970,0.48858070,0.48381900,0.48063520,0.47695730,0.47327200,0.47081180,0.47248470,0.47441220,0.47492750,0.47568130,0.47710330,0.47931230,0.48122100,0.48258650,0.48436150,0.48563830,0.48676900,0.48794630,0.48958030,0.48968980,0.49112680,0.49205380,0.49194530,0.48745420,0.47854550,0.45100130,0.42081200,0.38317080,0.34757720,0.32894780,0.31896200,0.31973720,0.32468020,0.33344150,0.34316130,0.35342630,0.36182580,0.37117070,0.37874750,0.38539320,0.39047700,0.39184700,0.39037020,0.38703220,0.38196380,0.37555530,0.36920720,0.36400920,0.35996770,0.35647100,0.35377350,0.35140120,0.34926780,0.34818370,0.34719280,0.34721650,0.34778420,0.34816500,0.35048430,0.35279070,0.35464320,0.35788280,0.36155630,0.36514180,0.36924520,0.37215730,0.37506050,0.37575970,0.37353070,0.36654250,0.35585030,0.34245680,0.33079900,0.32258670,0.31654030,0.30995550,0.30209530,0.29646920,0.29456080,0.30112780,0.30265270,0.30248430,0.29948030,0.30113450,0.30513980,0.30667230,0.30790800,0.30575470,0.30529780,0.30285070
0.53073010,0.53141270,0.53211040,0.53294040,0.53302300,0.53367200,0.53434520,0.53492140,0.53530120,0.53535850,0.53566060,0.53612650,0.53624310,0.53657940,0.53655190,0.53664480,0.53623490,0.53606500,0.53545310,0.53456100,0.53372110,0.53275590,0.53185930,0.53091100,0.53030110,0.52992310,0.52988540,0.53016590,0.53083920,0.53200750,0.53229390,0.53271350,0.53319840,0.53299990,0.53304560,0.53301500,0.53283480,0.53294560,0.53317020,0.53275410,0.53277150,0.53190610,0.53085320,0.52936560,0.52815340,0.52614740,0.52409560,0.52242510,0.52028150,0.51770970,0.51351000,0.50681000,0.49758800,0.48717960,0.47887310,0.47284060,0.46931240,0.46752160,0.46660570,0.46747590,0.46827950,0.47000230,0.47191270,0.47357460,0.47519010,0.47692160,0.47780210,0.47872640,0.47910360,0.47935640,0.47935110,0.47975800,0.48020380,0.48100110,0.48136910,0.48240990,0.48335900,0.48470510,0.48494490,0.48546790,0.48537200,0.48501110,0.48287200,0.48129350,0.47956950,0.47813450,0.47557230,0.47285010,0.46975620,0.46712440,0.46415340,0.46233280,0.46427530,0.46583960,0.46609660,0.46593790,0.46681360,0.46822660,0.46956740,0.47036500,0.47126460,0.47138740,0.47226060,0.47324230,0.47450030,0.47535250,0.47634990,0.47682560,0.47695930,0.47403410,0.46812060,0.44550880,0.42512940,0.38979560,0.37561990,0.36158550,0.35317500,0.35526140,0.35991010,0.36637700,0.37386910,0.38174490,0.38838480,0.39399650,0.39854930,0.40348460,0.40465450,0.40529760,0.40258550,0.39843300,0.39343060,0.38572730,0.37946900,0.37336320,0.36975560,0.36691040,0.36376320,0.36134750,0.35992260,0.35934330,0.35908530,0.35892400,0.35944090,0.35769490,0.36188550,0.36433480,0.36457020,0.36720880,0.36916730,0.37100820,0.37397370,0.37434280,0.37817040,0.37738100,0.37510710,0.36756900,0.35782120,0.34804650,0.33855900,0.33168790,0.32715060,0.32243530,0.31639490,0.31026620,0.30795660,0.31412440,0.31628170,0.31543320,0.31324630,0.31496680,0.31871960,0.32130840,0.32286390,0.32175240,0.32082530,0.32058710
0.51308500,0.51381170,0.51444730,0.51524100,0.51635430,0.51702200,0.51785130,0.51858650,0.51948380,0.51958630,0.52038520,0.52077220,0.52115200,0.52168820,0.52183200,0.52228520,0.52202000,0.52163920,0.52132970,0.52021350,0.51895970,0.51768830,0.51666320,0.51551120,0.51521420,0.51432620,0.51425750,0.51465420,0.51597500,0.51712720,0.51798030,0.51872800,0.51936900,0.51964730,0.51995620,0.51958770,0.52004580,0.52019300,0.52026520,0.52020080,0.51968330,0.51922470,0.51809730,0.51569650,0.51306670,0.51117420,0.50873180,0.50602730,0.50292370,0.49945550,0.49320580,0.48356780,0.47074400,0.45656220,0.44475300,0.43624120,0.43061480,0.42801580,0.42699000,0.42753630,0.42907300,0.43148650,0.43402780,0.43676620,0.43936370,0.44186250,0.44332500,0.44455750,0.44584950,0.44599620,0.44628530,0.44684920,0.44786580,0.44834970,0.44963500,0.45105350,0.45249830,0.45397500,0.45574570,0.45675700,0.45698870,0.45596270,0.45391300,0.45265020,0.45107650,0.44939130,0.44646850,0.44244400,0.43882270,0.43459100,0.43078770,0.42852630,0.43097930,0.43345080,0.43294230,0.43279020,0.43405830,0.43647800,0.43748380,0.43790820,0.43968870,0.44088200,0.44132720,0.44341550,0.44509820,0.44653070,0.44809320,0.44783530,0.44705970,0.44300150,0.43590700,0.41430280,0.39030930,0.35670020,0.32785520,0.30940220,0.30275050,0.30330520,0.30955770,0.31704370,0.32635020,0.33431780,0.34231130,0.34935780,0.35575020,0.36052700,0.36270900,0.36250300,0.35906250,0.35324920,0.34505570,0.33703880,0.32948750,0.32322000,0.31730370,0.31221470,0.30865200,0.30496930,0.30398300,0.30179400,0.30084850,0.30021920,0.30131430,0.30153670,0.30355180,0.30630650,0.30951500,0.31154450,0.31396720,0.31781180,0.32148980,0.32470230,0.32820270,0.32895630,0.32575880,0.31789370,0.30776700,0.29577170,0.28806070,0.28097230,0.27546180,0.27041570,0.26230100,0.25665980,0.25400480,0.25950650,0.26130880,0.26156520,0.25783630,0.26020970,0.26593350,0.26732230,0.26864370,0.26686030,0.26648200,0.26551100
0.54703510,0.54807180,0.54891880,0.54972660,0.55048300,0.55100480,0.55169760,0.55212940,0.55278440,0.55290980,0.55332220,0.55354780,0.55399840,0.55396720,0.55417680,0.55436740,0.55409280,0.55400260,0.55365120,0.55316180,0.55200160,0.55120000,0.55063060,0.55009340,0.54949420,0.54928480,0.54931720,0.54979800,0.55010820,0.55101200,0.55142840,0.55180180,0.55175680,0.55230540,0.55236880,0.55194800,0.55190780,0.55230720,0.55207860,0.55229720,0.55190860,0.55112580,0.55033340,0.54910340,0.54765960,0.54599020,0.54487160,0.54271720,0.54094340,0.53852600,0.53390080,0.52737640,0.51890940,0.51027820,0.50305640,0.49814820,0.49519920,0.49439700,0.49431420,0.49469260,0.49565540,0.49702040,0.49859120,0.49985140,0.50166440,0.50353960,0.50462920,0.50528740,0.50565200,0.50648700,0.50671680,0.50683040,0.50756360,0.50857800,0.50827180,0.50971840,0.51004420,0.51067780,0.51123880,0.51127820,0.51161100,0.51097440,0.50965020,0.50776560,0.50659820,0.50524220,0.50328820,0.50123980,0.49847440,0.49509800,0.49287520,0.49096980,0.49213680,0.49304760,0.49284080,0.49288340,0.49330460,0.49458860,0.49546420,0.49677660,0.49686760,0.49792140,0.49841640,0.49855980,0.49925220,0.50030060,0.50061660,0.50131340,0.50183720,0.49912920,0.49274540,0.47277340,0.45238220,0.42196020,0.39735520,0.38289880,0.37710320,0.37849700,0.38296800,0.38957420,0.39691120,0.40414640,0.41105040,0.41690740,0.42257820,0.42696040,0.43067920,0.43244040,0.43264620,0.43058940,0.42735480,0.42351880,0.41904420,0.41619040,0.41340880,0.41100300,0.40967020,0.40871200,0.40650340,0.40593380,0.40678060,0.40603620,0.40746300,0.40721520,0.40772180,0.40901660,0.41126800,0.41129840,0.41218120,0.41581680,0.41866820,0.42050020,0.42154360,0.42261940,0.41959840,0.41471860,0.40711780,0.39887500,0.39004120,0.38342480,0.37927700,0.37386240,0.36669760,0.36061120,0.35827340,0.36321680,0.36431000,0.36349940,0.36099660,0.36191560,0.36482320,0.36517680,0.36624920,0.36551500,0.36482240,0.36032120
0.61751800,0.61815460,0.61866480,0.61984500,0.62078120,0.62167600,0.62225520,0.62325000,0.62414300,0.62498520,0.62543360,0.62585360,0.62595800,0.62628540,0.62687540,0.62622760,0.62678660,0.62626200,0.62622520,0.62469920,0.62375720,0.62268660,0.62067080,0.62045000,0.61999040,0.61867880,0.61960420,0.61987220,0.62126060,0.62305780,0.62404960,0.62452240,0.62496180,0.62559320,0.62594900,0.62580740,0.62569440,0.62604660,0.62620880,0.62602320,0.62517800,0.62475240,0.62374340,0.62199120,0.61998880,0.61719660,0.61489340,0.61275640,0.60901540,0.60503080,0.59877380,0.58839560,0.57575560,0.56447020,0.55408200,0.54793580,0.54372080,0.54181060,0.54122680,0.54137320,0.54330960,0.54590280,0.54867380,0.55153600,0.55382660,0.55579500,0.55752960,0.55904920,0.56028340,0.56120160,0.56152060,0.56192780,0.56319580,0.56418240,0.56457920,0.56590240,0.56636260,0.56788720,0.56852560,0.56911120,0.56904720,0.56843780,0.56649500,0.56404900,0.56297840,0.55983340,0.55618480,0.55041480,0.54632620,0.54184840,0.53728020,0.53563300,0.53762220,0.54007100,0.54008260,0.54024480,0.54122420,0.54386380,0.54562280,0.54852640,0.54910560,0.55146080,0.55194520,0.55240800,0.55407080,0.55442400,0.55495940,0.55589860,0.55586820,0.55242800,0.54279480,0.51677920,0.48808280,0.44772700,0.41437020,0.39495060,0.38643720,0.38816080,0.39389100,0.40271120,0.41289880,0.42184740,0.43136700,0.43965440,0.44681500,0.45415520,0.45852100,0.46132120,0.46010460,0.45865200,0.45358520,0.44891000,0.44414840,0.44031480,0.43660220,0.43389380,0.43128840,0.42983020,0.42622580,0.42583340,0.42576840,0.42506620,0.42402320,0.42306180,0.42516680,0.42665840,0.42831280,0.43099040,0.43289080,0.43706640,0.44170960,0.44300080,0.44713060,0.44758320,0.44525960,0.43890020,0.42691560,0.41486960,0.40419820,0.39461500,0.38696020,0.37877140,0.37048400,0.35973640,0.35542280,0.36482540,0.36744780,0.36923320,0.36605560,0.36617300,0.37080540,0.37337500,0.37509940,0.37391600,0.37260480,0.37011140
0.52908500,0.53155200,0.53418040,0.53558020,0.53829760,0.54013040,0.54236100,0.54444460,0.54626440,0.54830400,0.55014000,0.55190900,0.55312040,0.55407400,0.55580120,0.55627040,0.55719720,0.55772000,0.55810140,0.55736280,0.55704900,0.55632060,0.55521340,0.55548800,0.55542460,0.55617860,0.55711280,0.55805600,0.56045820,0.56255880,0.56489700,0.56608740,0.56714780,0.56834400,0.56905680,0.56988980,0.57055380,0.57110760,0.57234920,0.57217940,0.57167500,0.57127140,0.57004440,0.56716840,0.56465880,0.56100120,0.55767100,0.55497400,0.55043420,0.54399220,0.53317300,0.51665160,0.49756980,0.48014400,0.46579760,0.45638320,0.45017300,0.44696100,0.44612500,0.44706200,0.45095620,0.45449020,0.45903520,0.46344820,0.46771640,0.47156780,0.47448600,0.47690040,0.47868260,0.48056580,0.48209080,0.48339200,0.48439980,0.48620540,0.48768960,0.48989000,0.49112460,0.49281540,0.49407660,0.49484960,0.49565260,0.49377520,0.49090880,0.48805340,0.48687740,0.48483140,0.48241020,0.47782320,0.47380200,0.46975740,0.46535920,0.46309100,0.46562700,0.46807580,0.46800740,0.46770320,0.46818040,0.46970660,0.47193780,0.47255260,0.47326640,0.47569640,0.47620700,0.47716880,0.47957000,0.48017080,0.48090320,0.48195860,0.48026880,0.47233100,0.45896780,0.42229600,0.38146140,0.33297660,0.29321020,0.27353620,0.26776440,0.27054700,0.27904300,0.28995660,0.30177220,0.31262660,0.32291300,0.33396740,0.34209000,0.35056560,0.35643860,0.35847100,0.35615100,0.35286680,0.34616980,0.33879760,0.33291800,0.32727060,0.32196040,0.31882340,0.31471600,0.31226360,0.30792980,0.30597760,0.30341740,0.30213760,0.30089060,0.29995800,0.30153880,0.30266520,0.30492740,0.30830020,0.31092600,0.31538620,0.31847860,0.32292340,0.32637220,0.32757960,0.32506960,0.31659980,0.30701900,0.29519560,0.28654380,0.28094300,0.27658040,0.27208440,0.26516740,0.25947300,0.25694740,0.26314420,0.26430640,0.26338020,0.26161400,0.26343860,0.26688560,0.26955200,0.26871440,0.26759600,0.26633200,0.26429640
0.58023650,0.58114800,0.58210650,0.58291720,0.58364880,0.58439430,0.58519470,0.58622170,0.58688970,0.58797600,0.58863120,0.58919200,0.58948520,0.58977450,0.59061900,0.59062230,0.59041830,0.59026030,0.58966070,0.58899620,0.58839170,0.58710000,0.58541070,0.58464450,0.58382100,0.58378450,0.58411280,0.58388600,0.58538200,0.58671230,0.58815130,0.58896270,0.58916020,0.58962920,0.58973550,0.59015450,0.59030230,0.59082370,0.59101350,0.59065920,0.59034750,0.58964080,0.58876700,0.58688900,0.58463580,0.58201630,0.57936950,0.57739070,0.57486020,0.57135270,0.56623420,0.55757000,0.54550700,0.53260450,0.52099200,0.51263700,0.50805280,0.50573050,0.50445500,0.50475780,0.50648500,0.50797780,0.51004570,0.51224250,0.51456920,0.51730720,0.51812850,0.51944580,0.52013220,0.52108370,0.52099200,0.52104680,0.52178080,0.52256080,0.52320220,0.52501000,0.52629900,0.52818850,0.52890320,0.52961820,0.53004220,0.52961730,0.52811350,0.52539150,0.52369200,0.52062350,0.51731820,0.51271200,0.50863080,0.50424500,0.50069780,0.49855400,0.50065800,0.50336150,0.50399100,0.50294200,0.50454100,0.50713000,0.50888350,0.50952200,0.51067570,0.51188900,0.51313850,0.51422850,0.51610600,0.51730320,0.51841400,0.51927820,0.51851770,0.51572280,0.51049400,0.49834100,0.47575800,0.44479300,0.41539880,0.39838520,0.39000700,0.39007720,0.39515970,0.40238130,0.41110370,0.41870000,0.42631550,0.43381120,0.44028770,0.44506450,0.44669800,0.44645000,0.44187430,0.43545880,0.42641080,0.41719300,0.40936000,0.40174580,0.39630800,0.39110200,0.38693130,0.38422820,0.38154550,0.38165550,0.38024850,0.38004080,0.38097500,0.38198680,0.38417680,0.38590920,0.38860900,0.39124820,0.39404780,0.39686050,0.40006170,0.40307850,0.40608620,0.40712270,0.40368030,0.39418150,0.38119370,0.36803230,0.35645950,0.34770770,0.34121670,0.33432400,0.32538120,0.31898400,0.31655750,0.32308750,0.32520050,0.32513620,0.32253630,0.32489170,0.33061970,0.33358730,0.33407850,0.33432530,0.33449550,0.33279630
0.69182490,0.69400100,0.69616500,0.69795500,0.69950700,0.70095800,0.70227800,0.70400570,0.70544530,0.70634530,0.70735500,0.70826200,0.70893870,0.70957630,0.71050270,0.71065500,0.71033830,0.70994070,0.70901030,0.70736000,0.70505730,0.70295200,0.70087130,0.69904700,0.69719700,0.69677930,0.69624230,0.69718700,0.69911400,0.70179670,0.70370770,0.70468370,0.70549370,0.70596800,0.70717570,0.70726300,0.70750800,0.70801870,0.70874730,0.70830330,0.70794670,0.70734600,0.70482830,0.70186870,0.69803730,0.69311800,0.68877070,0.68552630,0.68055170,0.67503500,0.66665400,0.65079530,0.62965030,0.60652370,0.58553830,0.57086570,0.56157430,0.55623730,0.55377530,0.55368970,0.55555800,0.55867830,0.56174870,0.56519670,0.56880770,0.57273430,0.57529530,0.57667900,0.57800430,0.57853170,0.57845030,0.57916500,0.57985170,0.58121670,0.58276900,0.58535100,0.58865930,0.59097870,0.59318570,0.59484630,0.59632830,0.59546300,0.59361270,0.59032870,0.58772830,0.58388370,0.57783100,0.57178130,0.56491430,0.55795930,0.55281600,0.55135000,0.55504800,0.55846730,0.55787470,0.55908100,0.56108570,0.56434870,0.56731100,0.56935470,0.57085700,0.57317270,0.57459830,0.57690270,0.57953730,0.58236100,0.58401030,0.58587670,0.58587100,0.58243400,0.57261970,0.54847130,0.51659400,0.47118730,0.43199070,0.40814400,0.39676270,0.39751500,0.40446700,0.41398100,0.42493230,0.43413470,0.44342470,0.45242170,0.46022000,0.46676770,0.46677400,0.46255230,0.45512700,0.44253430,0.42854430,0.41501200,0.40201030,0.39175600,0.38240300,0.37522570,0.36830100,0.36237600,0.35922570,0.35717900,0.35462930,0.35498730,0.35566970,0.35612400,0.35825100,0.36141070,0.36557200,0.36999030,0.37323470,0.37924230,0.38471130,0.38986730,0.39378470,0.39511900,0.39215330,0.38263700,0.36812370,0.35430330,0.34197000,0.33243370,0.32558500,0.31960370,0.30887400,0.30116670,0.30094930,0.30919930,0.31133100,0.30770800,0.30503700,0.30700570,0.31430430,0.31710900,0.31864430,0.31926530,0.31940570,0.31825330
0.51303910,0.51379420,0.51447580,0.51558580,0.51649030,0.51751350,0.51800300,0.51931780,0.51969220,0.52051200,0.52127030,0.52122950,0.52213030,0.52257620,0.52308820,0.52340050,0.52318620,0.52287100,0.52272730,0.52218130,0.52131730,0.52039180,0.51968950,0.51902030,0.51852970,0.51838380,0.51836470,0.51887170,0.51974100,0.52079380,0.52130200,0.52171280,0.52224620,0.52233720,0.52254050,0.52253930,0.52291350,0.52268150,0.52259270,0.52240950,0.52234670,0.52172080,0.52070730,0.51910550,0.51726820,0.51581080,0.51399200,0.51176550,0.50994180,0.50717770,0.50217120,0.49434630,0.48466620,0.47390130,0.46529030,0.45888470,0.45553670,0.45409830,0.45385430,0.45430500,0.45588980,0.45766930,0.45933980,0.46135350,0.46365480,0.46534030,0.46661950,0.46772220,0.46800220,0.46858420,0.46890670,0.46908380,0.46954420,0.47009000,0.47092470,0.47243750,0.47300770,0.47402150,0.47452270,0.47474520,0.47460730,0.47419130,0.47254080,0.47060270,0.46824500,0.46622550,0.46382380,0.46055220,0.45883680,0.45593470,0.45322170,0.45077970,0.45229520,0.45464150,0.45497470,0.45486270,0.45559000,0.45722530,0.45867920,0.45970380,0.45993670,0.46113700,0.46198750,0.46246350,0.46416950,0.46534020,0.46573020,0.46584450,0.46456350,0.46116070,0.45394400,0.43631070,0.41439280,0.38349700,0.35795320,0.34208730,0.33588770,0.33599400,0.34088520,0.34730880,0.35578000,0.36363480,0.37074400,0.37763780,0.38238530,0.38700400,0.39003800,0.39008120,0.38755750,0.38471220,0.37831450,0.37182450,0.36623400,0.36140070,0.35750070,0.35455970,0.35166600,0.34943520,0.34725330,0.34639230,0.34630820,0.34597700,0.34712680,0.34641430,0.34903250,0.35028450,0.35203880,0.35407350,0.35557900,0.35873270,0.36066050,0.36359380,0.36401630,0.36537120,0.36004230,0.35307150,0.34257920,0.33247750,0.32367270,0.31641780,0.31325450,0.30631830,0.30098520,0.29503620,0.29365950,0.29969320,0.30133770,0.30238000,0.30018000,0.30123750,0.30547620,0.30707770,0.30899830,0.30931330,0.30841020,0.30734330
0.52981770,0.53179470,0.53376830,0.53518100,0.53672770,0.53813130,0.53947000,0.54043400,0.54181130,0.54305730,0.54413670,0.54500870,0.54575100,0.54571130,0.54665400,0.54655170,0.54731070,0.54742230,0.54712170,0.54654400,0.54654270,0.54535130,0.54472770,0.54462330,0.54403530,0.54448230,0.54432470,0.54427100,0.54587670,0.54586300,0.54768430,0.54781470,0.54800470,0.54892700,0.54802900,0.54896130,0.54892030,0.54863570,0.54906630,0.54852770,0.54805470,0.54761770,0.54691700,0.54509800,0.54395300,0.54153530,0.53992470,0.53816930,0.53525370,0.53230530,0.52699500,0.51849200,0.50820070,0.49871170,0.48977970,0.48443830,0.48186470,0.48132070,0.48027800,0.48051700,0.48257500,0.48378630,0.48659330,0.48864200,0.49053830,0.49253970,0.49410770,0.49525200,0.49554430,0.49647970,0.49700730,0.49709800,0.49802700,0.49855830,0.49956330,0.50016330,0.50153200,0.50222130,0.50248200,0.50290270,0.50295800,0.50205570,0.50011570,0.49858600,0.49668570,0.49514400,0.49321770,0.49041470,0.48795200,0.48484500,0.48246330,0.48051100,0.48135330,0.48241200,0.48178100,0.48239030,0.48278400,0.48340630,0.48497070,0.48617370,0.48671070,0.48833600,0.48843300,0.48880030,0.48985400,0.48959130,0.49026730,0.49041830,0.49142300,0.48729830,0.47952170,0.45823970,0.43413430,0.40032000,0.37083270,0.35518600,0.34827630,0.35076170,0.35628070,0.36391330,0.37256600,0.38041400,0.38703930,0.39417970,0.40010330,0.40541930,0.40963870,0.40986130,0.41095200,0.40830130,0.40381400,0.40070870,0.39588330,0.39151530,0.38928370,0.38677370,0.38485270,0.38145070,0.38000100,0.37758200,0.37687130,0.37759730,0.37690970,0.37642830,0.37794570,0.37943100,0.38073700,0.38262200,0.38569770,0.38890270,0.39208330,0.39374930,0.39711530,0.39774930,0.39660400,0.38974070,0.38268470,0.37280500,0.36292170,0.35554200,0.35108900,0.34591030,0.33927170,0.33438300,0.33310770,0.33795270,0.33588600,0.33594730,0.33351470,0.33549970,0.33814970,0.33863200,0.33988730,0.34030300,0.33689870,0.33429730
0.44899630,0.45231900,0.45597220,0.45938130,0.46270070,0.46610680,0.46934850,0.47294120,0.47643150,0.47980220,0.48324450,0.48633630,0.48983700,0.49278220,0.49596200,0.49817950,0.50161470,0.50384370,0.50627430,0.50798530,0.50997200,0.51164430,0.51319670,0.51551370,0.51771250,0.52026020,0.52348720,0.52567780,0.52982050,0.53290150,0.53653380,0.53932700,0.54184770,0.54519550,0.54747430,0.54964700,0.55191450,0.55392100,0.55626380,0.55758850,0.55930700,0.56012850,0.56073650,0.55988080,0.55941950,0.55848950,0.55702800,0.55625820,0.55327950,0.54938950,0.54080150,0.52803270,0.51349200,0.50153800,0.49207600,0.48659350,0.48408820,0.48393350,0.48471780,0.48732050,0.49180650,0.49553270,0.50004180,0.50537870,0.50995820,0.51390800,0.51712900,0.51970550,0.52221000,0.52445650,0.52669250,0.52830830,0.52956780,0.53246250,0.53414720,0.53674620,0.53875420,0.54024420,0.54104900,0.54221000,0.54235330,0.54063100,0.53799620,0.53593350,0.53436880,0.53185930,0.53084120,0.52677100,0.52383630,0.52059150,0.51579680,0.51388280,0.51674920,0.51951850,0.51969850,0.51945050,0.52053750,0.52210450,0.52424000,0.52456580,0.52531650,0.52747050,0.52822980,0.52928280,0.53181250,0.53248350,0.53372530,0.53436300,0.53192150,0.52450620,0.50836050,0.47496600,0.43331450,0.38120500,0.34039050,0.32231980,0.31753030,0.32227630,0.33231130,0.34519670,0.35760670,0.36993500,0.38110330,0.39218570,0.40267350,0.41101150,0.41812020,0.42189980,0.42176370,0.41751870,0.41367380,0.40689720,0.40281000,0.39957120,0.39623070,0.39227770,0.38984280,0.38779130,0.38553320,0.38371700,0.38246420,0.38015550,0.37999800,0.37855300,0.38124350,0.38178200,0.38515000,0.38778700,0.39057320,0.39385630,0.39745430,0.40036700,0.40215280,0.40189080,0.39607300,0.38470120,0.37098720,0.35902700,0.34849570,0.34234180,0.33956300,0.33340980,0.32704350,0.31954670,0.31873150,0.32492250,0.32600970,0.32466300,0.32231200,0.32171250,0.32544730,0.32706520,0.32598800,0.32488200,0.32546880,0.32174820
0.53493460,0.53731280,0.53997080,0.54180400,0.54460470,0.54661020,0.54906980,0.55120580,0.55336150,0.55572070,0.55777730,0.55977300,0.56102800,0.56218250,0.56441320,0.56555850,0.56669550,0.56761400,0.56824150,0.56800720,0.56813800,0.56815100,0.56742720,0.56807280,0.56836900,0.56935400,0.57072000,0.57163170,0.57429030,0.57685100,0.57912030,0.58041320,0.58180220,0.58310970,0.58421600,0.58521950,0.58617130,0.58679230,0.58827320,0.58828150,0.58832170,0.58828800,0.58721080,0.58533550,0.58349300,0.58064120,0.57794820,0.57591520,0.57204700,0.56661550,0.55756470,0.54331000,0.52693550,0.51171980,0.49926180,0.49144700,0.48685420,0.48445750,0.48407070,0.48557350,0.48931570,0.49247500,0.49644930,0.50078330,0.50475850,0.50818170,0.51107050,0.51306000,0.51469770,0.51647100,0.51792230,0.51890570,0.51992020,0.52188600,0.52343350,0.52560130,0.52619200,0.52824400,0.52931470,0.53018350,0.53079900,0.52913150,0.52629780,0.52358480,0.52176720,0.51937550,0.51671980,0.51209700,0.50820000,0.50431970,0.50009000,0.49767820,0.50052370,0.50300770,0.50303680,0.50255400,0.50340320,0.50509750,0.50756220,0.50805450,0.50875970,0.51137620,0.51190970,0.51354100,0.51576030,0.51647000,0.51683180,0.51761350,0.51569380,0.50941850,0.49719800,0.46634850,0.42818480,0.38025950,0.34101630,0.32132580,0.31331430,0.31634220,0.32479200,0.33571930,0.34816680,0.35926120,0.37000670,0.38114520,0.38928830,0.39733020,0.40415880,0.40573700,0.40370400,0.40019230,0.39342430,0.38688300,0.38067770,0.37510650,0.36947830,0.36687400,0.36265320,0.36078070,0.35713900,0.35527700,0.35377300,0.35302800,0.35214730,0.35191100,0.35365100,0.35525020,0.35755700,0.36053700,0.36344800,0.36792350,0.37142620,0.37366620,0.37727200,0.37718150,0.37286830,0.36335570,0.35120700,0.33731300,0.32741780,0.32053580,0.31550220,0.31097500,0.30359230,0.29737230,0.29554450,0.30102880,0.30296250,0.30163200,0.29944870,0.30146420,0.30584800,0.30762330,0.30713620,0.30584680,0.30536450,0.30395470
0.54404690,0.54522200,0.54646860,0.54675100,0.54773030,0.54888300,0.54951460,0.55055110,0.55130740,0.55204740,0.55269190,0.55302870,0.55342330,0.55331360,0.55335540,0.55326140,0.55348710,0.55336410,0.55257160,0.55151110,0.55042170,0.54908260,0.54711870,0.54674190,0.54544140,0.54565590,0.54590830,0.54579330,0.54740170,0.54811630,0.54999690,0.55034170,0.55084710,0.55164710,0.55144840,0.55186100,0.55224130,0.55177640,0.55214110,0.55190890,0.55151040,0.54995730,0.54914440,0.54698490,0.54465970,0.54211200,0.53863110,0.53687470,0.53325140,0.52888630,0.52101190,0.50940090,0.49524640,0.48102840,0.46852400,0.46101310,0.45514660,0.45257630,0.45180570,0.45207930,0.45432430,0.45651500,0.45960310,0.46273740,0.46557570,0.46830290,0.47017540,0.47140890,0.47261190,0.47337260,0.47368400,0.47482810,0.47577090,0.47688030,0.47787060,0.47969600,0.48131590,0.48309300,0.48407470,0.48583110,0.48597330,0.48529090,0.48349540,0.48174230,0.47966930,0.47709470,0.47451570,0.47018600,0.46690530,0.46414290,0.46003510,0.45785330,0.46035070,0.46122170,0.46113090,0.46117190,0.46261460,0.46397700,0.46581440,0.46724660,0.46754890,0.46962360,0.46999090,0.47129660,0.47357590,0.47398960,0.47623490,0.47590400,0.47547760,0.47043330,0.46010100,0.42727710,0.39727770,0.35970000,0.32530170,0.30785270,0.29971430,0.30081100,0.30732400,0.31561010,0.32549430,0.33473360,0.34324560,0.35230700,0.35937610,0.36624060,0.37046160,0.37178370,0.37016840,0.36558310,0.35865000,0.35251430,0.34665160,0.34059710,0.33671690,0.33287810,0.33043770,0.32822090,0.32512490,0.32394090,0.32389300,0.32322310,0.32262460,0.32324540,0.32542090,0.32660440,0.32866210,0.33110760,0.33269330,0.33680730,0.34006330,0.34378340,0.34680560,0.34798510,0.34459110,0.33800660,0.32583290,0.31389670,0.30594510,0.29898000,0.29496760,0.28979900,0.28305290,0.27749440,0.27605610,0.28070290,0.28322360,0.28225500,0.28076570,0.28222100,0.28580290,0.28770830,0.28902360,0.28820260,0.28642090,0.28470910
0.55632070,0.55703960,0.55748740,0.55803280,0.55844740,0.55895220,0.55918320,0.55971020,0.56003260,0.56018420,0.56072860,0.56052900,0.56052580,0.56050780,0.56048180,0.56004900,0.56017440,0.55975000,0.55911980,0.55776980,0.55717800,0.55586480,0.55495140,0.55417900,0.55321660,0.55289640,0.55280020,0.55295660,0.55315840,0.55376160,0.55442400,0.55476860,0.55496640,0.55478840,0.55478540,0.55466940,0.55410360,0.55477340,0.55452760,0.55399600,0.55424040,0.55311920,0.55177480,0.55070320,0.54895620,0.54680420,0.54497540,0.54316620,0.54089160,0.53825380,0.53354760,0.52551320,0.51507200,0.50368600,0.49380540,0.48625240,0.48115200,0.47784940,0.47673480,0.47671400,0.47782580,0.47941360,0.48161760,0.48325760,0.48529280,0.48710840,0.48854160,0.48986400,0.49040220,0.49080900,0.49080540,0.49143700,0.49164160,0.49216200,0.49310820,0.49424240,0.49538960,0.49619460,0.49733020,0.49813080,0.49890120,0.49778840,0.49647460,0.49511580,0.49407020,0.49361300,0.49088140,0.48751920,0.48415900,0.48086180,0.47901800,0.47827000,0.47953800,0.48090580,0.48024040,0.48030540,0.48049620,0.48206500,0.48297380,0.48366400,0.48442120,0.48519480,0.48614140,0.48669300,0.48796720,0.48883360,0.48971180,0.49036420,0.48961740,0.48700340,0.48158640,0.46308380,0.44234940,0.41358120,0.38787400,0.37149100,0.36707960,0.36820120,0.37407840,0.38139700,0.38878140,0.39566820,0.40145840,0.40642180,0.41189600,0.41586520,0.41730920,0.41617740,0.41295360,0.40787420,0.40041880,0.39272680,0.38512820,0.37973460,0.37471700,0.37083160,0.36525100,0.36258540,0.35982120,0.35644040,0.35615360,0.35515960,0.35473100,0.35280280,0.35394640,0.35495080,0.35707060,0.35859440,0.36083540,0.36410800,0.36688780,0.37033460,0.37345340,0.37467560,0.37538780,0.37064620,0.36275600,0.35538440,0.34825620,0.34262660,0.33859820,0.33502040,0.33032140,0.32534400,0.32367400,0.32977900,0.33078300,0.32807660,0.32678100,0.32901620,0.33483200,0.33495240,0.33733560,0.33834120,0.33752160,0.33636600
0.53889380,0.54046330,0.54236570,0.54421200,0.54596400,0.54771190,0.54926490,0.55101740,0.55269110,0.55413630,0.55597870,0.55669970,0.55784790,0.55851810,0.55973910,0.56001890,0.56058790,0.56076840,0.56083840,0.56025390,0.55953990,0.55857860,0.55763060,0.55740370,0.55721910,0.55700430,0.55794890,0.55815170,0.56014990,0.56183210,0.56384030,0.56433800,0.56518470,0.56662840,0.56652970,0.56709330,0.56745940,0.56805660,0.56860870,0.56826740,0.56807930,0.56720100,0.56602540,0.56363000,0.56114230,0.55846840,0.55587330,0.55353060,0.54974340,0.54489870,0.53639540,0.52376770,0.50867590,0.49432130,0.48276700,0.47526790,0.47085630,0.46854440,0.46830200,0.46877360,0.47129970,0.47412130,0.47793370,0.48092490,0.48445660,0.48692570,0.48941040,0.49108830,0.49283930,0.49344090,0.49453800,0.49549660,0.49627330,0.49777210,0.49901630,0.50079630,0.50206400,0.50370760,0.50463530,0.50562610,0.50580690,0.50428470,0.50246440,0.49998410,0.49793240,0.49528030,0.49307190,0.48819400,0.48467570,0.48138930,0.47705510,0.47543100,0.47764160,0.47955510,0.47874060,0.47873860,0.47942340,0.48108810,0.48312710,0.48392600,0.48435710,0.48663060,0.48681360,0.48840490,0.49081000,0.49129290,0.49268910,0.49271770,0.49050210,0.48580140,0.47595900,0.44969730,0.41819390,0.37417260,0.33994830,0.32091200,0.31329300,0.31565100,0.32285710,0.33216870,0.34234890,0.35270930,0.36133410,0.37061340,0.37949670,0.38642900,0.39112410,0.39296860,0.39148970,0.38745640,0.38204990,0.37562810,0.36889110,0.36448460,0.36000660,0.35582070,0.35353170,0.35256730,0.34919900,0.34762830,0.34756240,0.34617540,0.34505130,0.34493710,0.34813960,0.35024030,0.35202910,0.35476400,0.35628390,0.36054460,0.36341000,0.36567930,0.36913640,0.36866910,0.36423330,0.35544990,0.34261540,0.33107290,0.32224000,0.31549130,0.31011830,0.30582800,0.29899930,0.29309360,0.29114440,0.29598440,0.29781960,0.29632310,0.29428060,0.29519330,0.29908770,0.30095670,0.30102390,0.29886900,0.29870510,0.29759160
0.47788840,0.48127600,0.48502950,0.48849650,0.49161730,0.49511070,0.49850850,0.50226950,0.50566650,0.50916300,0.51255680,0.51574000,0.51895900,0.52159180,0.52543350,0.52759920,0.53059150,0.53349250,0.53546900,0.53760970,0.53911530,0.54056520,0.54242270,0.54462620,0.54697550,0.54944000,0.55233000,0.55552600,0.55939020,0.56265550,0.56679500,0.56969880,0.57197000,0.57555100,0.57754300,0.57964670,0.58218300,0.58454870,0.58686720,0.58892220,0.59036430,0.59073580,0.59149570,0.59045800,0.59001250,0.58857020,0.58748920,0.58625800,0.58323850,0.57866200,0.56951450,0.55550470,0.53955770,0.52547700,0.51507100,0.50875150,0.50589170,0.50552350,0.50615470,0.50838250,0.51323950,0.51752050,0.52218700,0.52733070,0.53172470,0.53626020,0.53971170,0.54324000,0.54545830,0.54773670,0.54975230,0.55218180,0.55378100,0.55601000,0.55793120,0.56054900,0.56253580,0.56431280,0.56554480,0.56679080,0.56705970,0.56530900,0.56276670,0.55948870,0.55774080,0.55640400,0.55430650,0.55037330,0.54674330,0.54263550,0.53818180,0.53667950,0.54002170,0.54212500,0.54183580,0.54270600,0.54372600,0.54564080,0.54813370,0.54896750,0.54949400,0.55165400,0.55378320,0.55510250,0.55765270,0.55840150,0.55904800,0.55899150,0.55545000,0.54857150,0.53435400,0.49980170,0.45668350,0.40443750,0.36093350,0.34111600,0.33436500,0.33921750,0.34900070,0.36179720,0.37559120,0.38742400,0.39879980,0.41130180,0.42158800,0.43070480,0.43745500,0.44020400,0.43970700,0.43728700,0.43201220,0.42551550,0.42066000,0.41596150,0.41208700,0.40902950,0.40591730,0.40269280,0.40015180,0.39751370,0.39608550,0.39487180,0.39340870,0.39308200,0.39553570,0.39770400,0.40114670,0.40371900,0.40679980,0.41039120,0.41467830,0.41761520,0.42034120,0.42038550,0.41322630,0.40284520,0.38843070,0.37622970,0.36483930,0.35832100,0.35388630,0.34733000,0.33908100,0.33172570,0.33062080,0.33663050,0.33851980,0.33663320,0.33293570,0.33530430,0.33955220,0.34088250,0.33977170,0.33786620,0.33667570,0.33489650
0.55455930,0.55609600,0.55761860,0.55865600,0.56006500,0.56147880,0.56242520,0.56402260,0.56485940,0.56619260,0.56692180,0.56764760,0.56866160,0.56916540,0.56995380,0.56988740,0.57039160,0.57029660,0.56979380,0.56927080,0.56763700,0.56639300,0.56534760,0.56453740,0.56406860,0.56402240,0.56392900,0.56507840,0.56604840,0.56821300,0.56911700,0.56999040,0.57106580,0.57149460,0.57169760,0.57236360,0.57250980,0.57259520,0.57326060,0.57304680,0.57261900,0.57191800,0.57042900,0.56811600,0.56579920,0.56202580,0.55901300,0.55705400,0.55378560,0.54836400,0.54089580,0.52816080,0.51264840,0.49642300,0.48259000,0.47213360,0.46620440,0.46315280,0.46170300,0.46228460,0.46451080,0.46661640,0.46992920,0.47302880,0.47600600,0.47853020,0.48080760,0.48279220,0.48348340,0.48414400,0.48442560,0.48515020,0.48599720,0.48741060,0.48859060,0.49036080,0.49199440,0.49379740,0.49570540,0.49635080,0.49710060,0.49625740,0.49431940,0.49223000,0.49093280,0.48808180,0.48499560,0.48064620,0.47622320,0.47244860,0.46870560,0.46644060,0.46840140,0.47082540,0.47012220,0.47003000,0.47157880,0.47320600,0.47503660,0.47640400,0.47710740,0.47913200,0.47987540,0.48176100,0.48386360,0.48538060,0.48626520,0.48609640,0.48427220,0.47901800,0.46864740,0.44568240,0.41563080,0.37608080,0.34031600,0.31889080,0.31059900,0.31049260,0.31515400,0.32487460,0.33489000,0.34363460,0.35233820,0.36129320,0.36777100,0.37467240,0.37862060,0.37883480,0.37534360,0.36990000,0.36155840,0.35275660,0.34471540,0.33799700,0.33162040,0.32691280,0.32268360,0.32022100,0.31664780,0.31545760,0.31442820,0.31388260,0.31493940,0.31582140,0.31855080,0.32103960,0.32346020,0.32626840,0.32925580,0.33305500,0.33711340,0.33989720,0.34364420,0.34400180,0.34082440,0.33235000,0.32110400,0.30845480,0.29937460,0.29209680,0.28622260,0.27979580,0.27334020,0.26709020,0.26524700,0.26907880,0.27077400,0.27077480,0.26989940,0.27122780,0.27558440,0.27810520,0.27838900,0.27782180,0.27652820,0.27439060
0.60906430,0.60990020,0.61126650,0.61191530,0.61253690,0.61322550,0.61385020,0.61498350,0.61529550,0.61608960,0.61695760,0.61691630,0.61728200,0.61745880,0.61807000,0.61753850,0.61800140,0.61773450,0.61664950,0.61613760,0.61527790,0.61376420,0.61237090,0.61203450,0.61095870,0.61089970,0.61116770,0.61157730,0.61307610,0.61404750,0.61545410,0.61614900,0.61626080,0.61748620,0.61716220,0.61739300,0.61783640,0.61790840,0.61840460,0.61759420,0.61713760,0.61662630,0.61534870,0.61319230,0.61168150,0.60818100,0.60592260,0.60463450,0.60112150,0.59676080,0.58991350,0.57873020,0.56601250,0.55233620,0.54026980,0.53104340,0.52622920,0.52379900,0.52247250,0.52269210,0.52499370,0.52728050,0.52982050,0.53245240,0.53565910,0.53770860,0.53955040,0.54098630,0.54217390,0.54328510,0.54424400,0.54419260,0.54497960,0.54685550,0.54748390,0.54903130,0.55023150,0.55190180,0.55310660,0.55461660,0.55548580,0.55453080,0.55360660,0.55177840,0.55006770,0.54779750,0.54413340,0.53968580,0.53629900,0.53209250,0.52849270,0.52587500,0.52778450,0.52961400,0.52998210,0.53009360,0.53101920,0.53306010,0.53569560,0.53740910,0.53812710,0.54010140,0.54070100,0.54181890,0.54390940,0.54378550,0.54579110,0.54657990,0.54656090,0.54227350,0.53233800,0.50273650,0.47408150,0.43541620,0.40042770,0.37919560,0.37033640,0.36918250,0.37499220,0.38350720,0.39295740,0.40318400,0.41178010,0.42074390,0.42846750,0.43531450,0.44060420,0.44222800,0.44113910,0.43692500,0.43064750,0.42422590,0.41717700,0.41260290,0.40780790,0.40466390,0.40235170,0.40060680,0.39753760,0.39717720,0.39699900,0.39695390,0.39691270,0.39812240,0.39968640,0.40152710,0.40474700,0.40676380,0.40997170,0.41444080,0.41916850,0.42181470,0.42590200,0.42800210,0.42509680,0.41937100,0.40918420,0.39647290,0.38618630,0.37654580,0.37068190,0.36383150,0.35711360,0.34962460,0.34495040,0.35268200,0.35691190,0.35555950,0.35311770,0.35273740,0.35716510,0.35898080,0.35993290,0.35827990,0.35607140,0.35413440
0.59304100,0.59450600,0.59617930,0.59690300,0.59823670,0.59945100,0.60058420,0.60189600,0.60284950,0.60383900,0.60482230,0.60618880,0.60672300,0.60634250,0.60798650,0.60732750,0.60816100,0.60765200,0.60725680,0.60665570,0.60542550,0.60434030,0.60283650,0.60192800,0.60135170,0.60111720,0.60117530,0.60139680,0.60342530,0.60456450,0.60637400,0.60712730,0.60788000,0.60846000,0.60915100,0.60907020,0.60945530,0.60976780,0.61013130,0.60928450,0.60926800,0.60852570,0.60746350,0.60522870,0.60320450,0.60031000,0.59759150,0.59501230,0.59209770,0.58760480,0.58067450,0.57020720,0.55604720,0.54173530,0.52976270,0.52108850,0.51589850,0.51321420,0.51242700,0.51201250,0.51386880,0.51572800,0.51854800,0.52104800,0.52349250,0.52626500,0.52853170,0.52988970,0.53068250,0.53171370,0.53189750,0.53207230,0.53284700,0.53430870,0.53563070,0.53710520,0.53870200,0.54075850,0.54225270,0.54379070,0.54468220,0.54333030,0.54222350,0.53966180,0.53746300,0.53493350,0.53115980,0.52669220,0.52245150,0.51777570,0.51359850,0.51132470,0.51392530,0.51558150,0.51565480,0.51562450,0.51685850,0.51854920,0.52131900,0.52237920,0.52319050,0.52563950,0.52624550,0.52780050,0.52962430,0.53092350,0.53191700,0.53223830,0.53109170,0.52598150,0.51805000,0.49361700,0.46471350,0.42582900,0.39127350,0.36938520,0.35908630,0.35755600,0.36333250,0.37096400,0.38124420,0.39105250,0.39949550,0.40885500,0.41723320,0.42375300,0.42856950,0.43042920,0.42830950,0.42390300,0.41724530,0.41019150,0.40245220,0.39528850,0.39058000,0.38591630,0.38329480,0.37995800,0.37834600,0.37677270,0.37794620,0.37869230,0.37844220,0.37992050,0.38256180,0.38492980,0.38835200,0.39013470,0.39396230,0.39769600,0.40137530,0.40300050,0.40779000,0.40760570,0.40368570,0.39548950,0.38201500,0.36846600,0.35672650,0.34765680,0.34079450,0.33371700,0.32460650,0.31716600,0.31590950,0.32139700,0.32453470,0.32369670,0.32042880,0.32175380,0.32640150,0.32924980,0.33060150,0.32913350,0.32646650,0.32781250
0.54813060,0.55046290,0.55319460,0.55473330,0.55667720,0.55865220,0.56011490,0.56231020,0.56402000,0.56590400,0.56739730,0.56903000,0.57024920,0.57079220,0.57214660,0.57277620,0.57401600,0.57376660,0.57402570,0.57400600,0.57346700,0.57320990,0.57219220,0.57231670,0.57238440,0.57319670,0.57383810,0.57394470,0.57683940,0.57843430,0.58039310,0.58148980,0.58284390,0.58415140,0.58442120,0.58566070,0.58594360,0.58653800,0.58790890,0.58801570,0.58801590,0.58741830,0.58702900,0.58450320,0.58261640,0.58043740,0.57737100,0.57600200,0.57230640,0.56784670,0.56054130,0.54907500,0.53496310,0.52200600,0.51027560,0.50328620,0.49937060,0.49799570,0.49790600,0.49903430,0.50232340,0.50463860,0.50853170,0.51124480,0.51465790,0.51841500,0.52069220,0.52177060,0.52382470,0.52460340,0.52582170,0.52651480,0.52791330,0.52960800,0.53055600,0.53283340,0.53448920,0.53671530,0.53676630,0.53828960,0.53860960,0.53744840,0.53490110,0.53172940,0.52976830,0.52633710,0.52230890,0.51869230,0.51439600,0.51085640,0.50681660,0.50417640,0.50690420,0.50942630,0.50961410,0.50958320,0.51181540,0.51269570,0.51555430,0.51673680,0.51662770,0.51864280,0.51952700,0.52075170,0.52293330,0.52356140,0.52472810,0.52631010,0.52641680,0.52245520,0.51122690,0.47856570,0.44509720,0.40319930,0.36669870,0.34935290,0.34362910,0.34677610,0.35437420,0.36519310,0.37526780,0.38628780,0.39545760,0.40502670,0.41220270,0.41900080,0.42358240,0.42488830,0.42325030,0.41915380,0.41234370,0.40385930,0.39847920,0.39320000,0.38988820,0.38695760,0.38408580,0.38192240,0.37891620,0.37873020,0.37824600,0.37708930,0.37694600,0.37625820,0.37761740,0.37945030,0.38087180,0.38289280,0.38636400,0.38983490,0.39295180,0.39714330,0.39868040,0.39803770,0.39340640,0.38291580,0.36919560,0.35629700,0.34530380,0.33835340,0.33325520,0.32643000,0.31824100,0.31113140,0.31000190,0.31638900,0.31838010,0.31744270,0.31460920,0.31564630,0.32030700,0.32352270,0.32315300,0.32348820,0.32339260,0.32137390
0.60564730,0.60722620,0.60910880,0.61030680,0.61202670,0.61311170,0.61472550,0.61612300,0.61687080,0.61831600,0.61929250,0.62022800,0.62069970,0.62118530,0.62241050,0.62180520,0.62239120,0.62182070,0.62130100,0.61997520,0.61858850,0.61714200,0.61520970,0.61426100,0.61345930,0.61301630,0.61327450,0.61310250,0.61563620,0.61698070,0.61840720,0.61932180,0.61995920,0.62068450,0.62074350,0.62100900,0.62164170,0.62195920,0.62251050,0.62210070,0.62203130,0.62065650,0.61953580,0.61701950,0.61355570,0.60984470,0.60624120,0.60311380,0.59908300,0.59420220,0.58575750,0.57265620,0.55566380,0.53701950,0.52101530,0.50930300,0.50128970,0.49711600,0.49560350,0.49573220,0.49846220,0.50118620,0.50452220,0.50767480,0.51090580,0.51435200,0.51670950,0.51806450,0.51907520,0.52025620,0.52008550,0.52081120,0.52183750,0.52270420,0.52431450,0.52596500,0.52809020,0.53031000,0.53113330,0.53293300,0.53363550,0.53254580,0.53070620,0.52784600,0.52592850,0.52335050,0.51925600,0.51380920,0.50848200,0.50345600,0.50012180,0.49829420,0.50154150,0.50452550,0.50408380,0.50426050,0.50575250,0.50775550,0.51071450,0.51184550,0.51260850,0.51501270,0.51604750,0.51710200,0.51964370,0.52114200,0.52238420,0.52301580,0.52201550,0.51739080,0.50968750,0.49344850,0.46545620,0.42313480,0.38938130,0.36987920,0.36233550,0.36683950,0.37441530,0.38351950,0.39293570,0.40159680,0.40943050,0.41679620,0.42290470,0.42841100,0.42928450,0.42625800,0.41940330,0.41016280,0.39889920,0.38866020,0.37836520,0.36915320,0.36241520,0.35638300,0.35137050,0.34694430,0.34324600,0.34045100,0.33786130,0.33633300,0.33576480,0.33491220,0.33727250,0.33915530,0.34103070,0.34302050,0.34608850,0.35092250,0.35406480,0.35857620,0.36354670,0.36458250,0.36338720,0.35560030,0.34478430,0.33384170,0.32424780,0.31746850,0.31175700,0.30648370,0.29905050,0.29236750,0.29122750,0.29752370,0.29907950,0.29764630,0.29562450,0.29899750,0.30413970,0.30712500,0.30863300,0.30925750,0.30913080,0.30719250
0.65189850,0.65351120,0.65553230,0.65771000,0.65951900,0.66069400,0.66264500,0.66401150,0.66516470,0.66656050,0.66788230,0.66848050,0.66945630,0.66915770,0.67061320,0.67060030,0.67098480,0.67088450,0.67045550,0.66973550,0.66902500,0.66752700,0.66570770,0.66562630,0.66465680,0.66441550,0.66452280,0.66522050,0.66646320,0.66748900,0.66901270,0.66966850,0.66994520,0.67022750,0.67004450,0.67032300,0.67010950,0.67039820,0.67074750,0.66986680,0.66980050,0.66923620,0.66768200,0.66563500,0.66379900,0.66059250,0.65813500,0.65590450,0.65164430,0.64735670,0.64092820,0.63019550,0.61677000,0.60404520,0.59367820,0.58632770,0.58313380,0.58179080,0.58156830,0.58200400,0.58407900,0.58568200,0.58818750,0.59119980,0.59338120,0.59572670,0.59783200,0.59895780,0.59969450,0.60117500,0.60136580,0.60200130,0.60292580,0.60345820,0.60398170,0.60525350,0.60670730,0.60752900,0.60733470,0.60867630,0.60814700,0.60740580,0.60498350,0.60213600,0.59990470,0.59685670,0.59269130,0.58863450,0.58417970,0.57954530,0.57524470,0.57350820,0.57485950,0.57670620,0.57628100,0.57719980,0.57792500,0.57904550,0.58253900,0.58440700,0.58587470,0.58761720,0.58804370,0.58855770,0.59042820,0.59044970,0.59171470,0.59222620,0.59194150,0.58768450,0.57887500,0.55427720,0.52482720,0.48476320,0.44887530,0.42906250,0.42053080,0.42185870,0.42780550,0.43550550,0.44417170,0.45305620,0.46080070,0.46915820,0.47589300,0.48212100,0.48534900,0.48747450,0.48627550,0.48266700,0.47691050,0.47161120,0.46594830,0.46073900,0.45862900,0.45398180,0.45207630,0.44867720,0.44677400,0.44445550,0.44492180,0.44366820,0.44409820,0.44315320,0.44481200,0.44587750,0.44760580,0.44986720,0.45255730,0.45697050,0.46072680,0.46493680,0.46719420,0.46842220,0.46592580,0.45815250,0.44729750,0.43353370,0.41989800,0.41081920,0.40394830,0.39591980,0.38574100,0.37936250,0.37829630,0.38457870,0.38546300,0.38521970,0.38312130,0.38295570,0.38736700,0.39023250,0.39221630,0.39240720,0.39033400,0.38701830
0.58396510,0.58455840,0.58488940,0.58581240,0.58571680,0.58630680,0.58692740,0.58693780,0.58771120,0.58775700,0.58788980,0.58783180,0.58803640,0.58802500,0.58813840,0.58767240,0.58761440,0.58687720,0.58610260,0.58501420,0.58342260,0.58221900,0.58080880,0.57929460,0.57844840,0.57791120,0.57743780,0.57789700,0.57844200,0.57944320,0.58060400,0.58073400,0.58081280,0.58114700,0.58102700,0.58083360,0.58086700,0.58113240,0.58094840,0.58076120,0.58045320,0.57959960,0.57792100,0.57611560,0.57413000,0.57090740,0.56876960,0.56640080,0.56437460,0.56109560,0.55536780,0.54728160,0.53536900,0.52215740,0.51115060,0.50268420,0.49699640,0.49383100,0.49224180,0.49199820,0.49309500,0.49463780,0.49652460,0.49844660,0.50099380,0.50265800,0.50387960,0.50510720,0.50532360,0.50567880,0.50592640,0.50661820,0.50617000,0.50761320,0.50859920,0.51016460,0.51152780,0.51326820,0.51433780,0.51505640,0.51602700,0.51610080,0.51477000,0.51302780,0.51144780,0.50876060,0.50516980,0.50067040,0.49775900,0.49343220,0.49137560,0.48964660,0.49159860,0.49276400,0.49268520,0.49310980,0.49418780,0.49655060,0.49771160,0.49894860,0.49981200,0.50099200,0.50184460,0.50366500,0.50398680,0.50545120,0.50683080,0.50804580,0.50672900,0.50437060,0.49781120,0.48195160,0.46215280,0.42102260,0.40445860,0.38709360,0.37859340,0.38103820,0.38555120,0.39279580,0.40050260,0.40821940,0.41489860,0.42080640,0.42507480,0.43092280,0.43107980,0.42940740,0.42280520,0.41765640,0.40799880,0.39992800,0.38977540,0.38210800,0.37677180,0.37211480,0.36810780,0.36472660,0.36166500,0.36014880,0.35982160,0.35942900,0.35973880,0.35666080,0.35979320,0.36191200,0.36324980,0.36442940,0.36764720,0.37148320,0.37565180,0.37854200,0.38145360,0.38313060,0.38073720,0.37446940,0.36548620,0.35365540,0.34426240,0.33667700,0.33304780,0.32773660,0.32107900,0.31505220,0.31443380,0.31965020,0.32247680,0.32067580,0.31811720,0.32100980,0.32524740,0.32826680,0.32903120,0.32823360,0.32931260,0.32910220
0.44493340,0.44810440,0.45157700,0.45505320,0.45831880,0.46179140,0.46516700,0.46865320,0.47194220,0.47550460,0.47904500,0.48225280,0.48532080,0.48835820,0.49167720,0.49431700,0.49720580,0.49996420,0.50216400,0.50403520,0.50586480,0.50758260,0.50905640,0.51157800,0.51358760,0.51645920,0.51966280,0.52242400,0.52681580,0.53021780,0.53428820,0.53735800,0.54063660,0.54339380,0.54621720,0.54867440,0.55120860,0.55368540,0.55621740,0.55799860,0.55964880,0.56086040,0.56150600,0.56118440,0.56086520,0.55972020,0.55905620,0.55809460,0.55578540,0.55138080,0.54331980,0.53056460,0.51661480,0.50431660,0.49530320,0.48979520,0.48751900,0.48679320,0.48831320,0.49023640,0.49451940,0.49818760,0.50285420,0.50733640,0.51220560,0.51628220,0.52068620,0.52358200,0.52605540,0.52857340,0.53064600,0.53252760,0.53428780,0.53750660,0.53912960,0.54189440,0.54424520,0.54642300,0.54754860,0.54887820,0.55010740,0.54843540,0.54598500,0.54345580,0.54148600,0.53853200,0.53677680,0.53235700,0.52873120,0.52435720,0.52018960,0.51811860,0.52128840,0.52408420,0.52476320,0.52506180,0.52646960,0.52914760,0.53134340,0.53180420,0.53325840,0.53601140,0.53650760,0.53833740,0.54111500,0.54169500,0.54338360,0.54319300,0.54151480,0.53381840,0.51978120,0.48618560,0.44338380,0.39261300,0.35296360,0.33355620,0.32788480,0.33228980,0.34130300,0.35187500,0.36447440,0.37644120,0.38748340,0.39894800,0.40854040,0.41695940,0.42431940,0.42735940,0.42564420,0.42313540,0.41838420,0.41178540,0.40716500,0.40319520,0.40106060,0.39834820,0.39586040,0.39442000,0.39191880,0.39005680,0.39007340,0.38865260,0.38756920,0.38743400,0.38953860,0.39112360,0.39286880,0.39538640,0.39841360,0.40308660,0.40568380,0.40923160,0.41056960,0.41058960,0.40441280,0.39473400,0.37769160,0.36371660,0.35296600,0.34540180,0.34024600,0.33321200,0.32450320,0.31848960,0.31649420,0.32384400,0.32594000,0.32393360,0.31960520,0.32119800,0.32599780,0.32792000,0.32812040,0.32587260,0.32455260,0.32412700
0.62126270,0.62101660,0.62099480,0.62115420,0.62168780,0.62142240,0.62185560,0.62186860,0.62219220,0.62260540,0.62263160,0.62275920,0.62218980,0.62228700,0.62264520,0.62178340,0.62175920,0.62082180,0.62012520,0.61929560,0.61782360,0.61663460,0.61509460,0.61444160,0.61345040,0.61327360,0.61308020,0.61325720,0.61412880,0.61480240,0.61555220,0.61552640,0.61519380,0.61553760,0.61534840,0.61526520,0.61524480,0.61498900,0.61539880,0.61459360,0.61383120,0.61323240,0.61230200,0.61050600,0.60908560,0.60660860,0.60464100,0.60267400,0.60057520,0.59745200,0.59264680,0.58429600,0.57434500,0.56505480,0.55646520,0.55005380,0.54702620,0.54501420,0.54418900,0.54400200,0.54505180,0.54602460,0.54823240,0.55040060,0.55174240,0.55332680,0.55495640,0.55513700,0.55545680,0.55619240,0.55656300,0.55587040,0.55651100,0.55823840,0.55846760,0.55902720,0.56001960,0.56100780,0.56087200,0.56128780,0.56104480,0.56097920,0.56045680,0.55849940,0.55619100,0.55296940,0.54835680,0.54369260,0.54179160,0.53826880,0.53650580,0.53504560,0.53588540,0.53669920,0.53664560,0.53739880,0.53813320,0.53782480,0.53954560,0.54089700,0.54293000,0.54434080,0.54363300,0.54505400,0.54637620,0.54568920,0.54648140,0.54738280,0.54639320,0.54448860,0.53694940,0.50916200,0.48650880,0.45700520,0.43134560,0.41382160,0.40534980,0.40212220,0.40456020,0.41201120,0.41939380,0.42490640,0.43361120,0.44020440,0.44639360,0.45276940,0.45460500,0.45671620,0.45614140,0.45294400,0.44852280,0.44191860,0.43842540,0.43283340,0.43124520,0.42847160,0.42672780,0.42539300,0.42434000,0.42466180,0.42517200,0.42695220,0.42861120,0.42793820,0.42986200,0.43026660,0.43150360,0.43395820,0.43586440,0.43683640,0.44034960,0.44272040,0.44435320,0.44540900,0.44274800,0.43763880,0.42762900,0.41419820,0.40180860,0.39335800,0.38856420,0.38382320,0.37771160,0.37304960,0.37233780,0.37587520,0.37713120,0.37648820,0.37580980,0.37714260,0.38004520,0.38298320,0.38417800,0.38347120,0.38213680,0.37873840
0.48852780,0.49090140,0.49328780,0.49575820,0.49838260,0.50094220,0.50344020,0.50614680,0.50851800,0.51118120,0.51365720,0.51574700,0.51814180,0.52022480,0.52283440,0.52443360,0.52654100,0.52813200,0.52948700,0.53076420,0.53177940,0.53289480,0.53372660,0.53511480,0.53671080,0.53850300,0.54066080,0.54252820,0.54609100,0.54886680,0.55215960,0.55462080,0.55678840,0.55912060,0.56105480,0.56273820,0.56480260,0.56661780,0.56895520,0.57013020,0.57157460,0.57235540,0.57347940,0.57294520,0.57222900,0.57177320,0.57023360,0.56954180,0.56751220,0.56444780,0.55924180,0.55030500,0.53917060,0.52850200,0.51983940,0.51493680,0.51272660,0.51281480,0.51404240,0.51665520,0.52007080,0.52287340,0.52626740,0.52996760,0.53440340,0.53827100,0.54146560,0.54387520,0.54612720,0.54840360,0.54984900,0.55141760,0.55337440,0.55546260,0.55660860,0.55935380,0.56169320,0.56338980,0.56485700,0.56574940,0.56637260,0.56551020,0.56307120,0.55986380,0.55717320,0.55496600,0.55222860,0.54870420,0.54531900,0.54074800,0.53629060,0.53462840,0.53876500,0.54178140,0.54213180,0.54322100,0.54536240,0.54890320,0.55068720,0.55176060,0.55248140,0.55430940,0.55538380,0.55691660,0.56031740,0.56049460,0.56177340,0.56235160,0.56088880,0.55560360,0.54599260,0.52894260,0.49658580,0.45222760,0.41989100,0.40254540,0.39759200,0.40304200,0.41187420,0.42270780,0.43289340,0.44301400,0.45215140,0.46084920,0.46839600,0.47474280,0.47872260,0.47880620,0.47657240,0.47111100,0.46409480,0.45646300,0.45114420,0.44536560,0.44237980,0.43897960,0.43622240,0.43391140,0.43246580,0.43077180,0.43070120,0.42751720,0.42718080,0.42570280,0.42833700,0.42954860,0.43177160,0.43323160,0.43633120,0.43979760,0.44276360,0.44564380,0.44754160,0.44755140,0.44175560,0.42989720,0.41416520,0.39925400,0.38705140,0.37871260,0.37350600,0.36637760,0.35711040,0.34806860,0.34897940,0.35748680,0.36061640,0.35744400,0.35396580,0.35537920,0.36172740,0.36394820,0.36420920,0.36271620,0.36316500,0.36114720
0.53604230,0.53801270,0.54028200,0.54224980,0.54426770,0.54575550,0.54757870,0.54944030,0.55050820,0.55224730,0.55355950,0.55438630,0.55544570,0.55625280,0.55725500,0.55737600,0.55855980,0.55838450,0.55884300,0.55832700,0.55793480,0.55736550,0.55673100,0.55679020,0.55650080,0.55656530,0.55685920,0.55776630,0.55907870,0.56006570,0.56169300,0.56199730,0.56263630,0.56352820,0.56343950,0.56402900,0.56409420,0.56440830,0.56508220,0.56480200,0.56474630,0.56372400,0.56296220,0.56154550,0.55995800,0.55780770,0.55567800,0.55447250,0.55059550,0.54703650,0.54101070,0.53151070,0.51975250,0.50879530,0.49928020,0.49286300,0.49022830,0.48929370,0.48897120,0.48934730,0.49199520,0.49375320,0.49606200,0.49824150,0.50089580,0.50333620,0.50526530,0.50616720,0.50644670,0.50786270,0.50872800,0.50891600,0.50981580,0.51060570,0.51184500,0.51312170,0.51433500,0.51527780,0.51536320,0.51567150,0.51581050,0.51464270,0.51266420,0.51026550,0.50827170,0.50672130,0.50511880,0.50209320,0.49822870,0.49518270,0.49177270,0.48958430,0.49134820,0.49210380,0.49178550,0.49242980,0.49269050,0.49389230,0.49577370,0.49739920,0.49781820,0.49933180,0.49933830,0.49976570,0.50120000,0.50127580,0.50230370,0.50283250,0.50203770,0.49930870,0.49063830,0.47686080,0.45164280,0.41349750,0.38138030,0.36344070,0.35691450,0.35922470,0.36444380,0.37236700,0.38150650,0.38911880,0.39682320,0.40342370,0.40954600,0.41528530,0.41845480,0.41918870,0.41863300,0.41570650,0.41057070,0.40456220,0.39961070,0.39553380,0.39241880,0.38966170,0.38595120,0.38209730,0.38075270,0.37925900,0.37855000,0.37692520,0.37766370,0.37595120,0.37735030,0.37985970,0.38122480,0.38400870,0.38754500,0.39140330,0.39529220,0.39781350,0.39970620,0.40088650,0.39950000,0.39339570,0.38336020,0.37337580,0.36417070,0.35676670,0.35060520,0.34525830,0.33710470,0.33065870,0.32878900,0.33374580,0.33397330,0.33302870,0.33091170,0.33167920,0.33453750,0.33549780,0.33639600,0.33592970,0.33405480,0.33224830
0.59398900,0.59573780,0.59781300,0.59885830,0.60032130,0.60144250,0.60252300,0.60396820,0.60466100,0.60596650,0.60699420,0.60729950,0.60773120,0.60814370,0.60832800,0.60848820,0.60911930,0.60841300,0.60816350,0.60730880,0.60618900,0.60474180,0.60312450,0.60270900,0.60155920,0.60092770,0.60102520,0.60087200,0.60286350,0.60358580,0.60493320,0.60550050,0.60580480,0.60587020,0.60597270,0.60637570,0.60604300,0.60656250,0.60707700,0.60643230,0.60628500,0.60520570,0.60415280,0.60206950,0.59979480,0.59667520,0.59407180,0.59149070,0.58822470,0.58431500,0.57796230,0.56725150,0.55340820,0.53884700,0.52591700,0.51669070,0.51116480,0.50779600,0.50637050,0.50586530,0.50784370,0.50966400,0.51241300,0.51459070,0.51718850,0.51994850,0.52182150,0.52311120,0.52416470,0.52480780,0.52525750,0.52582800,0.52635580,0.52757830,0.52843650,0.53016680,0.53139550,0.53353100,0.53428820,0.53584830,0.53609020,0.53600180,0.53465870,0.53247000,0.53148930,0.52803120,0.52407630,0.51963950,0.51546700,0.51140100,0.50810000,0.50675570,0.50894380,0.51074980,0.51111570,0.51086750,0.51211370,0.51355530,0.51640450,0.51719200,0.51779950,0.52001350,0.52034120,0.52166500,0.52375300,0.52490380,0.52585450,0.52664580,0.52551650,0.52082420,0.51346050,0.48842700,0.46044420,0.42619000,0.39327920,0.37431720,0.36583850,0.36714600,0.37350000,0.38159550,0.39099450,0.39875950,0.40749100,0.41402200,0.42073950,0.42614280,0.42900850,0.42911350,0.42417100,0.41787400,0.40882130,0.39984830,0.39157350,0.38458730,0.37960820,0.37532120,0.37145900,0.36698400,0.36630300,0.36271870,0.36145930,0.36151820,0.36102370,0.36148230,0.36083870,0.36321520,0.36453230,0.36630950,0.36965980,0.37386500,0.37867450,0.38182070,0.38627100,0.38753980,0.38574720,0.37832220,0.36761250,0.35735000,0.34710550,0.34033230,0.33381000,0.32986180,0.32260730,0.31593530,0.31352970,0.32082870,0.32337180,0.32126350,0.31796770,0.32090950,0.32544300,0.32697520,0.32977120,0.33100880,0.32891450,0.32726900
0.55268800,0.55505450,0.55774730,0.55959150,0.56151900,0.56272980,0.56488630,0.56635950,0.56781950,0.56940900,0.57122780,0.57198420,0.57294100,0.57365250,0.57491730,0.57494220,0.57585030,0.57591330,0.57595600,0.57559870,0.57539480,0.57463170,0.57374150,0.57362450,0.57377650,0.57355770,0.57428600,0.57513880,0.57612070,0.57734150,0.57842150,0.57939630,0.57988450,0.58028650,0.58027900,0.58096730,0.58110130,0.58205700,0.58167230,0.58097550,0.58126070,0.58056220,0.57943470,0.57821220,0.57688200,0.57434220,0.57234830,0.57075800,0.56748250,0.56342950,0.55785050,0.54871500,0.53748020,0.52722480,0.51867600,0.51288350,0.51053080,0.50896350,0.50870520,0.50963900,0.51117650,0.51190550,0.51472370,0.51693830,0.51963420,0.52160230,0.52388370,0.52511400,0.52532350,0.52674770,0.52734450,0.52794530,0.52864370,0.52958970,0.53019750,0.53133150,0.53178000,0.53335450,0.53335980,0.53405600,0.53431370,0.53252330,0.53140920,0.52921320,0.52728100,0.52510430,0.52228600,0.51818150,0.51530180,0.51080550,0.50729480,0.50601000,0.50804300,0.50871350,0.50844030,0.50855620,0.50987950,0.51073880,0.51281700,0.51466050,0.51535800,0.51693470,0.51726200,0.51816700,0.51962980,0.51976830,0.52024950,0.52078500,0.51944200,0.51474830,0.50631020,0.48180250,0.45391920,0.41954550,0.38874120,0.37263520,0.36655080,0.36714770,0.37239850,0.38010620,0.38747230,0.39559300,0.40386400,0.41080730,0.41757780,0.42414430,0.42796970,0.42994850,0.43058900,0.42820450,0.42479850,0.42055580,0.41637100,0.41343530,0.41124200,0.40832830,0.40506920,0.40439450,0.40349180,0.40151200,0.40219850,0.40196720,0.40216830,0.39998200,0.40057050,0.40350030,0.40519550,0.40709880,0.40855170,0.41207780,0.41542250,0.41644400,0.41877720,0.42092080,0.41787750,0.41211280,0.40250450,0.39149500,0.38071000,0.37311650,0.36536300,0.35886780,0.35025480,0.34487950,0.34307920,0.34805170,0.34837830,0.34749080,0.34551450,0.34672370,0.34987850,0.35148750,0.35251780,0.35224070,0.35100550,0.34908650
0.60401320,0.60648840,0.60913580,0.61216600,0.61480420,0.61675940,0.61945520,0.62170800,0.62329860,0.62579160,0.62749760,0.62879080,0.63012560,0.63057380,0.63256780,0.63299040,0.63368740,0.63383060,0.63372680,0.63344700,0.63297900,0.63187360,0.63045800,0.63054640,0.63017280,0.63037380,0.63056680,0.63136440,0.63286620,0.63429820,0.63586920,0.63675620,0.63726300,0.63788600,0.63797860,0.63843060,0.63844380,0.63881640,0.63943680,0.63848020,0.63826460,0.63752160,0.63615720,0.63414200,0.63183580,0.62834500,0.62568700,0.62335500,0.61872860,0.61332240,0.60467840,0.59191380,0.57657920,0.56228100,0.55070400,0.54297700,0.53930920,0.53822280,0.53827080,0.53953240,0.54213200,0.54446060,0.54759180,0.55065040,0.55391580,0.55669440,0.55942620,0.56067420,0.56220280,0.56404020,0.56486880,0.56617600,0.56675980,0.56795320,0.56868100,0.57034320,0.57165400,0.57265260,0.57260900,0.57404780,0.57325680,0.57223680,0.56909920,0.56591540,0.56394020,0.56169460,0.55869460,0.55544840,0.55187320,0.54759300,0.54322200,0.54060300,0.54194600,0.54377620,0.54392440,0.54458660,0.54468420,0.54637360,0.54933420,0.55082260,0.55166320,0.55335100,0.55369400,0.55493520,0.55635040,0.55700180,0.55825920,0.55912940,0.55913020,0.55321960,0.54056800,0.50559100,0.46987400,0.42442080,0.38727860,0.36741440,0.36118480,0.36411980,0.37118460,0.38035900,0.39035700,0.40056620,0.40970100,0.41939440,0.42755620,0.43436700,0.43883800,0.44208600,0.44300600,0.44015100,0.43477720,0.43089460,0.42548820,0.42146960,0.41957700,0.41498460,0.41341060,0.41067380,0.40856860,0.40621060,0.40608080,0.40522500,0.40442040,0.40356680,0.40547480,0.40794780,0.40947380,0.41211800,0.41464600,0.41933660,0.42370260,0.42800660,0.43014700,0.43024680,0.42839640,0.42086460,0.41137180,0.39843800,0.38629060,0.37866260,0.37249640,0.36553140,0.35674240,0.35049560,0.34870540,0.35363180,0.35461220,0.35336060,0.34983680,0.35043820,0.35394280,0.35483040,0.35531260,0.35401040,0.35110800,0.34884580
0.60607820,0.60598960,0.60614680,0.60626420,0.60644780,0.60641660,0.60673220,0.60659260,0.60688320,0.60710300,0.60717760,0.60713700,0.60699760,0.60681980,0.60717560,0.60620700,0.60645660,0.60605380,0.60488020,0.60399000,0.60316460,0.60176260,0.60007420,0.59962700,0.59938260,0.59854980,0.59899260,0.59898280,0.59962200,0.60012320,0.60074580,0.60094160,0.60098280,0.60127200,0.60114220,0.60097800,0.60095160,0.60095500,0.60164160,0.60079860,0.59998140,0.59920560,0.59831720,0.59661560,0.59460580,0.59260060,0.59130200,0.58967300,0.58720080,0.58418400,0.57988960,0.57198220,0.56267520,0.55227460,0.54363760,0.53750960,0.53426800,0.53266400,0.53138340,0.53087400,0.53248120,0.53351960,0.53536760,0.53784560,0.53870700,0.54035880,0.54177580,0.54256660,0.54256640,0.54331060,0.54477840,0.54421980,0.54466380,0.54524240,0.54607300,0.54682340,0.54827460,0.54953260,0.54933900,0.54937300,0.55006780,0.54980640,0.54920440,0.54716600,0.54441200,0.54178500,0.53712260,0.53377980,0.53204800,0.53055480,0.52780560,0.52546780,0.52592500,0.52722660,0.52730180,0.52751740,0.52816160,0.52917060,0.53049940,0.53110660,0.53315420,0.53296800,0.53320720,0.53490200,0.53520240,0.53624820,0.53632020,0.53660460,0.53684820,0.53400860,0.52675660,0.50156660,0.47753520,0.44903120,0.42356300,0.40624920,0.39822880,0.39643500,0.39810060,0.40575080,0.41305100,0.41882040,0.42699820,0.43385320,0.43988120,0.44544320,0.44835200,0.44909680,0.44795800,0.44487900,0.43990620,0.43346020,0.42720520,0.42302400,0.42051360,0.41912200,0.41641740,0.41485240,0.41273400,0.41323020,0.41408400,0.41664700,0.41739680,0.41709320,0.41908760,0.41915700,0.41988640,0.42124500,0.42425220,0.42618660,0.42891160,0.42972200,0.43273220,0.43266440,0.42980420,0.42501860,0.41478580,0.40211620,0.38988060,0.38423700,0.37923420,0.37417660,0.36931240,0.36671420,0.36728020,0.37033160,0.37064420,0.37090800,0.36964560,0.37032180,0.37245200,0.37380660,0.37602580,0.37776320,0.37356800,0.37215160
0.56393920,0.56522450,0.56686950,0.56850080,0.56968230,0.57066280,0.57199500,0.57303470,0.57387300,0.57509820,0.57594820,0.57680530,0.57731720,0.57789480,0.57893280,0.57835280,0.57933970,0.57957220,0.57918150,0.57879550,0.57833580,0.57777980,0.57695470,0.57688570,0.57713400,0.57672980,0.57744600,0.57818530,0.57980530,0.58079830,0.58217820,0.58287080,0.58367320,0.58445070,0.58486750,0.58515520,0.58582880,0.58634220,0.58671350,0.58639080,0.58632380,0.58548250,0.58496020,0.58349330,0.58207650,0.57993230,0.57813730,0.57633980,0.57306300,0.56929930,0.56214870,0.55095730,0.53760350,0.52627380,0.51642920,0.51043270,0.50681470,0.50537380,0.50447580,0.50533220,0.50831220,0.51019230,0.51313870,0.51578900,0.51869630,0.52172430,0.52393080,0.52555670,0.52668720,0.52809620,0.52940120,0.52992500,0.53077630,0.53208750,0.53353170,0.53525350,0.53582970,0.53744680,0.53839620,0.53963500,0.53994530,0.53936670,0.53770070,0.53553230,0.53327850,0.53190100,0.53027770,0.52659380,0.52366470,0.52050280,0.51757880,0.51591580,0.51747820,0.51842720,0.51857930,0.51781980,0.51867730,0.51959900,0.52054530,0.52157950,0.52190570,0.52389570,0.52409280,0.52480120,0.52682920,0.52675230,0.52788380,0.52767650,0.52620620,0.52240820,0.51285120,0.48436900,0.45299570,0.41219550,0.37796720,0.35887030,0.35375220,0.35683380,0.36425080,0.37443200,0.38463920,0.39428670,0.40446500,0.41297250,0.41933070,0.42615700,0.43103820,0.43348120,0.43075530,0.42755780,0.42249300,0.41623670,0.41132030,0.40701030,0.40338900,0.40083180,0.39816280,0.39639730,0.39376030,0.39286580,0.39230530,0.39065020,0.39045020,0.39002720,0.39139350,0.39106850,0.39309270,0.39583420,0.39763430,0.40063580,0.40490350,0.40734250,0.40978350,0.41084450,0.40750820,0.40048900,0.39124230,0.38036980,0.37172470,0.36532950,0.36139270,0.35690020,0.35120400,0.34488300,0.34409820,0.34858020,0.34946530,0.34741600,0.34668820,0.34738630,0.35015850,0.35084850,0.35152430,0.35014650,0.34967450,0.34734330
0.60016430,0.60380670,0.60789170,0.61170270,0.61577130,0.61950430,0.62301670,0.62675270,0.63027470,0.63338670,0.63662300,0.63932030,0.64244670,0.64464630,0.64775830,0.64937270,0.65166700,0.65274570,0.65406130,0.65451700,0.65455970,0.65461870,0.65510800,0.65605330,0.65649600,0.65733900,0.65948800,0.66215370,0.66616770,0.66963300,0.67298830,0.67586400,0.67795730,0.68036430,0.68205700,0.68351300,0.68568370,0.68704100,0.68895230,0.68939900,0.69042430,0.69003570,0.68980100,0.68764370,0.68502630,0.68231200,0.67934100,0.67676470,0.67116270,0.66427100,0.65337770,0.63614200,0.61665700,0.59915200,0.58537500,0.57733430,0.57289230,0.57170830,0.57207630,0.57398630,0.57782230,0.58184300,0.58688400,0.59165030,0.59598700,0.60115530,0.60482630,0.60819070,0.60966770,0.61253030,0.61385430,0.61560700,0.61776030,0.61934970,0.62191530,0.62446000,0.62694700,0.62903130,0.62997400,0.63080200,0.63167930,0.63001230,0.62625800,0.62137470,0.61704000,0.61390130,0.60829100,0.60168930,0.59504730,0.58801270,0.58265230,0.57978530,0.58351270,0.58759700,0.58755170,0.58875270,0.59086170,0.59359600,0.59652200,0.59832900,0.59974370,0.60300330,0.60349070,0.60661670,0.60814470,0.60980370,0.61162330,0.61106770,0.60966030,0.60073330,0.58715970,0.54931970,0.50429530,0.44612130,0.40471130,0.38222900,0.37685600,0.38204230,0.39067630,0.40344200,0.41596530,0.42855700,0.43885400,0.44983900,0.46015770,0.46833530,0.47399470,0.47527530,0.47174000,0.46630030,0.45924430,0.45102930,0.44422670,0.43886700,0.43547830,0.43123170,0.42764600,0.42443700,0.42154330,0.41999670,0.41836770,0.41730070,0.41439200,0.41440670,0.41574330,0.41766730,0.41957530,0.42316900,0.42663430,0.43088670,0.43478230,0.43760630,0.44183170,0.44029900,0.43342230,0.42078170,0.40588570,0.38856600,0.37429600,0.36380100,0.35680800,0.34855830,0.33726630,0.33019430,0.32959830,0.33985300,0.34163830,0.33898300,0.33472530,0.33648670,0.34166000,0.34227130,0.34420670,0.34443930,0.34332600,0.34155730
0.62023980,0.62108150,0.62198530,0.62215980,0.62320800,0.62343100,0.62463520,0.62464170,0.62549770,0.62614730,0.62649500,0.62728900,0.62698300,0.62716450,0.62788770,0.62736200,0.62792500,0.62746580,0.62658820,0.62596100,0.62491930,0.62401250,0.62263350,0.62229920,0.62157380,0.62151200,0.62208350,0.62195220,0.62387920,0.62458550,0.62554180,0.62661020,0.62630720,0.62750950,0.62762900,0.62728750,0.62745950,0.62810330,0.62815320,0.62803500,0.62829850,0.62679230,0.62599420,0.62410320,0.62220750,0.61994270,0.61766180,0.61584250,0.61336180,0.60969700,0.60363300,0.59411670,0.58210650,0.57076400,0.56073280,0.55403250,0.55022500,0.54839250,0.54780570,0.54770020,0.54891150,0.55087200,0.55232180,0.55542050,0.55671870,0.55958830,0.56102280,0.56320970,0.56278650,0.56425930,0.56460370,0.56503230,0.56585130,0.56621620,0.56720230,0.56845880,0.56902150,0.57083270,0.57135420,0.57226070,0.57156700,0.57115820,0.57032930,0.56927130,0.56635230,0.56277050,0.55952220,0.55473900,0.55150970,0.54824970,0.54676950,0.54414470,0.54474200,0.54535250,0.54506220,0.54559630,0.54643800,0.54675370,0.54834350,0.55051000,0.55140770,0.55284600,0.55226980,0.55387300,0.55529350,0.55548930,0.55586880,0.55615100,0.55438150,0.55027950,0.54330100,0.51977020,0.49207850,0.45824550,0.42924550,0.40962900,0.39969270,0.39773980,0.39972430,0.40676180,0.41449850,0.42222950,0.42998530,0.43848470,0.44514780,0.45123430,0.45461900,0.45703180,0.45684370,0.45251750,0.44898000,0.44373230,0.43694100,0.43386750,0.43086150,0.42826600,0.42571320,0.42607820,0.42388500,0.42378250,0.42508900,0.42647800,0.42753030,0.42787950,0.42956070,0.43133550,0.43214230,0.43467370,0.43647300,0.43921030,0.44295400,0.44446370,0.44833330,0.44890750,0.44585680,0.44007500,0.43061770,0.41811220,0.40491850,0.39783950,0.39275630,0.38559770,0.38181900,0.37510450,0.37490580,0.37791600,0.37886470,0.37758370,0.37696020,0.37595500,0.37862120,0.38077400,0.38194780,0.38026650,0.37980630,0.37757970
0.47690240,0.47937680,0.48206020,0.48444220,0.48706100,0.48926450,0.49149130,0.49435550,0.49639600,0.49889200,0.50128800,0.50318250,0.50571870,0.50767200,0.51033970,0.51139000,0.51403450,0.51591400,0.51753170,0.51899350,0.52052850,0.52203520,0.52321050,0.52512270,0.52668550,0.52844520,0.53061100,0.53294400,0.53569270,0.53790100,0.54086180,0.54329530,0.54532880,0.54753550,0.54907250,0.55158850,0.55333130,0.55535980,0.55776920,0.55947900,0.56176330,0.56299870,0.56394800,0.56510970,0.56625380,0.56712280,0.56747000,0.56819750,0.56735420,0.56722070,0.56518880,0.56099070,0.55492400,0.54935070,0.54463800,0.54261400,0.54237400,0.54285150,0.54436780,0.54631220,0.54961800,0.55166820,0.55528280,0.55838000,0.56170780,0.56530730,0.56888720,0.57122550,0.57282200,0.57592900,0.57782100,0.57973200,0.58156500,0.58430850,0.58630900,0.58841900,0.59075130,0.59298900,0.59371700,0.59640100,0.59799730,0.59774450,0.59770880,0.59743480,0.59663730,0.59570050,0.59376750,0.59233300,0.59065580,0.58829320,0.58607600,0.58560050,0.58712000,0.59011120,0.59047420,0.59168450,0.59286020,0.59479050,0.59756750,0.59931180,0.59991050,0.60224250,0.60337680,0.60453330,0.60618850,0.60658580,0.60798770,0.60926250,0.60906450,0.60562270,0.59775550,0.57276420,0.54547370,0.51300020,0.48037300,0.46481730,0.45989750,0.46254200,0.46952470,0.47783580,0.48605300,0.49682150,0.50451480,0.51262200,0.51853670,0.52550170,0.52983100,0.53183270,0.53159030,0.52832550,0.52485500,0.51838420,0.51472550,0.51228950,0.51076180,0.50803900,0.50755770,0.50600350,0.50476800,0.50477570,0.50527650,0.50535500,0.50554580,0.50495550,0.50683480,0.50835430,0.50678300,0.50951770,0.51188370,0.51491780,0.51820270,0.52112480,0.52223980,0.52411800,0.52040320,0.51354750,0.50537680,0.49124350,0.48027600,0.47292550,0.46661170,0.45960600,0.45287870,0.44634020,0.44665120,0.45199530,0.45298820,0.45134850,0.45016480,0.45112520,0.45662050,0.45696400,0.45861600,0.45837000,0.45678250,0.45539280
0.59496140,0.59839650,0.60174630,0.60508530,0.60838100,0.61133520,0.61456600,0.61727830,0.62011100,0.62287380,0.62526950,0.62805750,0.63061650,0.63284320,0.63532220,0.63681030,0.63876620,0.64020800,0.64088550,0.64162070,0.64166580,0.64210070,0.64250830,0.64296750,0.64385950,0.64523750,0.64714550,0.64977200,0.65347900,0.65670950,0.65978200,0.66237200,0.66467870,0.66645920,0.66813550,0.66972370,0.67181150,0.67348450,0.67535620,0.67662250,0.67738450,0.67725470,0.67696670,0.67520630,0.67326780,0.67091220,0.66806500,0.66535770,0.66190300,0.65593750,0.64664950,0.63210730,0.61428130,0.59843000,0.58649680,0.57922650,0.57519780,0.57412550,0.57492700,0.57682620,0.58064550,0.58416330,0.58776050,0.59201600,0.59659500,0.60089470,0.60443580,0.60674680,0.60951850,0.61045900,0.61215320,0.61407900,0.61593700,0.61688030,0.61884980,0.62118900,0.62374170,0.62530680,0.62724600,0.62783280,0.62769070,0.62681100,0.62329700,0.62011730,0.61626050,0.61210100,0.60683200,0.60140430,0.59545900,0.58924850,0.58342870,0.58134850,0.58468750,0.58855850,0.58932630,0.58962520,0.59225600,0.59585800,0.59775820,0.59918550,0.60043700,0.60235530,0.60418670,0.60559900,0.60730620,0.60984300,0.61154250,0.61077230,0.61005220,0.60435930,0.59136300,0.56837900,0.52852070,0.47621120,0.43657570,0.41816800,0.41460200,0.42053700,0.43058850,0.44311750,0.45509420,0.46672600,0.47730000,0.48765450,0.49633180,0.50499230,0.50794150,0.50832000,0.50458900,0.49754300,0.48968550,0.48090570,0.47311550,0.46804900,0.46462580,0.46028630,0.45750120,0.45422680,0.45139830,0.44994080,0.44866900,0.44737380,0.44721600,0.44591630,0.44731050,0.44782780,0.44926500,0.45100530,0.45513850,0.45864100,0.46312550,0.46684030,0.46864030,0.46895400,0.46258820,0.45128370,0.43420500,0.42005400,0.40530980,0.39603450,0.39018030,0.38270900,0.37150070,0.36350800,0.36207770,0.37158520,0.37505730,0.37206820,0.36796900,0.37121380,0.37716800,0.37887400,0.37912850,0.37908520,0.37867620,0.37703100
0.57776100,0.57799030,0.57807550,0.57858580,0.57877200,0.57896050,0.57936670,0.57942480,0.57983500,0.57971850,0.57967400,0.58009470,0.58015020,0.57998020,0.58033080,0.58004330,0.58005970,0.57952520,0.57914200,0.57864100,0.57790780,0.57696300,0.57607300,0.57564500,0.57479930,0.57471700,0.57463530,0.57462580,0.57513200,0.57584050,0.57608880,0.57629070,0.57667000,0.57664980,0.57659900,0.57669120,0.57662920,0.57664200,0.57701820,0.57664670,0.57604900,0.57582600,0.57489620,0.57373050,0.57283550,0.57123850,0.56981500,0.56856700,0.56687350,0.56486350,0.56172920,0.55652730,0.54943130,0.54198120,0.53528450,0.53026000,0.52759550,0.52604820,0.52464830,0.52419720,0.52482700,0.52500050,0.52570250,0.52717500,0.52805980,0.52955700,0.53090120,0.53184000,0.53195450,0.53261800,0.53250570,0.53298500,0.53347700,0.53403100,0.53441350,0.53559270,0.53629400,0.53770750,0.53812700,0.53895200,0.53951250,0.53969150,0.53911580,0.53788850,0.53646050,0.53431420,0.53156020,0.52889520,0.52648570,0.52504300,0.52263300,0.51928020,0.52025600,0.52142220,0.52168820,0.52129950,0.52197750,0.52334750,0.52429170,0.52496450,0.52594300,0.52655550,0.52634180,0.52714070,0.52828770,0.52872600,0.52960300,0.53055900,0.53029780,0.52901050,0.52327730,0.50115250,0.48279450,0.45910470,0.44322070,0.42984580,0.42193720,0.42073200,0.42269650,0.42803800,0.43321800,0.43881250,0.44496770,0.45049650,0.45498550,0.46012280,0.46208330,0.46258500,0.46117570,0.45864780,0.45359200,0.44768430,0.44282850,0.43873300,0.43686570,0.43620480,0.43428550,0.43475600,0.43373130,0.43437880,0.43674570,0.43906600,0.44066750,0.44088300,0.44240520,0.44210230,0.44214680,0.44328800,0.44452250,0.44717080,0.45057330,0.45077000,0.45315230,0.45504730,0.45159930,0.44519400,0.43683470,0.42719970,0.41687550,0.41019150,0.40540400,0.40177880,0.39643380,0.39095120,0.38947400,0.39204730,0.39526650,0.39507650,0.39130300,0.39109000,0.39433480,0.39605250,0.39690170,0.39849680,0.39788170,0.39575150
0.64949450,0.65228430,0.65537000,0.65779100,0.66045570,0.66293930,0.66556600,0.66750730,0.66981900,0.67194200,0.67415030,0.67563130,0.67684500,0.67822870,0.67974100,0.68021270,0.68144370,0.68150670,0.68143570,0.68098900,0.68000830,0.67861800,0.67709000,0.67769870,0.67730800,0.67672630,0.67816900,0.67895030,0.68253530,0.68454170,0.68700930,0.68866570,0.68938400,0.69080270,0.69204930,0.69258770,0.69322470,0.69417630,0.69491730,0.69487630,0.69465670,0.69410300,0.69227200,0.68921700,0.68619200,0.68168430,0.67849900,0.67484700,0.66960000,0.66230530,0.65088230,0.63286370,0.61138330,0.59177300,0.57592630,0.56503970,0.55881470,0.55622930,0.55528830,0.55622000,0.56065830,0.56449270,0.56889900,0.57347530,0.57780330,0.58201500,0.58555970,0.58805270,0.58946100,0.59138030,0.59307900,0.59441170,0.59595400,0.59769600,0.59907200,0.60130900,0.60381670,0.60653030,0.60651800,0.60832600,0.60840430,0.60719070,0.60457370,0.60047930,0.59759000,0.59437630,0.58969900,0.58398830,0.57835000,0.57227330,0.56720870,0.56440030,0.56853400,0.57075970,0.57041230,0.57075800,0.57225170,0.57423500,0.57764500,0.57836200,0.57962000,0.58148630,0.58220130,0.58482230,0.58600170,0.58845530,0.58957770,0.59025670,0.58771300,0.58198830,0.56814430,0.53424800,0.49209100,0.43711900,0.39141600,0.37059230,0.36477270,0.36832570,0.37767100,0.39063030,0.40241000,0.41474700,0.42570270,0.43669070,0.44635100,0.45385930,0.45830730,0.46012930,0.45669030,0.45086170,0.44291430,0.43334130,0.42657470,0.41974070,0.41590770,0.41088900,0.40660500,0.40275030,0.39879930,0.39722530,0.39418730,0.39257830,0.39210500,0.39048570,0.39075730,0.39320330,0.39596470,0.39807800,0.40171270,0.40732970,0.41238930,0.41628270,0.42023770,0.41996170,0.41601530,0.40816570,0.39322570,0.38042000,0.36776330,0.35959170,0.35436300,0.34752570,0.33933070,0.33074530,0.33040030,0.33791270,0.33897970,0.33647470,0.33220730,0.33500900,0.34104330,0.34379930,0.34305030,0.34240100,0.34271100,0.33977500
0.57046830,0.57482830,0.57921480,0.58410900,0.58837600,0.59288680,0.59641670,0.60089670,0.60455250,0.60818970,0.61184470,0.61527870,0.61874320,0.62158230,0.62490200,0.62747380,0.63019400,0.63209420,0.63387350,0.63534400,0.63593850,0.63648350,0.63782850,0.63892150,0.64061850,0.64223970,0.64456880,0.64747100,0.65169650,0.65549580,0.65922480,0.66204750,0.66537570,0.66746020,0.66940650,0.67169180,0.67343400,0.67571420,0.67696050,0.67925820,0.67986920,0.67982950,0.67926720,0.67750330,0.67623580,0.67322780,0.67114500,0.66849080,0.66416650,0.65709820,0.64638400,0.62991050,0.61127320,0.59486820,0.58311670,0.57576100,0.57241280,0.57127570,0.57114050,0.57330330,0.57712550,0.58135700,0.58530950,0.58956500,0.59475150,0.59972650,0.60372020,0.60658200,0.60898780,0.61162200,0.61342150,0.61538920,0.61717650,0.61922580,0.62122830,0.62376700,0.62698300,0.62958050,0.63057430,0.63118680,0.63241450,0.63136170,0.62898280,0.62536120,0.62130700,0.61688000,0.61201300,0.60626700,0.59918150,0.59173950,0.58579080,0.58335100,0.58673320,0.59135700,0.59134920,0.59176930,0.59366250,0.59752630,0.59974420,0.60096550,0.60296950,0.60523670,0.60638520,0.60733250,0.61074320,0.61240750,0.61381030,0.61357820,0.61245130,0.60440650,0.58721200,0.54396270,0.49805550,0.43997250,0.39662170,0.37626780,0.37154450,0.37628170,0.38586830,0.39711500,0.40986450,0.42200750,0.43293920,0.44421500,0.45388300,0.46358530,0.47010830,0.47179700,0.47192880,0.46949800,0.46320600,0.45721600,0.45091500,0.44652550,0.44414650,0.44175200,0.43830720,0.43660870,0.43407530,0.43280700,0.43151820,0.43147800,0.42965920,0.43045370,0.43008220,0.43239100,0.43442170,0.43682230,0.43956130,0.44469800,0.44892520,0.45118120,0.45384370,0.45406150,0.44793850,0.43633550,0.41887250,0.40504250,0.39291780,0.38372070,0.37575100,0.36622500,0.35407770,0.34516680,0.34445430,0.35409280,0.35712380,0.35263620,0.34846580,0.35057750,0.35581400,0.35662970,0.35699200,0.35457530,0.35485750,0.35387150
0.62165510,0.62248910,0.62356910,0.62354920,0.62404540,0.62436770,0.62496600,0.62528080,0.62562460,0.62596180,0.62655220,0.62642260,0.62719360,0.62749270,0.62768260,0.62836760,0.62841340,0.62813720,0.62814880,0.62766360,0.62717880,0.62708290,0.62683920,0.62645340,0.62655980,0.62671510,0.62757970,0.62790620,0.62929310,0.63059160,0.63149260,0.63233800,0.63345310,0.63403490,0.63428760,0.63536640,0.63542760,0.63645680,0.63730160,0.63762030,0.63781080,0.63758070,0.63750620,0.63661160,0.63600310,0.63457970,0.63329180,0.63172010,0.63088500,0.62846420,0.62484460,0.61905610,0.61124040,0.60318090,0.59692540,0.59196070,0.58982680,0.58898220,0.58853360,0.58775480,0.58933630,0.59023480,0.59139520,0.59323060,0.59549820,0.59754090,0.59885670,0.60039530,0.60155420,0.60250500,0.60310490,0.60396520,0.60483600,0.60510240,0.60618370,0.60792530,0.60832280,0.61012660,0.60985490,0.61093140,0.61160430,0.61221720,0.61121180,0.60945010,0.60767000,0.60525370,0.60156840,0.59924060,0.59707240,0.59454010,0.59135630,0.58945220,0.59075910,0.59162630,0.59190530,0.59187980,0.59303410,0.59430930,0.59637180,0.59707990,0.59731740,0.59759040,0.59825140,0.59964060,0.60071700,0.60076770,0.60099820,0.60123140,0.60244860,0.59923170,0.59188910,0.56455440,0.54211520,0.51272010,0.48817620,0.47144240,0.46321690,0.46228480,0.46512000,0.47107720,0.47854870,0.48516160,0.49110330,0.49786600,0.50335580,0.50922380,0.51295680,0.51523210,0.51485310,0.51192870,0.50777610,0.50256800,0.49872600,0.49494860,0.49269540,0.49244980,0.49169560,0.48993810,0.48929640,0.48912520,0.49066340,0.49171670,0.49314090,0.49381540,0.49212410,0.49213410,0.49151610,0.49262800,0.49497370,0.49694940,0.49824810,0.50044640,0.50243230,0.50292870,0.50043910,0.49497310,0.48757590,0.47638910,0.46490830,0.45792100,0.45240010,0.44850810,0.44341580,0.43828720,0.43809200,0.44277630,0.44369700,0.44156380,0.43946370,0.44020500,0.44354330,0.44445310,0.44620280,0.44360930,0.44390080,0.44232540
0.50858870,0.50937980,0.51048430,0.51130120,0.51230580,0.51320410,0.51427920,0.51521380,0.51631700,0.51730720,0.51826110,0.51900270,0.51947030,0.52050110,0.52130160,0.52162400,0.52245690,0.52277830,0.52291680,0.52314930,0.52324080,0.52299590,0.52283080,0.52330230,0.52331990,0.52435770,0.52541180,0.52587590,0.52785390,0.52885870,0.53080090,0.53145970,0.53283690,0.53391890,0.53437980,0.53514000,0.53603460,0.53682260,0.53804880,0.53883690,0.53863880,0.53864970,0.53908290,0.53794960,0.53746530,0.53629700,0.53528910,0.53444660,0.53261540,0.53045270,0.52641210,0.52064260,0.51217280,0.50456980,0.49773870,0.49389930,0.49195000,0.49131360,0.49059630,0.49105690,0.49277690,0.49367540,0.49528330,0.49744530,0.49938240,0.50243330,0.50432290,0.50506280,0.50636810,0.50693110,0.50839930,0.50890390,0.50998360,0.51175500,0.51185990,0.51262230,0.51461840,0.51662300,0.51666700,0.51715560,0.51843360,0.51864020,0.51805520,0.51676010,0.51424060,0.51155030,0.50779240,0.50428540,0.50217920,0.50079100,0.49910330,0.49663300,0.49778870,0.49907630,0.49948470,0.49969970,0.50026360,0.50208270,0.50339870,0.50472380,0.50606970,0.50715070,0.50710160,0.50810670,0.50966180,0.51004180,0.51022830,0.51167860,0.51160220,0.50936830,0.49971280,0.46375030,0.43881460,0.41184340,0.38879860,0.37306070,0.36612780,0.36505500,0.36892720,0.37536000,0.38243080,0.38828320,0.39571340,0.40260290,0.40813580,0.41433060,0.41681400,0.41887710,0.41793470,0.41585770,0.41238210,0.40742260,0.40351200,0.40170330,0.40069530,0.39923170,0.39955470,0.39899260,0.39886310,0.39935800,0.40162460,0.40332130,0.40372330,0.40292320,0.40400640,0.40334190,0.40295100,0.40444490,0.40570390,0.40873000,0.41067560,0.41230900,0.41461260,0.41417890,0.41171090,0.40600360,0.39709700,0.38563020,0.37481720,0.36753580,0.36288530,0.35827170,0.35278660,0.34878410,0.34896240,0.35320930,0.35454900,0.35372340,0.35310690,0.35276820,0.35674610,0.35842390,0.35885240,0.35860900,0.35820070,0.35625730
