1000,1005,1010,1015,1020,1025,1030,1035,1040,1045,1050,1055,1060,1065,1070,1075,1080,1085,1090,1095,1100,1105,1110,1115,1120,1125,1130,1135,1140,1145,1150,1155,1160,1165,1170,1175,1180,1185,1190,1195,1200,1205,1210,1215,1220,1225,1230,1235,1240,1245,1250,1255,1260,1265,1270,1275,1280,1285,1290,1295,1300,1305,1310,1315,1320,1325,1330,1335,1340,1345,1350,1355,1360,1365,1370,1375,1380,1385,1390,1395,1400,1405,1410,1415,1420,1425,1430,1435,1440,1445,1450,1455,1460,1465,1470,1475,1480,1485,1490,1495,1500,1505,1510,1515,1520,1525,1530,1535,1540,1545,1550,1555,1560,1565,1570,1575,1580,1585,1590,1595,1600,1605,1610,1615,1620,1625,1630,1635,1640,1645,1650,1655,1660,1665,1670,1675,1680,1685,1690,1695,1700,1705,1710,1715,1720,1725,1730,1735,1740,1745,1750,1755,1760,1765,1770,1775,1780,1785,1790,1795,1800,1805,1810,1815,1820,1825,1830,1835,1840,1845,1850,1855,1860,1865,1870,1875,1880,1885,1890,1895,1900,1905,1910,1915,1920,1925,1930,1935,1940,1945,1950,1955,1960,1965,1970,1975,1980,1985,1990,1995,2000,2005,2010,2015,2020,2025,2030,2035,2040,2045,2050,2055,2060,2065,2070,2075,2080,2085,2090,2095,2100,2105,2110,2115,2120,2125,2130,2135,2140,2145,2150,2155,2160,2165,2170,2175,2180,2185,2190,2195,2200,2205,2210,2215,2220,2225,2230,2235,2240,2245,2250,2255,2260,2265,2270,2275,2280,2285,2290,2295,2300,2305,2310,2315,2320,2325,2330,2335,2340,2345,2350,2355,2360,2365,2370,2375,2380,2385,2390,2395,2400,2405,2410,2415,2420,2425,2430,2435,2440,2445,2450,2455,2460,2465,2470,2475,2480,2485,2490,2495,2500
0.02802089,0.03570162,0.05054849,0.06711543,0.07918588,0.06936566,0.06935668,0.08091056,0.07375108,0.06500126,0.05712346,0.03556237,0.03141761,0.01398802,0.02091319,0.01045531,0.00849670,0.00274489,0.01572165,0.01426780,0.01466189,0.00801229,0.01758896,0.03789329,0.04622457,0.06622120,0.08559446,0.09536922,0.11098146,0.08898621,0.09983369,0.08450659,0.06452607,0.05780764,0.05160492,0.06883585,0.06767912,0.08292335,0.11148295,0.12593117,0.14476407,0.17008316,0.15049297,0.16551037,0.14312160,0.13477611,0.11693989,0.09549127,0.06571886,0.05914845,0.04972772,0.04817988,0.03332051,0.02141332,0.02146784,0.01967111,0.03102156,0.02846749,0.01558570,0.02159538,0.03206399,0.02058393,0.02860952,0.02443739,0.02789704,0.02465410,0.02045286,0.02337872,0.03207358,0.03913534,0.03367372,0.04267134,0.05246184,0.05720000,0.07642741,0.10861780,0.13000213,0.14008767,0.14325286,0.15203347,0.14557638,0.14216010,0.12821051,0.12718083,0.13825147,0.14762201,0.15920342,0.19130210,0.21075976,0.24350988,0.24892448,0.27690700,0.29373318,0.30948280,0.33405585,0.37117847,0.40581909,0.42898602,0.46448604,0.50753990,0.51267209,0.51441774,0.51577174,0.47142153,0.43614146,0.37095429,0.31553417,0.25596156,0.20485761,0.17120990,0.15564046,0.13315388,0.12228208,0.13011923,0.11293263,0.12790642,0.12298745,0.11807117,0.11685390,0.11187476,0.09795958,0.09731863,0.08116122,0.09112620,0.09263383,0.10790283,0.11128510,0.12195796,0.14339576,0.17773708,0.21029350,0.23257136,0.26683533,0.32318382,0.35499369,0.37138452,0.41864582,0.42635558,0.43171129,0.43739765,0.44301676,0.42949426,0.41660161,0.40899121,0.37055853,0.35619489,0.32769085,0.30479766,0.26907969,0.24532482,0.22302691,0.20711295,0.18177455,0.17815082,0.17460421,0.18497885,0.17400513,0.16165384,0.15073373,0.13359989,0.12705054,0.10416848,0.09784117,0.08635052,0.07277935,0.08032311,0.07466272,0.07024549,0.06420307,0.07383027,0.06677561,0.06459333,0.07955276,0.07435534,0.07890911,0.08462491,0.09247268,0.08298826,0.08504377,0.10838718,0.10730902,0.11916322,0.13148751,0.14448705,0.13839226,0.14715512,0.14276682,0.16246488,0.16283200,0.16391304,0.17434359,0.15291798,0.14679813,0.14787508,0.15689483,0.14275228,0.14893749,0.16624194,0.16760690,0.18788771,0.20849585,0.25059156,0.27578480,0.32821682,0.36081343,0.41448137,0.45041071,0.51082109,0.51735134,0.60190236,0.61096361,0.61377659,0.63116461,0.64370034,0.64304158,0.62345124,0.62839460,0.59122069,0.55787198,0.53502106,0.51023329,0.45116266,0.42143847,0.40512201,0.36715037,0.33910342,0.33628962,0.32385852,0.30062571,0.30845373,0.34226336,0.37157230,0.38928200,0.42352275,0.43621228,0.46622648,0.45148467,0.45925483,0.44453133,0.40851583,0.37542096,0.33702269,0.30534632,0.25717449,0.24284068,0.20149009,0.20997651,0.20115252,0.21190092,0.23038439,0.24917963,0.28773729,0.32057646,0.35885910,0.41471171,0.46776619,0.48578522,0.55123725,0.56425268,0.61539614,0.62846984,0.62607979,0.62501444,0.59867702,0.56408331,0.49523840,0.50821680,0.46131113,0.41729410,0.42003584,0.38816430,0.35339867,0.33052268,0.27543313,0.23067756,0.20819311,0.16481814,0.15537084,0.12629632,0.12649266,0.12780749,0.11858873,0.10680404,0.10072465,0.10845323,0.10230082,0.12205968,0.12089207,0.10218266,0.11487149,0.12232664,0.12679120,0.11507818,0.12431420,0.11829157,0.12455849,0.13311792,0.11632152,0.12994116,0.13583335,0.12017596
-0.00124516,0.00469891,0.02022364,0.02691048,0.03073931,0.02962736,0.04247724,0.03023186,0.03425510,0.02215182,0.01325672,0.00500485,-0.00484153,-0.00697378,-0.00666730,-0.01084527,-0.00976210,-0.01328566,-0.01224719,-0.01541301,-0.01504428,0.00461705,0.00355527,0.01746487,0.02225898,0.04924357,0.06524113,0.06203498,0.07338775,0.05412555,0.05227854,0.04249804,0.03522848,0.03151617,0.02564161,0.03524008,0.04227533,0.06778865,0.06167795,0.08290285,0.09810151,0.10578747,0.09243452,0.09807900,0.09843878,0.08470863,0.05561794,0.05236570,0.04393323,0.03145892,0.02225615,0.00720166,0.00886223,0.01136331,0.01922350,0.00883675,0.01281956,0.00822441,0.01355977,0.02076443,0.01360938,0.01451405,0.02182646,0.01181525,0.01766224,0.01431452,0.02403324,0.01867301,0.02736065,0.03304709,0.02259035,0.03904295,0.04772105,0.05119764,0.06287102,0.09074742,0.10053904,0.11028579,0.12095079,0.11850962,0.11802891,0.11912793,0.11547656,0.11304732,0.12959869,0.13804634,0.15495926,0.18599892,0.21119260,0.21085947,0.24984783,0.27292875,0.28092089,0.25371231,0.29743314,0.30977893,0.33456518,0.36149539,0.37451500,0.37660203,0.39644544,0.40442347,0.39191759,0.37014879,0.32748503,0.29484457,0.23099853,0.19257314,0.16865711,0.14004839,0.13472124,0.10795131,0.10022857,0.11194207,0.12437198,0.11413819,0.11255827,0.12007520,0.11168878,0.10563761,0.09598008,0.08303584,0.10174842,0.08279168,0.09673278,0.08681682,0.10502921,0.11455855,0.13645665,0.15972172,0.20201907,0.22646755,0.26067647,0.28909539,0.29947474,0.32937123,0.33311046,0.37168453,0.36749272,0.35862467,0.33817876,0.35382945,0.32445389,0.30333301,0.27974767,0.28629415,0.25857910,0.22399137,0.21198330,0.17327871,0.17932002,0.15883569,0.16004550,0.14582650,0.13293649,0.12292825,0.13616229,0.11551255,0.12169405,0.11564178,0.09564556,0.09948481,0.09750187,0.08836967,0.08067877,0.07220194,0.08672526,0.08164064,0.07878940,0.08133094,0.08504602,0.10238694,0.09020920,0.10019092,0.09191354,0.11162809,0.10761487,0.11687374,0.11818065,0.12756706,0.13327252,0.15645477,0.16889944,0.17673094,0.18060471,0.18970924,0.20316994,0.19763873,0.19607163,0.19985057,0.19294076,0.19716220,0.18570180,0.17395615,0.16915102,0.16738208,0.19062621,0.18642640,0.20643664,0.22358399,0.23185229,0.27902668,0.28934026,0.32821989,0.35366697,0.40066415,0.42803095,0.47013486,0.51058803,0.52094537,0.51636820,0.52318512,0.53001684,0.55710604,0.52229573,0.48990086,0.48806395,0.47723413,0.44378547,0.43464973,0.41079898,0.36700822,0.36006071,0.31994521,0.32322997,0.29151063,0.30126261,0.28955160,0.29181267,0.31266902,0.33492260,0.34813776,0.38547178,0.39101416,0.40588310,0.42406752,0.42708015,0.39925576,0.39102905,0.37310926,0.33135567,0.29501521,0.27944828,0.25819524,0.22514635,0.21700848,0.20819144,0.21728179,0.23075980,0.23232460,0.27309543,0.28475507,0.31172242,0.35143600,0.38425018,0.42088864,0.43098277,0.50547787,0.51350458,0.52192449,0.53423024,0.50976668,0.48949436,0.47975426,0.43205863,0.41317452,0.39962292,0.37311281,0.35782015,0.32401164,0.29691310,0.29491183,0.26870471,0.24727901,0.22690891,0.19457774,0.18165158,0.17568969,0.15083385,0.15690902,0.15294413,0.15758477,0.16630179,0.15674289,0.15395457,0.15418623,0.15536923,0.16445238,0.15021098,0.17528459,0.17133440,0.17132477,0.17538598,0.17534990,0.18897151,0.17098752,0.16987731,0.18699033,0.17539811,0.18766424,0.18945487
0.04886048,0.03388448,0.04020577,0.03764925,0.05512365,0.05327168,0.04993211,0.04944993,0.03841294,0.03929034,0.03769954,0.03900586,0.02775699,0.02639647,0.03027287,0.03075016,0.01261670,0.02515033,0.01771174,0.02432809,0.02015114,0.03191403,0.02456511,0.02630346,0.03601888,0.04307986,0.05958226,0.05541255,0.05410283,0.06789837,0.06523339,0.05844841,0.04425611,0.06045610,0.07897029,0.09153055,0.11720593,0.15131390,0.18700248,0.21626171,0.26582746,0.27188671,0.28890343,0.26414147,0.25892460,0.21502353,0.17048288,0.15845897,0.11649168,0.08632723,0.06479727,0.06224115,0.03193313,0.04895066,0.03237164,0.04462425,0.03201158,0.03132583,0.04029743,0.02668763,0.03439488,0.03580514,0.02841943,0.02679787,0.04058918,0.02455516,0.03261434,0.03722626,0.04046612,0.03369617,0.04965479,0.05819323,0.06838950,0.09354326,0.11777622,0.16367074,0.19605493,0.23869524,0.25530742,0.24317166,0.22679968,0.22395381,0.19269475,0.18588572,0.19676015,0.21698906,0.23733395,0.26715585,0.28490107,0.32923972,0.34388402,0.35964749,0.34995969,0.35449985,0.35424429,0.34374781,0.33407207,0.32334889,0.32154350,0.30255004,0.28669639,0.27219303,0.25604030,0.24633852,0.20188210,0.18493355,0.15735428,0.13137911,0.12022865,0.11296115,0.11314324,0.10672254,0.11465658,0.13334981,0.15109421,0.14128015,0.14462643,0.13559742,0.13828838,0.12649401,0.12552306,0.09826358,0.09257379,0.07327342,0.07791467,0.08622215,0.07478376,0.07902628,0.08372776,0.10053120,0.11801208,0.13849918,0.15765439,0.18361812,0.20556865,0.23919183,0.27553412,0.32307449,0.33261913,0.37497633,0.41701212,0.44802694,0.47167479,0.47946428,0.47371692,0.45824187,0.43563003,0.41104402,0.36969280,0.32149553,0.25182204,0.24247544,0.20890323,0.18310037,0.15433967,0.14735617,0.12290037,0.11881883,0.10993266,0.10192750,0.08344708,0.08738400,0.07719244,0.07487557,0.06492025,0.07752416,0.07093127,0.06122173,0.06066359,0.05664074,0.07330576,0.06349758,0.06776855,0.07875803,0.07980230,0.09260514,0.09256858,0.10705473,0.11373599,0.13199015,0.15895198,0.16442640,0.17561893,0.18506135,0.20489923,0.21237857,0.23801480,0.22230602,0.24132142,0.23055701,0.22573914,0.23065613,0.21488314,0.20773735,0.18751651,0.16506675,0.16308524,0.14414561,0.15120978,0.14803019,0.15327509,0.16015676,0.17410601,0.17710898,0.18205163,0.21947261,0.23964418,0.25073088,0.27509296,0.30327644,0.32828766,0.34735195,0.35721239,0.38228011,0.38570802,0.40009873,0.41441258,0.40186038,0.41402737,0.41425167,0.37851802,0.39344689,0.36063741,0.33315293,0.30201452,0.28558361,0.26383502,0.23437530,0.24205100,0.23897679,0.23296261,0.22893309,0.23028039,0.23009315,0.22558754,0.24670545,0.22205121,0.23688683,0.22230016,0.21678916,0.20716548,0.17706758,0.17578670,0.16522852,0.15590920,0.15266795,0.17642409,0.17426399,0.19564803,0.21221735,0.24278263,0.25782453,0.30044268,0.32792637,0.38463572,0.38812571,0.45873507,0.49058671,0.52534192,0.57688262,0.57615171,0.58354864,0.59523657,0.58198062,0.56841300,0.54558968,0.53706339,0.50706809,0.53086108,0.47335080,0.45193268,0.42041134,0.40241346,0.33204613,0.26957047,0.24187746,0.19348939,0.15462369,0.15593381,0.13566181,0.12008514,0.13811232,0.12007624,0.12759864,0.12846785,0.13283936,0.12515488,0.13160533,0.13200558,0.13877711,0.13800283,0.13884834,0.16369969,0.15570016,0.16602410,0.15639651,0.15135077,0.16010287,0.16287949,0.15877871,0.16276901
0.07201370,0.06455263,0.06962407,0.07196051,0.06636113,0.06479640,0.06645997,0.05811297,0.06773023,0.06326286,0.05998400,0.06243245,0.05416513,0.05210584,0.05821859,0.05653676,0.05226618,0.05096087,0.05194699,0.04583689,0.05641682,0.05379032,0.06181845,0.06218011,0.05192652,0.06372445,0.05792047,0.06879270,0.06178534,0.06244325,0.07564902,0.07054109,0.07283378,0.06309909,0.06355791,0.05573789,0.06910159,0.07067057,0.06846306,0.06584976,0.06457451,0.07129569,0.07630968,0.07626521,0.07699326,0.06797151,0.06942598,0.06993365,0.05615900,0.06317530,0.06400255,0.06812602,0.06336555,0.06449390,0.07162536,0.05806229,0.05099385,0.05601382,0.06583873,0.06342988,0.06998330,0.06598692,0.06467567,0.07003807,0.06647893,0.06202812,0.06718076,0.06448667,0.07936223,0.05554315,0.06928265,0.08264012,0.06799039,0.06409838,0.07556746,0.07348741,0.08692442,0.10296275,0.11482777,0.12615735,0.13946674,0.14444214,0.16098636,0.19786823,0.25165559,0.28610558,0.34780810,0.39195713,0.45169940,0.51123847,0.55182963,0.56641681,0.60575304,0.63160401,0.61754255,0.62068799,0.61218102,0.56994603,0.50595953,0.48560365,0.44816555,0.39682522,0.34569486,0.29827133,0.26053358,0.23235306,0.19753392,0.17669177,0.15635574,0.14402253,0.14721352,0.13916170,0.16726093,0.17915597,0.19327700,0.20863577,0.21818692,0.21949747,0.22155088,0.20588744,0.18668916,0.16454974,0.14334730,0.13799249,0.11833424,0.11260796,0.09562976,0.08678417,0.08516642,0.09838770,0.10821618,0.09703283,0.11245171,0.11547083,0.11331157,0.11871776,0.12517744,0.12701097,0.13470050,0.13512242,0.12838975,0.13663263,0.14579653,0.12230948,0.12306551,0.13260668,0.12713362,0.11967009,0.13690502,0.12117637,0.12409878,0.15172366,0.17046338,0.18691304,0.20170049,0.21034578,0.22596267,0.24246909,0.22889407,0.22191231,0.19374800,0.16510542,0.14958781,0.13867493,0.11813168,0.11581576,0.10650975,0.10624061,0.08694337,0.10178865,0.09641441,0.10541934,0.11755813,0.11498036,0.12263793,0.12861940,0.13721195,0.14983429,0.16403618,0.18561313,0.21421576,0.23842736,0.27306045,0.29059579,0.31243842,0.34239380,0.37577999,0.36507820,0.40129171,0.40197948,0.38719119,0.39534534,0.36165657,0.34438000,0.32218674,0.29843419,0.27248586,0.23205541,0.21134074,0.20991398,0.18824076,0.17339416,0.16995574,0.16979733,0.18312632,0.18010647,0.21577069,0.21108922,0.23689150,0.27541043,0.30663810,0.35625571,0.38108608,0.43392518,0.48178564,0.51600984,0.58237556,0.60557798,0.62795402,0.63883552,0.61032089,0.63623009,0.59205987,0.57234297,0.53984369,0.48747883,0.43371923,0.37588455,0.34639509,0.31377198,0.27179325,0.25522838,0.23176045,0.20687078,0.19827277,0.19518564,0.19621502,0.17307165,0.18928357,0.16469284,0.16667855,0.15576911,0.16173040,0.15801092,0.16844887,0.17328466,0.18930139,0.21572760,0.22246365,0.25822490,0.31021828,0.34687277,0.40712131,0.43270273,0.46323563,0.49340178,0.49807715,0.51127344,0.51228475,0.50016131,0.45976792,0.41763844,0.41279509,0.37296557,0.33804775,0.33157352,0.33476459,0.34968934,0.34493715,0.34869711,0.31912838,0.30310907,0.27264321,0.26855015,0.21168163,0.19587707,0.17702920,0.17261693,0.15076355,0.14943393,0.13676632,0.13752983,0.13634876,0.15277610,0.14836330,0.14611818,0.16264180,0.16787600,0.16664189,0.19232587,0.17801251,0.18551375,0.19605646,0.19109439,0.20088570,0.20336125,0.22116525,0.21517405,0.21441841,0.22548713,0.22906932
0.02359892,0.02615568,0.02476208,0.02414447,0.01230304,0.01991079,0.01659196,0.02123582,0.00937120,0.00909557,0.00526032,0.01535415,-0.00114182,-0.00428398,-0.00542811,0.00232401,-0.00489303,0.00080323,-0.00556142,-0.00359715,0.00740737,-0.00111891,0.00884957,0.00917069,0.01154423,0.00470546,0.02030587,0.02815362,0.03239477,0.02872906,0.02308066,0.01475221,0.01842084,0.01742147,0.03330503,0.04099865,0.06378870,0.09114115,0.11404030,0.12337277,0.15137982,0.17218161,0.15930948,0.15940207,0.14709188,0.12089428,0.10483456,0.07091984,0.04621766,0.04601120,0.01967781,0.00412236,0.00670083,0.00943994,-0.00064801,-0.00797616,0.00127255,-0.01058766,-0.00498746,-0.00198278,-0.00545745,-0.00238200,-0.01748675,-0.00197090,0.00103389,-0.00942846,-0.01296064,-0.00232882,0.00534852,0.00322762,-0.00795173,0.00908569,0.02480202,0.04820370,0.05788632,0.10889945,0.11911124,0.14387671,0.15913991,0.17187293,0.15563908,0.15545543,0.17021973,0.17821656,0.20457612,0.24069266,0.29854172,0.32387281,0.37023960,0.40085302,0.43900679,0.42731324,0.43967632,0.43221162,0.41495006,0.39237661,0.35255976,0.34480450,0.30851284,0.28216025,0.25085183,0.23473559,0.21027756,0.18187398,0.16130704,0.14006488,0.09990823,0.07052782,0.07219005,0.07674371,0.07209372,0.07226137,0.10066072,0.10235827,0.13646781,0.13056352,0.12726681,0.13666521,0.10229048,0.09908001,0.07693699,0.05405494,0.05157388,0.04381603,0.02192194,0.03047502,0.03510095,0.03586359,0.03856636,0.04218128,0.06033115,0.07558011,0.09208882,0.10074495,0.13632009,0.15286990,0.16944980,0.20272285,0.23351695,0.25725139,0.26883047,0.29121937,0.30835124,0.30896684,0.28390621,0.27473050,0.25063357,0.22760028,0.20725475,0.18587762,0.15658133,0.11916371,0.09982317,0.09590200,0.07411478,0.07469755,0.06069789,0.06642343,0.04153651,0.03942890,0.03193961,0.02225958,0.01133578,0.00637740,0.01157219,0.00904719,0.00477555,0.00411613,0.00465407,0.00482862,0.00956392,0.01147655,0.01802732,0.01608037,0.02931097,0.03428225,0.04904734,0.06067361,0.07736418,0.09752197,0.11448291,0.13691379,0.15994025,0.18419896,0.20598734,0.21788626,0.24429520,0.24182271,0.25135619,0.22316901,0.23276651,0.22067251,0.20541738,0.18421398,0.15302554,0.14100618,0.12049008,0.11606463,0.08937807,0.09391243,0.09867994,0.09654009,0.10026007,0.11501237,0.13379271,0.14982382,0.16250302,0.19912257,0.21271434,0.24230515,0.27063108,0.29095467,0.31217606,0.33018305,0.35943091,0.38501569,0.40131261,0.39849291,0.42072532,0.38118080,0.40000555,0.38340494,0.34728499,0.32996707,0.30039208,0.25156353,0.23861953,0.20963153,0.18369893,0.17251962,0.15313268,0.14446489,0.14530060,0.14505962,0.16293888,0.14372628,0.14678573,0.13526737,0.12606170,0.11865103,0.11298447,0.08799437,0.09207079,0.08025688,0.08328206,0.08717075,0.10682863,0.11517061,0.14327267,0.18261896,0.20306881,0.24026048,0.26981102,0.30626078,0.33598405,0.37227878,0.38807028,0.39978346,0.41791355,0.42515199,0.42102539,0.43374574,0.42968213,0.39945008,0.37404445,0.36863796,0.34248836,0.32746329,0.32199313,0.30458091,0.26300169,0.24779916,0.21050148,0.16928034,0.13475784,0.10381079,0.08019825,0.05887543,0.05303516,0.04799361,0.04261510,0.04003618,0.04419296,0.03421169,0.05023757,0.05081771,0.06456625,0.05324328,0.06038720,0.06547953,0.06212139,0.07933561,0.08321104,0.07226344,0.08373397,0.08266495,0.08672525,0.09110430,0.10440862,0.09313960,0.10310089
0.00945239,0.01405563,0.01236386,0.00951939,0.02277186,0.00909980,0.01657700,0.02479590,0.02615039,0.01973470,0.00701757,-0.00182225,0.00322300,0.00430151,0.00449679,-0.00157803,0.00089292,0.00485184,0.00440219,0.01119889,0.00837192,0.00978321,0.00600356,0.01205549,0.00528840,0.01741805,0.01502858,0.02686590,0.02994145,0.02686862,0.03240072,0.01909373,0.02170548,0.02100548,0.02657672,0.04247630,0.03725325,0.06522479,0.07552262,0.08216632,0.08535130,0.09394604,0.09084441,0.09821387,0.07538200,0.06627257,0.06088580,0.03586671,0.04795529,0.03038638,0.03022312,0.02305103,0.01029060,0.01819251,0.01935406,0.01065274,0.01153019,0.01141959,0.02116424,0.01086265,0.01296258,0.01759408,0.01902958,0.01563791,0.02737154,0.02808859,0.01358535,0.03031446,0.02434671,0.02701503,0.03037482,0.02334581,0.03082919,0.05014034,0.05577037,0.08938676,0.08354317,0.10166729,0.09588930,0.11715097,0.11641887,0.09864800,0.11774915,0.13077324,0.16267382,0.16546056,0.21526552,0.26454071,0.29808779,0.34005584,0.37704288,0.43693082,0.47171601,0.49432133,0.53913318,0.54932667,0.56778999,0.56731305,0.55184577,0.51131400,0.45361494,0.40893365,0.35062310,0.30482469,0.23777901,0.20755395,0.15980904,0.13843223,0.11666627,0.12307364,0.11663022,0.14251085,0.15005806,0.16809168,0.17910541,0.17622425,0.19069849,0.16220410,0.15880502,0.14458557,0.12581310,0.09630552,0.08087277,0.06986758,0.05694257,0.05685561,0.05219224,0.06195269,0.06250209,0.06534461,0.07372339,0.08827166,0.09272139,0.10010628,0.11313826,0.13302773,0.13133881,0.15475465,0.17020130,0.16972929,0.17951568,0.17665162,0.18264731,0.18498371,0.18792178,0.17751989,0.16662203,0.16650289,0.16213212,0.18901615,0.18744401,0.22500271,0.22879025,0.25972216,0.29926393,0.29479853,0.30891363,0.27840302,0.25124718,0.19219136,0.16616970,0.12802907,0.11178475,0.07837425,0.06671137,0.05294361,0.04287265,0.05249609,0.04569817,0.04904327,0.04169309,0.04717396,0.04354119,0.04649430,0.05180334,0.04983843,0.05841583,0.05172631,0.05937644,0.07317482,0.06574412,0.06411106,0.08636268,0.08256416,0.08119216,0.08362592,0.09634793,0.08750761,0.08449555,0.09791902,0.09403345,0.09413842,0.08487449,0.08806207,0.07794627,0.08032536,0.08351173,0.08546331,0.09411366,0.09811179,0.09633268,0.11001553,0.13324368,0.15633777,0.17528997,0.19819854,0.23781862,0.28638178,0.33634261,0.37400722,0.42919590,0.50197436,0.55939531,0.62872709,0.67574579,0.73870349,0.77708317,0.80992675,0.81034682,0.78216387,0.73671151,0.71217178,0.63742093,0.56527685,0.51060212,0.43492458,0.40266764,0.34058500,0.29618269,0.24521135,0.21916681,0.20068708,0.18168754,0.17425668,0.16904733,0.15489988,0.15279454,0.15458409,0.14043849,0.12152511,0.12134635,0.11970011,0.12189426,0.13213289,0.13829302,0.17605127,0.19542706,0.24193650,0.28257130,0.33127445,0.41779615,0.48701215,0.55120014,0.59220373,0.63423181,0.64466054,0.64053880,0.64882675,0.63051889,0.59994653,0.57255099,0.54614201,0.52421392,0.51277372,0.50438493,0.49683915,0.48190578,0.49601913,0.48814500,0.44671304,0.41496084,0.35033449,0.27256463,0.24246869,0.18112820,0.14846668,0.11770168,0.09979133,0.09636107,0.08562145,0.06623173,0.07400500,0.06637305,0.07722259,0.07907421,0.06825250,0.07665038,0.07785702,0.07681947,0.07967793,0.07342943,0.07699194,0.07545325,0.07685534,0.07695177,0.06542856,0.07687269,0.08432204,0.07086837,0.07547402,0.06110407
0.04108442,0.04555728,0.06547100,0.06279083,0.05881153,0.06742450,0.07898153,0.07346047,0.06293192,0.07340524,0.05079293,0.05720193,0.03474458,0.03392070,0.03467640,0.02325053,0.02465765,0.02377949,0.02923019,0.02263853,0.02574808,0.02169958,0.03989324,0.04678415,0.04217590,0.06156213,0.06984295,0.08314773,0.09112878,0.08891885,0.07688942,0.07113101,0.07198237,0.07707405,0.06880127,0.08957287,0.10477946,0.10486639,0.13084364,0.16642396,0.17852610,0.20011162,0.20815195,0.20191680,0.19924338,0.17311412,0.15384774,0.12575025,0.10388491,0.08222423,0.06345598,0.05319060,0.04238112,0.03986121,0.04061862,0.03446162,0.04024583,0.03923114,0.03383838,0.03077738,0.02645778,0.02221270,0.02931905,0.02383142,0.04075132,0.03057998,0.02786241,0.03278780,0.03212394,0.02220005,0.03335751,0.04752651,0.05677286,0.06958066,0.10226618,0.11148547,0.14535042,0.16331042,0.18030959,0.16948783,0.15392287,0.14190842,0.12385834,0.10768732,0.09365601,0.09466406,0.09145645,0.10546134,0.12155388,0.14153298,0.15459004,0.16846706,0.19123007,0.21257680,0.24324354,0.28597248,0.32250124,0.34240412,0.37234364,0.40087033,0.42085971,0.43201467,0.41891353,0.38463650,0.35397999,0.28074395,0.24756082,0.20046524,0.15754822,0.12603169,0.09993459,0.07448877,0.05772902,0.05028072,0.05130037,0.04901944,0.05796039,0.04242285,0.05481982,0.04878641,0.03625549,0.04463937,0.04097458,0.04187974,0.06393971,0.06383444,0.06693572,0.08675504,0.10424163,0.11986448,0.14645039,0.17250999,0.18909714,0.21289545,0.26306854,0.29094399,0.31502435,0.33415509,0.34398324,0.37827248,0.36833617,0.38638405,0.39222771,0.38334648,0.38695650,0.37183488,0.35625986,0.31049262,0.29747704,0.26306605,0.22745648,0.22606433,0.21911617,0.20695861,0.19682481,0.20716253,0.20261277,0.18198909,0.16482513,0.16405099,0.12085619,0.09625573,0.09439947,0.07854645,0.05854402,0.05660911,0.05341673,0.04631374,0.04590092,0.03672484,0.05518543,0.05462559,0.05587102,0.05971464,0.05295390,0.04414148,0.04951767,0.06896853,0.06802695,0.06578904,0.08340129,0.08666425,0.09251655,0.09059679,0.10938624,0.10974603,0.11407409,0.10833343,0.11767924,0.12372062,0.12563986,0.12446459,0.10715683,0.11413138,0.11338497,0.12005635,0.10676343,0.11150332,0.12315357,0.11084671,0.14032279,0.16325761,0.19373027,0.21520219,0.24057863,0.27695898,0.31272099,0.35994026,0.39053784,0.41332482,0.43619589,0.45887504,0.45764685,0.45437039,0.47052061,0.48518236,0.44106644,0.46752840,0.42544669,0.40945740,0.37041479,0.35600536,0.31340610,0.28497464,0.23594348,0.22192506,0.21279292,0.19224913,0.20168360,0.20337755,0.22069715,0.24854158,0.24484289,0.27271105,0.29146944,0.29022020,0.30560064,0.30409477,0.27574537,0.27357195,0.25059507,0.23806804,0.20620715,0.18276585,0.15272945,0.13958423,0.12183211,0.13385099,0.13393985,0.13955865,0.16196026,0.18389024,0.22032738,0.25668990,0.31455818,0.35911435,0.41189983,0.47626947,0.51766295,0.55055818,0.56696955,0.58087741,0.58161321,0.57219413,0.55322128,0.53022190,0.51430924,0.52635758,0.50112665,0.49589219,0.44077347,0.42689651,0.34422840,0.30471590,0.25901757,0.21294816,0.16956798,0.12806513,0.11659537,0.09086528,0.07842380,0.08025684,0.08236101,0.07974612,0.07619018,0.07800089,0.07550834,0.08657434,0.06768700,0.07684393,0.08100374,0.07814331,0.08122688,0.07372457,0.09270638,0.08675792,0.08807922,0.09384574,0.08959881,0.09538007,0.09172267
0.02406034,0.01420188,0.02390868,0.02107266,0.02167815,0.03016490,0.03073716,0.01099955,0.02826738,0.01609296,0.00618629,0.01337076,0.00220129,0.00020312,-0.00267251,-0.00375286,-0.00716268,-0.00373022,-0.00306509,0.00268881,0.00041332,0.00327871,0.00260139,0.00689797,0.01062755,0.02143419,0.01537117,0.03072826,0.04276060,0.04308853,0.03505308,0.02544707,0.02368230,0.01245005,0.00730240,0.02129888,0.02317753,0.03263707,0.04181456,0.05578472,0.06986626,0.07295843,0.08079254,0.07153692,0.06455135,0.06144165,0.05864587,0.05085870,0.03224426,0.02108141,0.01983644,0.00742462,0.01339366,0.00832320,0.00567238,0.00100566,0.01260867,0.00424920,0.00275906,0.01422066,0.00623560,0.01245741,0.00576530,-0.00641537,0.00468319,0.00106936,0.00470185,0.00421889,0.00608399,0.01769522,0.01373023,0.01803417,0.01646870,0.02171452,0.03493066,0.04645320,0.06207945,0.07382533,0.07746024,0.09543050,0.09615358,0.11681174,0.13516741,0.15774275,0.18106904,0.21200323,0.25800607,0.29483875,0.36567948,0.37264892,0.40603166,0.43454501,0.43854986,0.44561557,0.43968377,0.43175799,0.42144189,0.39850686,0.37200708,0.35299242,0.33588817,0.31572988,0.27886502,0.25475195,0.21192162,0.18494154,0.15966780,0.13723820,0.09789515,0.09227698,0.07946816,0.08807796,0.10900198,0.10379798,0.11647072,0.12925629,0.12627413,0.12620469,0.12630101,0.10448221,0.10273797,0.08617033,0.06025462,0.05921411,0.05930304,0.05078587,0.04693813,0.03677115,0.05990926,0.06065171,0.07226905,0.08053539,0.10975883,0.11434451,0.14596467,0.14677311,0.15194044,0.17799705,0.18083567,0.18741155,0.17825333,0.19290662,0.19505045,0.16540780,0.17318653,0.15669569,0.16154147,0.14985651,0.12681896,0.11401260,0.11905817,0.10338451,0.10336009,0.09826606,0.10849258,0.10357616,0.11480376,0.10359596,0.09455062,0.08719183,0.07896080,0.05183349,0.04253584,0.04018789,0.04432848,0.02488653,0.02389139,0.02801674,0.02571999,0.02348102,0.02733876,0.03416003,0.02436680,0.03812536,0.04905975,0.04752578,0.05997147,0.07949001,0.08888723,0.10861071,0.12855581,0.16026524,0.17029259,0.20481632,0.22434435,0.24605294,0.26447832,0.26399204,0.29068237,0.28106226,0.26261723,0.26120428,0.25104691,0.21799537,0.20363362,0.18079326,0.16787194,0.16202788,0.13790231,0.12190404,0.12676276,0.12631908,0.15352562,0.14302375,0.15996771,0.18378871,0.21121877,0.23938751,0.25443061,0.29386004,0.30569991,0.32826265,0.36415733,0.38971764,0.43047882,0.43328282,0.44008136,0.43477858,0.45715847,0.46365750,0.42786623,0.41740668,0.39812084,0.38290110,0.32677751,0.30357410,0.26888195,0.24314832,0.21101634,0.19121908,0.18462080,0.17169526,0.17781522,0.19312311,0.19438097,0.19056458,0.19381788,0.17378669,0.17795940,0.16838041,0.13379650,0.13192292,0.12151938,0.10782763,0.09223087,0.11080108,0.10965252,0.11789411,0.15264989,0.16001494,0.18220423,0.21458363,0.26236873,0.28750448,0.30594230,0.34443549,0.35359787,0.37979652,0.38898523,0.37627064,0.37636296,0.36605945,0.32599668,0.32998123,0.30250374,0.29481958,0.27510972,0.27250886,0.26158636,0.22589032,0.20973229,0.19402688,0.17995696,0.14675166,0.12222793,0.08584628,0.08916689,0.07925527,0.05768337,0.06125407,0.05662971,0.04504878,0.05074649,0.04894086,0.05357804,0.05820975,0.05152625,0.05958888,0.06621442,0.08042689,0.06915321,0.06827120,0.09395431,0.09041012,0.08635347,0.10319562,0.09562995,0.10876242,0.09539529,0.10104430,0.10548752
0.03893832,0.05332218,0.05029114,0.04451415,0.05211862,0.04279598,0.04747644,0.03837315,0.04014786,0.04014564,0.04720357,0.04173107,0.03732571,0.03633520,0.03891089,0.03295887,0.03212331,0.03759240,0.03741754,0.04302582,0.02856406,0.03990143,0.04005478,0.04274659,0.03727119,0.06220504,0.03968365,0.04766108,0.05342541,0.04374621,0.04772852,0.04219844,0.03650428,0.04914563,0.05073584,0.05029668,0.04622192,0.05179456,0.03456768,0.04241689,0.05119035,0.04982469,0.04859980,0.04977623,0.04435619,0.05314561,0.05118659,0.04566985,0.05546930,0.03990283,0.04356334,0.04694469,0.04616787,0.04539365,0.03744186,0.04827943,0.05398916,0.05058427,0.04944560,0.04153735,0.04262220,0.04697471,0.04162431,0.04141274,0.04590640,0.04832459,0.05340761,0.04725214,0.04665351,0.03872841,0.06478699,0.06482945,0.05273526,0.04176959,0.06898205,0.06267525,0.05441875,0.07168174,0.07676357,0.09902384,0.10044359,0.10623659,0.14438550,0.17565466,0.21600551,0.26426301,0.28925493,0.36050309,0.40846272,0.45026703,0.49795058,0.55984693,0.56090275,0.58006196,0.58558206,0.59457760,0.55470443,0.54805049,0.50803467,0.45606167,0.40408837,0.36821847,0.30880400,0.24310536,0.23331104,0.18332855,0.16209567,0.14094490,0.14194766,0.14849503,0.15544195,0.17997396,0.20880879,0.23486232,0.24763749,0.26104711,0.26036927,0.25033405,0.24969826,0.20374851,0.19086149,0.15039028,0.12273654,0.11082026,0.08022903,0.08526984,0.07245213,0.06244962,0.06951715,0.06321042,0.06596933,0.08410528,0.08428941,0.08266317,0.09003415,0.08051153,0.08680559,0.07551134,0.07896353,0.08893638,0.08788448,0.07945627,0.08624635,0.07277046,0.07728541,0.07965967,0.07423603,0.09234860,0.09261499,0.09523925,0.11465339,0.14152659,0.16189307,0.19299585,0.20922070,0.23962981,0.22494194,0.21549688,0.20473141,0.18241717,0.15387957,0.12085639,0.09568539,0.08228308,0.08530204,0.07506251,0.06426156,0.05955304,0.06509706,0.05604256,0.06927541,0.06702667,0.06636217,0.05934249,0.06508524,0.06349917,0.07840183,0.07989785,0.08509872,0.08535304,0.09223800,0.09074389,0.11050769,0.12267435,0.11653923,0.13778442,0.13272715,0.13509360,0.15048394,0.13954138,0.13789541,0.12326204,0.11727817,0.11897644,0.11351356,0.09137505,0.10539647,0.09280084,0.09760473,0.09881607,0.10006353,0.11131827,0.11143849,0.12631878,0.14729659,0.16691335,0.19437288,0.22503452,0.26130715,0.30268275,0.38223560,0.42403193,0.49636689,0.56144498,0.61899509,0.64664355,0.72781964,0.76414223,0.77980565,0.78056625,0.74123888,0.72500361,0.70960759,0.63209464,0.57371077,0.48753897,0.44244839,0.38218306,0.31736281,0.27975665,0.23274759,0.19867110,0.16732601,0.15419242,0.14537520,0.13816769,0.13034993,0.10788378,0.11657140,0.11891421,0.10360395,0.11913392,0.13471791,0.13124037,0.14826765,0.17958419,0.21199678,0.24066465,0.29285328,0.36825910,0.38918628,0.48758146,0.50324139,0.56494905,0.58336926,0.61625508,0.60000538,0.55332488,0.53338141,0.48241146,0.42898050,0.38168337,0.36066422,0.33159011,0.33319273,0.32068285,0.31119340,0.32099669,0.29388089,0.27910546,0.25916816,0.23702270,0.19082749,0.17178267,0.12861034,0.11435134,0.10530515,0.09807845,0.09888416,0.07846874,0.08190389,0.07926905,0.07198907,0.07420629,0.08059226,0.07358949,0.08433169,0.08373822,0.09236303,0.08392059,0.08237135,0.09908398,0.09357989,0.08913264,0.08912079,0.08737966,0.09248567,0.09881384,0.09057599,0.09153436,0.08043242
-0.00911736,-0.00081569,-0.00222505,0.00509485,0.00997311,0.00687634,0.00210706,0.01007316,-0.00088284,0.00775021,-0.00122462,-0.00631800,-0.00172806,-0.00896954,0.00340575,-0.00787239,0.00248829,-0.00626434,-0.00505321,-0.00203648,-0.00704489,-0.00516313,0.00332650,-0.00313523,0.00661375,0.01383758,0.01281455,0.01993497,0.02829934,0.02360187,0.02227815,0.01580057,0.01851370,0.02587911,0.02923529,0.04340313,0.06132835,0.08823488,0.09628062,0.11269736,0.13193586,0.13642270,0.16603630,0.14005766,0.13189231,0.11208899,0.09905093,0.06997553,0.05365441,0.04053108,0.03632115,0.03068572,0.02147730,0.02386736,0.02000462,0.01980219,0.02276384,0.01795730,0.02634955,0.02261789,0.02257382,0.01703744,0.02297651,0.02650464,0.01805728,0.01997487,0.02609563,0.01776009,0.01678250,0.02508633,0.03343520,0.03944951,0.05372391,0.06513070,0.08068272,0.08756524,0.12129985,0.14462811,0.16227311,0.15850421,0.14569863,0.14859637,0.14805269,0.14824521,0.16850736,0.19398426,0.24553245,0.26729394,0.30590274,0.34198774,0.37595421,0.39937991,0.42877212,0.45260696,0.45163531,0.45512412,0.45501664,0.44870092,0.41374937,0.39241725,0.36894034,0.33764526,0.29214357,0.26126235,0.21881157,0.18918516,0.15691358,0.13077660,0.12887059,0.10926900,0.12869351,0.13491747,0.15888275,0.17120164,0.19181192,0.19879953,0.18538807,0.18583525,0.17864995,0.14587788,0.12670935,0.11613168,0.10322984,0.08432509,0.07407569,0.06833953,0.07895203,0.06262904,0.08422684,0.10284393,0.10678852,0.11999645,0.12031502,0.15520396,0.17903335,0.18579594,0.20435836,0.22219347,0.23926273,0.27400155,0.28548761,0.29436073,0.30485223,0.31768391,0.29423961,0.28936537,0.26424651,0.25062941,0.25488692,0.22388059,0.20346731,0.22190466,0.20801392,0.22039703,0.22688133,0.22582789,0.20827651,0.20261953,0.17700692,0.16521063,0.13116120,0.11040701,0.10572754,0.07976514,0.07666178,0.07473912,0.06355130,0.07306120,0.06964619,0.07561824,0.07076801,0.07818352,0.07682646,0.07851276,0.08524239,0.09386670,0.09646391,0.10036688,0.10556466,0.10692940,0.12203178,0.10919064,0.13093559,0.13276328,0.13765672,0.14486350,0.15469414,0.14983636,0.14949298,0.16307993,0.16032850,0.15096578,0.14419218,0.14372202,0.14590346,0.13818087,0.13113592,0.12517523,0.12749187,0.12484742,0.14937316,0.13935365,0.15559410,0.17349210,0.19486608,0.22779608,0.24796882,0.26803822,0.30119633,0.35126481,0.40346410,0.43129995,0.47550667,0.52207657,0.55872407,0.60936379,0.62392911,0.64924823,0.64464249,0.63480021,0.63226111,0.58402053,0.55342755,0.52869390,0.46986668,0.41116268,0.36742738,0.32326077,0.29463070,0.27179362,0.25124227,0.22463023,0.22421857,0.22324759,0.20766472,0.20028065,0.20097663,0.19202085,0.18684896,0.18038901,0.17377691,0.17105907,0.16777362,0.17782149,0.17400664,0.18274111,0.19258748,0.23410656,0.27358056,0.31360353,0.36289772,0.39316503,0.45629242,0.49541177,0.54168870,0.56742973,0.57271349,0.58013583,0.60012738,0.58686886,0.58954410,0.54068644,0.53316740,0.52734786,0.51249816,0.49921870,0.51083655,0.46606412,0.47109596,0.43504823,0.39746888,0.36299966,0.32356823,0.26857420,0.23032574,0.19295441,0.16795124,0.14352868,0.13660822,0.12372780,0.11510840,0.11102045,0.10675797,0.11642836,0.11787361,0.11810514,0.10820095,0.12327839,0.11597641,0.11063238,0.11699928,0.13855173,0.12268326,0.13452812,0.11991876,0.13099949,0.12799810,0.12753573,0.13263553,0.11799507,0.13254371
0.06284782,0.06511044,0.06514865,0.05508898,0.06093742,0.04725298,0.05886150,0.04844421,0.06018519,0.03373596,0.04901195,0.04137733,0.03416856,0.03411912,0.03155879,0.03537750,0.03777175,0.04357045,0.03384557,0.04424363,0.04367395,0.04926858,0.04100887,0.04639637,0.04136777,0.04824435,0.06061079,0.06022789,0.05117045,0.05289983,0.05233728,0.07029520,0.05630109,0.04618014,0.05321367,0.07843349,0.08127086,0.09317515,0.12478912,0.12110476,0.14102126,0.14770412,0.14066281,0.14288515,0.13480173,0.11451180,0.10575211,0.09461110,0.07686753,0.06559284,0.05524649,0.06530303,0.05248966,0.05642386,0.04714424,0.05414992,0.04302316,0.04063243,0.04475835,0.04810376,0.04426059,0.04530289,0.04180091,0.04502410,0.05202396,0.03731567,0.04400957,0.05802710,0.05414774,0.05715137,0.06133293,0.06050774,0.07066843,0.07800571,0.09874003,0.11931952,0.14572146,0.14856997,0.16731261,0.17741272,0.18945271,0.20120504,0.21381812,0.24644801,0.29964887,0.34807840,0.40548207,0.44955116,0.48784982,0.53911031,0.55508856,0.58509418,0.56105320,0.55070092,0.53701383,0.50383108,0.46041645,0.42290829,0.37855084,0.34483979,0.30267380,0.27151507,0.24591483,0.20993107,0.18524423,0.16163944,0.14412185,0.12601342,0.12810909,0.12713002,0.12575012,0.15125035,0.16319579,0.18078608,0.20271655,0.19094287,0.20807140,0.19600236,0.18624183,0.16919127,0.14947708,0.13315548,0.12223258,0.09212035,0.08134283,0.08406967,0.08825505,0.07104787,0.08650485,0.08928984,0.10013589,0.10964029,0.11522456,0.12639342,0.13747493,0.15183111,0.17018646,0.18223277,0.21012013,0.22550301,0.23368682,0.24786785,0.23812005,0.23873218,0.23026541,0.24787194,0.21009341,0.20248263,0.19940082,0.17609221,0.17351056,0.16107881,0.14646913,0.14894698,0.12662768,0.13840971,0.13012693,0.11090500,0.10839208,0.11143447,0.10342131,0.08888048,0.09035166,0.08245064,0.07190015,0.08924509,0.07073386,0.06515187,0.07444074,0.06511196,0.07085584,0.07412165,0.09788932,0.09877693,0.09198451,0.11360188,0.12884632,0.13956224,0.17084279,0.19919301,0.22001850,0.25983946,0.29702667,0.30932219,0.33729169,0.34498693,0.37620835,0.38236993,0.37815858,0.36375861,0.36097281,0.34277787,0.31895108,0.28845823,0.26378523,0.23428114,0.20274576,0.19131323,0.17379346,0.16270970,0.16031415,0.15170123,0.14747392,0.15204013,0.16315456,0.18179970,0.20140441,0.22398728,0.24612499,0.29944231,0.29761157,0.30653214,0.36814558,0.40064383,0.44561941,0.46001278,0.48668478,0.51094774,0.50846372,0.49992484,0.49722901,0.48052011,0.44592414,0.41047538,0.38536958,0.35411105,0.30657302,0.27020051,0.24130749,0.24340660,0.19615573,0.19182127,0.19677138,0.18792463,0.17878372,0.17441681,0.16379253,0.15962300,0.15690106,0.15042211,0.13981892,0.14263346,0.12849706,0.15879706,0.13941456,0.16095176,0.17913445,0.19211671,0.24647148,0.25176081,0.30990441,0.32161900,0.37143221,0.39496304,0.42588774,0.42444595,0.43677667,0.44892727,0.44841495,0.42991688,0.42379218,0.40221857,0.39492757,0.36102873,0.36124429,0.35210854,0.32852934,0.31982098,0.32043574,0.31398723,0.28930720,0.26613635,0.23838230,0.19670572,0.16650820,0.14535592,0.12863806,0.12427630,0.12911468,0.10850973,0.10420944,0.12149427,0.12646715,0.12107758,0.13351959,0.13570518,0.14701045,0.14047528,0.14284795,0.15797471,0.15499226,0.14996818,0.16075293,0.17953683,0.18104839,0.17467542,0.18851100,0.19944329,0.17967878,0.19081529,0.17600745
0.02291101,0.01567810,0.01957210,0.01879350,0.02308929,0.01695644,0.01636891,0.02700534,0.02438949,0.02458157,0.01446231,0.00702304,0.00726099,0.00481576,0.00109826,-0.00221034,-0.00127098,0.00052883,0.00425867,0.00534875,0.00713385,0.00231639,-0.00335109,0.00719531,0.01309801,0.02896886,0.02166982,0.03634346,0.03365524,0.02163078,0.02826619,0.02756278,0.03175511,0.02679124,0.02443075,0.02764856,0.04381091,0.03899725,0.04728159,0.06283399,0.05607009,0.05551627,0.06487811,0.05843866,0.06879508,0.05338121,0.05766394,0.03835950,0.04700864,0.03562240,0.03315384,0.02919763,0.02405916,0.01245853,0.01855162,0.01779855,0.01256830,0.02082244,0.02053196,0.01679914,0.01746721,0.01412997,0.02383356,0.02295482,0.02909579,0.02893308,0.02597701,0.02440798,0.02980710,0.03260126,0.02651225,0.02756054,0.03838315,0.05274791,0.06285375,0.06660157,0.07617775,0.09066686,0.10769851,0.10067656,0.11844808,0.13675521,0.16228959,0.17575684,0.21486673,0.25898506,0.30860134,0.33314889,0.38983513,0.42691122,0.45572679,0.47585509,0.50230646,0.51273018,0.53391863,0.52391472,0.51361746,0.51518194,0.49515641,0.46518593,0.42311465,0.38569708,0.36083922,0.31517639,0.24462768,0.21224820,0.18863661,0.14974665,0.12461251,0.10380173,0.10905260,0.10541453,0.12041548,0.11326212,0.13031450,0.14323584,0.14495865,0.12985259,0.12011035,0.11062599,0.10468298,0.09314722,0.08408394,0.07534415,0.07298343,0.08136632,0.08031556,0.08443077,0.09725220,0.10928870,0.11398796,0.12529564,0.14512898,0.15123605,0.15648516,0.18620633,0.17324097,0.18738320,0.19923886,0.18938128,0.20651062,0.18000978,0.20302073,0.18507094,0.18923089,0.17618181,0.16654048,0.15685131,0.16125667,0.16309996,0.16639015,0.18594941,0.20651491,0.22574005,0.24296319,0.24447541,0.25374987,0.24575825,0.21335309,0.19370400,0.16583477,0.14460697,0.10888225,0.10224107,0.09833054,0.08891320,0.08685813,0.07986791,0.07702487,0.08616826,0.08673727,0.08924769,0.08847426,0.10032549,0.10325422,0.12273868,0.15212103,0.15418170,0.17571938,0.20722933,0.22746396,0.24952041,0.27630950,0.29636881,0.32259731,0.32878140,0.35969976,0.35414742,0.36481186,0.37082001,0.34473519,0.32186687,0.31587807,0.29249319,0.26663623,0.26097858,0.22249833,0.20464388,0.19495932,0.18435658,0.20048689,0.18831766,0.21090326,0.21908816,0.22736654,0.26719792,0.28242628,0.30448004,0.35373102,0.37837962,0.41959364,0.48147046,0.48961635,0.52870255,0.56262422,0.60341619,0.62192811,0.60673993,0.61114248,0.60542907,0.58790353,0.53646256,0.49753482,0.47264764,0.42635457,0.38351677,0.34398642,0.32157177,0.29724502,0.26058774,0.26672550,0.24290785,0.24916959,0.25706674,0.25567223,0.24375636,0.24704518,0.24357796,0.23019819,0.22521704,0.20423062,0.21232224,0.18613320,0.19152965,0.18737328,0.19129845,0.22538996,0.22614130,0.26210262,0.30576619,0.35726967,0.37230707,0.42791965,0.47197676,0.50039541,0.52781972,0.54286809,0.55794192,0.52947355,0.54924276,0.52032057,0.49955732,0.47786713,0.47379588,0.46582410,0.46718629,0.45451563,0.43281733,0.42311277,0.41957359,0.38465845,0.34700895,0.31165841,0.27113657,0.23372298,0.20561823,0.18650810,0.17854699,0.17521914,0.16486866,0.14768984,0.14870535,0.16629967,0.17941453,0.17457141,0.18048089,0.17264222,0.18982951,0.19039841,0.20225723,0.20277996,0.20384844,0.22569805,0.22548257,0.22481518,0.22888561,0.22792243,0.22576652,0.23725963,0.24022189,0.23446978
0.09400282,0.09537433,0.09969793,0.07684694,0.08975620,0.10129722,0.09033350,0.09568280,0.08833672,0.09450424,0.07156243,0.08006804,0.07925279,0.07124336,0.06933410,0.06778444,0.06028961,0.07353295,0.06798139,0.06322078,0.07160394,0.06775562,0.07591792,0.07919763,0.08881278,0.08483963,0.08220735,0.09911110,0.10893977,0.11373604,0.10209263,0.09847825,0.08930725,0.09686838,0.09910292,0.09706321,0.10784058,0.12074132,0.13849481,0.15508759,0.17918353,0.18152767,0.18057057,0.16721018,0.14639997,0.16720277,0.15051342,0.12433703,0.11031767,0.09343655,0.09488246,0.09329808,0.08255150,0.08514849,0.08041799,0.07618675,0.07984511,0.07326835,0.07552148,0.08204642,0.07425196,0.07428726,0.07777799,0.08890666,0.08081050,0.08171590,0.08400953,0.08855642,0.07881065,0.09769277,0.08095110,0.10243063,0.10564277,0.11114392,0.12718996,0.13578315,0.15928988,0.17166370,0.19804932,0.20189241,0.22118218,0.23425833,0.24828889,0.27755492,0.30798151,0.36542708,0.41067402,0.47748145,0.51842052,0.55324877,0.59666536,0.59332378,0.60885400,0.60546764,0.56944302,0.54760183,0.49776719,0.48348357,0.46250706,0.41400980,0.38965793,0.36347010,0.33299262,0.28998790,0.26185025,0.23616126,0.21878067,0.19862624,0.17806669,0.18178236,0.17841085,0.17127230,0.18401530,0.19011872,0.21773359,0.20835064,0.22731478,0.23016966,0.21166440,0.20997080,0.18292603,0.16321245,0.15414038,0.13681751,0.13686836,0.13572420,0.13057592,0.12319483,0.13381235,0.14271818,0.15432454,0.16790134,0.18894128,0.20936211,0.23078881,0.21907496,0.24968284,0.24720932,0.27677220,0.29605286,0.30947814,0.30180983,0.31575886,0.31531146,0.29611592,0.27379249,0.27528359,0.25370631,0.24195877,0.23418303,0.20119946,0.19135695,0.18243608,0.16565292,0.17037639,0.17589566,0.17095531,0.15934460,0.14861947,0.15376741,0.12986303,0.13865542,0.13165199,0.11882107,0.12179328,0.12265534,0.11028531,0.12608967,0.11612960,0.12342569,0.11693376,0.11431117,0.13254132,0.13981635,0.15408266,0.15432210,0.17169446,0.19410122,0.21695862,0.24198811,0.26851082,0.30381148,0.32948938,0.36551807,0.39965446,0.42843849,0.44904745,0.46899190,0.46320382,0.47389591,0.47354808,0.46699572,0.42952320,0.41397357,0.37116431,0.33956430,0.30162782,0.29586991,0.25830265,0.24072423,0.24528082,0.24719845,0.24585898,0.24094785,0.24992043,0.27335295,0.30833271,0.31415235,0.33783519,0.35954980,0.40262605,0.40298311,0.44048420,0.44130045,0.47407878,0.49921487,0.49576373,0.49919430,0.52418014,0.51382194,0.52643251,0.48729340,0.47238495,0.45816580,0.42236530,0.41415673,0.37298356,0.33794753,0.32027962,0.30846345,0.30762558,0.28117433,0.29343118,0.26951611,0.29508298,0.28999277,0.28258420,0.26478334,0.27874836,0.26489627,0.25927204,0.23972334,0.23033029,0.22260710,0.21899520,0.21712841,0.21805980,0.24834356,0.23905221,0.25622051,0.29324859,0.34274313,0.35017743,0.39476809,0.41397502,0.43224886,0.44589851,0.47074411,0.49827634,0.48736527,0.47172802,0.46301247,0.46141647,0.44504334,0.42121601,0.40982326,0.37990732,0.37882093,0.36436267,0.34069193,0.33874883,0.31949954,0.29283551,0.26689013,0.25820065,0.22533911,0.20525201,0.19224297,0.17895694,0.17560107,0.16475684,0.17671651,0.17753534,0.19122213,0.18188886,0.17782166,0.17583288,0.19881194,0.19764379,0.20219017,0.22132593,0.21164584,0.22713727,0.24366971,0.25306864,0.23441768,0.24398834,0.24793009,0.26258303,0.26782666,0.27091623
0.03585582,0.04472958,0.02660245,0.03180867,0.03482584,0.03260021,0.01908544,0.02131334,0.02276859,0.02136848,0.01319816,0.01061157,0.01149276,0.01879573,0.00131273,0.00739080,0.00183790,0.00864986,-0.00399827,0.01143034,-0.00239632,0.01440913,0.00910744,0.01882538,0.02200330,0.02399083,0.03326077,0.03234763,0.02999255,0.03403725,0.02320079,0.03143604,0.02714237,0.03722580,0.03115848,0.04949183,0.07446036,0.09203498,0.10619682,0.10834633,0.13287351,0.13834767,0.14433434,0.13497070,0.12786276,0.10797873,0.09215222,0.06426425,0.05578380,0.02885679,0.02468799,0.01746338,0.01333946,0.01773758,0.00639065,0.00971683,0.01571634,0.01232459,0.01865713,0.01837634,0.01308847,0.01259200,0.02063601,0.01735030,0.01578652,0.02151622,0.01109370,0.01626125,0.01821379,0.01558583,0.01667595,0.02535033,0.04465777,0.06211502,0.07852396,0.10351285,0.13728334,0.14448935,0.15502456,0.16278309,0.17450167,0.18027910,0.19807976,0.25154158,0.26053738,0.31161419,0.37615787,0.40072634,0.43544805,0.45583878,0.50165752,0.48422082,0.46080738,0.47186341,0.44822235,0.41081473,0.37997871,0.34659047,0.32884658,0.28136671,0.26710232,0.24995355,0.21786084,0.17778107,0.15921429,0.13632811,0.11046335,0.08728721,0.08810417,0.06935860,0.08076496,0.07901507,0.09458321,0.09887124,0.11625988,0.11575251,0.10249691,0.11421727,0.09962857,0.07688238,0.07657964,0.06264448,0.06220638,0.04968976,0.02749893,0.04890292,0.05275956,0.05584362,0.05305049,0.05756304,0.08044256,0.08587891,0.12180795,0.13043708,0.14669616,0.16926850,0.17702865,0.19427280,0.22350132,0.23189462,0.25017231,0.27073115,0.25526074,0.27640778,0.25001228,0.25358576,0.23526131,0.19099246,0.17383872,0.15941849,0.13357822,0.12888854,0.12880549,0.11110157,0.10806956,0.10264853,0.09652873,0.08627748,0.07225476,0.07401278,0.05991891,0.05483067,0.04134390,0.03078233,0.04672587,0.03087356,0.02898343,0.03675789,0.03013783,0.03264513,0.03463167,0.04613810,0.06280672,0.06538753,0.07706229,0.09045514,0.09772018,0.13444269,0.16806961,0.20127749,0.22430968,0.25921414,0.30108336,0.34017134,0.37470052,0.38789014,0.40688643,0.39022337,0.40696581,0.41177592,0.39438096,0.34429168,0.30786174,0.28497131,0.26550727,0.22867065,0.19902717,0.19137858,0.15870174,0.13256826,0.13144221,0.13256816,0.14258307,0.13907074,0.14947871,0.16190190,0.19165486,0.20455351,0.22744309,0.24413212,0.26531954,0.28390284,0.31481656,0.32669035,0.33742973,0.34876746,0.36033896,0.34967117,0.36673142,0.34027828,0.32907926,0.30934023,0.30181205,0.26266769,0.24313965,0.20387563,0.18347819,0.17651422,0.16803278,0.16229294,0.15803580,0.15481349,0.15550798,0.15158402,0.15474857,0.17011051,0.15453959,0.14974613,0.15241985,0.12915398,0.12270478,0.10986536,0.08963258,0.09316425,0.10001753,0.10337475,0.10028031,0.11982834,0.15154012,0.16676792,0.19016085,0.21179085,0.25429945,0.26146122,0.29907436,0.33644740,0.35823415,0.36249603,0.37932498,0.40290247,0.37952404,0.39063961,0.37432750,0.36415525,0.34842349,0.32524331,0.32024246,0.31744614,0.30692549,0.27598774,0.24685453,0.22162461,0.18858479,0.16252395,0.12601447,0.11233076,0.08884510,0.08020681,0.06620209,0.07395806,0.06067796,0.07392132,0.06545878,0.07213007,0.08969086,0.08325491,0.08993524,0.10902474,0.10237571,0.10733173,0.12366443,0.13263886,0.13879099,0.14161667,0.13871897,0.16322373,0.15653877,0.15659919,0.16436894,0.15571644,0.17010488
0.01985177,0.01828946,0.02262873,0.01202286,0.01597512,0.02390802,0.00753497,0.01227450,0.02131445,0.01535350,0.01221307,0.01292963,0.00762070,0.01173509,0.01599605,0.00691262,0.00934986,0.01305194,0.01560484,0.01120787,0.00378271,0.01317280,0.01051084,0.00697398,0.01818979,0.00846672,0.01006138,0.01692239,0.01597216,0.03081951,0.02042721,0.02751993,0.02934895,0.02227716,0.03463803,0.05222095,0.06144374,0.06638385,0.08235751,0.09420578,0.10083163,0.11656670,0.13055828,0.11777053,0.11092702,0.10420479,0.08057396,0.07388723,0.06447549,0.04112106,0.02957317,0.02462019,0.02236223,0.02438444,0.02208891,0.03083767,0.01804027,0.00966438,0.01302969,0.01889719,0.01897250,0.00679897,0.01880332,0.01992492,0.01908117,0.02692702,0.02264057,0.01554039,0.02844925,0.01585749,0.02839935,0.02630730,0.03852689,0.05236269,0.04916115,0.07981832,0.11007028,0.12026710,0.13116132,0.13224295,0.12603642,0.13787902,0.14725032,0.15769896,0.19337889,0.20486190,0.23963198,0.28181884,0.32785019,0.36105033,0.38619240,0.41662026,0.41112709,0.43461018,0.41138072,0.40324631,0.37432096,0.33371391,0.32023596,0.28003447,0.25692081,0.20889835,0.18018108,0.14421817,0.13614126,0.10314856,0.08421323,0.07675202,0.06870256,0.07987927,0.09111826,0.09686991,0.11374300,0.11744502,0.13231984,0.16055192,0.16476371,0.15250846,0.15625844,0.13629861,0.12156221,0.09675024,0.08430737,0.06782524,0.05890966,0.04674552,0.04631281,0.04818442,0.05119318,0.05228700,0.06356480,0.05340292,0.07079439,0.06873240,0.07957870,0.08392137,0.09931045,0.13144010,0.13341642,0.16117464,0.17008747,0.19582878,0.19825551,0.20693095,0.20050150,0.21240735,0.21433093,0.17972007,0.16844084,0.16821953,0.14028046,0.13970856,0.13060425,0.13598405,0.12190829,0.13004240,0.12765166,0.12158545,0.10404089,0.09959013,0.08364169,0.06575572,0.06035556,0.05522690,0.05084167,0.04080250,0.04505732,0.04103235,0.04272761,0.04079347,0.03550601,0.04827825,0.03806361,0.04674624,0.06242509,0.05232207,0.06647899,0.07704303,0.08854436,0.10275439,0.11854401,0.12444123,0.14832427,0.18126424,0.17753393,0.21278625,0.20086169,0.20373220,0.21743408,0.21546829,0.20769250,0.19971983,0.19989536,0.17482466,0.16393829,0.14152323,0.12381678,0.11679166,0.10531864,0.09429993,0.09052084,0.08071914,0.08104124,0.08341952,0.09320054,0.09907116,0.12295503,0.13095792,0.16451227,0.17847109,0.20567214,0.25247916,0.26782513,0.31177643,0.33191041,0.38310833,0.40950048,0.45222340,0.44836980,0.43218326,0.44980975,0.44701142,0.41971872,0.38419572,0.33596185,0.31028033,0.28225236,0.24595036,0.22379010,0.17277079,0.16125928,0.13919957,0.13281582,0.11397609,0.11496184,0.10660506,0.08345451,0.08503540,0.09718867,0.07947201,0.08454016,0.08444362,0.07764149,0.07280547,0.09139292,0.11073128,0.11905808,0.13369366,0.16365396,0.20665078,0.24050678,0.26346362,0.30820602,0.33121832,0.36046710,0.37491141,0.40161202,0.40192530,0.38941231,0.39221192,0.37237131,0.37151284,0.37052940,0.33265335,0.33589422,0.34361252,0.32579845,0.32990628,0.32031216,0.29844377,0.27983509,0.25318141,0.23248638,0.19657462,0.16054653,0.13854030,0.10824476,0.09235925,0.09396639,0.06521337,0.05852345,0.05179916,0.06112242,0.06685255,0.07235474,0.07084651,0.06602932,0.07564352,0.08139400,0.09419778,0.09711778,0.09653007,0.09230543,0.09887612,0.09314019,0.10542487,0.08489295,0.10821486,0.09985189,0.11285989,0.10227118
-0.00301138,-0.01109399,-0.01513744,-0.00733665,-0.00067662,0.00273203,-0.00268745,-0.00281632,-0.00164681,-0.01211382,-0.01661643,-0.01212721,-0.02918341,-0.02900114,-0.03919801,-0.03274829,-0.04768849,-0.03028622,-0.03265523,-0.02975792,-0.02242025,-0.02462961,-0.03559952,-0.03441298,-0.01768465,-0.01843447,-0.00519078,0.00165442,0.01525584,0.01575103,0.01042904,-0.00352133,-0.01058304,-0.00183943,-0.01012273,-0.00577970,-0.00007651,0.01340164,0.02879053,0.04037885,0.05166820,0.06200388,0.05610962,0.05721984,0.05717999,0.05477490,0.03541739,0.02975839,0.00724515,0.00177207,-0.01342783,-0.02291965,-0.01381846,-0.02646795,-0.03513872,-0.03367565,-0.03032424,-0.02993344,-0.02755573,-0.03361481,-0.02812888,-0.03161944,-0.03425715,-0.03366085,-0.02259778,-0.02362231,-0.02581045,-0.02977466,-0.03087647,-0.02507140,-0.02608426,-0.02184293,-0.02464630,0.00453553,0.00647269,0.02061037,0.04323643,0.06643581,0.07350201,0.07228891,0.08827468,0.08755700,0.09392294,0.11840550,0.14102071,0.17494790,0.21413356,0.28275361,0.29869066,0.34708263,0.35718345,0.39657752,0.40510345,0.39558746,0.39317624,0.36995121,0.35771412,0.34205232,0.32687658,0.30971416,0.29639056,0.26392801,0.25265720,0.22016904,0.20709810,0.18750820,0.14080941,0.11271272,0.08650475,0.07384636,0.06422975,0.06627306,0.07393141,0.08570847,0.10388314,0.12178667,0.12032120,0.12819347,0.12324656,0.09767168,0.08911292,0.06463136,0.04557985,0.03851575,0.02390965,0.01390806,0.01602692,0.02250564,0.03219190,0.03822299,0.06188018,0.07003281,0.08955072,0.11659108,0.12717084,0.15259823,0.17258329,0.18505686,0.17816987,0.18056089,0.18937357,0.21729521,0.19889919,0.19814359,0.20027266,0.17521882,0.16975126,0.14821288,0.12047406,0.10509824,0.08943517,0.07404802,0.05647360,0.05407637,0.04551142,0.03964460,0.02740756,0.02022605,0.01270805,0.01736918,0.00510239,-0.00313249,-0.00473383,0.00139743,-0.00082722,-0.00298170,-0.00891053,-0.00878416,-0.01343621,-0.00576367,-0.01902453,0.01194902,-0.00261847,-0.00060665,0.00604349,0.02330187,0.01275520,0.02503339,0.05145338,0.05290634,0.07797704,0.09002995,0.12649186,0.14552635,0.15307507,0.19126512,0.19279523,0.21829845,0.21646469,0.19739266,0.19610603,0.20281188,0.19782174,0.18069409,0.16658662,0.14855681,0.12337818,0.11196537,0.10127047,0.08694316,0.10373607,0.09544587,0.11081040,0.12075307,0.14179891,0.17085006,0.19596978,0.22452215,0.23967937,0.26303596,0.27537832,0.34251632,0.33365946,0.35557138,0.38094494,0.40652916,0.39894096,0.40552967,0.40080103,0.39010498,0.39528576,0.36636749,0.36593196,0.32887637,0.29882772,0.26937806,0.26119040,0.22733701,0.20706911,0.18552678,0.18532392,0.18083476,0.19162715,0.17910782,0.19064526,0.19633470,0.19065905,0.18979526,0.18309083,0.18462776,0.15972505,0.13305467,0.12786545,0.10857677,0.08942562,0.07565693,0.08277278,0.10181694,0.11137187,0.13518180,0.13362856,0.17527663,0.20255020,0.24152846,0.26747056,0.29287928,0.31094098,0.32925691,0.35057509,0.35173499,0.34904104,0.34692476,0.34439502,0.31609043,0.29078340,0.26970711,0.24249934,0.22456752,0.21450304,0.19497389,0.16465483,0.16423125,0.13770444,0.11549838,0.10392640,0.07701646,0.06071238,0.03580183,0.02930056,0.02390247,0.01993500,0.01608868,0.01030407,0.02613861,0.01814829,0.02084681,0.01114546,0.02553215,0.03263891,0.03213384,0.04573977,0.04316584,0.05205345,0.05721785,0.05545135,0.05744011,0.07219882,0.07084998,0.07087363,0.07617692,0.06678298
0.05944032,0.06961460,0.06714855,0.07040375,0.06694506,0.08044985,0.08322020,0.07503721,0.08120358,0.06494365,0.05591078,0.05396117,0.04255445,0.04085313,0.02426613,0.02857309,0.02971897,0.02844329,0.02936313,0.03679975,0.02722204,0.02920127,0.04070987,0.04219396,0.05623641,0.06113204,0.08585713,0.10531798,0.08661319,0.09275836,0.08756645,0.06640058,0.06822842,0.05460113,0.04548508,0.04237386,0.05335946,0.05552379,0.05955785,0.06534456,0.07590698,0.08234093,0.07736288,0.07293412,0.07902661,0.06098274,0.06823318,0.05903684,0.04599872,0.05248292,0.03387928,0.03724099,0.03247436,0.02953615,0.02771451,0.04026328,0.03291932,0.03285931,0.03665361,0.02948990,0.03603431,0.03840585,0.03505394,0.04027067,0.03527137,0.03117961,0.03910343,0.03575844,0.03548754,0.03208524,0.05100787,0.03171756,0.04605385,0.04865404,0.06298801,0.07440501,0.07583218,0.09535589,0.10274795,0.12005901,0.12054737,0.14031213,0.15739486,0.18273394,0.23324692,0.28185515,0.32596628,0.36134614,0.37352205,0.42192371,0.46250746,0.48450405,0.49319658,0.50072701,0.50683090,0.48698697,0.50089785,0.49519975,0.48640679,0.51209571,0.50335023,0.46775618,0.45267207,0.41623772,0.35750304,0.30946257,0.26483512,0.21623313,0.18032276,0.15404890,0.14365411,0.13174554,0.13756003,0.13010144,0.14310471,0.15558367,0.14730612,0.13130211,0.14365018,0.12727307,0.10646209,0.10489581,0.09182139,0.09529628,0.08262440,0.09185244,0.09482448,0.11090855,0.13354834,0.13407676,0.17873493,0.19257078,0.22307886,0.26032295,0.26781567,0.27825366,0.29616873,0.30037681,0.29156097,0.28497021,0.27122802,0.24198313,0.22260594,0.20738102,0.19225846,0.16927210,0.15173866,0.14861215,0.14550857,0.13660754,0.12244613,0.12803792,0.13676897,0.12725501,0.13886239,0.13814453,0.13752735,0.13469326,0.14159810,0.11591339,0.10320643,0.09032090,0.06957384,0.07875801,0.06523525,0.04563463,0.06211431,0.06377561,0.05336945,0.05850171,0.05935318,0.07305812,0.06628497,0.07761369,0.09151637,0.10024273,0.10308930,0.12172191,0.14648866,0.17662091,0.18770620,0.21350560,0.24655793,0.26123040,0.29838575,0.31468853,0.34761505,0.35417866,0.35472298,0.34488943,0.34640177,0.32712913,0.29816584,0.27619983,0.26588884,0.23456713,0.23061370,0.21480473,0.20798604,0.20112905,0.20884613,0.23925724,0.24981623,0.27231006,0.31786790,0.34574265,0.37303577,0.41150855,0.45061084,0.50118026,0.50605382,0.53793630,0.54240895,0.56038843,0.56663454,0.58562490,0.56910912,0.55299552,0.54281786,0.51427782,0.49023831,0.45646659,0.42337974,0.38335499,0.33674378,0.33479073,0.29046974,0.28335176,0.27798522,0.27869129,0.28290446,0.30268391,0.30184219,0.32941203,0.36123567,0.34018104,0.36123278,0.34249652,0.32140741,0.29307277,0.28379917,0.24490199,0.20905552,0.19770232,0.17901426,0.16785186,0.16201633,0.16927534,0.19311788,0.21099619,0.23137752,0.27641022,0.31877091,0.36256541,0.39707161,0.40787855,0.44857558,0.46236255,0.46342985,0.46370199,0.46565906,0.42383293,0.39190184,0.38168322,0.33444009,0.32782098,0.30444525,0.28004525,0.27861382,0.23795750,0.23003368,0.20008129,0.17884912,0.16436588,0.12614001,0.11035616,0.09439740,0.08392338,0.08385636,0.07664277,0.08672326,0.07480848,0.07650918,0.09017401,0.09467107,0.09103051,0.10580765,0.09567931,0.11958460,0.11157353,0.11912974,0.13123923,0.13412776,0.13620344,0.13889225,0.15846131,0.15004267,0.15455072,0.15291449,0.15059173,0.14839757
-0.00462994,0.00849655,0.01000327,0.02348380,0.01958029,0.02121119,0.02829482,0.02083691,0.02496506,0.01318833,-0.01018679,-0.00060324,-0.02230291,-0.02474808,-0.03141329,-0.01974095,-0.02377267,-0.02658179,-0.02413267,-0.02824939,-0.03048373,-0.02392580,-0.02080193,-0.00990742,0.00572249,0.02307163,0.03387500,0.04142085,0.05179370,0.05503067,0.02852157,0.01607224,0.01752698,0.01508393,0.02497643,0.02380945,0.04691660,0.09077558,0.10887856,0.13129366,0.15097703,0.18339571,0.17303477,0.16529660,0.13809466,0.12346274,0.08804403,0.06683792,0.03076289,0.02299218,0.00869265,-0.01582991,-0.01465023,-0.01823215,-0.01907895,-0.01881559,-0.02271546,-0.03033614,-0.02522652,-0.03000918,-0.02987799,-0.02789911,-0.03008378,-0.03848500,-0.02529234,-0.01797606,-0.02975490,-0.03077640,-0.02718806,-0.02132279,-0.00593871,-0.01243048,0.00451079,0.02148368,0.05579939,0.07688444,0.11250577,0.14165058,0.13861604,0.13809646,0.12108497,0.09526923,0.06744771,0.04033609,0.03738910,0.05037180,0.05507190,0.05178593,0.07511697,0.07800045,0.09865954,0.09837350,0.12555954,0.14110493,0.15635088,0.17153296,0.21909861,0.25012683,0.27030413,0.31321707,0.32138192,0.34026134,0.33110475,0.30244607,0.26814377,0.21510636,0.16844524,0.12553981,0.09909509,0.06427165,0.04510704,0.02924759,0.01105451,0.01803295,0.00760161,0.00413905,0.00150220,0.00650175,0.00846053,0.00480429,0.00521142,0.00361982,0.00201425,0.00087883,0.00980344,0.01267286,0.03125157,0.04273063,0.06328126,0.09736863,0.11484927,0.15954281,0.19717138,0.22188665,0.25881269,0.29603863,0.31122343,0.34366362,0.36310289,0.39403387,0.41218972,0.38117983,0.40049974,0.39134023,0.37013654,0.34676809,0.30757317,0.28098946,0.23629614,0.20555578,0.16322730,0.13516875,0.11193127,0.09566063,0.09073930,0.06046330,0.06460795,0.05002781,0.03623454,0.03478294,0.01204445,0.00527056,0.00114055,-0.00291267,-0.00965228,-0.00961997,-0.01191559,-0.00673782,-0.01193086,-0.01642279,-0.00349023,-0.00397711,-0.01699886,-0.01424402,-0.00752565,-0.01134951,-0.00342881,0.00673106,0.00606843,0.01403245,0.01259475,0.02357476,0.03339076,0.03410536,0.04196136,0.05283351,0.05148982,0.04717090,0.05545611,0.06427702,0.04968159,0.04564464,0.04469628,0.04986161,0.05128722,0.04792081,0.06709294,0.06097799,0.08313176,0.08905210,0.11950048,0.13983881,0.15248722,0.20141349,0.23458367,0.26861749,0.31107464,0.32386609,0.35837136,0.37678111,0.39122770,0.36925950,0.39985319,0.38600872,0.36480166,0.34789015,0.31318397,0.29610221,0.27416444,0.23173890,0.22003649,0.18212799,0.16083626,0.14599003,0.12871392,0.13472615,0.10940569,0.13090193,0.13691534,0.14972999,0.18433604,0.21036739,0.21776321,0.26093717,0.28006255,0.28401431,0.29381051,0.27988109,0.24597181,0.23563988,0.21182119,0.18264985,0.14030464,0.10805170,0.09015870,0.07244098,0.05397516,0.05929471,0.05580538,0.06594177,0.07338029,0.09224189,0.13270989,0.16429807,0.22262005,0.25510434,0.31116554,0.37034840,0.42580236,0.45484002,0.50843134,0.49070956,0.49517478,0.46729924,0.44458567,0.42056584,0.40379931,0.36260365,0.35101124,0.34064010,0.30712454,0.25826066,0.21415552,0.17280153,0.13007323,0.10040229,0.06010354,0.03593753,0.01660728,0.02678435,0.00689391,-0.00564038,-0.00286051,0.00051648,0.00450176,-0.00078119,-0.00299396,0.00069634,0.01016509,0.00645556,0.00373443,-0.00039825,0.01110692,0.01282824,0.00722681,0.01466339,0.01121072,0.01493703,0.01615310,0.01020054,0.01394839
-0.02874572,-0.02759449,-0.01776500,-0.00817324,-0.00921877,0.00045451,-0.00534202,-0.00584763,0.00087507,-0.01128744,-0.01137651,-0.00819573,-0.01353756,-0.03056115,-0.03428180,-0.03290428,-0.02833946,-0.03807642,-0.03040531,-0.02737532,-0.01464817,-0.02267833,-0.02616803,-0.02328086,-0.00922957,-0.00356827,0.02149849,0.02263875,0.02107799,0.02105563,0.00872324,0.00776716,-0.00168681,-0.00225205,-0.00793906,0.00397456,0.00271400,0.02191996,0.03437228,0.04651391,0.06913831,0.07239581,0.06130795,0.06930631,0.06416604,0.04964447,0.04105036,0.03338718,0.01726028,0.01975495,0.00646797,-0.00243330,-0.01183720,-0.01268257,-0.00852757,-0.00891418,-0.01228583,-0.01199438,-0.00004259,-0.01267584,-0.00959777,-0.00751241,-0.00720655,-0.01294910,-0.01669319,-0.00495636,-0.00345267,-0.00521611,-0.01206979,-0.00124697,-0.00065697,0.01290144,0.01686832,0.02266648,0.02818428,0.05444237,0.06604678,0.08595570,0.08646112,0.08786945,0.09061377,0.08780367,0.10081133,0.11412415,0.13841215,0.17078788,0.19340406,0.24276836,0.27411971,0.30940398,0.35464683,0.35408827,0.38310522,0.38885605,0.39219108,0.37549988,0.38381459,0.38341892,0.36022953,0.35311073,0.34182816,0.32532231,0.28916188,0.26472696,0.22872006,0.19594015,0.15921685,0.13585240,0.12763407,0.12196938,0.11079662,0.12407707,0.14414465,0.17332661,0.18155919,0.19605894,0.19735710,0.19407706,0.17123203,0.16323705,0.14142583,0.10853588,0.08653620,0.06663171,0.07236852,0.05867593,0.06147152,0.06029471,0.06977643,0.08278278,0.10486501,0.13476297,0.12874393,0.16351827,0.18866620,0.20198183,0.21355397,0.22331761,0.23335210,0.22657098,0.23310620,0.24552556,0.22656826,0.22013252,0.22853709,0.18907013,0.18444412,0.17766673,0.17438753,0.14354517,0.11647949,0.12198056,0.11678421,0.11354315,0.10471426,0.11201803,0.10424532,0.09295776,0.09475444,0.09401439,0.06144831,0.05654675,0.05959704,0.04590902,0.04566834,0.03648652,0.03931749,0.03949957,0.03811929,0.04313715,0.04394182,0.04181967,0.05295836,0.04889947,0.05898463,0.04124851,0.04676445,0.06634743,0.06275729,0.06571338,0.06879119,0.08387960,0.09345269,0.09647085,0.08706902,0.09585911,0.11313146,0.09649796,0.10675698,0.12063954,0.11225559,0.10835551,0.10351755,0.09591870,0.09827639,0.09365620,0.10980172,0.10762107,0.11940054,0.13179016,0.13790154,0.15271197,0.17112862,0.20114169,0.21668983,0.24412866,0.28043996,0.30816532,0.33599413,0.38368955,0.41191059,0.44216501,0.47027832,0.51784229,0.54025566,0.55961324,0.58392239,0.61378044,0.58449110,0.57938507,0.58691606,0.55145855,0.52998116,0.48414503,0.43689754,0.39986916,0.37225774,0.33357040,0.29821039,0.28886580,0.27696786,0.25462044,0.25795469,0.25697920,0.26970586,0.26550469,0.27167826,0.25737609,0.25220879,0.23185005,0.19404451,0.19755468,0.18840800,0.17203634,0.17441817,0.17872475,0.18896721,0.20651539,0.23914490,0.27408259,0.29831167,0.36172258,0.38397527,0.41788099,0.43896915,0.46391616,0.48366569,0.49183039,0.49632189,0.48910585,0.48378324,0.45347234,0.43296013,0.37978684,0.36452212,0.36027457,0.31593452,0.32866414,0.29448667,0.27845936,0.25433764,0.25201418,0.23166854,0.20599600,0.15989114,0.14537239,0.12617320,0.11650521,0.10455082,0.08919746,0.10014889,0.08164875,0.09553818,0.09433630,0.09350797,0.09641666,0.09004476,0.08653626,0.09719776,0.09348870,0.09146738,0.10797338,0.09568166,0.09820883,0.09433027,0.10254046,0.09532235,0.10369205,0.10917360,0.09882689,0.10731874
0.00325592,0.00027408,0.00112722,0.00269931,0.00390374,0.02216783,0.02086985,0.01078096,0.01900287,0.01438335,0.00781840,0.00768254,0.00272060,0.00739372,-0.00565165,0.00518399,-0.00649147,-0.00720939,-0.00724439,-0.01185288,-0.00190058,0.00105687,0.00278664,0.01078143,0.00953426,0.01415741,0.02574057,0.02652870,0.02559513,0.03206464,0.02816532,0.02843819,0.02455905,0.01658571,0.02587190,0.01550590,0.01610416,0.02706007,0.03912640,0.05945558,0.07149658,0.07034090,0.07833782,0.07493465,0.07378539,0.06035892,0.06383640,0.05761479,0.03778187,0.04066068,0.01667463,0.01456796,0.01483220,0.01439537,0.01155180,0.01225876,0.00884666,0.01722439,0.01236511,0.01168208,0.01219047,0.02002561,0.02246572,0.01825235,0.02622009,0.01290853,0.01218350,0.01154832,0.00843013,0.01831839,0.02229522,0.02672449,0.02870536,0.02918928,0.03932735,0.04983937,0.07514750,0.08021383,0.09190600,0.09553974,0.10594054,0.11865486,0.12692188,0.14250839,0.16537040,0.19837720,0.23847457,0.27326224,0.29512918,0.36935097,0.39776266,0.43223403,0.44681648,0.47829361,0.49115306,0.47381866,0.47989723,0.47798103,0.47342599,0.42709632,0.41430448,0.38603293,0.34195131,0.29200609,0.27398207,0.23061861,0.18448201,0.16432851,0.13376603,0.13620312,0.12643287,0.13083750,0.15310893,0.15548064,0.18543535,0.18531681,0.21503093,0.21038465,0.18705095,0.17152096,0.15386362,0.12981989,0.11476074,0.10797677,0.09133761,0.07309178,0.06594390,0.07900839,0.07338581,0.06776843,0.09620745,0.10257296,0.11329401,0.13600557,0.15028803,0.14822534,0.16466713,0.16147646,0.17998200,0.18307816,0.19066004,0.19726130,0.20288158,0.19145276,0.20926779,0.18834126,0.16978761,0.16528732,0.15239431,0.16013372,0.15186297,0.15110438,0.13903881,0.16920079,0.17333659,0.18464132,0.19138059,0.18163755,0.16856619,0.15754868,0.13866321,0.12405442,0.11555439,0.09222839,0.06986439,0.07411045,0.06125355,0.05618326,0.06012581,0.06348915,0.05823246,0.06454495,0.07412287,0.06635475,0.07797708,0.07505966,0.08273267,0.08232348,0.09348957,0.09598984,0.10574916,0.11989263,0.12309838,0.14198976,0.14357623,0.15605315,0.16679426,0.18254474,0.17787446,0.17937695,0.17822552,0.17820986,0.16996502,0.16351531,0.15473392,0.15134540,0.12754114,0.13947844,0.13465195,0.12502948,0.13533372,0.13199392,0.14538053,0.16961504,0.17318858,0.18900832,0.21434089,0.26074344,0.29889557,0.33890826,0.35612195,0.39950171,0.44477315,0.47924583,0.50518045,0.57294301,0.59852857,0.63218383,0.66612327,0.63985720,0.65199615,0.62203466,0.62408437,0.57647610,0.55319130,0.47808123,0.42747103,0.39306196,0.34231902,0.30466435,0.28483720,0.26504470,0.24182813,0.24136218,0.23514965,0.22857725,0.23132242,0.23152635,0.21319232,0.21189533,0.18288112,0.16938947,0.18019312,0.17227098,0.15839398,0.17671857,0.18392480,0.18541467,0.23081527,0.25905805,0.29930526,0.36349173,0.39142387,0.46227558,0.48513106,0.50861700,0.54413170,0.55682244,0.56084903,0.54093845,0.52185900,0.48213862,0.45758852,0.44396712,0.42557565,0.39323407,0.38291776,0.37537330,0.37167887,0.36465229,0.35116170,0.31218648,0.29182220,0.25144296,0.21677211,0.19207724,0.16301364,0.14977595,0.12433058,0.10997856,0.10802993,0.11804487,0.11151842,0.10959281,0.10714220,0.10648617,0.12434031,0.12505590,0.11293407,0.11819080,0.12131964,0.12521311,0.11350196,0.12633368,0.12791625,0.12886579,0.13099241,0.14415776,0.14030558,0.14707036,0.14229129
0.06361242,0.07080769,0.07104069,0.06261429,0.05350648,0.05334819,0.05369838,0.06020430,0.04648634,0.04913550,0.05581376,0.05379030,0.04915869,0.05983861,0.05564944,0.04879241,0.04367092,0.05438066,0.05432826,0.05371779,0.06342254,0.04982014,0.06371401,0.05687700,0.06270554,0.06931807,0.05773058,0.05913480,0.05744910,0.06912528,0.05111345,0.07371849,0.06095678,0.06829251,0.06529868,0.07681179,0.08259771,0.07952555,0.08892312,0.10065590,0.10863717,0.11489698,0.10835923,0.11642432,0.11087390,0.09377674,0.09416416,0.08661786,0.06631763,0.07583915,0.07780714,0.07597857,0.06712481,0.06836381,0.06288576,0.06891319,0.06270840,0.06587718,0.06689973,0.06830761,0.06715745,0.07353837,0.07998196,0.06934800,0.07105651,0.07303962,0.07259765,0.07276349,0.06594928,0.06754547,0.07575730,0.07823166,0.07027607,0.08922527,0.08715191,0.10396722,0.11337070,0.13424899,0.13202848,0.15320495,0.16584808,0.18654668,0.18365534,0.22477791,0.26821574,0.29990027,0.36341857,0.41229732,0.44550624,0.47424691,0.51975901,0.56341013,0.57154858,0.57830640,0.60251656,0.59066222,0.58381763,0.57687366,0.55755446,0.51105371,0.44545093,0.41620956,0.35336383,0.30369840,0.23902350,0.20289889,0.17492432,0.15500160,0.14344696,0.12642757,0.11562191,0.14131770,0.14127278,0.14219535,0.16252918,0.15584289,0.17468358,0.17400452,0.15496025,0.15502914,0.12611849,0.12559745,0.10648938,0.11515067,0.10220068,0.10217438,0.08166087,0.08960030,0.09685023,0.09889731,0.09678114,0.08865135,0.10185649,0.10597568,0.11346866,0.10586096,0.12935848,0.11674670,0.14576008,0.14871782,0.15465374,0.16455118,0.18283359,0.16978812,0.17725067,0.16986500,0.15973023,0.16312741,0.16758502,0.18073467,0.19256879,0.22680389,0.24800794,0.29163492,0.31361259,0.32772554,0.31751878,0.30950519,0.29220594,0.24567783,0.21595725,0.18400662,0.15704558,0.14349167,0.11365604,0.11465163,0.10633837,0.09480093,0.10688669,0.10848649,0.10010972,0.10308046,0.11823434,0.11814850,0.12786935,0.14174995,0.15959027,0.17298355,0.18546247,0.20007137,0.24741340,0.28090058,0.30432098,0.31662764,0.35697882,0.35699988,0.39959045,0.41320933,0.41800042,0.40039709,0.39129879,0.39670710,0.35950995,0.31628333,0.31522587,0.26686320,0.23072783,0.21676066,0.20609341,0.18102541,0.16490119,0.16216554,0.16562502,0.15789822,0.16814235,0.16780230,0.19693973,0.21665769,0.24710382,0.29132417,0.32161282,0.39492923,0.45083439,0.49087192,0.51895350,0.59419203,0.61860157,0.65283784,0.63957467,0.64252214,0.60780958,0.60019615,0.57944792,0.51438318,0.45158575,0.41029153,0.36084746,0.32563740,0.27794495,0.23791277,0.21118818,0.17808532,0.17019015,0.16337985,0.15620431,0.14561265,0.13386210,0.13395644,0.13475234,0.13099041,0.13172502,0.13878859,0.13169279,0.14107593,0.14382485,0.15671121,0.18256174,0.20117014,0.24120438,0.27544224,0.32374199,0.37941153,0.43316008,0.48812691,0.51714726,0.55459109,0.54696512,0.55986529,0.53528655,0.50090999,0.50262707,0.47216390,0.46891773,0.43502532,0.45488961,0.46134056,0.44430417,0.47024945,0.46477090,0.45509383,0.43611482,0.37758908,0.33405006,0.30284924,0.25367876,0.20261838,0.18405994,0.16286790,0.15626598,0.14280093,0.14252559,0.13288141,0.13663343,0.13900387,0.15180676,0.14505898,0.15650139,0.15710061,0.16594718,0.17106668,0.18455514,0.18452857,0.18358695,0.18848299,0.20272163,0.20395712,0.20399719,0.21182236,0.21272175,0.20150337,0.21592595
-0.01968418,-0.00572561,-0.01337002,-0.00537580,0.00073089,0.00372083,0.00630489,0.00282817,-0.00624194,-0.00298482,-0.00427067,-0.01198674,-0.01686978,-0.02659167,-0.01590728,-0.01731338,-0.02013088,-0.02292487,-0.02017530,-0.02086406,-0.01956359,-0.02681600,-0.01373416,-0.01292996,-0.00691808,-0.00347028,0.00890270,0.01770766,0.01556037,0.01081692,0.00809193,0.00707716,0.00951582,-0.00778057,-0.01836513,-0.00003693,-0.00849762,-0.00670136,0.00527931,0.01250458,0.01069034,0.01998733,0.02025283,0.01200143,0.00933263,0.01549345,0.00272993,-0.00359678,-0.00059262,-0.00473772,-0.01035100,-0.01356003,-0.00890054,-0.00564826,-0.01049162,-0.02072069,-0.01236694,-0.01731583,-0.00929617,-0.01854864,-0.00759046,-0.00747174,-0.00461019,-0.00918926,0.00356138,-0.01283297,-0.00248367,-0.00723420,-0.00548209,-0.00980387,-0.00665408,-0.00081168,-0.00539266,0.00189743,0.00669723,0.01808538,0.01882947,0.02498149,0.03536798,0.05123207,0.05028902,0.06728269,0.08612428,0.09400546,0.11841821,0.15094500,0.18624100,0.22011713,0.26413582,0.29590486,0.33243150,0.36310868,0.38883803,0.42213448,0.43962249,0.44878036,0.44752460,0.45265292,0.44413523,0.43477076,0.40325691,0.37460287,0.35357228,0.30103398,0.24771715,0.21288397,0.16726380,0.13883533,0.09593886,0.09160622,0.09457788,0.09306300,0.09395954,0.10498709,0.11387822,0.12303638,0.11644369,0.12248308,0.11220722,0.08753950,0.07497978,0.07471939,0.05640423,0.03505884,0.03491701,0.03878688,0.03989043,0.04567310,0.06630969,0.06219057,0.06643712,0.08998986,0.10675059,0.11992226,0.13174674,0.13648504,0.13949180,0.16142204,0.15574396,0.12963648,0.14160190,0.11931081,0.10600771,0.11521868,0.11289849,0.10354836,0.08893157,0.08431069,0.08552817,0.08108718,0.10366972,0.11423052,0.14082576,0.16466569,0.17739197,0.20301641,0.18675929,0.18774683,0.16767657,0.14207250,0.11825523,0.09006748,0.06606346,0.04803586,0.03687182,0.02843172,0.03487706,0.03101998,0.02892133,0.02646546,0.02299347,0.02663434,0.03659620,0.03544458,0.03477608,0.04239138,0.05191327,0.05307464,0.06586701,0.07783280,0.08224680,0.09923299,0.11303910,0.10976233,0.13173282,0.13926400,0.14006290,0.14523561,0.15449194,0.14385247,0.14723803,0.14363030,0.12666123,0.11559344,0.11346432,0.11421298,0.10400335,0.09655569,0.10872648,0.09251106,0.11928915,0.12303495,0.14785771,0.15925815,0.19019749,0.21065705,0.25343699,0.28348908,0.33170671,0.35117685,0.38044618,0.45648683,0.49634501,0.53172900,0.54119348,0.59113453,0.59915055,0.62279824,0.62022944,0.60433032,0.57887014,0.56903564,0.51420770,0.46048499,0.42000742,0.37550888,0.32270710,0.27726904,0.25351455,0.23912438,0.22053166,0.21121360,0.21097148,0.20045531,0.21402652,0.21219766,0.20290361,0.19227189,0.19163464,0.18638513,0.15705887,0.14470796,0.11914996,0.13983688,0.13458997,0.13478157,0.14957202,0.17340805,0.19725052,0.24711772,0.27146962,0.33368112,0.39187392,0.43144813,0.45738439,0.50138458,0.49893037,0.49862729,0.48582209,0.45337503,0.44018797,0.41488533,0.39365111,0.36422343,0.35166133,0.34530333,0.34009793,0.33639199,0.32677780,0.29736084,0.26448585,0.23841402,0.21379284,0.16568369,0.14299898,0.11064366,0.09094153,0.08410106,0.06905123,0.06745329,0.05781900,0.07548403,0.06445077,0.05687698,0.07082182,0.06530730,0.08120943,0.07153292,0.07504908,0.07290453,0.07776761,0.07879517,0.07585185,0.09045452,0.08554518,0.09239504,0.08295740,0.08864604,0.09695687,0.09620179,0.07930640
0.02901955,0.03529187,0.03805657,0.03188143,0.04885564,0.04231472,0.05017637,0.04399331,0.03982122,0.04220826,0.03826511,0.03055701,0.02990189,0.03177532,0.02036027,0.01924788,0.02938307,0.02417313,0.02465474,0.03235246,0.02861680,0.03619055,0.02926654,0.03034551,0.04198806,0.04289213,0.05055460,0.04710058,0.05927508,0.03885227,0.05312803,0.05719102,0.04686882,0.05732763,0.05911618,0.07201058,0.08473922,0.10605588,0.13678167,0.14948662,0.16253900,0.16766371,0.18319282,0.15651265,0.16524069,0.13756876,0.12107195,0.10444044,0.08093301,0.07179172,0.06487437,0.05295116,0.04222859,0.03464025,0.04397047,0.03716520,0.04038642,0.03177888,0.04128396,0.02722351,0.03988195,0.04051919,0.03209734,0.03782742,0.02892914,0.03023776,0.03498287,0.04355255,0.03718806,0.03082447,0.04486488,0.04068996,0.05757128,0.08188532,0.09081211,0.12696927,0.14095148,0.16227296,0.17119025,0.16918140,0.16454079,0.16629855,0.15604037,0.18174711,0.19796122,0.23390685,0.28042443,0.31813489,0.35355002,0.41042026,0.44411990,0.45531622,0.46053728,0.46688740,0.45971326,0.45819333,0.42022068,0.42092393,0.36801141,0.33556060,0.30115967,0.25559000,0.23190418,0.20775994,0.17927438,0.15755295,0.14181846,0.12885059,0.13515536,0.12965442,0.16468673,0.17709270,0.21344707,0.22261702,0.25207576,0.25488751,0.26220936,0.24720601,0.23296010,0.21641443,0.17411397,0.14063068,0.12736510,0.09521121,0.08293424,0.07563751,0.07848146,0.06697258,0.07257870,0.07417764,0.08863454,0.11059622,0.11103163,0.13748481,0.14648302,0.16284513,0.17817003,0.20839176,0.21937615,0.25181987,0.26404371,0.28174182,0.28514472,0.28504109,0.29342991,0.27906420,0.28002706,0.25629666,0.21290012,0.20523021,0.19099860,0.15996880,0.14278644,0.14858630,0.13673448,0.13029971,0.13351026,0.11811994,0.11466137,0.10461516,0.08943928,0.07536880,0.05948742,0.06237421,0.04745102,0.05337265,0.05291632,0.06229104,0.04586309,0.05519716,0.05204273,0.05604634,0.03982370,0.05527762,0.05987250,0.05003641,0.05780687,0.05778335,0.05492513,0.06330475,0.06229435,0.06216248,0.07354029,0.07743076,0.07371639,0.08744474,0.08059729,0.09409243,0.09563377,0.08078719,0.09251081,0.07856640,0.08126548,0.07325498,0.07918287,0.08466630,0.08980108,0.09056453,0.08814542,0.08723645,0.09460466,0.10817207,0.11440216,0.13424151,0.15561438,0.17244887,0.20340418,0.21419378,0.25048783,0.28790136,0.32649750,0.39455712,0.41586320,0.46634440,0.51041608,0.57886669,0.59899179,0.61564826,0.63843501,0.61580427,0.63645475,0.62223844,0.58180965,0.53373888,0.46296882,0.41825837,0.37861265,0.32448458,0.29856163,0.26659988,0.24242382,0.22348404,0.20250680,0.18784134,0.17100720,0.16064256,0.16792969,0.14952326,0.14102891,0.13281606,0.12308283,0.14809819,0.13693304,0.14241437,0.14216566,0.16594211,0.18857398,0.22942557,0.27671756,0.31166213,0.33944936,0.40665239,0.45966370,0.47625999,0.50198914,0.54072974,0.52900204,0.54397217,0.51263419,0.51328905,0.49302552,0.46796615,0.44119292,0.43614099,0.39797049,0.39490932,0.37712588,0.36691728,0.33708481,0.33552786,0.29773492,0.28193086,0.24022364,0.19454749,0.17018399,0.13519621,0.11437705,0.10484933,0.09975773,0.07601660,0.08491460,0.07003517,0.07481468,0.07212506,0.07574039,0.07080890,0.07604409,0.07560877,0.06853824,0.07132161,0.08934734,0.07888684,0.07630521,0.07176801,0.07799006,0.07980582,0.07846116,0.09117227,0.08955018,0.08574453,0.07867110
0.07513024,0.08959475,0.08020710,0.07881899,0.09597381,0.09134599,0.08713573,0.09440626,0.08102995,0.07616752,0.06977104,0.07433740,0.07594719,0.06564499,0.05814544,0.05886268,0.06480128,0.06704184,0.06888354,0.07465022,0.06085581,0.06195472,0.08165331,0.07274438,0.08061098,0.09819746,0.10006429,0.11502628,0.10926291,0.10507919,0.09664098,0.09186651,0.09223378,0.10246992,0.10641299,0.12225688,0.13187420,0.15130856,0.17450233,0.21219587,0.21716937,0.22980018,0.24191744,0.23212238,0.21144928,0.20407117,0.17572309,0.15399225,0.13668491,0.11563398,0.09398934,0.08148093,0.08547588,0.07651771,0.06953899,0.06914149,0.08347227,0.07091883,0.07566420,0.07148205,0.07012972,0.07515710,0.07227246,0.07218458,0.07793668,0.07484070,0.07838940,0.06993020,0.06812095,0.08169949,0.08326344,0.09426415,0.10775429,0.11486662,0.13996625,0.16625931,0.18550267,0.21488800,0.22020246,0.21595057,0.18790795,0.20383167,0.20363373,0.20945564,0.20216804,0.22172860,0.24711661,0.26420261,0.30734308,0.30483921,0.32531915,0.32950491,0.35426326,0.36301045,0.36363776,0.37018053,0.36643173,0.37027543,0.37423175,0.36126208,0.36422341,0.34394442,0.32118166,0.28762031,0.27675909,0.24080337,0.21032032,0.17199812,0.16121023,0.13802888,0.14121256,0.13704635,0.14095610,0.14272492,0.14420762,0.15087227,0.13023622,0.13330420,0.13437060,0.11324441,0.11679296,0.11998558,0.11058117,0.11404963,0.11026038,0.10693828,0.12535013,0.12364765,0.13697259,0.15749500,0.17305687,0.18735429,0.21186414,0.23340534,0.25575924,0.28015910,0.29709711,0.31253809,0.35207592,0.38005227,0.36431325,0.39363699,0.38448846,0.39943760,0.37455767,0.37686908,0.33842456,0.33211962,0.30925523,0.25431164,0.22985522,0.21927173,0.21934185,0.19830892,0.20185156,0.19115986,0.17525099,0.16541408,0.15302880,0.14917120,0.13781499,0.11647552,0.11447149,0.10036998,0.10685208,0.10151337,0.09213994,0.09635978,0.09763674,0.09978520,0.09533478,0.10634148,0.11518920,0.10927480,0.11300678,0.11308994,0.12644599,0.13357002,0.13964170,0.15585313,0.16638573,0.19464065,0.20505968,0.22290815,0.24360320,0.24796627,0.25171143,0.24404741,0.25723129,0.25010762,0.24779888,0.23882058,0.23026923,0.22578801,0.21477014,0.19779242,0.18505033,0.17721002,0.18782869,0.18517774,0.18933120,0.20362160,0.20925746,0.22236051,0.24621842,0.26951595,0.30884805,0.32386010,0.33980009,0.37391664,0.37623320,0.40802030,0.41098883,0.42824567,0.43357618,0.45333533,0.42588733,0.43563152,0.42775688,0.42901333,0.39702726,0.37708445,0.35872522,0.31296883,0.30327946,0.26899317,0.25693965,0.24694158,0.24646104,0.25202705,0.23928294,0.25510676,0.25455997,0.25817212,0.26786782,0.28055049,0.26838291,0.27500791,0.25092096,0.24203707,0.23787714,0.22137377,0.20497943,0.18869547,0.18135644,0.17981894,0.18740505,0.17717373,0.20823522,0.22200030,0.24061568,0.26168330,0.28468859,0.33163359,0.37033836,0.40046629,0.44128481,0.46699463,0.49401381,0.50911011,0.52135825,0.51291638,0.51434946,0.50978042,0.47623702,0.48334613,0.45790607,0.45483060,0.45432351,0.41297458,0.39981428,0.33072035,0.31650528,0.26228237,0.23302510,0.19398365,0.16653911,0.15714608,0.13349662,0.13280839,0.13288866,0.12909511,0.13453517,0.13464825,0.13290149,0.12485720,0.12740173,0.14047769,0.14380385,0.15390401,0.14364644,0.14071469,0.15883441,0.14623702,0.14409765,0.16173574,0.16036385,0.14485141,0.15580355,0.16511000,0.17153477
0.01268928,0.02081484,0.02932504,0.03940407,0.03755653,0.04621924,0.04521080,0.04804701,0.04575152,0.03379687,0.02506482,0.01667328,0.01064288,0.01702438,0.01480544,0.00943156,0.01137779,-0.00316243,0.01580814,0.01516594,0.01679907,0.00362012,0.01490165,0.02198566,0.03440739,0.04251894,0.05496701,0.05930276,0.06442162,0.06926809,0.07283966,0.04939872,0.05551960,0.04505467,0.04505958,0.06495770,0.07061269,0.09309235,0.10815145,0.13986944,0.16510458,0.17221952,0.18563747,0.18095643,0.17141697,0.14464535,0.12519847,0.11307677,0.08839135,0.06513634,0.05737778,0.04593140,0.03951614,0.04064774,0.02543888,0.03051264,0.03303774,0.02795426,0.02910918,0.03657715,0.03670781,0.03261395,0.04142712,0.04105790,0.03328742,0.03311077,0.03977913,0.04065854,0.03864898,0.03963676,0.04437351,0.05468005,0.05926021,0.06910067,0.10649422,0.11676549,0.15569401,0.16973275,0.19344286,0.18068879,0.18554499,0.15816422,0.16733740,0.16701369,0.16577676,0.18684334,0.20156310,0.23260351,0.25088604,0.26200940,0.30756260,0.31978723,0.34556793,0.35521039,0.35867487,0.35376854,0.38002364,0.37931062,0.39407806,0.40816590,0.38891930,0.38707782,0.37651901,0.33410145,0.31949856,0.26587890,0.22362104,0.19837312,0.16219277,0.15071797,0.13438438,0.13618724,0.12465102,0.12875596,0.13341405,0.12498876,0.12663710,0.13470291,0.12863276,0.11775774,0.11769314,0.10132947,0.10860680,0.10268535,0.09874974,0.10371607,0.11075208,0.12226715,0.12473407,0.15121291,0.17730350,0.18667110,0.22795486,0.25218354,0.28326342,0.29170819,0.32039028,0.33955069,0.36278278,0.37850424,0.40233640,0.39299868,0.40056762,0.40160446,0.40072238,0.37057127,0.34095488,0.32934048,0.30169281,0.27753473,0.23279955,0.22091169,0.21767299,0.21538048,0.20830536,0.19966293,0.18234104,0.19058959,0.18265451,0.16925300,0.14385364,0.14017714,0.12683948,0.11200822,0.10804664,0.10200415,0.11048818,0.10035651,0.11038593,0.10610473,0.11590277,0.10800609,0.11486190,0.12976857,0.12654283,0.13543404,0.12906823,0.14906205,0.15277175,0.16155519,0.17315204,0.19506649,0.21184141,0.22280737,0.23788377,0.24894388,0.25586083,0.26355936,0.26841533,0.26170866,0.27904480,0.25630506,0.24487690,0.23933513,0.22902064,0.22321503,0.21127700,0.21156489,0.20357558,0.20480154,0.22560679,0.23556092,0.24881042,0.26679423,0.30900436,0.33324443,0.36490188,0.39783439,0.40575806,0.45639545,0.47310205,0.49068536,0.49119750,0.50437890,0.51232733,0.51541527,0.51377346,0.51611650,0.49529075,0.48767160,0.46177886,0.45334364,0.42203624,0.37849672,0.36077919,0.35680882,0.32359631,0.30472229,0.31467007,0.29644140,0.29829370,0.33278119,0.34626114,0.34512135,0.37200449,0.35641745,0.37278654,0.35486012,0.34421596,0.34629630,0.30720618,0.29400095,0.27770223,0.27165608,0.24468067,0.22824749,0.23124455,0.25460606,0.24889130,0.25428514,0.27589029,0.31995121,0.36820216,0.38387825,0.41499776,0.46950528,0.52072536,0.53357817,0.57164117,0.60996101,0.62420839,0.61560021,0.60767062,0.57566029,0.56899323,0.56439590,0.55412127,0.52415316,0.51471352,0.49006339,0.47787305,0.43368083,0.39772103,0.34584323,0.31238231,0.27814823,0.24879442,0.22378530,0.21114048,0.20723592,0.19197327,0.19284901,0.18897595,0.19722371,0.20214291,0.20457476,0.19759031,0.20947454,0.19379751,0.20769502,0.19978308,0.21663569,0.21846545,0.23825973,0.23459997,0.22410062,0.23166327,0.22018687,0.23985630,0.23816603,0.22423924
-0.00007380,0.00495880,-0.01168961,-0.01174482,0.00141781,-0.01002915,0.00720061,-0.00721607,0.00338655,-0.00021477,-0.00820402,0.00120166,-0.00924525,-0.00838510,-0.01176065,-0.01423536,-0.01921205,-0.00863202,-0.00899802,-0.01577988,-0.00842892,-0.01342951,-0.01437273,-0.00521934,0.00402197,0.00773367,0.01075529,0.01034930,0.01362812,0.01260591,0.01669341,0.01896342,0.02490470,0.02191355,0.04217225,0.05870544,0.07915794,0.10414012,0.14716799,0.16212290,0.20220577,0.21714223,0.22893720,0.22224162,0.20571114,0.18055904,0.14874980,0.11548232,0.07950498,0.05619673,0.04654085,0.02089627,0.02701746,0.01439497,0.01057722,0.01298406,0.01527121,0.01305626,0.01197808,0.00760685,0.01224944,0.01729253,0.02287698,0.01818080,0.00910526,0.02059261,0.01976313,0.02746612,0.01992787,0.02412651,0.03053208,0.03436658,0.03928954,0.06012515,0.10530218,0.12957852,0.16748948,0.19269605,0.19380192,0.22070467,0.21024617,0.19512499,0.18871186,0.19525383,0.20684140,0.22997651,0.25694710,0.30386514,0.33236348,0.35436951,0.38888641,0.39467822,0.39103087,0.39903458,0.36488772,0.35188066,0.32726848,0.28080327,0.25714344,0.24695274,0.21980487,0.18960340,0.17943783,0.14314240,0.14981309,0.12953914,0.11556129,0.09193734,0.10651281,0.09505338,0.10766559,0.12086204,0.12708157,0.14338568,0.16007574,0.16087819,0.17449002,0.17958054,0.15855417,0.13866916,0.12684489,0.10714288,0.10860898,0.08745584,0.08369675,0.07890980,0.07303144,0.07562572,0.07231623,0.08378743,0.09143196,0.09436742,0.11884796,0.15625864,0.15469887,0.17688272,0.21686999,0.23991407,0.29318016,0.32249732,0.34025086,0.37951742,0.39262923,0.41106201,0.42938102,0.39072449,0.37152022,0.35785825,0.32949910,0.27846079,0.25608567,0.21108404,0.17845044,0.15440863,0.11572735,0.12110430,0.10773142,0.09470193,0.09384291,0.07635151,0.08846013,0.08486399,0.07742825,0.06981353,0.06942822,0.06038922,0.07279738,0.07587840,0.07450181,0.07464329,0.06873528,0.08123567,0.07696212,0.08973255,0.08705236,0.10347791,0.09104907,0.11296973,0.12457201,0.13054464,0.14989497,0.17862533,0.20822734,0.20757827,0.22207834,0.24411312,0.25983541,0.28092507,0.26872893,0.26351210,0.25739757,0.24176727,0.23540669,0.22547721,0.19956785,0.19288796,0.17781250,0.16296920,0.15997601,0.14707165,0.15450937,0.14989069,0.15210230,0.16131626,0.17108709,0.17695340,0.19511137,0.21121205,0.22451684,0.25344362,0.26456159,0.28389219,0.31729001,0.33449663,0.34422351,0.34596241,0.39064647,0.37987947,0.40741936,0.41856633,0.40241236,0.38860262,0.37735927,0.34707144,0.33993846,0.31151489,0.29207067,0.26453530,0.24597327,0.24287864,0.21968290,0.20551226,0.20326132,0.19361751,0.19139775,0.18744430,0.18699304,0.19249909,0.19508201,0.17219598,0.17472758,0.16263368,0.16802650,0.15361285,0.16296894,0.15626873,0.17544314,0.18396023,0.20666057,0.22451199,0.25866399,0.27557221,0.31360902,0.33991181,0.34369583,0.38226541,0.40294133,0.43417974,0.47289136,0.49949395,0.49543169,0.51593342,0.51742667,0.50199550,0.49866177,0.48861483,0.46273231,0.44013885,0.44709653,0.43428336,0.41918534,0.36982786,0.33432766,0.30903239,0.26534084,0.21555563,0.18753154,0.17174359,0.16180934,0.14085498,0.13899038,0.14405310,0.14674328,0.13157623,0.14311144,0.13675065,0.15429583,0.14229358,0.14836060,0.14042348,0.15664976,0.15982424,0.17775882,0.16651052,0.16656324,0.17491633,0.17509043,0.18010998,0.18234300,0.18276891,0.18646146
0.05130531,0.06270170,0.05237231,0.05662704,0.05449032,0.05817058,0.05557896,0.04940219,0.04378514,0.04939154,0.03792416,0.03755503,0.03681194,0.03607584,0.03053301,0.03558695,0.03999886,0.02643068,0.02413822,0.03216202,0.03612862,0.03867806,0.03910788,0.03883582,0.05302830,0.04904764,0.04904563,0.05471878,0.05412555,0.05113245,0.05238610,0.04688704,0.04579569,0.05611169,0.04270360,0.05480891,0.06251382,0.08041265,0.08202976,0.10144910,0.11214720,0.12113644,0.12504242,0.11813869,0.10782649,0.10194960,0.08122286,0.08480654,0.06240204,0.05695854,0.04888671,0.05647527,0.03915158,0.03868182,0.04555321,0.03968121,0.03375309,0.04222280,0.03567166,0.04109722,0.04391427,0.03326987,0.03145136,0.03411606,0.04058451,0.04833945,0.04121194,0.04234772,0.03690864,0.04041596,0.04366796,0.03555561,0.04891367,0.05693425,0.07177255,0.09171181,0.10229051,0.12102282,0.13126767,0.14026014,0.14224206,0.15397084,0.17101833,0.19174138,0.22938838,0.26167891,0.32206273,0.36565656,0.40418130,0.47504893,0.51948709,0.55218335,0.55754276,0.57197623,0.58538264,0.57738392,0.58042545,0.54447805,0.51812861,0.48847853,0.43930570,0.38274115,0.34270242,0.28562197,0.24374128,0.20047897,0.16506507,0.13222494,0.11804188,0.11679728,0.10957997,0.13584969,0.14249924,0.15941089,0.16688414,0.18141708,0.18495469,0.17382082,0.16656681,0.16516514,0.13071619,0.11728881,0.10306728,0.07931718,0.07178248,0.06110129,0.05614869,0.06299647,0.05745241,0.05194559,0.06278892,0.07488986,0.08866552,0.08962542,0.11143623,0.10404915,0.12220345,0.13740609,0.14647791,0.15549102,0.17467466,0.16969683,0.17904604,0.18383530,0.17373396,0.18039935,0.17547323,0.16857108,0.16751532,0.15357496,0.16497186,0.16952528,0.17848869,0.19191611,0.22302363,0.21498786,0.23584009,0.22354796,0.21236384,0.17431660,0.14053934,0.12411051,0.10072847,0.08210758,0.06387869,0.05281723,0.04684910,0.04750118,0.03765338,0.04356308,0.04625788,0.05523667,0.04801087,0.04860200,0.06863250,0.06882167,0.08205015,0.08464242,0.09417258,0.11789829,0.14197132,0.16425189,0.18735179,0.19764534,0.22331100,0.22841788,0.24613664,0.26018546,0.26702932,0.27521331,0.26387054,0.25730097,0.21973809,0.21546088,0.18631878,0.18026520,0.15348135,0.14097081,0.13064504,0.11661348,0.10407375,0.10420721,0.10521061,0.11407386,0.12758516,0.15206678,0.15665468,0.21527657,0.23052481,0.27142859,0.31035198,0.36111805,0.41407354,0.46354313,0.53529355,0.56962550,0.61325114,0.63843491,0.69506879,0.65860883,0.65980168,0.64138038,0.57926374,0.53481028,0.47933047,0.43697752,0.38223027,0.33368137,0.27208157,0.23978319,0.20380244,0.18492020,0.14555765,0.16158841,0.13576994,0.13754124,0.12048476,0.12186353,0.11078036,0.10489454,0.11126593,0.10836718,0.08991133,0.09527876,0.09520858,0.12368622,0.14100160,0.16780955,0.19135441,0.24448173,0.29029333,0.34301047,0.40134049,0.45848076,0.50468016,0.52874091,0.55410845,0.54753471,0.53598727,0.52297059,0.49563613,0.46915995,0.45786252,0.43495142,0.41511190,0.40555771,0.40959566,0.40846347,0.39208741,0.37064828,0.33650207,0.33109970,0.27526958,0.22864731,0.19212134,0.15801534,0.11019295,0.10173389,0.08364597,0.07235329,0.05893408,0.05788761,0.06102550,0.06047637,0.06121977,0.06857734,0.06981107,0.06618700,0.06516004,0.07683617,0.08099244,0.07874080,0.08354998,0.08474849,0.09473301,0.08921913,0.10685428,0.10247386,0.10672713,0.11930456,0.10828370
0.02600532,0.04288087,0.02756505,0.03652630,0.02884320,0.02956682,0.02703253,0.03136575,0.04216720,0.02643714,0.03180195,0.01927342,0.03149095,0.04454690,0.02363484,0.01485377,0.02364722,0.03596064,0.03285142,0.02880742,0.03342895,0.03168404,0.02466891,0.03672361,0.03401796,0.04285472,0.03593049,0.03910028,0.03149735,0.04690093,0.04619790,0.04488273,0.05239640,0.05563989,0.06802829,0.09340610,0.10608109,0.12677683,0.14745868,0.17706368,0.20957065,0.22551117,0.22090748,0.22882747,0.20632965,0.19341814,0.17860138,0.13674028,0.11765631,0.09629654,0.07721095,0.05710260,0.05650043,0.05268656,0.03828473,0.03441990,0.05161195,0.04924160,0.04759840,0.04085362,0.05161367,0.04057434,0.05005482,0.04494461,0.04737964,0.05109810,0.05192862,0.04867497,0.05657038,0.04567485,0.05032311,0.05284229,0.07059761,0.08551162,0.11147248,0.13318108,0.17706152,0.19765312,0.21598487,0.20915989,0.22355690,0.20131076,0.18522839,0.19540002,0.21850487,0.24172987,0.26356957,0.30212188,0.34971701,0.37256168,0.41249673,0.42008326,0.42312007,0.43419365,0.41369534,0.40274531,0.37527535,0.35091977,0.32823189,0.28916192,0.27499136,0.24661104,0.21639574,0.17530521,0.16102729,0.13441385,0.10898270,0.10811366,0.10891258,0.10883985,0.11383671,0.13226195,0.12901550,0.16389663,0.16692303,0.16844819,0.16691508,0.17930665,0.16751069,0.15752596,0.14065660,0.12478888,0.11231753,0.09670738,0.09987327,0.09031899,0.08516404,0.07855980,0.07862997,0.08071206,0.08590052,0.09692386,0.10999282,0.12271394,0.14249063,0.15004888,0.17576438,0.19949004,0.23888641,0.25506407,0.30806184,0.31515713,0.35684522,0.34971945,0.36285686,0.36015989,0.33741414,0.33295741,0.30112509,0.26704158,0.26068878,0.23292293,0.21144616,0.19733790,0.18348649,0.17740072,0.16894376,0.16825509,0.15965457,0.13737680,0.12069941,0.11972458,0.09918096,0.10473383,0.08986797,0.09284454,0.09707397,0.09590843,0.07636209,0.08880814,0.07961243,0.08301950,0.08280443,0.09518263,0.10144923,0.10299175,0.10592468,0.12420527,0.12799647,0.14975008,0.16534187,0.18604686,0.20095331,0.22017245,0.21579130,0.24102170,0.27142647,0.27335984,0.27612376,0.28829989,0.27708567,0.25225544,0.25559795,0.22906823,0.22478628,0.19340053,0.17691712,0.16879252,0.15048739,0.15751603,0.14604046,0.13287693,0.13536005,0.13951752,0.13621716,0.15053708,0.15986664,0.18357757,0.20394482,0.19984643,0.24282101,0.26822932,0.29129812,0.33063430,0.35383466,0.38327338,0.40892958,0.46800769,0.44680501,0.46788607,0.45232517,0.45479032,0.43353288,0.41413920,0.37839010,0.35606657,0.31312476,0.28347673,0.26591734,0.22056989,0.20397467,0.20022878,0.16648161,0.17605655,0.17342446,0.16017477,0.15718138,0.15176421,0.14172665,0.14203714,0.14050477,0.14131338,0.14698426,0.14578993,0.15424984,0.15257233,0.16790096,0.18845722,0.19930096,0.24276937,0.26761050,0.31402181,0.33061328,0.35444784,0.40732586,0.44258676,0.45371665,0.48368310,0.48518084,0.50151302,0.49878347,0.50423186,0.50488451,0.51070499,0.48939679,0.47661071,0.48560360,0.47347749,0.48689790,0.44707719,0.43428190,0.41325217,0.36970866,0.32543316,0.27697199,0.23472101,0.20719096,0.17991942,0.17098698,0.15405143,0.13097854,0.12464099,0.14542162,0.15681586,0.15103566,0.14173193,0.14265485,0.15386570,0.14160388,0.15529372,0.15732952,0.17673225,0.16692024,0.15996988,0.16235537,0.18143897,0.18688948,0.17907587,0.20012440,0.18113821,0.18456633
0.00677288,0.00515425,0.01306084,0.01565970,0.01902500,0.02494322,0.01560020,0.02216394,0.01893813,0.02085216,0.00565789,0.00698303,0.00089878,-0.00499874,-0.01513747,-0.00558001,-0.00987429,-0.00376664,-0.00754126,-0.01746441,-0.01391880,-0.00245804,-0.00028721,-0.00052441,0.00129474,0.01225257,0.01641113,0.01369854,0.02067900,0.01884436,0.01463284,0.01764328,0.01124986,0.01359516,0.00693537,0.02335737,0.02933685,0.05300120,0.05044775,0.06231325,0.08116231,0.09489146,0.09863325,0.09517312,0.09859510,0.07769496,0.06121047,0.04595329,0.02587261,0.02557516,0.02110216,0.01090617,0.00748611,0.00553118,-0.00153149,-0.00717795,0.00000895,-0.00057451,-0.00982794,-0.00112921,-0.00142752,-0.00022113,-0.00287138,-0.00777441,-0.00855760,-0.00811969,-0.00978235,-0.01013458,0.00640918,0.00225746,-0.00303532,0.00738474,0.01331399,0.02289341,0.03116437,0.04526055,0.06485463,0.07323327,0.08706051,0.08546333,0.09009333,0.08112942,0.07256680,0.07941471,0.09213365,0.08541919,0.11893415,0.14259148,0.16417009,0.18674096,0.21829587,0.25237108,0.25782865,0.29775271,0.31136789,0.31970588,0.32968839,0.34920118,0.34057608,0.32825920,0.34380125,0.29808348,0.27650188,0.25658008,0.21450670,0.19692218,0.15240079,0.10539915,0.09560034,0.07520602,0.07304859,0.07750400,0.07464350,0.05859851,0.07654246,0.08530383,0.09183930,0.07806912,0.07994736,0.07000134,0.05558611,0.04675166,0.04162715,0.04161831,0.03751990,0.02619002,0.03745824,0.03557947,0.03957289,0.04855672,0.05201457,0.07701227,0.08714465,0.10002469,0.12564997,0.15096768,0.16110588,0.17052364,0.17697605,0.17377406,0.20131160,0.20656901,0.19988267,0.19167765,0.19131661,0.18795319,0.17227935,0.15001537,0.15133557,0.13245540,0.13792863,0.12802702,0.13914881,0.13448170,0.12932025,0.14888424,0.14612728,0.14341310,0.12193966,0.12202188,0.09715342,0.06862198,0.06127414,0.03606216,0.02916609,0.02760117,0.00877157,0.01320672,0.01070094,0.01225731,0.01650088,0.00616446,0.01388985,0.01124685,0.01341036,0.02963499,0.01506563,0.02472850,0.03356936,0.04080349,0.04036882,0.04055531,0.05889387,0.05911213,0.05871037,0.07554389,0.07143579,0.08396105,0.08512397,0.07895709,0.08682928,0.08718555,0.08643233,0.06205239,0.06619425,0.06592127,0.06705286,0.06240179,0.06492836,0.06732015,0.07448606,0.09299864,0.09224501,0.12440112,0.13682534,0.16011429,0.19175874,0.21584012,0.24367304,0.27305346,0.29110642,0.34356380,0.35512422,0.38162606,0.41176550,0.44345699,0.44650599,0.47156990,0.45019041,0.46692902,0.41674764,0.42402114,0.40118173,0.35797567,0.30213466,0.27498100,0.24768914,0.21000393,0.19932981,0.17417381,0.16768742,0.15501218,0.16794885,0.16059434,0.16587587,0.16952780,0.17483909,0.15787387,0.15476846,0.15802838,0.14419040,0.11729326,0.11391092,0.10129230,0.09646494,0.09020956,0.09240401,0.11296041,0.11603136,0.15348070,0.17908889,0.20938824,0.25000805,0.29840719,0.32617225,0.37724657,0.39630038,0.40314058,0.41929292,0.43394528,0.42809638,0.41459733,0.42136525,0.38209519,0.36807795,0.36615390,0.35656067,0.34870637,0.34040275,0.33003859,0.29409240,0.27251901,0.24381550,0.19765869,0.16238122,0.12534732,0.09299830,0.07923881,0.05957921,0.04293245,0.03769025,0.04874621,0.03603458,0.03476370,0.03009441,0.03826104,0.04514486,0.04378802,0.03953180,0.04567801,0.04370177,0.04782468,0.04535920,0.04111430,0.04748163,0.05142310,0.04597392,0.06041558,0.06176152,0.05674052,0.05452553
0.04320803,0.05352140,0.04869323,0.06444625,0.06548479,0.07024532,0.07262093,0.06381322,0.06081056,0.05577912,0.05203597,0.04965465,0.04622999,0.03943668,0.04512198,0.03566132,0.03136897,0.03848998,0.03558108,0.03723275,0.03559835,0.04272816,0.03960444,0.05266557,0.06349215,0.06636418,0.08601046,0.08884571,0.10895470,0.08744872,0.09028253,0.08715400,0.06675527,0.07543823,0.07379959,0.09211546,0.11270661,0.12240680,0.14335552,0.17024475,0.19735585,0.21196324,0.21363032,0.18966465,0.19228464,0.18455546,0.15415892,0.12192769,0.10144957,0.09913715,0.08145452,0.07889965,0.06269751,0.05427621,0.05489885,0.04759720,0.05638016,0.05980847,0.05455918,0.04315427,0.05484550,0.05029295,0.05900429,0.05591125,0.05806768,0.05423984,0.06522543,0.06051116,0.05718802,0.05411210,0.06809425,0.07283486,0.08685139,0.11373769,0.11412212,0.14260506,0.17219380,0.18981515,0.19776090,0.18923567,0.19151832,0.16748352,0.17145604,0.15173757,0.15920570,0.17548042,0.20148546,0.22976340,0.24564951,0.28459089,0.29685693,0.33869534,0.33086254,0.35779872,0.36745395,0.38350622,0.39608646,0.39785848,0.40574011,0.40016237,0.41728250,0.39654980,0.38326106,0.33508612,0.29354588,0.30089462,0.24313248,0.21492835,0.19191565,0.16367338,0.16237825,0.17241708,0.16978938,0.16208984,0.18802514,0.19286235,0.20233382,0.18836718,0.18495259,0.17962778,0.15441360,0.14583820,0.12959982,0.12176085,0.12390590,0.12324397,0.12914599,0.12901433,0.14104827,0.16437703,0.18273525,0.20917263,0.23548909,0.26844696,0.28857580,0.32380683,0.33243793,0.35990811,0.37005430,0.39093655,0.40815472,0.40561642,0.41549288,0.40998235,0.39915364,0.39152128,0.36782242,0.33259368,0.31141116,0.29032795,0.27151495,0.24384658,0.22281024,0.20711656,0.20182474,0.19521072,0.17895064,0.18734164,0.17429027,0.16126206,0.14147201,0.14034336,0.13454221,0.11582920,0.11918128,0.11560607,0.11264949,0.10002096,0.10523584,0.11175939,0.10433022,0.11865475,0.12052966,0.12950101,0.12279289,0.12140726,0.12841687,0.14040842,0.14305386,0.13260406,0.12938406,0.14401856,0.15374936,0.16139476,0.15432817,0.15634888,0.16840348,0.16021159,0.17437288,0.17466466,0.16848693,0.16244769,0.17377685,0.17886955,0.16012261,0.17301962,0.17638677,0.18131141,0.17877724,0.18912864,0.20894438,0.23991100,0.25304275,0.26516111,0.31160160,0.35803136,0.34929018,0.40412930,0.44499331,0.46653226,0.49712427,0.53896492,0.53653487,0.56994641,0.55498844,0.58222658,0.58480932,0.58802063,0.57328484,0.55820213,0.55626632,0.51188581,0.49196732,0.44310239,0.41525653,0.39382164,0.37204254,0.34854837,0.33783748,0.32910956,0.35265997,0.34816196,0.34794364,0.33894943,0.37755498,0.37254806,0.39210177,0.36855486,0.34753094,0.33183913,0.33247300,0.30742518,0.28874766,0.26055605,0.25305179,0.24642122,0.24970684,0.25986472,0.26761571,0.29574953,0.31952398,0.36713685,0.40059419,0.44464330,0.46862956,0.51450796,0.53576568,0.55296523,0.61178666,0.60402542,0.63618682,0.64457055,0.61216876,0.59173960,0.58124630,0.54127431,0.53519455,0.50438189,0.49324230,0.47365902,0.44939992,0.42096753,0.38187298,0.34166274,0.31543378,0.26208130,0.23369323,0.22278786,0.19690069,0.18087917,0.17925066,0.18713375,0.18134971,0.19385446,0.17447926,0.17974846,0.18450467,0.19193100,0.20238483,0.18435337,0.18593090,0.20239574,0.19054907,0.20121892,0.19067151,0.19687804,0.20630567,0.20524964,0.18904534,0.19791180,0.19079687
0.05831402,0.04190922,0.04593762,0.05114616,0.05546624,0.05341065,0.05912038,0.04765659,0.04722376,0.04092979,0.03858441,0.02528901,0.04019390,0.01975477,0.01906199,0.02339625,0.01564211,0.02478093,0.02464615,0.02562131,0.01690623,0.01814484,0.02375017,0.02804127,0.03770607,0.04798185,0.05547867,0.06033808,0.07375806,0.07355373,0.06650161,0.05807520,0.05063685,0.05285066,0.03942721,0.03809580,0.04980106,0.05883135,0.06687304,0.07712957,0.08612536,0.09590180,0.09276075,0.08997175,0.09116197,0.08726484,0.07397519,0.05794546,0.05606361,0.04531279,0.04502062,0.03539070,0.03483584,0.03832146,0.03302109,0.03140807,0.03029928,0.02744698,0.03509131,0.02473264,0.02916906,0.02751292,0.03603519,0.04626419,0.02742901,0.03853850,0.03509244,0.04721847,0.02316023,0.03314270,0.04320535,0.04324182,0.05054490,0.04533085,0.06416803,0.07483154,0.10582394,0.10910032,0.12158939,0.12758974,0.14874547,0.15125887,0.16874326,0.18133802,0.22385312,0.25783985,0.27893350,0.31825702,0.36293748,0.38734471,0.40309542,0.42847102,0.44203554,0.43808835,0.43303535,0.43849476,0.42935079,0.42490486,0.42737715,0.42958900,0.41747088,0.38930558,0.35987661,0.33061957,0.29494542,0.25734193,0.21039241,0.17462064,0.14555923,0.11238480,0.10079128,0.09128333,0.08787476,0.08204189,0.07615907,0.07234852,0.07463544,0.07038209,0.07008170,0.06999989,0.06856152,0.07268025,0.06660688,0.06683436,0.07031464,0.06827302,0.07133137,0.08346881,0.09205682,0.12153690,0.13759704,0.14509542,0.16648645,0.19272521,0.20987010,0.22245554,0.23287069,0.24529734,0.23422509,0.22948319,0.23844414,0.24487287,0.22893165,0.22456877,0.21783524,0.20582868,0.18614314,0.17975620,0.17616365,0.16547191,0.15656403,0.15501836,0.16999725,0.17838036,0.16787424,0.17585767,0.17768570,0.18054170,0.16593558,0.14916696,0.14498149,0.12083311,0.09827711,0.09195063,0.08293154,0.08715640,0.06453137,0.07422543,0.07589579,0.08329737,0.07875088,0.08692203,0.09228912,0.08434045,0.10046518,0.11220647,0.13218530,0.14227061,0.17656428,0.19855502,0.23293499,0.24707368,0.30177835,0.33613242,0.35414000,0.39313713,0.42333032,0.45369479,0.43559547,0.44079748,0.42246470,0.41754356,0.37623384,0.35510391,0.33113097,0.29990609,0.26882616,0.24447135,0.22323657,0.22159785,0.20848901,0.19874353,0.21797521,0.23022683,0.25265011,0.27647640,0.28575908,0.32082230,0.33596516,0.36183422,0.37387493,0.39644491,0.40891392,0.40512063,0.42858960,0.41994249,0.43501976,0.40270176,0.41464110,0.38104037,0.36774288,0.34942292,0.32897752,0.29135650,0.27385997,0.26016133,0.23371883,0.22555473,0.21463956,0.22255987,0.22464067,0.23685515,0.23889693,0.25024842,0.24043021,0.26153462,0.26482745,0.27736404,0.25843520,0.24072553,0.22977692,0.20780892,0.18650259,0.16870957,0.16982785,0.16378215,0.14891666,0.15320846,0.16460526,0.16964478,0.19427783,0.20756655,0.23059171,0.27090418,0.31851062,0.34014266,0.35858422,0.39741124,0.42238886,0.41312170,0.43023963,0.44116754,0.40936128,0.40261839,0.38330123,0.36638123,0.35788989,0.36922574,0.35479586,0.33499751,0.33406567,0.29066913,0.26619689,0.24091208,0.20157622,0.17368924,0.15649986,0.13781627,0.13589734,0.13100463,0.12376026,0.11456931,0.12648108,0.12497216,0.13480962,0.14472024,0.15811223,0.16322126,0.15175461,0.16825626,0.17011455,0.18210960,0.19967159,0.19856380,0.20278909,0.20219088,0.20525075,0.21197657,0.22163794,0.23076315,0.22482590
-0.00524823,-0.01206579,-0.00739566,-0.00060414,0.01240954,0.01016084,0.00015373,0.00503331,0.00504421,-0.00113801,-0.00326601,-0.01297745,-0.00546407,-0.00855928,-0.01873960,-0.01662153,-0.02908011,-0.03095004,-0.01499772,-0.02025763,-0.01608489,-0.01347211,-0.01863031,-0.01171488,-0.00097625,-0.00035887,0.00345556,0.01491025,0.00738020,0.02061876,0.02037356,0.01594482,0.00735483,0.01453176,0.03252846,0.03675488,0.05392641,0.07957355,0.11468429,0.13065028,0.15737237,0.16836842,0.16826741,0.15388677,0.14471045,0.11656628,0.09843565,0.07318696,0.04824126,0.02872759,0.02240798,0.01513740,-0.00195669,-0.00523682,-0.00389940,-0.00768732,-0.00510839,-0.00472705,-0.00791764,-0.00979467,-0.01576057,-0.01261994,-0.01288699,-0.00744615,-0.01487734,-0.00788329,0.00021782,0.00054154,-0.00701861,-0.00337124,0.00131125,0.01597786,0.03278252,0.03969574,0.06435640,0.09032156,0.12649905,0.12618505,0.13305058,0.13763358,0.13043082,0.11033150,0.10190338,0.07786410,0.09419824,0.10511873,0.11142205,0.13180482,0.14418319,0.16580083,0.19993206,0.22570202,0.24687712,0.27414205,0.30017984,0.31906530,0.32365596,0.35298642,0.36087706,0.34704360,0.32907993,0.31822897,0.28565314,0.23530406,0.19397353,0.15931255,0.12767779,0.10275058,0.08173795,0.04124938,0.03100733,0.04431967,0.03256784,0.03808444,0.03632792,0.02385053,0.03112035,0.03220509,0.03097480,0.03170359,0.02976582,0.02782588,0.02075967,0.02743994,0.02546621,0.02847555,0.03822492,0.04035365,0.05373878,0.06608342,0.07695091,0.09234552,0.11479408,0.14842769,0.16143598,0.18835273,0.21390638,0.23544241,0.27218236,0.27331232,0.30734694,0.33113410,0.33125718,0.33162007,0.33605159,0.31513719,0.27616447,0.25842035,0.22588272,0.21883080,0.20161236,0.19277682,0.19991705,0.20959735,0.21106578,0.20012822,0.19958293,0.17895670,0.15426761,0.12783913,0.10193855,0.07986027,0.06274898,0.04961956,0.04501822,0.04195672,0.02394630,0.02357235,0.02854535,0.03119813,0.03354966,0.02984671,0.03029592,0.03148560,0.03642975,0.03760963,0.05031435,0.05360134,0.06555625,0.06551483,0.09070530,0.09625566,0.10212435,0.11806053,0.13110573,0.13587649,0.14191644,0.14848342,0.14060216,0.14893963,0.13148624,0.12908440,0.13191564,0.11794375,0.10660967,0.09414996,0.09755934,0.09631982,0.10068414,0.10421994,0.10758842,0.11290207,0.13488128,0.15033816,0.15869567,0.19202777,0.20568081,0.22161848,0.25797580,0.28360358,0.32170957,0.34717002,0.37783811,0.38711346,0.40520132,0.42469591,0.40795807,0.43228359,0.41545947,0.40261824,0.37710891,0.35020290,0.33095219,0.27609679,0.25546796,0.21717038,0.18774296,0.18044593,0.16779431,0.16868094,0.16415621,0.16149980,0.16259638,0.16137098,0.17593396,0.17385105,0.17207025,0.16987476,0.16783929,0.13958333,0.13391518,0.11770524,0.10557990,0.10603189,0.09692075,0.10454070,0.10743459,0.12638844,0.15078672,0.15810171,0.22098288,0.25918744,0.27846212,0.34029776,0.39058395,0.42087086,0.45811621,0.50523228,0.53179653,0.51834656,0.53932012,0.54131800,0.53498811,0.54549077,0.52535256,0.52669985,0.51622237,0.50283816,0.47929829,0.47438793,0.42921577,0.37278336,0.31658348,0.25312219,0.22131896,0.16629578,0.13951941,0.11133552,0.08603023,0.06902805,0.07409864,0.07177079,0.06561862,0.07370501,0.06861127,0.06960408,0.07281534,0.07731388,0.07316829,0.08079660,0.09459882,0.08561018,0.08416771,0.07300570,0.09291715,0.10393360,0.08178968,0.09553660,0.11008555,0.10255024,0.10801938
0.03554084,0.02531724,0.03346960,0.03203946,0.02975882,0.04858268,0.04496940,0.03471502,0.03276511,0.02768653,0.03419160,0.02781663,0.03031122,0.02677032,0.01322268,0.01415837,0.01861703,0.03103862,0.02473062,0.02892325,0.02330734,0.01905453,0.04033722,0.02796292,0.02572330,0.03176808,0.04437989,0.04354351,0.04638442,0.04812965,0.04220048,0.04186581,0.03672125,0.03829195,0.05084514,0.05872861,0.07324971,0.09050462,0.08597557,0.10887967,0.12252990,0.15183940,0.15683078,0.14731060,0.14138407,0.11481791,0.10940330,0.08422607,0.06691543,0.05605779,0.04999868,0.04764971,0.04046509,0.03494273,0.01997015,0.02353604,0.03139428,0.01727889,0.02631736,0.02736146,0.02943574,0.03111055,0.02749176,0.01588855,0.01980990,0.02920588,0.03367491,0.02661887,0.02487937,0.03217474,0.02664083,0.03213229,0.04029012,0.05240957,0.07036806,0.09002932,0.10369319,0.12639017,0.13572814,0.13422810,0.12071316,0.10725337,0.09823229,0.09578249,0.09688429,0.10289887,0.12962865,0.14043842,0.14985503,0.16643690,0.19845649,0.24019654,0.26945668,0.31564005,0.36612267,0.40055922,0.43562447,0.46444245,0.47495972,0.47701298,0.43928903,0.41680266,0.36087597,0.31377175,0.26986414,0.22079614,0.16930985,0.13822457,0.10412645,0.09585916,0.06876164,0.06157288,0.05566553,0.06012871,0.05518576,0.04864845,0.04818693,0.05907374,0.05290541,0.05584772,0.05093375,0.05155770,0.04495132,0.03905433,0.04060832,0.03884702,0.03789327,0.05199835,0.04410356,0.05854764,0.06876838,0.07862294,0.08204973,0.09165737,0.11766936,0.12807981,0.15569764,0.15326296,0.17045357,0.19027967,0.21740749,0.22513734,0.23719861,0.22926204,0.24605614,0.24650257,0.21943176,0.23399195,0.22236323,0.22212022,0.21138044,0.21820955,0.24404537,0.25810173,0.28742401,0.31371059,0.29542520,0.29690204,0.27259769,0.24052528,0.21324783,0.16111261,0.13451919,0.09511150,0.07479633,0.06809155,0.06425971,0.04174604,0.04833562,0.03320688,0.05410926,0.04064411,0.03901209,0.05208164,0.04351047,0.04630614,0.04950817,0.05039268,0.05895113,0.05765613,0.06727238,0.07685736,0.08119375,0.09112747,0.11165391,0.11532739,0.12246987,0.11440241,0.11971407,0.12573522,0.12904786,0.11607736,0.12394293,0.10643822,0.10532856,0.10760075,0.09663500,0.09357935,0.08032478,0.08063879,0.08961589,0.09615642,0.09554508,0.11209569,0.12047858,0.13068465,0.16014565,0.20689727,0.21595786,0.26609243,0.28550860,0.32754734,0.38115547,0.42713131,0.48703836,0.51636603,0.55467977,0.53623976,0.56390657,0.57218893,0.53508481,0.51038903,0.47314011,0.43254827,0.37091340,0.33166887,0.28489887,0.24078875,0.20942146,0.19017176,0.16456936,0.15354099,0.13325246,0.13812974,0.13892277,0.12174851,0.13516386,0.11720037,0.12883975,0.11963984,0.11622269,0.10697189,0.11081961,0.09087162,0.09712257,0.09972218,0.10407746,0.12185594,0.13662773,0.16882273,0.21796692,0.25412576,0.31833304,0.36576801,0.41189047,0.45807757,0.50841467,0.53343761,0.56767507,0.56131826,0.56256482,0.54622378,0.50459224,0.53161378,0.53753690,0.53534058,0.53556025,0.57740443,0.56520199,0.54236592,0.53171920,0.47278122,0.42163061,0.34576206,0.29667758,0.22800546,0.17273067,0.12786605,0.10601227,0.09779867,0.07031282,0.07200457,0.07443557,0.06252652,0.07382233,0.06319008,0.06486389,0.06531933,0.06739913,0.07231761,0.05969704,0.07941657,0.07447316,0.07493604,0.06778932,0.08648115,0.08335724,0.08559846,0.08397005,0.08443758,0.07715689
0.02384915,0.03783723,0.03309261,0.02823492,0.03061754,0.03806393,0.03695113,0.04496468,0.03054149,0.03353742,0.02897440,0.01847196,0.02224676,0.01695408,0.01542881,0.01546539,0.02009100,0.01736304,0.02571397,0.01537408,0.01328564,0.02249980,0.01195701,0.03563609,0.04438522,0.04729998,0.04914040,0.04949658,0.05522599,0.04570038,0.04734340,0.04022168,0.03740486,0.02472915,0.03057086,0.02691670,0.02523552,0.02847719,0.03544240,0.03940376,0.02287891,0.03777372,0.04953418,0.05077684,0.04208648,0.03696338,0.03219694,0.04287436,0.03133868,0.03418378,0.02162651,0.02477364,0.03619989,0.03208780,0.02922706,0.02037637,0.03120107,0.03194602,0.03545905,0.02331641,0.02461564,0.03124855,0.03137706,0.03027721,0.02952246,0.02783429,0.03348340,0.02833442,0.03304715,0.03923293,0.03304722,0.03811966,0.05325240,0.03949428,0.04830865,0.05869930,0.07325780,0.08026014,0.09581256,0.10939195,0.12173331,0.15131667,0.19202715,0.24151632,0.30578130,0.35824517,0.43423474,0.50945947,0.54967604,0.62595547,0.66542167,0.68514435,0.69032950,0.65960280,0.64245728,0.62171777,0.57067255,0.54144638,0.47460769,0.42987956,0.40178095,0.35094299,0.31793014,0.26683940,0.22940518,0.21404700,0.18693136,0.15954396,0.15829159,0.18726308,0.19408722,0.23902689,0.25682750,0.28939497,0.32111818,0.34504885,0.33591912,0.32113475,0.29501310,0.25949173,0.22579857,0.19475634,0.15491784,0.12134944,0.10473246,0.09086161,0.09019695,0.08301804,0.10113308,0.10571923,0.11245314,0.12613881,0.13782609,0.14980788,0.15805968,0.16995753,0.17201272,0.15358148,0.16552281,0.17257890,0.14711322,0.14492732,0.13087112,0.11466774,0.12329654,0.11260686,0.08877323,0.09517344,0.09661247,0.09624940,0.08559753,0.10167895,0.10364138,0.10006087,0.11158852,0.11982637,0.12158555,0.11128818,0.11457946,0.09876951,0.09287103,0.08797809,0.07191816,0.07325479,0.06343111,0.05969578,0.06393114,0.06350217,0.06799351,0.07268877,0.07112940,0.07032301,0.07894528,0.07679503,0.08813659,0.10302396,0.10490002,0.10451407,0.11561669,0.15208870,0.16828180,0.18181702,0.20819752,0.22163561,0.23908039,0.24211014,0.26753982,0.27892515,0.27777085,0.26418920,0.25804564,0.25320298,0.22875018,0.22284100,0.19644700,0.19713815,0.18465652,0.17718998,0.16618044,0.15490976,0.16848713,0.17714557,0.18791219,0.20701518,0.24513929,0.26069395,0.29778182,0.33025194,0.36058831,0.41328474,0.45543833,0.51767390,0.55286339,0.60099117,0.66385353,0.71233740,0.74207708,0.77044878,0.79286560,0.79183351,0.77498812,0.76208630,0.71326553,0.67208913,0.61161381,0.53939778,0.48830303,0.44553131,0.39185818,0.36560454,0.32112608,0.29688207,0.27492625,0.25686607,0.25519611,0.26674411,0.23354966,0.24702273,0.23086238,0.19817879,0.19793251,0.20300492,0.20036897,0.20044522,0.20895941,0.23486355,0.26043304,0.28115463,0.33562828,0.37809580,0.44147989,0.50898810,0.52341115,0.54609270,0.58793496,0.56061941,0.57360944,0.55396932,0.53340508,0.48032291,0.44923839,0.38169811,0.34948512,0.30014248,0.28126054,0.26017039,0.22924163,0.21922393,0.20620405,0.20455558,0.18057980,0.16508165,0.15186206,0.12443142,0.12798100,0.12507249,0.11307397,0.11017356,0.11068177,0.11487650,0.11113071,0.11209352,0.11445433,0.10925872,0.11092705,0.11388536,0.12560358,0.12053216,0.13455178,0.12885058,0.13707600,0.14815681,0.16030608,0.15098537,0.13760248,0.15201130,0.15973853,0.16289209,0.15416162,0.14689059,0.15988931
0.04297907,0.05296782,0.05396640,0.05101117,0.04384553,0.04566347,0.05139775,0.05776441,0.03869060,0.03068421,0.04190808,0.03501349,0.02845731,0.02550792,0.02974653,0.02487743,0.02693534,0.02004486,0.01741232,0.02688691,0.03194025,0.02442043,0.02734777,0.03869306,0.04686902,0.05263098,0.05985183,0.06101597,0.06788665,0.06466879,0.05824600,0.05687018,0.05376102,0.05282853,0.05095033,0.07565107,0.08655107,0.09222364,0.10928096,0.12695004,0.14619255,0.14328910,0.14774824,0.12900162,0.12824385,0.11567374,0.10330768,0.08531626,0.07263864,0.06286747,0.06036440,0.04000332,0.04846341,0.04390663,0.04865248,0.04159755,0.03928721,0.03892150,0.03117418,0.04925720,0.03292493,0.03780605,0.04981125,0.04308631,0.04566378,0.03710411,0.03663400,0.05415046,0.04797595,0.04683079,0.04127939,0.05894301,0.06965168,0.07823026,0.09670185,0.11961035,0.13223373,0.15305451,0.15794524,0.15952403,0.16448445,0.18440665,0.18609399,0.19750207,0.22655510,0.25163127,0.28357310,0.31620012,0.34228323,0.37642463,0.38958849,0.38732976,0.38701632,0.37628534,0.39221608,0.37897419,0.37399158,0.36180059,0.38141591,0.35093734,0.35108444,0.32529264,0.29924311,0.27064869,0.22763034,0.20321668,0.16404026,0.14339179,0.12107415,0.10915037,0.09546808,0.08882414,0.09468850,0.08514129,0.08976219,0.08190906,0.08439703,0.07096032,0.07520546,0.08622309,0.07283004,0.07717839,0.07570406,0.07868358,0.08905041,0.08208881,0.08500554,0.09896091,0.11777341,0.12604220,0.14632004,0.15397434,0.16364837,0.18273611,0.21339874,0.23086435,0.23395500,0.23791968,0.26614401,0.27800510,0.27750650,0.29136917,0.29492797,0.28229269,0.27991346,0.26813552,0.24433860,0.23502599,0.21482093,0.20013086,0.19257007,0.18534470,0.18093965,0.18336816,0.19040717,0.16644442,0.17906783,0.14602116,0.13687801,0.13521692,0.12016592,0.10258254,0.09452849,0.08631901,0.08652300,0.08589039,0.08875783,0.08856889,0.08418926,0.08205213,0.09111348,0.09465537,0.09657256,0.11248564,0.11751303,0.13655443,0.13949185,0.15528113,0.18497295,0.21636413,0.25095228,0.26552687,0.28822162,0.33180426,0.35071817,0.37668377,0.37653630,0.39744500,0.38928099,0.38101868,0.37027986,0.35367847,0.33488031,0.31524816,0.28222411,0.24829384,0.24485130,0.21072531,0.20175617,0.21311644,0.19035680,0.20759039,0.21610931,0.22218411,0.25380840,0.26227556,0.27450755,0.29087438,0.30957802,0.33261688,0.34418722,0.36911296,0.38426626,0.37113080,0.36998164,0.38652032,0.37968207,0.39612357,0.37065128,0.33676859,0.30960242,0.30559603,0.26665371,0.25886317,0.23067412,0.22297382,0.21347734,0.21743345,0.20013278,0.19762371,0.21612862,0.21809437,0.22865433,0.25160199,0.25513679,0.24725627,0.22847171,0.23472252,0.23136262,0.22502633,0.19453668,0.17926993,0.16287297,0.15584606,0.14871989,0.15107123,0.15263195,0.15643674,0.15941510,0.18466162,0.21154625,0.21857655,0.26168298,0.29517036,0.33329971,0.35331269,0.38048064,0.40456097,0.41411398,0.45149416,0.44734472,0.45258837,0.42975109,0.43401102,0.40121169,0.40539522,0.39784008,0.39229367,0.37811144,0.34632921,0.33384215,0.29549896,0.27785423,0.23915372,0.21376743,0.17016908,0.16315003,0.13734147,0.14268637,0.13662887,0.12707028,0.13173169,0.13526580,0.14075893,0.14801284,0.15159948,0.14296671,0.15165077,0.16466931,0.17331745,0.18737197,0.17625342,0.19233605,0.20250592,0.19334973,0.19591575,0.20647008,0.20452476,0.20895554,0.21015616,0.22742824
0.00121392,0.00558659,0.01381047,0.01696232,0.02163273,0.02660898,0.03068930,0.03625285,0.02454260,0.02500915,0.01661836,0.01363231,-0.00459239,-0.00767856,-0.01327851,-0.01352727,-0.01198711,-0.01629588,-0.02005750,-0.02510800,-0.01690959,-0.01684698,-0.01186735,-0.00279571,-0.00735159,0.01295756,0.02206865,0.03104591,0.04780342,0.03909643,0.03539055,0.02104868,0.02054826,0.01052290,0.03506719,0.02634057,0.05354345,0.06904878,0.10136397,0.13504781,0.15947162,0.19131443,0.19419912,0.18338330,0.16926639,0.16115942,0.13409957,0.09350293,0.07182234,0.04035874,0.02016952,-0.00276752,-0.01469067,-0.02284433,-0.01626974,-0.02607073,-0.02021599,-0.01831799,-0.01308292,-0.03018602,-0.02414106,-0.02953756,-0.02386382,-0.02241924,-0.02463938,-0.02643860,-0.02243503,-0.02361452,-0.01943936,-0.01675462,-0.01545441,-0.01750976,-0.00796915,0.01306224,0.04229943,0.07111671,0.10477043,0.11543937,0.15197941,0.14256103,0.13914442,0.12049668,0.10185955,0.08084244,0.07650448,0.07192777,0.08353441,0.09675614,0.11475619,0.12747932,0.12822839,0.13847250,0.15589600,0.15848885,0.17513984,0.18618093,0.21014161,0.22933645,0.23665330,0.24360953,0.26461503,0.29667325,0.27422268,0.27183980,0.24715453,0.20879570,0.17702964,0.12236031,0.09417694,0.05801587,0.02986576,0.01005016,-0.00116312,-0.01473486,-0.01891618,-0.01277311,-0.02247360,-0.01312798,-0.02420792,-0.01524568,-0.01425394,-0.02143167,-0.01086591,-0.01677167,-0.00985929,-0.00660287,-0.00064443,0.01960782,0.03095645,0.04066355,0.07071287,0.09364020,0.12701252,0.15593777,0.18660650,0.22516612,0.24164755,0.28657140,0.29343159,0.34387830,0.34847299,0.36427785,0.38464540,0.38097171,0.36986406,0.34784067,0.31754566,0.29940552,0.25229916,0.23413647,0.17596909,0.15869578,0.12131136,0.09988094,0.07215624,0.06358556,0.05573961,0.04439950,0.02600898,0.02970353,0.00688781,-0.00090326,-0.00144067,-0.01033587,-0.02380206,-0.02361955,-0.02786161,-0.02147353,-0.02866978,-0.02846754,-0.03101263,-0.02580908,-0.01811362,-0.01609302,-0.01391278,-0.02069139,-0.00362747,-0.00219390,0.01994567,0.03227238,0.02628657,0.04543341,0.06433743,0.08317805,0.10223563,0.10193705,0.11800670,0.12859150,0.12407625,0.11467213,0.12242834,0.11733203,0.11240320,0.09727519,0.10070215,0.08050829,0.06923517,0.06753372,0.06204452,0.07099416,0.07199895,0.08995841,0.10169970,0.13369727,0.15017359,0.17072564,0.21908936,0.23619087,0.25554135,0.28992471,0.29615381,0.29837302,0.30734562,0.28919554,0.29444905,0.28935736,0.26473014,0.25520195,0.21860137,0.19885022,0.16568902,0.14236386,0.11859171,0.10794224,0.09294593,0.07665890,0.06854981,0.06226278,0.06722729,0.08454234,0.09819238,0.13556695,0.15362263,0.17533973,0.19469240,0.21254455,0.22499984,0.21846197,0.21086799,0.20123736,0.16497586,0.13875792,0.10773975,0.09709408,0.06212434,0.04456536,0.02515135,0.01510192,0.01564787,0.01206734,0.02345697,0.04025707,0.05704624,0.08386222,0.12569685,0.16428319,0.22132154,0.25299902,0.31200030,0.38963965,0.38702756,0.44169527,0.45263894,0.45969093,0.43384976,0.40574958,0.37547556,0.37155825,0.35447906,0.33386038,0.32145710,0.27711219,0.23126633,0.22068352,0.15785218,0.08684690,0.06898388,0.03291545,0.01485403,0.00226542,-0.01013908,-0.01778414,-0.02373403,-0.02818909,-0.02225096,-0.01780535,-0.01392303,-0.02076589,-0.01506926,-0.01253198,-0.00129794,-0.00865140,-0.01538516,-0.00458160,0.00524631,0.00125347,0.00495213,0.00550709,0.00110201,0.00557973,0.01262538
0.00432807,0.00700946,-0.00073406,0.00539833,0.00523099,0.00380638,0.00849934,0.00318611,0.01002723,0.00235582,0.01149286,0.00043918,0.01572475,0.00123395,0.01450983,-0.00237005,0.00429155,-0.00202452,0.00678963,0.00073632,0.01108497,0.00120289,0.00141444,0.00019547,0.01535851,0.00784558,0.01584765,0.01911088,0.01535658,0.01341180,0.00805443,0.01570350,0.00636610,0.01547411,0.02914096,0.03586381,0.04784179,0.06297029,0.07525778,0.09418686,0.11106276,0.12722068,0.10884893,0.10981336,0.09910284,0.09869380,0.07360234,0.06449443,0.05202663,0.05068875,0.01593354,0.03211380,0.03228931,0.02011696,0.00432363,0.01528000,0.00548503,0.01254575,0.01056621,0.01952431,0.00663385,0.01010268,0.02904116,0.01054461,0.00868652,0.01528435,0.01785283,0.01548867,0.01964522,0.02639131,0.02515249,0.02243809,0.03753211,0.05017005,0.06270766,0.08215831,0.09042429,0.10287458,0.11351715,0.11107849,0.10222619,0.09589555,0.08714061,0.10434761,0.10070898,0.11331666,0.13663864,0.14439983,0.17608497,0.20324610,0.23471410,0.26356924,0.31320307,0.34792321,0.38491829,0.41989486,0.44051139,0.46320050,0.45346040,0.44410065,0.41080273,0.34980999,0.32814686,0.26458870,0.21844212,0.18264012,0.13652428,0.10688920,0.08910632,0.08323315,0.05348119,0.06230011,0.05712682,0.06497243,0.06232170,0.06505275,0.06911171,0.05674319,0.06540857,0.05482312,0.05519443,0.05119111,0.03810451,0.04156098,0.03667173,0.04374897,0.04114818,0.03942065,0.03996649,0.05386875,0.05118626,0.07059760,0.07379220,0.08353164,0.08506688,0.10060129,0.11266754,0.12643797,0.15366076,0.16093853,0.19589204,0.19020797,0.20648698,0.21004235,0.21223396,0.20705412,0.19816289,0.20681847,0.19454591,0.19114950,0.20552575,0.21785720,0.23521543,0.26720226,0.30839585,0.30912034,0.31881805,0.29488909,0.26397187,0.23483638,0.19239335,0.16537795,0.11652666,0.09666198,0.07764617,0.06165468,0.05581251,0.04864700,0.04913226,0.03247800,0.05395997,0.05217913,0.05667918,0.05173968,0.05876854,0.06037617,0.05809007,0.06006391,0.06657805,0.08150931,0.08607668,0.10773568,0.11270167,0.12384649,0.12635874,0.12841165,0.12962308,0.13068758,0.13673180,0.13832666,0.14241307,0.13507028,0.12139225,0.11193540,0.09253598,0.10535793,0.10222463,0.09266399,0.08731130,0.09225001,0.08523766,0.09171517,0.09489285,0.11376512,0.11927723,0.13890184,0.15469347,0.18185532,0.21024614,0.25715633,0.31172603,0.33819086,0.39303249,0.45226629,0.47370519,0.53412157,0.54858151,0.59602199,0.59453668,0.56243037,0.53504567,0.51833131,0.45767625,0.42322382,0.38012615,0.32152508,0.27489295,0.22523249,0.20699755,0.18160914,0.14717783,0.14862374,0.12526903,0.11804341,0.10724063,0.11242749,0.10906910,0.10580607,0.10372162,0.10131562,0.09406030,0.08817089,0.08174497,0.08904796,0.08884345,0.09652103,0.11931378,0.14616719,0.17478340,0.22089792,0.26649379,0.30847938,0.34915778,0.42505138,0.46249244,0.50553980,0.53592199,0.55501791,0.54465198,0.53204965,0.52888468,0.51004085,0.50898480,0.51706917,0.51391177,0.51527819,0.54920403,0.52713708,0.52398699,0.51021940,0.48074625,0.43009590,0.36901712,0.29798040,0.23177661,0.18773649,0.15869030,0.11695679,0.09181685,0.07666655,0.08474261,0.07095086,0.07168012,0.07728458,0.07328107,0.07146782,0.08709432,0.07929866,0.08341271,0.08076898,0.07535487,0.07520084,0.08764415,0.09003182,0.08441052,0.08641368,0.08032165,0.09349064,0.08035478,0.09731175,0.09326175
0.02000161,0.02872614,0.02812562,0.02215904,0.03895225,0.03280365,0.04090219,0.03134464,0.03729614,0.03502166,0.02560463,0.01804962,0.02286961,0.00608171,0.00934113,0.01317618,0.01329984,-0.00243009,0.00273694,0.00458264,-0.00137833,0.01696374,0.01533849,0.01880318,0.02011904,0.03758095,0.02883182,0.03654968,0.04604330,0.03522105,0.04599036,0.04086878,0.04172609,0.03681035,0.05028080,0.06624093,0.08749549,0.11570188,0.15165366,0.17960001,0.21232034,0.22654100,0.23658673,0.25143449,0.21806285,0.18048074,0.17634243,0.13490628,0.09499980,0.07438626,0.04708050,0.03436960,0.01532147,0.02376834,0.01159549,0.02130882,0.00348800,0.01882036,0.00642189,0.01217335,0.00656856,0.00311804,0.00314223,0.00534795,0.00386085,0.01832151,0.01274076,0.00657502,0.01069826,0.01670611,0.01442767,0.01925493,0.04840962,0.05584147,0.08438938,0.11990168,0.15232620,0.17984431,0.20955037,0.20031937,0.18880646,0.16166156,0.14749095,0.14799173,0.13329309,0.13935047,0.15404179,0.18768504,0.21001709,0.24024555,0.23701274,0.28111550,0.30134287,0.32250922,0.32519352,0.33763635,0.34361212,0.34193569,0.33680273,0.33518724,0.32797704,0.29470258,0.27004461,0.26521053,0.22305360,0.18139564,0.15914417,0.13749565,0.11356820,0.09159984,0.07944095,0.10067947,0.09262936,0.10847735,0.11907619,0.12708985,0.14027770,0.12995413,0.13831525,0.10498279,0.09548376,0.08008534,0.06606168,0.06398691,0.05918547,0.04453576,0.06186525,0.05412585,0.05959800,0.07789873,0.09304758,0.10160238,0.12844634,0.16012518,0.17086106,0.20515294,0.23638873,0.26797705,0.28842797,0.33229924,0.37264360,0.39589155,0.39411779,0.41621618,0.41654603,0.41322766,0.39018717,0.35802863,0.30809225,0.30046347,0.24727591,0.21323414,0.19658359,0.18954746,0.17159861,0.14908099,0.14726765,0.14025600,0.13235246,0.10799174,0.09107352,0.07723541,0.06481285,0.05248937,0.05166295,0.03620253,0.02884974,0.03540440,0.03863801,0.02595186,0.02921115,0.03132858,0.03382383,0.03945234,0.04457495,0.03524067,0.03881563,0.04688961,0.04275571,0.06068459,0.04694937,0.05731096,0.06507990,0.06874940,0.08742424,0.08578632,0.08416503,0.08718403,0.08466447,0.09659563,0.10272915,0.09516189,0.08593853,0.07317716,0.07341871,0.08437380,0.07839200,0.08147812,0.08369991,0.09187696,0.09345941,0.11975529,0.12168542,0.13870457,0.16093314,0.18063197,0.21198006,0.24216581,0.26786230,0.29969765,0.32927444,0.35793070,0.37010840,0.45110031,0.43855054,0.46170763,0.47194321,0.48756917,0.48410022,0.48701783,0.47447825,0.44559207,0.41995451,0.40434129,0.34943526,0.32500959,0.29839104,0.26679819,0.24546044,0.21205582,0.21660999,0.18822284,0.20905489,0.21302259,0.20876947,0.20309224,0.21809818,0.21275967,0.19231259,0.19842389,0.17152060,0.16399927,0.15669590,0.13562668,0.13500151,0.13422540,0.14661267,0.14215761,0.16101952,0.18946665,0.22263103,0.26389633,0.30184451,0.34375603,0.38807062,0.42651915,0.47554302,0.50496490,0.54667067,0.56503374,0.58193278,0.59385717,0.58772747,0.57864106,0.57759407,0.54733250,0.53303788,0.53642503,0.49555874,0.47481874,0.46810115,0.44525613,0.38321640,0.31571911,0.26421557,0.20642812,0.17414531,0.13371327,0.11723958,0.09600320,0.07345914,0.07224427,0.06747048,0.07866001,0.05892092,0.06660908,0.06281938,0.06481859,0.06647067,0.07704054,0.07254584,0.06939219,0.07541287,0.07036986,0.07077432,0.08529519,0.08405726,0.08869120,0.07663160,0.07440382,0.08126536
0.00786931,0.01398565,0.02857059,0.04299908,0.04005677,0.04730552,0.05617098,0.04755633,0.04622923,0.02327775,0.01866886,0.00298193,-0.00936032,-0.00885367,-0.02095443,-0.02217154,-0.02414055,-0.03778245,-0.02000856,-0.02165017,-0.02097202,-0.02049347,-0.00554415,-0.00088729,0.00653476,0.03158828,0.05328017,0.05941394,0.06439786,0.06226973,0.05083395,0.03217381,0.01179947,0.00465963,-0.00647511,-0.00826599,0.00188180,-0.00031722,0.00414839,0.01834425,0.01696936,0.03187818,0.02761948,0.03059348,0.02052340,0.00837051,-0.00878047,-0.00731001,-0.00444233,-0.01906201,-0.01694664,-0.01946509,-0.03645771,-0.03160561,-0.03117392,-0.02346244,-0.02319018,-0.03578072,-0.02861509,-0.03053032,-0.03836067,-0.02674823,-0.02366403,-0.03844285,-0.02943378,-0.03668410,-0.02733751,-0.02710845,-0.03465484,-0.03327795,-0.02268791,-0.03025021,-0.02006160,-0.02938490,-0.02061490,0.00086170,0.00506988,0.00881074,0.00795221,0.01441336,0.00334480,0.00521121,0.00619845,0.00073121,-0.00327625,0.00213697,0.01761606,0.02044732,0.05251789,0.06361498,0.08792593,0.11881081,0.15159294,0.20828135,0.24251206,0.29127379,0.36622068,0.40508277,0.47390627,0.50265716,0.50966417,0.51281780,0.47723661,0.43199829,0.39224783,0.31012199,0.24064798,0.17224421,0.11923848,0.07143577,0.04007135,0.01735606,0.00959851,-0.00770236,-0.01015666,-0.01137535,-0.01845185,-0.01271554,-0.01760591,-0.02178817,-0.02427613,-0.02120807,-0.01857509,-0.01427565,-0.00658699,-0.00206147,0.02026232,0.03251948,0.06117368,0.08088130,0.12070650,0.14741320,0.17528443,0.20811792,0.23881883,0.24420974,0.26959473,0.25546016,0.26632491,0.24581783,0.22451321,0.20702353,0.19523348,0.17256554,0.13473935,0.12311307,0.09634342,0.08864052,0.06873541,0.06829133,0.06186968,0.08542304,0.09964405,0.12054683,0.14045353,0.13922629,0.14541664,0.12123358,0.10817825,0.08044057,0.06363098,0.03491073,0.01052100,-0.00873397,-0.01193206,-0.02649378,-0.03923806,-0.03018230,-0.03191881,-0.03738514,-0.05468005,-0.04750700,-0.03972287,-0.04346998,-0.04958670,-0.03881461,-0.04179961,-0.03421718,-0.03157710,-0.02213256,-0.03128448,-0.01717492,-0.02392348,-0.00969477,-0.00894448,-0.00620439,-0.00509985,-0.00746693,-0.00094179,0.00019353,0.00347409,-0.00107439,-0.00061774,-0.00765742,-0.00856355,0.00569244,0.02471671,0.02363636,0.03584544,0.04766643,0.09340764,0.11687443,0.15739967,0.20678156,0.25656485,0.31567375,0.36007133,0.40319769,0.44051854,0.46766185,0.50916748,0.54662062,0.52927308,0.56021132,0.57661426,0.56037526,0.52979886,0.50326253,0.47999406,0.43268091,0.39687344,0.36124548,0.29912550,0.25406093,0.22862636,0.19303097,0.16419902,0.14610070,0.17204679,0.18473433,0.19134755,0.22263535,0.24991936,0.27975175,0.31202398,0.31568068,0.31298260,0.30657861,0.28366678,0.25685872,0.21229485,0.16963962,0.14680531,0.10398402,0.07562325,0.06258386,0.03979495,0.03829757,0.05189404,0.06504302,0.09609465,0.13476760,0.19230576,0.22700902,0.29083154,0.33809185,0.39480767,0.41025417,0.44240281,0.44792797,0.44082834,0.43118172,0.37889817,0.37412157,0.34384651,0.32328714,0.31879000,0.28527059,0.26333906,0.25095583,0.19430496,0.17851450,0.12059271,0.09655704,0.04302345,0.01790676,-0.00892780,-0.02857518,-0.03902578,-0.05030341,-0.04907198,-0.05474375,-0.07008141,-0.07620131,-0.04834753,-0.07478163,-0.06130218,-0.06509474,-0.06513664,-0.06638025,-0.04891942,-0.05512904,-0.06665549,-0.05618680,-0.05874549,-0.04835370,-0.05911083,-0.06941317,-0.04985711,-0.04949189,-0.04921935
0.04835959,0.05569893,0.06188616,0.06540000,0.07684721,0.08275165,0.08275800,0.08250818,0.06851205,0.07578318,0.05852908,0.04240655,0.03635597,0.03572001,0.03402182,0.01877444,0.04103523,0.02469104,0.02961465,0.03355140,0.03491370,0.02988905,0.04607207,0.03948509,0.06266726,0.06607947,0.08048435,0.09030173,0.08351891,0.09113749,0.08309633,0.05439279,0.06238017,0.05375798,0.04867636,0.04383123,0.06161961,0.06055299,0.05746792,0.07575033,0.08452639,0.08678198,0.08939844,0.07451638,0.07496840,0.07762555,0.06257952,0.06655623,0.06998481,0.04958792,0.03846265,0.04451149,0.04055354,0.03940459,0.02876036,0.03503093,0.04506399,0.03668982,0.04143522,0.04644148,0.03000631,0.04012393,0.03469998,0.03561289,0.03898520,0.03598077,0.03493831,0.04023560,0.04089173,0.03840824,0.05601946,0.04099519,0.04702104,0.05331819,0.05805450,0.07002648,0.09065810,0.08834082,0.09388373,0.09733112,0.11874706,0.11469610,0.10820878,0.13050480,0.15939543,0.17914639,0.20545676,0.24145234,0.26683834,0.28074246,0.30743471,0.31185275,0.34234381,0.35966898,0.35541057,0.38888962,0.41137481,0.42037435,0.42632353,0.45095027,0.44965656,0.44182946,0.38836942,0.38716208,0.33253855,0.28827702,0.23860721,0.18879889,0.15913220,0.13648673,0.11595140,0.10364816,0.10138027,0.09704631,0.09087002,0.10199770,0.10543201,0.09333768,0.08846031,0.09100303,0.08719037,0.07810749,0.07371828,0.07660049,0.07942222,0.08005017,0.08674686,0.11641896,0.11860134,0.14992537,0.16372934,0.18656027,0.22771479,0.23114527,0.25084613,0.25179846,0.27538385,0.27349711,0.26715557,0.27428011,0.25715184,0.24927696,0.23480045,0.21217414,0.19702830,0.17593612,0.18023989,0.15874128,0.14927938,0.12679316,0.14098739,0.14070464,0.14959407,0.15005333,0.17587879,0.17710792,0.16127411,0.16072444,0.14133301,0.12792547,0.12780689,0.10530510,0.08122116,0.07457421,0.07516402,0.06910666,0.05359137,0.06463110,0.05449235,0.06887900,0.05931168,0.06519312,0.07983850,0.08246314,0.07532328,0.09637370,0.09496260,0.10822411,0.11881322,0.12726587,0.14128802,0.16789146,0.17317578,0.17983810,0.22176439,0.21491603,0.23637453,0.23667810,0.23177562,0.23397125,0.21869237,0.22177359,0.20519094,0.20021485,0.17049372,0.17297948,0.17644164,0.17053818,0.16941467,0.18554971,0.19106605,0.20279564,0.21534702,0.24975762,0.27957216,0.32923317,0.36078764,0.38984494,0.41760602,0.45809867,0.47337054,0.48554987,0.49296547,0.52834249,0.50164594,0.52103621,0.50245750,0.50551501,0.47153602,0.43511688,0.41082580,0.37639070,0.35001113,0.32309931,0.30374322,0.26576197,0.24295322,0.23802472,0.23451446,0.26660451,0.26592033,0.27563034,0.27860208,0.30302446,0.32527767,0.32362767,0.32095633,0.30845285,0.30454453,0.28653670,0.25606666,0.21869127,0.19864649,0.17882247,0.16417394,0.15600195,0.15212621,0.15860555,0.15501233,0.19189413,0.20608038,0.23534620,0.27065622,0.31852416,0.33988462,0.38333911,0.41425924,0.41634576,0.44546588,0.43123010,0.43523070,0.42161204,0.39965778,0.38169318,0.36486700,0.34494866,0.33232577,0.30507527,0.30924618,0.28470037,0.26666287,0.23419337,0.20956420,0.19033603,0.15842116,0.13767033,0.11550859,0.10513789,0.09730831,0.08964234,0.08328053,0.09147486,0.08079867,0.09761177,0.09466509,0.09176401,0.10010275,0.08984093,0.10043344,0.10307478,0.10435077,0.12202150,0.11299930,0.11976147,0.11985637,0.12817206,0.12149594,0.12104169,0.13121862,0.12377410,0.12588172
0.03625839,0.02968779,0.04159980,0.04287367,0.04257205,0.03683991,0.04436344,0.03267165,0.03270552,0.02799887,0.02986438,0.01679608,0.02593894,0.03000491,0.01873217,0.01758317,0.00712097,0.01479424,0.01263100,0.01211403,0.02028671,0.01125401,0.02688710,0.02810789,0.03145428,0.03344104,0.04924555,0.04638605,0.05518241,0.06249209,0.05456269,0.04409932,0.03939933,0.04565046,0.04236403,0.05173834,0.06150610,0.08343510,0.09004888,0.10705721,0.13686421,0.13463192,0.14696754,0.13653804,0.13232807,0.11099437,0.08663666,0.07840587,0.05453936,0.04641024,0.04810330,0.03847378,0.03699924,0.02856903,0.01678437,0.02228456,0.03090095,0.02571519,0.02231960,0.02705697,0.02291232,0.01435464,0.03076152,0.02193500,0.01731132,0.02469827,0.03009883,0.02673315,0.03488818,0.02985905,0.03134605,0.05649643,0.04321346,0.06909590,0.07697379,0.10454199,0.10976283,0.14115279,0.15374006,0.15382548,0.16478266,0.17952527,0.18048646,0.20474936,0.23473335,0.25082427,0.29978576,0.33815137,0.36320926,0.38741645,0.42214516,0.43198537,0.44438526,0.43053484,0.41677506,0.42273585,0.41158227,0.42041384,0.40946110,0.38244055,0.34200509,0.35957623,0.30778811,0.27218987,0.24755897,0.21247014,0.18511143,0.14170199,0.11977576,0.10671727,0.08217804,0.07241882,0.07081877,0.07468375,0.07900767,0.07124375,0.08002706,0.08404936,0.07847956,0.08072164,0.06626914,0.07200603,0.06800119,0.06405804,0.07316759,0.08156425,0.07675124,0.07211562,0.08459098,0.10000535,0.11530566,0.13167796,0.15016094,0.16016908,0.19036600,0.20659295,0.22082494,0.23298012,0.25118029,0.25934989,0.26495956,0.26902681,0.28003171,0.28552762,0.27567084,0.26292682,0.23899466,0.23939959,0.21471003,0.19866817,0.19778948,0.18250500,0.17120297,0.19666247,0.18583892,0.19036685,0.19220183,0.17824928,0.15667699,0.15711268,0.12302969,0.10294275,0.08906653,0.09119554,0.07688672,0.07976954,0.06660331,0.06507499,0.06338784,0.07746630,0.08065945,0.07702974,0.08473270,0.08163179,0.11160199,0.12153548,0.13054819,0.15333650,0.17176259,0.21855523,0.23939176,0.25898289,0.29954186,0.34560731,0.35989626,0.38878222,0.42802946,0.44115029,0.44312160,0.43412810,0.41954763,0.41086663,0.38273850,0.34496426,0.32744306,0.27913359,0.26543179,0.24224329,0.22086240,0.19595488,0.19883150,0.18742811,0.20040026,0.21182195,0.22226214,0.24493333,0.26067039,0.28247860,0.31071148,0.33323316,0.35629831,0.37409544,0.39778259,0.40617404,0.40914272,0.40272073,0.40355362,0.42483466,0.40652693,0.38046530,0.36868551,0.35490329,0.30535113,0.29701585,0.27099762,0.25951846,0.23765828,0.20916628,0.21310149,0.20637738,0.21336696,0.21322854,0.21467938,0.23356718,0.24860574,0.23061108,0.23443088,0.23236442,0.24146261,0.21689238,0.19534277,0.18984655,0.18387794,0.17320275,0.16238833,0.15226336,0.14510801,0.16531875,0.16449631,0.17824285,0.19809176,0.21881155,0.25708708,0.29500488,0.34188089,0.36867972,0.40845514,0.40566947,0.44637419,0.46339519,0.45521481,0.47377208,0.45428866,0.44909872,0.43414199,0.42633413,0.42426397,0.41119669,0.39888931,0.38639448,0.37268607,0.36036591,0.30574469,0.27011845,0.23860774,0.19333167,0.18158022,0.15628078,0.14133529,0.13452650,0.13231491,0.13414919,0.13661856,0.13482209,0.14340559,0.13788392,0.15390006,0.16183013,0.17398324,0.16045280,0.17887504,0.19228158,0.18622792,0.19298491,0.20624667,0.21446913,0.22007802,0.21746738,0.21837077,0.22461219,0.22879684
0.06985606,0.07125253,0.06899502,0.06374777,0.06260836,0.06743858,0.06577622,0.06587694,0.07323593,0.05639970,0.06258122,0.04248853,0.04175770,0.03199747,0.03302590,0.03205558,0.03177445,0.03466201,0.03263775,0.02862186,0.03014729,0.03690151,0.03350773,0.03805117,0.05145060,0.05798184,0.06608395,0.06217580,0.07251339,0.06336812,0.06835502,0.06354777,0.04123893,0.05122491,0.05372429,0.06036623,0.05925988,0.05940707,0.06836643,0.09029352,0.09421468,0.10982310,0.11351203,0.10412984,0.09357578,0.09464655,0.08566191,0.07187428,0.05896518,0.05393478,0.05149395,0.03726941,0.04714900,0.03153211,0.03253512,0.02927075,0.02401004,0.03509469,0.03682775,0.02785195,0.03064471,0.03361789,0.03782473,0.03051256,0.03139967,0.03932369,0.02966072,0.03602621,0.03789049,0.03262682,0.04319760,0.03524460,0.04915920,0.06426664,0.07208631,0.08628727,0.09080346,0.11529675,0.13400013,0.13291607,0.14791118,0.15788066,0.19607535,0.20886456,0.26279810,0.28951628,0.35069947,0.36776690,0.43191153,0.44768888,0.50176484,0.48653587,0.46369398,0.48941266,0.46719179,0.48122189,0.44575257,0.42132135,0.39453058,0.38520239,0.34967477,0.33264322,0.30771469,0.28390135,0.24398572,0.20722885,0.17423001,0.15526002,0.12240840,0.11142490,0.10125381,0.08298284,0.10230072,0.10484078,0.10539239,0.11569562,0.11238183,0.11171734,0.10937167,0.09837734,0.08308028,0.08149476,0.07741998,0.07672274,0.06775604,0.06989777,0.06169783,0.07570317,0.07508162,0.09957510,0.10550258,0.12117819,0.12882723,0.15888139,0.15348813,0.19006335,0.19339526,0.20486484,0.21906908,0.20589053,0.22088240,0.20867643,0.20816669,0.20227503,0.20214356,0.16525511,0.16378407,0.15330295,0.13843520,0.13389690,0.12091563,0.12055856,0.11248718,0.11208644,0.11559249,0.12493864,0.12263178,0.12351967,0.11241529,0.10081234,0.09095151,0.09082381,0.07366866,0.06783226,0.05670959,0.04764374,0.06329689,0.04903264,0.05081059,0.05413349,0.05519883,0.05749077,0.06751182,0.07841086,0.08387596,0.10657961,0.11123826,0.12999680,0.16279720,0.18896167,0.22262936,0.27010310,0.28642518,0.33369707,0.37138974,0.39582286,0.41164170,0.40583107,0.43739444,0.43761450,0.42505014,0.42571648,0.38798476,0.34719497,0.31336490,0.28659267,0.25436435,0.22405644,0.20759599,0.18584765,0.16965587,0.17848962,0.17667866,0.18780153,0.20050975,0.20769689,0.22685940,0.24968926,0.27291113,0.27707165,0.32108506,0.33350134,0.35480042,0.36857763,0.36995506,0.38802141,0.39500973,0.39494873,0.38626090,0.40143475,0.36283429,0.35132944,0.30917617,0.30337544,0.27311525,0.25888300,0.22600177,0.20271228,0.17946152,0.19298545,0.19768136,0.19199851,0.19605207,0.20109883,0.21294864,0.21378357,0.21204380,0.21737375,0.22291520,0.19044509,0.18017602,0.17132350,0.14505298,0.14588802,0.11177591,0.11562706,0.12308829,0.12306188,0.12125576,0.16151601,0.18504883,0.20989528,0.22292418,0.23932312,0.28365105,0.30542619,0.30875354,0.33603070,0.34805672,0.35645106,0.36439848,0.34233403,0.34388518,0.32557538,0.30939987,0.29876412,0.28358931,0.27705896,0.25618231,0.23604298,0.24236324,0.21590322,0.19358377,0.17303832,0.13362844,0.13719382,0.10986545,0.08976842,0.08438944,0.08505406,0.08434584,0.08080835,0.08569612,0.09078878,0.08352078,0.09262449,0.09951026,0.11073614,0.11642162,0.13308837,0.13012416,0.12936001,0.14451307,0.13193693,0.15555021,0.15380539,0.17528027,0.18492626,0.17051432,0.16837930,0.18476406
0.04480710,0.04306638,0.02325583,0.02361913,0.02345355,0.00735065,0.01739835,0.00897255,0.01672945,0.01208559,0.00747225,0.00877670,0.00881855,-0.00140349,-0.00134246,0.00854912,-0.00259249,0.00079695,0.00906328,0.00319343,0.01414212,-0.00485865,0.00815374,0.00132873,0.00666313,0.01596982,0.01254217,0.01243861,0.02297019,0.01942168,0.01236561,0.02414787,0.01448403,0.02494923,0.02958349,0.03277520,0.04463142,0.06901681,0.07652983,0.10345517,0.11890880,0.13164448,0.12696272,0.12276043,0.11377558,0.10542862,0.08034563,0.06094365,0.04971416,0.03589572,0.01706463,0.01363914,0.01257405,0.00757504,0.00918806,0.01265555,0.00535540,0.00175645,0.01354627,0.00941178,-0.00159260,0.00879120,0.00386084,0.00577617,0.00148191,0.00037612,0.01136339,0.00198055,0.01541793,0.01412379,0.00927585,0.03522308,0.02526843,0.04381411,0.05677997,0.08728711,0.10347261,0.12054981,0.14302993,0.14457901,0.16470832,0.17453482,0.20548942,0.21685086,0.25575676,0.32518651,0.36937489,0.40891834,0.47002593,0.49891917,0.50086764,0.52474651,0.53852360,0.50893034,0.48809487,0.46936936,0.40628858,0.35417533,0.34112913,0.28834786,0.23263685,0.19958537,0.16512641,0.14479616,0.11749538,0.09988585,0.08179319,0.06724990,0.05110908,0.04608028,0.04912206,0.06934811,0.06978769,0.07717602,0.09200881,0.09072983,0.10546144,0.08486006,0.08608862,0.08580932,0.06383167,0.06216808,0.04466207,0.03766867,0.02909179,0.02875041,0.02136047,0.02818780,0.03130736,0.03778253,0.03627886,0.03913785,0.05805939,0.04800439,0.07377905,0.08261266,0.09116274,0.11404194,0.13508324,0.15078855,0.17577268,0.19599950,0.20302988,0.22103574,0.21072363,0.20684510,0.18601454,0.18672082,0.17639647,0.14410048,0.13469058,0.11933055,0.11321349,0.10540654,0.10202131,0.09755495,0.10375997,0.08884285,0.08507045,0.07328111,0.06125807,0.05048382,0.03188896,0.02463063,0.02356362,0.02154091,0.02153421,0.00992057,0.02089185,0.02197982,0.02394364,0.03013576,0.03974312,0.04596283,0.05288995,0.07787838,0.10235460,0.11374021,0.14479714,0.18700165,0.22704018,0.26579389,0.28495077,0.33521244,0.39272733,0.40282433,0.42397226,0.45129364,0.45557949,0.45052692,0.44396482,0.41603149,0.37036330,0.34995877,0.29488354,0.27244872,0.22240324,0.18879354,0.16205552,0.13681083,0.10588244,0.09579167,0.08611706,0.08642986,0.08660697,0.10050585,0.09737001,0.11328894,0.12159621,0.14522602,0.16088498,0.17424599,0.20525208,0.23128960,0.26197406,0.28103683,0.29807274,0.31824653,0.31613033,0.32007490,0.31153519,0.30716644,0.27677869,0.25782594,0.23718495,0.20099838,0.17177753,0.16092009,0.13798941,0.12119461,0.09760834,0.10025970,0.08244520,0.08368446,0.07267830,0.06824189,0.06926234,0.06537931,0.05653573,0.07440504,0.05815342,0.04952608,0.04971049,0.06089225,0.05512187,0.05113545,0.07452606,0.08056485,0.10389390,0.13243494,0.14651644,0.18368362,0.20873778,0.24092852,0.25023352,0.27978102,0.28626512,0.31101881,0.31461404,0.31861291,0.32249595,0.32549086,0.30957954,0.32063453,0.31156923,0.29422042,0.28319881,0.29672112,0.29878870,0.26338207,0.25469071,0.22227679,0.19442436,0.17167477,0.13085163,0.11070985,0.07639353,0.05474725,0.04863872,0.04641526,0.05430050,0.04267402,0.04968053,0.06380516,0.05620231,0.07465390,0.07250508,0.08320383,0.08928191,0.08544587,0.10436503,0.12211983,0.10347865,0.12039845,0.13609507,0.14382064,0.13108900,0.15743845,0.14586893,0.15671008,0.15512985
0.02318771,0.01956750,0.01162659,0.02169859,0.01592208,0.01115669,0.01455310,0.02020274,0.01633029,0.01339961,0.01587418,0.00040392,0.01299352,0.00586777,0.01300328,0.00124498,0.00389090,0.00022475,0.01077398,0.00316158,0.01335594,-0.00225951,0.00691235,0.00983906,0.00165056,0.00038163,0.01814706,0.01168917,0.02017378,0.00631972,0.01795618,0.01549491,0.02094567,0.01704765,0.03083873,0.03680196,0.05185127,0.07881617,0.08100241,0.10539274,0.14257683,0.13967639,0.14933082,0.14650872,0.13272758,0.12517501,0.10048880,0.07219297,0.06750207,0.04529757,0.04114926,0.02201640,0.01739328,0.01016824,0.01245881,0.01235240,0.00589827,0.00544631,0.01013367,0.00929979,0.00708043,0.01472149,0.00518354,0.01325400,0.01928730,0.01345111,0.01140834,0.00938551,0.01509456,0.00953821,0.01886983,0.01827006,0.02820585,0.04831516,0.04558075,0.08546839,0.10143888,0.12260766,0.12402625,0.13955308,0.13830746,0.13658573,0.14485823,0.15666978,0.16237698,0.18472137,0.21482870,0.24396412,0.30255706,0.31182811,0.36429113,0.36925199,0.39720948,0.41872350,0.40285737,0.40181820,0.38890490,0.38099667,0.36556941,0.34346119,0.31101969,0.27235433,0.22880167,0.19212053,0.15827449,0.13929226,0.10621292,0.07726711,0.07187919,0.07045129,0.05515630,0.05739105,0.06809903,0.07739893,0.08773543,0.08544936,0.08677005,0.10796637,0.09225821,0.08555926,0.06403355,0.06291600,0.05377460,0.04540364,0.03362920,0.03083937,0.03111796,0.01474970,0.02571918,0.03411956,0.03868642,0.03415326,0.04900172,0.05622999,0.07613738,0.08404848,0.11627901,0.12936388,0.14507048,0.14933391,0.18777735,0.22260631,0.22121692,0.23869506,0.24499183,0.24698607,0.23366254,0.22127795,0.21205587,0.18789693,0.17838499,0.17551695,0.17066437,0.16373266,0.17118320,0.16577637,0.17497554,0.16548386,0.15249809,0.13783746,0.11668923,0.07701845,0.07048160,0.05321190,0.04687404,0.02931576,0.01734361,0.01653479,0.03080174,0.02907166,0.02803820,0.02139848,0.02819333,0.02598608,0.02820921,0.04533383,0.04528209,0.05481741,0.06741882,0.08822832,0.09695281,0.11795477,0.16026204,0.17462849,0.17479311,0.20459420,0.23559445,0.23963421,0.24507312,0.25536196,0.23345420,0.24525864,0.20527189,0.19475151,0.18678927,0.16359958,0.14306835,0.11932270,0.12054009,0.09679641,0.09014793,0.07732447,0.08033287,0.07761970,0.07641391,0.08248896,0.10001252,0.11476186,0.13147142,0.16520999,0.17508530,0.21320041,0.23753503,0.27655894,0.31850080,0.35129700,0.39681000,0.41474343,0.42490216,0.42088870,0.41362013,0.41076299,0.38025908,0.36883216,0.32760074,0.29432561,0.26526437,0.20527829,0.18789030,0.15124462,0.14622462,0.11841017,0.10642528,0.09394501,0.08306140,0.08445136,0.07898963,0.07818394,0.06682582,0.06378760,0.07299905,0.06575595,0.06108565,0.05447842,0.04988436,0.06889261,0.06263298,0.07421365,0.09392224,0.12901164,0.16306912,0.20214697,0.22744345,0.26137473,0.32429524,0.33619128,0.37511723,0.39934476,0.43171557,0.41293372,0.42376554,0.43723237,0.41775616,0.40429267,0.40646283,0.40030424,0.40336824,0.40250286,0.40057131,0.39913885,0.36515497,0.34555566,0.31230050,0.26835600,0.21506049,0.18018474,0.13566272,0.10596183,0.07844562,0.06205781,0.05876767,0.04048262,0.04331757,0.04523572,0.04523679,0.04455082,0.05055509,0.05091490,0.06676300,0.06692207,0.06070615,0.08236805,0.07017461,0.07993037,0.08666573,0.08205769,0.09079998,0.09000187,0.09120686,0.09603555,0.10676566
0.05261214,0.05498796,0.05476816,0.05634081,0.06392254,0.06787488,0.07103936,0.06187344,0.05800420,0.06307735,0.04801571,0.05635169,0.05336712,0.04502271,0.05615115,0.04101166,0.04941449,0.03942350,0.05100590,0.05068564,0.04474743,0.05161763,0.05364535,0.05253140,0.05541091,0.06673863,0.06720182,0.07006099,0.07678076,0.06083614,0.06774533,0.07547244,0.07227331,0.07314463,0.07742223,0.09486328,0.10314049,0.12063354,0.13787894,0.16523544,0.17809976,0.18818579,0.19746746,0.19133196,0.18181509,0.18348315,0.14637346,0.12834077,0.10616408,0.08448751,0.07196100,0.06763302,0.06615892,0.05469548,0.06374580,0.05984724,0.04841022,0.05440329,0.05935585,0.05497351,0.05215565,0.06592678,0.05046005,0.06535731,0.04741968,0.06163172,0.05152007,0.05452855,0.06030386,0.06778197,0.06365224,0.06969474,0.08498260,0.09064816,0.11440139,0.14705864,0.15546174,0.16904875,0.19101749,0.17931165,0.18385822,0.17514708,0.16323286,0.15891221,0.17946403,0.18804632,0.23403594,0.25289392,0.30656860,0.34106373,0.38801883,0.40662351,0.45469257,0.47694355,0.48889779,0.50398075,0.52090489,0.52112640,0.50541423,0.48062154,0.43284459,0.42630404,0.37111106,0.33158855,0.27328410,0.22842443,0.20839252,0.16013512,0.15978424,0.14436371,0.14350855,0.15572805,0.16775657,0.19380352,0.19200546,0.21056974,0.20557965,0.20893464,0.19643477,0.19004479,0.15730918,0.14573574,0.12234931,0.11028184,0.09728766,0.09355927,0.10492150,0.09969039,0.10905783,0.10889773,0.12862924,0.12113702,0.13484728,0.15135331,0.17359797,0.18745562,0.21134727,0.22458521,0.24261937,0.27315243,0.29527330,0.29931234,0.30725528,0.34280158,0.31197276,0.31245884,0.29344459,0.29192013,0.26466558,0.25668398,0.24303894,0.25986121,0.24027322,0.27161388,0.28099526,0.28288593,0.27713429,0.26302515,0.24855137,0.21780452,0.18855291,0.15031462,0.13491138,0.10524551,0.10083194,0.09005740,0.09845568,0.09211524,0.08920987,0.09985075,0.08300303,0.08675338,0.08558053,0.08575758,0.09494200,0.09915445,0.08879174,0.10260468,0.09455725,0.11399071,0.10908895,0.09999344,0.11766851,0.11021837,0.10989185,0.12530635,0.12959393,0.12586691,0.13323079,0.12979743,0.12523329,0.13757528,0.12637563,0.13334650,0.12851358,0.11501525,0.13079649,0.12415607,0.13569887,0.12911434,0.13379803,0.14468153,0.16589113,0.16330486,0.20470260,0.21058108,0.24542726,0.26738057,0.31608095,0.36816761,0.39938902,0.45704947,0.49654800,0.53776235,0.61294689,0.65394613,0.66714628,0.70501440,0.74772941,0.70890039,0.71540605,0.68938514,0.63153947,0.58038992,0.54271408,0.46199907,0.42545062,0.35623434,0.33223540,0.29718169,0.27493730,0.25778724,0.23866608,0.21731279,0.22063481,0.22597710,0.20696934,0.19870876,0.20118520,0.19500298,0.17479232,0.17404632,0.16514161,0.16644012,0.16736941,0.18347936,0.20631997,0.23379551,0.27502237,0.33396181,0.39668513,0.42305320,0.47614244,0.53136331,0.59882852,0.59793657,0.63033827,0.67704277,0.66340357,0.66410049,0.62194593,0.63375942,0.59767327,0.58857548,0.58223340,0.57619257,0.57180514,0.54006874,0.54717101,0.50898841,0.48068427,0.44899954,0.39032087,0.32676108,0.28903837,0.23277142,0.18288690,0.17626118,0.15209613,0.14286236,0.13272974,0.11850124,0.12014520,0.11487734,0.11342930,0.12616583,0.12337710,0.12143779,0.11831574,0.12012533,0.11959910,0.12761298,0.13089174,0.12683630,0.12342880,0.13522889,0.13146687,0.12457084,0.13241602,0.13290963,0.12298142
0.03493681,0.03963437,0.03988954,0.03427102,0.02657464,0.02630283,0.03442342,0.03840347,0.03161290,0.02380749,0.03342794,0.02370143,0.02277113,0.03490808,0.02979272,0.02000067,0.01724362,0.02243730,0.02147116,0.02567815,0.02215785,0.02820301,0.02264160,0.02893772,0.01766051,0.02847676,0.03080977,0.02872374,0.01551980,0.03081069,0.02656244,0.02504881,0.03127567,0.03270221,0.03577041,0.04964028,0.04846843,0.08000012,0.08118833,0.08215416,0.10898509,0.10797500,0.10535069,0.10855693,0.09307588,0.07752581,0.06537588,0.06422416,0.04262242,0.04692809,0.03429196,0.01606156,0.02607859,0.01789638,0.02390466,0.02478397,0.02664109,0.01586071,0.02455990,0.02460757,0.01872835,0.02556101,0.02669054,0.01880455,0.02134465,0.01545852,0.02535961,0.02787775,0.02307371,0.03228209,0.03553071,0.02851529,0.03187108,0.04247328,0.05520086,0.07404505,0.09597309,0.09743163,0.11947799,0.11890921,0.13135968,0.12625885,0.14545248,0.17132815,0.18517179,0.22385079,0.27017310,0.29129378,0.35337813,0.37708441,0.40420947,0.43841627,0.44593026,0.46355704,0.49123975,0.48555658,0.46637464,0.45237576,0.43962014,0.38329057,0.34855017,0.32899722,0.26953228,0.22758291,0.17419449,0.14726429,0.11123627,0.08703604,0.06742051,0.07207052,0.05866670,0.07084601,0.07177274,0.08158488,0.08436092,0.09352918,0.09184225,0.08909160,0.07511171,0.07510325,0.06366567,0.04705376,0.04923951,0.03147837,0.02820779,0.03602758,0.02562295,0.02730360,0.03583152,0.03208732,0.04371912,0.04909846,0.05296360,0.06281680,0.07358885,0.08135534,0.08410076,0.11159759,0.12614168,0.13560057,0.15887709,0.15744988,0.16969559,0.17413503,0.17762861,0.16657032,0.15856982,0.14824799,0.14624598,0.15070783,0.14382527,0.15590268,0.18458124,0.19358487,0.22177976,0.21572138,0.23053931,0.20935402,0.18473418,0.16060803,0.11447113,0.09805828,0.06892919,0.05780622,0.03896525,0.03795361,0.03778391,0.01832862,0.02370471,0.02896095,0.03916829,0.03255180,0.03143483,0.04676517,0.05230254,0.05428296,0.06388334,0.08646139,0.10000971,0.12459882,0.15567154,0.17050286,0.19669272,0.22302037,0.23306857,0.26599602,0.28476717,0.29930881,0.29070934,0.28771699,0.27029412,0.24126734,0.24607158,0.21084355,0.18582084,0.16218124,0.13195817,0.12571642,0.10710958,0.10201547,0.08702899,0.09861605,0.08550248,0.07994860,0.09971813,0.10722147,0.13387710,0.14975892,0.18470054,0.21294633,0.25247240,0.27642230,0.33453619,0.39924558,0.41904658,0.46345776,0.47344603,0.49779737,0.51800432,0.51073346,0.45085061,0.43702606,0.41392340,0.37052194,0.32175932,0.28392321,0.23924285,0.19226775,0.16832248,0.14644386,0.12734611,0.11692134,0.10557572,0.09165656,0.06857280,0.07743995,0.08555034,0.07137212,0.07159563,0.06735370,0.06226593,0.06878885,0.06012992,0.06727984,0.07025288,0.07781667,0.10413812,0.11256354,0.16143421,0.18914496,0.23549960,0.29092716,0.32487588,0.37094412,0.39579834,0.43665485,0.44541871,0.44829168,0.45266434,0.42688781,0.42521150,0.41330277,0.40984695,0.41276586,0.38796690,0.38585797,0.40616623,0.40596482,0.39439864,0.37921750,0.31445764,0.30336889,0.26301113,0.20575306,0.15551036,0.13383317,0.10007727,0.08093380,0.07108209,0.05755473,0.05897109,0.04796852,0.05432692,0.06309190,0.07192853,0.06790544,0.06419061,0.08437411,0.08361074,0.08708589,0.08853890,0.09521920,0.10397894,0.10034229,0.10702023,0.10872711,0.11935026,0.11531690,0.11064520,0.11815667,0.12021993
0.02834011,0.02733396,0.02868124,0.03136134,0.03201185,0.04013775,0.04189228,0.03596667,0.03827593,0.03238984,0.02958132,0.02266339,0.02760333,0.02507262,0.02899991,0.02842452,0.01873973,0.02090941,0.02542094,0.01916844,0.02763368,0.02298206,0.02991179,0.03832064,0.03498005,0.03656950,0.04838387,0.05026673,0.05305608,0.04443819,0.04376584,0.03800018,0.04886051,0.03610306,0.04834350,0.04215051,0.05140581,0.05641902,0.07432508,0.07520943,0.08055399,0.08531122,0.07608377,0.07859693,0.07774974,0.06159471,0.07048762,0.05598173,0.05847506,0.04690823,0.04393355,0.04621444,0.03726787,0.03031078,0.03479920,0.03538972,0.02926446,0.03266091,0.03626386,0.04141070,0.03755553,0.03901298,0.05456167,0.03843739,0.04248248,0.04607020,0.04100400,0.04966842,0.02033747,0.04368783,0.04537757,0.04988863,0.05765542,0.04992515,0.07445828,0.08446449,0.08483757,0.11177833,0.12129325,0.11126406,0.13180664,0.15106316,0.19222821,0.22974243,0.26637095,0.32792779,0.38379695,0.46145090,0.49381925,0.54575162,0.58833256,0.61169737,0.62534118,0.63289507,0.58917254,0.56777965,0.50860443,0.47543381,0.43212465,0.38905600,0.33890070,0.28710508,0.25315853,0.21228301,0.20634659,0.17124966,0.16524114,0.15359711,0.15406367,0.17811713,0.19597358,0.24254637,0.27262923,0.32147763,0.34338061,0.35244011,0.34707289,0.33484652,0.29499683,0.27183434,0.21286188,0.18179970,0.14415036,0.12917883,0.10455237,0.09650871,0.08312554,0.09652627,0.09594038,0.10277232,0.11443340,0.10850977,0.15080556,0.15084173,0.14624159,0.15108750,0.15841553,0.16557888,0.17655793,0.18153536,0.17972841,0.17569576,0.16857419,0.16856514,0.15985344,0.15365996,0.15040406,0.13835200,0.12624228,0.12045447,0.12451701,0.11934903,0.11653627,0.13418726,0.12729127,0.12075917,0.12482743,0.12542013,0.10918838,0.10404809,0.08724103,0.09342039,0.07320711,0.07607962,0.05734807,0.07481508,0.07463249,0.06732662,0.06602840,0.08099117,0.07182946,0.07916341,0.07315702,0.08471954,0.08913804,0.09042605,0.08705405,0.09591998,0.09335066,0.11122291,0.11756587,0.12226005,0.11742321,0.13432869,0.13234244,0.13455449,0.14927823,0.14862869,0.14373998,0.13625085,0.15660873,0.14607272,0.13644744,0.12918911,0.12562479,0.12552081,0.12028524,0.12365292,0.11925495,0.14316589,0.14339409,0.14546259,0.15272310,0.18367771,0.20482579,0.23916514,0.26474183,0.28726730,0.33437259,0.40015610,0.43545887,0.49177257,0.55027211,0.59885298,0.65633750,0.73123963,0.75603427,0.77935482,0.80329041,0.80489958,0.78080757,0.74879709,0.71590462,0.66006008,0.61902888,0.53435439,0.48319571,0.41165345,0.35765969,0.34576577,0.29285215,0.27504918,0.24923556,0.24129432,0.22832423,0.21894659,0.20642736,0.21197254,0.19528981,0.18021812,0.18966254,0.18781075,0.18113292,0.17201916,0.21523105,0.23337821,0.28641219,0.32487942,0.39057869,0.41949742,0.45947267,0.54046948,0.58355374,0.60630355,0.61596007,0.58860098,0.59916079,0.55135915,0.53670070,0.49328838,0.43960602,0.40720677,0.37013294,0.33164013,0.30812304,0.28816210,0.27029959,0.26271625,0.25498115,0.24079214,0.20746745,0.19407115,0.17863208,0.15497108,0.15139152,0.12421290,0.11123534,0.11779344,0.12133466,0.10988538,0.10647150,0.09785318,0.11863919,0.10759326,0.11631660,0.12077514,0.11658878,0.10918967,0.11729511,0.11524240,0.12502723,0.13281328,0.13306795,0.12441409,0.12189331,0.12953644,0.11654874,0.11696310,0.11806522,0.12129063,0.12501919
0.04549069,0.03871036,0.04483937,0.03115833,0.04222795,0.04158717,0.02935984,0.03819626,0.03976353,0.03662572,0.03364128,0.02012880,0.02968336,0.03525856,0.02451099,0.03227874,0.02721564,0.02975680,0.02917784,0.02981218,0.02670360,0.02483122,0.03446371,0.03984626,0.04374593,0.04190433,0.05035606,0.04836901,0.04828401,0.06088673,0.04452131,0.04133528,0.03841154,0.04201171,0.05971019,0.06459582,0.06120014,0.07808088,0.09244728,0.09493300,0.10945596,0.11179000,0.11605945,0.12276775,0.10726273,0.10503406,0.08665117,0.06761314,0.06232648,0.05130065,0.04469798,0.04657280,0.03518045,0.03373886,0.04178907,0.04224319,0.03552825,0.03383812,0.04275956,0.03411099,0.03985168,0.04687653,0.03649201,0.04663844,0.05218881,0.04735175,0.05077505,0.03625368,0.04399157,0.04702777,0.04379973,0.04249513,0.05326086,0.06540888,0.08016085,0.08827450,0.10002835,0.11042968,0.12780049,0.13715829,0.11657865,0.12275619,0.12173186,0.12047880,0.14506516,0.18194102,0.17867810,0.20990467,0.23553673,0.27369610,0.32016207,0.35235514,0.38532697,0.42874891,0.46581870,0.49606324,0.53227581,0.55384562,0.56735863,0.53529358,0.48503767,0.44843642,0.40979934,0.34187185,0.28155784,0.24726641,0.19185307,0.16352446,0.12950723,0.11207929,0.10378771,0.09073195,0.09767662,0.09265848,0.09941983,0.09847187,0.08434918,0.08964117,0.08931978,0.09174350,0.08036178,0.08006931,0.08283613,0.07753485,0.07780438,0.08362519,0.09220634,0.09467123,0.09267605,0.09985900,0.10642023,0.11844973,0.13228408,0.12642946,0.15863541,0.15794704,0.17872385,0.19098603,0.20196687,0.20003263,0.22596772,0.23027526,0.22638947,0.22799179,0.22810693,0.22417987,0.21773985,0.21424050,0.22086441,0.21152614,0.24136450,0.24360732,0.29289164,0.32224888,0.36274303,0.36429715,0.35665091,0.36406923,0.32339908,0.27205136,0.22111962,0.16694092,0.16227408,0.13556922,0.11405620,0.09400065,0.08930026,0.09086364,0.08621234,0.07660102,0.10922153,0.08342186,0.09619317,0.11004585,0.10155021,0.10593952,0.11409742,0.11717319,0.14044461,0.14259943,0.15575784,0.17176492,0.19273638,0.19856968,0.21117316,0.21993641,0.24387550,0.22410440,0.23001493,0.23416265,0.21435909,0.22880379,0.21292767,0.19750390,0.18621874,0.16136779,0.16257602,0.16453282,0.16392044,0.16578336,0.16710421,0.18074727,0.17437920,0.20032043,0.21832760,0.23888771,0.26304353,0.29554335,0.33016173,0.39135524,0.42059508,0.46647986,0.51816884,0.58395091,0.60636619,0.64315511,0.66475231,0.65411302,0.68173886,0.65995957,0.63156753,0.59298632,0.53160884,0.47443658,0.43493145,0.36683103,0.33614953,0.29859652,0.25368103,0.26087157,0.22723711,0.22149739,0.21490214,0.20675587,0.20698709,0.19641685,0.21185169,0.19702399,0.19836053,0.17771546,0.18051697,0.16395549,0.16462594,0.15477058,0.15501054,0.17767759,0.17913764,0.21060583,0.23061622,0.30247178,0.35550870,0.39372397,0.45545575,0.51545117,0.55453227,0.59570738,0.59971771,0.64037813,0.61636305,0.61936714,0.61242408,0.59101714,0.56914783,0.55900595,0.59474670,0.59515190,0.62266024,0.60597110,0.59549330,0.54858874,0.50824793,0.44837597,0.40497407,0.33671284,0.28105659,0.25474894,0.18412307,0.17040038,0.16091001,0.14529145,0.13969274,0.14889085,0.15503592,0.13534824,0.14685248,0.13988387,0.15647638,0.15084571,0.16472376,0.16166683,0.16250662,0.17664283,0.16909511,0.15933038,0.17569466,0.17518292,0.17802796,0.18044954,0.17353665,0.18321482,0.17676069
-0.01343661,-0.00386631,-0.00545284,-0.00184258,0.00668516,0.01163651,-0.00542060,0.00680018,0.00040489,0.00343793,-0.00741885,-0.01648246,-0.01823445,-0.02603762,-0.02294015,-0.03211602,-0.02863751,-0.03669047,-0.03050049,-0.02659352,-0.03232325,-0.01982600,-0.02204723,-0.01629428,-0.00352149,0.00182282,0.00488017,0.01923860,0.02268339,0.02574691,0.00921601,0.00296102,0.00288644,-0.01023480,-0.00886454,0.00541366,0.01434345,0.02183836,0.02015524,0.03195238,0.04667951,0.04385017,0.05399547,0.05047398,0.04469527,0.03107182,0.01946674,0.00928515,0.01094848,-0.00309837,-0.01349637,-0.01153964,-0.02510935,-0.02011892,-0.01827470,-0.01594289,-0.02260667,-0.01748710,-0.01623743,-0.00647275,-0.01702701,-0.02187706,-0.01877349,-0.01208580,-0.00893034,-0.01308896,-0.01532422,-0.01793311,-0.01352198,-0.02251958,-0.01730526,-0.00932075,-0.00081608,0.00571496,0.02624364,0.02948656,0.04399667,0.05851852,0.06633551,0.06453430,0.05786735,0.06680396,0.08584115,0.09118513,0.12220248,0.13335976,0.16267949,0.18706127,0.20371270,0.22670749,0.26009290,0.27901420,0.29783564,0.29957951,0.31085703,0.34085715,0.36193658,0.35446942,0.35945786,0.37201930,0.34536762,0.33206240,0.30246234,0.27629497,0.22516463,0.18030728,0.13680222,0.10939133,0.08110478,0.05972873,0.05942954,0.05226005,0.04201206,0.04216030,0.04276445,0.03313343,0.03630044,0.04423541,0.03701810,0.02512525,0.03287543,0.01943777,0.01685009,0.01731557,0.01787189,0.01091918,0.02552766,0.04910960,0.05021788,0.06572882,0.08025992,0.10546798,0.11901281,0.15801119,0.15435129,0.17115105,0.17570648,0.19902270,0.20459019,0.19423511,0.19925806,0.19190211,0.19181051,0.17365229,0.17099214,0.14867373,0.13406264,0.13206267,0.11316653,0.09689769,0.10074008,0.10531924,0.11763518,0.12637355,0.12278891,0.12116571,0.13693522,0.11278674,0.10602131,0.08871203,0.06856798,0.05413781,0.03638838,0.01727731,0.01241728,0.01444723,0.01209786,0.00918085,0.00043409,0.01054559,0.01254434,0.00345824,0.01652739,0.01624490,0.02639208,0.03326614,0.03897847,0.04755722,0.06223342,0.08761608,0.09422311,0.12499827,0.13199513,0.14254899,0.16574162,0.18094466,0.17808538,0.18038144,0.18970279,0.17613043,0.16582543,0.17228091,0.15393917,0.14544783,0.13400701,0.11635582,0.12501895,0.09425256,0.10650750,0.10849735,0.11610058,0.12594691,0.14580611,0.16452538,0.18603449,0.21769947,0.23146823,0.27411705,0.29898692,0.33515114,0.36333875,0.38306053,0.40124864,0.38525094,0.40703357,0.44042232,0.41626755,0.42673547,0.38988540,0.36790421,0.35412349,0.34563439,0.28580585,0.24433179,0.22930211,0.19755401,0.18169015,0.16624299,0.16203719,0.17599382,0.17292165,0.17936728,0.18917367,0.20371969,0.20746484,0.22767913,0.21082268,0.19604371,0.18602215,0.18201579,0.16115946,0.14242468,0.12262117,0.10137867,0.08926894,0.08770361,0.07987348,0.09920803,0.10531812,0.13727849,0.16235447,0.18416123,0.24201532,0.26980343,0.30035270,0.32188961,0.35387375,0.38365764,0.38560596,0.38239977,0.38684474,0.38579395,0.37306788,0.35984753,0.32300620,0.31898097,0.31343181,0.30438616,0.27289013,0.27283354,0.22336703,0.19956721,0.17780202,0.14916597,0.10924433,0.07879030,0.07328036,0.05671615,0.04061713,0.03578973,0.03378994,0.03996000,0.02905125,0.02818256,0.04170614,0.04219432,0.04909168,0.04473507,0.05781726,0.05713805,0.05848875,0.06717186,0.06139485,0.06854870,0.07299776,0.07305465,0.07626686,0.08566335,0.08183011,0.07449753,0.06732359
0.06831750,0.08003563,0.09128804,0.09649338,0.12580079,0.12788236,0.13062974,0.14370399,0.12178044,0.10475624,0.09522712,0.07063291,0.05649770,0.04195185,0.04458424,0.04574729,0.02145331,0.03340191,0.03574875,0.02342749,0.01872395,0.02790990,0.05250593,0.05286919,0.09026764,0.12444171,0.13107543,0.15910467,0.15730361,0.14342845,0.13755782,0.12382348,0.09339438,0.07169282,0.06441338,0.05938865,0.05544668,0.06710205,0.08362649,0.07958946,0.09352277,0.09871111,0.09281431,0.09486737,0.08972302,0.08820620,0.07081043,0.05933093,0.06208099,0.04392103,0.03862206,0.04356404,0.04341697,0.04403559,0.03826314,0.02801890,0.02343607,0.03494565,0.02698037,0.03653506,0.03604552,0.03558867,0.03845744,0.02551709,0.02519697,0.03161009,0.02408497,0.04476916,0.03622105,0.03454774,0.03089566,0.03833935,0.04776153,0.04967301,0.05602777,0.06626628,0.08493039,0.08653718,0.09476090,0.10656798,0.09455141,0.09249602,0.10235059,0.09783458,0.10447316,0.12227513,0.13776752,0.15659247,0.17742708,0.19595444,0.21251660,0.25029276,0.24439271,0.26706088,0.30487810,0.33120161,0.37591019,0.42685262,0.50599175,0.56377065,0.60411626,0.60241010,0.62010973,0.56797498,0.55148524,0.47998920,0.40474173,0.31616271,0.26205358,0.19862118,0.15627522,0.13650922,0.11050243,0.11293839,0.10706312,0.11080389,0.09824407,0.09632028,0.09572523,0.08820378,0.09641634,0.08813198,0.07922689,0.09450107,0.08959229,0.10884161,0.11888165,0.14418073,0.17742800,0.19858168,0.26007923,0.29794710,0.34594886,0.39487068,0.44181982,0.46378532,0.45241182,0.47759995,0.46650844,0.45245216,0.42796892,0.38736897,0.34705052,0.32387946,0.27633425,0.25604748,0.21487591,0.19960667,0.16929263,0.15327964,0.13600004,0.11863072,0.11924843,0.11447899,0.10660901,0.09056352,0.10915331,0.09543954,0.10507415,0.09089156,0.08204369,0.07010705,0.07203479,0.07031693,0.05549060,0.05071012,0.04846044,0.06037840,0.04501637,0.03896460,0.04809901,0.05614026,0.06106789,0.06528906,0.05962287,0.06163156,0.06702146,0.06368023,0.07291211,0.07922133,0.08862131,0.08643403,0.10373088,0.09538197,0.12333286,0.12029890,0.12388540,0.13340565,0.13205112,0.13881006,0.12972858,0.13303185,0.13423641,0.13329787,0.13241698,0.13600722,0.14824284,0.16698258,0.17622331,0.20829385,0.23146574,0.28749696,0.33731315,0.39986388,0.46903872,0.49062081,0.57641885,0.63145299,0.68675289,0.69953623,0.70505910,0.75781922,0.71962658,0.74213583,0.70906002,0.68347916,0.61578732,0.58268732,0.53977197,0.47412957,0.43917177,0.39944214,0.35238536,0.32887598,0.29702517,0.28403445,0.27673960,0.28347110,0.30399403,0.34325606,0.35764758,0.42087051,0.45816414,0.50884008,0.54868242,0.55979340,0.57901253,0.57504850,0.55272008,0.50761564,0.46513881,0.40971945,0.32198497,0.29548702,0.25521710,0.20900432,0.18627252,0.18266383,0.17088096,0.18374786,0.18220086,0.21515930,0.23987442,0.27567718,0.32496271,0.37534291,0.40486948,0.46959996,0.50835870,0.54510967,0.55960827,0.54418797,0.49157645,0.46509461,0.42223392,0.38644799,0.34595684,0.32529233,0.28252623,0.24676821,0.24095610,0.21080995,0.17098094,0.15095201,0.15681017,0.11667118,0.11064905,0.09181085,0.07693959,0.08560911,0.08916037,0.08211648,0.06523013,0.06883232,0.07133081,0.07819101,0.07290686,0.08554137,0.08570293,0.07641625,0.09219101,0.08312681,0.08344988,0.08971491,0.09551179,0.09342772,0.08975117,0.09428649,0.09177516,0.09274757,0.09240279
0.05345541,0.06455686,0.04656445,0.04414551,0.04298251,0.05228688,0.04569469,0.03913837,0.03780635,0.03262573,0.04232108,0.02564132,0.03979665,0.04438256,0.03790040,0.03711586,0.03906813,0.02937485,0.03836335,0.02074469,0.03233577,0.03697285,0.03664018,0.05004694,0.03668237,0.04165857,0.05041214,0.04827885,0.05186396,0.05427748,0.05368894,0.05626550,0.05306155,0.05590165,0.05417180,0.06763123,0.07998357,0.08323808,0.10333494,0.12167575,0.12699418,0.13036203,0.13087463,0.13236080,0.12043361,0.11964629,0.10461345,0.08751490,0.09427059,0.08419090,0.06630114,0.05791425,0.05017275,0.06567835,0.05512160,0.05016421,0.04963764,0.06110643,0.05629128,0.05203809,0.05552639,0.04966450,0.05352160,0.06057987,0.07144751,0.05980998,0.05638225,0.06211027,0.06066669,0.06852010,0.07606355,0.06584886,0.07424931,0.07890290,0.10132720,0.12160195,0.13220274,0.15367745,0.17730222,0.17384898,0.19757382,0.20379714,0.23680938,0.23847410,0.27894781,0.32521057,0.34203641,0.39190608,0.44419863,0.46578751,0.49540940,0.50063880,0.49904380,0.50504093,0.48713686,0.45735199,0.44577257,0.41143285,0.38626974,0.36850588,0.34148783,0.30282812,0.29194543,0.25615389,0.21931314,0.17809047,0.16635141,0.14277245,0.12408919,0.10425588,0.10817344,0.10961936,0.10044447,0.09304880,0.10138232,0.09803846,0.08974316,0.10029316,0.10398580,0.09725677,0.09183731,0.08295790,0.09651024,0.09555569,0.09313318,0.10153355,0.10861411,0.10401613,0.10439032,0.11800269,0.12786176,0.12806639,0.13465214,0.14075953,0.16380597,0.16727405,0.17032023,0.20761181,0.20909361,0.23003091,0.22433625,0.24859692,0.24717768,0.25101420,0.26456983,0.25130995,0.23417350,0.24066353,0.22324256,0.23667147,0.20424565,0.22326032,0.21794514,0.22711901,0.24242232,0.24654399,0.25373177,0.22900016,0.22484959,0.21071763,0.18432495,0.16972050,0.15538272,0.14167451,0.12935265,0.12927763,0.12512755,0.11898462,0.12227201,0.11862595,0.12746835,0.12916057,0.13491389,0.15112662,0.16065269,0.16974563,0.20125539,0.23810772,0.25034979,0.28962998,0.31674119,0.36244996,0.38494454,0.45372500,0.50124894,0.51918938,0.54439819,0.57602852,0.57677323,0.57534731,0.56209681,0.55176520,0.50111247,0.45506619,0.42629519,0.38672295,0.33771738,0.31052438,0.28048172,0.26124230,0.23023063,0.22870111,0.22450691,0.19740730,0.20472543,0.21422899,0.22405678,0.23336976,0.26381450,0.26012242,0.27467343,0.30131136,0.33019994,0.34421127,0.36890829,0.38204542,0.38035487,0.39896616,0.38241705,0.38794777,0.36641108,0.35058622,0.32508112,0.31237640,0.29126902,0.27201740,0.24859543,0.23031751,0.22624846,0.19901640,0.20683191,0.21624799,0.20825796,0.19510389,0.19835623,0.20048945,0.21253575,0.21005974,0.20848131,0.19022876,0.18482300,0.19965302,0.18057046,0.18058100,0.18031921,0.17214038,0.17487612,0.18521475,0.20548435,0.20175311,0.23353045,0.26649799,0.27709395,0.30999615,0.33218605,0.37369054,0.39733367,0.40848755,0.41175016,0.40334990,0.40916142,0.44089941,0.44842633,0.43924236,0.41697744,0.44094837,0.43581441,0.42976009,0.43479653,0.44484369,0.39915809,0.36553878,0.34256997,0.30743827,0.28543590,0.26561384,0.22095979,0.22068619,0.21018422,0.19697496,0.17397002,0.19149575,0.20031999,0.19676934,0.20271173,0.22059760,0.21419341,0.22534328,0.23012773,0.23242022,0.26670155,0.26292382,0.25849394,0.27652390,0.27924436,0.29303965,0.30155732,0.29206362,0.31399092,0.31350296,0.30142204
0.02132019,0.02219018,0.03915146,0.04565275,0.04545186,0.06039492,0.06103214,0.05374300,0.04266744,0.04011605,0.02957111,0.01591232,0.00771368,0.00522152,0.00559326,-0.00564036,-0.01301197,-0.00921054,-0.01420209,-0.01334772,-0.00615683,-0.00060378,-0.00549713,0.01402494,0.03095144,0.04913194,0.08227939,0.08192079,0.08406107,0.07485824,0.07418759,0.04908235,0.04153057,0.01955676,0.01789663,0.02339168,0.03149640,0.04563742,0.05247852,0.06826741,0.06500099,0.08588362,0.09454689,0.08615573,0.07248514,0.07314588,0.06538288,0.03648246,0.03236221,0.01879436,0.01982723,0.01270218,0.00250648,0.00748765,0.00901487,0.00320931,-0.00055029,0.00099593,-0.00379268,0.00458408,0.00063222,0.00723916,0.00448662,0.00337173,0.00916346,-0.00040822,-0.00209171,-0.01038127,-0.00321403,0.00521791,0.00836420,0.01505446,0.02553097,0.02772517,0.04884535,0.05922543,0.07193468,0.08514120,0.10505516,0.09951896,0.11351979,0.11801097,0.14591679,0.15631474,0.16771721,0.18461640,0.22844169,0.26774612,0.30352058,0.34078867,0.34147098,0.36554995,0.36801386,0.36173400,0.38747967,0.38684525,0.40206388,0.37702152,0.39984361,0.43454835,0.42666979,0.41800998,0.41729916,0.39079567,0.37398635,0.30377093,0.28051902,0.20936689,0.17304856,0.14733159,0.11521146,0.10681221,0.11510349,0.11306062,0.12074716,0.12855487,0.13110127,0.12530212,0.12215469,0.10478178,0.09748961,0.08023146,0.06961145,0.06447157,0.07353255,0.06970093,0.06989510,0.09095627,0.11156156,0.15257997,0.17081076,0.20848476,0.23588346,0.27164772,0.30869638,0.32954647,0.36203741,0.35200426,0.35218232,0.35219938,0.34243814,0.32629340,0.30757995,0.30098917,0.25513745,0.25536161,0.20491399,0.18949864,0.17261609,0.14510870,0.11682302,0.10375789,0.09238118,0.08326700,0.07752003,0.05963874,0.06435573,0.06061448,0.04415481,0.04948865,0.04916490,0.04108412,0.03512360,0.03873236,0.04358121,0.03073315,0.04310385,0.03592676,0.03138627,0.03222630,0.05276540,0.04035845,0.04868990,0.06493384,0.06153730,0.05902730,0.07710480,0.07925971,0.09609898,0.10908352,0.14200482,0.15071385,0.16507266,0.20927016,0.22918891,0.22908544,0.25730971,0.25770699,0.25967820,0.24865308,0.24557573,0.23547788,0.23090709,0.22840819,0.19462082,0.19009898,0.17783914,0.18439082,0.18202683,0.19199253,0.19687768,0.22397262,0.24793655,0.28521926,0.32044150,0.36854976,0.43950592,0.45797093,0.47730245,0.51315132,0.52183945,0.56113023,0.56993332,0.56313964,0.55661899,0.53206603,0.52296868,0.50616358,0.49519602,0.46699930,0.43335854,0.38859298,0.37038528,0.34221356,0.32112819,0.28892893,0.27096503,0.27773498,0.27094166,0.28621583,0.29935782,0.34375678,0.36645087,0.37545696,0.40949626,0.42807033,0.42020760,0.41767370,0.39467585,0.38198495,0.31854333,0.30632089,0.26927692,0.21905433,0.20269969,0.18415938,0.16868824,0.16845533,0.17393753,0.20056273,0.20570109,0.22106764,0.26050792,0.30008721,0.33658249,0.35516207,0.37565450,0.42620047,0.45068823,0.47819221,0.49417031,0.47550440,0.44391384,0.41984818,0.38548027,0.34346067,0.30725752,0.29189715,0.26456160,0.24215866,0.22349240,0.21763737,0.18087378,0.16965637,0.14848744,0.12255448,0.10054166,0.09269883,0.08980611,0.08907373,0.10226330,0.09027247,0.07851540,0.09348833,0.10451531,0.08799444,0.09279963,0.09004510,0.11061646,0.11293761,0.11879958,0.11226614,0.12352872,0.11402569,0.12658760,0.14690728,0.14764724,0.13536891,0.13520508,0.14821736,0.13934480
-0.03999052,-0.03407053,-0.03278574,-0.04151609,-0.02556151,-0.02851006,-0.03408690,-0.03712279,-0.03725904,-0.04070350,-0.05093784,-0.04055087,-0.04806455,-0.04334808,-0.04155666,-0.04970137,-0.04804459,-0.04541224,-0.04864529,-0.04853871,-0.04797085,-0.03978108,-0.04399015,-0.04464241,-0.03208446,-0.03759130,-0.03043020,-0.02677717,-0.02424324,-0.02300156,-0.03150229,-0.02635656,-0.03960044,-0.02310386,-0.02103120,-0.00937239,0.01142901,0.02973142,0.03525785,0.06169910,0.08255341,0.08156768,0.08708989,0.08355772,0.07980108,0.06302074,0.03986578,0.02331122,0.00727901,-0.00808155,-0.02436446,-0.02140966,-0.02882356,-0.03365325,-0.04724556,-0.04117240,-0.04694110,-0.04607548,-0.04673787,-0.03730239,-0.03476361,-0.03419291,-0.03623708,-0.03780323,-0.03720117,-0.04187189,-0.04112414,-0.04943584,-0.03320392,-0.04054870,-0.03559925,-0.03165376,-0.02232340,-0.00131790,0.01645990,0.02910391,0.06420973,0.07159605,0.07753513,0.07383780,0.07899098,0.07038495,0.06617684,0.04958615,0.06618437,0.07347173,0.10463145,0.12950060,0.14006814,0.15954893,0.19813531,0.23289779,0.25380487,0.27071749,0.32029828,0.33476509,0.37202395,0.38559064,0.35613915,0.36673286,0.32865595,0.29850464,0.26497015,0.21038069,0.16626488,0.11463899,0.09224977,0.06278788,0.04005030,0.01705613,-0.00135253,-0.00264783,-0.01415676,-0.01414034,-0.00969292,-0.00702582,-0.00824919,-0.00416534,-0.01303228,-0.01115414,-0.02321549,-0.01449795,-0.02255530,-0.02156357,-0.01732750,-0.01823307,-0.02230841,-0.00679639,-0.01242585,0.00081443,0.01184603,0.02466137,0.03494712,0.05112850,0.07424359,0.07784620,0.10727320,0.11406785,0.13799828,0.15464838,0.16808964,0.20561002,0.20644344,0.21607919,0.20477786,0.20210297,0.19896475,0.17896848,0.15957097,0.15093032,0.15225669,0.17508087,0.18506207,0.18236861,0.20496254,0.21562348,0.21476223,0.18340137,0.17365601,0.14285704,0.10001588,0.07341249,0.05056092,0.02067368,0.00804519,0.00177340,-0.01005240,-0.01277293,-0.01131647,-0.02095087,-0.02345529,-0.00850981,-0.00868673,-0.00451713,-0.00081167,0.01220965,0.01807066,0.02472033,0.03924893,0.04238514,0.05256010,0.07898049,0.07849665,0.09916319,0.10614290,0.12722346,0.14330049,0.14272668,0.13941714,0.14172323,0.13399975,0.14033122,0.12481234,0.10460567,0.10005789,0.08409637,0.07197270,0.05741787,0.05909928,0.05175449,0.04841037,0.05284115,0.05659998,0.06257197,0.08070641,0.10665599,0.12472672,0.16167734,0.17956479,0.20711622,0.25435857,0.28680207,0.31974579,0.35376372,0.38885920,0.41217991,0.44737228,0.44749479,0.43745861,0.42448223,0.40049343,0.38261468,0.33946050,0.28753611,0.25097594,0.20644814,0.18308308,0.15015018,0.14035292,0.10788815,0.09426368,0.08829054,0.07775383,0.08666092,0.07981864,0.08213356,0.08736707,0.08072092,0.07292037,0.07010641,0.05276016,0.05007401,0.05119078,0.04221465,0.04659637,0.05207228,0.06659810,0.08218154,0.10989861,0.13727536,0.16464768,0.22032315,0.25460231,0.30957735,0.36038834,0.40322310,0.43317559,0.45344820,0.45878936,0.45078173,0.47557265,0.47139704,0.48072882,0.46828533,0.43874362,0.47031008,0.49627262,0.48130054,0.46491992,0.44673044,0.39935482,0.37403771,0.29657734,0.24378305,0.18995169,0.13235000,0.09675643,0.06726006,0.04732084,0.03401078,0.03470944,0.03203220,0.02620578,0.03104621,0.02466960,0.03356187,0.03407268,0.04700450,0.03187340,0.03875504,0.04426630,0.04445927,0.05193251,0.04099185,0.05553312,0.06008992,0.06077005,0.05741561,0.06036100,0.06083004,0.05957215
0.03885060,0.03154594,0.03696808,0.03907955,0.04303835,0.04718860,0.04208050,0.04346864,0.03435539,0.03931981,0.03465712,0.03053899,0.03102560,0.02414513,0.02818373,0.01159833,0.02491424,0.02421580,0.02126177,0.02572299,0.02282400,0.02375104,0.02838064,0.02796993,0.04296677,0.04898476,0.05150851,0.05611361,0.06109746,0.05526416,0.05182915,0.05607216,0.05577722,0.05319518,0.04903690,0.05212791,0.07215440,0.08239436,0.08892734,0.08198094,0.10037493,0.10596542,0.10418163,0.09418001,0.10504286,0.09810488,0.08628957,0.08446831,0.08884707,0.05369748,0.05361281,0.05135905,0.04464334,0.05140739,0.04386503,0.04753868,0.05007468,0.03889043,0.05360471,0.04743015,0.04231360,0.05689637,0.03954240,0.04259283,0.05724683,0.04543104,0.05053811,0.05359235,0.05541464,0.06106385,0.06153932,0.05863821,0.06940165,0.07609090,0.08184715,0.09508930,0.12256818,0.11652333,0.13346837,0.13834069,0.14695536,0.16014575,0.15924616,0.17974998,0.20852542,0.25725396,0.30874093,0.33758182,0.38481288,0.43254015,0.46359846,0.52222628,0.52140846,0.51656192,0.54517670,0.53989153,0.52789365,0.48850223,0.47130353,0.46347024,0.44530595,0.38988294,0.36554330,0.31633841,0.27633570,0.24241795,0.20872185,0.18943023,0.16725101,0.15927059,0.15136208,0.15960267,0.18581673,0.17720015,0.21454549,0.22454162,0.23611935,0.22319939,0.22179307,0.20561708,0.17105739,0.16216750,0.14003887,0.12112622,0.11365437,0.11119956,0.10714689,0.11707488,0.12069481,0.11949838,0.13656825,0.14097544,0.15670656,0.17767962,0.20467352,0.19953943,0.22750092,0.23298746,0.21979099,0.24194972,0.23321455,0.24507896,0.23682624,0.23344547,0.23738737,0.23098216,0.21128651,0.20482347,0.19083800,0.18982962,0.20186217,0.19925385,0.20572424,0.20881979,0.22267159,0.23534007,0.23777503,0.21368523,0.21061406,0.19879869,0.17249550,0.15282010,0.14353273,0.13069426,0.13033936,0.11420773,0.11383730,0.11603951,0.10463191,0.10587257,0.11837153,0.11323698,0.11554432,0.13684116,0.11156245,0.11558896,0.14129880,0.14649286,0.16412136,0.16768905,0.19708246,0.20965798,0.21600623,0.23875000,0.22896944,0.26764177,0.27464277,0.28843363,0.28517037,0.27627881,0.28484208,0.26079696,0.25056926,0.24801471,0.24408302,0.21829090,0.21504786,0.20673383,0.20006358,0.18988502,0.20812798,0.19872537,0.21513004,0.23103945,0.22577876,0.27780391,0.31016004,0.32775526,0.35593155,0.40335400,0.43582318,0.46924264,0.52408874,0.58558979,0.58473003,0.63649496,0.64438159,0.67402927,0.68004114,0.70700644,0.68406821,0.65407998,0.61963328,0.56700541,0.52013141,0.47485979,0.43760518,0.38137142,0.36839314,0.34566400,0.31355242,0.31106961,0.29185880,0.28762668,0.27398986,0.28950909,0.27236586,0.28332980,0.26522065,0.25552757,0.24886769,0.24512135,0.23247225,0.21231761,0.21293148,0.22652937,0.24303878,0.27746632,0.29696488,0.34732083,0.38354997,0.44117715,0.47805046,0.51989833,0.55224208,0.56698337,0.59095583,0.60825057,0.59024227,0.57628280,0.54834700,0.51840032,0.51032761,0.47952089,0.46952147,0.45391339,0.45089203,0.44253903,0.41669054,0.41461936,0.39948864,0.36137426,0.31982404,0.29115268,0.26508541,0.22264820,0.20986091,0.19576872,0.19560083,0.17703840,0.17613630,0.17392025,0.16812095,0.18676713,0.18207765,0.18149891,0.18701367,0.18070499,0.18187869,0.18624011,0.17896743,0.19793285,0.19752990,0.20255936,0.20970206,0.21251708,0.20729401,0.21157993,0.21908716,0.20911894,0.22402999
0.05225367,0.05016677,0.04523015,0.05193242,0.05063355,0.06211544,0.04303313,0.05183302,0.05536449,0.05090844,0.03628587,0.04311329,0.04958027,0.04579843,0.03407581,0.04558781,0.05433003,0.03355234,0.05307141,0.05307100,0.04664733,0.04360619,0.05478837,0.04648765,0.04680853,0.05605972,0.05959515,0.07173276,0.07644330,0.08135991,0.06174499,0.07142717,0.07439201,0.07798169,0.10064917,0.10486123,0.13423957,0.17491527,0.19243137,0.21647731,0.23412479,0.24835181,0.25048183,0.24084401,0.21936560,0.20918154,0.16638723,0.14769697,0.12839275,0.10938454,0.08760372,0.08095965,0.07181150,0.06198732,0.06251705,0.06079107,0.07975563,0.06047438,0.06056843,0.05682513,0.05601598,0.06979030,0.06572539,0.05711557,0.06459816,0.06357339,0.06554529,0.06660818,0.05868886,0.06932826,0.07224233,0.07897168,0.10649594,0.12848112,0.14728587,0.18663374,0.21996310,0.24239216,0.23379910,0.23397136,0.22602036,0.22053687,0.22022795,0.21084194,0.23733348,0.23929666,0.28039374,0.30500129,0.34560346,0.38562281,0.41006942,0.43906487,0.46061476,0.45832408,0.48827349,0.49499409,0.50110516,0.47780637,0.47774422,0.45406326,0.43467006,0.39035088,0.35789295,0.30612099,0.25844756,0.21998829,0.18537845,0.16420653,0.14374921,0.13727220,0.14043556,0.14106988,0.13087130,0.14318574,0.13970989,0.13839879,0.14762835,0.15056295,0.13407590,0.13131213,0.11998721,0.11334479,0.10507537,0.10484825,0.10653178,0.10275882,0.09661986,0.11073659,0.11897588,0.12795322,0.14347823,0.14856810,0.16575701,0.18051853,0.20354966,0.24301625,0.25097412,0.27958797,0.31358193,0.34309558,0.39610279,0.42191308,0.41290291,0.42516286,0.43064349,0.42980315,0.39694233,0.37557437,0.33653023,0.33862540,0.32043894,0.33284336,0.32132052,0.31719152,0.33154881,0.30583423,0.32863259,0.29579816,0.26192109,0.22597382,0.19946043,0.16785822,0.15297153,0.13015730,0.11749172,0.10476732,0.11729681,0.11235302,0.11929373,0.11544580,0.11475543,0.10531684,0.11895758,0.12255177,0.11651357,0.12937601,0.14835009,0.15949358,0.17361978,0.20086192,0.21305940,0.22583775,0.24483826,0.25589234,0.30459355,0.29991353,0.30227770,0.30616441,0.31086070,0.31597963,0.29942968,0.27386414,0.27956136,0.25473365,0.23822150,0.21882695,0.21168087,0.19618528,0.18676015,0.18199246,0.18405399,0.19166758,0.18663655,0.20102805,0.22514324,0.24361549,0.26933409,0.27024445,0.32309984,0.35196625,0.39707253,0.42962112,0.47491293,0.50934836,0.54968084,0.57284785,0.58180753,0.58745572,0.58410909,0.58714587,0.55505889,0.53865705,0.48524897,0.46434125,0.41525113,0.36776997,0.33715307,0.29799811,0.26196713,0.26230644,0.23972120,0.22359313,0.23082573,0.21969498,0.22199489,0.20725958,0.21411602,0.19750701,0.20908850,0.18257498,0.19374787,0.18257567,0.17831036,0.18139986,0.18749353,0.18593500,0.21398988,0.22311344,0.25837696,0.30897842,0.34208473,0.40290258,0.43662717,0.50770722,0.55695911,0.57261977,0.60581108,0.64334201,0.65677702,0.69434390,0.66388289,0.68422334,0.68727262,0.66209076,0.65818641,0.66070283,0.66826963,0.66905220,0.64865461,0.60966085,0.55391285,0.51861212,0.43613348,0.38705266,0.31845184,0.27544428,0.22044569,0.20403468,0.19212358,0.17482297,0.15607418,0.16794984,0.16391408,0.15690930,0.16010008,0.16256507,0.17343213,0.15695176,0.18590969,0.18991181,0.18974733,0.18692910,0.17665009,0.19767112,0.19794675,0.19805234,0.21025709,0.20343637,0.19594493,0.20674044,0.20778449
0.00839244,0.00943601,0.00725905,0.01429499,0.01078718,0.00978140,0.00887230,0.00486937,0.01042497,0.01058303,0.00610065,0.00981549,-0.00983483,-0.01027453,-0.00978496,-0.01416632,-0.00896432,-0.01451996,-0.01456600,-0.02903885,-0.00816671,-0.00881058,-0.00479290,-0.00943625,0.00399915,0.00552533,0.02165388,0.01265167,0.02568465,0.02364081,0.01587539,0.02313091,0.01231300,0.01983393,0.02432058,0.01727574,0.03191614,0.05110717,0.06684123,0.07453763,0.09114008,0.08591075,0.10311893,0.09206344,0.09651414,0.06894265,0.06379740,0.04801070,0.03919475,0.02324611,0.01780205,0.01109307,0.00446801,0.00836930,0.00891927,-0.00127583,0.00011602,0.00386196,0.00713485,-0.00758886,-0.00213596,0.00391290,0.00889776,-0.00004253,0.00849786,0.00315907,0.00847839,0.00228240,0.00784287,0.01479241,0.01099239,0.01769248,0.02094316,0.02728495,0.04479820,0.05743395,0.06116620,0.11684010,0.15473098,0.04524165,0.14003573,0.14124829,0.12072980,0.15748169,0.10086305,0.18387416,0.26948971,0.29884780,0.38363748,0.42046453,0.44366751,0.45436876,0.45261421,0.46252305,0.43261249,0.41464601,0.37916242,0.33328762,0.32572335,0.28894920,0.27692460,0.25072192,0.22994773,0.20857965,0.20232156,0.16641496,0.13762587,0.11304211,0.10611753,0.09154004,0.10383358,0.10354248,0.10513949,0.12152103,0.15357130,0.15727389,0.16677998,0.16482471,0.16119616,0.12955625,0.11156309,0.10002204,0.08203180,0.06189735,0.05635649,0.05583394,0.05320473,0.04231961,0.05354758,0.06984767,0.07108331,0.09183460,0.11059727,0.12573559,0.14185025,0.15229947,0.17243683,0.18234056,0.19416886,0.21331067,0.22809328,0.22654408,0.22394984,0.22874872,0.20579352,0.20423483,0.18831252,0.17606027,0.16097535,0.13577828,0.12117589,0.10971907,0.10239303,0.07719594,0.08140953,0.07442878,0.05841690,0.06226096,0.05174051,0.05666344,0.04840765,0.03403897,0.03480423,0.02783950,0.02439947,0.02461388,0.03140111,0.02809929,0.03946575,0.03806751,0.03553296,0.02807685,0.03286473,0.05221791,0.05260759,0.06729088,0.06820451,0.08334572,0.10247090,0.12175424,0.14185165,0.16780175,0.19405117,0.22869862,0.24434354,0.26154972,0.26564632,0.27976842,0.28341149,0.28314719,0.27779889,0.27061552,0.26402492,0.22848428,0.20467264,0.18229498,0.17996268,0.15114156,0.13745555,0.13776145,0.13412864,0.12733937,0.13340474,0.14593720,0.16956103,0.18570885,0.20130915,0.23191492,0.25458613,0.27599738,0.28542160,0.32019893,0.32180309,0.35712257,0.37611950,0.38053699,0.39981785,0.41909498,0.42065369,0.41248586,0.39608196,0.38161170,0.36709301,0.34591162,0.32040806,0.27545901,0.26288450,0.24534687,0.21630919,0.19803482,0.19701040,0.19859631,0.18066692,0.18594034,0.19328006,0.18775507,0.18959178,0.19018019,0.17157518,0.15541603,0.15511613,0.14197408,0.13758562,0.12182784,0.12019473,0.10972554,0.11486025,0.13537118,0.15160121,0.17720536,0.19738318,0.22242198,0.25523997,0.29463343,0.29721906,0.33192470,0.33826592,0.35216569,0.37296323,0.37324688,0.36564432,0.35403748,0.33964855,0.31084464,0.29659006,0.27147834,0.25745111,0.24941039,0.23975948,0.22952832,0.19867509,0.18029592,0.17535637,0.14820503,0.12353578,0.10798082,0.09192766,0.07309769,0.07888580,0.07143969,0.06179566,0.06078339,0.06796535,0.05392528,0.06234519,0.07280346,0.06496258,0.07065827,0.07994355,0.08774648,0.09369051,0.09435653,0.08552352,0.10268750,0.10326370,0.10163259,0.11412611,0.11723748,0.12209585,0.13027537,0.12078394
0.03746995,0.02939853,0.03437809,0.04043901,0.03049954,0.03597789,0.03417076,0.02916807,0.02539048,0.01324100,0.02341950,0.00978628,0.01509621,0.01341282,0.00629613,0.00669643,0.00956467,0.01306033,0.01601288,0.01188436,0.01116227,0.00953076,0.01699911,0.01133941,0.01422603,0.02267276,0.02675086,0.02467036,0.03081312,0.03132001,0.03536652,0.02608961,0.02721447,0.02735068,0.05316277,0.04641639,0.06267559,0.07736456,0.10913476,0.12752276,0.14785162,0.16104742,0.16930066,0.17250304,0.16310260,0.14911607,0.12558700,0.09733869,0.06720931,0.07008931,0.04816104,0.04623083,0.02198152,0.02089565,0.02035266,0.01228948,0.01772687,0.01513076,0.02230320,0.01589139,0.01709011,0.01633212,0.00502727,0.01121058,0.01436313,0.01590359,0.01209036,0.01299406,0.01246107,0.01609875,0.02040993,0.03024030,0.04216002,0.04130366,0.06756216,0.08414998,0.11050982,0.14906929,0.16327331,0.16518531,0.16271202,0.17261032,0.17657125,0.17866453,0.18870119,0.21504576,0.24863298,0.28958330,0.30099412,0.34370652,0.34679989,0.35577820,0.35688237,0.36757554,0.34023242,0.32173555,0.30144958,0.28777758,0.26136811,0.23788854,0.24016591,0.22995560,0.19721143,0.18878453,0.15310440,0.12015370,0.10258101,0.08650419,0.08388829,0.06110879,0.04904358,0.04368906,0.03639962,0.04347118,0.03241048,0.03048814,0.02840795,0.04454481,0.03699112,0.04859816,0.03862903,0.02422562,0.04124242,0.03194360,0.03136848,0.03814936,0.04186329,0.04100117,0.03933668,0.04994737,0.06023792,0.07174822,0.08945003,0.10436834,0.12388107,0.13838592,0.15140281,0.18198384,0.19904794,0.23195403,0.25000669,0.26584925,0.28854962,0.29563435,0.28765208,0.27787932,0.27782893,0.24439121,0.23953661,0.20866493,0.19249312,0.15873448,0.14228605,0.13106164,0.11978143,0.11035942,0.09848463,0.08885162,0.07916268,0.07455950,0.06480395,0.05857758,0.04048216,0.04420016,0.02853622,0.02918127,0.02452569,0.02499430,0.03643390,0.03216391,0.03482922,0.04118117,0.03877935,0.04541706,0.05672475,0.07333046,0.07482578,0.09889708,0.12364231,0.13554407,0.17768370,0.20560168,0.23460143,0.28490616,0.30145912,0.33311534,0.35851555,0.36830649,0.37170230,0.38522735,0.35449784,0.36029235,0.32605270,0.29593041,0.27796136,0.24372829,0.21064479,0.18523666,0.15963429,0.14891099,0.13005234,0.11812236,0.11925048,0.11091485,0.12372231,0.12598345,0.13025704,0.13912599,0.15429269,0.17059992,0.18008062,0.19542051,0.20322211,0.22015691,0.22472973,0.21728084,0.21156670,0.21914420,0.20841068,0.21789501,0.19886688,0.17572508,0.17753161,0.16709250,0.13556084,0.13600684,0.11961947,0.10311215,0.10796238,0.09675864,0.10563051,0.10401935,0.10921706,0.10868888,0.11344760,0.12557587,0.13183726,0.11259366,0.11049706,0.11169906,0.09901995,0.08478483,0.08046818,0.07656111,0.06159014,0.07134965,0.06606784,0.06544835,0.06938515,0.07547827,0.08748387,0.10774693,0.12119418,0.14884414,0.16772750,0.20501346,0.22905503,0.27115696,0.30345598,0.32091680,0.34553401,0.36458667,0.36846625,0.37472635,0.38277170,0.35389115,0.35904697,0.34382387,0.34745391,0.33107010,0.31319425,0.28383639,0.25328669,0.23691413,0.18893564,0.14823511,0.12192431,0.09617003,0.09035622,0.06913488,0.06323670,0.05178106,0.07067234,0.05515189,0.06650729,0.06952060,0.07788238,0.07431205,0.08495806,0.09542859,0.09486550,0.10895476,0.11892819,0.11413046,0.12819200,0.13773580,0.12411621,0.12427292,0.14073061,0.13125352,0.14356447
-0.00487579,0.00773726,0.01643561,0.01464141,0.01643651,0.03150630,0.01941512,0.02430378,0.02418939,0.00984260,0.01310842,0.00073439,0.00281638,-0.00250571,0.00165627,-0.00070962,-0.00116780,-0.01159044,-0.00567915,-0.00972815,0.00691122,-0.00407699,0.00003425,0.00164114,0.01280467,0.01647986,0.03228082,0.03934065,0.03199127,0.03094641,0.03362033,0.02093118,0.02106833,0.01119317,0.03361708,0.01066059,0.03474131,0.04741410,0.06309920,0.06470956,0.07953286,0.08746176,0.08635375,0.08917355,0.07566691,0.07385514,0.05063805,0.03322693,0.03489718,0.01990867,0.00985398,0.01187506,0.00613746,0.00649099,-0.00502832,0.00383420,0.00639299,0.00294435,-0.00308285,0.00717937,0.00725031,-0.00367750,-0.00380415,-0.00037898,0.00493309,0.00139040,0.00137235,-0.00221574,0.00803735,0.01522490,0.00998185,0.02318601,0.02028589,0.04677922,0.03854649,0.06653560,0.07566273,0.09591120,0.08931419,0.10733167,0.12272076,0.13107987,0.14821573,0.17554435,0.20197774,0.25433558,0.31795528,0.34648792,0.43109806,0.47964735,0.50179657,0.53108126,0.54397741,0.52954609,0.51064208,0.49462777,0.48241466,0.41605786,0.40990663,0.39490504,0.34524200,0.31372844,0.27479264,0.24013730,0.21124130,0.18990560,0.15418493,0.14890790,0.13212190,0.14428819,0.16623891,0.18404782,0.22350713,0.24442003,0.27247508,0.29679648,0.30815146,0.26977762,0.26216961,0.20533513,0.18113390,0.14022043,0.11256652,0.08774014,0.06401323,0.07155713,0.06512263,0.06258698,0.08396813,0.09203562,0.10399179,0.12157575,0.13335474,0.15693201,0.15945796,0.18816205,0.20120582,0.21312727,0.21573768,0.21873044,0.22063073,0.24553238,0.22855461,0.21844346,0.19638882,0.19156485,0.16999153,0.14332374,0.14259806,0.11174385,0.10040879,0.09587801,0.08310822,0.05886392,0.06143511,0.05549541,0.07343535,0.05619039,0.04937710,0.05031296,0.04251457,0.03288158,0.04351743,0.04278639,0.03218922,0.02323912,0.03237958,0.03058660,0.03296802,0.03710703,0.03222680,0.03555898,0.03463101,0.02892301,0.03100972,0.03266826,0.03833930,0.03685844,0.04824660,0.06156227,0.05616261,0.06667282,0.06674811,0.07110897,0.08016403,0.08378108,0.07749363,0.08671306,0.08777864,0.09211617,0.08645044,0.07667142,0.07987901,0.07511541,0.07745628,0.08122559,0.07535084,0.08798295,0.10366735,0.10328342,0.11662855,0.13091586,0.15892405,0.18823315,0.21337176,0.23962964,0.29376585,0.32124369,0.35437491,0.38061025,0.44575757,0.48554456,0.51823208,0.57681646,0.62484130,0.67792557,0.70278886,0.69080987,0.71505458,0.72730058,0.70714274,0.66542349,0.60198756,0.58274523,0.52977618,0.47163367,0.43776595,0.39457869,0.34011402,0.31391371,0.28741566,0.28338518,0.27960641,0.25705845,0.26171014,0.25220288,0.23127033,0.22135360,0.21861555,0.18544160,0.18257403,0.17829204,0.15504190,0.16375226,0.16216644,0.19077157,0.21026350,0.25594878,0.28681392,0.34138818,0.38037022,0.43288941,0.46763039,0.51698746,0.53900384,0.54590234,0.53621082,0.55536638,0.53509481,0.50060371,0.46598367,0.41384146,0.39606476,0.35824474,0.31375373,0.28627090,0.26645621,0.24936609,0.22200582,0.20454130,0.20119989,0.18701732,0.16731156,0.12434206,0.11511873,0.09012881,0.08462165,0.07868220,0.06688335,0.04753150,0.05603122,0.05565203,0.06102581,0.04902893,0.06407708,0.05517119,0.06417288,0.05052820,0.07859601,0.06437138,0.06277065,0.06298151,0.07005560,0.06336231,0.06652718,0.06930376,0.07680325,0.06601237,0.06625011,0.06471161,0.06506193
-0.00328739,-0.00718092,-0.00696098,0.00474362,-0.00558480,0.00921240,0.00502928,0.00525669,-0.00174688,0.00554678,-0.01037102,-0.01306531,-0.01002528,-0.02339854,-0.01670684,-0.00745957,-0.02081878,-0.01189314,-0.02131712,-0.00907492,-0.01383169,-0.00989876,-0.00571175,0.00173717,-0.00273863,0.00842066,0.00849892,0.02285192,0.02268559,0.02429402,0.00956687,0.01525167,0.00723108,-0.00798534,0.00200438,0.00183359,-0.00028357,0.02095515,0.02137499,0.02870402,0.03498983,0.04375080,0.04215377,0.03833768,0.03865701,0.02824610,0.01949369,0.01561463,0.01189049,0.01049141,0.00314083,-0.00814859,-0.00029057,0.00230916,-0.00307266,-0.00661498,-0.00721474,-0.00861544,-0.00683509,-0.00616647,0.00393778,-0.00602407,0.00070457,0.00555722,0.00142233,0.00492383,0.00969270,-0.00412416,-0.00455312,-0.00240822,0.01331906,0.00696319,0.00401539,0.00318142,0.01278830,0.02527015,0.04030051,0.05133096,0.05583062,0.05828318,0.05018112,0.04945815,0.05363919,0.07686321,0.09128129,0.09966718,0.12040568,0.15989386,0.18520688,0.23397489,0.26243138,0.31813616,0.34970094,0.41826711,0.45430074,0.50649475,0.53920058,0.57098337,0.59143339,0.58798094,0.55445827,0.50808471,0.45260699,0.38942850,0.33745551,0.25450289,0.19969590,0.15552429,0.11886170,0.09365323,0.08407559,0.07994844,0.08053183,0.07287904,0.09104579,0.09664538,0.09123562,0.08734155,0.07417248,0.07464013,0.07576561,0.05304233,0.04801573,0.05429429,0.03624640,0.03956113,0.04274789,0.04416064,0.04703334,0.05893898,0.05418223,0.08395357,0.09832712,0.10879063,0.12352727,0.13323284,0.13918047,0.13322548,0.15513882,0.14967872,0.15124424,0.13837893,0.14139010,0.14067781,0.13402850,0.12264312,0.12777840,0.12232153,0.12663539,0.13993926,0.14506784,0.16676276,0.22353238,0.26254461,0.29389110,0.32159337,0.32094122,0.33001003,0.30193763,0.25805774,0.21114039,0.16613108,0.12973895,0.09247097,0.06186900,0.04263608,0.03462159,0.03733974,0.02356725,0.02611455,0.03648895,0.02957467,0.01852130,0.02694540,0.03005693,0.04206090,0.03393646,0.04325628,0.04685658,0.05206455,0.05010376,0.05756658,0.06234550,0.07528553,0.07855605,0.09961651,0.08783835,0.09835946,0.09261423,0.09518898,0.08896843,0.08951745,0.08948549,0.08428703,0.07008048,0.06964535,0.08398811,0.07849789,0.09117112,0.08649044,0.09533441,0.11035484,0.11936988,0.14249666,0.16243275,0.19231143,0.22318382,0.28555515,0.30248990,0.37197558,0.43134567,0.47358298,0.53396927,0.60062060,0.66618239,0.70694380,0.76508727,0.74262838,0.75752832,0.75372001,0.75525795,0.69139848,0.64069283,0.58938060,0.50780699,0.44801027,0.38207771,0.33686212,0.27654603,0.24895557,0.22250180,0.20672145,0.19392159,0.19331202,0.18760516,0.16351595,0.18692393,0.19330291,0.17251269,0.16010420,0.14489267,0.14064289,0.12065782,0.13296902,0.11209283,0.12620874,0.13166476,0.14760990,0.19493760,0.24143896,0.29659991,0.36140201,0.41906180,0.47836677,0.54147059,0.57813831,0.64353549,0.63509179,0.63152542,0.59959141,0.59644110,0.55342837,0.52412560,0.50819674,0.51506140,0.51353000,0.50584587,0.52270932,0.51630108,0.49290691,0.46178159,0.39675915,0.34138431,0.28608289,0.23015708,0.17595167,0.13467591,0.10712279,0.08581698,0.06344281,0.05557484,0.05629310,0.06790653,0.05617809,0.06516092,0.05472180,0.06174149,0.05547334,0.05311658,0.05910374,0.05611585,0.07365516,0.06251873,0.06348105,0.06537281,0.06282934,0.06450542,0.05956560,0.07401810,0.06610723,0.06775557
0.07363548,0.07429220,0.05898130,0.07492159,0.07046798,0.06024878,0.06540492,0.06226699,0.05797494,0.04945563,0.04506456,0.05041102,0.04434020,0.03539267,0.04053386,0.04424090,0.04484104,0.04277300,0.03812481,0.04006999,0.03183711,0.04680034,0.03535620,0.04379124,0.05085835,0.06072821,0.06187107,0.06232749,0.06388178,0.06463190,0.05446342,0.06452035,0.05114202,0.05611603,0.06252254,0.07624956,0.08524619,0.08438218,0.10227709,0.12023914,0.13893774,0.13388523,0.15984084,0.15634082,0.13916300,0.13186771,0.10439635,0.09215375,0.08081742,0.07430302,0.05839566,0.05568548,0.04169062,0.03950526,0.04676371,0.04417526,0.03813327,0.03090663,0.04026195,0.03969265,0.03819494,0.03901812,0.04025489,0.03644206,0.04661344,0.04625642,0.03052530,0.03999772,0.03685209,0.05307397,0.03240275,0.05483638,0.05286101,0.07149909,0.08460425,0.09418164,0.11535399,0.13353692,0.13439367,0.14705172,0.17750564,0.18478955,0.17377135,0.22085216,0.22021582,0.28103260,0.31607499,0.37605967,0.39937416,0.44053084,0.47562554,0.49006426,0.51964361,0.48560242,0.48288313,0.48671044,0.46067946,0.45505427,0.40441819,0.37285750,0.35724060,0.31518398,0.29220087,0.25386709,0.21567690,0.17782450,0.14024634,0.11767340,0.10822934,0.08543405,0.08114959,0.08999288,0.10514973,0.10431720,0.10869131,0.11727249,0.10957012,0.11575562,0.10044544,0.09500571,0.09305230,0.08215952,0.07555622,0.06250486,0.04952974,0.06564333,0.05686861,0.06097938,0.05990118,0.06790883,0.06997033,0.08894972,0.09961441,0.10465728,0.11728340,0.13299082,0.14915670,0.17467138,0.19002920,0.19410431,0.19762591,0.22006700,0.23017078,0.22311224,0.22799301,0.22617258,0.21939338,0.19186470,0.17318548,0.17452530,0.16225003,0.16623884,0.15400485,0.15194394,0.17436313,0.17868139,0.16314384,0.17320120,0.13547295,0.13765322,0.11367242,0.10005264,0.06587975,0.06883751,0.05993742,0.05064854,0.04029481,0.04562486,0.03480604,0.04080764,0.03591932,0.04686927,0.05303716,0.04726157,0.06159204,0.07684374,0.09090059,0.10956220,0.13052303,0.15748173,0.19175712,0.20969180,0.24704424,0.27809609,0.30023021,0.33827644,0.35902809,0.37098627,0.37056577,0.35708634,0.36292645,0.34099967,0.33187022,0.29868248,0.25872556,0.22412885,0.20269833,0.18822911,0.16507711,0.14141167,0.12184336,0.11797869,0.12197512,0.11735731,0.12123045,0.13754392,0.16054327,0.17160918,0.19842507,0.21940148,0.23931672,0.27899562,0.31474660,0.32673150,0.38387566,0.39974780,0.41453661,0.42131888,0.41371126,0.42118683,0.40087563,0.39650600,0.37336493,0.34051477,0.29785706,0.27429726,0.24153023,0.19652435,0.18628754,0.14482915,0.14641188,0.14923583,0.12682867,0.13610504,0.13398406,0.12746964,0.12799998,0.11802644,0.11345142,0.10711473,0.10101384,0.08942083,0.07757257,0.08373924,0.08353931,0.07839486,0.09888346,0.11626441,0.11127777,0.15508023,0.16803382,0.21595644,0.25554611,0.27857404,0.30699197,0.34179324,0.36843259,0.39546151,0.39864966,0.38374602,0.39095170,0.39535364,0.38150722,0.36443538,0.35317326,0.35327303,0.36193397,0.33692299,0.32948997,0.34630343,0.29905903,0.28253333,0.23442858,0.18992751,0.15358962,0.13363107,0.10265302,0.07901489,0.06103702,0.05586858,0.05884706,0.04701866,0.04859270,0.05485808,0.05253228,0.05047937,0.06443468,0.06138972,0.07187572,0.07715015,0.08758256,0.08954714,0.10017708,0.10187256,0.11410836,0.10598275,0.11856457,0.12461628,0.11790507,0.13270916,0.11746571
0.03645075,0.04011472,0.04447467,0.04143014,0.05521968,0.05047871,0.04555055,0.05008480,0.04665756,0.03907341,0.03880074,0.02367612,0.02645626,0.02756945,0.01189788,0.01745463,0.01826019,0.02094882,0.02014690,0.01305508,0.01174941,0.01787820,0.01695200,0.03692681,0.03292815,0.04656620,0.04318633,0.06449136,0.06514126,0.05528911,0.06739212,0.04866614,0.04983115,0.05061239,0.05948246,0.06872606,0.09453898,0.11532210,0.15280054,0.17232905,0.18337220,0.20227000,0.19935204,0.19876432,0.18896213,0.16595298,0.13306690,0.11641722,0.08172397,0.06589721,0.04761893,0.04500042,0.02071055,0.03888660,0.02170337,0.02718429,0.02482815,0.02261471,0.03223030,0.03066653,0.02402738,0.02351004,0.03278138,0.03085508,0.02435203,0.02678376,0.01846091,0.03090291,0.02842243,0.02835491,0.03704403,0.04371946,0.05849053,0.08263639,0.10065932,0.13434407,0.15972983,0.16878182,0.19035943,0.18534953,0.18258250,0.15643075,0.16131779,0.15071066,0.17224639,0.17177646,0.21563172,0.23712229,0.25846466,0.28717230,0.30600722,0.31984175,0.31291188,0.31526108,0.31239848,0.30051528,0.30900313,0.30134739,0.29582273,0.30798369,0.28511020,0.28307032,0.25806644,0.24733089,0.23032839,0.19636109,0.15166514,0.13873992,0.12717875,0.10667141,0.09420951,0.09451136,0.10394322,0.12175947,0.13040129,0.11596432,0.13746618,0.11836493,0.11386067,0.09360559,0.09156221,0.09406753,0.07726935,0.06308062,0.07564782,0.08148758,0.07386799,0.07734397,0.09737920,0.11004383,0.13452465,0.14921322,0.17800931,0.22067119,0.22793089,0.23980962,0.27704781,0.30593082,0.33639505,0.35169869,0.38428693,0.38881823,0.38140298,0.38332915,0.37482484,0.35725039,0.32808650,0.31609235,0.26578907,0.24219959,0.18570961,0.18744389,0.15126061,0.13505835,0.10686839,0.11095625,0.09785965,0.09235469,0.06941328,0.07011181,0.06607487,0.06408692,0.05396170,0.05467185,0.05845770,0.04923396,0.03861432,0.04544593,0.04991975,0.06133011,0.05703227,0.05539308,0.05835779,0.06022867,0.06780882,0.07490397,0.08693697,0.09209088,0.10373619,0.12074706,0.12519804,0.13593281,0.14827780,0.16690845,0.17330826,0.18629738,0.20219107,0.19615025,0.20026600,0.19395082,0.20611491,0.18621237,0.18277641,0.16332663,0.15541658,0.14552432,0.14261585,0.13967263,0.13720283,0.13041022,0.14695053,0.16797835,0.18577641,0.19965123,0.20863921,0.23850241,0.27257894,0.29717036,0.33084667,0.33909009,0.35427286,0.35415382,0.37811234,0.39445862,0.39112431,0.39508908,0.38373509,0.35915292,0.35785596,0.35307360,0.34684592,0.31867868,0.29762562,0.27952483,0.25217833,0.23002380,0.23164568,0.21661615,0.21153561,0.21586093,0.22163010,0.22213919,0.23912182,0.26466906,0.26117230,0.26476681,0.25035062,0.25764006,0.24176308,0.22509384,0.19800536,0.17615634,0.17370896,0.15701837,0.15823363,0.14918782,0.13963948,0.14891008,0.15203856,0.17989793,0.19988539,0.22494423,0.24941845,0.27347343,0.30679893,0.33673061,0.38598402,0.42263164,0.45656727,0.46453835,0.48769225,0.49292985,0.47633728,0.48237734,0.44641339,0.42192206,0.41402588,0.38010907,0.37878276,0.35366285,0.33089081,0.28034245,0.26266328,0.22904830,0.19484153,0.16638615,0.14317460,0.11140009,0.10588324,0.10446844,0.08361306,0.09358052,0.10526527,0.09140251,0.09715019,0.10367829,0.09555015,0.09040851,0.09015848,0.10419899,0.09472349,0.10687948,0.11278122,0.10536790,0.11587966,0.12222030,0.11669284,0.12246797,0.11201569,0.12291884,0.12923409
0.05456003,0.04228166,0.06750567,0.06656167,0.07331246,0.07021846,0.08099342,0.07561257,0.07097227,0.06441021,0.06393687,0.04765947,0.04127498,0.03575217,0.03558764,0.02472394,0.02756126,0.03741697,0.03374356,0.03712021,0.03997789,0.03457011,0.05279600,0.04751783,0.05283168,0.07821626,0.08670401,0.09516814,0.08353328,0.09862861,0.08695419,0.07387197,0.08026643,0.06906886,0.05556625,0.07096323,0.08455200,0.08755656,0.11144533,0.10518793,0.13115749,0.14225950,0.15357152,0.14013050,0.14096396,0.12369546,0.11648290,0.09643872,0.08614091,0.08465354,0.07138660,0.05593131,0.06214181,0.05176864,0.05127116,0.06317117,0.04873936,0.05401830,0.04138561,0.05795067,0.05572015,0.04956863,0.06761036,0.05529684,0.06519890,0.05415321,0.05999939,0.06337478,0.07009619,0.05565006,0.07135605,0.07048903,0.07976097,0.08662352,0.09646434,0.11661065,0.14171217,0.14283441,0.17523417,0.15739739,0.17419465,0.16944809,0.17475511,0.19378134,0.19779188,0.22900822,0.24386411,0.28265993,0.29970190,0.32631541,0.35335087,0.37034150,0.38652040,0.40167306,0.39716685,0.41624765,0.44888904,0.45452920,0.46987263,0.46581994,0.47846833,0.46741241,0.44419159,0.41115557,0.37220569,0.33056981,0.26328025,0.23631322,0.18661549,0.16472619,0.14770312,0.13447694,0.13824035,0.12809840,0.13248579,0.12424496,0.12901450,0.12934268,0.11631583,0.11539695,0.12697469,0.11299598,0.11348812,0.11184384,0.12077933,0.12994689,0.13283385,0.13905432,0.15686209,0.16745758,0.18520723,0.21543002,0.24891966,0.26368928,0.29993594,0.31385191,0.33796865,0.35372441,0.36462621,0.35856308,0.35974158,0.35057825,0.35030707,0.33234619,0.33979275,0.29940249,0.27521989,0.27012220,0.24091492,0.21944378,0.22444394,0.22542048,0.22001105,0.21709929,0.22440248,0.22540565,0.21275616,0.21737588,0.19244922,0.17820364,0.16947424,0.15233192,0.14637070,0.12980274,0.13363405,0.11665447,0.11350097,0.12130746,0.10895128,0.12358304,0.11976165,0.12768384,0.12877484,0.14489549,0.14662467,0.15766398,0.15729647,0.16143185,0.18834177,0.21382330,0.22604088,0.24261928,0.25948488,0.27524128,0.32443358,0.33115660,0.34836492,0.35808930,0.35913800,0.35887412,0.34988213,0.34467512,0.31563458,0.30232212,0.30825333,0.28822867,0.27018903,0.24289154,0.23746906,0.24350533,0.25365717,0.27509064,0.30033336,0.32282160,0.35341045,0.35804077,0.41821113,0.43855186,0.45329840,0.48544977,0.51915884,0.52295772,0.54181286,0.56053944,0.54446445,0.57386321,0.53964788,0.55184745,0.51527080,0.48888776,0.47005287,0.44513875,0.41699225,0.37042683,0.36154577,0.34480311,0.32273168,0.32407666,0.30317020,0.32347408,0.32547833,0.33322596,0.35808866,0.36168495,0.37887055,0.40853621,0.39363513,0.40026032,0.37682174,0.35218484,0.34453379,0.31315954,0.29415183,0.26316936,0.24567820,0.24240544,0.23350972,0.22590118,0.23076460,0.26077909,0.27247599,0.30631364,0.33242668,0.38472594,0.42334813,0.46477253,0.49022179,0.50104905,0.53744395,0.56698443,0.57729034,0.56405291,0.53583666,0.53576239,0.48866140,0.49642921,0.48570949,0.47974493,0.45888919,0.43688975,0.41431254,0.40469505,0.35311880,0.31644534,0.28970604,0.26200787,0.23725593,0.21242174,0.21566780,0.19384870,0.19658230,0.19109758,0.18050942,0.20177507,0.19067566,0.19878373,0.20707622,0.20036919,0.21247260,0.22011807,0.22188987,0.22116049,0.22681933,0.24092060,0.24825402,0.24111427,0.25476589,0.23634577,0.24832120,0.24412345,0.24669223
0.02980766,0.04576215,0.05522888,0.05575668,0.06676935,0.06749568,0.06960880,0.06912418,0.05741401,0.05682535,0.04348618,0.02835329,0.03174698,0.02233928,0.02054912,0.02152724,0.01217238,0.00056219,0.00578171,0.02129165,0.01033288,0.02451321,0.03259805,0.02166709,0.04005111,0.04800762,0.05363934,0.06806696,0.07697934,0.07260226,0.06344671,0.05583039,0.05033235,0.03378519,0.03481078,0.01772732,0.01488942,0.01629301,0.02191168,0.02433132,0.02846990,0.03606754,0.02434646,0.02780518,0.02278895,0.02112597,0.01572430,0.02619469,0.01818589,0.02077731,0.01659642,0.02332355,0.01574579,0.02363322,0.01785025,0.02355576,0.01134386,0.02085497,0.02076471,0.01317804,0.02163428,0.02101422,0.01529583,0.02084848,0.02067283,0.01875575,0.02445959,0.02181928,0.01834451,0.02755603,0.01259242,0.02114671,0.02843081,0.03107290,0.02633491,0.02239490,0.04677458,0.04308077,0.05430546,0.06211316,0.07778549,0.09699486,0.12226620,0.14836561,0.18498892,0.21214645,0.26655254,0.30050182,0.32019506,0.37419015,0.40531889,0.41482175,0.41763570,0.45688747,0.45693414,0.47380459,0.45896720,0.45875870,0.48205524,0.45797073,0.46655164,0.45506572,0.41426554,0.38608265,0.33054222,0.26689947,0.24679004,0.18121957,0.13928419,0.13316678,0.11025395,0.11297235,0.11050237,0.11710877,0.13530952,0.13839263,0.13766282,0.13364156,0.11384657,0.11530324,0.09979164,0.08848100,0.06473345,0.07485598,0.06230739,0.06427097,0.06578540,0.07741785,0.10229479,0.11299397,0.13297313,0.16669414,0.18962097,0.21437724,0.21864113,0.22327488,0.23638189,0.23243871,0.21399044,0.19410998,0.19139958,0.16421356,0.14175716,0.12779717,0.12636959,0.09691645,0.09010135,0.07447437,0.07838836,0.06876489,0.08238082,0.08387484,0.10843062,0.11984932,0.12948952,0.13852496,0.13456228,0.12770154,0.12663470,0.10801104,0.08522915,0.07254576,0.05822675,0.04827258,0.04767264,0.04085565,0.03207795,0.02795781,0.03592618,0.03955535,0.04245567,0.04899769,0.03901785,0.05178605,0.05821151,0.06868847,0.07904552,0.08865617,0.10711336,0.12360531,0.13144394,0.16040220,0.18594166,0.20965939,0.21540823,0.23684150,0.24975574,0.26364989,0.26023154,0.25843399,0.26696051,0.24024457,0.21902829,0.21730295,0.19575781,0.19166476,0.17059784,0.15571525,0.14862316,0.16141829,0.17124876,0.18540697,0.21660032,0.24088752,0.25996411,0.29189899,0.32773594,0.37103464,0.40885703,0.44623273,0.45114566,0.50764021,0.52634583,0.54445984,0.55293337,0.57878698,0.54401056,0.56008743,0.53375921,0.51191338,0.50875341,0.46229652,0.41020897,0.39289602,0.35088994,0.33107758,0.28568016,0.26742697,0.25192670,0.25619397,0.26237032,0.26685179,0.29289352,0.29540566,0.28537106,0.28710446,0.30424450,0.30332845,0.28505152,0.26821149,0.24860027,0.22080317,0.19333147,0.16613703,0.15894243,0.14759875,0.14164750,0.16163269,0.16751172,0.19246887,0.22047481,0.25692149,0.29534544,0.31950642,0.36373261,0.39229540,0.40985621,0.43171410,0.41850935,0.40834689,0.41115047,0.36232982,0.33872803,0.31349127,0.28177195,0.25656704,0.24791562,0.23222790,0.20632914,0.19725516,0.17768812,0.15552420,0.13286364,0.12446932,0.09810972,0.08897794,0.07833713,0.06223139,0.06200751,0.05748966,0.05716562,0.05525010,0.04872420,0.05096807,0.06382664,0.07589748,0.06672643,0.07515593,0.07489963,0.09288106,0.09514080,0.08979860,0.09118021,0.09619680,0.10511472,0.11265546,0.11391303,0.11195491,0.11273653,0.11283942,0.11153316
0.04813677,0.03781725,0.04451111,0.04231804,0.05178716,0.05108638,0.05577130,0.05423052,0.04740977,0.03423992,0.03128484,0.02571008,0.01714697,0.01639759,0.01435761,0.00736960,0.01350124,0.00946615,0.00890503,0.00893317,0.00777993,0.00639172,0.01425428,0.01251858,0.02589006,0.03801177,0.03859502,0.04905120,0.06297073,0.06567345,0.05366532,0.03955950,0.04111140,0.03933995,0.04857007,0.07201348,0.08664315,0.12060576,0.14764768,0.17081172,0.19929237,0.21344707,0.23353338,0.20736333,0.19970253,0.17629540,0.14804521,0.10632762,0.09032614,0.06472659,0.03743894,0.02801058,0.01926926,0.01064453,0.01170450,0.00422929,0.00415593,-0.00105383,0.00240822,0.00796010,0.00544169,0.00162200,-0.00231622,0.00642133,-0.00441927,0.00087968,0.00798779,-0.00103018,0.01017450,0.00819515,0.01715691,0.01307273,0.03380073,0.04899574,0.08268338,0.10512297,0.14181317,0.16928095,0.19087276,0.18101272,0.16517009,0.13952854,0.12670020,0.10191677,0.10008777,0.12979123,0.12791131,0.13728938,0.15651390,0.16185875,0.18019012,0.19562416,0.20274386,0.20931017,0.22736381,0.23781784,0.26019695,0.27887883,0.27986894,0.28757173,0.28138078,0.29544757,0.26950740,0.24325893,0.22439810,0.19218736,0.15051824,0.10714152,0.07589709,0.05530116,0.03419408,0.03207583,0.01144551,0.01438270,0.00885066,0.01053299,0.01015298,0.01459688,0.00058759,0.00741954,0.00546677,0.01111230,-0.00285819,0.01068572,0.01120953,0.02182618,0.02440261,0.03626587,0.04672055,0.06270599,0.08514560,0.10955817,0.13811161,0.16535252,0.18554652,0.20938589,0.25211852,0.26662228,0.30070429,0.34150879,0.34867714,0.36175120,0.38607657,0.37513012,0.38900539,0.35536021,0.35386913,0.31791386,0.26223053,0.22339417,0.19785686,0.16435395,0.14760240,0.12695438,0.12331918,0.12355360,0.10457296,0.09602390,0.07525177,0.06202113,0.04522592,0.02811294,0.02878100,0.02592550,0.00628222,-0.00038829,-0.00644250,-0.00314808,-0.00646620,-0.00474679,-0.00021633,-0.00177409,0.00650550,0.01504729,0.01369607,0.00293495,0.01611557,0.02631243,0.04096275,0.04678822,0.06832168,0.08298706,0.10865529,0.11803736,0.12344502,0.14662944,0.15862024,0.16023353,0.15641218,0.15915650,0.15388411,0.14125379,0.14042436,0.12686985,0.10637654,0.09712116,0.08970766,0.07985953,0.08022021,0.07896175,0.08401691,0.09810710,0.09875951,0.12364141,0.14497336,0.17384696,0.19065762,0.21497782,0.25204193,0.25581734,0.26163983,0.29299253,0.31059815,0.29113243,0.30321398,0.28813764,0.28231514,0.26275377,0.27159701,0.22671377,0.21230589,0.19562893,0.15901784,0.15750778,0.13550858,0.10291761,0.10100121,0.08697014,0.10797079,0.09712868,0.11618107,0.13150523,0.14140465,0.15642995,0.17065319,0.16998979,0.17075151,0.17157419,0.16664266,0.13320910,0.12872172,0.10333398,0.09069295,0.07033124,0.05711183,0.04632362,0.03928134,0.03822781,0.04354251,0.05101215,0.06583516,0.09204008,0.12852197,0.15407253,0.20623200,0.24550749,0.29132273,0.33536415,0.37928073,0.42508560,0.44413793,0.46771806,0.49304562,0.48476848,0.46360298,0.44079782,0.41575727,0.40556955,0.41378403,0.39240819,0.35707067,0.31006080,0.27816973,0.21191415,0.16353499,0.11694804,0.08605338,0.04844954,0.02585227,0.02269143,0.01372579,0.00362878,0.00918444,0.00357666,0.00331328,0.01258904,0.00629777,0.01567422,0.01909560,0.02176638,0.01313382,0.00882893,0.02636476,0.02963245,0.03469231,0.03674313,0.01457381,0.03046565,0.03140222,0.03730543,0.05201412
0.06839463,0.06155882,0.06187108,0.06647064,0.06226497,0.06369077,0.06607429,0.05875616,0.05193627,0.05087929,0.04491719,0.05160938,0.04682175,0.04424863,0.03379833,0.04107132,0.03879382,0.05119915,0.04939613,0.03993253,0.04152623,0.04730916,0.03988246,0.04074082,0.05449174,0.05221495,0.06257334,0.05582467,0.05285813,0.07049126,0.06982296,0.05398533,0.05748032,0.05417307,0.05716975,0.06564965,0.06672709,0.07052993,0.10518347,0.10940569,0.11058644,0.11808157,0.12464827,0.13300461,0.11636441,0.10819045,0.09339729,0.08048243,0.07726422,0.07619493,0.06308403,0.05581505,0.04977095,0.04933447,0.05141153,0.04443622,0.05643894,0.04527442,0.04303655,0.05379775,0.05259065,0.04955287,0.04250429,0.04777692,0.05439931,0.04533351,0.04162532,0.05728338,0.04757028,0.04701884,0.04681798,0.04637695,0.05694362,0.07163073,0.08323365,0.09462939,0.10418198,0.12962824,0.13613263,0.14713982,0.15443696,0.14878592,0.18231289,0.19854896,0.20760097,0.26998555,0.30355706,0.36485114,0.40003409,0.44451589,0.47435266,0.51420574,0.52166214,0.54206884,0.53916089,0.54958809,0.51007911,0.48098482,0.46522766,0.43526061,0.40723336,0.34475138,0.30002807,0.26785388,0.23448860,0.20276387,0.17710203,0.14827277,0.13365980,0.13092152,0.13109575,0.14156223,0.17102415,0.18083771,0.18372953,0.20631730,0.22222624,0.21103372,0.19993630,0.18763423,0.15244533,0.13523400,0.12349901,0.10481211,0.09340799,0.07784604,0.07565310,0.06656924,0.08115575,0.08439944,0.08993693,0.09671864,0.12030897,0.12407938,0.14002180,0.14330710,0.16620968,0.17668224,0.18293566,0.18972193,0.19976844,0.20750204,0.21731376,0.20447948,0.20562813,0.20596069,0.19421398,0.17440282,0.17836193,0.16452463,0.15858398,0.15875362,0.16876877,0.17943733,0.17822178,0.19761219,0.20297963,0.18930709,0.16975181,0.15489070,0.14420362,0.11531792,0.10067517,0.08621048,0.07083865,0.06851498,0.05969662,0.06216413,0.07018065,0.05322723,0.06319503,0.06425742,0.07946576,0.07987408,0.08195199,0.08730779,0.10011824,0.09226206,0.11298978,0.13635586,0.15354899,0.16227042,0.17407673,0.18410245,0.20908630,0.22848668,0.23656976,0.24845002,0.25024869,0.24249498,0.23773369,0.21135830,0.21323669,0.19574763,0.18039468,0.17529038,0.16311051,0.15460424,0.13357948,0.13311046,0.12884312,0.13732998,0.15684540,0.14281194,0.16449235,0.18997564,0.22010416,0.23838795,0.26370664,0.30455029,0.35548634,0.37581985,0.43449566,0.48503034,0.50035647,0.56015770,0.60078919,0.62925355,0.64263241,0.63864636,0.62921809,0.60072045,0.56394763,0.53533074,0.47429302,0.41813328,0.37443086,0.33401342,0.30370923,0.26477819,0.25573871,0.21275943,0.20160210,0.17560080,0.19765857,0.17804686,0.17136605,0.15874384,0.17657056,0.15378877,0.14537131,0.13710355,0.13345073,0.14037015,0.14219847,0.15652330,0.17480765,0.19006314,0.23357814,0.27041523,0.31650978,0.37670163,0.39976523,0.44407396,0.48057374,0.51418201,0.52942272,0.51661416,0.52197055,0.50416445,0.46070826,0.44808200,0.43548578,0.41656930,0.39430839,0.39090905,0.36797448,0.36843605,0.37333660,0.34461294,0.32222024,0.29053310,0.25438822,0.20987977,0.18271191,0.14813850,0.13731372,0.10953296,0.09842154,0.08716871,0.09634188,0.08386312,0.08895417,0.08759428,0.08312368,0.10226969,0.08974602,0.10163174,0.09877148,0.10606177,0.12113420,0.10735881,0.11094430,0.11529307,0.12397578,0.11366363,0.13159083,0.12654851,0.12348434,0.13614859,0.12487265
0.04282773,0.05624910,0.06379675,0.07842966,0.09647350,0.09160362,0.08420121,0.08845861,0.07327067,0.06029770,0.04859159,0.03956072,0.01994544,0.01459865,0.00965885,0.00747007,-0.00232407,-0.00060916,-0.00096694,-0.00582091,0.01176083,0.01053303,0.02916990,0.03944029,0.04381529,0.07461289,0.08600989,0.10114684,0.11197898,0.10663018,0.08464990,0.06703591,0.04087727,0.02897209,0.02400068,0.01632460,0.01723212,0.01842203,0.01212019,0.02788918,0.01630047,0.02535960,0.03031682,0.03678415,0.02281109,0.02126302,0.02031020,0.01090681,0.01619568,0.01019253,0.00670927,0.01376646,-0.00089281,-0.00447175,0.00817481,0.01658333,-0.00132163,0.00638675,0.01381486,0.01092087,0.00766952,0.00214628,0.01605122,0.01228218,0.01545975,0.00829720,0.01125467,0.01507562,0.00700428,0.01593993,0.01711750,0.01576228,0.01860315,0.01454771,0.02775256,0.01773482,0.02981911,0.03313794,0.04282855,0.05908362,0.06782778,0.09702298,0.11413231,0.12895952,0.16185496,0.19481116,0.22801910,0.26353085,0.29266497,0.31510594,0.32979294,0.33577928,0.32414364,0.33439434,0.33357900,0.34298876,0.36956912,0.35877088,0.38589581,0.42739205,0.44023254,0.45652630,0.47135673,0.42294976,0.38616348,0.33758482,0.26759722,0.21741205,0.18536199,0.13961466,0.10246708,0.09740604,0.07002843,0.07739447,0.09464155,0.08992436,0.08514781,0.08188721,0.08364168,0.06997731,0.06138187,0.06726826,0.04811739,0.05252118,0.04707277,0.06625843,0.07938065,0.09371163,0.12164866,0.16989676,0.20394202,0.22345927,0.27154927,0.28368124,0.31623943,0.34478705,0.34277136,0.34178562,0.31501203,0.30584996,0.26962337,0.23418478,0.19506461,0.17986896,0.13771856,0.10819233,0.11045047,0.06671041,0.06822084,0.04539255,0.05037065,0.04650806,0.03118061,0.02811127,0.02371275,0.02369854,0.01889012,0.01487301,0.01837565,0.02575411,0.01890412,0.02042160,0.01684854,0.01723301,0.01758070,0.03254767,0.01629842,0.01694787,0.02113705,0.02260000,0.01748705,0.03112303,0.02465672,0.02739692,0.04611376,0.04993802,0.06970407,0.08025646,0.09789705,0.11405706,0.14365111,0.15445253,0.17560616,0.20605708,0.22367048,0.24269848,0.25378722,0.25032912,0.27094578,0.26538469,0.24668387,0.25206605,0.23722255,0.19615436,0.19567135,0.18343176,0.17144906,0.17424715,0.17346813,0.20479745,0.20872581,0.23268605,0.26612330,0.30092105,0.35830912,0.39074439,0.47777535,0.48032973,0.54724536,0.55818586,0.54345994,0.57872812,0.56066475,0.54169034,0.51920859,0.46688016,0.45339132,0.41239559,0.37618664,0.34905438,0.29726061,0.27630846,0.25363765,0.23217822,0.21460489,0.19944756,0.20412257,0.20453686,0.22793520,0.25040721,0.29028732,0.33206809,0.37353218,0.40682861,0.43154717,0.42742045,0.43742429,0.44370165,0.42726549,0.36533803,0.32374866,0.28609725,0.25264577,0.19553197,0.16075112,0.14043470,0.12026697,0.11337274,0.11777603,0.11493305,0.12802686,0.14846556,0.17273150,0.19570490,0.21605685,0.25614873,0.28201856,0.31417356,0.35804183,0.34774504,0.34653879,0.32073149,0.28999347,0.27594080,0.22532742,0.16710421,0.14938730,0.12264353,0.09162902,0.07718373,0.07645170,0.05887644,0.06091146,0.04506869,0.04262835,0.04336838,0.03228158,0.03815720,0.03931131,0.03681421,0.03907782,0.04737888,0.04957271,0.05133096,0.04142350,0.04862924,0.06288354,0.06292329,0.05631488,0.06666813,0.06461647,0.07173817,0.09096333,0.08384732,0.08261420,0.09474709,0.10222609,0.09965037,0.08889398,0.10407457,0.09047069
0.04076292,0.05966121,0.04732844,0.04522103,0.05674969,0.05532974,0.05186103,0.04560870,0.04752824,0.04147188,0.03910948,0.03605621,0.03142350,0.02177375,0.02721468,0.02519631,0.01456630,0.02357261,0.02138198,0.02410377,0.01718512,0.02281965,0.02615193,0.02545824,0.04127594,0.04458634,0.05595248,0.05373952,0.05345209,0.05265863,0.04155260,0.04240400,0.04219769,0.04310409,0.03921306,0.03989825,0.04161425,0.04921274,0.04226644,0.05007517,0.05160651,0.03572845,0.05170512,0.05038095,0.05008110,0.04201568,0.03719783,0.03480295,0.03826948,0.03405538,0.03746095,0.02122980,0.03314821,0.03678174,0.02144260,0.02666460,0.01771608,0.01137438,0.01911255,0.02678654,0.02792655,0.02487015,0.03068869,0.02938486,0.03801037,0.02037135,0.02360346,0.02557186,0.02577412,0.02742760,0.04412527,0.03076055,0.03887149,0.03099192,0.03984641,0.05459578,0.06214561,0.05393266,0.08280012,0.08054569,0.08253947,0.10244030,0.11223717,0.12900681,0.16810942,0.20639787,0.24656935,0.26587608,0.31404447,0.36367589,0.41798414,0.46201181,0.48373674,0.51067894,0.56147884,0.57555194,0.60371674,0.61873404,0.60913731,0.57259375,0.53869392,0.49211690,0.46125267,0.40415356,0.32264035,0.26844555,0.21371641,0.17773547,0.14231354,0.12355499,0.12918905,0.12753504,0.12823600,0.14498655,0.14230060,0.15548271,0.14689556,0.14367886,0.14567280,0.11793367,0.10820490,0.08893355,0.07604001,0.07441030,0.06917251,0.05819249,0.08228697,0.08423753,0.07819094,0.09756975,0.10912905,0.11819109,0.12797046,0.14998941,0.15997808,0.17813333,0.17592075,0.16909233,0.16941862,0.16914816,0.16874285,0.14518786,0.14530881,0.14257471,0.11543772,0.12661161,0.10905242,0.11138026,0.11306580,0.13089826,0.15194899,0.18007439,0.23017585,0.22408110,0.26843690,0.28015451,0.29309758,0.27696566,0.25479562,0.22162861,0.17927102,0.15333388,0.10669721,0.08916285,0.07589294,0.07301563,0.05076171,0.04802991,0.05676786,0.05399595,0.04595784,0.06235743,0.05940412,0.05909855,0.06322858,0.07117344,0.07518621,0.08766923,0.09760806,0.10003058,0.10951839,0.14345398,0.14328970,0.17212721,0.17383209,0.16455709,0.19343752,0.19026591,0.18206529,0.19647589,0.18383188,0.18295057,0.18324972,0.17059544,0.15561669,0.14690072,0.14003306,0.13108222,0.12834118,0.13556035,0.14756224,0.15404715,0.17551232,0.20002062,0.22055023,0.26818663,0.30773653,0.34067047,0.37658042,0.41630536,0.46223780,0.55450059,0.59846187,0.64076500,0.67587562,0.73015793,0.77172996,0.77776575,0.75922229,0.79557062,0.73256192,0.66716762,0.63389519,0.57471330,0.51655957,0.45297545,0.38346731,0.35123519,0.30340323,0.28311133,0.26279741,0.25730991,0.24863561,0.24250518,0.26433332,0.23961747,0.23483917,0.23308909,0.22205970,0.21192620,0.17981924,0.17220293,0.17232724,0.16003341,0.16013553,0.15668253,0.17418915,0.20655307,0.25336540,0.30693366,0.36509769,0.40061579,0.47895886,0.53654577,0.57701302,0.60848103,0.61501888,0.62036799,0.57971901,0.59196528,0.54601149,0.52592950,0.47489005,0.44715875,0.47176052,0.42922106,0.43632176,0.44986085,0.44189055,0.39713202,0.36611056,0.32230835,0.28166821,0.22456612,0.19416821,0.16180830,0.12913246,0.11198461,0.11348968,0.09401568,0.08582893,0.09328692,0.09395022,0.08325204,0.08300712,0.09943986,0.10015225,0.10307453,0.10760729,0.09304115,0.09261732,0.11145599,0.11363175,0.11118567,0.11693216,0.10960368,0.10966911,0.11674158,0.12107884,0.12293376,0.11861659
-0.01208037,-0.01602225,-0.01284067,-0.01262713,-0.00364137,-0.00882262,-0.00384880,-0.02389487,-0.01686911,-0.01186277,-0.01248172,-0.00372268,-0.01316081,-0.01457370,-0.02167867,-0.01565691,-0.01865605,-0.01673588,-0.01272094,-0.01672272,-0.02794444,-0.01100887,-0.01853648,-0.01009930,-0.01141119,-0.00831963,-0.01128152,-0.01040369,-0.01010903,-0.00490752,-0.00199292,-0.01356972,-0.01707789,-0.00753701,-0.00571460,-0.00528535,0.00137875,0.00127403,0.00728616,0.01171791,0.01104956,0.01463180,0.01777611,0.01265352,0.02310032,0.01221251,0.00638476,0.00105434,0.00770887,0.00267367,-0.00799215,-0.01214885,-0.00327015,0.00068639,-0.01000900,-0.00480840,-0.00568072,-0.00703170,-0.00016675,-0.00330294,-0.01230144,-0.00615647,-0.01346653,-0.01169966,-0.01002737,-0.00793937,-0.00834086,-0.00437688,-0.00293601,-0.00298683,-0.00587210,-0.00081597,0.00341240,0.01268551,0.01024653,0.01882005,0.02189966,0.01387980,0.02573956,0.04797646,0.05695559,0.06123830,0.07353004,0.10877765,0.13755256,0.15125244,0.19922927,0.25097360,0.30305210,0.33636836,0.38024987,0.42899052,0.44997916,0.47910439,0.48775441,0.50495339,0.48746921,0.47502262,0.45291144,0.41612345,0.37468359,0.32629716,0.27075473,0.21819131,0.18255442,0.13567441,0.10538474,0.07507436,0.06772296,0.06060637,0.07470255,0.08173360,0.09448997,0.12394030,0.13404230,0.14275335,0.16384343,0.14829799,0.12175795,0.12742892,0.10178260,0.09328327,0.06996045,0.04000650,0.03494898,0.01527023,0.01764775,0.00818026,0.01390656,0.01522001,0.02121477,0.01602575,0.02973834,0.01555209,0.02301301,0.03223230,0.03584659,0.03219973,0.05198986,0.04850793,0.04671994,0.05152726,0.05681267,0.05688737,0.05160156,0.05775598,0.06244832,0.05277831,0.06237233,0.06847039,0.08393807,0.10931416,0.12044383,0.14836856,0.17845677,0.20603480,0.21464896,0.19969077,0.18263363,0.15348979,0.11982948,0.10046558,0.07322358,0.04961386,0.03271289,0.02531318,0.01317126,0.01389613,0.00598852,0.01243980,0.01664359,0.00552493,0.00953156,0.02209017,0.01690666,0.03060879,0.02244274,0.03559560,0.04201479,0.06065665,0.06498129,0.05730694,0.08875817,0.09545927,0.09931320,0.12056176,0.11547766,0.14092301,0.12483873,0.13295336,0.13872128,0.12660417,0.12369510,0.10543776,0.09830438,0.09476989,0.06630981,0.05613582,0.05556443,0.04442367,0.04305470,0.05310725,0.05178020,0.06154675,0.07564555,0.08993621,0.10626642,0.13784528,0.16584426,0.21636954,0.24354002,0.28965427,0.35190697,0.40633059,0.46731004,0.51049201,0.58653299,0.62323649,0.62297518,0.63786163,0.63239619,0.60459795,0.60306380,0.53038619,0.46832648,0.40649532,0.33663563,0.28898963,0.23847155,0.20245312,0.16470735,0.13584231,0.10770280,0.09008692,0.06442173,0.07446972,0.07049668,0.04364208,0.04796208,0.04153974,0.04815157,0.04834627,0.04658649,0.04732886,0.05724187,0.07389997,0.09812128,0.12848790,0.16334979,0.21672464,0.26640706,0.32210344,0.37684763,0.42710941,0.46046672,0.48784762,0.49017660,0.47915957,0.46596283,0.42351119,0.40816998,0.35381629,0.33325912,0.32131281,0.31051106,0.31124160,0.29954891,0.30772468,0.29346842,0.28698917,0.27038687,0.24677666,0.20748162,0.16976367,0.13016493,0.09930419,0.06833694,0.05832939,0.04598598,0.03080546,0.02536934,0.02385306,0.01897105,0.02915142,0.02390937,0.02106934,0.02423916,0.03479911,0.04232454,0.02755071,0.02789252,0.02835921,0.04314824,0.04808757,0.04558549,0.04528831,0.04361804,0.04793430,0.04613170,0.04718010,0.04973916
0.04000611,0.04519359,0.03897249,0.05069790,0.04167128,0.05802718,0.04487337,0.05334953,0.03926290,0.05208758,0.03698146,0.03388211,0.02192072,0.02345622,0.02036089,0.01717258,0.01633027,0.01746322,0.01825019,0.01278678,0.01586342,0.01563656,0.01446569,0.03009712,0.03289276,0.03068168,0.04725533,0.04994260,0.06291364,0.04310253,0.05042111,0.03888820,0.03514642,0.03497399,0.02446624,0.03347895,0.02549526,0.03759857,0.02743115,0.05480028,0.05392933,0.06436718,0.06627737,0.05607798,0.04899168,0.05781611,0.03424043,0.04391878,0.02936685,0.03604912,0.03095260,0.02219810,0.02102510,0.01078417,0.01557049,0.01531368,0.02409887,0.01753501,0.02153759,0.01576997,0.01301127,0.00822895,0.01657260,0.01863037,0.01600523,0.01089929,0.01065433,0.01866298,0.01505291,0.01460727,0.01991602,0.02509138,0.03378270,0.02921408,0.04258431,0.04535717,0.04414725,0.06528518,0.07248374,0.08593748,0.09968653,0.11086702,0.14030868,0.17053932,0.21290815,0.24017256,0.29191529,0.33580912,0.38524572,0.42277968,0.46766291,0.49884642,0.49112939,0.50429928,0.50353528,0.51094333,0.48533325,0.47999167,0.47047612,0.44932578,0.42260119,0.38768016,0.35236456,0.30054630,0.26826421,0.22315526,0.17516627,0.14103625,0.11408075,0.10133383,0.07827394,0.08217458,0.09651523,0.09149448,0.10370100,0.11242651,0.11743503,0.10668273,0.09011887,0.09645750,0.07943733,0.06160435,0.05579088,0.03962802,0.04087704,0.03165679,0.03223932,0.03444683,0.05897934,0.06133049,0.07293206,0.09669040,0.09160528,0.11663162,0.12676777,0.12923684,0.15706242,0.14745819,0.16553173,0.14876688,0.14324472,0.15095107,0.14762847,0.13093718,0.12961737,0.12224769,0.10482270,0.10025801,0.08358793,0.08241574,0.09063390,0.10394940,0.09689904,0.11089441,0.12044024,0.13691997,0.12800903,0.14853933,0.12510605,0.11461411,0.08093453,0.06861726,0.06145623,0.04132862,0.02479019,0.01578881,0.02122437,0.02485041,0.01800709,0.00931213,0.02513466,0.02089315,0.02800102,0.01960939,0.03340995,0.04657541,0.05786633,0.08445049,0.09422089,0.10665972,0.13927698,0.17570800,0.21146494,0.23417890,0.27648554,0.29907229,0.31554265,0.33080594,0.33070132,0.33213762,0.32952173,0.30817907,0.27621367,0.27418105,0.24281728,0.19846021,0.17313322,0.16876792,0.14625872,0.13449269,0.12080902,0.11727424,0.12849800,0.13905905,0.15639664,0.16330961,0.18999536,0.21661037,0.25126226,0.27946344,0.31207159,0.36594132,0.38135116,0.40974871,0.43882683,0.45801886,0.48452873,0.48615495,0.47752235,0.45628340,0.46757730,0.43142608,0.39765250,0.37167183,0.33217748,0.29081164,0.25086804,0.21559961,0.20089140,0.17640812,0.16580044,0.16851544,0.15704009,0.14827707,0.16274025,0.16792449,0.16555252,0.16410686,0.15399564,0.15111376,0.12106389,0.11350907,0.10139005,0.08743937,0.07121904,0.07964317,0.08099567,0.09722198,0.11464649,0.13431822,0.16793295,0.19754754,0.23965547,0.28485762,0.32150791,0.33085384,0.35423965,0.38130042,0.37337328,0.36835103,0.35961592,0.32874895,0.31795210,0.31115980,0.27646081,0.26902834,0.26582957,0.24650073,0.24882245,0.23107216,0.19905920,0.18493825,0.15347986,0.12422942,0.09227780,0.06395251,0.04207643,0.03841617,0.02046284,0.02024171,0.01642978,0.01930022,0.01636351,0.02226038,0.01325618,0.01780207,0.02046345,0.04193034,0.03801736,0.04336618,0.04687750,0.05513922,0.05662600,0.07074145,0.06952272,0.07757548,0.07276849,0.07792553,0.07318770,0.08217668,0.08205003
0.03350986,0.03859931,0.05033675,0.06736542,0.07254272,0.07142996,0.06822676,0.07699647,0.08290967,0.05891589,0.05237772,0.04068200,0.03423323,0.02657174,0.02765004,0.02482446,0.02154150,0.02033971,0.02444019,0.01104740,0.01782479,0.02063532,0.02197899,0.04139686,0.04332638,0.05381509,0.08450918,0.08372325,0.10184446,0.09038406,0.08058296,0.07848536,0.05516381,0.05350878,0.04202384,0.04605417,0.04372348,0.05294818,0.07058854,0.07566893,0.08360871,0.09116977,0.10332375,0.08815906,0.08550408,0.07262485,0.08241848,0.05853429,0.05588723,0.04380100,0.03626883,0.02557965,0.02451643,0.03177930,0.02436366,0.02729898,0.03427437,0.02667961,0.03856572,0.02402461,0.01563034,0.01936035,0.02621950,0.02222119,0.02733292,0.01703410,0.01864131,0.02731875,0.01945757,0.02872417,0.02453678,0.03288126,0.02602758,0.03270905,0.05203824,0.06129158,0.06548807,0.08859568,0.08702481,0.09882754,0.09871358,0.09291038,0.10565940,0.10342007,0.11345239,0.12887389,0.15917428,0.16978053,0.19615111,0.22628698,0.26580868,0.28958287,0.31752655,0.34291967,0.37342020,0.40438836,0.42866096,0.46292558,0.48022685,0.50102982,0.50287224,0.50489368,0.49600357,0.45996526,0.41116700,0.36413145,0.31137344,0.24771500,0.20385400,0.16764441,0.14003066,0.13039614,0.11204637,0.13576955,0.13844148,0.14475846,0.13722176,0.14125983,0.13854649,0.10975099,0.11551485,0.10695975,0.08512833,0.07964772,0.07015727,0.08663648,0.08162288,0.09372933,0.11134268,0.12835339,0.15404834,0.18032536,0.22156362,0.23670226,0.27623602,0.29911574,0.30773326,0.31393242,0.31976387,0.31276640,0.30870471,0.30382282,0.29221958,0.24960398,0.24272161,0.21548584,0.19753647,0.18657728,0.17555498,0.14365396,0.14123013,0.14057712,0.14322760,0.15397665,0.17347874,0.17419124,0.17610818,0.16941490,0.15180489,0.15399168,0.12753459,0.10774161,0.08365733,0.07152140,0.06089366,0.05409830,0.05460076,0.04567439,0.04400692,0.03674804,0.04685415,0.03766349,0.03295810,0.04879641,0.04370110,0.04120803,0.04244170,0.05027223,0.05326340,0.05388431,0.05920071,0.06383146,0.06051123,0.07287892,0.08166300,0.07864956,0.08680723,0.08071241,0.08652797,0.08204390,0.08758254,0.08149236,0.08736652,0.09184620,0.08307291,0.08125883,0.09719548,0.09462973,0.11553338,0.13327125,0.15575534,0.17967426,0.21064066,0.24581185,0.28417873,0.32810989,0.37561109,0.41315284,0.46148167,0.46288185,0.54358717,0.56497632,0.62287408,0.63321777,0.63832844,0.66112885,0.65762135,0.64000157,0.63509820,0.61188224,0.56819207,0.54754268,0.49932632,0.45336108,0.43791748,0.39019972,0.33831984,0.33068246,0.31453154,0.30128521,0.29398610,0.29435844,0.34171352,0.34021659,0.34788895,0.36950372,0.37859847,0.37242111,0.36035310,0.32483475,0.29584558,0.26560125,0.23269507,0.22307882,0.19361174,0.16197557,0.15899879,0.16265671,0.17297956,0.20648676,0.23449250,0.27910079,0.33049482,0.36750652,0.40078356,0.43885213,0.48052681,0.52606549,0.54841201,0.54172949,0.56011097,0.50851447,0.50186991,0.50185581,0.44851621,0.42761974,0.40501168,0.37863318,0.37421416,0.33310825,0.31310128,0.29012059,0.25167419,0.20937361,0.17220789,0.14741718,0.12304252,0.08855057,0.08510871,0.07392050,0.05715708,0.04723458,0.05328277,0.03890314,0.06774918,0.04200016,0.05694779,0.05657654,0.05444600,0.05264325,0.04111688,0.05251042,0.05586488,0.06160206,0.05849560,0.07234937,0.05407078,0.05923270,0.05236309,0.06071473,0.05063012
0.04885595,0.04224001,0.07396273,0.08308685,0.09157633,0.08173177,0.08416853,0.07877765,0.06758993,0.05943564,0.05553930,0.04501256,0.04297866,0.03049230,0.03065618,0.01853019,0.01963570,0.01670257,0.02779484,0.03323282,0.02898134,0.03379604,0.04531790,0.04821884,0.07100861,0.07795024,0.10645806,0.10951151,0.10429305,0.10492522,0.09025772,0.07869695,0.06020793,0.05932734,0.04822215,0.05168888,0.04736692,0.05272734,0.05704972,0.05770946,0.07719952,0.06827749,0.07700889,0.05757433,0.04747335,0.06023723,0.05129439,0.04700818,0.04254731,0.04033635,0.02593176,0.04322263,0.03975180,0.02976553,0.04394454,0.02480576,0.03287207,0.03738654,0.03283900,0.03848850,0.04261088,0.02876137,0.03775284,0.03474724,0.03108412,0.03556963,0.03357101,0.04131752,0.03573055,0.03475892,0.03568196,0.04991455,0.04660823,0.04604004,0.06471925,0.06078855,0.06898204,0.07256289,0.08698371,0.09395770,0.10081304,0.09812398,0.11093036,0.13216482,0.14765518,0.19886889,0.21538755,0.24048231,0.27991421,0.30163052,0.31042449,0.34538350,0.35491580,0.34918243,0.38628756,0.39097282,0.42849735,0.43376659,0.43361580,0.46534881,0.45734185,0.43928421,0.42939608,0.38179845,0.33966127,0.29354888,0.23776979,0.21509179,0.19884595,0.16431602,0.14660180,0.16535428,0.18673667,0.18853066,0.19351293,0.19498486,0.19680330,0.18533043,0.16666376,0.16340984,0.13580120,0.11202819,0.11437994,0.10341910,0.10224110,0.11196047,0.10422977,0.13076034,0.15839939,0.16368917,0.21018152,0.23876540,0.25951421,0.28579026,0.30063974,0.33608256,0.31564870,0.31331892,0.32347394,0.30227196,0.26903835,0.24300749,0.24854170,0.21555394,0.17458942,0.15520599,0.14787513,0.12453130,0.11966644,0.10670571,0.11383507,0.09937881,0.12020296,0.11218506,0.10073357,0.11211931,0.10994919,0.10042911,0.10464201,0.09574647,0.08502642,0.08290949,0.06056024,0.06366036,0.06796366,0.06891340,0.06834424,0.07068223,0.07222027,0.07211304,0.06600649,0.06697886,0.07298399,0.06862559,0.08282746,0.06739319,0.07834004,0.08425736,0.08824397,0.07494164,0.09153017,0.08764378,0.09422205,0.09651117,0.08788319,0.09945312,0.10050064,0.09835283,0.10648415,0.10026402,0.09962267,0.11091790,0.09817963,0.10433389,0.11628497,0.12310413,0.12804236,0.15246379,0.15829095,0.18483978,0.22318094,0.23572317,0.28141236,0.32975790,0.37299654,0.40186122,0.46276064,0.49697072,0.51932302,0.55677826,0.58181263,0.61433647,0.61538424,0.61465969,0.61928260,0.61958340,0.63423426,0.59080915,0.59095002,0.56446006,0.51876996,0.50162032,0.45741165,0.43815071,0.40410267,0.38796105,0.35917572,0.33893619,0.32999715,0.34154613,0.36463351,0.38048868,0.40096180,0.42784677,0.43660656,0.42227371,0.41571545,0.39374419,0.37078407,0.34614993,0.29873246,0.27603492,0.25438468,0.22986287,0.21333824,0.22270898,0.20993334,0.23946030,0.26335193,0.30051484,0.31579004,0.35537633,0.37972794,0.42420553,0.41931983,0.46650212,0.47290260,0.50117811,0.49108688,0.47507083,0.44927014,0.41547541,0.37546946,0.35054527,0.31395911,0.27685945,0.26617363,0.23536446,0.22089127,0.21397160,0.18585981,0.17953712,0.15630292,0.14962969,0.13195996,0.12352953,0.10644310,0.12301084,0.10089158,0.10018640,0.08918688,0.09876866,0.10917200,0.10666094,0.10371344,0.11802641,0.10562172,0.11531146,0.11015308,0.11796820,0.10559354,0.11497553,0.10688161,0.11188687,0.11589906,0.12433662,0.10624360,0.11482875,0.10969712,0.12706746,0.11049721
0.00835226,0.01705569,0.01229142,0.02786128,0.02778739,0.03848431,0.03494128,0.02709937,0.03095609,0.03655271,0.02891354,0.01673870,0.00539803,0.01106432,0.00221815,-0.00254995,-0.00252527,-0.00379224,-0.00790361,-0.00309510,0.00142923,-0.00365780,0.00205898,0.00826621,0.01305005,0.01837605,0.02761043,0.04516127,0.05729362,0.04895718,0.03285218,0.03924663,0.02744547,0.02500111,0.03415848,0.04241545,0.05701345,0.06676773,0.08415383,0.09779658,0.11598912,0.15346517,0.13419616,0.15652021,0.13959980,0.12144643,0.11260107,0.07610436,0.06983054,0.04956308,0.01985719,0.02517430,0.01014360,0.01511000,0.00636512,0.00906324,0.00906530,-0.00034247,0.00868751,0.00456029,0.01118026,0.01450152,0.02085142,0.01000695,0.01605477,0.00838829,0.00432643,0.01350001,0.01009807,0.01154076,0.01910073,0.01652952,0.02633457,0.03611792,0.05801101,0.08416974,0.10470942,0.11581268,0.13406358,0.13780670,0.14139659,0.12019688,0.13746585,0.13885354,0.13781638,0.16935066,0.17532694,0.21634298,0.26193421,0.27212665,0.30091013,0.30578991,0.34294015,0.33245537,0.34471934,0.32254988,0.32126029,0.32127256,0.30592741,0.32234937,0.31119834,0.31735344,0.28932557,0.27352387,0.24225160,0.23103153,0.18884656,0.15387150,0.13691549,0.12380379,0.09766905,0.10279852,0.11431750,0.12001882,0.13570571,0.14746953,0.14197317,0.15608700,0.14724154,0.11837586,0.10528038,0.10574323,0.06871205,0.07024300,0.06331455,0.05798381,0.06758278,0.06887130,0.07822011,0.09895313,0.11454768,0.13794295,0.15188732,0.19743780,0.21762037,0.22956866,0.26082303,0.26475862,0.28891639,0.29402588,0.30793763,0.31485824,0.32428440,0.32372656,0.30998262,0.28754365,0.29039847,0.25756096,0.22200012,0.19254116,0.17871842,0.14915577,0.13840174,0.12019421,0.11361011,0.09629424,0.08028808,0.07556121,0.06338498,0.07131411,0.06096961,0.04921231,0.05476305,0.05119641,0.04183776,0.04562895,0.04136403,0.03894647,0.03998119,0.03216101,0.04939042,0.04364124,0.04896372,0.04606239,0.05612739,0.05200514,0.06371247,0.06100581,0.07262223,0.08635412,0.08348805,0.09313686,0.10897925,0.11918532,0.12181308,0.13575074,0.15644183,0.15281028,0.16035237,0.16211156,0.15689831,0.14573333,0.16026361,0.13527327,0.13696994,0.12972172,0.12221625,0.12191720,0.12629217,0.12630466,0.12749136,0.14318952,0.17886866,0.19541312,0.21313698,0.22763600,0.27995772,0.29654314,0.32764112,0.34545469,0.38274313,0.40807420,0.41410784,0.42446250,0.45025683,0.45853937,0.47059870,0.45572738,0.44893312,0.45131620,0.42756198,0.40611049,0.39358679,0.35789436,0.32870630,0.31672524,0.29768119,0.27877667,0.24781238,0.26279815,0.23531889,0.25768905,0.26185243,0.27214416,0.28025645,0.27537586,0.26622987,0.26892826,0.28081724,0.25926232,0.24511885,0.21043044,0.19505245,0.17482820,0.15436567,0.15824110,0.15564061,0.16727652,0.18143822,0.18541133,0.22766483,0.23913286,0.27993039,0.31414047,0.33957177,0.36875221,0.40696625,0.43996692,0.45062609,0.48293293,0.47018604,0.47086702,0.46946285,0.45871933,0.43238600,0.40776719,0.37447239,0.36670314,0.32878741,0.32191657,0.30872967,0.28482144,0.24991021,0.22596078,0.19484251,0.16248228,0.15014853,0.13240984,0.11835618,0.09989839,0.09972419,0.09459740,0.09709604,0.09598124,0.09497324,0.09687392,0.10928794,0.09328521,0.10820959,0.11127132,0.10101765,0.10939915,0.10727147,0.11615031,0.11393077,0.11103372,0.10454711,0.10409557,0.12876678,0.12384669,0.12145130
0.01367103,0.01961028,0.03330499,0.03379057,0.04406635,0.05339401,0.04531572,0.04251171,0.04539674,0.03938237,0.02851071,0.02513466,0.01274210,0.00852004,0.00364316,0.00304749,-0.00254908,0.00072427,0.00070263,-0.00567258,0.00574160,0.01274550,0.00615575,0.01066173,0.03023797,0.04345910,0.04816102,0.05790933,0.06371955,0.06797027,0.05314477,0.04305954,0.03797242,0.02623768,0.00528301,0.01157163,0.02482279,0.02511260,0.02098213,0.02875077,0.03509569,0.04239433,0.03604197,0.03960615,0.03240566,0.03313328,0.03260035,0.02188985,0.01299368,0.01182580,0.00104790,-0.00444247,0.00016686,-0.00186621,0.00793675,0.00073669,-0.00183819,0.00092704,0.00478412,0.00475376,-0.00760336,0.00510371,-0.00010442,0.00164653,0.00506680,0.00021423,0.00067263,0.00167445,0.01057667,0.00414385,0.00324613,0.01490146,0.01665655,0.01500750,0.02778431,0.03429152,0.03528240,0.03273658,0.03394335,0.04330885,0.05224982,0.06433104,0.06387527,0.06833273,0.09038880,0.10859814,0.12293439,0.16575480,0.18076284,0.22372340,0.26132126,0.26926968,0.31410426,0.35169929,0.35912415,0.37578408,0.41280880,0.43810782,0.44776420,0.45771789,0.45324730,0.43138283,0.42015467,0.38112002,0.31132721,0.27964035,0.21949309,0.16181532,0.13068608,0.12075221,0.10187549,0.09115403,0.10313171,0.10814075,0.12091896,0.12588719,0.14088219,0.12901347,0.10484992,0.10120448,0.08583485,0.06553345,0.05883412,0.05231369,0.04837457,0.04666467,0.05075950,0.05737645,0.07682852,0.09891112,0.11253955,0.12859980,0.16484640,0.19039904,0.21116636,0.19772142,0.23660931,0.22783479,0.22789724,0.21400736,0.20311077,0.18289788,0.16697255,0.14607450,0.13633343,0.12833230,0.11017177,0.09387903,0.08504639,0.09413575,0.08170793,0.09331473,0.09579778,0.10406827,0.12056587,0.12362603,0.13800170,0.13398615,0.11440760,0.09664657,0.08626309,0.06100869,0.05580483,0.03215708,0.02155514,0.00988978,0.01545267,0.00938852,0.01424282,0.00137283,0.00497503,0.00609315,0.00792767,0.00808465,0.01044414,0.01772411,0.01872247,0.02287849,0.00861366,0.01962691,0.02560903,0.02031335,0.02526626,0.03446889,0.03185850,0.03594939,0.03750769,0.04407792,0.02995610,0.04503482,0.03743679,0.05033610,0.04195360,0.04861370,0.04944514,0.03811642,0.05680385,0.05555432,0.05732526,0.08132262,0.10296394,0.13746846,0.15699222,0.20453318,0.24096944,0.25732003,0.30596633,0.34182795,0.38944321,0.42189250,0.45528384,0.50535141,0.52812297,0.56445124,0.56745227,0.58902846,0.59313266,0.60556604,0.58666924,0.55325031,0.52839600,0.51322379,0.45100449,0.43051661,0.37261194,0.33642216,0.30229591,0.26745172,0.24145834,0.24984703,0.24540100,0.26737319,0.24948381,0.26316503,0.27733453,0.29104525,0.27224175,0.27416644,0.27334211,0.23781438,0.21065490,0.20765385,0.16402010,0.13181081,0.13313152,0.12071735,0.12901087,0.13207134,0.15898438,0.17882717,0.22593623,0.25950033,0.29725036,0.35403994,0.37738617,0.41704315,0.44603795,0.46389041,0.44981864,0.43526069,0.43148821,0.40901824,0.38976165,0.34570611,0.31327793,0.31015350,0.26894095,0.27763057,0.24799996,0.21268190,0.19581897,0.16935411,0.14197568,0.10870379,0.09318251,0.07498804,0.04899831,0.03235824,0.01904782,0.01927502,0.01292123,0.02542388,0.00981657,0.01328406,0.00900250,0.01384289,0.01594579,0.01638803,0.02357919,0.00495714,0.01155826,0.01699953,0.02239890,0.00923324,0.01664672,0.01530293,0.02182398,0.02609413,0.01989139,0.01838806,0.01669516
-0.05903971,-0.05506875,-0.04752655,-0.05585669,-0.06575687,-0.06143676,-0.05163796,-0.05074147,-0.05982454,-0.06431133,-0.07098048,-0.05890387,-0.06416729,-0.06026793,-0.06827784,-0.06799084,-0.05759906,-0.05195029,-0.04889278,-0.05404944,-0.05595714,-0.04607074,-0.06302654,-0.05627100,-0.06115646,-0.04537066,-0.04727964,-0.04504855,-0.04423060,-0.04073709,-0.03729643,-0.04417639,-0.03485408,-0.02394487,-0.00908658,-0.00751350,0.01000051,0.03308967,0.06387099,0.08159375,0.11116220,0.11081758,0.11079151,0.11572644,0.09096670,0.08489962,0.05841356,0.03167698,0.01866415,-0.00459272,-0.00523689,-0.01692054,-0.02833865,-0.03643203,-0.03281419,-0.03150476,-0.03385996,-0.02563057,-0.02959070,-0.01979337,-0.02309127,-0.03126479,-0.02681097,-0.02399448,-0.02918741,-0.02266457,-0.02314316,-0.02558899,-0.02623991,-0.01293631,-0.01205101,-0.00526844,-0.00530239,0.02397961,0.05320778,0.07909190,0.09283159,0.11477370,0.14112443,0.14375129,0.14872712,0.14939221,0.14903842,0.17758514,0.20992919,0.24267049,0.31050001,0.35451172,0.37788058,0.42122099,0.45513148,0.46089430,0.44129486,0.43541711,0.40627786,0.37613832,0.34089646,0.29564547,0.25827267,0.22663351,0.17764519,0.14737003,0.12916104,0.09638304,0.07819403,0.05966947,0.04333196,0.04211987,0.03721950,0.05229394,0.05809159,0.07635346,0.09060393,0.11065699,0.11498581,0.13366505,0.12653599,0.12544732,0.12076945,0.09999262,0.09371629,0.07663726,0.05255362,0.04186425,0.02989705,0.02251554,0.02833994,0.02878360,0.04076002,0.03406910,0.04019967,0.04189527,0.04849590,0.07108526,0.08131755,0.09455289,0.12407421,0.14814826,0.16964312,0.20337132,0.21981906,0.25092284,0.25721688,0.25689528,0.27388907,0.25535998,0.26050297,0.24359552,0.20701787,0.18439851,0.15849591,0.14657246,0.13584931,0.11963019,0.11057244,0.10299720,0.10030044,0.08341425,0.07961254,0.07751830,0.05962192,0.05423306,0.05083200,0.04318057,0.04699037,0.03808633,0.04381633,0.05335585,0.04348553,0.04744814,0.05590376,0.05853069,0.06092300,0.06387396,0.07073594,0.08763162,0.09576028,0.11969711,0.14562345,0.16764635,0.18540180,0.21815115,0.25099314,0.26730744,0.29767546,0.31795750,0.35112666,0.35979221,0.36045145,0.34926332,0.33857342,0.32737552,0.31828308,0.27075360,0.24522952,0.23015005,0.19170514,0.17540647,0.14271251,0.14612278,0.12436500,0.10949740,0.11134038,0.10088554,0.10853741,0.11417064,0.12743718,0.14283594,0.16702711,0.17937397,0.19973129,0.24886307,0.24766667,0.28936322,0.31381995,0.34575063,0.36503945,0.38510174,0.38853112,0.39890934,0.39220567,0.38582465,0.35388313,0.33899903,0.31632247,0.28296547,0.26154099,0.23300937,0.21133681,0.17477760,0.17467648,0.14661468,0.15167127,0.13283466,0.13421379,0.11505158,0.12285032,0.11682469,0.10947910,0.10187632,0.10973233,0.11321055,0.12555459,0.10878935,0.12043817,0.14517556,0.15585026,0.17079825,0.19633208,0.21886078,0.24560435,0.27972332,0.29673939,0.32654925,0.35803486,0.36859833,0.40117611,0.41336748,0.41139310,0.42430045,0.41947311,0.44840628,0.41464267,0.40568420,0.39510163,0.38704699,0.38784313,0.37852757,0.38082272,0.37110690,0.34727326,0.31460708,0.28424232,0.23883151,0.21068154,0.18390170,0.16751626,0.14125580,0.14672837,0.12742918,0.13100279,0.14403567,0.13309329,0.13577500,0.14093604,0.14324096,0.15387460,0.15874688,0.16460975,0.16553661,0.17563293,0.17916804,0.17306703,0.17525694,0.19573739,0.20495017,0.20396963,0.21488618,0.20371749,0.21585634,0.20912053
-0.00136643,-0.00380322,0.00831548,0.00265379,0.00055268,0.00500186,0.00692498,0.00629108,-0.00372619,-0.00524598,-0.00840069,-0.01120594,-0.02298499,-0.02771784,-0.03145033,-0.03944137,-0.02797239,-0.03066897,-0.02005332,-0.02631031,-0.02920892,-0.01351208,-0.01129199,-0.02164365,-0.00792745,0.00849339,0.00490402,0.00702188,0.01280159,0.01441602,0.02049826,0.00168853,-0.00119930,-0.00485365,-0.00908486,0.01653976,0.01566999,0.02271808,0.04498924,0.05737873,0.06261259,0.07093032,0.09119753,0.09248598,0.06819788,0.05541782,0.04176834,0.03125247,0.02238517,-0.00481257,-0.00552248,-0.01187085,-0.01928585,-0.01896925,-0.02095744,-0.02019501,-0.01101514,-0.01719079,-0.02083126,-0.01799545,-0.02077213,-0.02345508,-0.02070623,-0.01285091,-0.01089639,-0.00766049,-0.01563042,-0.01870534,-0.01496379,-0.01079174,-0.00386063,-0.01206287,-0.00523748,0.00893029,0.02167430,0.03882199,0.05273275,0.07671825,0.07358840,0.09295799,0.08728866,0.08699923,0.09666631,0.10394152,0.12458794,0.15050014,0.17224873,0.21811870,0.23733726,0.26058309,0.26898869,0.30724283,0.31218730,0.33748427,0.35149679,0.36051621,0.38281120,0.38778744,0.39118550,0.36717056,0.38536310,0.34732626,0.32118297,0.27975348,0.24516246,0.20147834,0.13915837,0.10486310,0.07609450,0.05555272,0.04204930,0.02421267,0.01652890,0.00967563,0.01082596,0.00549885,0.00195661,0.01153831,0.00429832,0.00188086,0.00549437,0.00197730,0.00503804,0.00242902,0.00625128,0.00761897,0.01380933,0.03027701,0.04221223,0.05129960,0.05896088,0.07292251,0.09766040,0.11702125,0.14245470,0.15565790,0.16290665,0.16347542,0.18672912,0.19305088,0.20074401,0.21108897,0.19995155,0.20224253,0.20148810,0.19539140,0.17058215,0.15572023,0.14291186,0.14856225,0.13627937,0.12919876,0.14875883,0.14954043,0.15759181,0.17749819,0.18133000,0.17154425,0.15756545,0.14057788,0.10763020,0.07604685,0.05287873,0.03944505,0.02126531,0.01238194,0.00191002,0.00596961,0.00872349,0.00011314,0.01501718,0.01547258,0.02176719,0.02643032,0.02955914,0.03762970,0.05013893,0.06396413,0.08413975,0.10605128,0.13477404,0.14877884,0.18148398,0.21140652,0.23301265,0.25354490,0.26682333,0.29260629,0.28125484,0.27151671,0.26038386,0.26584925,0.25045861,0.22395635,0.20093650,0.16767161,0.16404511,0.13735895,0.12329510,0.11036144,0.12257992,0.11670627,0.13868725,0.13666014,0.17195711,0.17042433,0.20908649,0.23190341,0.25935665,0.27402793,0.31792667,0.33030643,0.36523527,0.39910065,0.38633586,0.39799619,0.40084423,0.41068194,0.37801112,0.36339862,0.34329775,0.32562704,0.28718525,0.26014390,0.22643317,0.19848806,0.17961634,0.15195416,0.13965041,0.13915431,0.13225771,0.13360831,0.14765406,0.16624891,0.16454744,0.18425788,0.17890263,0.16846147,0.15426872,0.14690061,0.13845735,0.11936513,0.10117857,0.09510771,0.07085037,0.07708245,0.06813851,0.07418400,0.09425272,0.09892599,0.13884616,0.16679838,0.21019903,0.25119570,0.28413187,0.33239932,0.37495344,0.36819290,0.41347502,0.41894326,0.42068624,0.43407494,0.40630616,0.40751517,0.40106207,0.39570739,0.39387420,0.39565859,0.37127316,0.36171618,0.32619573,0.29583717,0.25302592,0.19032221,0.16417207,0.13120323,0.07869061,0.06890819,0.05668796,0.04554473,0.03693898,0.04703063,0.03778450,0.04057850,0.04365778,0.04894231,0.05571382,0.06002009,0.05174644,0.07156938,0.07425490,0.07650688,0.07681543,0.09401891,0.08579219,0.08615542,0.08651689,0.09718974,0.09769754,0.10447423,0.10782556
0.03660659,0.02314737,0.02418926,0.03177630,0.02046755,0.02807845,0.02238228,0.01631133,0.03128871,0.01947844,0.02074155,0.01662461,0.01142128,0.02199766,0.00569819,0.00385944,0.01251409,0.00769364,0.00704130,0.00950898,0.00306513,0.00549546,0.01273100,0.01267884,0.02698566,0.01829659,0.02366926,0.02642134,0.03388290,0.02724101,0.01844694,0.02852391,0.01414327,0.01603950,0.02134209,0.01807697,0.02491150,0.03355974,0.04579288,0.04475271,0.05803369,0.04372228,0.04979845,0.05340189,0.05057016,0.03905987,0.03087599,0.02793354,0.03718288,0.01163713,0.02521896,0.01103411,-0.00084179,0.01764255,0.01235196,0.01781263,0.02155514,0.01338730,0.00984358,0.01079850,0.00671451,0.01528291,0.00782212,0.01642355,0.01303369,0.00818195,0.01724827,0.02375440,0.00916460,0.01867639,0.01443188,0.01731242,0.02470330,0.02855562,0.03399376,0.04549567,0.05277474,0.06662503,0.07606851,0.06265493,0.06918803,0.08262700,0.08579045,0.10320423,0.11572954,0.14434481,0.17774061,0.20093371,0.24981874,0.27341457,0.32139660,0.34562287,0.38860403,0.43497631,0.48208333,0.49849236,0.53116568,0.54418076,0.51805445,0.51102965,0.48223954,0.41572798,0.35314343,0.29117712,0.25857740,0.18961054,0.15501355,0.12254700,0.09144957,0.07670855,0.07127776,0.06476330,0.04631409,0.07840241,0.08255706,0.07380799,0.07544744,0.07329044,0.07608844,0.05882418,0.05177410,0.04542664,0.04368547,0.03931161,0.03362944,0.03991776,0.03618690,0.04323309,0.03835402,0.05255188,0.04957768,0.06082147,0.06159646,0.07681525,0.09905184,0.09293375,0.09915946,0.10546560,0.11942870,0.10850601,0.11489710,0.11319103,0.11562063,0.11510780,0.10826849,0.11318427,0.11309404,0.11207136,0.11276699,0.13861038,0.16434711,0.19010905,0.23012952,0.26693890,0.30284219,0.32994671,0.33847302,0.30455239,0.27870631,0.21695144,0.17275532,0.14279342,0.10827852,0.09285095,0.06459285,0.03816967,0.04192458,0.04271197,0.03731594,0.03121475,0.03794589,0.03784165,0.04175617,0.03025102,0.05492897,0.04737357,0.06071399,0.06573717,0.08519273,0.08828559,0.10808097,0.12743574,0.13927440,0.14405997,0.15148741,0.16102105,0.17886556,0.18361386,0.18794438,0.17992711,0.16121767,0.17582335,0.15172820,0.13851137,0.12189005,0.12353834,0.10524269,0.09566829,0.10366645,0.10247052,0.09952443,0.10601119,0.10704818,0.11403453,0.14548781,0.17264411,0.19456171,0.21918660,0.26560692,0.31339793,0.34462142,0.40820808,0.47277041,0.52820202,0.55027008,0.61813830,0.64245840,0.65409468,0.66708145,0.64726957,0.62483744,0.56385709,0.52157836,0.44714090,0.39272916,0.35159665,0.30489183,0.25599581,0.20628477,0.19358199,0.17379350,0.15393075,0.14450426,0.14103554,0.13538674,0.12729908,0.12341059,0.11154054,0.11911158,0.09107357,0.09999112,0.09947199,0.08884760,0.09150019,0.09825743,0.11477955,0.13462777,0.16199618,0.19723561,0.24421805,0.30299616,0.34839480,0.42372347,0.46226087,0.50181432,0.55142235,0.55913437,0.56773871,0.55946785,0.51011863,0.48367913,0.47456501,0.46278096,0.45122895,0.47505269,0.48176191,0.46943787,0.50262727,0.48770970,0.44840860,0.40338149,0.36512682,0.29591666,0.23740453,0.17542108,0.15325063,0.12314470,0.09126533,0.07566222,0.08015925,0.07095152,0.06347517,0.06530268,0.06416140,0.06430870,0.06967315,0.07533095,0.07753519,0.07146437,0.07753885,0.08103389,0.08135298,0.07974768,0.09519849,0.08769482,0.08684018,0.09730347,0.09222762,0.09926172,0.09382794,0.08408310
0.02397867,0.02517086,0.02529038,0.02903060,0.02727238,0.03205932,0.02909303,0.03835516,0.02823564,0.02672174,0.01918513,0.00482243,0.00537527,-0.00373927,-0.00405639,-0.00567484,-0.01203768,0.00529188,-0.00884383,-0.00437848,-0.00458125,0.00367743,-0.00340220,0.00295857,0.00311157,0.01912118,0.03819403,0.03810796,0.04801850,0.04739022,0.03526953,0.03114939,0.02286275,0.01374150,0.03465231,0.04109192,0.06201066,0.06919623,0.09465602,0.11672599,0.12984519,0.13918343,0.16662398,0.14272536,0.13649267,0.11150797,0.08917703,0.06955130,0.05006398,0.04460375,0.01620824,0.01791475,0.00881621,-0.00627929,-0.00270556,-0.00899793,-0.01204153,-0.00914437,-0.00288467,-0.01213943,-0.00005538,-0.00118715,-0.00744927,-0.01985082,-0.00641910,-0.01502762,-0.00946207,-0.01043925,-0.00261558,0.00307467,0.00429148,0.01395239,0.01670546,0.03330570,0.06120943,0.08586812,0.10737226,0.12571362,0.13961036,0.13609981,0.13601014,0.14293408,0.12549069,0.14486677,0.15829520,0.17602180,0.20176886,0.23764246,0.27300209,0.28242047,0.30481656,0.32308536,0.31261821,0.31126758,0.31892574,0.30095393,0.29253373,0.28466360,0.29448148,0.26289286,0.26372854,0.25617143,0.24940186,0.23669002,0.20674749,0.15275610,0.13665428,0.10752117,0.09444944,0.07404371,0.05245328,0.04581161,0.05260841,0.06587853,0.06778946,0.06897800,0.07215586,0.06721820,0.06240377,0.05970244,0.04216717,0.02248836,0.04033462,0.02223073,0.02970122,0.01964038,0.02862397,0.04807103,0.05891080,0.06279684,0.08636596,0.11039236,0.13861478,0.14704202,0.16891567,0.20562777,0.21854432,0.25902210,0.25890483,0.25947528,0.30454337,0.29353933,0.29306028,0.30094851,0.29334014,0.28357021,0.25593267,0.21769232,0.18467460,0.15942247,0.14067507,0.11377892,0.08986254,0.07391710,0.07257735,0.05272342,0.04738199,0.04075238,0.03474304,0.04139674,0.01909792,0.02398025,0.01375124,0.00615870,0.00952740,-0.00180515,0.01071950,0.01027716,0.00485383,0.00815529,0.00530525,0.01773765,0.01260562,0.01921892,0.02363191,0.03495450,0.04694366,0.06623347,0.06698359,0.09790123,0.12774605,0.13920027,0.16213099,0.18287996,0.19216522,0.21375089,0.22794322,0.23578527,0.25618739,0.23897482,0.23254060,0.23263297,0.20390110,0.17765677,0.16733711,0.15482758,0.13178509,0.12538579,0.10644077,0.10845786,0.11802582,0.12665031,0.13990913,0.15872501,0.16832895,0.19295627,0.20414121,0.25037533,0.25807054,0.28174531,0.29750644,0.30419562,0.31999545,0.32914149,0.32374115,0.31673653,0.31664840,0.29819216,0.30317540,0.28921087,0.26226465,0.24909814,0.22333298,0.19777781,0.19152579,0.17262246,0.15007573,0.13635169,0.14222441,0.14356778,0.15383431,0.17382579,0.17372687,0.19779901,0.18930404,0.20093516,0.20262902,0.20010574,0.19344361,0.17681684,0.16053866,0.13337271,0.11451840,0.09978594,0.09286217,0.07175294,0.07848594,0.07455658,0.09671615,0.09190785,0.12853971,0.13390939,0.15936723,0.19905796,0.21652850,0.24427051,0.29337354,0.30515245,0.33958798,0.38240202,0.38467185,0.39247766,0.38069039,0.37112826,0.33876160,0.32794283,0.31568259,0.27752215,0.27993322,0.26871685,0.24557237,0.20862849,0.18925001,0.14357474,0.10979097,0.10240990,0.07899762,0.05656249,0.04412815,0.03701463,0.02251793,0.02626105,0.03489748,0.03720633,0.03787175,0.03742388,0.03310220,0.04543775,0.04908272,0.04986076,0.05447813,0.05997294,0.07029802,0.06682738,0.07724340,0.07124581,0.08045823,0.08393434,0.08401973,0.09132523,0.08343556
0.02095534,0.02904340,0.03400420,0.04621180,0.04614943,0.05809233,0.05139052,0.05153744,0.04491879,0.03295754,0.02076472,0.01414478,0.01179384,0.00090310,0.00550146,-0.00859541,0.00044936,-0.00678264,-0.00242293,-0.00260193,-0.00098517,-0.00228841,0.01817217,0.01497842,0.02008764,0.03982230,0.05329901,0.07606389,0.07702774,0.05832988,0.05214270,0.04033505,0.03259594,0.02305856,0.03102598,0.03774710,0.03789858,0.05511653,0.06136219,0.07421405,0.09320776,0.09901344,0.09766907,0.09838973,0.09511884,0.06638736,0.06420413,0.05510450,0.03487272,0.02872420,0.02676022,0.01403749,0.01150497,0.00173933,0.00957913,0.00233549,0.01547720,0.00542062,0.00636980,0.01425415,0.00985395,0.01552446,0.00389197,0.01461336,0.01191117,0.01279799,0.01218146,0.01590108,0.01264886,0.01933855,0.02043585,0.02047425,0.03679744,0.03088924,0.05047267,0.06738573,0.08725620,0.09775486,0.11473291,0.12532611,0.11398796,0.12180910,0.13422477,0.15070352,0.17076648,0.20595185,0.23207981,0.27043814,0.31135747,0.32953982,0.34427130,0.38683294,0.38265443,0.39569738,0.36918491,0.39446738,0.39846832,0.41377249,0.39930057,0.40774394,0.39600577,0.40275808,0.39583097,0.35388184,0.33152833,0.27565382,0.23217708,0.18934907,0.16191383,0.13338268,0.12420847,0.11620714,0.13525235,0.13585218,0.13105041,0.13075125,0.14111933,0.14382618,0.12906681,0.11658483,0.09552546,0.08475084,0.07696404,0.07966369,0.07527872,0.06209867,0.07525042,0.08489165,0.11374185,0.14087359,0.16426203,0.20439884,0.21566030,0.27151799,0.26788774,0.30343886,0.31088226,0.33249815,0.31017623,0.31068578,0.31721668,0.31137868,0.29490239,0.26995451,0.25207362,0.22636500,0.21607110,0.19318441,0.18662073,0.15045479,0.12879676,0.11359113,0.10949315,0.11252687,0.09825152,0.09547862,0.08754732,0.08888938,0.08498132,0.06312113,0.06032555,0.06897069,0.06147210,0.06376466,0.04412968,0.04313591,0.05177611,0.03589720,0.05007970,0.04792712,0.05345170,0.05748596,0.04787291,0.05334602,0.06905977,0.05659102,0.07997974,0.09084219,0.10691300,0.12234388,0.13510150,0.15057399,0.16259155,0.18682600,0.20208735,0.22867580,0.22116980,0.22031908,0.23151019,0.22193341,0.23286258,0.21055407,0.19644930,0.20765234,0.18899718,0.18007001,0.16775988,0.15963615,0.17972921,0.19426214,0.19204908,0.21994534,0.22574650,0.27717424,0.30555639,0.35148274,0.37052383,0.41407904,0.46380024,0.47592985,0.50576640,0.53051646,0.53960468,0.53304563,0.55548675,0.55063346,0.53384815,0.51356240,0.49211770,0.47953121,0.44530939,0.40680776,0.40111417,0.35379951,0.34219764,0.31944942,0.28236524,0.28769643,0.28585743,0.30259454,0.29307786,0.32322901,0.32846386,0.35133988,0.36180833,0.39148804,0.37948860,0.35133554,0.34504587,0.33092853,0.29124195,0.23957848,0.22940487,0.20435901,0.18240675,0.17377848,0.19071746,0.18328064,0.19531069,0.21378940,0.23471098,0.26987304,0.29029968,0.34674923,0.37256745,0.41115952,0.44109800,0.46839229,0.48913304,0.50450085,0.48595751,0.46636053,0.43631507,0.40085618,0.39086285,0.35975510,0.31928496,0.30559148,0.28617702,0.25776511,0.24209540,0.23441132,0.20867422,0.17106842,0.14240199,0.14231049,0.10991758,0.10336925,0.10936321,0.10497542,0.09689727,0.09510963,0.09783567,0.09946326,0.10641719,0.11166214,0.11142579,0.10357760,0.11560040,0.11913992,0.12673163,0.10806192,0.12833617,0.13970491,0.13409350,0.14348114,0.14143498,0.13874296,0.15073538,0.15183152,0.14801043
0.03618612,0.04738353,0.05844591,0.07607663,0.07561488,0.08430260,0.09891464,0.08317419,0.08593297,0.07399527,0.06127001,0.03674964,0.03504002,0.02722034,0.02658726,0.02244714,0.01388071,0.01184517,0.01806699,0.02352487,0.02371832,0.02069978,0.04302424,0.04527386,0.06883730,0.09068408,0.12301485,0.11673945,0.11813351,0.11927903,0.11290421,0.08263067,0.05899656,0.04599089,0.06620036,0.06581358,0.08048441,0.09257477,0.10438535,0.13468641,0.14588678,0.15250869,0.16370522,0.15600657,0.13627037,0.11201340,0.09554928,0.09640795,0.07044093,0.06258543,0.04013242,0.03225287,0.03852512,0.02839888,0.03099449,0.03707989,0.03469546,0.03650516,0.02826927,0.03557402,0.03210134,0.03186175,0.03215817,0.04091953,0.02765575,0.04525969,0.02510488,0.03950321,0.03763474,0.03131705,0.03930859,0.04913579,0.05883310,0.07472924,0.09309142,0.11228822,0.13416704,0.14976396,0.15145226,0.15304671,0.13609992,0.13058966,0.12450005,0.11760569,0.11847401,0.14253570,0.15783185,0.17189689,0.19174148,0.20603910,0.24025122,0.26634847,0.29877480,0.31772579,0.34574556,0.39941976,0.45572414,0.47281316,0.52237767,0.53865845,0.57362498,0.57701564,0.55362687,0.52264124,0.45024648,0.38430365,0.31126042,0.26727122,0.22664828,0.17849236,0.15434800,0.14459372,0.14381195,0.14741668,0.14015051,0.14230452,0.14467402,0.13975163,0.13061758,0.12921282,0.12749116,0.11490506,0.09444052,0.09912573,0.10264633,0.11165776,0.14320990,0.15995924,0.19932648,0.22216890,0.26411108,0.30242890,0.34616279,0.37678120,0.42084159,0.45039950,0.44387564,0.45032039,0.47313690,0.47393803,0.46340896,0.44599273,0.40082542,0.40273229,0.36361180,0.33725731,0.31156601,0.29055044,0.26018448,0.23120258,0.21147236,0.19399560,0.19114500,0.20097047,0.18316967,0.18666857,0.17399361,0.17363607,0.16967901,0.14987108,0.13731174,0.11456825,0.09904881,0.10057600,0.09506865,0.08904882,0.08737049,0.08635682,0.08134869,0.08213926,0.09167132,0.07571840,0.08327924,0.08341455,0.08598813,0.08697998,0.08791670,0.09227787,0.09382934,0.08795827,0.10876377,0.10758744,0.10987117,0.11314401,0.11674781,0.11670018,0.12781428,0.11724248,0.12874236,0.12070047,0.12406217,0.13145444,0.12705078,0.13458414,0.14149206,0.14144304,0.16198055,0.18426493,0.19730211,0.22370243,0.27671351,0.30058146,0.35592939,0.40692406,0.44990579,0.51472538,0.55527482,0.61328952,0.66074868,0.70079026,0.69964235,0.70926251,0.72628482,0.70366798,0.72490599,0.69915898,0.67354895,0.65161600,0.59544402,0.57029986,0.55179300,0.49816237,0.45654458,0.43359960,0.41354899,0.35994821,0.37766352,0.35906398,0.35605764,0.38700178,0.41596949,0.43130893,0.48525782,0.50001094,0.53499407,0.53520814,0.53193861,0.50592699,0.48686273,0.44025492,0.40967768,0.36110981,0.31321862,0.27873459,0.26728839,0.24849646,0.22475700,0.23952246,0.26646154,0.28982897,0.33151634,0.34908350,0.39526547,0.44715216,0.49185299,0.53547608,0.58569704,0.65011631,0.65553794,0.65911423,0.67948142,0.65664768,0.63403656,0.58124554,0.55579070,0.52257053,0.50018910,0.49319406,0.42843798,0.40027997,0.38556520,0.34934966,0.30901165,0.27803821,0.21976051,0.19610366,0.18595747,0.17264547,0.15142611,0.14843849,0.14296402,0.13688492,0.12813668,0.13661917,0.15037060,0.13748939,0.13903650,0.14304183,0.13516606,0.13819001,0.13499890,0.13608531,0.14995070,0.13651224,0.13728764,0.14094387,0.14247840,0.13945293,0.14285465,0.14509409,0.15469856
0.01846800,0.02192495,0.01926085,0.02954324,0.02518837,0.02861374,0.04067564,0.03407472,0.03313185,0.01856864,0.02492905,0.02587748,0.02498351,0.01493068,0.01292550,0.01167239,0.02315903,0.01783325,0.01956944,0.02324820,0.01221844,0.02145067,0.01468948,0.02643800,0.02893813,0.03996468,0.03283032,0.03812404,0.02677722,0.04679734,0.05270091,0.04207699,0.04340621,0.05850200,0.07630352,0.09766677,0.13043317,0.17668757,0.21551006,0.27470352,0.31440468,0.35004310,0.34784845,0.33663482,0.32163707,0.27608491,0.23282946,0.19541362,0.13219956,0.10748972,0.08219224,0.06393296,0.03896592,0.03799871,0.01893072,0.03068410,0.03318276,0.02881153,0.03098901,0.02447685,0.02690404,0.03181558,0.02483028,0.02280301,0.02696172,0.02330080,0.02341918,0.03376405,0.03181448,0.02382437,0.03615632,0.04625050,0.06877032,0.08863218,0.14409103,0.18649032,0.22908536,0.28276411,0.28665210,0.29374402,0.27122496,0.23553305,0.21002062,0.18969338,0.20255894,0.20881836,0.22776999,0.26857696,0.27795352,0.31208796,0.34796069,0.35907864,0.34155064,0.35869094,0.33272544,0.31274618,0.31780037,0.28518808,0.25118545,0.22617891,0.20669356,0.19461108,0.17721301,0.15444299,0.13936801,0.11531727,0.10765078,0.10567104,0.08871510,0.08993372,0.08577708,0.10977378,0.10523529,0.13318852,0.14804458,0.15990002,0.15898108,0.15872249,0.15162811,0.11710063,0.10802271,0.09966162,0.08125660,0.06472693,0.05726709,0.06434788,0.06174119,0.04385167,0.06026409,0.07499560,0.07530268,0.09628314,0.11541997,0.14231326,0.16161239,0.20797013,0.23864121,0.29812309,0.33371720,0.39587431,0.45095240,0.48941763,0.51678806,0.54385760,0.55566579,0.53984664,0.50616508,0.48214858,0.42210392,0.36659429,0.31234969,0.27247709,0.22439087,0.18557746,0.15268064,0.13531857,0.11385391,0.10223108,0.08706321,0.09255107,0.06641076,0.05428963,0.05880496,0.05935134,0.04894216,0.04441300,0.04818369,0.04561168,0.04969915,0.05191262,0.05238301,0.04068376,0.05110592,0.04556481,0.05874022,0.05765734,0.07634360,0.08540179,0.08924871,0.09540280,0.10853982,0.12380181,0.13021798,0.13924801,0.15132817,0.16434437,0.18091513,0.17580405,0.19744656,0.18128073,0.17719232,0.18108317,0.16538489,0.15790554,0.13763094,0.13574954,0.10741832,0.11226974,0.10626489,0.09888008,0.09565460,0.10049298,0.11496217,0.12495850,0.13316748,0.13567052,0.14047621,0.15033975,0.17930327,0.20834634,0.22773714,0.23114231,0.25962434,0.28009516,0.30863949,0.33207858,0.33758962,0.36508834,0.38371816,0.37231088,0.37750836,0.36232784,0.35284143,0.32207098,0.30963251,0.28408073,0.24209199,0.22814842,0.20024622,0.17997105,0.17743833,0.15857737,0.15543606,0.14193641,0.14361014,0.13540820,0.14263554,0.14454573,0.12579111,0.12130599,0.12452870,0.11154221,0.10636844,0.11890323,0.10786674,0.12192377,0.12682500,0.14657007,0.17086108,0.19248334,0.20567266,0.23457490,0.27970677,0.31604201,0.34443584,0.39191701,0.42548981,0.45968009,0.50888784,0.56807602,0.59330190,0.59777627,0.64109671,0.63695429,0.63078642,0.59823796,0.57045390,0.58425623,0.55181789,0.53724580,0.49702909,0.44593339,0.41552480,0.35928985,0.29134461,0.23567974,0.18479838,0.14858058,0.12400404,0.09833196,0.09266104,0.08152426,0.08638029,0.08872726,0.09244803,0.08909793,0.08943492,0.09053958,0.08930349,0.08706764,0.10010114,0.09590482,0.10384201,0.10844032,0.10825850,0.11617812,0.11273841,0.11161800,0.11656237,0.10486336,0.11202440
0.02583680,0.03288150,0.04015716,0.04269842,0.06004647,0.06116298,0.07031020,0.07780603,0.05969027,0.03857005,0.04813512,0.02754377,0.02052074,0.00854530,0.00236506,0.00870094,0.00564288,-0.00235823,0.00143182,-0.00013136,0.00522525,0.00541325,0.01878573,0.02263287,0.03520608,0.05289196,0.05882791,0.09108993,0.08980964,0.08815005,0.07566509,0.06140565,0.05516064,0.04281267,0.04746804,0.06808254,0.08839005,0.10682475,0.15012412,0.16461107,0.19891552,0.21188133,0.22285211,0.24074845,0.20493030,0.17680579,0.16276531,0.12373815,0.09204539,0.07434760,0.03815298,0.03209571,0.03490028,0.01262428,0.01925824,0.01783267,0.00324772,0.01125289,0.01289985,0.00709888,0.01290648,0.01355061,0.01537723,0.00770493,0.00770776,0.01234094,0.02162096,0.02121586,0.00488090,0.01854746,0.02037762,0.02782051,0.04436913,0.04283523,0.08184925,0.12574020,0.14202450,0.17870061,0.18045909,0.18701743,0.16681395,0.13928554,0.11345262,0.09403467,0.07368811,0.06474074,0.05706974,0.06915222,0.05618459,0.07197195,0.09698711,0.10815387,0.11077011,0.15174365,0.15591453,0.21118571,0.24021158,0.27743547,0.33119776,0.37577308,0.38171587,0.40743812,0.41712911,0.38538020,0.34811628,0.32130053,0.25532762,0.21059911,0.16012964,0.11996627,0.09252178,0.06567318,0.05260509,0.04301048,0.05010629,0.03665414,0.04978623,0.03681947,0.04471703,0.04484263,0.04074227,0.04256589,0.04581556,0.05530709,0.06053308,0.06192745,0.07940952,0.09121668,0.11192514,0.14168116,0.18158948,0.21044330,0.25361252,0.28539379,0.32740979,0.34932740,0.38228960,0.41675268,0.45218249,0.45698273,0.48380557,0.47957755,0.47865189,0.47342156,0.46169120,0.44117490,0.41320715,0.37230435,0.33296273,0.28841795,0.25368916,0.22264969,0.18132063,0.18265865,0.15699077,0.15082327,0.14108593,0.10636310,0.11498749,0.09220713,0.08710886,0.08146522,0.07292905,0.07027980,0.04728186,0.04676786,0.04953465,0.05009479,0.03904057,0.05032232,0.05403326,0.05436145,0.05393510,0.04090866,0.04643177,0.05267361,0.05173175,0.05459332,0.05283726,0.05245452,0.06382511,0.07378594,0.06751902,0.07879174,0.07865944,0.08746529,0.10181776,0.08890324,0.09527535,0.08860638,0.08921296,0.09605423,0.08675359,0.09668224,0.10764600,0.10116353,0.11586047,0.12480518,0.13906070,0.15453865,0.17699434,0.18355894,0.22604069,0.27924468,0.31128279,0.35781794,0.37978223,0.42185592,0.45996550,0.48011462,0.51273861,0.50319804,0.50543520,0.47582835,0.48919945,0.45861893,0.43836565,0.40049403,0.37872771,0.33590274,0.31012603,0.28687604,0.25053090,0.25294494,0.22629653,0.20308716,0.19683403,0.20852406,0.22063872,0.23045837,0.25440740,0.29153990,0.33722641,0.36703659,0.37920769,0.40517327,0.41476371,0.39814275,0.37735718,0.37337487,0.34858061,0.30426505,0.27662675,0.22108337,0.19849319,0.17703671,0.15735539,0.13802124,0.14176152,0.15805924,0.16222438,0.17167243,0.18975512,0.24264459,0.28786334,0.33054522,0.39331059,0.48370666,0.52129357,0.59883207,0.61238425,0.62807488,0.62288916,0.61344798,0.60633541,0.59615375,0.55026580,0.53458111,0.50939188,0.47793303,0.45367089,0.41928170,0.38154787,0.32587910,0.26905076,0.23681337,0.18134470,0.15789213,0.13848007,0.11613797,0.11339220,0.10275661,0.10464708,0.10291204,0.09669047,0.10168095,0.09456427,0.11192672,0.10141913,0.09943524,0.10123815,0.10893712,0.10655668,0.10863253,0.11536185,0.10672846,0.10397048,0.11385206,0.11127214,0.12096222,0.11493837
0.03467944,0.03783405,0.03400475,0.03868443,0.03588282,0.04530782,0.04678170,0.03592530,0.03195268,0.02309629,0.02076578,0.01655813,0.02033336,0.01468410,0.00591628,-0.00331044,0.00742840,0.00821938,0.00063839,0.00889903,0.01280752,-0.00259361,0.00672744,0.01433931,0.02430787,0.04857611,0.04215011,0.04030505,0.03696831,0.03448512,0.02846396,0.03619825,0.02681457,0.04755671,0.05665342,0.08009136,0.10918464,0.13721545,0.16056278,0.19006015,0.22414371,0.23560036,0.22114675,0.20040544,0.17879319,0.15420365,0.12038214,0.08403917,0.06959972,0.04115953,0.03017935,0.01086187,0.00700009,0.00728230,-0.01753156,-0.00657948,-0.01045513,-0.00640656,-0.00714751,-0.00842375,-0.01178600,-0.01117730,-0.01987544,-0.00362670,-0.00960792,-0.01468654,-0.00290695,-0.00330465,0.00079552,-0.00274904,0.00315945,0.00944143,0.03352663,0.06641321,0.08904949,0.12675075,0.14820151,0.16230511,0.17259057,0.15671248,0.13644979,0.11042871,0.11712226,0.10601481,0.11045636,0.12894939,0.14205781,0.16619627,0.18313603,0.19604153,0.21498034,0.23298875,0.24963038,0.24524058,0.23722121,0.22745658,0.23513042,0.23883197,0.23277285,0.22933583,0.21753331,0.19660600,0.18934248,0.15040561,0.12480569,0.10515561,0.07973292,0.05373317,0.04833823,0.04425939,0.04332970,0.04110763,0.05087332,0.05533266,0.05757283,0.06989792,0.06239385,0.04838581,0.05215296,0.03215243,0.01819728,0.00387789,-0.00197022,-0.00533957,-0.00711518,-0.01020150,0.00067874,0.01647322,0.02957720,0.03268603,0.05843401,0.07397671,0.10184828,0.12967904,0.14760112,0.18239777,0.22329832,0.24189930,0.27938373,0.31119637,0.34165066,0.35097507,0.36434719,0.36240005,0.33943509,0.30428884,0.28170872,0.24380586,0.19357290,0.15796050,0.12420695,0.11076271,0.07248928,0.07033980,0.05017855,0.04519932,0.02773653,0.02258666,-0.00177471,-0.01239371,-0.00880663,-0.03130834,-0.03236589,-0.03006571,-0.03515231,-0.03980207,-0.05172987,-0.04200438,-0.04237849,-0.04113009,-0.04565820,-0.04365562,-0.04119878,-0.02825711,-0.02921850,-0.03162876,-0.02290533,-0.02563720,-0.02277075,-0.00860253,0.00477592,0.01404789,0.01122977,0.02144948,0.02624324,0.03663181,0.03742895,0.04640323,0.04962513,0.04029452,0.03415153,0.01510768,0.02161096,0.01542497,0.00692654,0.00150970,0.01282950,0.00754111,0.00687978,0.01198006,0.03786079,0.05234295,0.05885877,0.07924340,0.10517902,0.11898879,0.13960084,0.16376307,0.18882289,0.20536264,0.21699672,0.23584744,0.23593630,0.26094201,0.27980730,0.28380393,0.28023840,0.27942246,0.25838886,0.24477658,0.22981405,0.19840253,0.17842246,0.16386846,0.14817853,0.11446670,0.08754073,0.08783309,0.07614811,0.08590090,0.07042869,0.08515975,0.10032538,0.09196023,0.10585993,0.09529909,0.09788896,0.08430159,0.08169190,0.05385467,0.04626025,0.02278858,0.01264622,0.01581140,-0.00184438,0.01183090,0.02924178,0.04288882,0.04665568,0.06644527,0.10381761,0.12246470,0.16195320,0.20839187,0.24384937,0.28876778,0.32757029,0.35876020,0.39144185,0.42574450,0.41050311,0.41993224,0.39452491,0.38370322,0.36505049,0.34770022,0.32490977,0.31080177,0.29216448,0.26431058,0.22919752,0.18026377,0.14045023,0.09118330,0.04333117,0.00820373,-0.01773662,-0.03608288,-0.04542106,-0.04941493,-0.05953770,-0.05870411,-0.06173449,-0.05418292,-0.06088904,-0.05554436,-0.05519548,-0.05058621,-0.06269813,-0.04718918,-0.05106290,-0.04696249,-0.05038940,-0.04662533,-0.04482002,-0.03925817,-0.04416259,-0.04116025,-0.03984408,-0.04352482,-0.05126494
0.01515209,0.01079924,0.00958266,0.01117799,0.00967680,0.00394121,0.00768306,0.00105195,0.00428109,-0.00657117,0.00240305,-0.02496848,-0.01365728,-0.01629968,-0.01630040,-0.03506064,-0.02551985,-0.02948213,-0.04029746,-0.03054476,-0.02060335,-0.02390839,-0.02294547,-0.02103097,-0.01280115,0.00206096,0.00243050,0.00636035,0.01234956,0.01464042,0.01018275,0.00236702,-0.00666582,-0.00592587,-0.01243369,-0.00873173,-0.01186074,-0.01468408,0.00869471,0.01300510,0.01650718,0.02667906,0.02416582,0.01760285,0.02296410,0.01578826,0.01743776,0.00668131,-0.00617447,-0.01404516,-0.01480664,-0.02459905,-0.02195652,-0.02092407,-0.02535110,-0.02178400,-0.02560974,-0.03076462,-0.02629819,-0.01849107,-0.02847182,-0.02086959,-0.03597498,-0.02591458,-0.01953450,-0.02973165,-0.02596189,-0.02864542,-0.02332256,-0.02364072,-0.02814025,-0.01964760,-0.01921948,-0.02200750,-0.00338282,-0.00266269,0.01834147,0.02091398,0.04232385,0.04819826,0.06517155,0.06440652,0.08304759,0.10944288,0.13922671,0.17098694,0.21520528,0.23777903,0.28574254,0.31770969,0.34571041,0.35547734,0.38168805,0.38188629,0.40791641,0.41044044,0.40492349,0.40475799,0.39766674,0.37505574,0.36873731,0.35591369,0.33421252,0.29266006,0.25475983,0.19452400,0.17643737,0.12232286,0.08264096,0.05434857,0.03717283,0.02234865,-0.00002132,0.00939393,0.00987386,0.00117634,-0.00304399,0.00116420,-0.00255999,-0.00082918,-0.00718402,-0.01273181,-0.00783002,-0.01724921,-0.01025799,-0.00884783,0.00548075,0.00888026,0.01031591,0.03015184,0.04232621,0.04869193,0.05829837,0.09035401,0.09753808,0.11867601,0.13325942,0.14084500,0.14138323,0.13858129,0.14682731,0.12995614,0.13529172,0.12871720,0.12006820,0.10652561,0.09092576,0.08656384,0.07862453,0.06755090,0.06290545,0.06748346,0.07503421,0.10774495,0.09928882,0.11465184,0.11702527,0.14014435,0.12759032,0.10121967,0.08601732,0.06030762,0.04617738,0.03022193,0.01448901,-0.00141042,-0.00745668,0.00326126,-0.01563894,-0.00750268,-0.01789248,-0.00791894,-0.00260423,0.00308320,0.01540264,0.01666301,0.04096697,0.05221729,0.06114645,0.09563617,0.12529236,0.15245307,0.19479513,0.22882936,0.25508074,0.29725060,0.32014312,0.33386648,0.35770477,0.36344083,0.36153000,0.35183929,0.34251210,0.31053943,0.26659212,0.24622727,0.21098869,0.18093929,0.15639522,0.13773679,0.12685215,0.11047437,0.12438684,0.12345535,0.13971317,0.15579752,0.17608995,0.19604247,0.21982054,0.23923730,0.25441588,0.30620203,0.32171496,0.32059317,0.36552917,0.36508954,0.37844770,0.37001726,0.35605324,0.34274307,0.34373638,0.31729398,0.29149728,0.26254829,0.21833845,0.19603299,0.16138758,0.15773150,0.12421371,0.10828890,0.12471765,0.11611740,0.12427723,0.14234074,0.13724938,0.15480626,0.15687783,0.15949754,0.16104034,0.13657062,0.13454282,0.11880207,0.09686352,0.08380281,0.07103866,0.06435476,0.04845452,0.05551863,0.05429797,0.05590850,0.07781521,0.10791927,0.13270098,0.16422874,0.19756617,0.24334487,0.27870493,0.29420346,0.30649354,0.31743974,0.32469581,0.30789287,0.32187535,0.31061876,0.30554660,0.30039759,0.28813150,0.26824049,0.26747530,0.27114076,0.24625108,0.22451778,0.19750308,0.16600632,0.13234724,0.10543061,0.07203213,0.04788115,0.03831248,0.03484950,0.02915759,0.00471610,0.02275923,0.01097980,0.02178513,0.02959860,0.03764982,0.03554085,0.03336226,0.04855436,0.05808581,0.05789210,0.07637821,0.07161063,0.07794080,0.08412285,0.09232899,0.09960582,0.10090196,0.11060148,0.11080832
0.02908617,0.04892840,0.04220115,0.05331100,0.05095980,0.05173009,0.05932529,0.05465379,0.05358575,0.04391831,0.04265309,0.02880064,0.03073397,0.02832016,0.01644300,0.01621547,0.01054430,0.01187438,0.01169169,0.01732860,0.02345158,0.01915607,0.02926142,0.03778852,0.05266010,0.06111378,0.07090110,0.07550558,0.06472072,0.06930769,0.06497068,0.04925195,0.05394139,0.06113873,0.05932498,0.06113533,0.07421245,0.10750083,0.13467860,0.14356552,0.17823623,0.18359469,0.18109384,0.17983743,0.16828390,0.14134699,0.12253900,0.09963095,0.08272311,0.06821356,0.06812927,0.04808951,0.02914196,0.04029841,0.03380720,0.02256486,0.03043587,0.02189791,0.01812176,0.01929170,0.02209688,0.03008640,0.03362528,0.03630577,0.04760334,0.03071384,0.03686245,0.02326423,0.02647172,0.04423594,0.05073694,0.05056469,0.05405982,0.07514177,0.09756888,0.12691639,0.14495614,0.17418242,0.18019858,0.18048459,0.16915797,0.15949360,0.14714206,0.16274456,0.17485053,0.18370487,0.20470338,0.23056544,0.24684884,0.29643554,0.31296357,0.32149972,0.34471436,0.33979130,0.35210098,0.36719484,0.39038469,0.40164176,0.40898479,0.42119359,0.41664466,0.39446027,0.39241392,0.34954880,0.30677084,0.24999804,0.22817508,0.18983485,0.15235565,0.13161035,0.09661399,0.09888086,0.10953051,0.09004048,0.09639679,0.09315208,0.09433541,0.10020345,0.08942827,0.08073194,0.08502356,0.08379575,0.07675343,0.07446319,0.07862775,0.07523291,0.09360677,0.11645264,0.13620149,0.14630869,0.17079029,0.18787321,0.22754411,0.23959256,0.27150276,0.30481374,0.32713364,0.33118789,0.34334911,0.34906273,0.38404545,0.39760243,0.37737674,0.37582836,0.34343393,0.34808994,0.31135617,0.30430274,0.26686087,0.24389141,0.20706903,0.20761102,0.19606102,0.19609902,0.17289763,0.18929783,0.17306056,0.16811906,0.15773244,0.14679567,0.13621298,0.10898358,0.09192665,0.09181338,0.08455312,0.08206702,0.07527621,0.06926133,0.07295723,0.07066782,0.07343993,0.08786207,0.08142494,0.07021393,0.09389013,0.10944581,0.11772827,0.12960522,0.14463263,0.15154393,0.16030080,0.18465019,0.19866692,0.22337322,0.22608710,0.26103111,0.26559840,0.26567544,0.27180846,0.26634946,0.26341684,0.23975656,0.23253394,0.21773281,0.21480177,0.19087288,0.18347085,0.17667170,0.19472020,0.18048989,0.21036419,0.22173735,0.23543727,0.25691229,0.29332355,0.33184191,0.34164352,0.36920426,0.40371821,0.43753358,0.45553693,0.46681672,0.49654314,0.49918655,0.48979860,0.50553264,0.48847567,0.48732589,0.43289302,0.42571246,0.40526743,0.39083906,0.33747624,0.32505887,0.30056355,0.27323077,0.26703685,0.25516307,0.25037322,0.26775704,0.26056826,0.28639728,0.30637168,0.31276926,0.34632606,0.32739197,0.34051730,0.32099917,0.30196983,0.27594122,0.27031372,0.24734655,0.22764551,0.19800772,0.18179175,0.15938552,0.16964499,0.17985421,0.19882303,0.21792453,0.23267271,0.25627897,0.29652574,0.34028837,0.37748368,0.42225065,0.46538684,0.50890701,0.54105346,0.56692735,0.56949369,0.58665700,0.56926454,0.53158128,0.52482904,0.52469554,0.49947227,0.46953785,0.44760941,0.42361517,0.40450640,0.35910752,0.32452462,0.28995502,0.23140968,0.20571560,0.17225956,0.14850810,0.15134293,0.15145985,0.12554921,0.12446598,0.12036304,0.13088312,0.13170824,0.12479269,0.13306344,0.14599556,0.14218259,0.13499927,0.15938979,0.15678583,0.14980645,0.15768543,0.16107690,0.16744107,0.17270963,0.16212278,0.17136858,0.18078814,0.17518427
0.02664299,0.02498416,0.02868519,0.02457836,0.03476843,0.03331988,0.03438889,0.02540298,0.02121932,0.02424227,0.01909724,0.01724518,0.02013615,0.00934034,0.01972866,0.01291282,0.01000232,0.00950262,0.01348352,0.00932663,0.01032601,0.01095486,0.01266810,0.01487548,0.02475524,0.02067217,0.03418873,0.03423628,0.04888255,0.03485173,0.02625965,0.02640200,0.02881003,0.01636652,0.01736578,0.02151618,0.03899668,0.04356919,0.05406408,0.05405556,0.05455765,0.07142184,0.07034265,0.06861043,0.06321753,0.06176665,0.05037117,0.04009343,0.03622898,0.03483587,0.02913520,0.02991341,0.02946149,0.01658315,0.01807830,0.02463420,0.01251909,0.02137501,0.01574196,0.02246260,0.01740939,0.02049540,0.02451419,0.02509650,0.02373616,0.01673593,0.02672115,0.01781524,0.02928957,0.02122141,0.03421019,0.03314841,0.02615440,0.03583479,0.03090794,0.05079896,0.06034507,0.08243960,0.08466642,0.09749660,0.08659397,0.09278137,0.11450621,0.11722413,0.13169996,0.16412178,0.20262384,0.23275488,0.24118253,0.27044383,0.31532855,0.33580212,0.38354564,0.41652274,0.44346870,0.46277901,0.46845974,0.50216252,0.49586922,0.49177812,0.48796063,0.44291110,0.38956608,0.33459368,0.29158462,0.23808604,0.18907837,0.13938386,0.10869395,0.08930019,0.06742731,0.06899423,0.06671006,0.06998347,0.06612651,0.07132061,0.08216054,0.06869382,0.07913253,0.06969554,0.06593173,0.05992335,0.05076139,0.04102688,0.05158468,0.04590459,0.04636361,0.04964083,0.05474706,0.05950925,0.07479669,0.07816153,0.08151245,0.09227756,0.11813579,0.12077590,0.13432232,0.13922441,0.15029686,0.14136781,0.15022349,0.15690301,0.15717103,0.14069661,0.13800392,0.13436241,0.13749662,0.13572112,0.13416536,0.14276586,0.14662216,0.15094841,0.17916558,0.23236705,0.24951262,0.26318991,0.28409212,0.27339997,0.24586483,0.20657419,0.19160731,0.14657151,0.11795691,0.09419045,0.07457337,0.06355156,0.04676322,0.05141811,0.03301502,0.05235514,0.04516532,0.05446940,0.04610483,0.04071818,0.04636407,0.06439128,0.07316714,0.08784344,0.09548396,0.11160333,0.12272021,0.14273279,0.15535919,0.17946476,0.18893705,0.21072454,0.22981241,0.24059964,0.22799085,0.22726952,0.23297436,0.21510627,0.22075694,0.19771930,0.18685850,0.15804113,0.14675969,0.12804636,0.12407739,0.11363529,0.12104761,0.11646430,0.12734466,0.14319158,0.14331327,0.18189980,0.20592940,0.22229344,0.24365001,0.27436902,0.33238396,0.37633161,0.40962671,0.48010039,0.48119496,0.53862294,0.56243028,0.57568941,0.57034150,0.56298103,0.55545380,0.52816241,0.47749735,0.42354900,0.37939289,0.34230121,0.28333417,0.25942362,0.22468437,0.18160401,0.18340444,0.16972327,0.17116201,0.15706417,0.17963104,0.16413225,0.16179547,0.15555459,0.15056935,0.13967518,0.13821264,0.11784423,0.10790033,0.11621794,0.09893337,0.10732016,0.10565300,0.11881741,0.14367714,0.17652294,0.21370692,0.27108720,0.30574843,0.34452232,0.39418668,0.45902348,0.48950233,0.48578348,0.50103438,0.48519591,0.49004313,0.45343584,0.45834445,0.42923186,0.42740595,0.43318153,0.42487176,0.45670600,0.42470774,0.42233021,0.38330151,0.34636283,0.30048793,0.26267531,0.20887915,0.17653176,0.13555146,0.10130184,0.07951281,0.06864799,0.07052811,0.05609760,0.05024723,0.07120306,0.07428535,0.06783518,0.08273464,0.07743076,0.08085974,0.07699940,0.08258866,0.09340092,0.09910220,0.10166244,0.10198421,0.09062977,0.10607533,0.09743001,0.08833466,0.10708668,0.10872004
0.02424632,0.03916731,0.04650257,0.04442293,0.04253402,0.04796023,0.04235552,0.03470843,0.04984727,0.03478247,0.03556396,0.02740003,0.02651624,0.02878411,0.01969603,0.02983676,0.02388007,0.02698179,0.01940020,0.02053528,0.02403063,0.02587209,0.03264183,0.03354527,0.03171425,0.04301471,0.04706748,0.04412134,0.04875311,0.05292366,0.04625287,0.04773393,0.05380053,0.05317804,0.04700164,0.06177242,0.08881463,0.09272734,0.11876100,0.13044820,0.16095336,0.16500365,0.16688210,0.14789112,0.13358816,0.11456524,0.10485155,0.07879228,0.07280002,0.05412585,0.05242406,0.03178114,0.03318405,0.03582084,0.03451070,0.04102746,0.03230464,0.03331495,0.02342062,0.04236098,0.03535560,0.03070378,0.03310280,0.01901122,0.03236901,0.03134198,0.03753421,0.03719973,0.03016138,0.03602700,0.04383735,0.03499324,0.05609941,0.06724047,0.09573333,0.10811947,0.12005945,0.13270269,0.14328271,0.14597535,0.14415714,0.14200451,0.13706981,0.14714747,0.16110586,0.16683174,0.20554151,0.22140506,0.24587217,0.26920588,0.27253411,0.30155593,0.29560500,0.31254261,0.30200253,0.34021023,0.33559641,0.32773699,0.31995802,0.30574204,0.28864112,0.28203497,0.23767263,0.21471302,0.17857747,0.15378039,0.12262153,0.10350974,0.08968704,0.08506199,0.07074975,0.05934885,0.06745160,0.07641640,0.07481445,0.07549687,0.08244494,0.06868675,0.07064153,0.05627498,0.05912598,0.05184647,0.05180888,0.05124708,0.05686455,0.05959418,0.05345930,0.06678623,0.07490983,0.08549847,0.09012448,0.10775729,0.11167173,0.14959325,0.15229585,0.19516353,0.19372406,0.20591489,0.22729253,0.23129135,0.26470620,0.27375411,0.27253591,0.27519554,0.26688321,0.26516172,0.23440487,0.23120825,0.21544246,0.20636956,0.17200236,0.17455069,0.17889527,0.17791935,0.16560562,0.17799130,0.17280463,0.16299011,0.13686722,0.11003272,0.09887280,0.08776817,0.06965909,0.06630778,0.05905345,0.04937435,0.04546931,0.04594966,0.04783325,0.04119233,0.04797619,0.04840575,0.06415484,0.06135354,0.05343901,0.07714252,0.08822471,0.10378841,0.10864208,0.13070262,0.14995974,0.16180830,0.18738640,0.19616259,0.21281969,0.21983563,0.23019966,0.22792008,0.21860604,0.23735948,0.22139884,0.22461515,0.18769570,0.17402342,0.17681564,0.15108653,0.14187588,0.12071701,0.12890259,0.12629432,0.12643906,0.12874514,0.14270714,0.14305081,0.15449510,0.18648506,0.19569527,0.22316021,0.25644397,0.25529711,0.27344525,0.31090914,0.31835640,0.33609649,0.35191692,0.37309294,0.35836911,0.35392056,0.36377477,0.34589821,0.31479663,0.29101760,0.27163667,0.25734124,0.22950553,0.19941187,0.17850361,0.18421266,0.16082268,0.16088047,0.15628127,0.15174249,0.16091964,0.16758338,0.16448742,0.16575244,0.16567999,0.16801147,0.14958590,0.14969217,0.12447913,0.12056638,0.11947536,0.11554320,0.11175372,0.10573075,0.10793837,0.11963346,0.14533648,0.16338282,0.18987078,0.22498571,0.24066233,0.29630589,0.32286413,0.35201537,0.37225757,0.38879110,0.42537529,0.42210329,0.43996948,0.42992342,0.43083790,0.41491744,0.40506607,0.41146966,0.39663253,0.39764445,0.38599043,0.35845287,0.31520272,0.28841003,0.26669728,0.20850385,0.16957159,0.14920606,0.12744697,0.11364311,0.09109278,0.08109717,0.08979683,0.07996935,0.08752870,0.09039771,0.09099438,0.09641072,0.08979624,0.10080971,0.10452069,0.10375435,0.10090710,0.09657396,0.12191910,0.12060700,0.12663958,0.10819555,0.13224124,0.12616009,0.12057253,0.12769689,0.12214546
0.00645980,0.00197806,0.00551283,0.01682322,0.02233760,0.01467609,0.02525788,0.02563186,0.01559756,0.01310520,0.01364678,0.00617195,-0.00336050,0.00079819,-0.00893382,-0.00648527,-0.00369678,-0.00368531,-0.01238062,-0.00796526,0.00576046,-0.00700838,-0.00261625,0.00842949,0.00259511,0.01619782,0.01404353,0.01625347,0.03921733,0.02986433,0.01972877,0.01344455,0.02908588,0.01252009,0.00880558,0.01606256,0.04195185,0.05279644,0.07942157,0.08923482,0.09942746,0.09567015,0.10369311,0.10416228,0.09437077,0.08164354,0.06287018,0.04614600,0.04152031,0.02181764,0.02282279,0.01302174,0.00406730,-0.00087367,0.00268933,0.00852339,0.00396191,0.00493495,0.00571812,0.00162029,-0.01106664,0.00193681,-0.00382998,0.00488873,0.00722204,0.00335879,0.00494802,0.00785512,0.00349664,0.01249506,0.01308125,0.01115370,0.02852678,0.02744441,0.05052518,0.06566547,0.08773126,0.10301523,0.12428129,0.11209978,0.11748592,0.11988122,0.12788846,0.15486789,0.16303789,0.21020253,0.25903914,0.28828970,0.34117607,0.36624463,0.40563567,0.42806816,0.44547891,0.43307026,0.43527853,0.42844451,0.41684956,0.38268871,0.36892832,0.33644680,0.31836514,0.28431198,0.25056430,0.22525738,0.19314434,0.16149982,0.13169107,0.11324199,0.10668220,0.10314408,0.11086504,0.13934749,0.16075585,0.16289854,0.19739035,0.19977061,0.19298593,0.19449257,0.17707315,0.15876527,0.12847687,0.10985941,0.07875080,0.06006072,0.05283424,0.05031282,0.04885486,0.05341449,0.04975167,0.06850458,0.08441942,0.08994762,0.11834036,0.12216007,0.14423394,0.16678580,0.17250366,0.18438370,0.20617308,0.21298426,0.21616544,0.21595549,0.22103421,0.21019840,0.20885257,0.19876499,0.18007947,0.17279318,0.15335618,0.14946362,0.12455207,0.11214818,0.11451016,0.10974608,0.11841851,0.11166576,0.10031225,0.11037616,0.09027411,0.07132161,0.06615985,0.05308681,0.05408343,0.03960411,0.02599358,0.03272617,0.03590335,0.05049495,0.02277023,0.03377585,0.03922062,0.03574286,0.04432187,0.03917719,0.03845400,0.05139229,0.04332170,0.05243169,0.06782003,0.07202185,0.09843145,0.08774295,0.10623065,0.10303043,0.13348942,0.12489580,0.12718216,0.13994936,0.13449084,0.14181513,0.14518770,0.12985317,0.13315521,0.10965329,0.10558485,0.09506385,0.10172269,0.09494695,0.10472893,0.10213090,0.10377747,0.11695589,0.14106113,0.14850385,0.16349563,0.19406273,0.22348110,0.24909826,0.28438755,0.30630652,0.36277273,0.38879730,0.44304742,0.47824286,0.49857045,0.52745388,0.56421897,0.58784290,0.57413715,0.57202179,0.58615227,0.54355212,0.50454561,0.46098980,0.43348850,0.38310555,0.34093920,0.30140426,0.26563315,0.24863872,0.22784357,0.21330394,0.19825889,0.19805149,0.18454036,0.19034631,0.19210015,0.17805310,0.16506159,0.15166653,0.14831953,0.14226236,0.13793801,0.12838099,0.14410619,0.16398977,0.18005601,0.19791922,0.22927915,0.26928915,0.30927741,0.35391202,0.39452123,0.42329492,0.42773362,0.47647074,0.47926403,0.48852950,0.48025831,0.46388810,0.44586178,0.41201002,0.42820799,0.37984690,0.36680676,0.33542524,0.33583547,0.31618556,0.31442471,0.29399661,0.26440960,0.23940147,0.20460973,0.17288975,0.15103101,0.12537443,0.09453289,0.07730208,0.08328458,0.08160134,0.07569608,0.06963973,0.07771057,0.07054293,0.07989732,0.07727645,0.07881721,0.07984713,0.08813636,0.08476665,0.07465616,0.08906356,0.08946426,0.08449010,0.10075019,0.09468106,0.09338413,0.10342239,0.09779019,0.09947949,0.08665885
0.01674436,0.02768807,0.02516669,0.02353020,0.02571490,0.03409347,0.03748019,0.03884559,0.02959985,0.02295881,0.02325960,0.02277119,0.01889005,-0.00356786,0.00811188,0.00257376,0.01432489,0.00233961,0.01327332,0.00989492,0.00447361,0.00907698,0.01386736,0.01710091,0.02497830,0.02502618,0.03874362,0.03299683,0.04231740,0.04677356,0.04740091,0.02926377,0.03532825,0.03919596,0.04043339,0.04602372,0.05934071,0.08235855,0.11404407,0.12521155,0.12734448,0.15275486,0.14362383,0.13255110,0.13389940,0.10451022,0.08777582,0.06916728,0.05546332,0.04231775,0.03799983,0.02134641,0.01908248,0.02378315,0.00739711,0.01475173,0.01582290,0.00565811,0.01550991,0.00970596,0.01121260,0.01553518,0.01444286,0.01197879,0.01853727,0.01833613,0.01445559,0.01660917,0.01133696,0.01860043,0.02729854,0.02573960,0.03717928,0.06134928,0.06213053,0.08943665,0.10749059,0.12787571,0.13188690,0.12646003,0.11553995,0.10289611,0.09713883,0.09565488,0.08792276,0.09689294,0.10709084,0.12862956,0.14869104,0.17942525,0.20906852,0.25609677,0.27830191,0.30518991,0.36881830,0.39315552,0.42703191,0.44197102,0.47249235,0.46077215,0.43112225,0.39988968,0.37154388,0.30916794,0.26967048,0.22136800,0.18665614,0.13437197,0.11367239,0.08695261,0.06276203,0.07083426,0.07675606,0.07579236,0.08161418,0.07577277,0.07517310,0.08233709,0.07515768,0.07186056,0.06340873,0.04471872,0.05228527,0.05355413,0.03642800,0.05096377,0.05051798,0.06017095,0.07113678,0.08869572,0.09272812,0.11315297,0.11367497,0.14698485,0.17170997,0.17656532,0.20221685,0.22462757,0.24112975,0.25407783,0.26496313,0.27634364,0.28433013,0.29737037,0.28052039,0.27492619,0.25397869,0.24553719,0.22144912,0.20485230,0.21717258,0.21022936,0.22977401,0.24321370,0.25488443,0.27266665,0.26977751,0.26194012,0.22967485,0.20805876,0.16196264,0.13049039,0.10073098,0.08043104,0.06491338,0.05086768,0.05026913,0.04151917,0.03441817,0.04030087,0.04137915,0.03880491,0.04156520,0.03984611,0.03980728,0.03949143,0.04844562,0.04441759,0.05518190,0.06239274,0.06866205,0.06478449,0.06787879,0.07622867,0.07896724,0.08199252,0.09194105,0.09575719,0.08805182,0.09165207,0.07428309,0.08479093,0.08207207,0.07144340,0.08141627,0.07915836,0.08568996,0.08094448,0.09129847,0.10078999,0.10723964,0.12204134,0.14728083,0.14951003,0.17127345,0.21950836,0.24619188,0.26520530,0.31791977,0.35860885,0.39094808,0.43181276,0.47225150,0.49696200,0.54834206,0.54740229,0.59008565,0.60581211,0.58212438,0.58038956,0.53978360,0.50541078,0.45591064,0.41290344,0.37215492,0.33185614,0.28833277,0.24162818,0.21928830,0.19828284,0.19603679,0.18951185,0.18650726,0.19147315,0.19553669,0.18508864,0.19148579,0.18764381,0.18450458,0.18665002,0.16347014,0.14977722,0.13448035,0.11796339,0.12857584,0.10605016,0.12978125,0.15713397,0.17914375,0.22349642,0.24949713,0.30827899,0.35969204,0.43558153,0.44600082,0.50533067,0.53967118,0.56499676,0.59388513,0.57526870,0.60179319,0.56557480,0.55571236,0.56622452,0.55123601,0.52961256,0.54900119,0.54135902,0.53388146,0.51459214,0.46353963,0.42876414,0.36622264,0.29562469,0.23298058,0.18401070,0.13763644,0.11133147,0.09167167,0.08528632,0.07298929,0.06807728,0.06530090,0.05789969,0.06868046,0.07065757,0.06995289,0.06406417,0.07074109,0.06960912,0.07074543,0.06491584,0.07305767,0.07438817,0.07287449,0.06707332,0.07856231,0.08298343,0.08418719,0.08350997,0.06559096
0.01521408,0.02847283,0.03014853,0.03062828,0.04271839,0.04403780,0.04838575,0.04534227,0.03460050,0.03492109,0.03056976,0.02204246,0.03036209,0.01534856,0.01767656,0.02017445,0.01118368,0.01209477,0.01505954,0.00479004,0.01552692,0.01352024,0.02074557,0.01905995,0.03745523,0.03991697,0.05350308,0.05988944,0.06540299,0.05885702,0.04742788,0.05142100,0.04154650,0.05724056,0.04752893,0.06756424,0.08259675,0.10376464,0.13194925,0.15637123,0.18219780,0.20132653,0.19720326,0.19350028,0.17456590,0.12977675,0.13291896,0.10839219,0.08381104,0.07014187,0.05445757,0.04401619,0.03578406,0.02908477,0.02551915,0.02651711,0.02618929,0.01998943,0.02455809,0.02142445,0.02422612,0.02211103,0.01972646,0.02336464,0.02170688,0.01616500,0.01820265,0.02356002,0.02950844,0.02642711,0.03417116,0.04194015,0.04602159,0.07022874,0.09690069,0.13494356,0.14358953,0.17005366,0.17673769,0.18338091,0.16730736,0.14598451,0.14797742,0.15807753,0.17403405,0.17574368,0.21235723,0.24619023,0.28598988,0.33547834,0.35092684,0.36852142,0.38739327,0.39957165,0.40039896,0.39672831,0.38472734,0.37072747,0.37047020,0.36328391,0.34038212,0.32062614,0.29795548,0.25742560,0.23733283,0.20349872,0.17322213,0.15273041,0.13129081,0.12127306,0.12933987,0.14450424,0.14364319,0.17159782,0.18524316,0.20032841,0.19849528,0.17721764,0.17358184,0.16769465,0.13791201,0.11477306,0.10143531,0.07601356,0.06663693,0.07242953,0.06780387,0.08069281,0.09133245,0.10456927,0.11739018,0.14202856,0.16479707,0.19567170,0.21288806,0.22803626,0.26221834,0.28757827,0.30743616,0.33082509,0.34663704,0.37547557,0.36384143,0.37377808,0.35671137,0.31966537,0.32126394,0.28302213,0.25313571,0.22961235,0.19813630,0.16660457,0.16418105,0.15021014,0.13247341,0.12851045,0.11677252,0.11474140,0.10178315,0.07881035,0.08167811,0.06768860,0.05791879,0.05470153,0.05609593,0.04635931,0.03543529,0.04505026,0.04124583,0.04303628,0.05003263,0.05405414,0.03965873,0.05068042,0.04684646,0.05807168,0.04960517,0.06155543,0.06147434,0.07294481,0.07466658,0.08415243,0.08441104,0.09332605,0.09881857,0.10858251,0.11784959,0.10966581,0.11231086,0.10825844,0.10186469,0.11195157,0.10777227,0.10010188,0.10608348,0.09490433,0.09620512,0.09418159,0.09746781,0.12794656,0.12698451,0.13997311,0.15696629,0.18537229,0.20291983,0.21937187,0.27637779,0.29700280,0.32057613,0.35335722,0.38190387,0.42717505,0.45579529,0.47138393,0.49133246,0.50974763,0.52758277,0.53773260,0.54381547,0.53432638,0.51611643,0.49071430,0.47763196,0.40982189,0.38796713,0.34225536,0.31770424,0.29648357,0.26732709,0.23981427,0.23125176,0.23172255,0.23698329,0.23683220,0.23087844,0.24463891,0.25129711,0.22950682,0.21388746,0.21510222,0.18779659,0.17982780,0.16782170,0.14530835,0.15211695,0.14981138,0.16160985,0.18129652,0.20720475,0.24117092,0.26930885,0.31430352,0.37061953,0.39060396,0.42675642,0.46600105,0.47604354,0.48420488,0.53536092,0.53013754,0.52844354,0.53725227,0.49723093,0.48354111,0.47006408,0.43228846,0.42132399,0.40434262,0.38257544,0.36092603,0.33178202,0.30183078,0.26262300,0.21613608,0.18798555,0.14024548,0.11665642,0.11066787,0.07575883,0.07487453,0.06330523,0.05190974,0.07276121,0.06509175,0.05967057,0.06619782,0.06546007,0.06857266,0.06856253,0.07975881,0.06793052,0.06994953,0.06707625,0.07583918,0.06798591,0.07023604,0.06609137,0.06741604,0.06822800,0.08605307,0.07497234
-0.00382080,-0.01461819,-0.01598850,-0.02070699,-0.01866222,-0.01275521,-0.02134824,-0.01831385,-0.01577868,-0.01921412,-0.01417315,-0.01592354,-0.01605561,-0.03111424,-0.01099138,-0.02560608,-0.01563001,-0.02246283,-0.02382994,-0.02880237,-0.03193810,-0.02913143,-0.02590533,-0.01899398,-0.02610771,-0.01605172,-0.00868772,-0.00265588,-0.01592585,-0.01788575,-0.00684150,-0.00481282,-0.01078729,-0.01109152,-0.00783708,-0.00843245,-0.00667237,0.00397099,0.00935969,0.01748085,0.02783040,0.02800312,0.02432572,0.02988265,0.02448028,0.01382794,0.00302683,-0.01066315,-0.00322341,-0.00566617,-0.02343323,-0.01392460,-0.01407073,-0.02481127,-0.02115505,-0.01062714,-0.02102275,-0.01529729,-0.02594041,-0.02104373,-0.02307157,-0.02081473,-0.01887537,-0.01752133,-0.02678953,-0.02482303,-0.01483242,-0.01667879,-0.02786831,-0.02220066,-0.01462048,-0.00936728,-0.00256592,-0.00615723,0.00816972,0.02466287,0.02886599,0.02831582,0.05069630,0.07223242,0.07938052,0.10245950,0.12621050,0.16912397,0.20487574,0.24536881,0.31816182,0.36321632,0.44506626,0.46102477,0.52515920,0.54796121,0.57730127,0.54690914,0.52820079,0.50508900,0.46227757,0.40527337,0.38268998,0.34110476,0.27682993,0.22710101,0.18285612,0.14848245,0.10177849,0.08466105,0.06346110,0.05931017,0.06901926,0.06755694,0.09442127,0.10976634,0.12403965,0.15131800,0.17928976,0.19218622,0.20351686,0.19123121,0.15747336,0.13737152,0.10408954,0.08349817,0.05206708,0.03782970,0.01805164,0.00661182,0.00433440,-0.01038511,-0.00282665,0.00501479,0.00981079,0.00646964,0.00957148,0.02553089,0.02578696,0.02430310,0.03067663,0.04187652,0.05561288,0.05639205,0.06677557,0.07074673,0.05086489,0.07441123,0.07462545,0.06312181,0.06656796,0.05087896,0.05743304,0.05256581,0.05765288,0.06430791,0.07838712,0.08755099,0.10128183,0.09464669,0.09730148,0.09455330,0.08206157,0.06296940,0.04456902,0.02391849,0.01439566,0.00736759,0.00023630,-0.00707664,-0.00097848,-0.01091340,-0.00728761,-0.00491141,-0.01025708,-0.00015335,-0.00239276,0.00444490,0.00522404,0.02376037,0.04053540,0.04439055,0.06442708,0.06707606,0.09143077,0.10582040,0.12264246,0.14736194,0.16452608,0.17142763,0.18617531,0.19124006,0.21037981,0.19715132,0.17236378,0.17939050,0.15299917,0.11902415,0.11329371,0.09438526,0.08153130,0.06380854,0.05127042,0.04267998,0.04825840,0.04273919,0.04048497,0.06225373,0.07390412,0.08516848,0.10243696,0.14147179,0.15460547,0.20532918,0.27314412,0.31081229,0.36095480,0.41595178,0.47664145,0.49795993,0.57577735,0.58296614,0.61344809,0.61233864,0.58967260,0.57896940,0.53377998,0.48983215,0.42692845,0.37566025,0.31289413,0.26304102,0.22418806,0.17782078,0.14923000,0.11540064,0.08322083,0.07554480,0.07681378,0.05098518,0.05300984,0.05124173,0.04752273,0.03301286,0.03406579,0.04511301,0.03781832,0.05472605,0.07601664,0.08638831,0.12666452,0.16517846,0.21750589,0.26848030,0.31119728,0.35524482,0.37666630,0.43549200,0.44394227,0.45030918,0.45978800,0.44192564,0.41033521,0.37809013,0.34034056,0.30261556,0.28896401,0.25352296,0.24554484,0.23212904,0.22021531,0.21403446,0.20338177,0.20214582,0.18214635,0.14813656,0.11896343,0.09572470,0.07306314,0.04479006,0.03597943,0.01787168,0.02545735,0.02128393,0.02185207,0.01120272,0.02073116,0.01954447,0.01488444,0.01872948,0.02964437,0.03264136,0.03327815,0.02821305,0.04309132,0.03835484,0.05251759,0.05382798,0.04761898,0.06205504,0.05942886,0.05871189,0.06785729,0.07301606,0.07165823
