protocol_id,database_name,dataset,seed,method,status,status_details,n_train,n_test,n_features,n_classes,class_counts_train_json,class_counts_test_json,external_split_files_json,fold_hash,cv_folds,k_grid,candidate_operators,selected_operator_index,selected_operator,selected_k,cv_balanced_log_loss,balanced_accuracy,macro_f1,log_loss,ece_10_equal_width,n_unique_test_spectra,duplicate_test_excess,balanced_accuracy_unique_test_spectra,log_loss_unique_test_spectra,fit_select_time_s,predict_time_s,input_sha256_json,warnings_json
matched-plsda-cv5-v1,ARABIDOPSIS_CEFE,Genotype10_250,0,AOM-PLS-DA-compact9-matched,ok,,175,75,2152,10,"[20, 20, 18, 17, 17, 17, 18, 19, 14, 15]","[6, 6, 8, 9, 7, 7, 6, 5, 12, 9]","{""x_test"": ""/home/delete/nirs4all/nirs4all-data/classification/ARABIDOPSIS_CEFE/Genotype10_250/Xtest.csv"", ""x_train"": ""/home/delete/nirs4all/nirs4all-data/classification/ARABIDOPSIS_CEFE/Genotype10_250/Xtrain.csv"", ""y_test"": ""/home/delete/nirs4all/nirs4all-data/classification/ARABIDOPSIS_CEFE/Genotype10_250/Ytest.csv"", ""y_train"": ""/home/delete/nirs4all/nirs4all-data/classification/ARABIDOPSIS_CEFE/Genotype10_250/Ytrain.csv""}",0dfa450338919ab3d0c9a8ddc8944e47ebd85cb1cdb48b5bbcb07f8b39f22de2,5,"[1, 2, 3, 4, 5, 6, 7, 8, 9, 10, 11, 12, 13, 14, 15]",9,6,detrend_d1,15,2.1210279507668384,0.43888888888888883,0.42126368777869655,2.1589795938492613,0.34220668247185926,75,0,0.43888888888888883,2.1589795938492613,3.94037838299937,0.0002406209996479447,"{""x_test"": ""ec45a3f0682350990a930b9f7099b7875a7d6583f649bfbb8ec2828b175be20a"", ""x_train"": ""5f502ed3020d0bcc06d0b9371263039e44236a8aae96b51022cb077553c259b8"", ""y_test"": ""731f696c171a5640eb70e7da4c1b1b5f3f043d0588aed5c4b43625e2e80f8000"", ""y_train"": ""006921638647ea9d319d8d84b8f6669122442793c07cacf33f25c2e2e66a009d""}",[]
matched-plsda-cv5-v1,ARABIDOPSIS_CEFE,Genotype10_250,0,PLS-DA-identity-matched,ok,,175,75,2152,10,"[20, 20, 18, 17, 17, 17, 18, 19, 14, 15]","[6, 6, 8, 9, 7, 7, 6, 5, 12, 9]","{""x_test"": ""/home/delete/nirs4all/nirs4all-data/classification/ARABIDOPSIS_CEFE/Genotype10_250/Xtest.csv"", ""x_train"": ""/home/delete/nirs4all/nirs4all-data/classification/ARABIDOPSIS_CEFE/Genotype10_250/Xtrain.csv"", ""y_test"": ""/home/delete/nirs4all/nirs4all-data/classification/ARABIDOPSIS_CEFE/Genotype10_250/Ytest.csv"", ""y_train"": ""/home/delete/nirs4all/nirs4all-data/classification/ARABIDOPSIS_CEFE/Genotype10_250/Ytrain.csv""}",0dfa450338919ab3d0c9a8ddc8944e47ebd85cb1cdb48b5bbcb07f8b39f22de2,5,"[1, 2, 3, 4, 5, 6, 7, 8, 9, 10, 11, 12, 13, 14, 15]",1,0,identity,15,2.12570525313824,0.44722222222222224,0.4278692050983072,2.1582388259945096,0.32931976592423207,75,0,0.44722222222222224,2.1582388259945096,3.8578848419992937,0.00022019700008968357,"{""x_test"": ""ec45a3f0682350990a930b9f7099b7875a7d6583f649bfbb8ec2828b175be20a"", ""x_train"": ""5f502ed3020d0bcc06d0b9371263039e44236a8aae96b51022cb077553c259b8"", ""y_test"": ""731f696c171a5640eb70e7da4c1b1b5f3f043d0588aed5c4b43625e2e80f8000"", ""y_train"": ""006921638647ea9d319d8d84b8f6669122442793c07cacf33f25c2e2e66a009d""}",[]
matched-plsda-cv5-v1,ARABIDOPSIS_CEFE,Genotype10_250,1,AOM-PLS-DA-compact9-matched,ok,,175,75,2152,10,"[20, 20, 18, 17, 17, 17, 18, 19, 14, 15]","[6, 6, 8, 9, 7, 7, 6, 5, 12, 9]","{""x_test"": ""/home/delete/nirs4all/nirs4all-data/classification/ARABIDOPSIS_CEFE/Genotype10_250/Xtest.csv"", ""x_train"": ""/home/delete/nirs4all/nirs4all-data/classification/ARABIDOPSIS_CEFE/Genotype10_250/Xtrain.csv"", ""y_test"": ""/home/delete/nirs4all/nirs4all-data/classification/ARABIDOPSIS_CEFE/Genotype10_250/Ytest.csv"", ""y_train"": ""/home/delete/nirs4all/nirs4all-data/classification/ARABIDOPSIS_CEFE/Genotype10_250/Ytrain.csv""}",bf9a2b0a7eb8d7e4f4a8f65c1c7fcc5b437183c1c1915ab16a2493be0e01ada5,5,"[1, 2, 3, 4, 5, 6, 7, 8, 9, 10, 11, 12, 13, 14, 15]",9,7,detrend_d2,15,2.120200059609833,0.4833333333333333,0.4643278290337114,2.1607006292463424,0.38265890874796155,75,0,0.4833333333333333,2.1607006292463424,3.899067405000096,0.00014427899986912962,"{""x_test"": ""ec45a3f0682350990a930b9f7099b7875a7d6583f649bfbb8ec2828b175be20a"", ""x_train"": ""5f502ed3020d0bcc06d0b9371263039e44236a8aae96b51022cb077553c259b8"", ""y_test"": ""731f696c171a5640eb70e7da4c1b1b5f3f043d0588aed5c4b43625e2e80f8000"", ""y_train"": ""006921638647ea9d319d8d84b8f6669122442793c07cacf33f25c2e2e66a009d""}",[]
matched-plsda-cv5-v1,ARABIDOPSIS_CEFE,Genotype10_250,1,PLS-DA-identity-matched,ok,,175,75,2152,10,"[20, 20, 18, 17, 17, 17, 18, 19, 14, 15]","[6, 6, 8, 9, 7, 7, 6, 5, 12, 9]","{""x_test"": ""/home/delete/nirs4all/nirs4all-data/classification/ARABIDOPSIS_CEFE/Genotype10_250/Xtest.csv"", ""x_train"": ""/home/delete/nirs4all/nirs4all-data/classification/ARABIDOPSIS_CEFE/Genotype10_250/Xtrain.csv"", ""y_test"": ""/home/delete/nirs4all/nirs4all-data/classification/ARABIDOPSIS_CEFE/Genotype10_250/Ytest.csv"", ""y_train"": ""/home/delete/nirs4all/nirs4all-data/classification/ARABIDOPSIS_CEFE/Genotype10_250/Ytrain.csv""}",bf9a2b0a7eb8d7e4f4a8f65c1c7fcc5b437183c1c1915ab16a2493be0e01ada5,5,"[1, 2, 3, 4, 5, 6, 7, 8, 9, 10, 11, 12, 13, 14, 15]",1,0,identity,15,2.1281181077873064,0.44722222222222224,0.4278692050983072,2.1582388259945096,0.32931976592423207,75,0,0.44722222222222224,2.1582388259945096,3.8143516469999668,0.00015242399967974052,"{""x_test"": ""ec45a3f0682350990a930b9f7099b7875a7d6583f649bfbb8ec2828b175be20a"", ""x_train"": ""5f502ed3020d0bcc06d0b9371263039e44236a8aae96b51022cb077553c259b8"", ""y_test"": ""731f696c171a5640eb70e7da4c1b1b5f3f043d0588aed5c4b43625e2e80f8000"", ""y_train"": ""006921638647ea9d319d8d84b8f6669122442793c07cacf33f25c2e2e66a009d""}",[]
matched-plsda-cv5-v1,ARABIDOPSIS_CEFE,Genotype10_250,2,AOM-PLS-DA-compact9-matched,ok,,175,75,2152,10,"[20, 20, 18, 17, 17, 17, 18, 19, 14, 15]","[6, 6, 8, 9, 7, 7, 6, 5, 12, 9]","{""x_test"": ""/home/delete/nirs4all/nirs4all-data/classification/ARABIDOPSIS_CEFE/Genotype10_250/Xtest.csv"", ""x_train"": ""/home/delete/nirs4all/nirs4all-data/classification/ARABIDOPSIS_CEFE/Genotype10_250/Xtrain.csv"", ""y_test"": ""/home/delete/nirs4all/nirs4all-data/classification/ARABIDOPSIS_CEFE/Genotype10_250/Ytest.csv"", ""y_train"": ""/home/delete/nirs4all/nirs4all-data/classification/ARABIDOPSIS_CEFE/Genotype10_250/Ytrain.csv""}",b0b9191fd8d3b5466b40a89d785189cf4a9110e5f2331888ce8c59f1e1f27f0b,5,"[1, 2, 3, 4, 5, 6, 7, 8, 9, 10, 11, 12, 13, 14, 15]",9,6,detrend_d1,15,2.116738710522958,0.43888888888888883,0.42126368777869655,2.1589795938492613,0.34220668247185926,75,0,0.43888888888888883,2.1589795938492613,3.959643977000269,0.0001797519998945063,"{""x_test"": ""ec45a3f0682350990a930b9f7099b7875a7d6583f649bfbb8ec2828b175be20a"", ""x_train"": ""5f502ed3020d0bcc06d0b9371263039e44236a8aae96b51022cb077553c259b8"", ""y_test"": ""731f696c171a5640eb70e7da4c1b1b5f3f043d0588aed5c4b43625e2e80f8000"", ""y_train"": ""006921638647ea9d319d8d84b8f6669122442793c07cacf33f25c2e2e66a009d""}",[]
matched-plsda-cv5-v1,ARABIDOPSIS_CEFE,Genotype10_250,2,PLS-DA-identity-matched,ok,,175,75,2152,10,"[20, 20, 18, 17, 17, 17, 18, 19, 14, 15]","[6, 6, 8, 9, 7, 7, 6, 5, 12, 9]","{""x_test"": ""/home/delete/nirs4all/nirs4all-data/classification/ARABIDOPSIS_CEFE/Genotype10_250/Xtest.csv"", ""x_train"": ""/home/delete/nirs4all/nirs4all-data/classification/ARABIDOPSIS_CEFE/Genotype10_250/Xtrain.csv"", ""y_test"": ""/home/delete/nirs4all/nirs4all-data/classification/ARABIDOPSIS_CEFE/Genotype10_250/Ytest.csv"", ""y_train"": ""/home/delete/nirs4all/nirs4all-data/classification/ARABIDOPSIS_CEFE/Genotype10_250/Ytrain.csv""}",b0b9191fd8d3b5466b40a89d785189cf4a9110e5f2331888ce8c59f1e1f27f0b,5,"[1, 2, 3, 4, 5, 6, 7, 8, 9, 10, 11, 12, 13, 14, 15]",1,0,identity,15,2.12242339247315,0.44722222222222224,0.4278692050983072,2.1582388259945096,0.32931976592423207,75,0,0.44722222222222224,2.1582388259945096,3.859333719999995,0.0001607349995538243,"{""x_test"": ""ec45a3f0682350990a930b9f7099b7875a7d6583f649bfbb8ec2828b175be20a"", ""x_train"": ""5f502ed3020d0bcc06d0b9371263039e44236a8aae96b51022cb077553c259b8"", ""y_test"": ""731f696c171a5640eb70e7da4c1b1b5f3f043d0588aed5c4b43625e2e80f8000"", ""y_train"": ""006921638647ea9d319d8d84b8f6669122442793c07cacf33f25c2e2e66a009d""}",[]
matched-plsda-cv5-v1,ARABIDOPSIS_CEFE,Group_2185,0,AOM-PLS-DA-compact9-matched,ok,,1530,655,2152,10,"[277, 136, 120, 170, 75, 147, 81, 159, 223, 142]","[108, 84, 62, 76, 59, 45, 37, 41, 69, 74]","{""x_test"": ""/home/delete/nirs4all/nirs4all-data/classification/ARABIDOPSIS_CEFE/Group_2185/Xtest.csv"", ""x_train"": ""/home/delete/nirs4all/nirs4all-data/classification/ARABIDOPSIS_CEFE/Group_2185/Xtrain.csv"", ""y_test"": ""/home/delete/nirs4all/nirs4all-data/classification/ARABIDOPSIS_CEFE/Group_2185/Ytest.csv"", ""y_train"": ""/home/delete/nirs4all/nirs4all-data/classification/ARABIDOPSIS_CEFE/Group_2185/Ytrain.csv""}",8557e159fb7943cbcc8bf6179467668c06597cff1476cf128e7c9d79703b2bc3,5,"[1, 2, 3, 4, 5, 6, 7, 8, 9, 10, 11, 12, 13, 14, 15]",9,4,sg_d1_w21_p3,15,2.2348539388165873,0.2732254309674351,0.21689309350969688,2.2589549186385933,0.11995190506746346,653,2,0.2732254309674351,2.2587302953014343,12.969957426000292,0.00030485400020552333,"{""x_test"": ""0a32dfc1eb7480db437bdd273e81dbd1c2a82f70ea9c0798c29c1c5ca847354b"", ""x_train"": ""b4eb552f00ae8b5e854832e8033ef8661cf495b7f4b99065374bc791a0413cca"", ""y_test"": ""26a42b197b1215c33ecf4f41679f203bea107a178359586023359ed6c3191d62"", ""y_train"": ""4dc5a27134955aeead84f469876adc0a607fa74e6fe07971886d81955a6d3eff""}",[]
matched-plsda-cv5-v1,ARABIDOPSIS_CEFE,Group_2185,0,PLS-DA-identity-matched,ok,,1530,655,2152,10,"[277, 136, 120, 170, 75, 147, 81, 159, 223, 142]","[108, 84, 62, 76, 59, 45, 37, 41, 69, 74]","{""x_test"": ""/home/delete/nirs4all/nirs4all-data/classification/ARABIDOPSIS_CEFE/Group_2185/Xtest.csv"", ""x_train"": ""/home/delete/nirs4all/nirs4all-data/classification/ARABIDOPSIS_CEFE/Group_2185/Xtrain.csv"", ""y_test"": ""/home/delete/nirs4all/nirs4all-data/classification/ARABIDOPSIS_CEFE/Group_2185/Ytest.csv"", ""y_train"": ""/home/delete/nirs4all/nirs4all-data/classification/ARABIDOPSIS_CEFE/Group_2185/Ytrain.csv""}",8557e159fb7943cbcc8bf6179467668c06597cff1476cf128e7c9d79703b2bc3,5,"[1, 2, 3, 4, 5, 6, 7, 8, 9, 10, 11, 12, 13, 14, 15]",1,0,identity,15,2.235756665410102,0.28070262379217137,0.2243962514640673,2.261534106481694,0.1266629497308301,653,2,0.28070262379217137,2.2613361321432883,12.742784207999648,0.0004208880000078352,"{""x_test"": ""0a32dfc1eb7480db437bdd273e81dbd1c2a82f70ea9c0798c29c1c5ca847354b"", ""x_train"": ""b4eb552f00ae8b5e854832e8033ef8661cf495b7f4b99065374bc791a0413cca"", ""y_test"": ""26a42b197b1215c33ecf4f41679f203bea107a178359586023359ed6c3191d62"", ""y_train"": ""4dc5a27134955aeead84f469876adc0a607fa74e6fe07971886d81955a6d3eff""}",[]
matched-plsda-cv5-v1,ARABIDOPSIS_CEFE,Group_2185,1,AOM-PLS-DA-compact9-matched,ok,,1530,655,2152,10,"[277, 136, 120, 170, 75, 147, 81, 159, 223, 142]","[108, 84, 62, 76, 59, 45, 37, 41, 69, 74]","{""x_test"": ""/home/delete/nirs4all/nirs4all-data/classification/ARABIDOPSIS_CEFE/Group_2185/Xtest.csv"", ""x_train"": ""/home/delete/nirs4all/nirs4all-data/classification/ARABIDOPSIS_CEFE/Group_2185/Xtrain.csv"", ""y_test"": ""/home/delete/nirs4all/nirs4all-data/classification/ARABIDOPSIS_CEFE/Group_2185/Ytest.csv"", ""y_train"": ""/home/delete/nirs4all/nirs4all-data/classification/ARABIDOPSIS_CEFE/Group_2185/Ytrain.csv""}",85f6e2f77a6f24c4e4d95cb7565a634b4a5a831eaff469db75a006c1ef941eca,5,"[1, 2, 3, 4, 5, 6, 7, 8, 9, 10, 11, 12, 13, 14, 15]",9,4,sg_d1_w21_p3,15,2.233748182714169,0.2732254309674351,0.21689309350969688,2.2589549186385933,0.11995190506746346,653,2,0.2732254309674351,2.2587302953014343,12.833756537000227,0.00027312100064591505,"{""x_test"": ""0a32dfc1eb7480db437bdd273e81dbd1c2a82f70ea9c0798c29c1c5ca847354b"", ""x_train"": ""b4eb552f00ae8b5e854832e8033ef8661cf495b7f4b99065374bc791a0413cca"", ""y_test"": ""26a42b197b1215c33ecf4f41679f203bea107a178359586023359ed6c3191d62"", ""y_train"": ""4dc5a27134955aeead84f469876adc0a607fa74e6fe07971886d81955a6d3eff""}",[]
matched-plsda-cv5-v1,ARABIDOPSIS_CEFE,Group_2185,1,PLS-DA-identity-matched,ok,,1530,655,2152,10,"[277, 136, 120, 170, 75, 147, 81, 159, 223, 142]","[108, 84, 62, 76, 59, 45, 37, 41, 69, 74]","{""x_test"": ""/home/delete/nirs4all/nirs4all-data/classification/ARABIDOPSIS_CEFE/Group_2185/Xtest.csv"", ""x_train"": ""/home/delete/nirs4all/nirs4all-data/classification/ARABIDOPSIS_CEFE/Group_2185/Xtrain.csv"", ""y_test"": ""/home/delete/nirs4all/nirs4all-data/classification/ARABIDOPSIS_CEFE/Group_2185/Ytest.csv"", ""y_train"": ""/home/delete/nirs4all/nirs4all-data/classification/ARABIDOPSIS_CEFE/Group_2185/Ytrain.csv""}",85f6e2f77a6f24c4e4d95cb7565a634b4a5a831eaff469db75a006c1ef941eca,5,"[1, 2, 3, 4, 5, 6, 7, 8, 9, 10, 11, 12, 13, 14, 15]",1,0,identity,15,2.2342556192820973,0.28070262379217137,0.2243962514640673,2.261534106481694,0.1266629497308301,653,2,0.28070262379217137,2.2613361321432883,12.631675092000478,0.0002555659993959125,"{""x_test"": ""0a32dfc1eb7480db437bdd273e81dbd1c2a82f70ea9c0798c29c1c5ca847354b"", ""x_train"": ""b4eb552f00ae8b5e854832e8033ef8661cf495b7f4b99065374bc791a0413cca"", ""y_test"": ""26a42b197b1215c33ecf4f41679f203bea107a178359586023359ed6c3191d62"", ""y_train"": ""4dc5a27134955aeead84f469876adc0a607fa74e6fe07971886d81955a6d3eff""}",[]
matched-plsda-cv5-v1,ARABIDOPSIS_CEFE,Group_2185,2,AOM-PLS-DA-compact9-matched,ok,,1530,655,2152,10,"[277, 136, 120, 170, 75, 147, 81, 159, 223, 142]","[108, 84, 62, 76, 59, 45, 37, 41, 69, 74]","{""x_test"": ""/home/delete/nirs4all/nirs4all-data/classification/ARABIDOPSIS_CEFE/Group_2185/Xtest.csv"", ""x_train"": ""/home/delete/nirs4all/nirs4all-data/classification/ARABIDOPSIS_CEFE/Group_2185/Xtrain.csv"", ""y_test"": ""/home/delete/nirs4all/nirs4all-data/classification/ARABIDOPSIS_CEFE/Group_2185/Ytest.csv"", ""y_train"": ""/home/delete/nirs4all/nirs4all-data/classification/ARABIDOPSIS_CEFE/Group_2185/Ytrain.csv""}",e3e1508dda0086aa5c42e47e2c65a48d94371ee4c71ebcd9da4f98f2911754f0,5,"[1, 2, 3, 4, 5, 6, 7, 8, 9, 10, 11, 12, 13, 14, 15]",9,0,identity,15,2.2342445143815794,0.28070262379217137,0.2243962514640673,2.261534106481694,0.1266629497308301,653,2,0.28070262379217137,2.2613361321432883,12.895160973999737,0.0002502470006220392,"{""x_test"": ""0a32dfc1eb7480db437bdd273e81dbd1c2a82f70ea9c0798c29c1c5ca847354b"", ""x_train"": ""b4eb552f00ae8b5e854832e8033ef8661cf495b7f4b99065374bc791a0413cca"", ""y_test"": ""26a42b197b1215c33ecf4f41679f203bea107a178359586023359ed6c3191d62"", ""y_train"": ""4dc5a27134955aeead84f469876adc0a607fa74e6fe07971886d81955a6d3eff""}",[]
matched-plsda-cv5-v1,ARABIDOPSIS_CEFE,Group_2185,2,PLS-DA-identity-matched,ok,,1530,655,2152,10,"[277, 136, 120, 170, 75, 147, 81, 159, 223, 142]","[108, 84, 62, 76, 59, 45, 37, 41, 69, 74]","{""x_test"": ""/home/delete/nirs4all/nirs4all-data/classification/ARABIDOPSIS_CEFE/Group_2185/Xtest.csv"", ""x_train"": ""/home/delete/nirs4all/nirs4all-data/classification/ARABIDOPSIS_CEFE/Group_2185/Xtrain.csv"", ""y_test"": ""/home/delete/nirs4all/nirs4all-data/classification/ARABIDOPSIS_CEFE/Group_2185/Ytest.csv"", ""y_train"": ""/home/delete/nirs4all/nirs4all-data/classification/ARABIDOPSIS_CEFE/Group_2185/Ytrain.csv""}",e3e1508dda0086aa5c42e47e2c65a48d94371ee4c71ebcd9da4f98f2911754f0,5,"[1, 2, 3, 4, 5, 6, 7, 8, 9, 10, 11, 12, 13, 14, 15]",1,0,identity,15,2.2342445143815794,0.28070262379217137,0.2243962514640673,2.261534106481694,0.1266629497308301,653,2,0.28070262379217137,2.2613361321432883,12.79020901900003,0.00043916800041188253,"{""x_test"": ""0a32dfc1eb7480db437bdd273e81dbd1c2a82f70ea9c0798c29c1c5ca847354b"", ""x_train"": ""b4eb552f00ae8b5e854832e8033ef8661cf495b7f4b99065374bc791a0413cca"", ""y_test"": ""26a42b197b1215c33ecf4f41679f203bea107a178359586023359ed6c3191d62"", ""y_train"": ""4dc5a27134955aeead84f469876adc0a607fa74e6fe07971886d81955a6d3eff""}",[]
matched-plsda-cv5-v1,ARABIDOPSIS_CEFE,InOut_1264,0,AOM-PLS-DA-compact9-matched,ok,,884,379,2152,2,"[270, 614]","[248, 131]","{""x_test"": ""/home/delete/nirs4all/nirs4all-data/classification/ARABIDOPSIS_CEFE/InOut_1264/Xtest.csv"", ""x_train"": ""/home/delete/nirs4all/nirs4all-data/classification/ARABIDOPSIS_CEFE/InOut_1264/Xtrain.csv"", ""y_test"": ""/home/delete/nirs4all/nirs4all-data/classification/ARABIDOPSIS_CEFE/InOut_1264/Ytest.csv"", ""y_train"": ""/home/delete/nirs4all/nirs4all-data/classification/ARABIDOPSIS_CEFE/InOut_1264/Ytrain.csv""}",37a07f7cf1aee16472d1534cb697d7a6076e1ba85204e026e8d000617e37e5c8,5,"[1, 2, 3, 4, 5, 6, 7, 8, 9, 10, 11, 12, 13, 14, 15]",9,4,sg_d1_w21_p3,15,0.514943326944806,1.0,1.0,0.515530589614417,0.4020892560577628,339,40,1.0,0.5180842134951515,7.714911142999881,0.00017083800048567355,"{""x_test"": ""a77869bff83d4c7d98bd7175aa3523dbee4ee855506d1d44704b234eaa5015d4"", ""x_train"": ""e06bf736f2dfdefc03d71670901a70e6dc5825797f6d38fc171fe53aba865bd2"", ""y_test"": ""0714c087b3aab2719eaa69e89be18dd6762e10f93b07e66892cabd8ed7373bae"", ""y_train"": ""47050edcabfb4230a5549e51b173ed35fe69671436d8d093f41425da71e1bad2""}",[]
matched-plsda-cv5-v1,ARABIDOPSIS_CEFE,InOut_1264,0,PLS-DA-identity-matched,ok,,884,379,2152,2,"[270, 614]","[248, 131]","{""x_test"": ""/home/delete/nirs4all/nirs4all-data/classification/ARABIDOPSIS_CEFE/InOut_1264/Xtest.csv"", ""x_train"": ""/home/delete/nirs4all/nirs4all-data/classification/ARABIDOPSIS_CEFE/InOut_1264/Xtrain.csv"", ""y_test"": ""/home/delete/nirs4all/nirs4all-data/classification/ARABIDOPSIS_CEFE/InOut_1264/Ytest.csv"", ""y_train"": ""/home/delete/nirs4all/nirs4all-data/classification/ARABIDOPSIS_CEFE/InOut_1264/Ytrain.csv""}",37a07f7cf1aee16472d1534cb697d7a6076e1ba85204e026e8d000617e37e5c8,5,"[1, 2, 3, 4, 5, 6, 7, 8, 9, 10, 11, 12, 13, 14, 15]",1,0,identity,15,0.5204751592873081,1.0,1.0,0.5194663678383202,0.40437947016213605,339,40,1.0,0.5232836358471346,7.597601274000226,0.000137420000100974,"{""x_test"": ""a77869bff83d4c7d98bd7175aa3523dbee4ee855506d1d44704b234eaa5015d4"", ""x_train"": ""e06bf736f2dfdefc03d71670901a70e6dc5825797f6d38fc171fe53aba865bd2"", ""y_test"": ""0714c087b3aab2719eaa69e89be18dd6762e10f93b07e66892cabd8ed7373bae"", ""y_train"": ""47050edcabfb4230a5549e51b173ed35fe69671436d8d093f41425da71e1bad2""}",[]
matched-plsda-cv5-v1,ARABIDOPSIS_CEFE,InOut_1264,1,AOM-PLS-DA-compact9-matched,ok,,884,379,2152,2,"[270, 614]","[248, 131]","{""x_test"": ""/home/delete/nirs4all/nirs4all-data/classification/ARABIDOPSIS_CEFE/InOut_1264/Xtest.csv"", ""x_train"": ""/home/delete/nirs4all/nirs4all-data/classification/ARABIDOPSIS_CEFE/InOut_1264/Xtrain.csv"", ""y_test"": ""/home/delete/nirs4all/nirs4all-data/classification/ARABIDOPSIS_CEFE/InOut_1264/Ytest.csv"", ""y_train"": ""/home/delete/nirs4all/nirs4all-data/classification/ARABIDOPSIS_CEFE/InOut_1264/Ytrain.csv""}",63873be55c2e9b3d26741095776c8082e0a8f097d93c3fa97cc4bd7c5b7de6b7,5,"[1, 2, 3, 4, 5, 6, 7, 8, 9, 10, 11, 12, 13, 14, 15]",9,4,sg_d1_w21_p3,15,0.5147795798926682,1.0,1.0,0.515530589614417,0.4020892560577628,339,40,1.0,0.5180842134951515,7.871129592000216,0.00018654999985301401,"{""x_test"": ""a77869bff83d4c7d98bd7175aa3523dbee4ee855506d1d44704b234eaa5015d4"", ""x_train"": ""e06bf736f2dfdefc03d71670901a70e6dc5825797f6d38fc171fe53aba865bd2"", ""y_test"": ""0714c087b3aab2719eaa69e89be18dd6762e10f93b07e66892cabd8ed7373bae"", ""y_train"": ""47050edcabfb4230a5549e51b173ed35fe69671436d8d093f41425da71e1bad2""}",[]
matched-plsda-cv5-v1,ARABIDOPSIS_CEFE,InOut_1264,1,PLS-DA-identity-matched,ok,,884,379,2152,2,"[270, 614]","[248, 131]","{""x_test"": ""/home/delete/nirs4all/nirs4all-data/classification/ARABIDOPSIS_CEFE/InOut_1264/Xtest.csv"", ""x_train"": ""/home/delete/nirs4all/nirs4all-data/classification/ARABIDOPSIS_CEFE/InOut_1264/Xtrain.csv"", ""y_test"": ""/home/delete/nirs4all/nirs4all-data/classification/ARABIDOPSIS_CEFE/InOut_1264/Ytest.csv"", ""y_train"": ""/home/delete/nirs4all/nirs4all-data/classification/ARABIDOPSIS_CEFE/InOut_1264/Ytrain.csv""}",63873be55c2e9b3d26741095776c8082e0a8f097d93c3fa97cc4bd7c5b7de6b7,5,"[1, 2, 3, 4, 5, 6, 7, 8, 9, 10, 11, 12, 13, 14, 15]",1,0,identity,15,0.5224275130252669,1.0,1.0,0.5194663678383202,0.40437947016213605,339,40,1.0,0.5232836358471346,7.766363007000109,0.000128649000544101,"{""x_test"": ""a77869bff83d4c7d98bd7175aa3523dbee4ee855506d1d44704b234eaa5015d4"", ""x_train"": ""e06bf736f2dfdefc03d71670901a70e6dc5825797f6d38fc171fe53aba865bd2"", ""y_test"": ""0714c087b3aab2719eaa69e89be18dd6762e10f93b07e66892cabd8ed7373bae"", ""y_train"": ""47050edcabfb4230a5549e51b173ed35fe69671436d8d093f41425da71e1bad2""}",[]
matched-plsda-cv5-v1,ARABIDOPSIS_CEFE,InOut_1264,2,AOM-PLS-DA-compact9-matched,ok,,884,379,2152,2,"[270, 614]","[248, 131]","{""x_test"": ""/home/delete/nirs4all/nirs4all-data/classification/ARABIDOPSIS_CEFE/InOut_1264/Xtest.csv"", ""x_train"": ""/home/delete/nirs4all/nirs4all-data/classification/ARABIDOPSIS_CEFE/InOut_1264/Xtrain.csv"", ""y_test"": ""/home/delete/nirs4all/nirs4all-data/classification/ARABIDOPSIS_CEFE/InOut_1264/Ytest.csv"", ""y_train"": ""/home/delete/nirs4all/nirs4all-data/classification/ARABIDOPSIS_CEFE/InOut_1264/Ytrain.csv""}",5f9b9d294ef9a3560ee9c81f21e0d37e5545184d7a93b6345be7e692063a3bd2,5,"[1, 2, 3, 4, 5, 6, 7, 8, 9, 10, 11, 12, 13, 14, 15]",9,4,sg_d1_w21_p3,15,0.5139773643440779,1.0,1.0,0.515530589614417,0.4020892560577628,339,40,1.0,0.5180842134951515,6.472988759000145,0.00017571299940755125,"{""x_test"": ""a77869bff83d4c7d98bd7175aa3523dbee4ee855506d1d44704b234eaa5015d4"", ""x_train"": ""e06bf736f2dfdefc03d71670901a70e6dc5825797f6d38fc171fe53aba865bd2"", ""y_test"": ""0714c087b3aab2719eaa69e89be18dd6762e10f93b07e66892cabd8ed7373bae"", ""y_train"": ""47050edcabfb4230a5549e51b173ed35fe69671436d8d093f41425da71e1bad2""}",[]
matched-plsda-cv5-v1,ARABIDOPSIS_CEFE,InOut_1264,2,PLS-DA-identity-matched,ok,,884,379,2152,2,"[270, 614]","[248, 131]","{""x_test"": ""/home/delete/nirs4all/nirs4all-data/classification/ARABIDOPSIS_CEFE/InOut_1264/Xtest.csv"", ""x_train"": ""/home/delete/nirs4all/nirs4all-data/classification/ARABIDOPSIS_CEFE/InOut_1264/Xtrain.csv"", ""y_test"": ""/home/delete/nirs4all/nirs4all-data/classification/ARABIDOPSIS_CEFE/InOut_1264/Ytest.csv"", ""y_train"": ""/home/delete/nirs4all/nirs4all-data/classification/ARABIDOPSIS_CEFE/InOut_1264/Ytrain.csv""}",5f9b9d294ef9a3560ee9c81f21e0d37e5545184d7a93b6345be7e692063a3bd2,5,"[1, 2, 3, 4, 5, 6, 7, 8, 9, 10, 11, 12, 13, 14, 15]",1,0,identity,15,0.5165933583297306,1.0,1.0,0.5194663678383202,0.40437947016213605,339,40,1.0,0.5232836358471346,6.34281678699972,0.00030725499982509064,"{""x_test"": ""a77869bff83d4c7d98bd7175aa3523dbee4ee855506d1d44704b234eaa5015d4"", ""x_train"": ""e06bf736f2dfdefc03d71670901a70e6dc5825797f6d38fc171fe53aba865bd2"", ""y_test"": ""0714c087b3aab2719eaa69e89be18dd6762e10f93b07e66892cabd8ed7373bae"", ""y_train"": ""47050edcabfb4230a5549e51b173ed35fe69671436d8d093f41425da71e1bad2""}",[]
matched-plsda-cv5-v1,BEEF_Impurity,Beef_Impurity_60_AlJowder,0,AOM-PLS-DA-compact9-matched,ok,,30,30,470,5,"[6, 6, 6, 6, 6]","[6, 6, 6, 6, 6]","{""x_test"": ""/home/delete/nirs4all/nirs4all-data/classification/BEEF_Impurity/Beef_Impurity_60_AlJowder/Xtest.csv"", ""x_train"": ""/home/delete/nirs4all/nirs4all-data/classification/BEEF_Impurity/Beef_Impurity_60_AlJowder/Xtrain.csv"", ""y_test"": ""/home/delete/nirs4all/nirs4all-data/classification/BEEF_Impurity/Beef_Impurity_60_AlJowder/Ytest.csv"", ""y_train"": ""/home/delete/nirs4all/nirs4all-data/classification/BEEF_Impurity/Beef_Impurity_60_AlJowder/Ytrain.csv""}",ad2accc5bf67cfc0eecd9c4c3a37d2b3551c87e8be3a78b754e5415e84d323af,5,"[1, 2, 3, 4, 5, 6, 7, 8, 9, 10, 11, 12, 13, 14, 15]",9,0,identity,15,1.1609177042017176,0.9333333333333333,0.9328671328671329,1.1264287428890436,0.5927030216927663,30,0,0.9333333333333333,1.1264287428890436,1.4880307240000548,0.00011304300005576806,"{""x_test"": ""cd09cf0313d9f8541a018886b47e143f1dd4ff3bd872a2a3fc4d402ef81d7d15"", ""x_train"": ""433043b912a438cfb4c7715f04aa81c93aa8ea318cdc9af9095d8fe9603f755d"", ""y_test"": ""b9af8adb23e3686854f7fbadbe62d802cdebea4227ea2d08fa18f020d997f4ad"", ""y_train"": ""b9af8adb23e3686854f7fbadbe62d802cdebea4227ea2d08fa18f020d997f4ad""}",[]
matched-plsda-cv5-v1,BEEF_Impurity,Beef_Impurity_60_AlJowder,0,PLS-DA-identity-matched,ok,,30,30,470,5,"[6, 6, 6, 6, 6]","[6, 6, 6, 6, 6]","{""x_test"": ""/home/delete/nirs4all/nirs4all-data/classification/BEEF_Impurity/Beef_Impurity_60_AlJowder/Xtest.csv"", ""x_train"": ""/home/delete/nirs4all/nirs4all-data/classification/BEEF_Impurity/Beef_Impurity_60_AlJowder/Xtrain.csv"", ""y_test"": ""/home/delete/nirs4all/nirs4all-data/classification/BEEF_Impurity/Beef_Impurity_60_AlJowder/Ytest.csv"", ""y_train"": ""/home/delete/nirs4all/nirs4all-data/classification/BEEF_Impurity/Beef_Impurity_60_AlJowder/Ytrain.csv""}",ad2accc5bf67cfc0eecd9c4c3a37d2b3551c87e8be3a78b754e5415e84d323af,5,"[1, 2, 3, 4, 5, 6, 7, 8, 9, 10, 11, 12, 13, 14, 15]",1,0,identity,15,1.1609177042017176,0.9333333333333333,0.9328671328671329,1.1264287428890436,0.5927030216927663,30,0,0.9333333333333333,1.1264287428890436,1.4834652629997436,0.0001534409993837471,"{""x_test"": ""cd09cf0313d9f8541a018886b47e143f1dd4ff3bd872a2a3fc4d402ef81d7d15"", ""x_train"": ""433043b912a438cfb4c7715f04aa81c93aa8ea318cdc9af9095d8fe9603f755d"", ""y_test"": ""b9af8adb23e3686854f7fbadbe62d802cdebea4227ea2d08fa18f020d997f4ad"", ""y_train"": ""b9af8adb23e3686854f7fbadbe62d802cdebea4227ea2d08fa18f020d997f4ad""}",[]
matched-plsda-cv5-v1,BEEF_Impurity,Beef_Impurity_60_AlJowder,1,AOM-PLS-DA-compact9-matched,ok,,30,30,470,5,"[6, 6, 6, 6, 6]","[6, 6, 6, 6, 6]","{""x_test"": ""/home/delete/nirs4all/nirs4all-data/classification/BEEF_Impurity/Beef_Impurity_60_AlJowder/Xtest.csv"", ""x_train"": ""/home/delete/nirs4all/nirs4all-data/classification/BEEF_Impurity/Beef_Impurity_60_AlJowder/Xtrain.csv"", ""y_test"": ""/home/delete/nirs4all/nirs4all-data/classification/BEEF_Impurity/Beef_Impurity_60_AlJowder/Ytest.csv"", ""y_train"": ""/home/delete/nirs4all/nirs4all-data/classification/BEEF_Impurity/Beef_Impurity_60_AlJowder/Ytrain.csv""}",a5562199da8755aa7c3e98ea1c384cf1099b3c0f9e3d44f2c3e6cdfcc8b406fb,5,"[1, 2, 3, 4, 5, 6, 7, 8, 9, 10, 11, 12, 13, 14, 15]",9,7,detrend_d2,15,1.1749681065643158,0.8666666666666666,0.8736363636363637,1.1635514284262913,0.565580365578771,30,0,0.8666666666666666,1.1635514284262913,1.617729108000276,0.0004565460003504995,"{""x_test"": ""cd09cf0313d9f8541a018886b47e143f1dd4ff3bd872a2a3fc4d402ef81d7d15"", ""x_train"": ""433043b912a438cfb4c7715f04aa81c93aa8ea318cdc9af9095d8fe9603f755d"", ""y_test"": ""b9af8adb23e3686854f7fbadbe62d802cdebea4227ea2d08fa18f020d997f4ad"", ""y_train"": ""b9af8adb23e3686854f7fbadbe62d802cdebea4227ea2d08fa18f020d997f4ad""}",[]
matched-plsda-cv5-v1,BEEF_Impurity,Beef_Impurity_60_AlJowder,1,PLS-DA-identity-matched,ok,,30,30,470,5,"[6, 6, 6, 6, 6]","[6, 6, 6, 6, 6]","{""x_test"": ""/home/delete/nirs4all/nirs4all-data/classification/BEEF_Impurity/Beef_Impurity_60_AlJowder/Xtest.csv"", ""x_train"": ""/home/delete/nirs4all/nirs4all-data/classification/BEEF_Impurity/Beef_Impurity_60_AlJowder/Xtrain.csv"", ""y_test"": ""/home/delete/nirs4all/nirs4all-data/classification/BEEF_Impurity/Beef_Impurity_60_AlJowder/Ytest.csv"", ""y_train"": ""/home/delete/nirs4all/nirs4all-data/classification/BEEF_Impurity/Beef_Impurity_60_AlJowder/Ytrain.csv""}",a5562199da8755aa7c3e98ea1c384cf1099b3c0f9e3d44f2c3e6cdfcc8b406fb,5,"[1, 2, 3, 4, 5, 6, 7, 8, 9, 10, 11, 12, 13, 14, 15]",1,0,identity,15,1.2093736490224447,0.9333333333333333,0.9328671328671329,1.1264287428890436,0.5927030216927663,30,0,0.9333333333333333,1.1264287428890436,1.6131976990000112,0.00014527999974234262,"{""x_test"": ""cd09cf0313d9f8541a018886b47e143f1dd4ff3bd872a2a3fc4d402ef81d7d15"", ""x_train"": ""433043b912a438cfb4c7715f04aa81c93aa8ea318cdc9af9095d8fe9603f755d"", ""y_test"": ""b9af8adb23e3686854f7fbadbe62d802cdebea4227ea2d08fa18f020d997f4ad"", ""y_train"": ""b9af8adb23e3686854f7fbadbe62d802cdebea4227ea2d08fa18f020d997f4ad""}",[]
matched-plsda-cv5-v1,BEEF_Impurity,Beef_Impurity_60_AlJowder,2,AOM-PLS-DA-compact9-matched,ok,,30,30,470,5,"[6, 6, 6, 6, 6]","[6, 6, 6, 6, 6]","{""x_test"": ""/home/delete/nirs4all/nirs4all-data/classification/BEEF_Impurity/Beef_Impurity_60_AlJowder/Xtest.csv"", ""x_train"": ""/home/delete/nirs4all/nirs4all-data/classification/BEEF_Impurity/Beef_Impurity_60_AlJowder/Xtrain.csv"", ""y_test"": ""/home/delete/nirs4all/nirs4all-data/classification/BEEF_Impurity/Beef_Impurity_60_AlJowder/Ytest.csv"", ""y_train"": ""/home/delete/nirs4all/nirs4all-data/classification/BEEF_Impurity/Beef_Impurity_60_AlJowder/Ytrain.csv""}",00e05e0736387084f052907bdab299410f78b213a76223029da8620f03349c65,5,"[1, 2, 3, 4, 5, 6, 7, 8, 9, 10, 11, 12, 13, 14, 15]",9,1,sg_smooth_w11_p2,14,1.1797101569023896,0.9333333333333333,0.9328671328671329,1.134512519832428,0.595326454417673,30,0,0.9333333333333333,1.134512519832428,1.5750905089998923,0.0001316070001848857,"{""x_test"": ""cd09cf0313d9f8541a018886b47e143f1dd4ff3bd872a2a3fc4d402ef81d7d15"", ""x_train"": ""433043b912a438cfb4c7715f04aa81c93aa8ea318cdc9af9095d8fe9603f755d"", ""y_test"": ""b9af8adb23e3686854f7fbadbe62d802cdebea4227ea2d08fa18f020d997f4ad"", ""y_train"": ""b9af8adb23e3686854f7fbadbe62d802cdebea4227ea2d08fa18f020d997f4ad""}",[]
matched-plsda-cv5-v1,BEEF_Impurity,Beef_Impurity_60_AlJowder,2,PLS-DA-identity-matched,ok,,30,30,470,5,"[6, 6, 6, 6, 6]","[6, 6, 6, 6, 6]","{""x_test"": ""/home/delete/nirs4all/nirs4all-data/classification/BEEF_Impurity/Beef_Impurity_60_AlJowder/Xtest.csv"", ""x_train"": ""/home/delete/nirs4all/nirs4all-data/classification/BEEF_Impurity/Beef_Impurity_60_AlJowder/Xtrain.csv"", ""y_test"": ""/home/delete/nirs4all/nirs4all-data/classification/BEEF_Impurity/Beef_Impurity_60_AlJowder/Ytest.csv"", ""y_train"": ""/home/delete/nirs4all/nirs4all-data/classification/BEEF_Impurity/Beef_Impurity_60_AlJowder/Ytrain.csv""}",00e05e0736387084f052907bdab299410f78b213a76223029da8620f03349c65,5,"[1, 2, 3, 4, 5, 6, 7, 8, 9, 10, 11, 12, 13, 14, 15]",1,0,identity,15,1.1896018129332124,0.9333333333333333,0.9328671328671329,1.1264287428890436,0.5927030216927663,30,0,0.9333333333333333,1.1264287428890436,1.565046696000536,0.0001281000004382804,"{""x_test"": ""cd09cf0313d9f8541a018886b47e143f1dd4ff3bd872a2a3fc4d402ef81d7d15"", ""x_train"": ""433043b912a438cfb4c7715f04aa81c93aa8ea318cdc9af9095d8fe9603f755d"", ""y_test"": ""b9af8adb23e3686854f7fbadbe62d802cdebea4227ea2d08fa18f020d997f4ad"", ""y_train"": ""b9af8adb23e3686854f7fbadbe62d802cdebea4227ea2d08fa18f020d997f4ad""}",[]
matched-plsda-cv5-v1,COFFEE_orig,CoffeeType_kenstone70_strat,0,AOM-PLS-DA-compact9-matched,ok,,49,21,601,7,"[7, 7, 7, 7, 7, 7, 7]","[3, 3, 3, 3, 3, 3, 3]","{""x_test"": ""/home/delete/nirs4all/nirs4all-data/classification/COFFEE_orig/CoffeeType_kenstone70_strat/Xtest.csv"", ""x_train"": ""/home/delete/nirs4all/nirs4all-data/classification/COFFEE_orig/CoffeeType_kenstone70_strat/Xtrain.csv"", ""y_test"": ""/home/delete/nirs4all/nirs4all-data/classification/COFFEE_orig/CoffeeType_kenstone70_strat/Ytest.csv"", ""y_train"": ""/home/delete/nirs4all/nirs4all-data/classification/COFFEE_orig/CoffeeType_kenstone70_strat/Ytrain.csv""}",1d4922315d8c3d98a7297778a74d369ebd2269a4f9d0178f8d4fc9daf20c0a52,5,"[1, 2, 3, 4, 5, 6, 7, 8, 9, 10, 11, 12, 13, 14, 15]",9,2,sg_smooth_w21_p3,15,1.4325473863147962,0.9523809523809524,0.9510204081632653,1.426546803251875,0.7084636219763787,21,0,0.9523809523809524,1.426546803251875,1.7211860719999095,0.00011696399997163098,"{""x_test"": ""d9eda2adc10086ed3c1790a889ae2d88b8ebe85ff7e310874d1e1808d5af65d3"", ""x_train"": ""c55726851ca771ca6254145b7870eea5da42181b557a070833d901b562b5b077"", ""y_test"": ""5b812906ea9b00311e606bf061cd07561e13d4c07da8640dbc2dbb49cc81ae50"", ""y_train"": ""50868940e01eba858a6b1cc7504f2e321b3b32cfe01283d2909471283d5716e0""}",[]
matched-plsda-cv5-v1,COFFEE_orig,CoffeeType_kenstone70_strat,0,PLS-DA-identity-matched,ok,,49,21,601,7,"[7, 7, 7, 7, 7, 7, 7]","[3, 3, 3, 3, 3, 3, 3]","{""x_test"": ""/home/delete/nirs4all/nirs4all-data/classification/COFFEE_orig/CoffeeType_kenstone70_strat/Xtest.csv"", ""x_train"": ""/home/delete/nirs4all/nirs4all-data/classification/COFFEE_orig/CoffeeType_kenstone70_strat/Xtrain.csv"", ""y_test"": ""/home/delete/nirs4all/nirs4all-data/classification/COFFEE_orig/CoffeeType_kenstone70_strat/Ytest.csv"", ""y_train"": ""/home/delete/nirs4all/nirs4all-data/classification/COFFEE_orig/CoffeeType_kenstone70_strat/Ytrain.csv""}",1d4922315d8c3d98a7297778a74d369ebd2269a4f9d0178f8d4fc9daf20c0a52,5,"[1, 2, 3, 4, 5, 6, 7, 8, 9, 10, 11, 12, 13, 14, 15]",1,0,identity,15,1.4453883109469934,0.9523809523809524,0.9510204081632653,1.4175028134557555,0.70731515982174,21,0,0.9523809523809524,1.4175028134557555,1.7079974440002843,0.00013702600062970305,"{""x_test"": ""d9eda2adc10086ed3c1790a889ae2d88b8ebe85ff7e310874d1e1808d5af65d3"", ""x_train"": ""c55726851ca771ca6254145b7870eea5da42181b557a070833d901b562b5b077"", ""y_test"": ""5b812906ea9b00311e606bf061cd07561e13d4c07da8640dbc2dbb49cc81ae50"", ""y_train"": ""50868940e01eba858a6b1cc7504f2e321b3b32cfe01283d2909471283d5716e0""}",[]
matched-plsda-cv5-v1,COFFEE_orig,CoffeeType_kenstone70_strat,1,AOM-PLS-DA-compact9-matched,ok,,49,21,601,7,"[7, 7, 7, 7, 7, 7, 7]","[3, 3, 3, 3, 3, 3, 3]","{""x_test"": ""/home/delete/nirs4all/nirs4all-data/classification/COFFEE_orig/CoffeeType_kenstone70_strat/Xtest.csv"", ""x_train"": ""/home/delete/nirs4all/nirs4all-data/classification/COFFEE_orig/CoffeeType_kenstone70_strat/Xtrain.csv"", ""y_test"": ""/home/delete/nirs4all/nirs4all-data/classification/COFFEE_orig/CoffeeType_kenstone70_strat/Ytest.csv"", ""y_train"": ""/home/delete/nirs4all/nirs4all-data/classification/COFFEE_orig/CoffeeType_kenstone70_strat/Ytrain.csv""}",8f28ae552f9e7ee3b527d9fc9a06a099ae47448718b8897013cb0c4face3bfb1,5,"[1, 2, 3, 4, 5, 6, 7, 8, 9, 10, 11, 12, 13, 14, 15]",9,2,sg_smooth_w21_p3,14,1.4310846579688659,0.9523809523809524,0.9510204081632653,1.4214248088940353,0.7081544048546006,21,0,0.9523809523809524,1.4214248088940353,1.7856461339997622,0.00014915599967935123,"{""x_test"": ""d9eda2adc10086ed3c1790a889ae2d88b8ebe85ff7e310874d1e1808d5af65d3"", ""x_train"": ""c55726851ca771ca6254145b7870eea5da42181b557a070833d901b562b5b077"", ""y_test"": ""5b812906ea9b00311e606bf061cd07561e13d4c07da8640dbc2dbb49cc81ae50"", ""y_train"": ""50868940e01eba858a6b1cc7504f2e321b3b32cfe01283d2909471283d5716e0""}",[]
matched-plsda-cv5-v1,COFFEE_orig,CoffeeType_kenstone70_strat,1,PLS-DA-identity-matched,ok,,49,21,601,7,"[7, 7, 7, 7, 7, 7, 7]","[3, 3, 3, 3, 3, 3, 3]","{""x_test"": ""/home/delete/nirs4all/nirs4all-data/classification/COFFEE_orig/CoffeeType_kenstone70_strat/Xtest.csv"", ""x_train"": ""/home/delete/nirs4all/nirs4all-data/classification/COFFEE_orig/CoffeeType_kenstone70_strat/Xtrain.csv"", ""y_test"": ""/home/delete/nirs4all/nirs4all-data/classification/COFFEE_orig/CoffeeType_kenstone70_strat/Ytest.csv"", ""y_train"": ""/home/delete/nirs4all/nirs4all-data/classification/COFFEE_orig/CoffeeType_kenstone70_strat/Ytrain.csv""}",8f28ae552f9e7ee3b527d9fc9a06a099ae47448718b8897013cb0c4face3bfb1,5,"[1, 2, 3, 4, 5, 6, 7, 8, 9, 10, 11, 12, 13, 14, 15]",1,0,identity,14,1.4339530329832726,0.9523809523809524,0.9510204081632653,1.4172401371828935,0.7073275264687001,21,0,0.9523809523809524,1.4172401371828935,1.7698483869999109,0.00013065800067124655,"{""x_test"": ""d9eda2adc10086ed3c1790a889ae2d88b8ebe85ff7e310874d1e1808d5af65d3"", ""x_train"": ""c55726851ca771ca6254145b7870eea5da42181b557a070833d901b562b5b077"", ""y_test"": ""5b812906ea9b00311e606bf061cd07561e13d4c07da8640dbc2dbb49cc81ae50"", ""y_train"": ""50868940e01eba858a6b1cc7504f2e321b3b32cfe01283d2909471283d5716e0""}",[]
matched-plsda-cv5-v1,COFFEE_orig,CoffeeType_kenstone70_strat,2,AOM-PLS-DA-compact9-matched,ok,,49,21,601,7,"[7, 7, 7, 7, 7, 7, 7]","[3, 3, 3, 3, 3, 3, 3]","{""x_test"": ""/home/delete/nirs4all/nirs4all-data/classification/COFFEE_orig/CoffeeType_kenstone70_strat/Xtest.csv"", ""x_train"": ""/home/delete/nirs4all/nirs4all-data/classification/COFFEE_orig/CoffeeType_kenstone70_strat/Xtrain.csv"", ""y_test"": ""/home/delete/nirs4all/nirs4all-data/classification/COFFEE_orig/CoffeeType_kenstone70_strat/Ytest.csv"", ""y_train"": ""/home/delete/nirs4all/nirs4all-data/classification/COFFEE_orig/CoffeeType_kenstone70_strat/Ytrain.csv""}",e49a64af1239520eea03ec1d275aa8e8b4ecf110ab10b016673344a88134018f,5,"[1, 2, 3, 4, 5, 6, 7, 8, 9, 10, 11, 12, 13, 14, 15]",9,2,sg_smooth_w21_p3,15,1.4314233827017808,0.9523809523809524,0.9510204081632653,1.426546803251875,0.7084636219763787,21,0,0.9523809523809524,1.426546803251875,1.7305748019998646,0.00015036999957374064,"{""x_test"": ""d9eda2adc10086ed3c1790a889ae2d88b8ebe85ff7e310874d1e1808d5af65d3"", ""x_train"": ""c55726851ca771ca6254145b7870eea5da42181b557a070833d901b562b5b077"", ""y_test"": ""5b812906ea9b00311e606bf061cd07561e13d4c07da8640dbc2dbb49cc81ae50"", ""y_train"": ""50868940e01eba858a6b1cc7504f2e321b3b32cfe01283d2909471283d5716e0""}",[]
matched-plsda-cv5-v1,COFFEE_orig,CoffeeType_kenstone70_strat,2,PLS-DA-identity-matched,ok,,49,21,601,7,"[7, 7, 7, 7, 7, 7, 7]","[3, 3, 3, 3, 3, 3, 3]","{""x_test"": ""/home/delete/nirs4all/nirs4all-data/classification/COFFEE_orig/CoffeeType_kenstone70_strat/Xtest.csv"", ""x_train"": ""/home/delete/nirs4all/nirs4all-data/classification/COFFEE_orig/CoffeeType_kenstone70_strat/Xtrain.csv"", ""y_test"": ""/home/delete/nirs4all/nirs4all-data/classification/COFFEE_orig/CoffeeType_kenstone70_strat/Ytest.csv"", ""y_train"": ""/home/delete/nirs4all/nirs4all-data/classification/COFFEE_orig/CoffeeType_kenstone70_strat/Ytrain.csv""}",e49a64af1239520eea03ec1d275aa8e8b4ecf110ab10b016673344a88134018f,5,"[1, 2, 3, 4, 5, 6, 7, 8, 9, 10, 11, 12, 13, 14, 15]",1,0,identity,15,1.4397420622037238,0.9523809523809524,0.9510204081632653,1.4175028134557555,0.70731515982174,21,0,0.9523809523809524,1.4175028134557555,1.7165621309995913,0.00013848699927621055,"{""x_test"": ""d9eda2adc10086ed3c1790a889ae2d88b8ebe85ff7e310874d1e1808d5af65d3"", ""x_train"": ""c55726851ca771ca6254145b7870eea5da42181b557a070833d901b562b5b077"", ""y_test"": ""5b812906ea9b00311e606bf061cd07561e13d4c07da8640dbc2dbb49cc81ae50"", ""y_train"": ""50868940e01eba858a6b1cc7504f2e321b3b32cfe01283d2909471283d5716e0""}",[]
matched-plsda-cv5-v1,COFFEE_sp,Species_56_Bagnall,0,AOM-PLS-DA-compact9-matched,ok,,28,28,286,2,"[14, 14]","[15, 13]","{""x_test"": ""/home/delete/nirs4all/nirs4all-data/classification/COFFEE_sp/Species_56_Bagnall/Xval.csv"", ""x_train"": ""/home/delete/nirs4all/nirs4all-data/classification/COFFEE_sp/Species_56_Bagnall/Xcal.csv"", ""y_test"": ""/home/delete/nirs4all/nirs4all-data/classification/COFFEE_sp/Species_56_Bagnall/Yval.csv"", ""y_train"": ""/home/delete/nirs4all/nirs4all-data/classification/COFFEE_sp/Species_56_Bagnall/Ycal.csv""}",4a0fd515932d10d7d6e0aa2fb6d0c60c6696aa141d4f6b546d7d7c30fd725dae,5,"[1, 2, 3, 4, 5, 6, 7, 8, 9, 10, 11, 12, 13, 14, 15]",9,3,sg_d1_w11_p2,6,0.5240961543366099,1.0,1.0,0.5214534006901876,0.4058025198845978,28,0,1.0,0.5214534006901876,1.329068460999224,0.0001356980001219199,"{""x_test"": ""04f6845ebf3d4aeb7568b0f2b95f70e56eb05a1a08caa11bd5282856e0d09350"", ""x_train"": ""aaa1edd68edadf4d1e323f4df97686a414f9f1ee8b59b863a71f9abace489a73"", ""y_test"": ""d8fac7f401bddda4b7bac4e57852b76897fab6ac8d87853a47fc9234b118e7fa"", ""y_train"": ""e028ff15aa55decfd772f8dc1265cac7f24daa54b91a2cbc5814f4cf4c646748""}",[]
matched-plsda-cv5-v1,COFFEE_sp,Species_56_Bagnall,0,PLS-DA-identity-matched,ok,,28,28,286,2,"[14, 14]","[15, 13]","{""x_test"": ""/home/delete/nirs4all/nirs4all-data/classification/COFFEE_sp/Species_56_Bagnall/Xval.csv"", ""x_train"": ""/home/delete/nirs4all/nirs4all-data/classification/COFFEE_sp/Species_56_Bagnall/Xcal.csv"", ""y_test"": ""/home/delete/nirs4all/nirs4all-data/classification/COFFEE_sp/Species_56_Bagnall/Yval.csv"", ""y_train"": ""/home/delete/nirs4all/nirs4all-data/classification/COFFEE_sp/Species_56_Bagnall/Ycal.csv""}",4a0fd515932d10d7d6e0aa2fb6d0c60c6696aa141d4f6b546d7d7c30fd725dae,5,"[1, 2, 3, 4, 5, 6, 7, 8, 9, 10, 11, 12, 13, 14, 15]",1,0,identity,4,0.5289630674031692,1.0,1.0,0.5251736919173396,0.4079898329805147,28,0,1.0,0.5251736919173396,1.31954006199976,0.0001415010001437622,"{""x_test"": ""04f6845ebf3d4aeb7568b0f2b95f70e56eb05a1a08caa11bd5282856e0d09350"", ""x_train"": ""aaa1edd68edadf4d1e323f4df97686a414f9f1ee8b59b863a71f9abace489a73"", ""y_test"": ""d8fac7f401bddda4b7bac4e57852b76897fab6ac8d87853a47fc9234b118e7fa"", ""y_train"": ""e028ff15aa55decfd772f8dc1265cac7f24daa54b91a2cbc5814f4cf4c646748""}",[]
matched-plsda-cv5-v1,COFFEE_sp,Species_56_Bagnall,1,AOM-PLS-DA-compact9-matched,ok,,28,28,286,2,"[14, 14]","[15, 13]","{""x_test"": ""/home/delete/nirs4all/nirs4all-data/classification/COFFEE_sp/Species_56_Bagnall/Xval.csv"", ""x_train"": ""/home/delete/nirs4all/nirs4all-data/classification/COFFEE_sp/Species_56_Bagnall/Xcal.csv"", ""y_test"": ""/home/delete/nirs4all/nirs4all-data/classification/COFFEE_sp/Species_56_Bagnall/Yval.csv"", ""y_train"": ""/home/delete/nirs4all/nirs4all-data/classification/COFFEE_sp/Species_56_Bagnall/Ycal.csv""}",a9294d6fa9e43a2c1a0167af40e37757e5d66e925ce83c5a59e8d753a0da205a,5,"[1, 2, 3, 4, 5, 6, 7, 8, 9, 10, 11, 12, 13, 14, 15]",9,2,sg_smooth_w21_p3,14,0.5147964394358088,1.0,1.0,0.5166115938989948,0.40288561192354283,28,0,1.0,0.5166115938989948,1.2968603629997233,0.00011414699929446215,"{""x_test"": ""04f6845ebf3d4aeb7568b0f2b95f70e56eb05a1a08caa11bd5282856e0d09350"", ""x_train"": ""aaa1edd68edadf4d1e323f4df97686a414f9f1ee8b59b863a71f9abace489a73"", ""y_test"": ""d8fac7f401bddda4b7bac4e57852b76897fab6ac8d87853a47fc9234b118e7fa"", ""y_train"": ""e028ff15aa55decfd772f8dc1265cac7f24daa54b91a2cbc5814f4cf4c646748""}",[]
matched-plsda-cv5-v1,COFFEE_sp,Species_56_Bagnall,1,PLS-DA-identity-matched,ok,,28,28,286,2,"[14, 14]","[15, 13]","{""x_test"": ""/home/delete/nirs4all/nirs4all-data/classification/COFFEE_sp/Species_56_Bagnall/Xval.csv"", ""x_train"": ""/home/delete/nirs4all/nirs4all-data/classification/COFFEE_sp/Species_56_Bagnall/Xcal.csv"", ""y_test"": ""/home/delete/nirs4all/nirs4all-data/classification/COFFEE_sp/Species_56_Bagnall/Yval.csv"", ""y_train"": ""/home/delete/nirs4all/nirs4all-data/classification/COFFEE_sp/Species_56_Bagnall/Ycal.csv""}",a9294d6fa9e43a2c1a0167af40e37757e5d66e925ce83c5a59e8d753a0da205a,5,"[1, 2, 3, 4, 5, 6, 7, 8, 9, 10, 11, 12, 13, 14, 15]",1,0,identity,6,0.5262904936955126,1.0,1.0,0.5239782044705348,0.4073853002329887,28,0,1.0,0.5239782044705348,1.290423765000014,0.0001032939999277005,"{""x_test"": ""04f6845ebf3d4aeb7568b0f2b95f70e56eb05a1a08caa11bd5282856e0d09350"", ""x_train"": ""aaa1edd68edadf4d1e323f4df97686a414f9f1ee8b59b863a71f9abace489a73"", ""y_test"": ""d8fac7f401bddda4b7bac4e57852b76897fab6ac8d87853a47fc9234b118e7fa"", ""y_train"": ""e028ff15aa55decfd772f8dc1265cac7f24daa54b91a2cbc5814f4cf4c646748""}",[]
matched-plsda-cv5-v1,COFFEE_sp,Species_56_Bagnall,2,AOM-PLS-DA-compact9-matched,ok,,28,28,286,2,"[14, 14]","[15, 13]","{""x_test"": ""/home/delete/nirs4all/nirs4all-data/classification/COFFEE_sp/Species_56_Bagnall/Xval.csv"", ""x_train"": ""/home/delete/nirs4all/nirs4all-data/classification/COFFEE_sp/Species_56_Bagnall/Xcal.csv"", ""y_test"": ""/home/delete/nirs4all/nirs4all-data/classification/COFFEE_sp/Species_56_Bagnall/Yval.csv"", ""y_train"": ""/home/delete/nirs4all/nirs4all-data/classification/COFFEE_sp/Species_56_Bagnall/Ycal.csv""}",feb42488c47284a118f9e0ded87618cad8f193218b74e0ca3c77afbbae0b64ce,5,"[1, 2, 3, 4, 5, 6, 7, 8, 9, 10, 11, 12, 13, 14, 15]",9,2,sg_smooth_w21_p3,15,0.5125102780615294,1.0,1.0,0.5164782946326053,0.4027880646823471,28,0,1.0,0.5164782946326053,1.3672098510005526,0.00014392499997484265,"{""x_test"": ""04f6845ebf3d4aeb7568b0f2b95f70e56eb05a1a08caa11bd5282856e0d09350"", ""x_train"": ""aaa1edd68edadf4d1e323f4df97686a414f9f1ee8b59b863a71f9abace489a73"", ""y_test"": ""d8fac7f401bddda4b7bac4e57852b76897fab6ac8d87853a47fc9234b118e7fa"", ""y_train"": ""e028ff15aa55decfd772f8dc1265cac7f24daa54b91a2cbc5814f4cf4c646748""}",[]
matched-plsda-cv5-v1,COFFEE_sp,Species_56_Bagnall,2,PLS-DA-identity-matched,ok,,28,28,286,2,"[14, 14]","[15, 13]","{""x_test"": ""/home/delete/nirs4all/nirs4all-data/classification/COFFEE_sp/Species_56_Bagnall/Xval.csv"", ""x_train"": ""/home/delete/nirs4all/nirs4all-data/classification/COFFEE_sp/Species_56_Bagnall/Xcal.csv"", ""y_test"": ""/home/delete/nirs4all/nirs4all-data/classification/COFFEE_sp/Species_56_Bagnall/Yval.csv"", ""y_train"": ""/home/delete/nirs4all/nirs4all-data/classification/COFFEE_sp/Species_56_Bagnall/Ycal.csv""}",feb42488c47284a118f9e0ded87618cad8f193218b74e0ca3c77afbbae0b64ce,5,"[1, 2, 3, 4, 5, 6, 7, 8, 9, 10, 11, 12, 13, 14, 15]",1,0,identity,4,0.528130084819243,1.0,1.0,0.5251736919173396,0.4079898329805147,28,0,1.0,0.5251736919173396,1.3600729130002946,0.00015612399965903023,"{""x_test"": ""04f6845ebf3d4aeb7568b0f2b95f70e56eb05a1a08caa11bd5282856e0d09350"", ""x_train"": ""aaa1edd68edadf4d1e323f4df97686a414f9f1ee8b59b863a71f9abace489a73"", ""y_test"": ""d8fac7f401bddda4b7bac4e57852b76897fab6ac8d87853a47fc9234b118e7fa"", ""y_train"": ""e028ff15aa55decfd772f8dc1265cac7f24daa54b91a2cbc5814f4cf4c646748""}",[]
matched-plsda-cv5-v1,Cassava,CT2C_1057_CIAT_Acc,0,AOM-PLS-DA-compact9-matched,ok,,975,81,1050,2,"[254, 721]","[36, 45]","{""x_test"": ""/home/delete/nirs4all/nirs4all-data/classification/Cassava/CT2C_1057_CIAT_Acc/Xtest.csv"", ""x_train"": ""/home/delete/nirs4all/nirs4all-data/classification/Cassava/CT2C_1057_CIAT_Acc/Xtrain.csv"", ""y_test"": ""/home/delete/nirs4all/nirs4all-data/classification/Cassava/CT2C_1057_CIAT_Acc/Ytest.csv"", ""y_train"": ""/home/delete/nirs4all/nirs4all-data/classification/Cassava/CT2C_1057_CIAT_Acc/Ytrain.csv""}",770a7172881c59369e66985ad72f1a0c2bc65274c1051ddd8268cd61848a0273,5,"[1, 2, 3, 4, 5, 6, 7, 8, 9, 10, 11, 12, 13, 14, 15]",9,6,detrend_d1,15,0.6486144846609355,0.42777777777777776,0.35578639831196235,0.7162365740267136,0.17170641763243025,81,0,0.42777777777777776,0.7162365740267136,3.4239118369996504,0.0003018710003743763,"{""x_test"": ""75341b6f77cd074ccc3b934847d80ab4295158c5fb1101fcc532910443468ecb"", ""x_train"": ""15c9e0fd4cda7a4a37373a18ac29f583af885d8c65feb3591b1f42ca3e8d7463"", ""y_test"": ""b7d478f65696147a836630d9d675b1856bbcca7369a49fd071587ec145e38c73"", ""y_train"": ""de539de46261df5d576c8993b9c271cda16f0d992db4d18da8513739dd568dc1""}",[]
matched-plsda-cv5-v1,Cassava,CT2C_1057_CIAT_Acc,0,PLS-DA-identity-matched,ok,,975,81,1050,2,"[254, 721]","[36, 45]","{""x_test"": ""/home/delete/nirs4all/nirs4all-data/classification/Cassava/CT2C_1057_CIAT_Acc/Xtest.csv"", ""x_train"": ""/home/delete/nirs4all/nirs4all-data/classification/Cassava/CT2C_1057_CIAT_Acc/Xtrain.csv"", ""y_test"": ""/home/delete/nirs4all/nirs4all-data/classification/Cassava/CT2C_1057_CIAT_Acc/Ytest.csv"", ""y_train"": ""/home/delete/nirs4all/nirs4all-data/classification/Cassava/CT2C_1057_CIAT_Acc/Ytrain.csv""}",770a7172881c59369e66985ad72f1a0c2bc65274c1051ddd8268cd61848a0273,5,"[1, 2, 3, 4, 5, 6, 7, 8, 9, 10, 11, 12, 13, 14, 15]",1,0,identity,15,0.6490257836439328,0.5,0.38888888888888884,0.7146230536378995,0.104275502630164,81,0,0.5,0.7146230536378995,3.353373441000258,0.00015933600025164196,"{""x_test"": ""75341b6f77cd074ccc3b934847d80ab4295158c5fb1101fcc532910443468ecb"", ""x_train"": ""15c9e0fd4cda7a4a37373a18ac29f583af885d8c65feb3591b1f42ca3e8d7463"", ""y_test"": ""b7d478f65696147a836630d9d675b1856bbcca7369a49fd071587ec145e38c73"", ""y_train"": ""de539de46261df5d576c8993b9c271cda16f0d992db4d18da8513739dd568dc1""}",[]
matched-plsda-cv5-v1,Cassava,CT2C_1057_CIAT_Acc,1,AOM-PLS-DA-compact9-matched,ok,,975,81,1050,2,"[254, 721]","[36, 45]","{""x_test"": ""/home/delete/nirs4all/nirs4all-data/classification/Cassava/CT2C_1057_CIAT_Acc/Xtest.csv"", ""x_train"": ""/home/delete/nirs4all/nirs4all-data/classification/Cassava/CT2C_1057_CIAT_Acc/Xtrain.csv"", ""y_test"": ""/home/delete/nirs4all/nirs4all-data/classification/Cassava/CT2C_1057_CIAT_Acc/Ytest.csv"", ""y_train"": ""/home/delete/nirs4all/nirs4all-data/classification/Cassava/CT2C_1057_CIAT_Acc/Ytrain.csv""}",3d5dc9197199f50c707ab70d85ffc4f48eba2bef06bb94aa7605fdf31ac1e491,5,"[1, 2, 3, 4, 5, 6, 7, 8, 9, 10, 11, 12, 13, 14, 15]",9,6,detrend_d1,15,0.647346080845842,0.42777777777777776,0.35578639831196235,0.7162365740267136,0.17170641763243025,81,0,0.42777777777777776,0.7162365740267136,3.334903422000025,0.00011059099961130414,"{""x_test"": ""75341b6f77cd074ccc3b934847d80ab4295158c5fb1101fcc532910443468ecb"", ""x_train"": ""15c9e0fd4cda7a4a37373a18ac29f583af885d8c65feb3591b1f42ca3e8d7463"", ""y_test"": ""b7d478f65696147a836630d9d675b1856bbcca7369a49fd071587ec145e38c73"", ""y_train"": ""de539de46261df5d576c8993b9c271cda16f0d992db4d18da8513739dd568dc1""}",[]
matched-plsda-cv5-v1,Cassava,CT2C_1057_CIAT_Acc,1,PLS-DA-identity-matched,ok,,975,81,1050,2,"[254, 721]","[36, 45]","{""x_test"": ""/home/delete/nirs4all/nirs4all-data/classification/Cassava/CT2C_1057_CIAT_Acc/Xtest.csv"", ""x_train"": ""/home/delete/nirs4all/nirs4all-data/classification/Cassava/CT2C_1057_CIAT_Acc/Xtrain.csv"", ""y_test"": ""/home/delete/nirs4all/nirs4all-data/classification/Cassava/CT2C_1057_CIAT_Acc/Ytest.csv"", ""y_train"": ""/home/delete/nirs4all/nirs4all-data/classification/Cassava/CT2C_1057_CIAT_Acc/Ytrain.csv""}",3d5dc9197199f50c707ab70d85ffc4f48eba2bef06bb94aa7605fdf31ac1e491,5,"[1, 2, 3, 4, 5, 6, 7, 8, 9, 10, 11, 12, 13, 14, 15]",1,0,identity,15,0.6478845457128222,0.5,0.38888888888888884,0.7146230536378995,0.104275502630164,81,0,0.5,0.7146230536378995,3.2710772489999727,0.0001549929993416299,"{""x_test"": ""75341b6f77cd074ccc3b934847d80ab4295158c5fb1101fcc532910443468ecb"", ""x_train"": ""15c9e0fd4cda7a4a37373a18ac29f583af885d8c65feb3591b1f42ca3e8d7463"", ""y_test"": ""b7d478f65696147a836630d9d675b1856bbcca7369a49fd071587ec145e38c73"", ""y_train"": ""de539de46261df5d576c8993b9c271cda16f0d992db4d18da8513739dd568dc1""}",[]
matched-plsda-cv5-v1,Cassava,CT2C_1057_CIAT_Acc,2,AOM-PLS-DA-compact9-matched,ok,,975,81,1050,2,"[254, 721]","[36, 45]","{""x_test"": ""/home/delete/nirs4all/nirs4all-data/classification/Cassava/CT2C_1057_CIAT_Acc/Xtest.csv"", ""x_train"": ""/home/delete/nirs4all/nirs4all-data/classification/Cassava/CT2C_1057_CIAT_Acc/Xtrain.csv"", ""y_test"": ""/home/delete/nirs4all/nirs4all-data/classification/Cassava/CT2C_1057_CIAT_Acc/Ytest.csv"", ""y_train"": ""/home/delete/nirs4all/nirs4all-data/classification/Cassava/CT2C_1057_CIAT_Acc/Ytrain.csv""}",0b50e8ebbf0a462ada5a008e2a5a02f0580880fea59c5205e464449992fc2fde,5,"[1, 2, 3, 4, 5, 6, 7, 8, 9, 10, 11, 12, 13, 14, 15]",9,4,sg_d1_w21_p3,15,0.6456308154286685,0.5277777777777778,0.40524475524475523,0.7153173071388224,0.08603921493748175,81,0,0.5277777777777778,0.7153173071388224,3.2921458029995847,0.00012232999961270252,"{""x_test"": ""75341b6f77cd074ccc3b934847d80ab4295158c5fb1101fcc532910443468ecb"", ""x_train"": ""15c9e0fd4cda7a4a37373a18ac29f583af885d8c65feb3591b1f42ca3e8d7463"", ""y_test"": ""b7d478f65696147a836630d9d675b1856bbcca7369a49fd071587ec145e38c73"", ""y_train"": ""de539de46261df5d576c8993b9c271cda16f0d992db4d18da8513739dd568dc1""}",[]
matched-plsda-cv5-v1,Cassava,CT2C_1057_CIAT_Acc,2,PLS-DA-identity-matched,ok,,975,81,1050,2,"[254, 721]","[36, 45]","{""x_test"": ""/home/delete/nirs4all/nirs4all-data/classification/Cassava/CT2C_1057_CIAT_Acc/Xtest.csv"", ""x_train"": ""/home/delete/nirs4all/nirs4all-data/classification/Cassava/CT2C_1057_CIAT_Acc/Xtrain.csv"", ""y_test"": ""/home/delete/nirs4all/nirs4all-data/classification/Cassava/CT2C_1057_CIAT_Acc/Ytest.csv"", ""y_train"": ""/home/delete/nirs4all/nirs4all-data/classification/Cassava/CT2C_1057_CIAT_Acc/Ytrain.csv""}",0b50e8ebbf0a462ada5a008e2a5a02f0580880fea59c5205e464449992fc2fde,5,"[1, 2, 3, 4, 5, 6, 7, 8, 9, 10, 11, 12, 13, 14, 15]",1,0,identity,15,0.6474712646993291,0.5,0.38888888888888884,0.7146230536378995,0.104275502630164,81,0,0.5,0.7146230536378995,3.2480947229996673,0.00011481699948490132,"{""x_test"": ""75341b6f77cd074ccc3b934847d80ab4295158c5fb1101fcc532910443468ecb"", ""x_train"": ""15c9e0fd4cda7a4a37373a18ac29f583af885d8c65feb3591b1f42ca3e8d7463"", ""y_test"": ""b7d478f65696147a836630d9d675b1856bbcca7369a49fd071587ec145e38c73"", ""y_train"": ""de539de46261df5d576c8993b9c271cda16f0d992db4d18da8513739dd568dc1""}",[]
matched-plsda-cv5-v1,FruitPuree,Strawberry2C_983_Holland_Acc94.3,0,AOM-PLS-DA-compact9-matched,ok,,666,317,235,2,"[236, 430]","[115, 202]","{""x_test"": ""/home/delete/nirs4all/nirs4all-data/classification/FruitPuree/Strawberry2C_983_Holland_Acc94.3/Xtest.csv"", ""x_train"": ""/home/delete/nirs4all/nirs4all-data/classification/FruitPuree/Strawberry2C_983_Holland_Acc94.3/Xtrain.csv"", ""y_test"": ""/home/delete/nirs4all/nirs4all-data/classification/FruitPuree/Strawberry2C_983_Holland_Acc94.3/Ytest.csv"", ""y_train"": ""/home/delete/nirs4all/nirs4all-data/classification/FruitPuree/Strawberry2C_983_Holland_Acc94.3/Ytrain.csv""}",cd7b5d074e599a099e097aa466396a60bf01a68c4f778d6b53d5a7fdc7ea601f,5,"[1, 2, 3, 4, 5, 6, 7, 8, 9, 10, 11, 12, 13, 14, 15]",9,8,fd_d1,15,0.5381237120298106,0.9591261300043048,0.9497956985841437,0.5346481132439967,0.3618331700438494,317,0,0.9591261300043048,0.5346481132439967,1.6305142560004242,0.00013187300010031322,"{""x_test"": ""63b633f1fb42cffd3b3db5bfb21a5d4ef81ad84517339e9fc0bd25b345f9ba3e"", ""x_train"": ""ebba3c42ca0a9c37cd73fe49de13073202b110ed2d5405ae6930f39b0e0db718"", ""y_test"": ""8e2d42fe74db5af19666735b8380b5d23e1b566e2d49e6f0d356d61d8a851c5e"", ""y_train"": ""b09ead943b119080b02cb3325ad4e2f4ee22ecc16af36129087531cbf442cf46""}",[]
matched-plsda-cv5-v1,FruitPuree,Strawberry2C_983_Holland_Acc94.3,0,PLS-DA-identity-matched,ok,,666,317,235,2,"[236, 430]","[115, 202]","{""x_test"": ""/home/delete/nirs4all/nirs4all-data/classification/FruitPuree/Strawberry2C_983_Holland_Acc94.3/Xtest.csv"", ""x_train"": ""/home/delete/nirs4all/nirs4all-data/classification/FruitPuree/Strawberry2C_983_Holland_Acc94.3/Xtrain.csv"", ""y_test"": ""/home/delete/nirs4all/nirs4all-data/classification/FruitPuree/Strawberry2C_983_Holland_Acc94.3/Ytest.csv"", ""y_train"": ""/home/delete/nirs4all/nirs4all-data/classification/FruitPuree/Strawberry2C_983_Holland_Acc94.3/Ytrain.csv""}",cd7b5d074e599a099e097aa466396a60bf01a68c4f778d6b53d5a7fdc7ea601f,5,"[1, 2, 3, 4, 5, 6, 7, 8, 9, 10, 11, 12, 13, 14, 15]",1,0,identity,15,0.5434051258257766,0.9547783039173483,0.9463620981387479,0.5411097167400026,0.3620330961449141,317,0,0.9547783039173483,0.5411097167400026,1.6209642789999634,0.00012491200050135376,"{""x_test"": ""63b633f1fb42cffd3b3db5bfb21a5d4ef81ad84517339e9fc0bd25b345f9ba3e"", ""x_train"": ""ebba3c42ca0a9c37cd73fe49de13073202b110ed2d5405ae6930f39b0e0db718"", ""y_test"": ""8e2d42fe74db5af19666735b8380b5d23e1b566e2d49e6f0d356d61d8a851c5e"", ""y_train"": ""b09ead943b119080b02cb3325ad4e2f4ee22ecc16af36129087531cbf442cf46""}",[]
matched-plsda-cv5-v1,FruitPuree,Strawberry2C_983_Holland_Acc94.3,1,AOM-PLS-DA-compact9-matched,ok,,666,317,235,2,"[236, 430]","[115, 202]","{""x_test"": ""/home/delete/nirs4all/nirs4all-data/classification/FruitPuree/Strawberry2C_983_Holland_Acc94.3/Xtest.csv"", ""x_train"": ""/home/delete/nirs4all/nirs4all-data/classification/FruitPuree/Strawberry2C_983_Holland_Acc94.3/Xtrain.csv"", ""y_test"": ""/home/delete/nirs4all/nirs4all-data/classification/FruitPuree/Strawberry2C_983_Holland_Acc94.3/Ytest.csv"", ""y_train"": ""/home/delete/nirs4all/nirs4all-data/classification/FruitPuree/Strawberry2C_983_Holland_Acc94.3/Ytrain.csv""}",7aada3e7ad230fcfbaf6e7956dff7e06a6413aa6ec84bd02c16c3f0467f73c6b,5,"[1, 2, 3, 4, 5, 6, 7, 8, 9, 10, 11, 12, 13, 14, 15]",9,8,fd_d1,15,0.5374231544216901,0.9591261300043048,0.9497956985841437,0.5346481132439967,0.3618331700438494,317,0,0.9591261300043048,0.5346481132439967,1.5608183080003073,0.00015459899987035897,"{""x_test"": ""63b633f1fb42cffd3b3db5bfb21a5d4ef81ad84517339e9fc0bd25b345f9ba3e"", ""x_train"": ""ebba3c42ca0a9c37cd73fe49de13073202b110ed2d5405ae6930f39b0e0db718"", ""y_test"": ""8e2d42fe74db5af19666735b8380b5d23e1b566e2d49e6f0d356d61d8a851c5e"", ""y_train"": ""b09ead943b119080b02cb3325ad4e2f4ee22ecc16af36129087531cbf442cf46""}",[]
matched-plsda-cv5-v1,FruitPuree,Strawberry2C_983_Holland_Acc94.3,1,PLS-DA-identity-matched,ok,,666,317,235,2,"[236, 430]","[115, 202]","{""x_test"": ""/home/delete/nirs4all/nirs4all-data/classification/FruitPuree/Strawberry2C_983_Holland_Acc94.3/Xtest.csv"", ""x_train"": ""/home/delete/nirs4all/nirs4all-data/classification/FruitPuree/Strawberry2C_983_Holland_Acc94.3/Xtrain.csv"", ""y_test"": ""/home/delete/nirs4all/nirs4all-data/classification/FruitPuree/Strawberry2C_983_Holland_Acc94.3/Ytest.csv"", ""y_train"": ""/home/delete/nirs4all/nirs4all-data/classification/FruitPuree/Strawberry2C_983_Holland_Acc94.3/Ytrain.csv""}",7aada3e7ad230fcfbaf6e7956dff7e06a6413aa6ec84bd02c16c3f0467f73c6b,5,"[1, 2, 3, 4, 5, 6, 7, 8, 9, 10, 11, 12, 13, 14, 15]",1,0,identity,15,0.5420597162378245,0.9547783039173483,0.9463620981387479,0.5411097167400026,0.3620330961449141,317,0,0.9547783039173483,0.5411097167400026,1.551073766000627,0.00011999500020465348,"{""x_test"": ""63b633f1fb42cffd3b3db5bfb21a5d4ef81ad84517339e9fc0bd25b345f9ba3e"", ""x_train"": ""ebba3c42ca0a9c37cd73fe49de13073202b110ed2d5405ae6930f39b0e0db718"", ""y_test"": ""8e2d42fe74db5af19666735b8380b5d23e1b566e2d49e6f0d356d61d8a851c5e"", ""y_train"": ""b09ead943b119080b02cb3325ad4e2f4ee22ecc16af36129087531cbf442cf46""}",[]
matched-plsda-cv5-v1,FruitPuree,Strawberry2C_983_Holland_Acc94.3,2,AOM-PLS-DA-compact9-matched,ok,,666,317,235,2,"[236, 430]","[115, 202]","{""x_test"": ""/home/delete/nirs4all/nirs4all-data/classification/FruitPuree/Strawberry2C_983_Holland_Acc94.3/Xtest.csv"", ""x_train"": ""/home/delete/nirs4all/nirs4all-data/classification/FruitPuree/Strawberry2C_983_Holland_Acc94.3/Xtrain.csv"", ""y_test"": ""/home/delete/nirs4all/nirs4all-data/classification/FruitPuree/Strawberry2C_983_Holland_Acc94.3/Ytest.csv"", ""y_train"": ""/home/delete/nirs4all/nirs4all-data/classification/FruitPuree/Strawberry2C_983_Holland_Acc94.3/Ytrain.csv""}",c9958f7a2b5f18f3feecdedc13f24d619b65bef8758c12eba2c3d49ba95aefb0,5,"[1, 2, 3, 4, 5, 6, 7, 8, 9, 10, 11, 12, 13, 14, 15]",9,8,fd_d1,15,0.5369742421185439,0.9591261300043048,0.9497956985841437,0.5346481132439967,0.3618331700438494,317,0,0.9591261300043048,0.5346481132439967,1.431064604000312,0.0001344479996987502,"{""x_test"": ""63b633f1fb42cffd3b3db5bfb21a5d4ef81ad84517339e9fc0bd25b345f9ba3e"", ""x_train"": ""ebba3c42ca0a9c37cd73fe49de13073202b110ed2d5405ae6930f39b0e0db718"", ""y_test"": ""8e2d42fe74db5af19666735b8380b5d23e1b566e2d49e6f0d356d61d8a851c5e"", ""y_train"": ""b09ead943b119080b02cb3325ad4e2f4ee22ecc16af36129087531cbf442cf46""}",[]
matched-plsda-cv5-v1,FruitPuree,Strawberry2C_983_Holland_Acc94.3,2,PLS-DA-identity-matched,ok,,666,317,235,2,"[236, 430]","[115, 202]","{""x_test"": ""/home/delete/nirs4all/nirs4all-data/classification/FruitPuree/Strawberry2C_983_Holland_Acc94.3/Xtest.csv"", ""x_train"": ""/home/delete/nirs4all/nirs4all-data/classification/FruitPuree/Strawberry2C_983_Holland_Acc94.3/Xtrain.csv"", ""y_test"": ""/home/delete/nirs4all/nirs4all-data/classification/FruitPuree/Strawberry2C_983_Holland_Acc94.3/Ytest.csv"", ""y_train"": ""/home/delete/nirs4all/nirs4all-data/classification/FruitPuree/Strawberry2C_983_Holland_Acc94.3/Ytrain.csv""}",c9958f7a2b5f18f3feecdedc13f24d619b65bef8758c12eba2c3d49ba95aefb0,5,"[1, 2, 3, 4, 5, 6, 7, 8, 9, 10, 11, 12, 13, 14, 15]",1,0,identity,15,0.5412552928576938,0.9547783039173483,0.9463620981387479,0.5411097167400026,0.3620330961449141,317,0,0.9547783039173483,0.5411097167400026,1.4215470059998552,0.00012057799995091045,"{""x_test"": ""63b633f1fb42cffd3b3db5bfb21a5d4ef81ad84517339e9fc0bd25b345f9ba3e"", ""x_train"": ""ebba3c42ca0a9c37cd73fe49de13073202b110ed2d5405ae6930f39b0e0db718"", ""y_test"": ""8e2d42fe74db5af19666735b8380b5d23e1b566e2d49e6f0d356d61d8a851c5e"", ""y_train"": ""b09ead943b119080b02cb3325ad4e2f4ee22ecc16af36129087531cbf442cf46""}",[]
matched-plsda-cv5-v1,MALARIA,Oocist2C_333_Maia_Acc87.6,0,AOM-PLS-DA-compact9-matched,ok,,227,106,2151,2,"[106, 121]","[53, 53]","{""x_test"": ""/home/delete/nirs4all/nirs4all-data/classification/MALARIA/Oocist2C_333_Maia_Acc87.6/Xtest.csv"", ""x_train"": ""/home/delete/nirs4all/nirs4all-data/classification/MALARIA/Oocist2C_333_Maia_Acc87.6/Xtrain.csv"", ""y_test"": ""/home/delete/nirs4all/nirs4all-data/classification/MALARIA/Oocist2C_333_Maia_Acc87.6/Ytest.csv"", ""y_train"": ""/home/delete/nirs4all/nirs4all-data/classification/MALARIA/Oocist2C_333_Maia_Acc87.6/Ytrain.csv""}",9f02068a165ebf2abedf17a1a91ca00818623333afe92ec1f89ff3ac73a12b35,5,"[1, 2, 3, 4, 5, 6, 7, 8, 9, 10, 11, 12, 13, 14, 15]",9,4,sg_d1_w21_p3,15,0.5556952324647616,0.5471698113207547,0.5445757250268529,0.6920479790992973,0.03306311407869124,106,0,0.5471698113207547,0.6920479790992973,3.1904381019994617,0.00014486700001725694,"{""x_test"": ""41bbac6898199306de605c960dd6c9a8a7b2c6f08e2552143a9cfafad8b2e837"", ""x_train"": ""837d4e70fd072563306d37e1386a369ad25fe4fa15d0c8955b9fce7a2041e9d8"", ""y_test"": ""221b4459587fdfe23f32345aca33871f88dd4ed770784b955aaab0d09e24e84d"", ""y_train"": ""6e550e8c8576f064bcdd783dcf5072a69a5b080badfffb2ba6ea8db43089eaff""}",[]
matched-plsda-cv5-v1,MALARIA,Oocist2C_333_Maia_Acc87.6,0,PLS-DA-identity-matched,ok,,227,106,2151,2,"[106, 121]","[53, 53]","{""x_test"": ""/home/delete/nirs4all/nirs4all-data/classification/MALARIA/Oocist2C_333_Maia_Acc87.6/Xtest.csv"", ""x_train"": ""/home/delete/nirs4all/nirs4all-data/classification/MALARIA/Oocist2C_333_Maia_Acc87.6/Xtrain.csv"", ""y_test"": ""/home/delete/nirs4all/nirs4all-data/classification/MALARIA/Oocist2C_333_Maia_Acc87.6/Ytest.csv"", ""y_train"": ""/home/delete/nirs4all/nirs4all-data/classification/MALARIA/Oocist2C_333_Maia_Acc87.6/Ytrain.csv""}",9f02068a165ebf2abedf17a1a91ca00818623333afe92ec1f89ff3ac73a12b35,5,"[1, 2, 3, 4, 5, 6, 7, 8, 9, 10, 11, 12, 13, 14, 15]",1,0,identity,15,0.5737935994696401,0.5283018867924528,0.5281339031339032,0.6983736005898712,0.027252082102620805,106,0,0.5283018867924528,0.6983736005898712,3.1448848969994287,0.00011860799986607162,"{""x_test"": ""41bbac6898199306de605c960dd6c9a8a7b2c6f08e2552143a9cfafad8b2e837"", ""x_train"": ""837d4e70fd072563306d37e1386a369ad25fe4fa15d0c8955b9fce7a2041e9d8"", ""y_test"": ""221b4459587fdfe23f32345aca33871f88dd4ed770784b955aaab0d09e24e84d"", ""y_train"": ""6e550e8c8576f064bcdd783dcf5072a69a5b080badfffb2ba6ea8db43089eaff""}",[]
matched-plsda-cv5-v1,MALARIA,Oocist2C_333_Maia_Acc87.6,1,AOM-PLS-DA-compact9-matched,ok,,227,106,2151,2,"[106, 121]","[53, 53]","{""x_test"": ""/home/delete/nirs4all/nirs4all-data/classification/MALARIA/Oocist2C_333_Maia_Acc87.6/Xtest.csv"", ""x_train"": ""/home/delete/nirs4all/nirs4all-data/classification/MALARIA/Oocist2C_333_Maia_Acc87.6/Xtrain.csv"", ""y_test"": ""/home/delete/nirs4all/nirs4all-data/classification/MALARIA/Oocist2C_333_Maia_Acc87.6/Ytest.csv"", ""y_train"": ""/home/delete/nirs4all/nirs4all-data/classification/MALARIA/Oocist2C_333_Maia_Acc87.6/Ytrain.csv""}",b37fdd71011949d3a35f070d1eacc52d53493267155bf00d0fbd43f13ff668ec,5,"[1, 2, 3, 4, 5, 6, 7, 8, 9, 10, 11, 12, 13, 14, 15]",9,4,sg_d1_w21_p3,15,0.5604346234532828,0.5471698113207547,0.5445757250268529,0.6920479790992973,0.03306311407869124,106,0,0.5471698113207547,0.6920479790992973,3.2863669609996577,0.00011511200045788428,"{""x_test"": ""41bbac6898199306de605c960dd6c9a8a7b2c6f08e2552143a9cfafad8b2e837"", ""x_train"": ""837d4e70fd072563306d37e1386a369ad25fe4fa15d0c8955b9fce7a2041e9d8"", ""y_test"": ""221b4459587fdfe23f32345aca33871f88dd4ed770784b955aaab0d09e24e84d"", ""y_train"": ""6e550e8c8576f064bcdd783dcf5072a69a5b080badfffb2ba6ea8db43089eaff""}",[]
matched-plsda-cv5-v1,MALARIA,Oocist2C_333_Maia_Acc87.6,1,PLS-DA-identity-matched,ok,,227,106,2151,2,"[106, 121]","[53, 53]","{""x_test"": ""/home/delete/nirs4all/nirs4all-data/classification/MALARIA/Oocist2C_333_Maia_Acc87.6/Xtest.csv"", ""x_train"": ""/home/delete/nirs4all/nirs4all-data/classification/MALARIA/Oocist2C_333_Maia_Acc87.6/Xtrain.csv"", ""y_test"": ""/home/delete/nirs4all/nirs4all-data/classification/MALARIA/Oocist2C_333_Maia_Acc87.6/Ytest.csv"", ""y_train"": ""/home/delete/nirs4all/nirs4all-data/classification/MALARIA/Oocist2C_333_Maia_Acc87.6/Ytrain.csv""}",b37fdd71011949d3a35f070d1eacc52d53493267155bf00d0fbd43f13ff668ec,5,"[1, 2, 3, 4, 5, 6, 7, 8, 9, 10, 11, 12, 13, 14, 15]",1,0,identity,14,0.5790774906644567,0.5188679245283019,0.5188251001335114,0.6970940345005152,0.05939505851005522,106,0,0.5188679245283019,0.6970940345005152,3.2418756300003224,0.0001105820001612301,"{""x_test"": ""41bbac6898199306de605c960dd6c9a8a7b2c6f08e2552143a9cfafad8b2e837"", ""x_train"": ""837d4e70fd072563306d37e1386a369ad25fe4fa15d0c8955b9fce7a2041e9d8"", ""y_test"": ""221b4459587fdfe23f32345aca33871f88dd4ed770784b955aaab0d09e24e84d"", ""y_train"": ""6e550e8c8576f064bcdd783dcf5072a69a5b080badfffb2ba6ea8db43089eaff""}",[]
matched-plsda-cv5-v1,MALARIA,Oocist2C_333_Maia_Acc87.6,2,AOM-PLS-DA-compact9-matched,ok,,227,106,2151,2,"[106, 121]","[53, 53]","{""x_test"": ""/home/delete/nirs4all/nirs4all-data/classification/MALARIA/Oocist2C_333_Maia_Acc87.6/Xtest.csv"", ""x_train"": ""/home/delete/nirs4all/nirs4all-data/classification/MALARIA/Oocist2C_333_Maia_Acc87.6/Xtrain.csv"", ""y_test"": ""/home/delete/nirs4all/nirs4all-data/classification/MALARIA/Oocist2C_333_Maia_Acc87.6/Ytest.csv"", ""y_train"": ""/home/delete/nirs4all/nirs4all-data/classification/MALARIA/Oocist2C_333_Maia_Acc87.6/Ytrain.csv""}",48d3b256262ba1f339262f437c6f7ba263ccb2a1bec4abdd4fb17fee52728e91,5,"[1, 2, 3, 4, 5, 6, 7, 8, 9, 10, 11, 12, 13, 14, 15]",9,4,sg_d1_w21_p3,15,0.5528482058409425,0.5471698113207547,0.5445757250268529,0.6920479790992973,0.03306311407869124,106,0,0.5471698113207547,0.6920479790992973,3.282223468000666,0.00011921700024686288,"{""x_test"": ""41bbac6898199306de605c960dd6c9a8a7b2c6f08e2552143a9cfafad8b2e837"", ""x_train"": ""837d4e70fd072563306d37e1386a369ad25fe4fa15d0c8955b9fce7a2041e9d8"", ""y_test"": ""221b4459587fdfe23f32345aca33871f88dd4ed770784b955aaab0d09e24e84d"", ""y_train"": ""6e550e8c8576f064bcdd783dcf5072a69a5b080badfffb2ba6ea8db43089eaff""}",[]
matched-plsda-cv5-v1,MALARIA,Oocist2C_333_Maia_Acc87.6,2,PLS-DA-identity-matched,ok,,227,106,2151,2,"[106, 121]","[53, 53]","{""x_test"": ""/home/delete/nirs4all/nirs4all-data/classification/MALARIA/Oocist2C_333_Maia_Acc87.6/Xtest.csv"", ""x_train"": ""/home/delete/nirs4all/nirs4all-data/classification/MALARIA/Oocist2C_333_Maia_Acc87.6/Xtrain.csv"", ""y_test"": ""/home/delete/nirs4all/nirs4all-data/classification/MALARIA/Oocist2C_333_Maia_Acc87.6/Ytest.csv"", ""y_train"": ""/home/delete/nirs4all/nirs4all-data/classification/MALARIA/Oocist2C_333_Maia_Acc87.6/Ytrain.csv""}",48d3b256262ba1f339262f437c6f7ba263ccb2a1bec4abdd4fb17fee52728e91,5,"[1, 2, 3, 4, 5, 6, 7, 8, 9, 10, 11, 12, 13, 14, 15]",1,0,identity,15,0.5752603872897779,0.5283018867924528,0.5281339031339032,0.6983736005898712,0.027252082102620805,106,0,0.5283018867924528,0.6983736005898712,3.2388069450007606,0.0004129169992665993,"{""x_test"": ""41bbac6898199306de605c960dd6c9a8a7b2c6f08e2552143a9cfafad8b2e837"", ""x_train"": ""837d4e70fd072563306d37e1386a369ad25fe4fa15d0c8955b9fce7a2041e9d8"", ""y_test"": ""221b4459587fdfe23f32345aca33871f88dd4ed770784b955aaab0d09e24e84d"", ""y_train"": ""6e550e8c8576f064bcdd783dcf5072a69a5b080badfffb2ba6ea8db43089eaff""}",[]
matched-plsda-cv5-v1,MALARIA,Sporozoite2C_229_Maia_Acc94.5,0,AOM-PLS-DA-compact9-matched,ok,,138,91,2151,2,"[69, 69]","[22, 69]","{""x_test"": ""/home/delete/nirs4all/nirs4all-data/classification/MALARIA/Sporozoite2C_229_Maia_Acc94.5/Xtest.csv"", ""x_train"": ""/home/delete/nirs4all/nirs4all-data/classification/MALARIA/Sporozoite2C_229_Maia_Acc94.5/Xtrain.csv"", ""y_test"": ""/home/delete/nirs4all/nirs4all-data/classification/MALARIA/Sporozoite2C_229_Maia_Acc94.5/Ytest.csv"", ""y_train"": ""/home/delete/nirs4all/nirs4all-data/classification/MALARIA/Sporozoite2C_229_Maia_Acc94.5/Ytrain.csv""}",c946474d95144d855d1702a83dc4a4a0774dc749674ee69577865a8499bd6b53,5,"[1, 2, 3, 4, 5, 6, 7, 8, 9, 10, 11, 12, 13, 14, 15]",9,4,sg_d1_w21_p3,15,0.5391889927385353,0.43544137022397894,0.4216101694915254,0.751309246797527,0.15315191120793406,91,0,0.43544137022397894,0.751309246797527,2.838099042999602,0.0002690290002647089,"{""x_test"": ""b92649952262987b380ebd05b8b7b458203793ce203db836cac95adc56025807"", ""x_train"": ""4e6f1a9e233c14704c2ffb67dd460160bd7b1388c852f969af09e966a5167f00"", ""y_test"": ""40c5455993d86bf794a5b692c3ed58a565f24220b9e290e37be063ac209c0532"", ""y_train"": ""5c801e7cd308c425996e0c784610c9774f20e71ede967b7ead67969a0126115e""}",[]
matched-plsda-cv5-v1,MALARIA,Sporozoite2C_229_Maia_Acc94.5,0,PLS-DA-identity-matched,ok,,138,91,2151,2,"[69, 69]","[22, 69]","{""x_test"": ""/home/delete/nirs4all/nirs4all-data/classification/MALARIA/Sporozoite2C_229_Maia_Acc94.5/Xtest.csv"", ""x_train"": ""/home/delete/nirs4all/nirs4all-data/classification/MALARIA/Sporozoite2C_229_Maia_Acc94.5/Xtrain.csv"", ""y_test"": ""/home/delete/nirs4all/nirs4all-data/classification/MALARIA/Sporozoite2C_229_Maia_Acc94.5/Ytest.csv"", ""y_train"": ""/home/delete/nirs4all/nirs4all-data/classification/MALARIA/Sporozoite2C_229_Maia_Acc94.5/Ytrain.csv""}",c946474d95144d855d1702a83dc4a4a0774dc749674ee69577865a8499bd6b53,5,"[1, 2, 3, 4, 5, 6, 7, 8, 9, 10, 11, 12, 13, 14, 15]",1,0,identity,14,0.5602238288094621,0.594532279314888,0.5265829209491182,0.9631581139385481,0.33040139925592205,91,0,0.594532279314888,0.9631581139385481,2.7974806370002625,0.00010963400018226821,"{""x_test"": ""b92649952262987b380ebd05b8b7b458203793ce203db836cac95adc56025807"", ""x_train"": ""4e6f1a9e233c14704c2ffb67dd460160bd7b1388c852f969af09e966a5167f00"", ""y_test"": ""40c5455993d86bf794a5b692c3ed58a565f24220b9e290e37be063ac209c0532"", ""y_train"": ""5c801e7cd308c425996e0c784610c9774f20e71ede967b7ead67969a0126115e""}",[]
matched-plsda-cv5-v1,MALARIA,Sporozoite2C_229_Maia_Acc94.5,1,AOM-PLS-DA-compact9-matched,ok,,138,91,2151,2,"[69, 69]","[22, 69]","{""x_test"": ""/home/delete/nirs4all/nirs4all-data/classification/MALARIA/Sporozoite2C_229_Maia_Acc94.5/Xtest.csv"", ""x_train"": ""/home/delete/nirs4all/nirs4all-data/classification/MALARIA/Sporozoite2C_229_Maia_Acc94.5/Xtrain.csv"", ""y_test"": ""/home/delete/nirs4all/nirs4all-data/classification/MALARIA/Sporozoite2C_229_Maia_Acc94.5/Ytest.csv"", ""y_train"": ""/home/delete/nirs4all/nirs4all-data/classification/MALARIA/Sporozoite2C_229_Maia_Acc94.5/Ytrain.csv""}",555b6a37f156c8c9be909d04ce2e9b13dbb236f4fa54e649feb820ae228f64d4,5,"[1, 2, 3, 4, 5, 6, 7, 8, 9, 10, 11, 12, 13, 14, 15]",9,4,sg_d1_w21_p3,13,0.5468643387665081,0.5490777338603425,0.4981403103757856,0.8494982000167551,0.2866018240780335,91,0,0.5490777338603425,0.8494982000167551,2.800421231000655,0.00011343500045768451,"{""x_test"": ""b92649952262987b380ebd05b8b7b458203793ce203db836cac95adc56025807"", ""x_train"": ""4e6f1a9e233c14704c2ffb67dd460160bd7b1388c852f969af09e966a5167f00"", ""y_test"": ""40c5455993d86bf794a5b692c3ed58a565f24220b9e290e37be063ac209c0532"", ""y_train"": ""5c801e7cd308c425996e0c784610c9774f20e71ede967b7ead67969a0126115e""}",[]
matched-plsda-cv5-v1,MALARIA,Sporozoite2C_229_Maia_Acc94.5,1,PLS-DA-identity-matched,ok,,138,91,2151,2,"[69, 69]","[22, 69]","{""x_test"": ""/home/delete/nirs4all/nirs4all-data/classification/MALARIA/Sporozoite2C_229_Maia_Acc94.5/Xtest.csv"", ""x_train"": ""/home/delete/nirs4all/nirs4all-data/classification/MALARIA/Sporozoite2C_229_Maia_Acc94.5/Xtrain.csv"", ""y_test"": ""/home/delete/nirs4all/nirs4all-data/classification/MALARIA/Sporozoite2C_229_Maia_Acc94.5/Ytest.csv"", ""y_train"": ""/home/delete/nirs4all/nirs4all-data/classification/MALARIA/Sporozoite2C_229_Maia_Acc94.5/Ytrain.csv""}",555b6a37f156c8c9be909d04ce2e9b13dbb236f4fa54e649feb820ae228f64d4,5,"[1, 2, 3, 4, 5, 6, 7, 8, 9, 10, 11, 12, 13, 14, 15]",1,0,identity,14,0.5688932642667146,0.594532279314888,0.5265829209491182,0.9631581139385481,0.33040139925592205,91,0,0.594532279314888,0.9631581139385481,2.7599541830004455,0.0001572780001879437,"{""x_test"": ""b92649952262987b380ebd05b8b7b458203793ce203db836cac95adc56025807"", ""x_train"": ""4e6f1a9e233c14704c2ffb67dd460160bd7b1388c852f969af09e966a5167f00"", ""y_test"": ""40c5455993d86bf794a5b692c3ed58a565f24220b9e290e37be063ac209c0532"", ""y_train"": ""5c801e7cd308c425996e0c784610c9774f20e71ede967b7ead67969a0126115e""}",[]
matched-plsda-cv5-v1,MALARIA,Sporozoite2C_229_Maia_Acc94.5,2,AOM-PLS-DA-compact9-matched,ok,,138,91,2151,2,"[69, 69]","[22, 69]","{""x_test"": ""/home/delete/nirs4all/nirs4all-data/classification/MALARIA/Sporozoite2C_229_Maia_Acc94.5/Xtest.csv"", ""x_train"": ""/home/delete/nirs4all/nirs4all-data/classification/MALARIA/Sporozoite2C_229_Maia_Acc94.5/Xtrain.csv"", ""y_test"": ""/home/delete/nirs4all/nirs4all-data/classification/MALARIA/Sporozoite2C_229_Maia_Acc94.5/Ytest.csv"", ""y_train"": ""/home/delete/nirs4all/nirs4all-data/classification/MALARIA/Sporozoite2C_229_Maia_Acc94.5/Ytrain.csv""}",bd2952c208bb4df523b1c4ecdc2c9931076ea21c342509f2a2c66289edba5b6f,5,"[1, 2, 3, 4, 5, 6, 7, 8, 9, 10, 11, 12, 13, 14, 15]",9,4,sg_d1_w21_p3,12,0.5528461540189713,0.5490777338603425,0.4981403103757856,0.8886773354927868,0.32812916801824954,91,0,0.5490777338603425,0.8886773354927868,3.0444106109998756,0.00012572000014188234,"{""x_test"": ""b92649952262987b380ebd05b8b7b458203793ce203db836cac95adc56025807"", ""x_train"": ""4e6f1a9e233c14704c2ffb67dd460160bd7b1388c852f969af09e966a5167f00"", ""y_test"": ""40c5455993d86bf794a5b692c3ed58a565f24220b9e290e37be063ac209c0532"", ""y_train"": ""5c801e7cd308c425996e0c784610c9774f20e71ede967b7ead67969a0126115e""}",[]
matched-plsda-cv5-v1,MALARIA,Sporozoite2C_229_Maia_Acc94.5,2,PLS-DA-identity-matched,ok,,138,91,2151,2,"[69, 69]","[22, 69]","{""x_test"": ""/home/delete/nirs4all/nirs4all-data/classification/MALARIA/Sporozoite2C_229_Maia_Acc94.5/Xtest.csv"", ""x_train"": ""/home/delete/nirs4all/nirs4all-data/classification/MALARIA/Sporozoite2C_229_Maia_Acc94.5/Xtrain.csv"", ""y_test"": ""/home/delete/nirs4all/nirs4all-data/classification/MALARIA/Sporozoite2C_229_Maia_Acc94.5/Ytest.csv"", ""y_train"": ""/home/delete/nirs4all/nirs4all-data/classification/MALARIA/Sporozoite2C_229_Maia_Acc94.5/Ytrain.csv""}",bd2952c208bb4df523b1c4ecdc2c9931076ea21c342509f2a2c66289edba5b6f,5,"[1, 2, 3, 4, 5, 6, 7, 8, 9, 10, 11, 12, 13, 14, 15]",1,0,identity,13,0.5654875178181228,0.594532279314888,0.5265829209491182,0.9675834964529185,0.3514106686277212,91,0,0.594532279314888,0.9675834964529185,3.0048724669995863,0.0001226679996761959,"{""x_test"": ""b92649952262987b380ebd05b8b7b458203793ce203db836cac95adc56025807"", ""x_train"": ""4e6f1a9e233c14704c2ffb67dd460160bd7b1388c852f969af09e966a5167f00"", ""y_test"": ""40c5455993d86bf794a5b692c3ed58a565f24220b9e290e37be063ac209c0532"", ""y_train"": ""5c801e7cd308c425996e0c784610c9774f20e71ede967b7ead67969a0126115e""}",[]
matched-plsda-cv5-v1,MILK,labels_kenstone70_strat,0,AOM-PLS-DA-compact9-matched,ok,,315,135,601,9,"[35, 35, 35, 35, 35, 35, 35, 35, 35]","[15, 15, 15, 15, 15, 15, 15, 15, 15]","{""x_test"": ""/home/delete/nirs4all/nirs4all-data/classification/MILK/labels_kenstone70_strat/Xtest.csv"", ""x_train"": ""/home/delete/nirs4all/nirs4all-data/classification/MILK/labels_kenstone70_strat/Xtrain.csv"", ""y_test"": ""/home/delete/nirs4all/nirs4all-data/classification/MILK/labels_kenstone70_strat/Ytest.csv"", ""y_train"": ""/home/delete/nirs4all/nirs4all-data/classification/MILK/labels_kenstone70_strat/Ytrain.csv""}",c2b633b918c14b7229e4ad3787134e193e2c919bb24f702d316ffcff378c0522,5,"[1, 2, 3, 4, 5, 6, 7, 8, 9, 10, 11, 12, 13, 14, 15]",9,2,sg_smooth_w21_p3,15,1.8095919767622717,0.837037037037037,0.8360044521251417,1.8071774529472122,0.6678643173058186,135,0,0.837037037037037,1.8071774529472122,1.8274963149997348,0.00015445899953192566,"{""x_test"": ""c38fec71287f36d1cc075cb9b55bf9834b889155d2f99885eb81f6a640b1462f"", ""x_train"": ""55afe8fb73a2abfb53ccfa7e23e3c7dda9c937f90175ed0214e45c67ddc8e5c4"", ""y_test"": ""298b82cb12d179dcbc6d88f37f9c9b4636f41da507dffe07534675e63a0d3202"", ""y_train"": ""ba6fb0e9743f71bbc6a5bdb5115a410beaf2f3027679f7fc54cbfea5e128956d""}",[]
matched-plsda-cv5-v1,MILK,labels_kenstone70_strat,0,PLS-DA-identity-matched,ok,,315,135,601,9,"[35, 35, 35, 35, 35, 35, 35, 35, 35]","[15, 15, 15, 15, 15, 15, 15, 15, 15]","{""x_test"": ""/home/delete/nirs4all/nirs4all-data/classification/MILK/labels_kenstone70_strat/Xtest.csv"", ""x_train"": ""/home/delete/nirs4all/nirs4all-data/classification/MILK/labels_kenstone70_strat/Xtrain.csv"", ""y_test"": ""/home/delete/nirs4all/nirs4all-data/classification/MILK/labels_kenstone70_strat/Ytest.csv"", ""y_train"": ""/home/delete/nirs4all/nirs4all-data/classification/MILK/labels_kenstone70_strat/Ytrain.csv""}",c2b633b918c14b7229e4ad3787134e193e2c919bb24f702d316ffcff378c0522,5,"[1, 2, 3, 4, 5, 6, 7, 8, 9, 10, 11, 12, 13, 14, 15]",1,0,identity,15,1.811149203309343,0.8444444444444446,0.8473596572719055,1.8021053464517374,0.6743859475091589,135,0,0.8444444444444446,1.8021053464517374,1.8088031779998346,0.0001564249996590661,"{""x_test"": ""c38fec71287f36d1cc075cb9b55bf9834b889155d2f99885eb81f6a640b1462f"", ""x_train"": ""55afe8fb73a2abfb53ccfa7e23e3c7dda9c937f90175ed0214e45c67ddc8e5c4"", ""y_test"": ""298b82cb12d179dcbc6d88f37f9c9b4636f41da507dffe07534675e63a0d3202"", ""y_train"": ""ba6fb0e9743f71bbc6a5bdb5115a410beaf2f3027679f7fc54cbfea5e128956d""}",[]
matched-plsda-cv5-v1,MILK,labels_kenstone70_strat,1,AOM-PLS-DA-compact9-matched,ok,,315,135,601,9,"[35, 35, 35, 35, 35, 35, 35, 35, 35]","[15, 15, 15, 15, 15, 15, 15, 15, 15]","{""x_test"": ""/home/delete/nirs4all/nirs4all-data/classification/MILK/labels_kenstone70_strat/Xtest.csv"", ""x_train"": ""/home/delete/nirs4all/nirs4all-data/classification/MILK/labels_kenstone70_strat/Xtrain.csv"", ""y_test"": ""/home/delete/nirs4all/nirs4all-data/classification/MILK/labels_kenstone70_strat/Ytest.csv"", ""y_train"": ""/home/delete/nirs4all/nirs4all-data/classification/MILK/labels_kenstone70_strat/Ytrain.csv""}",9047d5bc2817c07f24f54d72f35179860e13e79e77f92e0aff2245e5c9ed3b1b,5,"[1, 2, 3, 4, 5, 6, 7, 8, 9, 10, 11, 12, 13, 14, 15]",9,0,identity,15,1.808437222297298,0.8444444444444446,0.8473596572719055,1.8021053464517374,0.6743859475091589,135,0,0.8444444444444446,1.8021053464517374,1.923202955999841,0.0002915189998020651,"{""x_test"": ""c38fec71287f36d1cc075cb9b55bf9834b889155d2f99885eb81f6a640b1462f"", ""x_train"": ""55afe8fb73a2abfb53ccfa7e23e3c7dda9c937f90175ed0214e45c67ddc8e5c4"", ""y_test"": ""298b82cb12d179dcbc6d88f37f9c9b4636f41da507dffe07534675e63a0d3202"", ""y_train"": ""ba6fb0e9743f71bbc6a5bdb5115a410beaf2f3027679f7fc54cbfea5e128956d""}",[]
matched-plsda-cv5-v1,MILK,labels_kenstone70_strat,1,PLS-DA-identity-matched,ok,,315,135,601,9,"[35, 35, 35, 35, 35, 35, 35, 35, 35]","[15, 15, 15, 15, 15, 15, 15, 15, 15]","{""x_test"": ""/home/delete/nirs4all/nirs4all-data/classification/MILK/labels_kenstone70_strat/Xtest.csv"", ""x_train"": ""/home/delete/nirs4all/nirs4all-data/classification/MILK/labels_kenstone70_strat/Xtrain.csv"", ""y_test"": ""/home/delete/nirs4all/nirs4all-data/classification/MILK/labels_kenstone70_strat/Ytest.csv"", ""y_train"": ""/home/delete/nirs4all/nirs4all-data/classification/MILK/labels_kenstone70_strat/Ytrain.csv""}",9047d5bc2817c07f24f54d72f35179860e13e79e77f92e0aff2245e5c9ed3b1b,5,"[1, 2, 3, 4, 5, 6, 7, 8, 9, 10, 11, 12, 13, 14, 15]",1,0,identity,15,1.808437222297298,0.8444444444444446,0.8473596572719055,1.8021053464517374,0.6743859475091589,135,0,0.8444444444444446,1.8021053464517374,1.9144981059998827,0.00014250000003812602,"{""x_test"": ""c38fec71287f36d1cc075cb9b55bf9834b889155d2f99885eb81f6a640b1462f"", ""x_train"": ""55afe8fb73a2abfb53ccfa7e23e3c7dda9c937f90175ed0214e45c67ddc8e5c4"", ""y_test"": ""298b82cb12d179dcbc6d88f37f9c9b4636f41da507dffe07534675e63a0d3202"", ""y_train"": ""ba6fb0e9743f71bbc6a5bdb5115a410beaf2f3027679f7fc54cbfea5e128956d""}",[]
matched-plsda-cv5-v1,MILK,labels_kenstone70_strat,2,AOM-PLS-DA-compact9-matched,ok,,315,135,601,9,"[35, 35, 35, 35, 35, 35, 35, 35, 35]","[15, 15, 15, 15, 15, 15, 15, 15, 15]","{""x_test"": ""/home/delete/nirs4all/nirs4all-data/classification/MILK/labels_kenstone70_strat/Xtest.csv"", ""x_train"": ""/home/delete/nirs4all/nirs4all-data/classification/MILK/labels_kenstone70_strat/Xtrain.csv"", ""y_test"": ""/home/delete/nirs4all/nirs4all-data/classification/MILK/labels_kenstone70_strat/Ytest.csv"", ""y_train"": ""/home/delete/nirs4all/nirs4all-data/classification/MILK/labels_kenstone70_strat/Ytrain.csv""}",2c5d72b1c1ce5a1c90c67cf582ca6430b1599f495563b2924a42c129e5a79ee9,5,"[1, 2, 3, 4, 5, 6, 7, 8, 9, 10, 11, 12, 13, 14, 15]",9,0,identity,15,1.8131730345707855,0.8444444444444446,0.8473596572719055,1.8021053464517374,0.6743859475091589,135,0,0.8444444444444446,1.8021053464517374,1.8036052659999768,0.00016297700040013297,"{""x_test"": ""c38fec71287f36d1cc075cb9b55bf9834b889155d2f99885eb81f6a640b1462f"", ""x_train"": ""55afe8fb73a2abfb53ccfa7e23e3c7dda9c937f90175ed0214e45c67ddc8e5c4"", ""y_test"": ""298b82cb12d179dcbc6d88f37f9c9b4636f41da507dffe07534675e63a0d3202"", ""y_train"": ""ba6fb0e9743f71bbc6a5bdb5115a410beaf2f3027679f7fc54cbfea5e128956d""}",[]
matched-plsda-cv5-v1,MILK,labels_kenstone70_strat,2,PLS-DA-identity-matched,ok,,315,135,601,9,"[35, 35, 35, 35, 35, 35, 35, 35, 35]","[15, 15, 15, 15, 15, 15, 15, 15, 15]","{""x_test"": ""/home/delete/nirs4all/nirs4all-data/classification/MILK/labels_kenstone70_strat/Xtest.csv"", ""x_train"": ""/home/delete/nirs4all/nirs4all-data/classification/MILK/labels_kenstone70_strat/Xtrain.csv"", ""y_test"": ""/home/delete/nirs4all/nirs4all-data/classification/MILK/labels_kenstone70_strat/Ytest.csv"", ""y_train"": ""/home/delete/nirs4all/nirs4all-data/classification/MILK/labels_kenstone70_strat/Ytrain.csv""}",2c5d72b1c1ce5a1c90c67cf582ca6430b1599f495563b2924a42c129e5a79ee9,5,"[1, 2, 3, 4, 5, 6, 7, 8, 9, 10, 11, 12, 13, 14, 15]",1,0,identity,15,1.8131730345707855,0.8444444444444446,0.8473596572719055,1.8021053464517374,0.6743859475091589,135,0,0.8444444444444446,1.8021053464517374,1.7962621770002443,0.00017231899983016774,"{""x_test"": ""c38fec71287f36d1cc075cb9b55bf9834b889155d2f99885eb81f6a640b1462f"", ""x_train"": ""55afe8fb73a2abfb53ccfa7e23e3c7dda9c937f90175ed0214e45c67ddc8e5c4"", ""y_test"": ""298b82cb12d179dcbc6d88f37f9c9b4636f41da507dffe07534675e63a0d3202"", ""y_train"": ""ba6fb0e9743f71bbc6a5bdb5115a410beaf2f3027679f7fc54cbfea5e128956d""}",[]
matched-plsda-cv5-v1,PISTACIA,Species_code_grpStrat70_30_bySpecimen,0,AOM-PLS-DA-compact9-matched,ok,,5103,2220,1951,5,"[449, 1580, 1240, 1534, 300]","[210, 680, 550, 650, 130]","{""x_test"": ""/home/delete/nirs4all/nirs4all-data/classification/PISTACIA/Species_code_grpStrat70_30_bySpecimen/Xtest.csv"", ""x_train"": ""/home/delete/nirs4all/nirs4all-data/classification/PISTACIA/Species_code_grpStrat70_30_bySpecimen/Xtrain.csv"", ""y_test"": ""/home/delete/nirs4all/nirs4all-data/classification/PISTACIA/Species_code_grpStrat70_30_bySpecimen/Ytest.csv"", ""y_train"": ""/home/delete/nirs4all/nirs4all-data/classification/PISTACIA/Species_code_grpStrat70_30_bySpecimen/Ytrain.csv""}",d21db7aee39c689453d2d14d89ad316757076fd12a9e81613d90e2a9d968c254,5,"[1, 2, 3, 4, 5, 6, 7, 8, 9, 10, 11, 12, 13, 14, 15]",9,7,detrend_d2,15,1.2181588959054364,0.6245885291179409,0.5892807221684679,1.3719387876773979,0.37164920954037955,2220,0,0.6245885291179409,1.3719387876773979,27.22007814599965,0.0004663090003305115,"{""x_test"": ""5fdfe59f32dbb61a364d7db6a91e426eabbf1eaceb4c3af12639f7e1c168ea7c"", ""x_train"": ""c69f2dc3899dcfb99ce2e8ea26ea166481a4122a56a1a0b43af61a75908873f5"", ""y_test"": ""40f316ae3a6855fb123cc989223ebfffa62271a4528064f51cf8b81315536277"", ""y_train"": ""62a9e9c5342a61d0a7536b55e5fdd3fa3be9f3aa22e7c54f92461a7859826b37""}",[]
matched-plsda-cv5-v1,PISTACIA,Species_code_grpStrat70_30_bySpecimen,0,PLS-DA-identity-matched,ok,,5103,2220,1951,5,"[449, 1580, 1240, 1534, 300]","[210, 680, 550, 650, 130]","{""x_test"": ""/home/delete/nirs4all/nirs4all-data/classification/PISTACIA/Species_code_grpStrat70_30_bySpecimen/Xtest.csv"", ""x_train"": ""/home/delete/nirs4all/nirs4all-data/classification/PISTACIA/Species_code_grpStrat70_30_bySpecimen/Xtrain.csv"", ""y_test"": ""/home/delete/nirs4all/nirs4all-data/classification/PISTACIA/Species_code_grpStrat70_30_bySpecimen/Ytest.csv"", ""y_train"": ""/home/delete/nirs4all/nirs4all-data/classification/PISTACIA/Species_code_grpStrat70_30_bySpecimen/Ytrain.csv""}",d21db7aee39c689453d2d14d89ad316757076fd12a9e81613d90e2a9d968c254,5,"[1, 2, 3, 4, 5, 6, 7, 8, 9, 10, 11, 12, 13, 14, 15]",1,0,identity,15,1.2386019687411938,0.6103537442949207,0.5774482667804701,1.3840870772300629,0.3500059584532409,2220,0,0.6103537442949207,1.3840870772300629,26.265824635999707,0.00039979899975151056,"{""x_test"": ""5fdfe59f32dbb61a364d7db6a91e426eabbf1eaceb4c3af12639f7e1c168ea7c"", ""x_train"": ""c69f2dc3899dcfb99ce2e8ea26ea166481a4122a56a1a0b43af61a75908873f5"", ""y_test"": ""40f316ae3a6855fb123cc989223ebfffa62271a4528064f51cf8b81315536277"", ""y_train"": ""62a9e9c5342a61d0a7536b55e5fdd3fa3be9f3aa22e7c54f92461a7859826b37""}",[]
matched-plsda-cv5-v1,PISTACIA,Species_code_grpStrat70_30_bySpecimen,1,AOM-PLS-DA-compact9-matched,ok,,5103,2220,1951,5,"[449, 1580, 1240, 1534, 300]","[210, 680, 550, 650, 130]","{""x_test"": ""/home/delete/nirs4all/nirs4all-data/classification/PISTACIA/Species_code_grpStrat70_30_bySpecimen/Xtest.csv"", ""x_train"": ""/home/delete/nirs4all/nirs4all-data/classification/PISTACIA/Species_code_grpStrat70_30_bySpecimen/Xtrain.csv"", ""y_test"": ""/home/delete/nirs4all/nirs4all-data/classification/PISTACIA/Species_code_grpStrat70_30_bySpecimen/Ytest.csv"", ""y_train"": ""/home/delete/nirs4all/nirs4all-data/classification/PISTACIA/Species_code_grpStrat70_30_bySpecimen/Ytrain.csv""}",4e79da4175e1a1c9f3b638829e961f107ab4359125082bf361df876ff2659e37,5,"[1, 2, 3, 4, 5, 6, 7, 8, 9, 10, 11, 12, 13, 14, 15]",9,7,detrend_d2,15,1.2185723604721244,0.6245885291179409,0.5892807221684679,1.3719387876773979,0.37164920954037955,2220,0,0.6245885291179409,1.3719387876773979,27.61841626400019,0.00034609399972396204,"{""x_test"": ""5fdfe59f32dbb61a364d7db6a91e426eabbf1eaceb4c3af12639f7e1c168ea7c"", ""x_train"": ""c69f2dc3899dcfb99ce2e8ea26ea166481a4122a56a1a0b43af61a75908873f5"", ""y_test"": ""40f316ae3a6855fb123cc989223ebfffa62271a4528064f51cf8b81315536277"", ""y_train"": ""62a9e9c5342a61d0a7536b55e5fdd3fa3be9f3aa22e7c54f92461a7859826b37""}",[]
matched-plsda-cv5-v1,PISTACIA,Species_code_grpStrat70_30_bySpecimen,1,PLS-DA-identity-matched,ok,,5103,2220,1951,5,"[449, 1580, 1240, 1534, 300]","[210, 680, 550, 650, 130]","{""x_test"": ""/home/delete/nirs4all/nirs4all-data/classification/PISTACIA/Species_code_grpStrat70_30_bySpecimen/Xtest.csv"", ""x_train"": ""/home/delete/nirs4all/nirs4all-data/classification/PISTACIA/Species_code_grpStrat70_30_bySpecimen/Xtrain.csv"", ""y_test"": ""/home/delete/nirs4all/nirs4all-data/classification/PISTACIA/Species_code_grpStrat70_30_bySpecimen/Ytest.csv"", ""y_train"": ""/home/delete/nirs4all/nirs4all-data/classification/PISTACIA/Species_code_grpStrat70_30_bySpecimen/Ytrain.csv""}",4e79da4175e1a1c9f3b638829e961f107ab4359125082bf361df876ff2659e37,5,"[1, 2, 3, 4, 5, 6, 7, 8, 9, 10, 11, 12, 13, 14, 15]",1,0,identity,15,1.239564400448319,0.6103537442949207,0.5774482667804701,1.3840870772300629,0.3500059584532409,2220,0,0.6103537442949207,1.3840870772300629,26.759635745000196,0.0003529289997459273,"{""x_test"": ""5fdfe59f32dbb61a364d7db6a91e426eabbf1eaceb4c3af12639f7e1c168ea7c"", ""x_train"": ""c69f2dc3899dcfb99ce2e8ea26ea166481a4122a56a1a0b43af61a75908873f5"", ""y_test"": ""40f316ae3a6855fb123cc989223ebfffa62271a4528064f51cf8b81315536277"", ""y_train"": ""62a9e9c5342a61d0a7536b55e5fdd3fa3be9f3aa22e7c54f92461a7859826b37""}",[]
matched-plsda-cv5-v1,PISTACIA,Species_code_grpStrat70_30_bySpecimen,2,AOM-PLS-DA-compact9-matched,ok,,5103,2220,1951,5,"[449, 1580, 1240, 1534, 300]","[210, 680, 550, 650, 130]","{""x_test"": ""/home/delete/nirs4all/nirs4all-data/classification/PISTACIA/Species_code_grpStrat70_30_bySpecimen/Xtest.csv"", ""x_train"": ""/home/delete/nirs4all/nirs4all-data/classification/PISTACIA/Species_code_grpStrat70_30_bySpecimen/Xtrain.csv"", ""y_test"": ""/home/delete/nirs4all/nirs4all-data/classification/PISTACIA/Species_code_grpStrat70_30_bySpecimen/Ytest.csv"", ""y_train"": ""/home/delete/nirs4all/nirs4all-data/classification/PISTACIA/Species_code_grpStrat70_30_bySpecimen/Ytrain.csv""}",a21e03a5d68d8b7319ba0da8d60c26dd7c2493cee22095105fb9897540579821,5,"[1, 2, 3, 4, 5, 6, 7, 8, 9, 10, 11, 12, 13, 14, 15]",9,7,detrend_d2,15,1.217762334210829,0.6245885291179409,0.5892807221684679,1.3719387876773979,0.37164920954037955,2220,0,0.6245885291179409,1.3719387876773979,29.06235817200013,0.0003306860007796786,"{""x_test"": ""5fdfe59f32dbb61a364d7db6a91e426eabbf1eaceb4c3af12639f7e1c168ea7c"", ""x_train"": ""c69f2dc3899dcfb99ce2e8ea26ea166481a4122a56a1a0b43af61a75908873f5"", ""y_test"": ""40f316ae3a6855fb123cc989223ebfffa62271a4528064f51cf8b81315536277"", ""y_train"": ""62a9e9c5342a61d0a7536b55e5fdd3fa3be9f3aa22e7c54f92461a7859826b37""}",[]
matched-plsda-cv5-v1,PISTACIA,Species_code_grpStrat70_30_bySpecimen,2,PLS-DA-identity-matched,ok,,5103,2220,1951,5,"[449, 1580, 1240, 1534, 300]","[210, 680, 550, 650, 130]","{""x_test"": ""/home/delete/nirs4all/nirs4all-data/classification/PISTACIA/Species_code_grpStrat70_30_bySpecimen/Xtest.csv"", ""x_train"": ""/home/delete/nirs4all/nirs4all-data/classification/PISTACIA/Species_code_grpStrat70_30_bySpecimen/Xtrain.csv"", ""y_test"": ""/home/delete/nirs4all/nirs4all-data/classification/PISTACIA/Species_code_grpStrat70_30_bySpecimen/Ytest.csv"", ""y_train"": ""/home/delete/nirs4all/nirs4all-data/classification/PISTACIA/Species_code_grpStrat70_30_bySpecimen/Ytrain.csv""}",a21e03a5d68d8b7319ba0da8d60c26dd7c2493cee22095105fb9897540579821,5,"[1, 2, 3, 4, 5, 6, 7, 8, 9, 10, 11, 12, 13, 14, 15]",1,0,identity,15,1.238423575082777,0.6103537442949207,0.5774482667804701,1.3840870772300629,0.3500059584532409,2220,0,0.6103537442949207,1.3840870772300629,28.26898328199968,0.0003261619995100773,"{""x_test"": ""5fdfe59f32dbb61a364d7db6a91e426eabbf1eaceb4c3af12639f7e1c168ea7c"", ""x_train"": ""c69f2dc3899dcfb99ce2e8ea26ea166481a4122a56a1a0b43af61a75908873f5"", ""y_test"": ""40f316ae3a6855fb123cc989223ebfffa62271a4528064f51cf8b81315536277"", ""y_train"": ""62a9e9c5342a61d0a7536b55e5fdd3fa3be9f3aa22e7c54f92461a7859826b37""}",[]
matched-plsda-cv5-v1,Wood_Sustainability,C2_511_Davrieux_Acc82,0,AOM-PLS-DA-compact9-matched,ok,,358,153,1050,2,"[185, 173]","[64, 89]","{""x_test"": ""/home/delete/nirs4all/nirs4all-data/classification/Wood_Sustainability/C2_511_Davrieux_Acc82/Xtest.csv"", ""x_train"": ""/home/delete/nirs4all/nirs4all-data/classification/Wood_Sustainability/C2_511_Davrieux_Acc82/Xtrain.csv"", ""y_test"": ""/home/delete/nirs4all/nirs4all-data/classification/Wood_Sustainability/C2_511_Davrieux_Acc82/Ytest.csv"", ""y_train"": ""/home/delete/nirs4all/nirs4all-data/classification/Wood_Sustainability/C2_511_Davrieux_Acc82/Ytrain.csv""}",11b35e9cfffd68207b892a01f1aa6b776b71f8d8deff7443e2fa0172b9eb37cc,5,"[1, 2, 3, 4, 5, 6, 7, 8, 9, 10, 11, 12, 13, 14, 15]",9,5,sg_d2_w11_p2,15,0.5725602679643899,0.8703476123595506,0.8766129032258064,0.5830420077037505,0.3128881471270348,153,0,0.8703476123595506,0.5830420077037505,2.041627881999375,0.00014147399997455068,"{""x_test"": ""825f4d983e691590243402beafff8e5e18a02520c46acf84e464f91e993a33d2"", ""x_train"": ""426ae1105e8e7117e8612037e6dfdc509d75be27d56cfd11ea27113e8a12739e"", ""y_test"": ""ac5125d25de9eb7dc74ad41affbc2c26aafd22e607c21e67573b15ea6d678239"", ""y_train"": ""5a207cb05bdf1b99dedd3d663a8da1b4e5103bd7e2b9a9230d9919f0d24ecc1d""}",[]
matched-plsda-cv5-v1,Wood_Sustainability,C2_511_Davrieux_Acc82,0,PLS-DA-identity-matched,ok,,358,153,1050,2,"[185, 173]","[64, 89]","{""x_test"": ""/home/delete/nirs4all/nirs4all-data/classification/Wood_Sustainability/C2_511_Davrieux_Acc82/Xtest.csv"", ""x_train"": ""/home/delete/nirs4all/nirs4all-data/classification/Wood_Sustainability/C2_511_Davrieux_Acc82/Xtrain.csv"", ""y_test"": ""/home/delete/nirs4all/nirs4all-data/classification/Wood_Sustainability/C2_511_Davrieux_Acc82/Ytest.csv"", ""y_train"": ""/home/delete/nirs4all/nirs4all-data/classification/Wood_Sustainability/C2_511_Davrieux_Acc82/Ytrain.csv""}",11b35e9cfffd68207b892a01f1aa6b776b71f8d8deff7443e2fa0172b9eb37cc,5,"[1, 2, 3, 4, 5, 6, 7, 8, 9, 10, 11, 12, 13, 14, 15]",1,0,identity,14,0.5817195928819303,0.8837780898876404,0.8903225806451613,0.5901116921863351,0.32934259396276166,153,0,0.8837780898876404,0.5901116921863351,2.0154750109995803,0.00011085900041507557,"{""x_test"": ""825f4d983e691590243402beafff8e5e18a02520c46acf84e464f91e993a33d2"", ""x_train"": ""426ae1105e8e7117e8612037e6dfdc509d75be27d56cfd11ea27113e8a12739e"", ""y_test"": ""ac5125d25de9eb7dc74ad41affbc2c26aafd22e607c21e67573b15ea6d678239"", ""y_train"": ""5a207cb05bdf1b99dedd3d663a8da1b4e5103bd7e2b9a9230d9919f0d24ecc1d""}",[]
matched-plsda-cv5-v1,Wood_Sustainability,C2_511_Davrieux_Acc82,1,AOM-PLS-DA-compact9-matched,ok,,358,153,1050,2,"[185, 173]","[64, 89]","{""x_test"": ""/home/delete/nirs4all/nirs4all-data/classification/Wood_Sustainability/C2_511_Davrieux_Acc82/Xtest.csv"", ""x_train"": ""/home/delete/nirs4all/nirs4all-data/classification/Wood_Sustainability/C2_511_Davrieux_Acc82/Xtrain.csv"", ""y_test"": ""/home/delete/nirs4all/nirs4all-data/classification/Wood_Sustainability/C2_511_Davrieux_Acc82/Ytest.csv"", ""y_train"": ""/home/delete/nirs4all/nirs4all-data/classification/Wood_Sustainability/C2_511_Davrieux_Acc82/Ytrain.csv""}",fbdff49713998fc3cfa182ef6f8f3e6c8fbad43ce63a4a942e51e3339e7706a0,5,"[1, 2, 3, 4, 5, 6, 7, 8, 9, 10, 11, 12, 13, 14, 15]",9,5,sg_d2_w11_p2,15,0.5717192341450827,0.8703476123595506,0.8766129032258064,0.5830420077037505,0.3128881471270348,153,0,0.8703476123595506,0.5830420077037505,2.757495471000766,0.00012060200060659554,"{""x_test"": ""825f4d983e691590243402beafff8e5e18a02520c46acf84e464f91e993a33d2"", ""x_train"": ""426ae1105e8e7117e8612037e6dfdc509d75be27d56cfd11ea27113e8a12739e"", ""y_test"": ""ac5125d25de9eb7dc74ad41affbc2c26aafd22e607c21e67573b15ea6d678239"", ""y_train"": ""5a207cb05bdf1b99dedd3d663a8da1b4e5103bd7e2b9a9230d9919f0d24ecc1d""}",[]
matched-plsda-cv5-v1,Wood_Sustainability,C2_511_Davrieux_Acc82,1,PLS-DA-identity-matched,ok,,358,153,1050,2,"[185, 173]","[64, 89]","{""x_test"": ""/home/delete/nirs4all/nirs4all-data/classification/Wood_Sustainability/C2_511_Davrieux_Acc82/Xtest.csv"", ""x_train"": ""/home/delete/nirs4all/nirs4all-data/classification/Wood_Sustainability/C2_511_Davrieux_Acc82/Xtrain.csv"", ""y_test"": ""/home/delete/nirs4all/nirs4all-data/classification/Wood_Sustainability/C2_511_Davrieux_Acc82/Ytest.csv"", ""y_train"": ""/home/delete/nirs4all/nirs4all-data/classification/Wood_Sustainability/C2_511_Davrieux_Acc82/Ytrain.csv""}",fbdff49713998fc3cfa182ef6f8f3e6c8fbad43ce63a4a942e51e3339e7706a0,5,"[1, 2, 3, 4, 5, 6, 7, 8, 9, 10, 11, 12, 13, 14, 15]",1,0,identity,15,0.5827908625074963,0.8737710674157304,0.8823768823768824,0.589865004105048,0.32286839527015687,153,0,0.8737710674157304,0.589865004105048,2.7024809920003463,0.00011183400056324899,"{""x_test"": ""825f4d983e691590243402beafff8e5e18a02520c46acf84e464f91e993a33d2"", ""x_train"": ""426ae1105e8e7117e8612037e6dfdc509d75be27d56cfd11ea27113e8a12739e"", ""y_test"": ""ac5125d25de9eb7dc74ad41affbc2c26aafd22e607c21e67573b15ea6d678239"", ""y_train"": ""5a207cb05bdf1b99dedd3d663a8da1b4e5103bd7e2b9a9230d9919f0d24ecc1d""}",[]
matched-plsda-cv5-v1,Wood_Sustainability,C2_511_Davrieux_Acc82,2,AOM-PLS-DA-compact9-matched,ok,,358,153,1050,2,"[185, 173]","[64, 89]","{""x_test"": ""/home/delete/nirs4all/nirs4all-data/classification/Wood_Sustainability/C2_511_Davrieux_Acc82/Xtest.csv"", ""x_train"": ""/home/delete/nirs4all/nirs4all-data/classification/Wood_Sustainability/C2_511_Davrieux_Acc82/Xtrain.csv"", ""y_test"": ""/home/delete/nirs4all/nirs4all-data/classification/Wood_Sustainability/C2_511_Davrieux_Acc82/Ytest.csv"", ""y_train"": ""/home/delete/nirs4all/nirs4all-data/classification/Wood_Sustainability/C2_511_Davrieux_Acc82/Ytrain.csv""}",4758d3f4c033d9e8df581e8756d2f7e18e9883dbd7b14639163508a43ceab2c8,5,"[1, 2, 3, 4, 5, 6, 7, 8, 9, 10, 11, 12, 13, 14, 15]",9,5,sg_d2_w11_p2,15,0.5744621293242874,0.8703476123595506,0.8766129032258064,0.5830420077037505,0.3128881471270348,153,0,0.8703476123595506,0.5830420077037505,1.971622631000173,0.00021464099972945405,"{""x_test"": ""825f4d983e691590243402beafff8e5e18a02520c46acf84e464f91e993a33d2"", ""x_train"": ""426ae1105e8e7117e8612037e6dfdc509d75be27d56cfd11ea27113e8a12739e"", ""y_test"": ""ac5125d25de9eb7dc74ad41affbc2c26aafd22e607c21e67573b15ea6d678239"", ""y_train"": ""5a207cb05bdf1b99dedd3d663a8da1b4e5103bd7e2b9a9230d9919f0d24ecc1d""}",[]
matched-plsda-cv5-v1,Wood_Sustainability,C2_511_Davrieux_Acc82,2,PLS-DA-identity-matched,ok,,358,153,1050,2,"[185, 173]","[64, 89]","{""x_test"": ""/home/delete/nirs4all/nirs4all-data/classification/Wood_Sustainability/C2_511_Davrieux_Acc82/Xtest.csv"", ""x_train"": ""/home/delete/nirs4all/nirs4all-data/classification/Wood_Sustainability/C2_511_Davrieux_Acc82/Xtrain.csv"", ""y_test"": ""/home/delete/nirs4all/nirs4all-data/classification/Wood_Sustainability/C2_511_Davrieux_Acc82/Ytest.csv"", ""y_train"": ""/home/delete/nirs4all/nirs4all-data/classification/Wood_Sustainability/C2_511_Davrieux_Acc82/Ytrain.csv""}",4758d3f4c033d9e8df581e8756d2f7e18e9883dbd7b14639163508a43ceab2c8,5,"[1, 2, 3, 4, 5, 6, 7, 8, 9, 10, 11, 12, 13, 14, 15]",1,0,identity,15,0.5835665951416045,0.8737710674157304,0.8823768823768824,0.589865004105048,0.32286839527015687,153,0,0.8737710674157304,0.589865004105048,1.9446606920000704,0.0001231520000146702,"{""x_test"": ""825f4d983e691590243402beafff8e5e18a02520c46acf84e464f91e993a33d2"", ""x_train"": ""426ae1105e8e7117e8612037e6dfdc509d75be27d56cfd11ea27113e8a12739e"", ""y_test"": ""ac5125d25de9eb7dc74ad41affbc2c26aafd22e607c21e67573b15ea6d678239"", ""y_train"": ""5a207cb05bdf1b99dedd3d663a8da1b4e5103bd7e2b9a9230d9919f0d24ecc1d""}",[]
matched-plsda-cv5-v1,Wood_Sustainability,C5_511_Davrieux_Acc82,0,AOM-PLS-DA-compact9-matched,ok,,358,153,1050,5,"[163, 22, 22, 72, 79]","[53, 11, 9, 48, 32]","{""x_test"": ""/home/delete/nirs4all/nirs4all-data/classification/Wood_Sustainability/C5_511_Davrieux_Acc82/Xtest.csv"", ""x_train"": ""/home/delete/nirs4all/nirs4all-data/classification/Wood_Sustainability/C5_511_Davrieux_Acc82/Xtrain.csv"", ""y_test"": ""/home/delete/nirs4all/nirs4all-data/classification/Wood_Sustainability/C5_511_Davrieux_Acc82/Ytest.csv"", ""y_train"": ""/home/delete/nirs4all/nirs4all-data/classification/Wood_Sustainability/C5_511_Davrieux_Acc82/Ytrain.csv""}",4c2cb6929c2c6ac0b4ad447534e923f78a33a3fa83f2baeedc433fb7820cf188,5,"[1, 2, 3, 4, 5, 6, 7, 8, 9, 10, 11, 12, 13, 14, 15]",9,5,sg_d2_w11_p2,15,1.4516956738676474,0.5336251667619593,0.4904118987559296,1.4085918945682565,0.3287211180647827,153,0,0.5336251667619593,1.4085918945682565,2.9163093550005215,0.0001577339999130345,"{""x_test"": ""825f4d983e691590243402beafff8e5e18a02520c46acf84e464f91e993a33d2"", ""x_train"": ""426ae1105e8e7117e8612037e6dfdc509d75be27d56cfd11ea27113e8a12739e"", ""y_test"": ""7bdaec03524d76711c8eebeedc5899c520aa8f97093526fa9c179990ecad4ce0"", ""y_train"": ""b36db80c8422b696c5919249302aecfc88ef0ccdc7e88805d148afaf850e6876""}",[]
matched-plsda-cv5-v1,Wood_Sustainability,C5_511_Davrieux_Acc82,0,PLS-DA-identity-matched,ok,,358,153,1050,5,"[163, 22, 22, 72, 79]","[53, 11, 9, 48, 32]","{""x_test"": ""/home/delete/nirs4all/nirs4all-data/classification/Wood_Sustainability/C5_511_Davrieux_Acc82/Xtest.csv"", ""x_train"": ""/home/delete/nirs4all/nirs4all-data/classification/Wood_Sustainability/C5_511_Davrieux_Acc82/Xtrain.csv"", ""y_test"": ""/home/delete/nirs4all/nirs4all-data/classification/Wood_Sustainability/C5_511_Davrieux_Acc82/Ytest.csv"", ""y_train"": ""/home/delete/nirs4all/nirs4all-data/classification/Wood_Sustainability/C5_511_Davrieux_Acc82/Ytrain.csv""}",4c2cb6929c2c6ac0b4ad447534e923f78a33a3fa83f2baeedc433fb7820cf188,5,"[1, 2, 3, 4, 5, 6, 7, 8, 9, 10, 11, 12, 13, 14, 15]",1,0,identity,15,1.4600929257659496,0.4697362778730703,0.42133325809834155,1.431574311402488,0.2656515721320132,153,0,0.4697362778730703,1.431574311402488,2.8868510749998677,0.0001348390005659894,"{""x_test"": ""825f4d983e691590243402beafff8e5e18a02520c46acf84e464f91e993a33d2"", ""x_train"": ""426ae1105e8e7117e8612037e6dfdc509d75be27d56cfd11ea27113e8a12739e"", ""y_test"": ""7bdaec03524d76711c8eebeedc5899c520aa8f97093526fa9c179990ecad4ce0"", ""y_train"": ""b36db80c8422b696c5919249302aecfc88ef0ccdc7e88805d148afaf850e6876""}",[]
matched-plsda-cv5-v1,Wood_Sustainability,C5_511_Davrieux_Acc82,1,AOM-PLS-DA-compact9-matched,ok,,358,153,1050,5,"[163, 22, 22, 72, 79]","[53, 11, 9, 48, 32]","{""x_test"": ""/home/delete/nirs4all/nirs4all-data/classification/Wood_Sustainability/C5_511_Davrieux_Acc82/Xtest.csv"", ""x_train"": ""/home/delete/nirs4all/nirs4all-data/classification/Wood_Sustainability/C5_511_Davrieux_Acc82/Xtrain.csv"", ""y_test"": ""/home/delete/nirs4all/nirs4all-data/classification/Wood_Sustainability/C5_511_Davrieux_Acc82/Ytest.csv"", ""y_train"": ""/home/delete/nirs4all/nirs4all-data/classification/Wood_Sustainability/C5_511_Davrieux_Acc82/Ytrain.csv""}",13ca2d4e42329985d7a30b8849dca66d093517aa2fea1f4350d1130cdae0d6d4,5,"[1, 2, 3, 4, 5, 6, 7, 8, 9, 10, 11, 12, 13, 14, 15]",9,5,sg_d2_w11_p2,15,1.4507358849796117,0.5336251667619593,0.4904118987559296,1.4085918945682565,0.3287211180647827,153,0,0.5336251667619593,1.4085918945682565,2.5119607300002826,0.00015154899938352173,"{""x_test"": ""825f4d983e691590243402beafff8e5e18a02520c46acf84e464f91e993a33d2"", ""x_train"": ""426ae1105e8e7117e8612037e6dfdc509d75be27d56cfd11ea27113e8a12739e"", ""y_test"": ""7bdaec03524d76711c8eebeedc5899c520aa8f97093526fa9c179990ecad4ce0"", ""y_train"": ""b36db80c8422b696c5919249302aecfc88ef0ccdc7e88805d148afaf850e6876""}",[]
matched-plsda-cv5-v1,Wood_Sustainability,C5_511_Davrieux_Acc82,1,PLS-DA-identity-matched,ok,,358,153,1050,5,"[163, 22, 22, 72, 79]","[53, 11, 9, 48, 32]","{""x_test"": ""/home/delete/nirs4all/nirs4all-data/classification/Wood_Sustainability/C5_511_Davrieux_Acc82/Xtest.csv"", ""x_train"": ""/home/delete/nirs4all/nirs4all-data/classification/Wood_Sustainability/C5_511_Davrieux_Acc82/Xtrain.csv"", ""y_test"": ""/home/delete/nirs4all/nirs4all-data/classification/Wood_Sustainability/C5_511_Davrieux_Acc82/Ytest.csv"", ""y_train"": ""/home/delete/nirs4all/nirs4all-data/classification/Wood_Sustainability/C5_511_Davrieux_Acc82/Ytrain.csv""}",13ca2d4e42329985d7a30b8849dca66d093517aa2fea1f4350d1130cdae0d6d4,5,"[1, 2, 3, 4, 5, 6, 7, 8, 9, 10, 11, 12, 13, 14, 15]",1,0,identity,14,1.471835398337949,0.4810570325900515,0.4288615804744837,1.4374803643929253,0.2863067185455482,153,0,0.4810570325900515,1.4374803643929253,2.486377502000323,0.00013172299986763392,"{""x_test"": ""825f4d983e691590243402beafff8e5e18a02520c46acf84e464f91e993a33d2"", ""x_train"": ""426ae1105e8e7117e8612037e6dfdc509d75be27d56cfd11ea27113e8a12739e"", ""y_test"": ""7bdaec03524d76711c8eebeedc5899c520aa8f97093526fa9c179990ecad4ce0"", ""y_train"": ""b36db80c8422b696c5919249302aecfc88ef0ccdc7e88805d148afaf850e6876""}",[]
matched-plsda-cv5-v1,Wood_Sustainability,C5_511_Davrieux_Acc82,2,AOM-PLS-DA-compact9-matched,ok,,358,153,1050,5,"[163, 22, 22, 72, 79]","[53, 11, 9, 48, 32]","{""x_test"": ""/home/delete/nirs4all/nirs4all-data/classification/Wood_Sustainability/C5_511_Davrieux_Acc82/Xtest.csv"", ""x_train"": ""/home/delete/nirs4all/nirs4all-data/classification/Wood_Sustainability/C5_511_Davrieux_Acc82/Xtrain.csv"", ""y_test"": ""/home/delete/nirs4all/nirs4all-data/classification/Wood_Sustainability/C5_511_Davrieux_Acc82/Ytest.csv"", ""y_train"": ""/home/delete/nirs4all/nirs4all-data/classification/Wood_Sustainability/C5_511_Davrieux_Acc82/Ytrain.csv""}",44daea99d7969ddb750e5d2d8e0419223c2a564cf250bea075eb5e1e8780e55c,5,"[1, 2, 3, 4, 5, 6, 7, 8, 9, 10, 11, 12, 13, 14, 15]",9,5,sg_d2_w11_p2,14,1.4473997729714942,0.5377918334286258,0.4955188603957593,1.4123345588708898,0.3365082536349666,153,0,0.5377918334286258,1.4123345588708898,2.5859759289996873,0.000280492999991111,"{""x_test"": ""825f4d983e691590243402beafff8e5e18a02520c46acf84e464f91e993a33d2"", ""x_train"": ""426ae1105e8e7117e8612037e6dfdc509d75be27d56cfd11ea27113e8a12739e"", ""y_test"": ""7bdaec03524d76711c8eebeedc5899c520aa8f97093526fa9c179990ecad4ce0"", ""y_train"": ""b36db80c8422b696c5919249302aecfc88ef0ccdc7e88805d148afaf850e6876""}",[]
matched-plsda-cv5-v1,Wood_Sustainability,C5_511_Davrieux_Acc82,2,PLS-DA-identity-matched,ok,,358,153,1050,5,"[163, 22, 22, 72, 79]","[53, 11, 9, 48, 32]","{""x_test"": ""/home/delete/nirs4all/nirs4all-data/classification/Wood_Sustainability/C5_511_Davrieux_Acc82/Xtest.csv"", ""x_train"": ""/home/delete/nirs4all/nirs4all-data/classification/Wood_Sustainability/C5_511_Davrieux_Acc82/Xtrain.csv"", ""y_test"": ""/home/delete/nirs4all/nirs4all-data/classification/Wood_Sustainability/C5_511_Davrieux_Acc82/Ytest.csv"", ""y_train"": ""/home/delete/nirs4all/nirs4all-data/classification/Wood_Sustainability/C5_511_Davrieux_Acc82/Ytrain.csv""}",44daea99d7969ddb750e5d2d8e0419223c2a564cf250bea075eb5e1e8780e55c,5,"[1, 2, 3, 4, 5, 6, 7, 8, 9, 10, 11, 12, 13, 14, 15]",1,0,identity,14,1.4590742470224307,0.4810570325900515,0.4288615804744837,1.4374803643929253,0.2863067185455482,153,0,0.4810570325900515,1.4374803643929253,2.558499679000306,0.0001921010007208679,"{""x_test"": ""825f4d983e691590243402beafff8e5e18a02520c46acf84e464f91e993a33d2"", ""x_train"": ""426ae1105e8e7117e8612037e6dfdc509d75be27d56cfd11ea27113e8a12739e"", ""y_test"": ""7bdaec03524d76711c8eebeedc5899c520aa8f97093526fa9c179990ecad4ce0"", ""y_train"": ""b36db80c8422b696c5919249302aecfc88ef0ccdc7e88805d148afaf850e6876""}",[]
