variant,n_paired,median_log_ratio,pvalue,holm_pvalue
mkR-softmax_cv-snv,9,-0.01915021750728603,0.08203125,0.41015625
MKM-reml,9,4.39866000879929e-05,0.71484375,1.0
MKM-reml-msc,9,0.02077160545343714,0.455078125,1.0
MKM-reml-asls,9,0.03028048208188847,0.71484375,1.0
Ridge-raw,9,0.049689690128456566,0.849609375,1.0
