variant,n_total,n_ok,n_fail,n_converged,median_rel_pls,ci_low_rel_pls,ci_high_rel_pls,wins_vs_pls,losses_vs_pls,ties_vs_pls,median_rel_ridge,median_rel_tabpfn_opt,median_fit_time_s
mkR-softmax_cv-snv,9,9,0,9,0.9931737238574668,0.9484127355548126,1.218055650488509,5,4,0,1.032102381280497,1.2271749537003906,38.60754466056824
MKM-reml-asls,9,9,0,9,1.0024409785550155,0.9471506367416087,1.3113691929995195,3,6,0,1.086877331667475,1.2893593172505535,36.48742580413818
MKM-reml-msc,9,9,0,9,1.0258008605756719,0.9620627227626047,1.326219201087406,3,6,0,1.0765913308704926,1.27715706536948,35.65829157829285
mkR-softmax_cv,9,9,0,9,1.0535683772500166,0.9523078213188391,1.271710544304871,4,5,0,1.0544594535678724,1.25090208573475,33.202446699142456
MKM-reml,9,9,0,9,1.0955770155071156,0.9704266067412086,1.3404799109625143,4,5,0,1.096503621462634,1.3067296451428758,20.23753809928894
Ridge-raw,10,10,0,10,1.1477420335802515,0.8531165561923478,1.7723213659027588,3,7,0,1.1813873989342594,1.3164684004989358,0.0907422304153442
