task,model,mode,operator_index,operator,grid_index,hyperparameter,cv_rmse_mean
Beer_OriginalExtract_60_KS,PLS,folded,0,identity,0,1,0.9794079175206694
Beer_OriginalExtract_60_KS,PLS,folded,0,identity,1,2,0.629579731138706
Beer_OriginalExtract_60_KS,PLS,folded,0,identity,2,3,0.5923021891058748
Beer_OriginalExtract_60_KS,PLS,folded,0,identity,3,4,0.5859280854480389
Beer_OriginalExtract_60_KS,PLS,folded,0,identity,4,5,0.5827328445050304
Beer_OriginalExtract_60_KS,PLS,folded,0,identity,5,6,0.5827206458802167
Beer_OriginalExtract_60_KS,PLS,folded,0,identity,6,7,0.5831777048158746
Beer_OriginalExtract_60_KS,PLS,folded,0,identity,7,8,0.5834072625192
Beer_OriginalExtract_60_KS,PLS,folded,0,identity,8,9,0.5834922322358038
Beer_OriginalExtract_60_KS,PLS,folded,0,identity,9,10,0.5835016561780566
Beer_OriginalExtract_60_KS,PLS,folded,0,identity,10,11,0.5835180660638206
Beer_OriginalExtract_60_KS,PLS,folded,0,identity,11,12,0.5835233775660174
Beer_OriginalExtract_60_KS,PLS,folded,0,identity,12,13,0.5835258014323246
Beer_OriginalExtract_60_KS,PLS,folded,0,identity,13,14,0.5835260096453468
Beer_OriginalExtract_60_KS,PLS,folded,0,identity,14,15,0.5835260868602928
Beer_OriginalExtract_60_KS,PLS,folded,1,sg_smooth_w11_p2,0,1,0.9368433982482929
Beer_OriginalExtract_60_KS,PLS,folded,1,sg_smooth_w11_p2,1,2,0.4990055442548137
Beer_OriginalExtract_60_KS,PLS,folded,1,sg_smooth_w11_p2,2,3,0.3385070993997633
Beer_OriginalExtract_60_KS,PLS,folded,1,sg_smooth_w11_p2,3,4,0.2943669032238122
Beer_OriginalExtract_60_KS,PLS,folded,1,sg_smooth_w11_p2,4,5,0.2784936617903114
Beer_OriginalExtract_60_KS,PLS,folded,1,sg_smooth_w11_p2,5,6,0.28331565491944966
Beer_OriginalExtract_60_KS,PLS,folded,1,sg_smooth_w11_p2,6,7,0.28722414137898256
Beer_OriginalExtract_60_KS,PLS,folded,1,sg_smooth_w11_p2,7,8,0.2869248188871486
Beer_OriginalExtract_60_KS,PLS,folded,1,sg_smooth_w11_p2,8,9,0.28681851927250346
Beer_OriginalExtract_60_KS,PLS,folded,1,sg_smooth_w11_p2,9,10,0.2866266773874734
Beer_OriginalExtract_60_KS,PLS,folded,1,sg_smooth_w11_p2,10,11,0.286426766925037
Beer_OriginalExtract_60_KS,PLS,folded,1,sg_smooth_w11_p2,11,12,0.28657815494393657
Beer_OriginalExtract_60_KS,PLS,folded,1,sg_smooth_w11_p2,12,13,0.28660526901168426
Beer_OriginalExtract_60_KS,PLS,folded,1,sg_smooth_w11_p2,13,14,0.28649257771247943
Beer_OriginalExtract_60_KS,PLS,folded,1,sg_smooth_w11_p2,14,15,0.2864889194517222
Beer_OriginalExtract_60_KS,PLS,folded,2,sg_smooth_w21_p3,0,1,0.9366382763704262
Beer_OriginalExtract_60_KS,PLS,folded,2,sg_smooth_w21_p3,1,2,0.47437628978829716
Beer_OriginalExtract_60_KS,PLS,folded,2,sg_smooth_w21_p3,2,3,0.28987328110231675
Beer_OriginalExtract_60_KS,PLS,folded,2,sg_smooth_w21_p3,3,4,0.2662303004788134
Beer_OriginalExtract_60_KS,PLS,folded,2,sg_smooth_w21_p3,4,5,0.2747583309621601
Beer_OriginalExtract_60_KS,PLS,folded,2,sg_smooth_w21_p3,5,6,0.2750347818664196
Beer_OriginalExtract_60_KS,PLS,folded,2,sg_smooth_w21_p3,6,7,0.27639632446901385
Beer_OriginalExtract_60_KS,PLS,folded,2,sg_smooth_w21_p3,7,8,0.2790530429035258
Beer_OriginalExtract_60_KS,PLS,folded,2,sg_smooth_w21_p3,8,9,0.2848385719449498
Beer_OriginalExtract_60_KS,PLS,folded,2,sg_smooth_w21_p3,9,10,0.2883499050568342
Beer_OriginalExtract_60_KS,PLS,folded,2,sg_smooth_w21_p3,10,11,0.28922038511859444
Beer_OriginalExtract_60_KS,PLS,folded,2,sg_smooth_w21_p3,11,12,0.2894029078247079
Beer_OriginalExtract_60_KS,PLS,folded,2,sg_smooth_w21_p3,12,13,0.2896384246252021
Beer_OriginalExtract_60_KS,PLS,folded,2,sg_smooth_w21_p3,13,14,0.2897539255736574
Beer_OriginalExtract_60_KS,PLS,folded,2,sg_smooth_w21_p3,14,15,0.289704568417552
Beer_OriginalExtract_60_KS,PLS,folded,3,sg_d1_w11_p2,0,1,1.3607517791873671
Beer_OriginalExtract_60_KS,PLS,folded,3,sg_d1_w11_p2,1,2,1.0784013442781286
Beer_OriginalExtract_60_KS,PLS,folded,3,sg_d1_w11_p2,2,3,0.9962900750138036
Beer_OriginalExtract_60_KS,PLS,folded,3,sg_d1_w11_p2,3,4,0.9419079670710481
Beer_OriginalExtract_60_KS,PLS,folded,3,sg_d1_w11_p2,4,5,0.9288962266110488
Beer_OriginalExtract_60_KS,PLS,folded,3,sg_d1_w11_p2,5,6,0.9231949875987315
Beer_OriginalExtract_60_KS,PLS,folded,3,sg_d1_w11_p2,6,7,0.9178332398105546
Beer_OriginalExtract_60_KS,PLS,folded,3,sg_d1_w11_p2,7,8,0.9182301416732519
Beer_OriginalExtract_60_KS,PLS,folded,3,sg_d1_w11_p2,8,9,0.9167024816181784
Beer_OriginalExtract_60_KS,PLS,folded,3,sg_d1_w11_p2,9,10,0.9171975192010828
Beer_OriginalExtract_60_KS,PLS,folded,3,sg_d1_w11_p2,10,11,0.9173738697572503
Beer_OriginalExtract_60_KS,PLS,folded,3,sg_d1_w11_p2,11,12,0.9173052532856648
Beer_OriginalExtract_60_KS,PLS,folded,3,sg_d1_w11_p2,12,13,0.9173167454468821
Beer_OriginalExtract_60_KS,PLS,folded,3,sg_d1_w11_p2,13,14,0.9173516928812626
Beer_OriginalExtract_60_KS,PLS,folded,3,sg_d1_w11_p2,14,15,0.9173383729461383
Beer_OriginalExtract_60_KS,PLS,folded,4,sg_d1_w21_p3,0,1,1.237326802900133
Beer_OriginalExtract_60_KS,PLS,folded,4,sg_d1_w21_p3,1,2,0.945089510613595
Beer_OriginalExtract_60_KS,PLS,folded,4,sg_d1_w21_p3,2,3,0.8894378392171483
Beer_OriginalExtract_60_KS,PLS,folded,4,sg_d1_w21_p3,3,4,0.8605446003283168
Beer_OriginalExtract_60_KS,PLS,folded,4,sg_d1_w21_p3,4,5,0.8456245070704485
Beer_OriginalExtract_60_KS,PLS,folded,4,sg_d1_w21_p3,5,6,0.8448295350380052
Beer_OriginalExtract_60_KS,PLS,folded,4,sg_d1_w21_p3,6,7,0.8487798392023661
Beer_OriginalExtract_60_KS,PLS,folded,4,sg_d1_w21_p3,7,8,0.847286344866091
Beer_OriginalExtract_60_KS,PLS,folded,4,sg_d1_w21_p3,8,9,0.8435451396848779
Beer_OriginalExtract_60_KS,PLS,folded,4,sg_d1_w21_p3,9,10,0.8437276484362556
Beer_OriginalExtract_60_KS,PLS,folded,4,sg_d1_w21_p3,10,11,0.8433276675548085
Beer_OriginalExtract_60_KS,PLS,folded,4,sg_d1_w21_p3,11,12,0.8435262551112259
Beer_OriginalExtract_60_KS,PLS,folded,4,sg_d1_w21_p3,12,13,0.8436440344263983
Beer_OriginalExtract_60_KS,PLS,folded,4,sg_d1_w21_p3,13,14,0.8440279715425593
Beer_OriginalExtract_60_KS,PLS,folded,4,sg_d1_w21_p3,14,15,0.8440522154955428
Beer_OriginalExtract_60_KS,PLS,folded,5,sg_d2_w11_p2,0,1,2.638742079950648
Beer_OriginalExtract_60_KS,PLS,folded,5,sg_d2_w11_p2,1,2,2.7888282657491654
Beer_OriginalExtract_60_KS,PLS,folded,5,sg_d2_w11_p2,2,3,2.586479321684738
Beer_OriginalExtract_60_KS,PLS,folded,5,sg_d2_w11_p2,3,4,2.4632355256161005
Beer_OriginalExtract_60_KS,PLS,folded,5,sg_d2_w11_p2,4,5,2.449849247050496
Beer_OriginalExtract_60_KS,PLS,folded,5,sg_d2_w11_p2,5,6,2.441026803739198
Beer_OriginalExtract_60_KS,PLS,folded,5,sg_d2_w11_p2,6,7,2.4355553393825677
Beer_OriginalExtract_60_KS,PLS,folded,5,sg_d2_w11_p2,7,8,2.4313101151441074
Beer_OriginalExtract_60_KS,PLS,folded,5,sg_d2_w11_p2,8,9,2.4287745554037152
Beer_OriginalExtract_60_KS,PLS,folded,5,sg_d2_w11_p2,9,10,2.427414135851517
Beer_OriginalExtract_60_KS,PLS,folded,5,sg_d2_w11_p2,10,11,2.427763534715572
Beer_OriginalExtract_60_KS,PLS,folded,5,sg_d2_w11_p2,11,12,2.427867912890511
Beer_OriginalExtract_60_KS,PLS,folded,5,sg_d2_w11_p2,12,13,2.4279192009032355
Beer_OriginalExtract_60_KS,PLS,folded,5,sg_d2_w11_p2,13,14,2.4279140615405543
Beer_OriginalExtract_60_KS,PLS,folded,5,sg_d2_w11_p2,14,15,2.4279184479431373
Beer_OriginalExtract_60_KS,PLS,folded,6,detrend_d1,0,1,0.722100904580371
Beer_OriginalExtract_60_KS,PLS,folded,6,detrend_d1,1,2,0.6355610643077902
Beer_OriginalExtract_60_KS,PLS,folded,6,detrend_d1,2,3,0.6272593127747823
Beer_OriginalExtract_60_KS,PLS,folded,6,detrend_d1,3,4,0.6291729892810057
Beer_OriginalExtract_60_KS,PLS,folded,6,detrend_d1,4,5,0.6286507084166338
Beer_OriginalExtract_60_KS,PLS,folded,6,detrend_d1,5,6,0.6288761105691855
Beer_OriginalExtract_60_KS,PLS,folded,6,detrend_d1,6,7,0.6287521493341999
Beer_OriginalExtract_60_KS,PLS,folded,6,detrend_d1,7,8,0.6288114895268626
Beer_OriginalExtract_60_KS,PLS,folded,6,detrend_d1,8,9,0.6288223237561923
Beer_OriginalExtract_60_KS,PLS,folded,6,detrend_d1,9,10,0.6288292861630339
Beer_OriginalExtract_60_KS,PLS,folded,6,detrend_d1,10,11,0.6288332478945483
Beer_OriginalExtract_60_KS,PLS,folded,6,detrend_d1,11,12,0.6288338118861938
Beer_OriginalExtract_60_KS,PLS,folded,6,detrend_d1,12,13,0.6288337951282607
Beer_OriginalExtract_60_KS,PLS,folded,6,detrend_d1,13,14,0.6288338311601113
Beer_OriginalExtract_60_KS,PLS,folded,6,detrend_d1,14,15,0.6288338958156763
Beer_OriginalExtract_60_KS,PLS,folded,7,detrend_d2,0,1,0.7272829526384486
Beer_OriginalExtract_60_KS,PLS,folded,7,detrend_d2,1,2,0.6382285221956361
Beer_OriginalExtract_60_KS,PLS,folded,7,detrend_d2,2,3,0.6318771119632689
Beer_OriginalExtract_60_KS,PLS,folded,7,detrend_d2,3,4,0.6333813809884198
Beer_OriginalExtract_60_KS,PLS,folded,7,detrend_d2,4,5,0.6325469313539976
Beer_OriginalExtract_60_KS,PLS,folded,7,detrend_d2,5,6,0.6327502616608707
Beer_OriginalExtract_60_KS,PLS,folded,7,detrend_d2,6,7,0.6326707668456736
Beer_OriginalExtract_60_KS,PLS,folded,7,detrend_d2,7,8,0.6327565732026778
Beer_OriginalExtract_60_KS,PLS,folded,7,detrend_d2,8,9,0.6327665044125872
Beer_OriginalExtract_60_KS,PLS,folded,7,detrend_d2,9,10,0.6327764306539996
Beer_OriginalExtract_60_KS,PLS,folded,7,detrend_d2,10,11,0.6327819552120605
Beer_OriginalExtract_60_KS,PLS,folded,7,detrend_d2,11,12,0.6327828123573717
Beer_OriginalExtract_60_KS,PLS,folded,7,detrend_d2,12,13,0.6327829203050028
Beer_OriginalExtract_60_KS,PLS,folded,7,detrend_d2,13,14,0.6327829866264951
Beer_OriginalExtract_60_KS,PLS,folded,7,detrend_d2,14,15,0.6327830392123046
Beer_OriginalExtract_60_KS,PLS,folded,8,fd_d1,0,1,2.930598987938433
Beer_OriginalExtract_60_KS,PLS,folded,8,fd_d1,1,2,3.010358199518273
Beer_OriginalExtract_60_KS,PLS,folded,8,fd_d1,2,3,3.051855686621239
Beer_OriginalExtract_60_KS,PLS,folded,8,fd_d1,3,4,3.061124480444063
Beer_OriginalExtract_60_KS,PLS,folded,8,fd_d1,4,5,3.073664585351349
Beer_OriginalExtract_60_KS,PLS,folded,8,fd_d1,5,6,3.078444620564529
Beer_OriginalExtract_60_KS,PLS,folded,8,fd_d1,6,7,3.078839181818504
Beer_OriginalExtract_60_KS,PLS,folded,8,fd_d1,7,8,3.0793597893725666
Beer_OriginalExtract_60_KS,PLS,folded,8,fd_d1,8,9,3.079604157000116
Beer_OriginalExtract_60_KS,PLS,folded,8,fd_d1,9,10,3.079639500268556
Beer_OriginalExtract_60_KS,PLS,folded,8,fd_d1,10,11,3.0796544158395585
Beer_OriginalExtract_60_KS,PLS,folded,8,fd_d1,11,12,3.0796391364465174
Beer_OriginalExtract_60_KS,PLS,folded,8,fd_d1,12,13,3.0796364361338804
Beer_OriginalExtract_60_KS,PLS,folded,8,fd_d1,13,14,3.079635949379818
Beer_OriginalExtract_60_KS,PLS,folded,8,fd_d1,14,15,3.0796361383709123
Beer_OriginalExtract_60_KS,PLS,materialized,0,identity,0,1,0.9794079175206694
Beer_OriginalExtract_60_KS,PLS,materialized,0,identity,1,2,0.6295797311387059
Beer_OriginalExtract_60_KS,PLS,materialized,0,identity,2,3,0.5923021891058742
Beer_OriginalExtract_60_KS,PLS,materialized,0,identity,3,4,0.5859280854480382
Beer_OriginalExtract_60_KS,PLS,materialized,0,identity,4,5,0.5827328445050293
Beer_OriginalExtract_60_KS,PLS,materialized,0,identity,5,6,0.5827206458802171
Beer_OriginalExtract_60_KS,PLS,materialized,0,identity,6,7,0.5831777048158744
Beer_OriginalExtract_60_KS,PLS,materialized,0,identity,7,8,0.5834072625192008
Beer_OriginalExtract_60_KS,PLS,materialized,0,identity,8,9,0.583492232235805
Beer_OriginalExtract_60_KS,PLS,materialized,0,identity,9,10,0.5835016561780575
Beer_OriginalExtract_60_KS,PLS,materialized,0,identity,10,11,0.5835180660638204
Beer_OriginalExtract_60_KS,PLS,materialized,0,identity,11,12,0.5835233775660186
Beer_OriginalExtract_60_KS,PLS,materialized,0,identity,12,13,0.5835258014323251
Beer_OriginalExtract_60_KS,PLS,materialized,0,identity,13,14,0.5835260096453483
Beer_OriginalExtract_60_KS,PLS,materialized,0,identity,14,15,0.583526086860295
Beer_OriginalExtract_60_KS,PLS,materialized,1,sg_smooth_w11_p2,0,1,0.9368433982482924
Beer_OriginalExtract_60_KS,PLS,materialized,1,sg_smooth_w11_p2,1,2,0.4990055442548134
Beer_OriginalExtract_60_KS,PLS,materialized,1,sg_smooth_w11_p2,2,3,0.33850709939976376
Beer_OriginalExtract_60_KS,PLS,materialized,1,sg_smooth_w11_p2,3,4,0.294366903223812
Beer_OriginalExtract_60_KS,PLS,materialized,1,sg_smooth_w11_p2,4,5,0.27849366179031226
Beer_OriginalExtract_60_KS,PLS,materialized,1,sg_smooth_w11_p2,5,6,0.28331565491944904
Beer_OriginalExtract_60_KS,PLS,materialized,1,sg_smooth_w11_p2,6,7,0.28722414137898256
Beer_OriginalExtract_60_KS,PLS,materialized,1,sg_smooth_w11_p2,7,8,0.2869248188871503
Beer_OriginalExtract_60_KS,PLS,materialized,1,sg_smooth_w11_p2,8,9,0.286818519272505
Beer_OriginalExtract_60_KS,PLS,materialized,1,sg_smooth_w11_p2,9,10,0.2866266773874748
Beer_OriginalExtract_60_KS,PLS,materialized,1,sg_smooth_w11_p2,10,11,0.2864267669250381
Beer_OriginalExtract_60_KS,PLS,materialized,1,sg_smooth_w11_p2,11,12,0.2865781549439381
Beer_OriginalExtract_60_KS,PLS,materialized,1,sg_smooth_w11_p2,12,13,0.2866052690116857
Beer_OriginalExtract_60_KS,PLS,materialized,1,sg_smooth_w11_p2,13,14,0.28649257771248177
Beer_OriginalExtract_60_KS,PLS,materialized,1,sg_smooth_w11_p2,14,15,0.2864889194517247
Beer_OriginalExtract_60_KS,PLS,materialized,2,sg_smooth_w21_p3,0,1,0.9366382763704262
Beer_OriginalExtract_60_KS,PLS,materialized,2,sg_smooth_w21_p3,1,2,0.474376289788298
Beer_OriginalExtract_60_KS,PLS,materialized,2,sg_smooth_w21_p3,2,3,0.28987328110231514
Beer_OriginalExtract_60_KS,PLS,materialized,2,sg_smooth_w21_p3,3,4,0.2662303004788127
Beer_OriginalExtract_60_KS,PLS,materialized,2,sg_smooth_w21_p3,4,5,0.2747583309621581
Beer_OriginalExtract_60_KS,PLS,materialized,2,sg_smooth_w21_p3,5,6,0.27503478186642066
Beer_OriginalExtract_60_KS,PLS,materialized,2,sg_smooth_w21_p3,6,7,0.2763963244690144
Beer_OriginalExtract_60_KS,PLS,materialized,2,sg_smooth_w21_p3,7,8,0.27905304290352523
Beer_OriginalExtract_60_KS,PLS,materialized,2,sg_smooth_w21_p3,8,9,0.284838571944949
Beer_OriginalExtract_60_KS,PLS,materialized,2,sg_smooth_w21_p3,9,10,0.2883499050568339
Beer_OriginalExtract_60_KS,PLS,materialized,2,sg_smooth_w21_p3,10,11,0.28922038511859316
Beer_OriginalExtract_60_KS,PLS,materialized,2,sg_smooth_w21_p3,11,12,0.28940290782470757
Beer_OriginalExtract_60_KS,PLS,materialized,2,sg_smooth_w21_p3,12,13,0.28963842462520206
Beer_OriginalExtract_60_KS,PLS,materialized,2,sg_smooth_w21_p3,13,14,0.28975392557365687
Beer_OriginalExtract_60_KS,PLS,materialized,2,sg_smooth_w21_p3,14,15,0.28970456841755143
Beer_OriginalExtract_60_KS,PLS,materialized,3,sg_d1_w11_p2,0,1,1.360751779187367
Beer_OriginalExtract_60_KS,PLS,materialized,3,sg_d1_w11_p2,1,2,1.0784013442781288
Beer_OriginalExtract_60_KS,PLS,materialized,3,sg_d1_w11_p2,2,3,0.9962900750138038
Beer_OriginalExtract_60_KS,PLS,materialized,3,sg_d1_w11_p2,3,4,0.9419079670710468
Beer_OriginalExtract_60_KS,PLS,materialized,3,sg_d1_w11_p2,4,5,0.9288962266110483
Beer_OriginalExtract_60_KS,PLS,materialized,3,sg_d1_w11_p2,5,6,0.9231949875987308
Beer_OriginalExtract_60_KS,PLS,materialized,3,sg_d1_w11_p2,6,7,0.9178332398105542
Beer_OriginalExtract_60_KS,PLS,materialized,3,sg_d1_w11_p2,7,8,0.9182301416732525
Beer_OriginalExtract_60_KS,PLS,materialized,3,sg_d1_w11_p2,8,9,0.9167024816181781
Beer_OriginalExtract_60_KS,PLS,materialized,3,sg_d1_w11_p2,9,10,0.9171975192010822
Beer_OriginalExtract_60_KS,PLS,materialized,3,sg_d1_w11_p2,10,11,0.9173738697572492
Beer_OriginalExtract_60_KS,PLS,materialized,3,sg_d1_w11_p2,11,12,0.9173052532856648
Beer_OriginalExtract_60_KS,PLS,materialized,3,sg_d1_w11_p2,12,13,0.9173167454468816
Beer_OriginalExtract_60_KS,PLS,materialized,3,sg_d1_w11_p2,13,14,0.9173516928812621
Beer_OriginalExtract_60_KS,PLS,materialized,3,sg_d1_w11_p2,14,15,0.9173383729461382
Beer_OriginalExtract_60_KS,PLS,materialized,4,sg_d1_w21_p3,0,1,1.237326802900133
Beer_OriginalExtract_60_KS,PLS,materialized,4,sg_d1_w21_p3,1,2,0.9450895106135953
Beer_OriginalExtract_60_KS,PLS,materialized,4,sg_d1_w21_p3,2,3,0.8894378392171479
Beer_OriginalExtract_60_KS,PLS,materialized,4,sg_d1_w21_p3,3,4,0.8605446003283165
Beer_OriginalExtract_60_KS,PLS,materialized,4,sg_d1_w21_p3,4,5,0.8456245070704487
Beer_OriginalExtract_60_KS,PLS,materialized,4,sg_d1_w21_p3,5,6,0.8448295350380043
Beer_OriginalExtract_60_KS,PLS,materialized,4,sg_d1_w21_p3,6,7,0.8487798392023651
Beer_OriginalExtract_60_KS,PLS,materialized,4,sg_d1_w21_p3,7,8,0.8472863448660902
Beer_OriginalExtract_60_KS,PLS,materialized,4,sg_d1_w21_p3,8,9,0.8435451396848779
Beer_OriginalExtract_60_KS,PLS,materialized,4,sg_d1_w21_p3,9,10,0.8437276484362538
Beer_OriginalExtract_60_KS,PLS,materialized,4,sg_d1_w21_p3,10,11,0.8433276675548061
Beer_OriginalExtract_60_KS,PLS,materialized,4,sg_d1_w21_p3,11,12,0.8435262551112249
Beer_OriginalExtract_60_KS,PLS,materialized,4,sg_d1_w21_p3,12,13,0.8436440344263971
Beer_OriginalExtract_60_KS,PLS,materialized,4,sg_d1_w21_p3,13,14,0.8440279715425578
Beer_OriginalExtract_60_KS,PLS,materialized,4,sg_d1_w21_p3,14,15,0.8440522154955415
Beer_OriginalExtract_60_KS,PLS,materialized,5,sg_d2_w11_p2,0,1,2.638742079950648
Beer_OriginalExtract_60_KS,PLS,materialized,5,sg_d2_w11_p2,1,2,2.7888282657491654
Beer_OriginalExtract_60_KS,PLS,materialized,5,sg_d2_w11_p2,2,3,2.5864793216847386
Beer_OriginalExtract_60_KS,PLS,materialized,5,sg_d2_w11_p2,3,4,2.463235525616101
Beer_OriginalExtract_60_KS,PLS,materialized,5,sg_d2_w11_p2,4,5,2.449849247050497
Beer_OriginalExtract_60_KS,PLS,materialized,5,sg_d2_w11_p2,5,6,2.441026803739198
Beer_OriginalExtract_60_KS,PLS,materialized,5,sg_d2_w11_p2,6,7,2.435555339382566
Beer_OriginalExtract_60_KS,PLS,materialized,5,sg_d2_w11_p2,7,8,2.4313101151441074
Beer_OriginalExtract_60_KS,PLS,materialized,5,sg_d2_w11_p2,8,9,2.4287745554037152
Beer_OriginalExtract_60_KS,PLS,materialized,5,sg_d2_w11_p2,9,10,2.4274141358515178
Beer_OriginalExtract_60_KS,PLS,materialized,5,sg_d2_w11_p2,10,11,2.4277635347155715
Beer_OriginalExtract_60_KS,PLS,materialized,5,sg_d2_w11_p2,11,12,2.4278679128905116
Beer_OriginalExtract_60_KS,PLS,materialized,5,sg_d2_w11_p2,12,13,2.427919200903236
Beer_OriginalExtract_60_KS,PLS,materialized,5,sg_d2_w11_p2,13,14,2.4279140615405557
Beer_OriginalExtract_60_KS,PLS,materialized,5,sg_d2_w11_p2,14,15,2.4279184479431373
Beer_OriginalExtract_60_KS,PLS,materialized,6,detrend_d1,0,1,0.7221009045803706
Beer_OriginalExtract_60_KS,PLS,materialized,6,detrend_d1,1,2,0.6355610643077904
Beer_OriginalExtract_60_KS,PLS,materialized,6,detrend_d1,2,3,0.6272593127747825
Beer_OriginalExtract_60_KS,PLS,materialized,6,detrend_d1,3,4,0.6291729892810058
Beer_OriginalExtract_60_KS,PLS,materialized,6,detrend_d1,4,5,0.628650708416634
Beer_OriginalExtract_60_KS,PLS,materialized,6,detrend_d1,5,6,0.6288761105691857
Beer_OriginalExtract_60_KS,PLS,materialized,6,detrend_d1,6,7,0.6287521493342
Beer_OriginalExtract_60_KS,PLS,materialized,6,detrend_d1,7,8,0.6288114895268626
Beer_OriginalExtract_60_KS,PLS,materialized,6,detrend_d1,8,9,0.6288223237561901
Beer_OriginalExtract_60_KS,PLS,materialized,6,detrend_d1,9,10,0.6288292861630347
Beer_OriginalExtract_60_KS,PLS,materialized,6,detrend_d1,10,11,0.62883324789455
Beer_OriginalExtract_60_KS,PLS,materialized,6,detrend_d1,11,12,0.6288338118861945
Beer_OriginalExtract_60_KS,PLS,materialized,6,detrend_d1,12,13,0.6288337951282627
Beer_OriginalExtract_60_KS,PLS,materialized,6,detrend_d1,13,14,0.6288338311601123
Beer_OriginalExtract_60_KS,PLS,materialized,6,detrend_d1,14,15,0.6288338958156775
Beer_OriginalExtract_60_KS,PLS,materialized,7,detrend_d2,0,1,0.7272829526384484
Beer_OriginalExtract_60_KS,PLS,materialized,7,detrend_d2,1,2,0.6382285221956346
Beer_OriginalExtract_60_KS,PLS,materialized,7,detrend_d2,2,3,0.6318771119632673
Beer_OriginalExtract_60_KS,PLS,materialized,7,detrend_d2,3,4,0.6333813809884181
Beer_OriginalExtract_60_KS,PLS,materialized,7,detrend_d2,4,5,0.6325469313539955
Beer_OriginalExtract_60_KS,PLS,materialized,7,detrend_d2,5,6,0.6327502616608656
Beer_OriginalExtract_60_KS,PLS,materialized,7,detrend_d2,6,7,0.6326707668456711
Beer_OriginalExtract_60_KS,PLS,materialized,7,detrend_d2,7,8,0.6327565732026759
Beer_OriginalExtract_60_KS,PLS,materialized,7,detrend_d2,8,9,0.6327665044125842
Beer_OriginalExtract_60_KS,PLS,materialized,7,detrend_d2,9,10,0.632776430653997
Beer_OriginalExtract_60_KS,PLS,materialized,7,detrend_d2,10,11,0.6327819552120587
Beer_OriginalExtract_60_KS,PLS,materialized,7,detrend_d2,11,12,0.6327828123573704
Beer_OriginalExtract_60_KS,PLS,materialized,7,detrend_d2,12,13,0.6327829203049999
Beer_OriginalExtract_60_KS,PLS,materialized,7,detrend_d2,13,14,0.632782986626493
Beer_OriginalExtract_60_KS,PLS,materialized,7,detrend_d2,14,15,0.6327830392123024
Beer_OriginalExtract_60_KS,PLS,materialized,8,fd_d1,0,1,2.930598987938433
Beer_OriginalExtract_60_KS,PLS,materialized,8,fd_d1,1,2,3.0103581995182727
Beer_OriginalExtract_60_KS,PLS,materialized,8,fd_d1,2,3,3.051855686621239
Beer_OriginalExtract_60_KS,PLS,materialized,8,fd_d1,3,4,3.0611244804440636
Beer_OriginalExtract_60_KS,PLS,materialized,8,fd_d1,4,5,3.073664585351349
Beer_OriginalExtract_60_KS,PLS,materialized,8,fd_d1,5,6,3.0784446205645297
Beer_OriginalExtract_60_KS,PLS,materialized,8,fd_d1,6,7,3.0788391818185064
Beer_OriginalExtract_60_KS,PLS,materialized,8,fd_d1,7,8,3.0793597893725666
Beer_OriginalExtract_60_KS,PLS,materialized,8,fd_d1,8,9,3.0796041570001154
Beer_OriginalExtract_60_KS,PLS,materialized,8,fd_d1,9,10,3.0796395002685557
Beer_OriginalExtract_60_KS,PLS,materialized,8,fd_d1,10,11,3.0796544158395585
Beer_OriginalExtract_60_KS,PLS,materialized,8,fd_d1,11,12,3.0796391364465174
Beer_OriginalExtract_60_KS,PLS,materialized,8,fd_d1,12,13,3.079636436133881
Beer_OriginalExtract_60_KS,PLS,materialized,8,fd_d1,13,14,3.079635949379817
Beer_OriginalExtract_60_KS,PLS,materialized,8,fd_d1,14,15,3.079636138370912
Beer_OriginalExtract_60_KS,Ridge,folded,0,identity,0,2.1163753384496148e-07,0.5835265023116423
Beer_OriginalExtract_60_KS,Ridge,folded,0,identity,1,3.719552143505856e-07,0.5835268200226008
Beer_OriginalExtract_60_KS,Ridge,folded,0,identity,2,6.537152411912949e-07,0.5835273784028729
Beer_OriginalExtract_60_KS,Ridge,folded,0,identity,3,1.1489114820232145e-06,0.5835283597617842
Beer_OriginalExtract_60_KS,Ridge,folded,0,identity,4,2.0192241366734657e-06,0.5835300845094169
Beer_OriginalExtract_60_KS,Ridge,folded,0,identity,5,3.5488078741668627e-06,0.5835331157683694
Beer_OriginalExtract_60_KS,Ridge,folded,0,identity,6,6.2370675444166e-06,0.5835384432278741
Beer_OriginalExtract_60_KS,Ridge,folded,0,identity,7,1.0961712477249167e-05,0.5835478062626913
Beer_OriginalExtract_60_KS,Ridge,folded,0,identity,8,1.9265326145368768e-05,0.5835642617973569
Beer_OriginalExtract_60_KS,Ridge,folded,0,identity,9,3.385901539177837e-05,0.5835931822696674
Beer_OriginalExtract_60_KS,Ridge,folded,0,identity,10,5.950757929817246e-05,0.5836440093635044
Beer_OriginalExtract_60_KS,Ridge,folded,0,identity,11,0.0001045852028759271,0.583733335593851
Beer_OriginalExtract_60_KS,Ridge,folded,0,identity,12,0.00018380960525703574,0.5838903182826951
Beer_OriginalExtract_60_KS,Ridge,folded,0,identity,13,0.00032304733418960576,0.5841661885161644
Beer_OriginalExtract_60_KS,Ridge,folded,0,identity,14,0.0005677591221692486,0.5846509433312466
Beer_OriginalExtract_60_KS,Ridge,folded,0,identity,15,0.0009978426895706847,0.5855026163403619
Beer_OriginalExtract_60_KS,Ridge,folded,0,identity,16,0.0017537191288541595,0.5869984934797562
Beer_OriginalExtract_60_KS,Ridge,folded,0,identity,17,0.0030821800019722773,0.5896243052182599
Beer_OriginalExtract_60_KS,Ridge,folded,0,identity,18,0.005416964101181233,0.5942279131988929
Beer_OriginalExtract_60_KS,Ridge,folded,0,identity,19,0.00952037196228301,0.6022777794093731
Beer_OriginalExtract_60_KS,Ridge,folded,0,identity,20,0.016732154876282067,0.6162747359716818
Beer_OriginalExtract_60_KS,Ridge,folded,0,identity,21,0.029406939971781607,0.6403364304915515
Beer_OriginalExtract_60_KS,Ridge,folded,0,identity,22,0.05168300944487328,0.6808471273422734
Beer_OriginalExtract_60_KS,Ridge,folded,0,identity,23,0.09083343822383541,0.7468159538271314
Beer_OriginalExtract_60_KS,Ridge,folded,0,identity,24,0.15964073277048185,0.8493238760099443
Beer_OriginalExtract_60_KS,Ridge,folded,0,identity,25,0.2805702840037266,0.9993173839876552
Beer_OriginalExtract_60_KS,Ridge,folded,0,identity,26,0.4931052551550763,1.2031690329551787
Beer_OriginalExtract_60_KS,Ridge,folded,0,identity,27,0.8666377251067803,1.4563785466657033
Beer_OriginalExtract_60_KS,Ridge,folded,0,identity,28,1.5231250097751505,1.7381443298751962
Beer_OriginalExtract_60_KS,Ridge,folded,0,identity,29,2.6769083876618875,2.0134471415309694
Beer_OriginalExtract_60_KS,Ridge,folded,0,identity,30,4.70469493307868,2.247790640509395
Beer_OriginalExtract_60_KS,Ridge,folded,0,identity,31,8.268551331586274,2.4237974926553276
Beer_OriginalExtract_60_KS,Ridge,folded,0,identity,32,14.53206681742012,2.543627799898308
Beer_OriginalExtract_60_KS,Ridge,folded,0,identity,33,25.540261832715586,2.6197890260560714
Beer_OriginalExtract_60_KS,Ridge,folded,0,identity,34,44.88728153257109,2.666086741332245
Beer_OriginalExtract_60_KS,Ridge,folded,0,identity,35,78.88987421434186,2.6934701570220683
Beer_OriginalExtract_60_KS,Ridge,folded,0,identity,36,138.64979212516369,2.7094042521023676
Beer_OriginalExtract_60_KS,Ridge,folded,0,identity,37,243.6784827938841,2.718588100108318
Beer_OriginalExtract_60_KS,Ridge,folded,0,identity,38,428.2675225587463,2.7238522507777483
Beer_OriginalExtract_60_KS,Ridge,folded,0,identity,39,752.6847211772348,2.7268601125914715
Beer_OriginalExtract_60_KS,Ridge,folded,0,identity,40,1322.8513946348603,2.7285756558391725
Beer_OriginalExtract_60_KS,Ridge,folded,0,identity,41,2324.9253811747426,2.729553111517277
Beer_OriginalExtract_60_KS,Ridge,folded,0,identity,42,4086.0810594091813,2.730109703480273
Beer_OriginalExtract_60_KS,Ridge,folded,0,identity,43,7181.33087592958,2.730426537093384
Beer_OriginalExtract_60_KS,Ridge,folded,0,identity,44,12621.26531504399,2.7306068566021744
Beer_OriginalExtract_60_KS,Ridge,folded,0,identity,45,22182.00789030104,2.7307094706984274
Beer_OriginalExtract_60_KS,Ridge,folded,0,identity,46,38985.11454781701,2.7307678615080873
Beer_OriginalExtract_60_KS,Ridge,folded,0,identity,47,68516.75302896941,2.7308010866388726
Beer_OriginalExtract_60_KS,Ridge,folded,0,identity,48,120418.9214289653,2.730819991792528
Beer_OriginalExtract_60_KS,Ridge,folded,0,identity,49,211637.53384496146,2.730830748733355
Beer_OriginalExtract_60_KS,Ridge,folded,1,sg_smooth_w11_p2,0,2.1163753384496148e-07,0.28649466207837027
Beer_OriginalExtract_60_KS,Ridge,folded,1,sg_smooth_w11_p2,1,3.719552143505856e-07,0.286494674838616
Beer_OriginalExtract_60_KS,Ridge,folded,1,sg_smooth_w11_p2,2,6.537152411912949e-07,0.28649469735343097
Beer_OriginalExtract_60_KS,Ridge,folded,1,sg_smooth_w11_p2,3,1.1489114820232145e-06,0.28649473719693797
Beer_OriginalExtract_60_KS,Ridge,folded,1,sg_smooth_w11_p2,4,2.0192241366734657e-06,0.286494808066895
Beer_OriginalExtract_60_KS,Ridge,folded,1,sg_smooth_w11_p2,5,3.5488078741668627e-06,0.2864949352294357
Beer_OriginalExtract_60_KS,Ridge,folded,1,sg_smooth_w11_p2,6,6.2370675444166e-06,0.28649516676924336
Beer_OriginalExtract_60_KS,Ridge,folded,1,sg_smooth_w11_p2,7,1.0961712477249167e-05,0.2864955985423616
Beer_OriginalExtract_60_KS,Ridge,folded,1,sg_smooth_w11_p2,8,1.9265326145368768e-05,0.28649643396904806
Beer_OriginalExtract_60_KS,Ridge,folded,1,sg_smooth_w11_p2,9,3.385901539177837e-05,0.28649813800618495
Beer_OriginalExtract_60_KS,Ridge,folded,1,sg_smooth_w11_p2,10,5.950757929817246e-05,0.28650185690608737
Beer_OriginalExtract_60_KS,Ridge,folded,1,sg_smooth_w11_p2,11,0.0001045852028759271,0.2865106067808066
Beer_OriginalExtract_60_KS,Ridge,folded,1,sg_smooth_w11_p2,12,0.00018380960525703574,0.2865327030948856
Beer_OriginalExtract_60_KS,Ridge,folded,1,sg_smooth_w11_p2,13,0.00032304733418960576,0.28659166105298317
Beer_OriginalExtract_60_KS,Ridge,folded,1,sg_smooth_w11_p2,14,0.0005677591221692486,0.28675422786367866
Beer_OriginalExtract_60_KS,Ridge,folded,1,sg_smooth_w11_p2,15,0.0009978426895706847,0.28720624792996685
Beer_OriginalExtract_60_KS,Ridge,folded,1,sg_smooth_w11_p2,16,0.0017537191288541595,0.2884413151356254
Beer_OriginalExtract_60_KS,Ridge,folded,1,sg_smooth_w11_p2,17,0.0030821800019722773,0.29166175697890073
Beer_OriginalExtract_60_KS,Ridge,folded,1,sg_smooth_w11_p2,18,0.005416964101181233,0.29939158429185175
Beer_OriginalExtract_60_KS,Ridge,folded,1,sg_smooth_w11_p2,19,0.00952037196228301,0.3157834822218364
Beer_OriginalExtract_60_KS,Ridge,folded,1,sg_smooth_w11_p2,20,0.016732154876282067,0.34568767768108793
Beer_OriginalExtract_60_KS,Ridge,folded,1,sg_smooth_w11_p2,21,0.029406939971781607,0.39320317119619935
Beer_OriginalExtract_60_KS,Ridge,folded,1,sg_smooth_w11_p2,22,0.05168300944487328,0.4620645628567286
Beer_OriginalExtract_60_KS,Ridge,folded,1,sg_smooth_w11_p2,23,0.09083343822383541,0.5580637824850295
Beer_OriginalExtract_60_KS,Ridge,folded,1,sg_smooth_w11_p2,24,0.15964073277048185,0.691147401409276
Beer_OriginalExtract_60_KS,Ridge,folded,1,sg_smooth_w11_p2,25,0.2805702840037266,0.8731452858664189
Beer_OriginalExtract_60_KS,Ridge,folded,1,sg_smooth_w11_p2,26,0.4931052551550763,1.1099509850872056
Beer_OriginalExtract_60_KS,Ridge,folded,1,sg_smooth_w11_p2,27,0.8666377251067803,1.39399720822212
Beer_OriginalExtract_60_KS,Ridge,folded,1,sg_smooth_w11_p2,28,1.5231250097751505,1.7010843824370476
Beer_OriginalExtract_60_KS,Ridge,folded,1,sg_smooth_w11_p2,29,2.6769083876618875,1.9942006992287944
Beer_OriginalExtract_60_KS,Ridge,folded,1,sg_smooth_w11_p2,30,4.70469493307868,2.239019642197315
Beer_OriginalExtract_60_KS,Ridge,folded,1,sg_smooth_w11_p2,31,8.268551331586274,2.4201978942442874
Beer_OriginalExtract_60_KS,Ridge,folded,1,sg_smooth_w11_p2,32,14.53206681742012,2.5422482251900598
Beer_OriginalExtract_60_KS,Ridge,folded,1,sg_smooth_w11_p2,33,25.540261832715586,2.619276947649971
Beer_OriginalExtract_60_KS,Ridge,folded,1,sg_smooth_w11_p2,34,44.88728153257109,2.6658964742714946
Beer_OriginalExtract_60_KS,Ridge,folded,1,sg_smooth_w11_p2,35,78.88987421434186,2.6933972782754223
Beer_OriginalExtract_60_KS,Ridge,folded,1,sg_smooth_w11_p2,36,138.64979212516369,2.709374763063576
Beer_OriginalExtract_60_KS,Ridge,folded,1,sg_smooth_w11_p2,37,243.6784827938841,2.7185752994989025
Beer_OriginalExtract_60_KS,Ridge,folded,1,sg_smooth_w11_p2,38,428.2675225587463,2.723846274280717
Beer_OriginalExtract_60_KS,Ridge,folded,1,sg_smooth_w11_p2,39,752.6847211772348,2.7268571386751934
Beer_OriginalExtract_60_KS,Ridge,folded,1,sg_smooth_w11_p2,40,1322.8513946348603,2.7285741024964043
Beer_OriginalExtract_60_KS,Ridge,folded,1,sg_smooth_w11_p2,41,2324.9253811747426,2.7295522727354635
Beer_OriginalExtract_60_KS,Ridge,folded,1,sg_smooth_w11_p2,42,4086.0810594091813,2.7301092408316228
Beer_OriginalExtract_60_KS,Ridge,folded,1,sg_smooth_w11_p2,43,7181.33087592958,2.730426278585577
Beer_OriginalExtract_60_KS,Ridge,folded,1,sg_smooth_w11_p2,44,12621.26531504399,2.7306067110477708
Beer_OriginalExtract_60_KS,Ridge,folded,1,sg_smooth_w11_p2,45,22182.00789030104,2.730709388376389
Beer_OriginalExtract_60_KS,Ridge,folded,1,sg_smooth_w11_p2,46,38985.11454781701,2.730767814828705
Beer_OriginalExtract_60_KS,Ridge,folded,1,sg_smooth_w11_p2,47,68516.75302896941,2.7308010601309776
Beer_OriginalExtract_60_KS,Ridge,folded,1,sg_smooth_w11_p2,48,120418.9214289653,2.7308199767267425
Beer_OriginalExtract_60_KS,Ridge,folded,1,sg_smooth_w11_p2,49,211637.53384496146,2.7308307401665806
Beer_OriginalExtract_60_KS,Ridge,folded,2,sg_smooth_w21_p3,0,2.1163753384496148e-07,0.2899132595061053
Beer_OriginalExtract_60_KS,Ridge,folded,2,sg_smooth_w21_p3,1,3.719552143505856e-07,0.2899086973279877
Beer_OriginalExtract_60_KS,Ridge,folded,2,sg_smooth_w21_p3,2,6.537152411912949e-07,0.28990068158096644
Beer_OriginalExtract_60_KS,Ridge,folded,2,sg_smooth_w21_p3,3,1.1489114820232145e-06,0.2898866010119813
Beer_OriginalExtract_60_KS,Ridge,folded,2,sg_smooth_w21_p3,4,2.0192241366734657e-06,0.2898618764550265
Beer_OriginalExtract_60_KS,Ridge,folded,2,sg_smooth_w21_p3,5,3.5488078741668627e-06,0.28981849121930364
Beer_OriginalExtract_60_KS,Ridge,folded,2,sg_smooth_w21_p3,6,6.2370675444166e-06,0.28974245197846654
Beer_OriginalExtract_60_KS,Ridge,folded,2,sg_smooth_w21_p3,7,1.0961712477249167e-05,0.28960945992283726
Beer_OriginalExtract_60_KS,Ridge,folded,2,sg_smooth_w21_p3,8,1.9265326145368768e-05,0.2893777078071209
Beer_OriginalExtract_60_KS,Ridge,folded,2,sg_smooth_w21_p3,9,3.385901539177837e-05,0.2889764303453949
Beer_OriginalExtract_60_KS,Ridge,folded,2,sg_smooth_w21_p3,10,5.950757929817246e-05,0.28828930248353013
Beer_OriginalExtract_60_KS,Ridge,folded,2,sg_smooth_w21_p3,11,0.0001045852028759271,0.28713505478449813
Beer_OriginalExtract_60_KS,Ridge,folded,2,sg_smooth_w21_p3,12,0.00018380960525703574,0.2852585070925088
Beer_OriginalExtract_60_KS,Ridge,folded,2,sg_smooth_w21_p3,13,0.00032304733418960576,0.28237012838846354
Beer_OriginalExtract_60_KS,Ridge,folded,2,sg_smooth_w21_p3,14,0.0005677591221692486,0.2783049714409388
Beer_OriginalExtract_60_KS,Ridge,folded,2,sg_smooth_w21_p3,15,0.0009978426895706847,0.27335306615785143
Beer_OriginalExtract_60_KS,Ridge,folded,2,sg_smooth_w21_p3,16,0.0017537191288541595,0.26864338673840676
Beer_OriginalExtract_60_KS,Ridge,folded,2,sg_smooth_w21_p3,17,0.0030821800019722773,0.26629180518092077
Beer_OriginalExtract_60_KS,Ridge,folded,2,sg_smooth_w21_p3,18,0.005416964101181233,0.2693327379086325
Beer_OriginalExtract_60_KS,Ridge,folded,2,sg_smooth_w21_p3,19,0.00952037196228301,0.28170851592591034
Beer_OriginalExtract_60_KS,Ridge,folded,2,sg_smooth_w21_p3,20,0.016732154876282067,0.3080228975307219
Beer_OriginalExtract_60_KS,Ridge,folded,2,sg_smooth_w21_p3,21,0.029406939971781607,0.3532329623179139
Beer_OriginalExtract_60_KS,Ridge,folded,2,sg_smooth_w21_p3,22,0.05168300944487328,0.4227159908816677
Beer_OriginalExtract_60_KS,Ridge,folded,2,sg_smooth_w21_p3,23,0.09083343822383541,0.5229117146574487
Beer_OriginalExtract_60_KS,Ridge,folded,2,sg_smooth_w21_p3,24,0.15964073277048185,0.662971580050091
Beer_OriginalExtract_60_KS,Ridge,folded,2,sg_smooth_w21_p3,25,0.2805702840037266,0.8533311871073416
Beer_OriginalExtract_60_KS,Ridge,folded,2,sg_smooth_w21_p3,26,0.4931052551550763,1.098236125153726
Beer_OriginalExtract_60_KS,Ridge,folded,2,sg_smooth_w21_p3,27,0.8666377251067803,1.388753019721818
Beer_OriginalExtract_60_KS,Ridge,folded,2,sg_smooth_w21_p3,28,1.5231250097751505,1.7000893752439996
Beer_OriginalExtract_60_KS,Ridge,folded,2,sg_smooth_w21_p3,29,2.6769083876618875,1.9953361079582976
Beer_OriginalExtract_60_KS,Ridge,folded,2,sg_smooth_w21_p3,30,4.70469493307868,2.2407487418077308
Beer_OriginalExtract_60_KS,Ridge,folded,2,sg_smooth_w21_p3,31,8.268551331586274,2.42173168441522
Beer_OriginalExtract_60_KS,Ridge,folded,2,sg_smooth_w21_p3,32,14.53206681742012,2.5433576844884316
Beer_OriginalExtract_60_KS,Ridge,folded,2,sg_smooth_w21_p3,33,25.540261832715586,2.6199993910584154
Beer_OriginalExtract_60_KS,Ridge,folded,2,sg_smooth_w21_p3,34,44.88728153257109,2.666340253634874
Beer_OriginalExtract_60_KS,Ridge,folded,2,sg_smooth_w21_p3,35,78.88987421434186,2.693661030876355
Beer_OriginalExtract_60_KS,Ridge,folded,2,sg_smooth_w21_p3,36,138.64979212516369,2.7095286047217426
Beer_OriginalExtract_60_KS,Ridge,folded,2,sg_smooth_w21_p3,37,243.6784827938841,2.7186640783675986
Beer_OriginalExtract_60_KS,Ridge,folded,2,sg_smooth_w21_p3,38,428.2675225587463,2.7238971959489584
Beer_OriginalExtract_60_KS,Ridge,folded,2,sg_smooth_w21_p3,39,752.6847211772348,2.7268862452663667
Beer_OriginalExtract_60_KS,Ridge,folded,2,sg_smooth_w21_p3,40,1322.8513946348603,2.7285907069238666
Beer_OriginalExtract_60_KS,Ridge,folded,2,sg_smooth_w21_p3,41,2324.9253811747426,2.729561734436836
Beer_OriginalExtract_60_KS,Ridge,folded,2,sg_smooth_w21_p3,42,4086.0810594091813,2.73011462895231
Beer_OriginalExtract_60_KS,Ridge,folded,2,sg_smooth_w21_p3,43,7181.33087592958,2.7304293458246667
Beer_OriginalExtract_60_KS,Ridge,folded,2,sg_smooth_w21_p3,44,12621.26531504399,2.730608456742007
Beer_OriginalExtract_60_KS,Ridge,folded,2,sg_smooth_w21_p3,45,22182.00789030104,2.730710381807252
Beer_OriginalExtract_60_KS,Ridge,folded,2,sg_smooth_w21_p3,46,38985.11454781701,2.7307683801274947
Beer_OriginalExtract_60_KS,Ridge,folded,2,sg_smooth_w21_p3,47,68516.75302896941,2.7308013817945835
Beer_OriginalExtract_60_KS,Ridge,folded,2,sg_smooth_w21_p3,48,120418.9214289653,2.730820159754259
Beer_OriginalExtract_60_KS,Ridge,folded,2,sg_smooth_w21_p3,49,211637.53384496146,2.73083084430848
Beer_OriginalExtract_60_KS,Ridge,folded,3,sg_d1_w11_p2,0,2.1163753384496148e-07,0.9174569945963432
Beer_OriginalExtract_60_KS,Ridge,folded,3,sg_d1_w11_p2,1,3.719552143505856e-07,0.9175373479184585
Beer_OriginalExtract_60_KS,Ridge,folded,3,sg_d1_w11_p2,2,6.537152411912949e-07,0.917678582115442
Beer_OriginalExtract_60_KS,Ridge,folded,3,sg_d1_w11_p2,3,1.1489114820232145e-06,0.9179268405859332
Beer_OriginalExtract_60_KS,Ridge,folded,3,sg_d1_w11_p2,4,2.0192241366734657e-06,0.918363272458274
Beer_OriginalExtract_60_KS,Ridge,folded,3,sg_d1_w11_p2,5,3.5488078741668627e-06,0.919130650502429
Beer_OriginalExtract_60_KS,Ridge,folded,3,sg_d1_w11_p2,6,6.2370675444166e-06,0.920480332002664
Beer_OriginalExtract_60_KS,Ridge,folded,3,sg_d1_w11_p2,7,1.0961712477249167e-05,0.9228552180636374
Beer_OriginalExtract_60_KS,Ridge,folded,3,sg_d1_w11_p2,8,1.9265326145368768e-05,0.9270362156125428
Beer_OriginalExtract_60_KS,Ridge,folded,3,sg_d1_w11_p2,9,3.385901539177837e-05,0.9343985828774335
Beer_OriginalExtract_60_KS,Ridge,folded,3,sg_d1_w11_p2,10,5.950757929817246e-05,0.9473458896290486
Beer_OriginalExtract_60_KS,Ridge,folded,3,sg_d1_w11_p2,11,0.0001045852028759271,0.9699750230916688
Beer_OriginalExtract_60_KS,Ridge,folded,3,sg_d1_w11_p2,12,0.00018380960525703574,1.008844664601196
Beer_OriginalExtract_60_KS,Ridge,folded,3,sg_d1_w11_p2,13,0.00032304733418960576,1.0732043881329216
Beer_OriginalExtract_60_KS,Ridge,folded,3,sg_d1_w11_p2,14,0.0005677591221692486,1.1735997482664293
Beer_OriginalExtract_60_KS,Ridge,folded,3,sg_d1_w11_p2,15,0.0009978426895706847,1.318472582281464
Beer_OriginalExtract_60_KS,Ridge,folded,3,sg_d1_w11_p2,16,0.0017537191288541595,1.509419501471209
Beer_OriginalExtract_60_KS,Ridge,folded,3,sg_d1_w11_p2,17,0.0030821800019722773,1.7363056144133509
Beer_OriginalExtract_60_KS,Ridge,folded,3,sg_d1_w11_p2,18,0.005416964101181233,1.9757095483455944
Beer_OriginalExtract_60_KS,Ridge,folded,3,sg_d1_w11_p2,19,0.00952037196228301,2.197508474927609
Beer_OriginalExtract_60_KS,Ridge,folded,3,sg_d1_w11_p2,20,0.016732154876282067,2.3780891136863063
Beer_OriginalExtract_60_KS,Ridge,folded,3,sg_d1_w11_p2,21,0.029406939971781607,2.5093989433851056
Beer_OriginalExtract_60_KS,Ridge,folded,3,sg_d1_w11_p2,22,0.05168300944487328,2.5969055670726386
Beer_OriginalExtract_60_KS,Ridge,folded,3,sg_d1_w11_p2,23,0.09083343822383541,2.6517855512664523
Beer_OriginalExtract_60_KS,Ridge,folded,3,sg_d1_w11_p2,24,0.15964073277048185,2.684880131404646
Beer_OriginalExtract_60_KS,Ridge,folded,3,sg_d1_w11_p2,25,0.2805702840037266,2.7043623319376
Beer_OriginalExtract_60_KS,Ridge,folded,3,sg_d1_w11_p2,26,0.4931052551550763,2.7156678609179496
Beer_OriginalExtract_60_KS,Ridge,folded,3,sg_d1_w11_p2,27,0.8666377251067803,2.7221737314698404
Beer_OriginalExtract_60_KS,Ridge,folded,3,sg_d1_w11_p2,28,1.5231250097751505,2.725899519296221
Beer_OriginalExtract_60_KS,Ridge,folded,3,sg_d1_w11_p2,29,2.6769083876618875,2.7280272882085925
Beer_OriginalExtract_60_KS,Ridge,folded,3,sg_d1_w11_p2,30,4.70469493307868,2.729240512159186
Beer_OriginalExtract_60_KS,Ridge,folded,3,sg_d1_w11_p2,31,8.268551331586274,2.7299316487334555
Beer_OriginalExtract_60_KS,Ridge,folded,3,sg_d1_w11_p2,32,14.53206681742012,2.7303251647859006
Beer_OriginalExtract_60_KS,Ridge,folded,3,sg_d1_w11_p2,33,25.540261832715586,2.7305491571818097
Beer_OriginalExtract_60_KS,Ridge,folded,3,sg_d1_w11_p2,34,44.88728153257109,2.7306766340450825
Beer_OriginalExtract_60_KS,Ridge,folded,3,sg_d1_w11_p2,35,78.88987421434186,2.730749175801702
Beer_OriginalExtract_60_KS,Ridge,folded,3,sg_d1_w11_p2,36,138.64979212516369,2.730790454045395
Beer_OriginalExtract_60_KS,Ridge,folded,3,sg_d1_w11_p2,37,243.6784827938841,2.730813941770135
Beer_OriginalExtract_60_KS,Ridge,folded,3,sg_d1_w11_p2,38,428.2675225587463,2.730827306280715
Beer_OriginalExtract_60_KS,Ridge,folded,3,sg_d1_w11_p2,39,752.6847211772348,2.7308349106085106
Beer_OriginalExtract_60_KS,Ridge,folded,3,sg_d1_w11_p2,40,1322.8513946348603,2.7308392374016295
Beer_OriginalExtract_60_KS,Ridge,folded,3,sg_d1_w11_p2,41,2324.9253811747426,2.7308416992994635
Beer_OriginalExtract_60_KS,Ridge,folded,3,sg_d1_w11_p2,42,4086.0810594091813,2.7308431000897526
Beer_OriginalExtract_60_KS,Ridge,folded,3,sg_d1_w11_p2,43,7181.33087592958,2.730843897121763
Beer_OriginalExtract_60_KS,Ridge,folded,3,sg_d1_w11_p2,44,12621.26531504399,2.7308443506226556
Beer_OriginalExtract_60_KS,Ridge,folded,3,sg_d1_w11_p2,45,22182.00789030104,2.7308446086587037
Beer_OriginalExtract_60_KS,Ridge,folded,3,sg_d1_w11_p2,46,38985.11454781701,2.7308447554777957
Beer_OriginalExtract_60_KS,Ridge,folded,3,sg_d1_w11_p2,47,68516.75302896941,2.7308448390159032
Beer_OriginalExtract_60_KS,Ridge,folded,3,sg_d1_w11_p2,48,120418.9214289653,2.7308448865479718
Beer_OriginalExtract_60_KS,Ridge,folded,3,sg_d1_w11_p2,49,211637.53384496146,2.7308449135930832
Beer_OriginalExtract_60_KS,Ridge,folded,4,sg_d1_w21_p3,0,2.1163753384496148e-07,0.8441582535816512
Beer_OriginalExtract_60_KS,Ridge,folded,4,sg_d1_w21_p3,1,3.719552143505856e-07,0.8441960629497277
Beer_OriginalExtract_60_KS,Ridge,folded,4,sg_d1_w21_p3,2,6.537152411912949e-07,0.844262608329845
Beer_OriginalExtract_60_KS,Ridge,folded,4,sg_d1_w21_p3,3,1.1489114820232145e-06,0.8443798548574162
Beer_OriginalExtract_60_KS,Ridge,folded,4,sg_d1_w21_p3,4,2.0192241366734657e-06,0.844586813505028
Beer_OriginalExtract_60_KS,Ridge,folded,4,sg_d1_w21_p3,5,3.5488078741668627e-06,0.8449532814910015
Beer_OriginalExtract_60_KS,Ridge,folded,4,sg_d1_w21_p3,6,6.2370675444166e-06,0.8456056264754345
Beer_OriginalExtract_60_KS,Ridge,folded,4,sg_d1_w21_p3,7,1.0961712477249167e-05,0.8467767675067641
Beer_OriginalExtract_60_KS,Ridge,folded,4,sg_d1_w21_p3,8,1.9265326145368768e-05,0.8489065658393894
Beer_OriginalExtract_60_KS,Ridge,folded,4,sg_d1_w21_p3,9,3.385901539177837e-05,0.8528487550750503
Beer_OriginalExtract_60_KS,Ridge,folded,4,sg_d1_w21_p3,10,5.950757929817246e-05,0.8602962558326694
Beer_OriginalExtract_60_KS,Ridge,folded,4,sg_d1_w21_p3,11,0.0001045852028759271,0.8746090335598427
Beer_OriginalExtract_60_KS,Ridge,folded,4,sg_d1_w21_p3,12,0.00018380960525703574,0.9021915893383519
Beer_OriginalExtract_60_KS,Ridge,folded,4,sg_d1_w21_p3,13,0.00032304733418960576,0.9538899568381737
Beer_OriginalExtract_60_KS,Ridge,folded,4,sg_d1_w21_p3,14,0.0005677591221692486,1.0441960298853483
Beer_OriginalExtract_60_KS,Ridge,folded,4,sg_d1_w21_p3,15,0.0009978426895706847,1.1865435930713626
Beer_OriginalExtract_60_KS,Ridge,folded,4,sg_d1_w21_p3,16,0.0017537191288541595,1.3860499360471923
Beer_OriginalExtract_60_KS,Ridge,folded,4,sg_d1_w21_p3,17,0.0030821800019722773,1.6319529723491741
Beer_OriginalExtract_60_KS,Ridge,folded,4,sg_d1_w21_p3,18,0.005416964101181233,1.8959928894537534
Beer_OriginalExtract_60_KS,Ridge,folded,4,sg_d1_w21_p3,19,0.00952037196228301,2.1419329290465985
Beer_OriginalExtract_60_KS,Ridge,folded,4,sg_d1_w21_p3,20,0.016732154876282067,2.3420353428634972
Beer_OriginalExtract_60_KS,Ridge,folded,4,sg_d1_w21_p3,21,0.029406939971781607,2.487161604101151
Beer_OriginalExtract_60_KS,Ridge,folded,4,sg_d1_w21_p3,22,0.05168300944487328,2.583629949442846
Beer_OriginalExtract_60_KS,Ridge,folded,4,sg_d1_w21_p3,23,0.09083343822383541,2.644016760047423
Beer_OriginalExtract_60_KS,Ridge,folded,4,sg_d1_w21_p3,24,0.15964073277048185,2.6803874761214788
Beer_OriginalExtract_60_KS,Ridge,folded,4,sg_d1_w21_p3,25,0.2805702840037266,2.70178214746524
Beer_OriginalExtract_60_KS,Ridge,folded,4,sg_d1_w21_p3,26,0.4931052551550763,2.7141919288425185
Beer_OriginalExtract_60_KS,Ridge,folded,4,sg_d1_w21_p3,27,0.8666377251067803,2.721331389174999
Beer_OriginalExtract_60_KS,Ridge,folded,4,sg_d1_w21_p3,28,1.5231250097751505,2.7254194067463566
Beer_OriginalExtract_60_KS,Ridge,folded,4,sg_d1_w21_p3,29,2.6769083876618875,2.727753840926293
Beer_OriginalExtract_60_KS,Ridge,folded,4,sg_d1_w21_p3,30,4.70469493307868,2.729084836899081
Beer_OriginalExtract_60_KS,Ridge,folded,4,sg_d1_w21_p3,31,8.268551331586274,2.7298430432731706
Beer_OriginalExtract_60_KS,Ridge,folded,4,sg_d1_w21_p3,32,14.53206681742012,2.7302747402927574
Beer_OriginalExtract_60_KS,Ridge,folded,4,sg_d1_w21_p3,33,25.540261832715586,2.7305204633502216
Beer_OriginalExtract_60_KS,Ridge,folded,4,sg_d1_w21_p3,34,44.88728153257109,2.7306603066774935
Beer_OriginalExtract_60_KS,Ridge,folded,4,sg_d1_w21_p3,35,78.88987421434186,2.730739885436871
Beer_OriginalExtract_60_KS,Ridge,folded,4,sg_d1_w21_p3,36,138.64979212516369,2.730785167851447
Beer_OriginalExtract_60_KS,Ridge,folded,4,sg_d1_w21_p3,37,243.6784827938841,2.7308109339639572
Beer_OriginalExtract_60_KS,Ridge,folded,4,sg_d1_w21_p3,38,428.2675225587463,2.7308255948687274
Beer_OriginalExtract_60_KS,Ridge,folded,4,sg_d1_w21_p3,39,752.6847211772348,2.7308339368345966
Beer_OriginalExtract_60_KS,Ridge,folded,4,sg_d1_w21_p3,40,1322.8513946348603,2.730838683336211
Beer_OriginalExtract_60_KS,Ridge,folded,4,sg_d1_w21_p3,41,2324.9253811747426,2.730841384043304
Beer_OriginalExtract_60_KS,Ridge,folded,4,sg_d1_w21_p3,42,4086.0810594091813,2.7308429207131057
Beer_OriginalExtract_60_KS,Ridge,folded,4,sg_d1_w21_p3,43,7181.33087592958,2.7308437950588162
Beer_OriginalExtract_60_KS,Ridge,folded,4,sg_d1_w21_p3,44,12621.26531504399,2.730844292550194
Beer_OriginalExtract_60_KS,Ridge,folded,4,sg_d1_w21_p3,45,22182.00789030104,2.730844575616247
Beer_OriginalExtract_60_KS,Ridge,folded,4,sg_d1_w21_p3,46,38985.11454781701,2.7308447366770787
Beer_OriginalExtract_60_KS,Ridge,folded,4,sg_d1_w21_p3,47,68516.75302896941,2.7308448283185474
Beer_OriginalExtract_60_KS,Ridge,folded,4,sg_d1_w21_p3,48,120418.9214289653,2.7308448804613192
Beer_OriginalExtract_60_KS,Ridge,folded,4,sg_d1_w21_p3,49,211637.53384496146,2.7308449101298593
Beer_OriginalExtract_60_KS,Ridge,folded,5,sg_d2_w11_p2,0,2.1163753384496148e-07,2.4281211040746014
Beer_OriginalExtract_60_KS,Ridge,folded,5,sg_d2_w11_p2,1,3.719552143505856e-07,2.4282748874206623
Beer_OriginalExtract_60_KS,Ridge,folded,5,sg_d2_w11_p2,2,6.537152411912949e-07,2.4285446768418
Beer_OriginalExtract_60_KS,Ridge,folded,5,sg_d2_w11_p2,3,1.1489114820232145e-06,2.4290173369929056
Beer_OriginalExtract_60_KS,Ridge,folded,5,sg_d2_w11_p2,4,2.0192241366734657e-06,2.4298434429140583
Beer_OriginalExtract_60_KS,Ridge,folded,5,sg_d2_w11_p2,5,3.5488078741668627e-06,2.43128126949498
Beer_OriginalExtract_60_KS,Ridge,folded,5,sg_d2_w11_p2,6,6.2370675444166e-06,2.4337655913237475
Beer_OriginalExtract_60_KS,Ridge,folded,5,sg_d2_w11_p2,7,1.0961712477249167e-05,2.4380040483295535
Beer_OriginalExtract_60_KS,Ridge,folded,5,sg_d2_w11_p2,8,1.9265326145368768e-05,2.445079475450123
Beer_OriginalExtract_60_KS,Ridge,folded,5,sg_d2_w11_p2,9,3.385901539177837e-05,2.4564645753966223
Beer_OriginalExtract_60_KS,Ridge,folded,5,sg_d2_w11_p2,10,5.950757929817246e-05,2.473716026688522
Beer_OriginalExtract_60_KS,Ridge,folded,5,sg_d2_w11_p2,11,0.0001045852028759271,2.4975335657676623
Beer_OriginalExtract_60_KS,Ridge,folded,5,sg_d2_w11_p2,12,0.00018380960525703574,2.526340160457847
Beer_OriginalExtract_60_KS,Ridge,folded,5,sg_d2_w11_p2,13,0.00032304733418960576,2.5558838690481513
Beer_OriginalExtract_60_KS,Ridge,folded,5,sg_d2_w11_p2,14,0.0005677591221692486,2.581728604140328
Beer_OriginalExtract_60_KS,Ridge,folded,5,sg_d2_w11_p2,15,0.0009978426895706847,2.603168818298149
Beer_OriginalExtract_60_KS,Ridge,folded,5,sg_d2_w11_p2,16,0.0017537191288541595,2.6235633064492623
Beer_OriginalExtract_60_KS,Ridge,folded,5,sg_d2_w11_p2,17,0.0030821800019722773,2.645741730677127
Beer_OriginalExtract_60_KS,Ridge,folded,5,sg_d2_w11_p2,18,0.005416964101181233,2.6685443969359612
Beer_OriginalExtract_60_KS,Ridge,folded,5,sg_d2_w11_p2,19,0.00952037196228301,2.6886746982680414
Beer_OriginalExtract_60_KS,Ridge,folded,5,sg_d2_w11_p2,20,0.016732154876282067,2.704018598360494
Beer_OriginalExtract_60_KS,Ridge,folded,5,sg_d2_w11_p2,21,0.029406939971781607,2.714500905646118
Beer_OriginalExtract_60_KS,Ridge,folded,5,sg_d2_w11_p2,22,0.05168300944487328,2.721159448385296
Beer_OriginalExtract_60_KS,Ridge,folded,5,sg_d2_w11_p2,23,0.09083343822383541,2.725201613218232
Beer_OriginalExtract_60_KS,Ridge,folded,5,sg_d2_w11_p2,24,0.15964073277048185,2.7275896300753915
Beer_OriginalExtract_60_KS,Ridge,folded,5,sg_d2_w11_p2,25,0.2805702840037266,2.7289780817376657
Beer_OriginalExtract_60_KS,Ridge,folded,5,sg_d2_w11_p2,26,0.4931052551550763,2.729777935945408
Beer_OriginalExtract_60_KS,Ridge,folded,5,sg_d2_w11_p2,27,0.8666377251067803,2.730236272161247
Beer_OriginalExtract_60_KS,Ridge,folded,5,sg_d2_w11_p2,28,1.5231250097751505,2.7304981130188515
Beer_OriginalExtract_60_KS,Ridge,folded,5,sg_d2_w11_p2,29,2.6769083876618875,2.7306474395775093
Beer_OriginalExtract_60_KS,Ridge,folded,5,sg_d2_w11_p2,30,4.70469493307868,2.7307325155859483
Beer_OriginalExtract_60_KS,Ridge,folded,5,sg_d2_w11_p2,31,8.268551331586274,2.730780958745501
Beer_OriginalExtract_60_KS,Ridge,folded,5,sg_d2_w11_p2,32,14.53206681742012,2.730808533934888
Beer_OriginalExtract_60_KS,Ridge,folded,5,sg_d2_w11_p2,33,25.540261832715586,2.730824227631497
Beer_OriginalExtract_60_KS,Ridge,folded,5,sg_d2_w11_p2,34,44.88728153257109,2.730833158359758
Beer_OriginalExtract_60_KS,Ridge,folded,5,sg_d2_w11_p2,35,78.88987421434186,2.730838240221184
Beer_OriginalExtract_60_KS,Ridge,folded,5,sg_d2_w11_p2,36,138.64979212516369,2.730841131860692
Beer_OriginalExtract_60_KS,Ridge,folded,5,sg_d2_w11_p2,37,243.6784827938841,2.7308427772064148
Beer_OriginalExtract_60_KS,Ridge,folded,5,sg_d2_w11_p2,38,428.2675225587463,2.730843713399552
Beer_OriginalExtract_60_KS,Ridge,folded,5,sg_d2_w11_p2,39,752.6847211772348,2.730844246085263
Beer_OriginalExtract_60_KS,Ridge,folded,5,sg_d2_w11_p2,40,1322.8513946348603,2.7308445491777076
Beer_OriginalExtract_60_KS,Ridge,folded,5,sg_d2_w11_p2,41,2324.9253811747426,2.730844721633704
Beer_OriginalExtract_60_KS,Ridge,folded,5,sg_d2_w11_p2,42,4086.0810594091813,2.730844819759004
Beer_OriginalExtract_60_KS,Ridge,folded,5,sg_d2_w11_p2,43,7181.33087592958,2.730844875591033
Beer_OriginalExtract_60_KS,Ridge,folded,5,sg_d2_w11_p2,44,12621.26531504399,2.7308449073587253
Beer_OriginalExtract_60_KS,Ridge,folded,5,sg_d2_w11_p2,45,22182.00789030104,2.730844925434121
Beer_OriginalExtract_60_KS,Ridge,folded,5,sg_d2_w11_p2,46,38985.11454781701,2.730844935718781
Beer_OriginalExtract_60_KS,Ridge,folded,5,sg_d2_w11_p2,47,68516.75302896941,2.730844941570615
Beer_OriginalExtract_60_KS,Ridge,folded,5,sg_d2_w11_p2,48,120418.9214289653,2.7308449449002308
Beer_OriginalExtract_60_KS,Ridge,folded,5,sg_d2_w11_p2,49,211637.53384496146,2.730844946794737
Beer_OriginalExtract_60_KS,Ridge,folded,6,detrend_d1,0,2.1163753384496148e-07,0.6288346232817321
Beer_OriginalExtract_60_KS,Ridge,folded,6,detrend_d1,1,3.719552143505856e-07,0.6288351524726888
Beer_OriginalExtract_60_KS,Ridge,folded,6,detrend_d1,2,6.537152411912949e-07,0.6288360825312125
Beer_OriginalExtract_60_KS,Ridge,folded,6,detrend_d1,3,1.1489114820232145e-06,0.6288377171183137
Beer_OriginalExtract_60_KS,Ridge,folded,6,detrend_d1,4,2.0192241366734657e-06,0.6288405899205495
Beer_OriginalExtract_60_KS,Ridge,folded,6,detrend_d1,5,3.5488078741668627e-06,0.6288456388949399
Beer_OriginalExtract_60_KS,Ridge,folded,6,detrend_d1,6,6.2370675444166e-06,0.6288545125023471
Beer_OriginalExtract_60_KS,Ridge,folded,6,detrend_d1,7,1.0961712477249167e-05,0.6288701079037776
Beer_OriginalExtract_60_KS,Ridge,folded,6,detrend_d1,8,1.9265326145368768e-05,0.6288975168086413
Beer_OriginalExtract_60_KS,Ridge,folded,6,detrend_d1,9,3.385901539177837e-05,0.6289456876971575
Beer_OriginalExtract_60_KS,Ridge,folded,6,detrend_d1,10,5.950757929817246e-05,0.629030346834376
Beer_OriginalExtract_60_KS,Ridge,folded,6,detrend_d1,11,0.0001045852028759271,0.6291791308655801
Beer_OriginalExtract_60_KS,Ridge,folded,6,detrend_d1,12,0.00018380960525703574,0.6294406039152829
Beer_OriginalExtract_60_KS,Ridge,folded,6,detrend_d1,13,0.00032304733418960576,0.6299000942364168
Beer_OriginalExtract_60_KS,Ridge,folded,6,detrend_d1,14,0.0005677591221692486,0.6307074921815703
Beer_OriginalExtract_60_KS,Ridge,folded,6,detrend_d1,15,0.0009978426895706847,0.6321259909541448
Beer_OriginalExtract_60_KS,Ridge,folded,6,detrend_d1,16,0.0017537191288541595,0.6346173638684748
Beer_OriginalExtract_60_KS,Ridge,folded,6,detrend_d1,17,0.0030821800019722773,0.6389904906061334
Beer_OriginalExtract_60_KS,Ridge,folded,6,detrend_d1,18,0.005416964101181233,0.6466574563840706
Beer_OriginalExtract_60_KS,Ridge,folded,6,detrend_d1,19,0.00952037196228301,0.6600650313014583
Beer_OriginalExtract_60_KS,Ridge,folded,6,detrend_d1,20,0.016732154876282067,0.683383172173538
Beer_OriginalExtract_60_KS,Ridge,folded,6,detrend_d1,21,0.029406939971781607,0.7234694026912276
Beer_OriginalExtract_60_KS,Ridge,folded,6,detrend_d1,22,0.05168300944487328,0.7908136040883511
Beer_OriginalExtract_60_KS,Ridge,folded,6,detrend_d1,23,0.09083343822383541,0.8993918881406348
Beer_OriginalExtract_60_KS,Ridge,folded,6,detrend_d1,24,0.15964073277048185,1.0634127594815317
Beer_OriginalExtract_60_KS,Ridge,folded,6,detrend_d1,25,0.2805702840037266,1.2893231173049764
Beer_OriginalExtract_60_KS,Ridge,folded,6,detrend_d1,26,0.4931052551550763,1.5653321564488916
Beer_OriginalExtract_60_KS,Ridge,folded,6,detrend_d1,27,0.8666377251067803,1.8578704941790545
Beer_OriginalExtract_60_KS,Ridge,folded,6,detrend_d1,28,1.5231250097751505,2.124640274203356
Beer_OriginalExtract_60_KS,Ridge,folded,6,detrend_d1,29,2.6769083876618875,2.3362974594107557
Beer_OriginalExtract_60_KS,Ridge,folded,6,detrend_d1,30,4.70469493307868,2.486291977645922
Beer_OriginalExtract_60_KS,Ridge,folded,6,detrend_d1,31,8.268551331586274,2.5842328360185647
Beer_OriginalExtract_60_KS,Ridge,folded,6,detrend_d1,32,14.53206681742012,2.6447957715604695
Beer_OriginalExtract_60_KS,Ridge,folded,6,detrend_d1,33,25.540261832715586,2.6809897141150447
Beer_OriginalExtract_60_KS,Ridge,folded,6,detrend_d1,34,44.88728153257109,2.7021799484940336
Beer_OriginalExtract_60_KS,Ridge,folded,6,detrend_d1,35,78.88987421434186,2.7144368407881765
Beer_OriginalExtract_60_KS,Ridge,folded,6,detrend_d1,36,138.64979212516369,2.7214768895023904
Beer_OriginalExtract_60_KS,Ridge,folded,6,detrend_d1,37,243.6784827938841,2.7255042109133947
Beer_OriginalExtract_60_KS,Ridge,folded,6,detrend_d1,38,428.2675225587463,2.7278027509830833
Beer_OriginalExtract_60_KS,Ridge,folded,6,detrend_d1,39,752.6847211772348,2.7291128798607023
Beer_OriginalExtract_60_KS,Ridge,folded,6,detrend_d1,40,1322.8513946348603,2.7298590687227158
Beer_OriginalExtract_60_KS,Ridge,folded,6,detrend_d1,41,2324.9253811747426,2.7302838810508194
Beer_OriginalExtract_60_KS,Ridge,folded,6,detrend_d1,42,4086.0810594091813,2.730525671606396
Beer_OriginalExtract_60_KS,Ridge,folded,6,detrend_d1,43,7181.33087592958,2.7306632724657476
Beer_OriginalExtract_60_KS,Ridge,folded,6,detrend_d1,44,12621.26531504399,2.7307415736949716
Beer_OriginalExtract_60_KS,Ridge,folded,6,detrend_d1,45,22182.00789030104,2.730786128695169
Beer_OriginalExtract_60_KS,Ridge,folded,6,detrend_d1,46,38985.11454781701,2.730811480751289
Beer_OriginalExtract_60_KS,Ridge,folded,6,detrend_d1,47,68516.75302896941,2.730825906009336
Beer_OriginalExtract_60_KS,Ridge,folded,6,detrend_d1,48,120418.9214289653,2.730834113877833
Beer_OriginalExtract_60_KS,Ridge,folded,6,detrend_d1,49,211637.53384496146,2.7308387840741597
Beer_OriginalExtract_60_KS,Ridge,folded,7,detrend_d2,0,2.1163753384496148e-07,0.6327838004569001
Beer_OriginalExtract_60_KS,Ridge,folded,7,detrend_d2,1,3.719552143505856e-07,0.6327843606418497
Beer_OriginalExtract_60_KS,Ridge,folded,7,detrend_d2,2,6.537152411912949e-07,0.6327853451724463
Beer_OriginalExtract_60_KS,Ridge,folded,7,detrend_d2,3,1.1489114820232145e-06,0.6327870754941831
Beer_OriginalExtract_60_KS,Ridge,folded,7,detrend_d2,4,2.0192241366734657e-06,0.6327901165491652
Beer_OriginalExtract_60_KS,Ridge,folded,7,detrend_d2,5,3.5488078741668627e-06,0.6327954612237014
Beer_OriginalExtract_60_KS,Ridge,folded,7,detrend_d2,6,6.2370675444166e-06,0.632804854509209
Beer_OriginalExtract_60_KS,Ridge,folded,7,detrend_d2,7,1.0961712477249167e-05,0.6328213631946765
Beer_OriginalExtract_60_KS,Ridge,folded,7,detrend_d2,8,1.9265326145368768e-05,0.6328503770337722
Beer_OriginalExtract_60_KS,Ridge,folded,7,detrend_d2,9,3.385901539177837e-05,0.6329013680795692
Beer_OriginalExtract_60_KS,Ridge,folded,7,detrend_d2,10,5.950757929817246e-05,0.6329909820315002
Beer_OriginalExtract_60_KS,Ridge,folded,7,detrend_d2,11,0.0001045852028759271,0.6331484691346674
Beer_OriginalExtract_60_KS,Ridge,folded,7,detrend_d2,12,0.00018380960525703574,0.6334252222910663
Beer_OriginalExtract_60_KS,Ridge,folded,7,detrend_d2,13,0.00032304733418960576,0.6339115193667575
Beer_OriginalExtract_60_KS,Ridge,folded,7,detrend_d2,14,0.0005677591221692486,0.6347658821303309
Beer_OriginalExtract_60_KS,Ridge,folded,7,detrend_d2,15,0.0009978426895706847,0.6362664667413316
Beer_OriginalExtract_60_KS,Ridge,folded,7,detrend_d2,16,0.0017537191288541595,0.6389007153361774
Beer_OriginalExtract_60_KS,Ridge,folded,7,detrend_d2,17,0.0030821800019722773,0.6435207329421834
Beer_OriginalExtract_60_KS,Ridge,folded,7,detrend_d2,18,0.005416964101181233,0.6516090256045531
Beer_OriginalExtract_60_KS,Ridge,folded,7,detrend_d2,19,0.00952037196228301,0.6657204279067355
Beer_OriginalExtract_60_KS,Ridge,folded,7,detrend_d2,20,0.016732154876282067,0.6901732262330027
Beer_OriginalExtract_60_KS,Ridge,folded,7,detrend_d2,21,0.029406939971781607,0.7319872800474461
Beer_OriginalExtract_60_KS,Ridge,folded,7,detrend_d2,22,0.05168300944487328,0.8017455503381108
Beer_OriginalExtract_60_KS,Ridge,folded,7,detrend_d2,23,0.09083343822383541,0.913311209496347
Beer_OriginalExtract_60_KS,Ridge,folded,7,detrend_d2,24,0.15964073277048185,1.0804494568143046
Beer_OriginalExtract_60_KS,Ridge,folded,7,detrend_d2,25,0.2805702840037266,1.3087845062579193
Beer_OriginalExtract_60_KS,Ridge,folded,7,detrend_d2,26,0.4931052551550763,1.5854860095934875
Beer_OriginalExtract_60_KS,Ridge,folded,7,detrend_d2,27,0.8666377251067803,1.8763645913066103
Beer_OriginalExtract_60_KS,Ridge,folded,7,detrend_d2,28,1.5231250097751505,2.139595712758954
Beer_OriginalExtract_60_KS,Ridge,folded,7,detrend_d2,29,2.6769083876618875,2.347109865475696
Beer_OriginalExtract_60_KS,Ridge,folded,7,detrend_d2,30,4.70469493307868,2.4934642766411583
Beer_OriginalExtract_60_KS,Ridge,folded,7,detrend_d2,31,8.268551331586274,2.5887160472491355
Beer_OriginalExtract_60_KS,Ridge,folded,7,detrend_d2,32,14.53206681742012,2.647493408837885
Beer_OriginalExtract_60_KS,Ridge,folded,7,detrend_d2,33,25.540261832715586,2.6825756157306997
Beer_OriginalExtract_60_KS,Ridge,folded,7,detrend_d2,34,44.88728153257109,2.7030995018931008
Beer_OriginalExtract_60_KS,Ridge,folded,7,detrend_d2,35,78.88987421434186,2.714965754924213
Beer_OriginalExtract_60_KS,Ridge,folded,7,detrend_d2,36,138.64979212516369,2.7217797052848463
Beer_OriginalExtract_60_KS,Ridge,folded,7,detrend_d2,37,243.6784827938841,2.7256771193856295
Beer_OriginalExtract_60_KS,Ridge,folded,7,detrend_d2,38,428.2675225587463,2.7279013320601173
Beer_OriginalExtract_60_KS,Ridge,folded,7,detrend_d2,39,752.6847211772348,2.729169035589517
Beer_OriginalExtract_60_KS,Ridge,folded,7,detrend_d2,40,1322.8513946348603,2.7298910414646302
Beer_OriginalExtract_60_KS,Ridge,folded,7,detrend_d2,41,2324.9253811747426,2.7303020798794293
Beer_OriginalExtract_60_KS,Ridge,folded,7,detrend_d2,42,4086.0810594091813,2.730536028687804
Beer_OriginalExtract_60_KS,Ridge,folded,7,detrend_d2,43,7181.33087592958,2.7306691662160687
Beer_OriginalExtract_60_KS,Ridge,folded,7,detrend_d2,44,12621.26531504399,2.7307449273897597
Beer_OriginalExtract_60_KS,Ridge,folded,7,detrend_d2,45,22182.00789030104,2.730788036976981
Beer_OriginalExtract_60_KS,Ridge,folded,7,detrend_d2,46,38985.11454781701,2.7308125665621654
Beer_OriginalExtract_60_KS,Ridge,folded,7,detrend_d2,47,68516.75302896941,2.730826523828977
Beer_OriginalExtract_60_KS,Ridge,folded,7,detrend_d2,48,120418.9214289653,2.730834465411457
Beer_OriginalExtract_60_KS,Ridge,folded,7,detrend_d2,49,211637.53384496146,2.7308389840928995
Beer_OriginalExtract_60_KS,Ridge,folded,8,fd_d1,0,2.1163753384496148e-07,3.0796332966872213
Beer_OriginalExtract_60_KS,Ridge,folded,8,fd_d1,1,3.719552143505856e-07,3.079631134457074
Beer_OriginalExtract_60_KS,Ridge,folded,8,fd_d1,2,6.537152411912949e-07,3.079627334369257
Beer_OriginalExtract_60_KS,Ridge,folded,8,fd_d1,3,1.1489114820232145e-06,3.0796206558433203
Beer_OriginalExtract_60_KS,Ridge,folded,8,fd_d1,4,2.0192241366734657e-06,3.0796089187843174
Beer_OriginalExtract_60_KS,Ridge,folded,8,fd_d1,5,3.5488078741668627e-06,3.079588292388453
Beer_OriginalExtract_60_KS,Ridge,folded,8,fd_d1,6,6.2370675444166e-06,3.079552046250897
Beer_OriginalExtract_60_KS,Ridge,folded,8,fd_d1,7,1.0961712477249167e-05,3.079488358633333
Beer_OriginalExtract_60_KS,Ridge,folded,8,fd_d1,8,1.9265326145368768e-05,3.0793764743716885
Beer_OriginalExtract_60_KS,Ridge,folded,8,fd_d1,9,3.385901539177837e-05,3.0791799828823616
Beer_OriginalExtract_60_KS,Ridge,folded,8,fd_d1,10,5.950757929817246e-05,3.078835098157636
Beer_OriginalExtract_60_KS,Ridge,folded,8,fd_d1,11,0.0001045852028759271,3.07823034930017
Beer_OriginalExtract_60_KS,Ridge,folded,8,fd_d1,12,0.00018380960525703574,3.077171768634349
Beer_OriginalExtract_60_KS,Ridge,folded,8,fd_d1,13,0.00032304733418960576,3.0753243856033023
Beer_OriginalExtract_60_KS,Ridge,folded,8,fd_d1,14,0.0005677591221692486,3.072117409078484
Beer_OriginalExtract_60_KS,Ridge,folded,8,fd_d1,15,0.0009978426895706847,3.0666009713830973
Beer_OriginalExtract_60_KS,Ridge,folded,8,fd_d1,16,0.0017537191288541595,3.05725980686201
Beer_OriginalExtract_60_KS,Ridge,folded,8,fd_d1,17,0.0030821800019722773,3.0418555650889547
Beer_OriginalExtract_60_KS,Ridge,folded,8,fd_d1,18,0.005416964101181233,3.0175330541241
Beer_OriginalExtract_60_KS,Ridge,folded,8,fd_d1,19,0.00952037196228301,2.9816651550482205
Beer_OriginalExtract_60_KS,Ridge,folded,8,fd_d1,20,0.016732154876282067,2.9338576156194995
Beer_OriginalExtract_60_KS,Ridge,folded,8,fd_d1,21,0.029406939971781607,2.8783736979279677
Beer_OriginalExtract_60_KS,Ridge,folded,8,fd_d1,22,0.05168300944487328,2.8242514425228356
Beer_OriginalExtract_60_KS,Ridge,folded,8,fd_d1,23,0.09083343822383541,2.781046934220199
Beer_OriginalExtract_60_KS,Ridge,folded,8,fd_d1,24,0.15964073277048185,2.7532215342129884
Beer_OriginalExtract_60_KS,Ridge,folded,8,fd_d1,25,0.2805702840037266,2.7387889829289493
Beer_OriginalExtract_60_KS,Ridge,folded,8,fd_d1,26,0.4931052551550763,2.7327477113847287
Beer_OriginalExtract_60_KS,Ridge,folded,8,fd_d1,27,0.8666377251067803,2.730759414136185
Beer_OriginalExtract_60_KS,Ridge,folded,8,fd_d1,28,1.5231250097751505,2.7303371242897247
Beer_OriginalExtract_60_KS,Ridge,folded,8,fd_d1,29,2.6769083876618875,2.730389229672395
Beer_OriginalExtract_60_KS,Ridge,folded,8,fd_d1,30,4.70469493307868,2.730527904592621
Beer_OriginalExtract_60_KS,Ridge,folded,8,fd_d1,31,8.268551331586274,2.7306451190018293
Beer_OriginalExtract_60_KS,Ridge,folded,8,fd_d1,32,14.53206681742012,2.7307248140960008
Beer_OriginalExtract_60_KS,Ridge,folded,8,fd_d1,33,25.540261832715586,2.7307744840690176
Beer_OriginalExtract_60_KS,Ridge,folded,8,fd_d1,34,44.88728153257109,2.730804167452337
Beer_OriginalExtract_60_KS,Ridge,folded,8,fd_d1,35,78.88987421434186,2.73082152128434
Beer_OriginalExtract_60_KS,Ridge,folded,8,fd_d1,36,138.64979212516369,2.7308315464811055
Beer_OriginalExtract_60_KS,Ridge,folded,8,fd_d1,37,243.6784827938841,2.7308372997413484
Beer_OriginalExtract_60_KS,Ridge,folded,8,fd_d1,38,428.2675225587463,2.730840589177391
Beer_OriginalExtract_60_KS,Ridge,folded,8,fd_d1,39,752.6847211772348,2.7308424659773616
Beer_OriginalExtract_60_KS,Ridge,folded,8,fd_d1,40,1322.8513946348603,2.730843535521168
Beer_OriginalExtract_60_KS,Ridge,folded,8,fd_d1,41,2324.9253811747426,2.7308441446180067
Beer_OriginalExtract_60_KS,Ridge,folded,8,fd_d1,42,4086.0810594091813,2.730844491361041
Beer_OriginalExtract_60_KS,Ridge,folded,8,fd_d1,43,7181.33087592958,2.7308446887098725
Beer_OriginalExtract_60_KS,Ridge,folded,8,fd_d1,44,12621.26531504399,2.7308448010170685
Beer_OriginalExtract_60_KS,Ridge,folded,8,fd_d1,45,22182.00789030104,2.7308448649243005
Beer_OriginalExtract_60_KS,Ridge,folded,8,fd_d1,46,38985.11454781701,2.7308449012885836
Beer_OriginalExtract_60_KS,Ridge,folded,8,fd_d1,47,68516.75302896941,2.7308449219799966
Beer_OriginalExtract_60_KS,Ridge,folded,8,fd_d1,48,120418.9214289653,2.7308449337533345
Beer_OriginalExtract_60_KS,Ridge,folded,8,fd_d1,49,211637.53384496146,2.7308449404522714
Beer_OriginalExtract_60_KS,Ridge,materialized,0,identity,0,2.1163753384496148e-07,0.5835265023116423
Beer_OriginalExtract_60_KS,Ridge,materialized,0,identity,1,3.719552143505856e-07,0.5835268200226008
Beer_OriginalExtract_60_KS,Ridge,materialized,0,identity,2,6.537152411912949e-07,0.5835273784028729
Beer_OriginalExtract_60_KS,Ridge,materialized,0,identity,3,1.1489114820232145e-06,0.5835283597617842
Beer_OriginalExtract_60_KS,Ridge,materialized,0,identity,4,2.0192241366734657e-06,0.5835300845094169
Beer_OriginalExtract_60_KS,Ridge,materialized,0,identity,5,3.5488078741668627e-06,0.5835331157683694
Beer_OriginalExtract_60_KS,Ridge,materialized,0,identity,6,6.2370675444166e-06,0.5835384432278741
Beer_OriginalExtract_60_KS,Ridge,materialized,0,identity,7,1.0961712477249167e-05,0.5835478062626913
Beer_OriginalExtract_60_KS,Ridge,materialized,0,identity,8,1.9265326145368768e-05,0.5835642617973569
Beer_OriginalExtract_60_KS,Ridge,materialized,0,identity,9,3.385901539177837e-05,0.5835931822696674
Beer_OriginalExtract_60_KS,Ridge,materialized,0,identity,10,5.950757929817246e-05,0.5836440093635044
Beer_OriginalExtract_60_KS,Ridge,materialized,0,identity,11,0.0001045852028759271,0.583733335593851
Beer_OriginalExtract_60_KS,Ridge,materialized,0,identity,12,0.00018380960525703574,0.5838903182826951
Beer_OriginalExtract_60_KS,Ridge,materialized,0,identity,13,0.00032304733418960576,0.5841661885161644
Beer_OriginalExtract_60_KS,Ridge,materialized,0,identity,14,0.0005677591221692486,0.5846509433312466
Beer_OriginalExtract_60_KS,Ridge,materialized,0,identity,15,0.0009978426895706847,0.5855026163403619
Beer_OriginalExtract_60_KS,Ridge,materialized,0,identity,16,0.0017537191288541595,0.5869984934797562
Beer_OriginalExtract_60_KS,Ridge,materialized,0,identity,17,0.0030821800019722773,0.5896243052182599
Beer_OriginalExtract_60_KS,Ridge,materialized,0,identity,18,0.005416964101181233,0.5942279131988929
Beer_OriginalExtract_60_KS,Ridge,materialized,0,identity,19,0.00952037196228301,0.6022777794093731
Beer_OriginalExtract_60_KS,Ridge,materialized,0,identity,20,0.016732154876282067,0.6162747359716818
Beer_OriginalExtract_60_KS,Ridge,materialized,0,identity,21,0.029406939971781607,0.6403364304915515
Beer_OriginalExtract_60_KS,Ridge,materialized,0,identity,22,0.05168300944487328,0.6808471273422734
Beer_OriginalExtract_60_KS,Ridge,materialized,0,identity,23,0.09083343822383541,0.7468159538271314
Beer_OriginalExtract_60_KS,Ridge,materialized,0,identity,24,0.15964073277048185,0.8493238760099443
Beer_OriginalExtract_60_KS,Ridge,materialized,0,identity,25,0.2805702840037266,0.9993173839876552
Beer_OriginalExtract_60_KS,Ridge,materialized,0,identity,26,0.4931052551550763,1.2031690329551787
Beer_OriginalExtract_60_KS,Ridge,materialized,0,identity,27,0.8666377251067803,1.4563785466657033
Beer_OriginalExtract_60_KS,Ridge,materialized,0,identity,28,1.5231250097751505,1.7381443298751962
Beer_OriginalExtract_60_KS,Ridge,materialized,0,identity,29,2.6769083876618875,2.0134471415309694
Beer_OriginalExtract_60_KS,Ridge,materialized,0,identity,30,4.70469493307868,2.247790640509395
Beer_OriginalExtract_60_KS,Ridge,materialized,0,identity,31,8.268551331586274,2.4237974926553276
Beer_OriginalExtract_60_KS,Ridge,materialized,0,identity,32,14.53206681742012,2.543627799898308
Beer_OriginalExtract_60_KS,Ridge,materialized,0,identity,33,25.540261832715586,2.6197890260560714
Beer_OriginalExtract_60_KS,Ridge,materialized,0,identity,34,44.88728153257109,2.666086741332245
Beer_OriginalExtract_60_KS,Ridge,materialized,0,identity,35,78.88987421434186,2.6934701570220683
Beer_OriginalExtract_60_KS,Ridge,materialized,0,identity,36,138.64979212516369,2.7094042521023676
Beer_OriginalExtract_60_KS,Ridge,materialized,0,identity,37,243.6784827938841,2.718588100108318
Beer_OriginalExtract_60_KS,Ridge,materialized,0,identity,38,428.2675225587463,2.7238522507777483
Beer_OriginalExtract_60_KS,Ridge,materialized,0,identity,39,752.6847211772348,2.7268601125914715
Beer_OriginalExtract_60_KS,Ridge,materialized,0,identity,40,1322.8513946348603,2.7285756558391725
Beer_OriginalExtract_60_KS,Ridge,materialized,0,identity,41,2324.9253811747426,2.729553111517277
Beer_OriginalExtract_60_KS,Ridge,materialized,0,identity,42,4086.0810594091813,2.730109703480273
Beer_OriginalExtract_60_KS,Ridge,materialized,0,identity,43,7181.33087592958,2.730426537093384
Beer_OriginalExtract_60_KS,Ridge,materialized,0,identity,44,12621.26531504399,2.7306068566021744
Beer_OriginalExtract_60_KS,Ridge,materialized,0,identity,45,22182.00789030104,2.7307094706984274
Beer_OriginalExtract_60_KS,Ridge,materialized,0,identity,46,38985.11454781701,2.7307678615080873
Beer_OriginalExtract_60_KS,Ridge,materialized,0,identity,47,68516.75302896941,2.7308010866388726
Beer_OriginalExtract_60_KS,Ridge,materialized,0,identity,48,120418.9214289653,2.730819991792528
Beer_OriginalExtract_60_KS,Ridge,materialized,0,identity,49,211637.53384496146,2.730830748733355
Beer_OriginalExtract_60_KS,Ridge,materialized,1,sg_smooth_w11_p2,0,2.1163753384496148e-07,0.2864946620783707
Beer_OriginalExtract_60_KS,Ridge,materialized,1,sg_smooth_w11_p2,1,3.719552143505856e-07,0.2864946748386161
Beer_OriginalExtract_60_KS,Ridge,materialized,1,sg_smooth_w11_p2,2,6.537152411912949e-07,0.28649469735343125
Beer_OriginalExtract_60_KS,Ridge,materialized,1,sg_smooth_w11_p2,3,1.1489114820232145e-06,0.2864947371969383
Beer_OriginalExtract_60_KS,Ridge,materialized,1,sg_smooth_w11_p2,4,2.0192241366734657e-06,0.2864948080668947
Beer_OriginalExtract_60_KS,Ridge,materialized,1,sg_smooth_w11_p2,5,3.5488078741668627e-06,0.28649493522943564
Beer_OriginalExtract_60_KS,Ridge,materialized,1,sg_smooth_w11_p2,6,6.2370675444166e-06,0.2864951667692435
Beer_OriginalExtract_60_KS,Ridge,materialized,1,sg_smooth_w11_p2,7,1.0961712477249167e-05,0.2864955985423619
Beer_OriginalExtract_60_KS,Ridge,materialized,1,sg_smooth_w11_p2,8,1.9265326145368768e-05,0.28649643396904795
Beer_OriginalExtract_60_KS,Ridge,materialized,1,sg_smooth_w11_p2,9,3.385901539177837e-05,0.28649813800618495
Beer_OriginalExtract_60_KS,Ridge,materialized,1,sg_smooth_w11_p2,10,5.950757929817246e-05,0.2865018569060876
Beer_OriginalExtract_60_KS,Ridge,materialized,1,sg_smooth_w11_p2,11,0.0001045852028759271,0.28651060678080664
Beer_OriginalExtract_60_KS,Ridge,materialized,1,sg_smooth_w11_p2,12,0.00018380960525703574,0.286532703094886
Beer_OriginalExtract_60_KS,Ridge,materialized,1,sg_smooth_w11_p2,13,0.00032304733418960576,0.2865916610529831
Beer_OriginalExtract_60_KS,Ridge,materialized,1,sg_smooth_w11_p2,14,0.0005677591221692486,0.2867542278636786
Beer_OriginalExtract_60_KS,Ridge,materialized,1,sg_smooth_w11_p2,15,0.0009978426895706847,0.2872062479299672
Beer_OriginalExtract_60_KS,Ridge,materialized,1,sg_smooth_w11_p2,16,0.0017537191288541595,0.28844131513562543
Beer_OriginalExtract_60_KS,Ridge,materialized,1,sg_smooth_w11_p2,17,0.0030821800019722773,0.2916617569789011
Beer_OriginalExtract_60_KS,Ridge,materialized,1,sg_smooth_w11_p2,18,0.005416964101181233,0.29939158429185175
Beer_OriginalExtract_60_KS,Ridge,materialized,1,sg_smooth_w11_p2,19,0.00952037196228301,0.31578348222183683
Beer_OriginalExtract_60_KS,Ridge,materialized,1,sg_smooth_w11_p2,20,0.016732154876282067,0.3456876776810879
Beer_OriginalExtract_60_KS,Ridge,materialized,1,sg_smooth_w11_p2,21,0.029406939971781607,0.3932031711961993
Beer_OriginalExtract_60_KS,Ridge,materialized,1,sg_smooth_w11_p2,22,0.05168300944487328,0.46206456285672826
Beer_OriginalExtract_60_KS,Ridge,materialized,1,sg_smooth_w11_p2,23,0.09083343822383541,0.5580637824850293
Beer_OriginalExtract_60_KS,Ridge,materialized,1,sg_smooth_w11_p2,24,0.15964073277048185,0.6911474014092761
Beer_OriginalExtract_60_KS,Ridge,materialized,1,sg_smooth_w11_p2,25,0.2805702840037266,0.8731452858664188
Beer_OriginalExtract_60_KS,Ridge,materialized,1,sg_smooth_w11_p2,26,0.4931052551550763,1.1099509850872056
Beer_OriginalExtract_60_KS,Ridge,materialized,1,sg_smooth_w11_p2,27,0.8666377251067803,1.3939972082221197
Beer_OriginalExtract_60_KS,Ridge,materialized,1,sg_smooth_w11_p2,28,1.5231250097751505,1.7010843824370476
Beer_OriginalExtract_60_KS,Ridge,materialized,1,sg_smooth_w11_p2,29,2.6769083876618875,1.9942006992287944
Beer_OriginalExtract_60_KS,Ridge,materialized,1,sg_smooth_w11_p2,30,4.70469493307868,2.239019642197315
Beer_OriginalExtract_60_KS,Ridge,materialized,1,sg_smooth_w11_p2,31,8.268551331586274,2.420197894244287
Beer_OriginalExtract_60_KS,Ridge,materialized,1,sg_smooth_w11_p2,32,14.53206681742012,2.5422482251900598
Beer_OriginalExtract_60_KS,Ridge,materialized,1,sg_smooth_w11_p2,33,25.540261832715586,2.6192769476499715
Beer_OriginalExtract_60_KS,Ridge,materialized,1,sg_smooth_w11_p2,34,44.88728153257109,2.6658964742714946
Beer_OriginalExtract_60_KS,Ridge,materialized,1,sg_smooth_w11_p2,35,78.88987421434186,2.6933972782754223
Beer_OriginalExtract_60_KS,Ridge,materialized,1,sg_smooth_w11_p2,36,138.64979212516369,2.709374763063576
Beer_OriginalExtract_60_KS,Ridge,materialized,1,sg_smooth_w11_p2,37,243.6784827938841,2.7185752994989025
Beer_OriginalExtract_60_KS,Ridge,materialized,1,sg_smooth_w11_p2,38,428.2675225587463,2.723846274280717
Beer_OriginalExtract_60_KS,Ridge,materialized,1,sg_smooth_w11_p2,39,752.6847211772348,2.7268571386751934
Beer_OriginalExtract_60_KS,Ridge,materialized,1,sg_smooth_w11_p2,40,1322.8513946348603,2.7285741024964043
Beer_OriginalExtract_60_KS,Ridge,materialized,1,sg_smooth_w11_p2,41,2324.9253811747426,2.7295522727354635
Beer_OriginalExtract_60_KS,Ridge,materialized,1,sg_smooth_w11_p2,42,4086.0810594091813,2.7301092408316228
Beer_OriginalExtract_60_KS,Ridge,materialized,1,sg_smooth_w11_p2,43,7181.33087592958,2.730426278585577
Beer_OriginalExtract_60_KS,Ridge,materialized,1,sg_smooth_w11_p2,44,12621.26531504399,2.7306067110477708
Beer_OriginalExtract_60_KS,Ridge,materialized,1,sg_smooth_w11_p2,45,22182.00789030104,2.730709388376389
Beer_OriginalExtract_60_KS,Ridge,materialized,1,sg_smooth_w11_p2,46,38985.11454781701,2.730767814828705
Beer_OriginalExtract_60_KS,Ridge,materialized,1,sg_smooth_w11_p2,47,68516.75302896941,2.7308010601309776
Beer_OriginalExtract_60_KS,Ridge,materialized,1,sg_smooth_w11_p2,48,120418.9214289653,2.7308199767267425
Beer_OriginalExtract_60_KS,Ridge,materialized,1,sg_smooth_w11_p2,49,211637.53384496146,2.7308307401665806
Beer_OriginalExtract_60_KS,Ridge,materialized,2,sg_smooth_w21_p3,0,2.1163753384496148e-07,0.2899132595061061
Beer_OriginalExtract_60_KS,Ridge,materialized,2,sg_smooth_w21_p3,1,3.719552143505856e-07,0.2899086973279871
Beer_OriginalExtract_60_KS,Ridge,materialized,2,sg_smooth_w21_p3,2,6.537152411912949e-07,0.2899006815809667
Beer_OriginalExtract_60_KS,Ridge,materialized,2,sg_smooth_w21_p3,3,1.1489114820232145e-06,0.28988660101198194
Beer_OriginalExtract_60_KS,Ridge,materialized,2,sg_smooth_w21_p3,4,2.0192241366734657e-06,0.2898618764550251
Beer_OriginalExtract_60_KS,Ridge,materialized,2,sg_smooth_w21_p3,5,3.5488078741668627e-06,0.28981849121930436
Beer_OriginalExtract_60_KS,Ridge,materialized,2,sg_smooth_w21_p3,6,6.2370675444166e-06,0.28974245197846654
Beer_OriginalExtract_60_KS,Ridge,materialized,2,sg_smooth_w21_p3,7,1.0961712477249167e-05,0.28960945992283743
Beer_OriginalExtract_60_KS,Ridge,materialized,2,sg_smooth_w21_p3,8,1.9265326145368768e-05,0.2893777078071215
Beer_OriginalExtract_60_KS,Ridge,materialized,2,sg_smooth_w21_p3,9,3.385901539177837e-05,0.2889764303453951
Beer_OriginalExtract_60_KS,Ridge,materialized,2,sg_smooth_w21_p3,10,5.950757929817246e-05,0.2882893024835308
Beer_OriginalExtract_60_KS,Ridge,materialized,2,sg_smooth_w21_p3,11,0.0001045852028759271,0.2871350547844986
Beer_OriginalExtract_60_KS,Ridge,materialized,2,sg_smooth_w21_p3,12,0.00018380960525703574,0.28525850709250883
Beer_OriginalExtract_60_KS,Ridge,materialized,2,sg_smooth_w21_p3,13,0.00032304733418960576,0.28237012838846315
Beer_OriginalExtract_60_KS,Ridge,materialized,2,sg_smooth_w21_p3,14,0.0005677591221692486,0.27830497144093874
Beer_OriginalExtract_60_KS,Ridge,materialized,2,sg_smooth_w21_p3,15,0.0009978426895706847,0.27335306615785254
Beer_OriginalExtract_60_KS,Ridge,materialized,2,sg_smooth_w21_p3,16,0.0017537191288541595,0.2686433867384065
Beer_OriginalExtract_60_KS,Ridge,materialized,2,sg_smooth_w21_p3,17,0.0030821800019722773,0.26629180518092044
Beer_OriginalExtract_60_KS,Ridge,materialized,2,sg_smooth_w21_p3,18,0.005416964101181233,0.26933273790863255
Beer_OriginalExtract_60_KS,Ridge,materialized,2,sg_smooth_w21_p3,19,0.00952037196228301,0.28170851592591056
Beer_OriginalExtract_60_KS,Ridge,materialized,2,sg_smooth_w21_p3,20,0.016732154876282067,0.3080228975307221
Beer_OriginalExtract_60_KS,Ridge,materialized,2,sg_smooth_w21_p3,21,0.029406939971781607,0.3532329623179143
Beer_OriginalExtract_60_KS,Ridge,materialized,2,sg_smooth_w21_p3,22,0.05168300944487328,0.42271599088166767
Beer_OriginalExtract_60_KS,Ridge,materialized,2,sg_smooth_w21_p3,23,0.09083343822383541,0.5229117146574486
Beer_OriginalExtract_60_KS,Ridge,materialized,2,sg_smooth_w21_p3,24,0.15964073277048185,0.6629715800500905
Beer_OriginalExtract_60_KS,Ridge,materialized,2,sg_smooth_w21_p3,25,0.2805702840037266,0.853331187107341
Beer_OriginalExtract_60_KS,Ridge,materialized,2,sg_smooth_w21_p3,26,0.4931052551550763,1.0982361251537256
Beer_OriginalExtract_60_KS,Ridge,materialized,2,sg_smooth_w21_p3,27,0.8666377251067803,1.3887530197218176
Beer_OriginalExtract_60_KS,Ridge,materialized,2,sg_smooth_w21_p3,28,1.5231250097751505,1.700089375243999
Beer_OriginalExtract_60_KS,Ridge,materialized,2,sg_smooth_w21_p3,29,2.6769083876618875,1.995336107958297
Beer_OriginalExtract_60_KS,Ridge,materialized,2,sg_smooth_w21_p3,30,4.70469493307868,2.2407487418077308
Beer_OriginalExtract_60_KS,Ridge,materialized,2,sg_smooth_w21_p3,31,8.268551331586274,2.42173168441522
Beer_OriginalExtract_60_KS,Ridge,materialized,2,sg_smooth_w21_p3,32,14.53206681742012,2.5433576844884316
Beer_OriginalExtract_60_KS,Ridge,materialized,2,sg_smooth_w21_p3,33,25.540261832715586,2.6199993910584154
Beer_OriginalExtract_60_KS,Ridge,materialized,2,sg_smooth_w21_p3,34,44.88728153257109,2.666340253634874
Beer_OriginalExtract_60_KS,Ridge,materialized,2,sg_smooth_w21_p3,35,78.88987421434186,2.693661030876355
Beer_OriginalExtract_60_KS,Ridge,materialized,2,sg_smooth_w21_p3,36,138.64979212516369,2.7095286047217426
Beer_OriginalExtract_60_KS,Ridge,materialized,2,sg_smooth_w21_p3,37,243.6784827938841,2.7186640783675986
Beer_OriginalExtract_60_KS,Ridge,materialized,2,sg_smooth_w21_p3,38,428.2675225587463,2.7238971959489584
Beer_OriginalExtract_60_KS,Ridge,materialized,2,sg_smooth_w21_p3,39,752.6847211772348,2.7268862452663667
Beer_OriginalExtract_60_KS,Ridge,materialized,2,sg_smooth_w21_p3,40,1322.8513946348603,2.7285907069238666
Beer_OriginalExtract_60_KS,Ridge,materialized,2,sg_smooth_w21_p3,41,2324.9253811747426,2.729561734436836
Beer_OriginalExtract_60_KS,Ridge,materialized,2,sg_smooth_w21_p3,42,4086.0810594091813,2.73011462895231
Beer_OriginalExtract_60_KS,Ridge,materialized,2,sg_smooth_w21_p3,43,7181.33087592958,2.7304293458246667
Beer_OriginalExtract_60_KS,Ridge,materialized,2,sg_smooth_w21_p3,44,12621.26531504399,2.730608456742007
Beer_OriginalExtract_60_KS,Ridge,materialized,2,sg_smooth_w21_p3,45,22182.00789030104,2.730710381807252
Beer_OriginalExtract_60_KS,Ridge,materialized,2,sg_smooth_w21_p3,46,38985.11454781701,2.7307683801274947
Beer_OriginalExtract_60_KS,Ridge,materialized,2,sg_smooth_w21_p3,47,68516.75302896941,2.7308013817945835
Beer_OriginalExtract_60_KS,Ridge,materialized,2,sg_smooth_w21_p3,48,120418.9214289653,2.730820159754259
Beer_OriginalExtract_60_KS,Ridge,materialized,2,sg_smooth_w21_p3,49,211637.53384496146,2.73083084430848
Beer_OriginalExtract_60_KS,Ridge,materialized,3,sg_d1_w11_p2,0,2.1163753384496148e-07,0.9174569945963427
Beer_OriginalExtract_60_KS,Ridge,materialized,3,sg_d1_w11_p2,1,3.719552143505856e-07,0.9175373479184579
Beer_OriginalExtract_60_KS,Ridge,materialized,3,sg_d1_w11_p2,2,6.537152411912949e-07,0.9176785821154414
Beer_OriginalExtract_60_KS,Ridge,materialized,3,sg_d1_w11_p2,3,1.1489114820232145e-06,0.9179268405859329
Beer_OriginalExtract_60_KS,Ridge,materialized,3,sg_d1_w11_p2,4,2.0192241366734657e-06,0.9183632724582736
Beer_OriginalExtract_60_KS,Ridge,materialized,3,sg_d1_w11_p2,5,3.5488078741668627e-06,0.9191306505024285
Beer_OriginalExtract_60_KS,Ridge,materialized,3,sg_d1_w11_p2,6,6.2370675444166e-06,0.9204803320026634
Beer_OriginalExtract_60_KS,Ridge,materialized,3,sg_d1_w11_p2,7,1.0961712477249167e-05,0.922855218063637
Beer_OriginalExtract_60_KS,Ridge,materialized,3,sg_d1_w11_p2,8,1.9265326145368768e-05,0.9270362156125425
Beer_OriginalExtract_60_KS,Ridge,materialized,3,sg_d1_w11_p2,9,3.385901539177837e-05,0.934398582877433
Beer_OriginalExtract_60_KS,Ridge,materialized,3,sg_d1_w11_p2,10,5.950757929817246e-05,0.9473458896290481
Beer_OriginalExtract_60_KS,Ridge,materialized,3,sg_d1_w11_p2,11,0.0001045852028759271,0.9699750230916683
Beer_OriginalExtract_60_KS,Ridge,materialized,3,sg_d1_w11_p2,12,0.00018380960525703574,1.0088446646011957
Beer_OriginalExtract_60_KS,Ridge,materialized,3,sg_d1_w11_p2,13,0.00032304733418960576,1.0732043881329212
Beer_OriginalExtract_60_KS,Ridge,materialized,3,sg_d1_w11_p2,14,0.0005677591221692486,1.1735997482664282
Beer_OriginalExtract_60_KS,Ridge,materialized,3,sg_d1_w11_p2,15,0.0009978426895706847,1.3184725822814636
Beer_OriginalExtract_60_KS,Ridge,materialized,3,sg_d1_w11_p2,16,0.0017537191288541595,1.5094195014712088
Beer_OriginalExtract_60_KS,Ridge,materialized,3,sg_d1_w11_p2,17,0.0030821800019722773,1.7363056144133502
Beer_OriginalExtract_60_KS,Ridge,materialized,3,sg_d1_w11_p2,18,0.005416964101181233,1.9757095483455942
Beer_OriginalExtract_60_KS,Ridge,materialized,3,sg_d1_w11_p2,19,0.00952037196228301,2.1975084749276084
Beer_OriginalExtract_60_KS,Ridge,materialized,3,sg_d1_w11_p2,20,0.016732154876282067,2.3780891136863063
Beer_OriginalExtract_60_KS,Ridge,materialized,3,sg_d1_w11_p2,21,0.029406939971781607,2.5093989433851056
Beer_OriginalExtract_60_KS,Ridge,materialized,3,sg_d1_w11_p2,22,0.05168300944487328,2.5969055670726386
Beer_OriginalExtract_60_KS,Ridge,materialized,3,sg_d1_w11_p2,23,0.09083343822383541,2.6517855512664523
Beer_OriginalExtract_60_KS,Ridge,materialized,3,sg_d1_w11_p2,24,0.15964073277048185,2.684880131404646
Beer_OriginalExtract_60_KS,Ridge,materialized,3,sg_d1_w11_p2,25,0.2805702840037266,2.7043623319376
Beer_OriginalExtract_60_KS,Ridge,materialized,3,sg_d1_w11_p2,26,0.4931052551550763,2.7156678609179496
Beer_OriginalExtract_60_KS,Ridge,materialized,3,sg_d1_w11_p2,27,0.8666377251067803,2.7221737314698404
Beer_OriginalExtract_60_KS,Ridge,materialized,3,sg_d1_w11_p2,28,1.5231250097751505,2.725899519296221
Beer_OriginalExtract_60_KS,Ridge,materialized,3,sg_d1_w11_p2,29,2.6769083876618875,2.7280272882085925
Beer_OriginalExtract_60_KS,Ridge,materialized,3,sg_d1_w11_p2,30,4.70469493307868,2.729240512159186
Beer_OriginalExtract_60_KS,Ridge,materialized,3,sg_d1_w11_p2,31,8.268551331586274,2.7299316487334555
Beer_OriginalExtract_60_KS,Ridge,materialized,3,sg_d1_w11_p2,32,14.53206681742012,2.7303251647859006
Beer_OriginalExtract_60_KS,Ridge,materialized,3,sg_d1_w11_p2,33,25.540261832715586,2.7305491571818097
Beer_OriginalExtract_60_KS,Ridge,materialized,3,sg_d1_w11_p2,34,44.88728153257109,2.7306766340450825
Beer_OriginalExtract_60_KS,Ridge,materialized,3,sg_d1_w11_p2,35,78.88987421434186,2.730749175801702
Beer_OriginalExtract_60_KS,Ridge,materialized,3,sg_d1_w11_p2,36,138.64979212516369,2.730790454045395
Beer_OriginalExtract_60_KS,Ridge,materialized,3,sg_d1_w11_p2,37,243.6784827938841,2.730813941770135
Beer_OriginalExtract_60_KS,Ridge,materialized,3,sg_d1_w11_p2,38,428.2675225587463,2.730827306280715
Beer_OriginalExtract_60_KS,Ridge,materialized,3,sg_d1_w11_p2,39,752.6847211772348,2.7308349106085106
Beer_OriginalExtract_60_KS,Ridge,materialized,3,sg_d1_w11_p2,40,1322.8513946348603,2.7308392374016295
Beer_OriginalExtract_60_KS,Ridge,materialized,3,sg_d1_w11_p2,41,2324.9253811747426,2.7308416992994635
Beer_OriginalExtract_60_KS,Ridge,materialized,3,sg_d1_w11_p2,42,4086.0810594091813,2.7308431000897526
Beer_OriginalExtract_60_KS,Ridge,materialized,3,sg_d1_w11_p2,43,7181.33087592958,2.730843897121763
Beer_OriginalExtract_60_KS,Ridge,materialized,3,sg_d1_w11_p2,44,12621.26531504399,2.7308443506226556
Beer_OriginalExtract_60_KS,Ridge,materialized,3,sg_d1_w11_p2,45,22182.00789030104,2.7308446086587037
Beer_OriginalExtract_60_KS,Ridge,materialized,3,sg_d1_w11_p2,46,38985.11454781701,2.7308447554777957
Beer_OriginalExtract_60_KS,Ridge,materialized,3,sg_d1_w11_p2,47,68516.75302896941,2.7308448390159032
Beer_OriginalExtract_60_KS,Ridge,materialized,3,sg_d1_w11_p2,48,120418.9214289653,2.7308448865479718
Beer_OriginalExtract_60_KS,Ridge,materialized,3,sg_d1_w11_p2,49,211637.53384496146,2.7308449135930832
Beer_OriginalExtract_60_KS,Ridge,materialized,4,sg_d1_w21_p3,0,2.1163753384496148e-07,0.8441582535816513
Beer_OriginalExtract_60_KS,Ridge,materialized,4,sg_d1_w21_p3,1,3.719552143505856e-07,0.8441960629497283
Beer_OriginalExtract_60_KS,Ridge,materialized,4,sg_d1_w21_p3,2,6.537152411912949e-07,0.8442626083298459
Beer_OriginalExtract_60_KS,Ridge,materialized,4,sg_d1_w21_p3,3,1.1489114820232145e-06,0.8443798548574165
Beer_OriginalExtract_60_KS,Ridge,materialized,4,sg_d1_w21_p3,4,2.0192241366734657e-06,0.8445868135050286
Beer_OriginalExtract_60_KS,Ridge,materialized,4,sg_d1_w21_p3,5,3.5488078741668627e-06,0.844953281491002
Beer_OriginalExtract_60_KS,Ridge,materialized,4,sg_d1_w21_p3,6,6.2370675444166e-06,0.8456056264754352
Beer_OriginalExtract_60_KS,Ridge,materialized,4,sg_d1_w21_p3,7,1.0961712477249167e-05,0.8467767675067644
Beer_OriginalExtract_60_KS,Ridge,materialized,4,sg_d1_w21_p3,8,1.9265326145368768e-05,0.84890656583939
Beer_OriginalExtract_60_KS,Ridge,materialized,4,sg_d1_w21_p3,9,3.385901539177837e-05,0.8528487550750509
Beer_OriginalExtract_60_KS,Ridge,materialized,4,sg_d1_w21_p3,10,5.950757929817246e-05,0.8602962558326702
Beer_OriginalExtract_60_KS,Ridge,materialized,4,sg_d1_w21_p3,11,0.0001045852028759271,0.874609033559843
Beer_OriginalExtract_60_KS,Ridge,materialized,4,sg_d1_w21_p3,12,0.00018380960525703574,0.9021915893383529
Beer_OriginalExtract_60_KS,Ridge,materialized,4,sg_d1_w21_p3,13,0.00032304733418960576,0.9538899568381742
Beer_OriginalExtract_60_KS,Ridge,materialized,4,sg_d1_w21_p3,14,0.0005677591221692486,1.0441960298853492
Beer_OriginalExtract_60_KS,Ridge,materialized,4,sg_d1_w21_p3,15,0.0009978426895706847,1.1865435930713635
Beer_OriginalExtract_60_KS,Ridge,materialized,4,sg_d1_w21_p3,16,0.0017537191288541595,1.386049936047193
Beer_OriginalExtract_60_KS,Ridge,materialized,4,sg_d1_w21_p3,17,0.0030821800019722773,1.6319529723491748
Beer_OriginalExtract_60_KS,Ridge,materialized,4,sg_d1_w21_p3,18,0.005416964101181233,1.8959928894537537
Beer_OriginalExtract_60_KS,Ridge,materialized,4,sg_d1_w21_p3,19,0.00952037196228301,2.1419329290465985
Beer_OriginalExtract_60_KS,Ridge,materialized,4,sg_d1_w21_p3,20,0.016732154876282067,2.3420353428634977
Beer_OriginalExtract_60_KS,Ridge,materialized,4,sg_d1_w21_p3,21,0.029406939971781607,2.487161604101151
Beer_OriginalExtract_60_KS,Ridge,materialized,4,sg_d1_w21_p3,22,0.05168300944487328,2.583629949442846
Beer_OriginalExtract_60_KS,Ridge,materialized,4,sg_d1_w21_p3,23,0.09083343822383541,2.644016760047423
Beer_OriginalExtract_60_KS,Ridge,materialized,4,sg_d1_w21_p3,24,0.15964073277048185,2.680387476121479
Beer_OriginalExtract_60_KS,Ridge,materialized,4,sg_d1_w21_p3,25,0.2805702840037266,2.70178214746524
Beer_OriginalExtract_60_KS,Ridge,materialized,4,sg_d1_w21_p3,26,0.4931052551550763,2.7141919288425185
Beer_OriginalExtract_60_KS,Ridge,materialized,4,sg_d1_w21_p3,27,0.8666377251067803,2.721331389174999
Beer_OriginalExtract_60_KS,Ridge,materialized,4,sg_d1_w21_p3,28,1.5231250097751505,2.7254194067463566
Beer_OriginalExtract_60_KS,Ridge,materialized,4,sg_d1_w21_p3,29,2.6769083876618875,2.727753840926293
Beer_OriginalExtract_60_KS,Ridge,materialized,4,sg_d1_w21_p3,30,4.70469493307868,2.729084836899081
Beer_OriginalExtract_60_KS,Ridge,materialized,4,sg_d1_w21_p3,31,8.268551331586274,2.7298430432731706
Beer_OriginalExtract_60_KS,Ridge,materialized,4,sg_d1_w21_p3,32,14.53206681742012,2.7302747402927574
Beer_OriginalExtract_60_KS,Ridge,materialized,4,sg_d1_w21_p3,33,25.540261832715586,2.7305204633502216
Beer_OriginalExtract_60_KS,Ridge,materialized,4,sg_d1_w21_p3,34,44.88728153257109,2.7306603066774935
Beer_OriginalExtract_60_KS,Ridge,materialized,4,sg_d1_w21_p3,35,78.88987421434186,2.730739885436871
Beer_OriginalExtract_60_KS,Ridge,materialized,4,sg_d1_w21_p3,36,138.64979212516369,2.730785167851447
Beer_OriginalExtract_60_KS,Ridge,materialized,4,sg_d1_w21_p3,37,243.6784827938841,2.7308109339639572
Beer_OriginalExtract_60_KS,Ridge,materialized,4,sg_d1_w21_p3,38,428.2675225587463,2.7308255948687274
Beer_OriginalExtract_60_KS,Ridge,materialized,4,sg_d1_w21_p3,39,752.6847211772348,2.7308339368345966
Beer_OriginalExtract_60_KS,Ridge,materialized,4,sg_d1_w21_p3,40,1322.8513946348603,2.730838683336211
Beer_OriginalExtract_60_KS,Ridge,materialized,4,sg_d1_w21_p3,41,2324.9253811747426,2.730841384043304
Beer_OriginalExtract_60_KS,Ridge,materialized,4,sg_d1_w21_p3,42,4086.0810594091813,2.7308429207131057
Beer_OriginalExtract_60_KS,Ridge,materialized,4,sg_d1_w21_p3,43,7181.33087592958,2.7308437950588162
Beer_OriginalExtract_60_KS,Ridge,materialized,4,sg_d1_w21_p3,44,12621.26531504399,2.730844292550194
Beer_OriginalExtract_60_KS,Ridge,materialized,4,sg_d1_w21_p3,45,22182.00789030104,2.730844575616247
Beer_OriginalExtract_60_KS,Ridge,materialized,4,sg_d1_w21_p3,46,38985.11454781701,2.7308447366770787
Beer_OriginalExtract_60_KS,Ridge,materialized,4,sg_d1_w21_p3,47,68516.75302896941,2.7308448283185474
Beer_OriginalExtract_60_KS,Ridge,materialized,4,sg_d1_w21_p3,48,120418.9214289653,2.7308448804613192
Beer_OriginalExtract_60_KS,Ridge,materialized,4,sg_d1_w21_p3,49,211637.53384496146,2.7308449101298593
Beer_OriginalExtract_60_KS,Ridge,materialized,5,sg_d2_w11_p2,0,2.1163753384496148e-07,2.428121104074601
Beer_OriginalExtract_60_KS,Ridge,materialized,5,sg_d2_w11_p2,1,3.719552143505856e-07,2.4282748874206623
Beer_OriginalExtract_60_KS,Ridge,materialized,5,sg_d2_w11_p2,2,6.537152411912949e-07,2.4285446768418004
Beer_OriginalExtract_60_KS,Ridge,materialized,5,sg_d2_w11_p2,3,1.1489114820232145e-06,2.4290173369929056
Beer_OriginalExtract_60_KS,Ridge,materialized,5,sg_d2_w11_p2,4,2.0192241366734657e-06,2.4298434429140583
Beer_OriginalExtract_60_KS,Ridge,materialized,5,sg_d2_w11_p2,5,3.5488078741668627e-06,2.4312812694949795
Beer_OriginalExtract_60_KS,Ridge,materialized,5,sg_d2_w11_p2,6,6.2370675444166e-06,2.433765591323747
Beer_OriginalExtract_60_KS,Ridge,materialized,5,sg_d2_w11_p2,7,1.0961712477249167e-05,2.438004048329553
Beer_OriginalExtract_60_KS,Ridge,materialized,5,sg_d2_w11_p2,8,1.9265326145368768e-05,2.4450794754501235
Beer_OriginalExtract_60_KS,Ridge,materialized,5,sg_d2_w11_p2,9,3.385901539177837e-05,2.4564645753966223
Beer_OriginalExtract_60_KS,Ridge,materialized,5,sg_d2_w11_p2,10,5.950757929817246e-05,2.473716026688522
Beer_OriginalExtract_60_KS,Ridge,materialized,5,sg_d2_w11_p2,11,0.0001045852028759271,2.4975335657676623
Beer_OriginalExtract_60_KS,Ridge,materialized,5,sg_d2_w11_p2,12,0.00018380960525703574,2.5263401604578464
Beer_OriginalExtract_60_KS,Ridge,materialized,5,sg_d2_w11_p2,13,0.00032304733418960576,2.5558838690481513
Beer_OriginalExtract_60_KS,Ridge,materialized,5,sg_d2_w11_p2,14,0.0005677591221692486,2.581728604140328
Beer_OriginalExtract_60_KS,Ridge,materialized,5,sg_d2_w11_p2,15,0.0009978426895706847,2.6031688182981494
Beer_OriginalExtract_60_KS,Ridge,materialized,5,sg_d2_w11_p2,16,0.0017537191288541595,2.6235633064492623
Beer_OriginalExtract_60_KS,Ridge,materialized,5,sg_d2_w11_p2,17,0.0030821800019722773,2.645741730677127
Beer_OriginalExtract_60_KS,Ridge,materialized,5,sg_d2_w11_p2,18,0.005416964101181233,2.6685443969359612
Beer_OriginalExtract_60_KS,Ridge,materialized,5,sg_d2_w11_p2,19,0.00952037196228301,2.6886746982680414
Beer_OriginalExtract_60_KS,Ridge,materialized,5,sg_d2_w11_p2,20,0.016732154876282067,2.7040185983604945
Beer_OriginalExtract_60_KS,Ridge,materialized,5,sg_d2_w11_p2,21,0.029406939971781607,2.714500905646118
Beer_OriginalExtract_60_KS,Ridge,materialized,5,sg_d2_w11_p2,22,0.05168300944487328,2.721159448385296
Beer_OriginalExtract_60_KS,Ridge,materialized,5,sg_d2_w11_p2,23,0.09083343822383541,2.725201613218232
Beer_OriginalExtract_60_KS,Ridge,materialized,5,sg_d2_w11_p2,24,0.15964073277048185,2.7275896300753915
Beer_OriginalExtract_60_KS,Ridge,materialized,5,sg_d2_w11_p2,25,0.2805702840037266,2.7289780817376657
Beer_OriginalExtract_60_KS,Ridge,materialized,5,sg_d2_w11_p2,26,0.4931052551550763,2.729777935945408
Beer_OriginalExtract_60_KS,Ridge,materialized,5,sg_d2_w11_p2,27,0.8666377251067803,2.730236272161247
Beer_OriginalExtract_60_KS,Ridge,materialized,5,sg_d2_w11_p2,28,1.5231250097751505,2.7304981130188515
Beer_OriginalExtract_60_KS,Ridge,materialized,5,sg_d2_w11_p2,29,2.6769083876618875,2.7306474395775093
Beer_OriginalExtract_60_KS,Ridge,materialized,5,sg_d2_w11_p2,30,4.70469493307868,2.7307325155859483
Beer_OriginalExtract_60_KS,Ridge,materialized,5,sg_d2_w11_p2,31,8.268551331586274,2.730780958745501
Beer_OriginalExtract_60_KS,Ridge,materialized,5,sg_d2_w11_p2,32,14.53206681742012,2.730808533934888
Beer_OriginalExtract_60_KS,Ridge,materialized,5,sg_d2_w11_p2,33,25.540261832715586,2.730824227631497
Beer_OriginalExtract_60_KS,Ridge,materialized,5,sg_d2_w11_p2,34,44.88728153257109,2.730833158359758
Beer_OriginalExtract_60_KS,Ridge,materialized,5,sg_d2_w11_p2,35,78.88987421434186,2.730838240221184
Beer_OriginalExtract_60_KS,Ridge,materialized,5,sg_d2_w11_p2,36,138.64979212516369,2.730841131860692
Beer_OriginalExtract_60_KS,Ridge,materialized,5,sg_d2_w11_p2,37,243.6784827938841,2.7308427772064148
Beer_OriginalExtract_60_KS,Ridge,materialized,5,sg_d2_w11_p2,38,428.2675225587463,2.730843713399552
Beer_OriginalExtract_60_KS,Ridge,materialized,5,sg_d2_w11_p2,39,752.6847211772348,2.730844246085263
Beer_OriginalExtract_60_KS,Ridge,materialized,5,sg_d2_w11_p2,40,1322.8513946348603,2.7308445491777076
Beer_OriginalExtract_60_KS,Ridge,materialized,5,sg_d2_w11_p2,41,2324.9253811747426,2.730844721633704
Beer_OriginalExtract_60_KS,Ridge,materialized,5,sg_d2_w11_p2,42,4086.0810594091813,2.730844819759004
Beer_OriginalExtract_60_KS,Ridge,materialized,5,sg_d2_w11_p2,43,7181.33087592958,2.730844875591033
Beer_OriginalExtract_60_KS,Ridge,materialized,5,sg_d2_w11_p2,44,12621.26531504399,2.7308449073587253
Beer_OriginalExtract_60_KS,Ridge,materialized,5,sg_d2_w11_p2,45,22182.00789030104,2.730844925434121
Beer_OriginalExtract_60_KS,Ridge,materialized,5,sg_d2_w11_p2,46,38985.11454781701,2.730844935718781
Beer_OriginalExtract_60_KS,Ridge,materialized,5,sg_d2_w11_p2,47,68516.75302896941,2.730844941570615
Beer_OriginalExtract_60_KS,Ridge,materialized,5,sg_d2_w11_p2,48,120418.9214289653,2.7308449449002308
Beer_OriginalExtract_60_KS,Ridge,materialized,5,sg_d2_w11_p2,49,211637.53384496146,2.730844946794737
Beer_OriginalExtract_60_KS,Ridge,materialized,6,detrend_d1,0,2.1163753384496148e-07,0.6288346232817331
Beer_OriginalExtract_60_KS,Ridge,materialized,6,detrend_d1,1,3.719552143505856e-07,0.6288351524726897
Beer_OriginalExtract_60_KS,Ridge,materialized,6,detrend_d1,2,6.537152411912949e-07,0.6288360825312131
Beer_OriginalExtract_60_KS,Ridge,materialized,6,detrend_d1,3,1.1489114820232145e-06,0.628837717118315
Beer_OriginalExtract_60_KS,Ridge,materialized,6,detrend_d1,4,2.0192241366734657e-06,0.6288405899205507
Beer_OriginalExtract_60_KS,Ridge,materialized,6,detrend_d1,5,3.5488078741668627e-06,0.6288456388949408
Beer_OriginalExtract_60_KS,Ridge,materialized,6,detrend_d1,6,6.2370675444166e-06,0.6288545125023479
Beer_OriginalExtract_60_KS,Ridge,materialized,6,detrend_d1,7,1.0961712477249167e-05,0.6288701079037788
Beer_OriginalExtract_60_KS,Ridge,materialized,6,detrend_d1,8,1.9265326145368768e-05,0.6288975168086426
Beer_OriginalExtract_60_KS,Ridge,materialized,6,detrend_d1,9,3.385901539177837e-05,0.6289456876971581
Beer_OriginalExtract_60_KS,Ridge,materialized,6,detrend_d1,10,5.950757929817246e-05,0.6290303468343769
Beer_OriginalExtract_60_KS,Ridge,materialized,6,detrend_d1,11,0.0001045852028759271,0.6291791308655807
Beer_OriginalExtract_60_KS,Ridge,materialized,6,detrend_d1,12,0.00018380960525703574,0.629440603915284
Beer_OriginalExtract_60_KS,Ridge,materialized,6,detrend_d1,13,0.00032304733418960576,0.6299000942364177
Beer_OriginalExtract_60_KS,Ridge,materialized,6,detrend_d1,14,0.0005677591221692486,0.6307074921815712
Beer_OriginalExtract_60_KS,Ridge,materialized,6,detrend_d1,15,0.0009978426895706847,0.6321259909541457
Beer_OriginalExtract_60_KS,Ridge,materialized,6,detrend_d1,16,0.0017537191288541595,0.6346173638684759
Beer_OriginalExtract_60_KS,Ridge,materialized,6,detrend_d1,17,0.0030821800019722773,0.6389904906061341
Beer_OriginalExtract_60_KS,Ridge,materialized,6,detrend_d1,18,0.005416964101181233,0.6466574563840716
Beer_OriginalExtract_60_KS,Ridge,materialized,6,detrend_d1,19,0.00952037196228301,0.6600650313014593
Beer_OriginalExtract_60_KS,Ridge,materialized,6,detrend_d1,20,0.016732154876282067,0.6833831721735393
Beer_OriginalExtract_60_KS,Ridge,materialized,6,detrend_d1,21,0.029406939971781607,0.7234694026912285
Beer_OriginalExtract_60_KS,Ridge,materialized,6,detrend_d1,22,0.05168300944487328,0.7908136040883527
Beer_OriginalExtract_60_KS,Ridge,materialized,6,detrend_d1,23,0.09083343822383541,0.8993918881406359
Beer_OriginalExtract_60_KS,Ridge,materialized,6,detrend_d1,24,0.15964073277048185,1.0634127594815328
Beer_OriginalExtract_60_KS,Ridge,materialized,6,detrend_d1,25,0.2805702840037266,1.2893231173049773
Beer_OriginalExtract_60_KS,Ridge,materialized,6,detrend_d1,26,0.4931052551550763,1.5653321564488922
Beer_OriginalExtract_60_KS,Ridge,materialized,6,detrend_d1,27,0.8666377251067803,1.8578704941790556
Beer_OriginalExtract_60_KS,Ridge,materialized,6,detrend_d1,28,1.5231250097751505,2.1246402742033568
Beer_OriginalExtract_60_KS,Ridge,materialized,6,detrend_d1,29,2.6769083876618875,2.3362974594107557
Beer_OriginalExtract_60_KS,Ridge,materialized,6,detrend_d1,30,4.70469493307868,2.486291977645922
Beer_OriginalExtract_60_KS,Ridge,materialized,6,detrend_d1,31,8.268551331586274,2.5842328360185647
Beer_OriginalExtract_60_KS,Ridge,materialized,6,detrend_d1,32,14.53206681742012,2.6447957715604695
Beer_OriginalExtract_60_KS,Ridge,materialized,6,detrend_d1,33,25.540261832715586,2.680989714115045
Beer_OriginalExtract_60_KS,Ridge,materialized,6,detrend_d1,34,44.88728153257109,2.7021799484940336
Beer_OriginalExtract_60_KS,Ridge,materialized,6,detrend_d1,35,78.88987421434186,2.7144368407881765
Beer_OriginalExtract_60_KS,Ridge,materialized,6,detrend_d1,36,138.64979212516369,2.7214768895023904
Beer_OriginalExtract_60_KS,Ridge,materialized,6,detrend_d1,37,243.6784827938841,2.7255042109133947
Beer_OriginalExtract_60_KS,Ridge,materialized,6,detrend_d1,38,428.2675225587463,2.7278027509830833
Beer_OriginalExtract_60_KS,Ridge,materialized,6,detrend_d1,39,752.6847211772348,2.7291128798607023
Beer_OriginalExtract_60_KS,Ridge,materialized,6,detrend_d1,40,1322.8513946348603,2.7298590687227158
Beer_OriginalExtract_60_KS,Ridge,materialized,6,detrend_d1,41,2324.9253811747426,2.7302838810508194
Beer_OriginalExtract_60_KS,Ridge,materialized,6,detrend_d1,42,4086.0810594091813,2.730525671606396
Beer_OriginalExtract_60_KS,Ridge,materialized,6,detrend_d1,43,7181.33087592958,2.7306632724657476
Beer_OriginalExtract_60_KS,Ridge,materialized,6,detrend_d1,44,12621.26531504399,2.7307415736949716
Beer_OriginalExtract_60_KS,Ridge,materialized,6,detrend_d1,45,22182.00789030104,2.730786128695169
Beer_OriginalExtract_60_KS,Ridge,materialized,6,detrend_d1,46,38985.11454781701,2.730811480751289
Beer_OriginalExtract_60_KS,Ridge,materialized,6,detrend_d1,47,68516.75302896941,2.730825906009336
Beer_OriginalExtract_60_KS,Ridge,materialized,6,detrend_d1,48,120418.9214289653,2.730834113877833
Beer_OriginalExtract_60_KS,Ridge,materialized,6,detrend_d1,49,211637.53384496146,2.7308387840741597
Beer_OriginalExtract_60_KS,Ridge,materialized,7,detrend_d2,0,2.1163753384496148e-07,0.6327838004569004
Beer_OriginalExtract_60_KS,Ridge,materialized,7,detrend_d2,1,3.719552143505856e-07,0.63278436064185
Beer_OriginalExtract_60_KS,Ridge,materialized,7,detrend_d2,2,6.537152411912949e-07,0.6327853451724469
Beer_OriginalExtract_60_KS,Ridge,materialized,7,detrend_d2,3,1.1489114820232145e-06,0.6327870754941836
Beer_OriginalExtract_60_KS,Ridge,materialized,7,detrend_d2,4,2.0192241366734657e-06,0.6327901165491655
Beer_OriginalExtract_60_KS,Ridge,materialized,7,detrend_d2,5,3.5488078741668627e-06,0.6327954612237019
Beer_OriginalExtract_60_KS,Ridge,materialized,7,detrend_d2,6,6.2370675444166e-06,0.6328048545092093
Beer_OriginalExtract_60_KS,Ridge,materialized,7,detrend_d2,7,1.0961712477249167e-05,0.6328213631946772
Beer_OriginalExtract_60_KS,Ridge,materialized,7,detrend_d2,8,1.9265326145368768e-05,0.6328503770337724
Beer_OriginalExtract_60_KS,Ridge,materialized,7,detrend_d2,9,3.385901539177837e-05,0.6329013680795696
Beer_OriginalExtract_60_KS,Ridge,materialized,7,detrend_d2,10,5.950757929817246e-05,0.6329909820315003
Beer_OriginalExtract_60_KS,Ridge,materialized,7,detrend_d2,11,0.0001045852028759271,0.6331484691346675
Beer_OriginalExtract_60_KS,Ridge,materialized,7,detrend_d2,12,0.00018380960525703574,0.6334252222910669
Beer_OriginalExtract_60_KS,Ridge,materialized,7,detrend_d2,13,0.00032304733418960576,0.6339115193667578
Beer_OriginalExtract_60_KS,Ridge,materialized,7,detrend_d2,14,0.0005677591221692486,0.634765882130331
Beer_OriginalExtract_60_KS,Ridge,materialized,7,detrend_d2,15,0.0009978426895706847,0.636266466741332
Beer_OriginalExtract_60_KS,Ridge,materialized,7,detrend_d2,16,0.0017537191288541595,0.638900715336178
Beer_OriginalExtract_60_KS,Ridge,materialized,7,detrend_d2,17,0.0030821800019722773,0.6435207329421837
Beer_OriginalExtract_60_KS,Ridge,materialized,7,detrend_d2,18,0.005416964101181233,0.6516090256045538
Beer_OriginalExtract_60_KS,Ridge,materialized,7,detrend_d2,19,0.00952037196228301,0.6657204279067359
Beer_OriginalExtract_60_KS,Ridge,materialized,7,detrend_d2,20,0.016732154876282067,0.690173226233003
Beer_OriginalExtract_60_KS,Ridge,materialized,7,detrend_d2,21,0.029406939971781607,0.7319872800474464
Beer_OriginalExtract_60_KS,Ridge,materialized,7,detrend_d2,22,0.05168300944487328,0.8017455503381111
Beer_OriginalExtract_60_KS,Ridge,materialized,7,detrend_d2,23,0.09083343822383541,0.9133112094963478
Beer_OriginalExtract_60_KS,Ridge,materialized,7,detrend_d2,24,0.15964073277048185,1.0804494568143046
Beer_OriginalExtract_60_KS,Ridge,materialized,7,detrend_d2,25,0.2805702840037266,1.3087845062579198
Beer_OriginalExtract_60_KS,Ridge,materialized,7,detrend_d2,26,0.4931052551550763,1.585486009593488
Beer_OriginalExtract_60_KS,Ridge,materialized,7,detrend_d2,27,0.8666377251067803,1.876364591306611
Beer_OriginalExtract_60_KS,Ridge,materialized,7,detrend_d2,28,1.5231250097751505,2.139595712758954
Beer_OriginalExtract_60_KS,Ridge,materialized,7,detrend_d2,29,2.6769083876618875,2.347109865475696
Beer_OriginalExtract_60_KS,Ridge,materialized,7,detrend_d2,30,4.70469493307868,2.4934642766411583
Beer_OriginalExtract_60_KS,Ridge,materialized,7,detrend_d2,31,8.268551331586274,2.588716047249136
Beer_OriginalExtract_60_KS,Ridge,materialized,7,detrend_d2,32,14.53206681742012,2.647493408837885
Beer_OriginalExtract_60_KS,Ridge,materialized,7,detrend_d2,33,25.540261832715586,2.6825756157306997
Beer_OriginalExtract_60_KS,Ridge,materialized,7,detrend_d2,34,44.88728153257109,2.7030995018931008
Beer_OriginalExtract_60_KS,Ridge,materialized,7,detrend_d2,35,78.88987421434186,2.714965754924213
Beer_OriginalExtract_60_KS,Ridge,materialized,7,detrend_d2,36,138.64979212516369,2.7217797052848463
Beer_OriginalExtract_60_KS,Ridge,materialized,7,detrend_d2,37,243.6784827938841,2.7256771193856295
Beer_OriginalExtract_60_KS,Ridge,materialized,7,detrend_d2,38,428.2675225587463,2.7279013320601173
Beer_OriginalExtract_60_KS,Ridge,materialized,7,detrend_d2,39,752.6847211772348,2.729169035589517
Beer_OriginalExtract_60_KS,Ridge,materialized,7,detrend_d2,40,1322.8513946348603,2.7298910414646302
Beer_OriginalExtract_60_KS,Ridge,materialized,7,detrend_d2,41,2324.9253811747426,2.7303020798794293
Beer_OriginalExtract_60_KS,Ridge,materialized,7,detrend_d2,42,4086.0810594091813,2.730536028687804
Beer_OriginalExtract_60_KS,Ridge,materialized,7,detrend_d2,43,7181.33087592958,2.7306691662160687
Beer_OriginalExtract_60_KS,Ridge,materialized,7,detrend_d2,44,12621.26531504399,2.7307449273897597
Beer_OriginalExtract_60_KS,Ridge,materialized,7,detrend_d2,45,22182.00789030104,2.730788036976981
Beer_OriginalExtract_60_KS,Ridge,materialized,7,detrend_d2,46,38985.11454781701,2.7308125665621654
Beer_OriginalExtract_60_KS,Ridge,materialized,7,detrend_d2,47,68516.75302896941,2.730826523828977
Beer_OriginalExtract_60_KS,Ridge,materialized,7,detrend_d2,48,120418.9214289653,2.730834465411457
Beer_OriginalExtract_60_KS,Ridge,materialized,7,detrend_d2,49,211637.53384496146,2.7308389840928995
Beer_OriginalExtract_60_KS,Ridge,materialized,8,fd_d1,0,2.1163753384496148e-07,3.0796332966872213
Beer_OriginalExtract_60_KS,Ridge,materialized,8,fd_d1,1,3.719552143505856e-07,3.0796311344570735
Beer_OriginalExtract_60_KS,Ridge,materialized,8,fd_d1,2,6.537152411912949e-07,3.079627334369258
Beer_OriginalExtract_60_KS,Ridge,materialized,8,fd_d1,3,1.1489114820232145e-06,3.07962065584332
Beer_OriginalExtract_60_KS,Ridge,materialized,8,fd_d1,4,2.0192241366734657e-06,3.0796089187843183
Beer_OriginalExtract_60_KS,Ridge,materialized,8,fd_d1,5,3.5488078741668627e-06,3.0795882923884537
Beer_OriginalExtract_60_KS,Ridge,materialized,8,fd_d1,6,6.2370675444166e-06,3.0795520462508974
Beer_OriginalExtract_60_KS,Ridge,materialized,8,fd_d1,7,1.0961712477249167e-05,3.079488358633333
Beer_OriginalExtract_60_KS,Ridge,materialized,8,fd_d1,8,1.9265326145368768e-05,3.079376474371689
Beer_OriginalExtract_60_KS,Ridge,materialized,8,fd_d1,9,3.385901539177837e-05,3.079179982882362
Beer_OriginalExtract_60_KS,Ridge,materialized,8,fd_d1,10,5.950757929817246e-05,3.0788350981576356
Beer_OriginalExtract_60_KS,Ridge,materialized,8,fd_d1,11,0.0001045852028759271,3.0782303493001706
Beer_OriginalExtract_60_KS,Ridge,materialized,8,fd_d1,12,0.00018380960525703574,3.077171768634349
Beer_OriginalExtract_60_KS,Ridge,materialized,8,fd_d1,13,0.00032304733418960576,3.0753243856033023
Beer_OriginalExtract_60_KS,Ridge,materialized,8,fd_d1,14,0.0005677591221692486,3.0721174090784835
Beer_OriginalExtract_60_KS,Ridge,materialized,8,fd_d1,15,0.0009978426895706847,3.0666009713830986
Beer_OriginalExtract_60_KS,Ridge,materialized,8,fd_d1,16,0.0017537191288541595,3.0572598068620107
Beer_OriginalExtract_60_KS,Ridge,materialized,8,fd_d1,17,0.0030821800019722773,3.041855565088955
Beer_OriginalExtract_60_KS,Ridge,materialized,8,fd_d1,18,0.005416964101181233,3.0175330541241006
Beer_OriginalExtract_60_KS,Ridge,materialized,8,fd_d1,19,0.00952037196228301,2.9816651550482205
Beer_OriginalExtract_60_KS,Ridge,materialized,8,fd_d1,20,0.016732154876282067,2.9338576156195
Beer_OriginalExtract_60_KS,Ridge,materialized,8,fd_d1,21,0.029406939971781607,2.8783736979279677
Beer_OriginalExtract_60_KS,Ridge,materialized,8,fd_d1,22,0.05168300944487328,2.8242514425228356
Beer_OriginalExtract_60_KS,Ridge,materialized,8,fd_d1,23,0.09083343822383541,2.781046934220199
Beer_OriginalExtract_60_KS,Ridge,materialized,8,fd_d1,24,0.15964073277048185,2.753221534212988
Beer_OriginalExtract_60_KS,Ridge,materialized,8,fd_d1,25,0.2805702840037266,2.7387889829289493
Beer_OriginalExtract_60_KS,Ridge,materialized,8,fd_d1,26,0.4931052551550763,2.7327477113847287
Beer_OriginalExtract_60_KS,Ridge,materialized,8,fd_d1,27,0.8666377251067803,2.730759414136185
Beer_OriginalExtract_60_KS,Ridge,materialized,8,fd_d1,28,1.5231250097751505,2.7303371242897247
Beer_OriginalExtract_60_KS,Ridge,materialized,8,fd_d1,29,2.6769083876618875,2.730389229672395
Beer_OriginalExtract_60_KS,Ridge,materialized,8,fd_d1,30,4.70469493307868,2.730527904592621
Beer_OriginalExtract_60_KS,Ridge,materialized,8,fd_d1,31,8.268551331586274,2.7306451190018293
Beer_OriginalExtract_60_KS,Ridge,materialized,8,fd_d1,32,14.53206681742012,2.7307248140960008
Beer_OriginalExtract_60_KS,Ridge,materialized,8,fd_d1,33,25.540261832715586,2.7307744840690176
Beer_OriginalExtract_60_KS,Ridge,materialized,8,fd_d1,34,44.88728153257109,2.730804167452337
Beer_OriginalExtract_60_KS,Ridge,materialized,8,fd_d1,35,78.88987421434186,2.73082152128434
Beer_OriginalExtract_60_KS,Ridge,materialized,8,fd_d1,36,138.64979212516369,2.7308315464811055
Beer_OriginalExtract_60_KS,Ridge,materialized,8,fd_d1,37,243.6784827938841,2.7308372997413484
Beer_OriginalExtract_60_KS,Ridge,materialized,8,fd_d1,38,428.2675225587463,2.730840589177391
Beer_OriginalExtract_60_KS,Ridge,materialized,8,fd_d1,39,752.6847211772348,2.7308424659773616
Beer_OriginalExtract_60_KS,Ridge,materialized,8,fd_d1,40,1322.8513946348603,2.730843535521168
Beer_OriginalExtract_60_KS,Ridge,materialized,8,fd_d1,41,2324.9253811747426,2.7308441446180067
Beer_OriginalExtract_60_KS,Ridge,materialized,8,fd_d1,42,4086.0810594091813,2.730844491361041
Beer_OriginalExtract_60_KS,Ridge,materialized,8,fd_d1,43,7181.33087592958,2.7308446887098725
Beer_OriginalExtract_60_KS,Ridge,materialized,8,fd_d1,44,12621.26531504399,2.7308448010170685
Beer_OriginalExtract_60_KS,Ridge,materialized,8,fd_d1,45,22182.00789030104,2.7308448649243005
Beer_OriginalExtract_60_KS,Ridge,materialized,8,fd_d1,46,38985.11454781701,2.7308449012885836
Beer_OriginalExtract_60_KS,Ridge,materialized,8,fd_d1,47,68516.75302896941,2.7308449219799966
Beer_OriginalExtract_60_KS,Ridge,materialized,8,fd_d1,48,120418.9214289653,2.7308449337533345
Beer_OriginalExtract_60_KS,Ridge,materialized,8,fd_d1,49,211637.53384496146,2.7308449404522714
Corn_Oil_80_ZhengChenPelegYbaseSplit,PLS,folded,0,identity,0,1,0.17858379311973205
Corn_Oil_80_ZhengChenPelegYbaseSplit,PLS,folded,0,identity,1,2,0.1692106007920205
Corn_Oil_80_ZhengChenPelegYbaseSplit,PLS,folded,0,identity,2,3,0.13929231567009298
Corn_Oil_80_ZhengChenPelegYbaseSplit,PLS,folded,0,identity,3,4,0.11679932554081048
Corn_Oil_80_ZhengChenPelegYbaseSplit,PLS,folded,0,identity,4,5,0.10371886155885404
Corn_Oil_80_ZhengChenPelegYbaseSplit,PLS,folded,0,identity,5,6,0.08286326188232915
Corn_Oil_80_ZhengChenPelegYbaseSplit,PLS,folded,0,identity,6,7,0.0732973932898764
Corn_Oil_80_ZhengChenPelegYbaseSplit,PLS,folded,0,identity,7,8,0.06858628462648195
Corn_Oil_80_ZhengChenPelegYbaseSplit,PLS,folded,0,identity,8,9,0.06236378147566418
Corn_Oil_80_ZhengChenPelegYbaseSplit,PLS,folded,0,identity,9,10,0.06014106841734714
Corn_Oil_80_ZhengChenPelegYbaseSplit,PLS,folded,0,identity,10,11,0.0547751146853791
Corn_Oil_80_ZhengChenPelegYbaseSplit,PLS,folded,0,identity,11,12,0.04830345808078454
Corn_Oil_80_ZhengChenPelegYbaseSplit,PLS,folded,0,identity,12,13,0.05250807687726076
Corn_Oil_80_ZhengChenPelegYbaseSplit,PLS,folded,0,identity,13,14,0.048954005603165276
Corn_Oil_80_ZhengChenPelegYbaseSplit,PLS,folded,0,identity,14,15,0.04637694551631572
Corn_Oil_80_ZhengChenPelegYbaseSplit,PLS,folded,1,sg_smooth_w11_p2,0,1,0.17858750406431442
Corn_Oil_80_ZhengChenPelegYbaseSplit,PLS,folded,1,sg_smooth_w11_p2,1,2,0.1691702500852556
Corn_Oil_80_ZhengChenPelegYbaseSplit,PLS,folded,1,sg_smooth_w11_p2,2,3,0.13919366896438018
Corn_Oil_80_ZhengChenPelegYbaseSplit,PLS,folded,1,sg_smooth_w11_p2,3,4,0.11693241025018664
Corn_Oil_80_ZhengChenPelegYbaseSplit,PLS,folded,1,sg_smooth_w11_p2,4,5,0.10385885173343294
Corn_Oil_80_ZhengChenPelegYbaseSplit,PLS,folded,1,sg_smooth_w11_p2,5,6,0.08306003453360389
Corn_Oil_80_ZhengChenPelegYbaseSplit,PLS,folded,1,sg_smooth_w11_p2,6,7,0.07333507555442653
Corn_Oil_80_ZhengChenPelegYbaseSplit,PLS,folded,1,sg_smooth_w11_p2,7,8,0.06839367636618907
Corn_Oil_80_ZhengChenPelegYbaseSplit,PLS,folded,1,sg_smooth_w11_p2,8,9,0.0634451337642052
Corn_Oil_80_ZhengChenPelegYbaseSplit,PLS,folded,1,sg_smooth_w11_p2,9,10,0.05962453387037768
Corn_Oil_80_ZhengChenPelegYbaseSplit,PLS,folded,1,sg_smooth_w11_p2,10,11,0.05482193242635913
Corn_Oil_80_ZhengChenPelegYbaseSplit,PLS,folded,1,sg_smooth_w11_p2,11,12,0.048361028393210145
Corn_Oil_80_ZhengChenPelegYbaseSplit,PLS,folded,1,sg_smooth_w11_p2,12,13,0.05271284862600918
Corn_Oil_80_ZhengChenPelegYbaseSplit,PLS,folded,1,sg_smooth_w11_p2,13,14,0.049111740653790995
Corn_Oil_80_ZhengChenPelegYbaseSplit,PLS,folded,1,sg_smooth_w11_p2,14,15,0.046792669931488215
Corn_Oil_80_ZhengChenPelegYbaseSplit,PLS,folded,2,sg_smooth_w21_p3,0,1,0.17859189590812247
Corn_Oil_80_ZhengChenPelegYbaseSplit,PLS,folded,2,sg_smooth_w21_p3,1,2,0.16916844675102066
Corn_Oil_80_ZhengChenPelegYbaseSplit,PLS,folded,2,sg_smooth_w21_p3,2,3,0.13929291444706457
Corn_Oil_80_ZhengChenPelegYbaseSplit,PLS,folded,2,sg_smooth_w21_p3,3,4,0.11734918078798613
Corn_Oil_80_ZhengChenPelegYbaseSplit,PLS,folded,2,sg_smooth_w21_p3,4,5,0.10424023720287226
Corn_Oil_80_ZhengChenPelegYbaseSplit,PLS,folded,2,sg_smooth_w21_p3,5,6,0.08349089812075701
Corn_Oil_80_ZhengChenPelegYbaseSplit,PLS,folded,2,sg_smooth_w21_p3,6,7,0.07361189106329544
Corn_Oil_80_ZhengChenPelegYbaseSplit,PLS,folded,2,sg_smooth_w21_p3,7,8,0.06846284885525979
Corn_Oil_80_ZhengChenPelegYbaseSplit,PLS,folded,2,sg_smooth_w21_p3,8,9,0.0643620737884139
Corn_Oil_80_ZhengChenPelegYbaseSplit,PLS,folded,2,sg_smooth_w21_p3,9,10,0.06018834718249101
Corn_Oil_80_ZhengChenPelegYbaseSplit,PLS,folded,2,sg_smooth_w21_p3,10,11,0.05566731269048823
Corn_Oil_80_ZhengChenPelegYbaseSplit,PLS,folded,2,sg_smooth_w21_p3,11,12,0.04916888708352283
Corn_Oil_80_ZhengChenPelegYbaseSplit,PLS,folded,2,sg_smooth_w21_p3,12,13,0.05412134939153505
Corn_Oil_80_ZhengChenPelegYbaseSplit,PLS,folded,2,sg_smooth_w21_p3,13,14,0.05127413161510719
Corn_Oil_80_ZhengChenPelegYbaseSplit,PLS,folded,2,sg_smooth_w21_p3,14,15,0.047559586644854025
Corn_Oil_80_ZhengChenPelegYbaseSplit,PLS,folded,3,sg_d1_w11_p2,0,1,0.17541979883817166
Corn_Oil_80_ZhengChenPelegYbaseSplit,PLS,folded,3,sg_d1_w11_p2,1,2,0.13934402354895553
Corn_Oil_80_ZhengChenPelegYbaseSplit,PLS,folded,3,sg_d1_w11_p2,2,3,0.10157610833008963
Corn_Oil_80_ZhengChenPelegYbaseSplit,PLS,folded,3,sg_d1_w11_p2,3,4,0.08980532652269349
Corn_Oil_80_ZhengChenPelegYbaseSplit,PLS,folded,3,sg_d1_w11_p2,4,5,0.07430323907216449
Corn_Oil_80_ZhengChenPelegYbaseSplit,PLS,folded,3,sg_d1_w11_p2,5,6,0.06702333139871006
Corn_Oil_80_ZhengChenPelegYbaseSplit,PLS,folded,3,sg_d1_w11_p2,6,7,0.05758211598190033
Corn_Oil_80_ZhengChenPelegYbaseSplit,PLS,folded,3,sg_d1_w11_p2,7,8,0.04476113314035736
Corn_Oil_80_ZhengChenPelegYbaseSplit,PLS,folded,3,sg_d1_w11_p2,8,9,0.03826586380308904
Corn_Oil_80_ZhengChenPelegYbaseSplit,PLS,folded,3,sg_d1_w11_p2,9,10,0.0374736250067999
Corn_Oil_80_ZhengChenPelegYbaseSplit,PLS,folded,3,sg_d1_w11_p2,10,11,0.030678890348062003
Corn_Oil_80_ZhengChenPelegYbaseSplit,PLS,folded,3,sg_d1_w11_p2,11,12,0.030087430930186447
Corn_Oil_80_ZhengChenPelegYbaseSplit,PLS,folded,3,sg_d1_w11_p2,12,13,0.026367208602086474
Corn_Oil_80_ZhengChenPelegYbaseSplit,PLS,folded,3,sg_d1_w11_p2,13,14,0.02542832905029525
Corn_Oil_80_ZhengChenPelegYbaseSplit,PLS,folded,3,sg_d1_w11_p2,14,15,0.024293663674362594
Corn_Oil_80_ZhengChenPelegYbaseSplit,PLS,folded,4,sg_d1_w21_p3,0,1,0.17539488183953997
Corn_Oil_80_ZhengChenPelegYbaseSplit,PLS,folded,4,sg_d1_w21_p3,1,2,0.13752906732409342
Corn_Oil_80_ZhengChenPelegYbaseSplit,PLS,folded,4,sg_d1_w21_p3,2,3,0.10061840065333634
Corn_Oil_80_ZhengChenPelegYbaseSplit,PLS,folded,4,sg_d1_w21_p3,3,4,0.08919526173149347
Corn_Oil_80_ZhengChenPelegYbaseSplit,PLS,folded,4,sg_d1_w21_p3,4,5,0.07394855001718884
Corn_Oil_80_ZhengChenPelegYbaseSplit,PLS,folded,4,sg_d1_w21_p3,5,6,0.06598831691792117
Corn_Oil_80_ZhengChenPelegYbaseSplit,PLS,folded,4,sg_d1_w21_p3,6,7,0.056795779373315626
Corn_Oil_80_ZhengChenPelegYbaseSplit,PLS,folded,4,sg_d1_w21_p3,7,8,0.04302508980737341
Corn_Oil_80_ZhengChenPelegYbaseSplit,PLS,folded,4,sg_d1_w21_p3,8,9,0.03713212407309172
Corn_Oil_80_ZhengChenPelegYbaseSplit,PLS,folded,4,sg_d1_w21_p3,9,10,0.03636356386309843
Corn_Oil_80_ZhengChenPelegYbaseSplit,PLS,folded,4,sg_d1_w21_p3,10,11,0.02964444401856329
Corn_Oil_80_ZhengChenPelegYbaseSplit,PLS,folded,4,sg_d1_w21_p3,11,12,0.028741724778197603
Corn_Oil_80_ZhengChenPelegYbaseSplit,PLS,folded,4,sg_d1_w21_p3,12,13,0.025234945441581447
Corn_Oil_80_ZhengChenPelegYbaseSplit,PLS,folded,4,sg_d1_w21_p3,13,14,0.02446672282375004
Corn_Oil_80_ZhengChenPelegYbaseSplit,PLS,folded,4,sg_d1_w21_p3,14,15,0.02409436886605646
Corn_Oil_80_ZhengChenPelegYbaseSplit,PLS,folded,5,sg_d2_w11_p2,0,1,0.17655722599745055
Corn_Oil_80_ZhengChenPelegYbaseSplit,PLS,folded,5,sg_d2_w11_p2,1,2,0.13425010279147662
Corn_Oil_80_ZhengChenPelegYbaseSplit,PLS,folded,5,sg_d2_w11_p2,2,3,0.09217744034228278
Corn_Oil_80_ZhengChenPelegYbaseSplit,PLS,folded,5,sg_d2_w11_p2,3,4,0.07929911617996635
Corn_Oil_80_ZhengChenPelegYbaseSplit,PLS,folded,5,sg_d2_w11_p2,4,5,0.06780133182384496
Corn_Oil_80_ZhengChenPelegYbaseSplit,PLS,folded,5,sg_d2_w11_p2,5,6,0.051896560808300476
Corn_Oil_80_ZhengChenPelegYbaseSplit,PLS,folded,5,sg_d2_w11_p2,6,7,0.045108566022672124
Corn_Oil_80_ZhengChenPelegYbaseSplit,PLS,folded,5,sg_d2_w11_p2,7,8,0.03831144846194229
Corn_Oil_80_ZhengChenPelegYbaseSplit,PLS,folded,5,sg_d2_w11_p2,8,9,0.036411006792952935
Corn_Oil_80_ZhengChenPelegYbaseSplit,PLS,folded,5,sg_d2_w11_p2,9,10,0.0341072872703688
Corn_Oil_80_ZhengChenPelegYbaseSplit,PLS,folded,5,sg_d2_w11_p2,10,11,0.03381761822764171
Corn_Oil_80_ZhengChenPelegYbaseSplit,PLS,folded,5,sg_d2_w11_p2,11,12,0.03143062927872939
Corn_Oil_80_ZhengChenPelegYbaseSplit,PLS,folded,5,sg_d2_w11_p2,12,13,0.03063200493451616
Corn_Oil_80_ZhengChenPelegYbaseSplit,PLS,folded,5,sg_d2_w11_p2,13,14,0.030011819024380788
Corn_Oil_80_ZhengChenPelegYbaseSplit,PLS,folded,5,sg_d2_w11_p2,14,15,0.029025141804628018
Corn_Oil_80_ZhengChenPelegYbaseSplit,PLS,folded,6,detrend_d1,0,1,0.1725632480259048
Corn_Oil_80_ZhengChenPelegYbaseSplit,PLS,folded,6,detrend_d1,1,2,0.15427202333989962
Corn_Oil_80_ZhengChenPelegYbaseSplit,PLS,folded,6,detrend_d1,2,3,0.11093273345128027
Corn_Oil_80_ZhengChenPelegYbaseSplit,PLS,folded,6,detrend_d1,3,4,0.10408938498096058
Corn_Oil_80_ZhengChenPelegYbaseSplit,PLS,folded,6,detrend_d1,4,5,0.09468509326537147
Corn_Oil_80_ZhengChenPelegYbaseSplit,PLS,folded,6,detrend_d1,5,6,0.08275024777735715
Corn_Oil_80_ZhengChenPelegYbaseSplit,PLS,folded,6,detrend_d1,6,7,0.08240726029348176
Corn_Oil_80_ZhengChenPelegYbaseSplit,PLS,folded,6,detrend_d1,7,8,0.0715357375091597
Corn_Oil_80_ZhengChenPelegYbaseSplit,PLS,folded,6,detrend_d1,8,9,0.06597745767466959
Corn_Oil_80_ZhengChenPelegYbaseSplit,PLS,folded,6,detrend_d1,9,10,0.05802797504085362
Corn_Oil_80_ZhengChenPelegYbaseSplit,PLS,folded,6,detrend_d1,10,11,0.060565304159705215
Corn_Oil_80_ZhengChenPelegYbaseSplit,PLS,folded,6,detrend_d1,11,12,0.054069844370174716
Corn_Oil_80_ZhengChenPelegYbaseSplit,PLS,folded,6,detrend_d1,12,13,0.049759243773960314
Corn_Oil_80_ZhengChenPelegYbaseSplit,PLS,folded,6,detrend_d1,13,14,0.04612212008750084
Corn_Oil_80_ZhengChenPelegYbaseSplit,PLS,folded,6,detrend_d1,14,15,0.04287231540440062
Corn_Oil_80_ZhengChenPelegYbaseSplit,PLS,folded,7,detrend_d2,0,1,0.1741223195466501
Corn_Oil_80_ZhengChenPelegYbaseSplit,PLS,folded,7,detrend_d2,1,2,0.14586869525978632
Corn_Oil_80_ZhengChenPelegYbaseSplit,PLS,folded,7,detrend_d2,2,3,0.09824210538533389
Corn_Oil_80_ZhengChenPelegYbaseSplit,PLS,folded,7,detrend_d2,3,4,0.09862690569566177
Corn_Oil_80_ZhengChenPelegYbaseSplit,PLS,folded,7,detrend_d2,4,5,0.08887449225080055
Corn_Oil_80_ZhengChenPelegYbaseSplit,PLS,folded,7,detrend_d2,5,6,0.08591450435956619
Corn_Oil_80_ZhengChenPelegYbaseSplit,PLS,folded,7,detrend_d2,6,7,0.07783661755572573
Corn_Oil_80_ZhengChenPelegYbaseSplit,PLS,folded,7,detrend_d2,7,8,0.06925919808649125
Corn_Oil_80_ZhengChenPelegYbaseSplit,PLS,folded,7,detrend_d2,8,9,0.06326159986319403
Corn_Oil_80_ZhengChenPelegYbaseSplit,PLS,folded,7,detrend_d2,9,10,0.05985193091582589
Corn_Oil_80_ZhengChenPelegYbaseSplit,PLS,folded,7,detrend_d2,10,11,0.056551216717043405
Corn_Oil_80_ZhengChenPelegYbaseSplit,PLS,folded,7,detrend_d2,11,12,0.04864999953367284
Corn_Oil_80_ZhengChenPelegYbaseSplit,PLS,folded,7,detrend_d2,12,13,0.04760218739433476
Corn_Oil_80_ZhengChenPelegYbaseSplit,PLS,folded,7,detrend_d2,13,14,0.043424945646940334
Corn_Oil_80_ZhengChenPelegYbaseSplit,PLS,folded,7,detrend_d2,14,15,0.03714141163095025
Corn_Oil_80_ZhengChenPelegYbaseSplit,PLS,folded,8,fd_d1,0,1,0.176523186978834
Corn_Oil_80_ZhengChenPelegYbaseSplit,PLS,folded,8,fd_d1,1,2,0.14656719763836448
Corn_Oil_80_ZhengChenPelegYbaseSplit,PLS,folded,8,fd_d1,2,3,0.10722331763501966
Corn_Oil_80_ZhengChenPelegYbaseSplit,PLS,folded,8,fd_d1,3,4,0.09225863570101912
Corn_Oil_80_ZhengChenPelegYbaseSplit,PLS,folded,8,fd_d1,4,5,0.07542977962572298
Corn_Oil_80_ZhengChenPelegYbaseSplit,PLS,folded,8,fd_d1,5,6,0.06540209523969608
Corn_Oil_80_ZhengChenPelegYbaseSplit,PLS,folded,8,fd_d1,6,7,0.05854890328719078
Corn_Oil_80_ZhengChenPelegYbaseSplit,PLS,folded,8,fd_d1,7,8,0.04949023904978833
Corn_Oil_80_ZhengChenPelegYbaseSplit,PLS,folded,8,fd_d1,8,9,0.04541235355038116
Corn_Oil_80_ZhengChenPelegYbaseSplit,PLS,folded,8,fd_d1,9,10,0.04429161099722467
Corn_Oil_80_ZhengChenPelegYbaseSplit,PLS,folded,8,fd_d1,10,11,0.041854557601455816
Corn_Oil_80_ZhengChenPelegYbaseSplit,PLS,folded,8,fd_d1,11,12,0.04151241943300371
Corn_Oil_80_ZhengChenPelegYbaseSplit,PLS,folded,8,fd_d1,12,13,0.0416160839987004
Corn_Oil_80_ZhengChenPelegYbaseSplit,PLS,folded,8,fd_d1,13,14,0.04083126751775631
Corn_Oil_80_ZhengChenPelegYbaseSplit,PLS,folded,8,fd_d1,14,15,0.04049367691321336
Corn_Oil_80_ZhengChenPelegYbaseSplit,PLS,materialized,0,identity,0,1,0.17858379311973205
Corn_Oil_80_ZhengChenPelegYbaseSplit,PLS,materialized,0,identity,1,2,0.1692106007920205
Corn_Oil_80_ZhengChenPelegYbaseSplit,PLS,materialized,0,identity,2,3,0.13929231567009295
Corn_Oil_80_ZhengChenPelegYbaseSplit,PLS,materialized,0,identity,3,4,0.11679932554081066
Corn_Oil_80_ZhengChenPelegYbaseSplit,PLS,materialized,0,identity,4,5,0.1037188615588542
Corn_Oil_80_ZhengChenPelegYbaseSplit,PLS,materialized,0,identity,5,6,0.08286326188232926
Corn_Oil_80_ZhengChenPelegYbaseSplit,PLS,materialized,0,identity,6,7,0.07329739328987664
Corn_Oil_80_ZhengChenPelegYbaseSplit,PLS,materialized,0,identity,7,8,0.0685862846264822
Corn_Oil_80_ZhengChenPelegYbaseSplit,PLS,materialized,0,identity,8,9,0.062363781475664536
Corn_Oil_80_ZhengChenPelegYbaseSplit,PLS,materialized,0,identity,9,10,0.060141068417347246
Corn_Oil_80_ZhengChenPelegYbaseSplit,PLS,materialized,0,identity,10,11,0.054775114685379045
Corn_Oil_80_ZhengChenPelegYbaseSplit,PLS,materialized,0,identity,11,12,0.04830345808078461
Corn_Oil_80_ZhengChenPelegYbaseSplit,PLS,materialized,0,identity,12,13,0.05250807687726085
Corn_Oil_80_ZhengChenPelegYbaseSplit,PLS,materialized,0,identity,13,14,0.048954005603165505
Corn_Oil_80_ZhengChenPelegYbaseSplit,PLS,materialized,0,identity,14,15,0.046376945516316125
Corn_Oil_80_ZhengChenPelegYbaseSplit,PLS,materialized,1,sg_smooth_w11_p2,0,1,0.17858750406431442
Corn_Oil_80_ZhengChenPelegYbaseSplit,PLS,materialized,1,sg_smooth_w11_p2,1,2,0.1691702500852556
Corn_Oil_80_ZhengChenPelegYbaseSplit,PLS,materialized,1,sg_smooth_w11_p2,2,3,0.13919366896438007
Corn_Oil_80_ZhengChenPelegYbaseSplit,PLS,materialized,1,sg_smooth_w11_p2,3,4,0.11693241025018639
Corn_Oil_80_ZhengChenPelegYbaseSplit,PLS,materialized,1,sg_smooth_w11_p2,4,5,0.10385885173343279
Corn_Oil_80_ZhengChenPelegYbaseSplit,PLS,materialized,1,sg_smooth_w11_p2,5,6,0.08306003453360397
Corn_Oil_80_ZhengChenPelegYbaseSplit,PLS,materialized,1,sg_smooth_w11_p2,6,7,0.07333507555442659
Corn_Oil_80_ZhengChenPelegYbaseSplit,PLS,materialized,1,sg_smooth_w11_p2,7,8,0.06839367636618929
Corn_Oil_80_ZhengChenPelegYbaseSplit,PLS,materialized,1,sg_smooth_w11_p2,8,9,0.06344513376420532
Corn_Oil_80_ZhengChenPelegYbaseSplit,PLS,materialized,1,sg_smooth_w11_p2,9,10,0.05962453387037765
Corn_Oil_80_ZhengChenPelegYbaseSplit,PLS,materialized,1,sg_smooth_w11_p2,10,11,0.05482193242635948
Corn_Oil_80_ZhengChenPelegYbaseSplit,PLS,materialized,1,sg_smooth_w11_p2,11,12,0.04836102839321014
Corn_Oil_80_ZhengChenPelegYbaseSplit,PLS,materialized,1,sg_smooth_w11_p2,12,13,0.05271284862600811
Corn_Oil_80_ZhengChenPelegYbaseSplit,PLS,materialized,1,sg_smooth_w11_p2,13,14,0.04911174065378993
Corn_Oil_80_ZhengChenPelegYbaseSplit,PLS,materialized,1,sg_smooth_w11_p2,14,15,0.04679266993148633
Corn_Oil_80_ZhengChenPelegYbaseSplit,PLS,materialized,2,sg_smooth_w21_p3,0,1,0.17859189590812247
Corn_Oil_80_ZhengChenPelegYbaseSplit,PLS,materialized,2,sg_smooth_w21_p3,1,2,0.16916844675102055
Corn_Oil_80_ZhengChenPelegYbaseSplit,PLS,materialized,2,sg_smooth_w21_p3,2,3,0.1392929144470646
Corn_Oil_80_ZhengChenPelegYbaseSplit,PLS,materialized,2,sg_smooth_w21_p3,3,4,0.11734918078798615
Corn_Oil_80_ZhengChenPelegYbaseSplit,PLS,materialized,2,sg_smooth_w21_p3,4,5,0.10424023720287245
Corn_Oil_80_ZhengChenPelegYbaseSplit,PLS,materialized,2,sg_smooth_w21_p3,5,6,0.0834908981207573
Corn_Oil_80_ZhengChenPelegYbaseSplit,PLS,materialized,2,sg_smooth_w21_p3,6,7,0.07361189106329587
Corn_Oil_80_ZhengChenPelegYbaseSplit,PLS,materialized,2,sg_smooth_w21_p3,7,8,0.06846284885526026
Corn_Oil_80_ZhengChenPelegYbaseSplit,PLS,materialized,2,sg_smooth_w21_p3,8,9,0.06436207378841452
Corn_Oil_80_ZhengChenPelegYbaseSplit,PLS,materialized,2,sg_smooth_w21_p3,9,10,0.06018834718249202
Corn_Oil_80_ZhengChenPelegYbaseSplit,PLS,materialized,2,sg_smooth_w21_p3,10,11,0.05566731269048923
Corn_Oil_80_ZhengChenPelegYbaseSplit,PLS,materialized,2,sg_smooth_w21_p3,11,12,0.04916888708352355
Corn_Oil_80_ZhengChenPelegYbaseSplit,PLS,materialized,2,sg_smooth_w21_p3,12,13,0.05412134939153547
Corn_Oil_80_ZhengChenPelegYbaseSplit,PLS,materialized,2,sg_smooth_w21_p3,13,14,0.05127413161510791
Corn_Oil_80_ZhengChenPelegYbaseSplit,PLS,materialized,2,sg_smooth_w21_p3,14,15,0.0475595866448551
Corn_Oil_80_ZhengChenPelegYbaseSplit,PLS,materialized,3,sg_d1_w11_p2,0,1,0.17541979883817163
Corn_Oil_80_ZhengChenPelegYbaseSplit,PLS,materialized,3,sg_d1_w11_p2,1,2,0.1393440235489554
Corn_Oil_80_ZhengChenPelegYbaseSplit,PLS,materialized,3,sg_d1_w11_p2,2,3,0.10157610833008952
Corn_Oil_80_ZhengChenPelegYbaseSplit,PLS,materialized,3,sg_d1_w11_p2,3,4,0.08980532652269334
Corn_Oil_80_ZhengChenPelegYbaseSplit,PLS,materialized,3,sg_d1_w11_p2,4,5,0.07430323907216449
Corn_Oil_80_ZhengChenPelegYbaseSplit,PLS,materialized,3,sg_d1_w11_p2,5,6,0.06702333139870992
Corn_Oil_80_ZhengChenPelegYbaseSplit,PLS,materialized,3,sg_d1_w11_p2,6,7,0.057582115981900196
Corn_Oil_80_ZhengChenPelegYbaseSplit,PLS,materialized,3,sg_d1_w11_p2,7,8,0.04476113314035683
Corn_Oil_80_ZhengChenPelegYbaseSplit,PLS,materialized,3,sg_d1_w11_p2,8,9,0.038265863803088315
Corn_Oil_80_ZhengChenPelegYbaseSplit,PLS,materialized,3,sg_d1_w11_p2,9,10,0.03747362500679896
Corn_Oil_80_ZhengChenPelegYbaseSplit,PLS,materialized,3,sg_d1_w11_p2,10,11,0.03067889034806113
Corn_Oil_80_ZhengChenPelegYbaseSplit,PLS,materialized,3,sg_d1_w11_p2,11,12,0.030087430930186353
Corn_Oil_80_ZhengChenPelegYbaseSplit,PLS,materialized,3,sg_d1_w11_p2,12,13,0.026367208602086262
Corn_Oil_80_ZhengChenPelegYbaseSplit,PLS,materialized,3,sg_d1_w11_p2,13,14,0.025428329050296024
Corn_Oil_80_ZhengChenPelegYbaseSplit,PLS,materialized,3,sg_d1_w11_p2,14,15,0.024293663674365445
Corn_Oil_80_ZhengChenPelegYbaseSplit,PLS,materialized,4,sg_d1_w21_p3,0,1,0.17539488183953997
Corn_Oil_80_ZhengChenPelegYbaseSplit,PLS,materialized,4,sg_d1_w21_p3,1,2,0.1375290673240935
Corn_Oil_80_ZhengChenPelegYbaseSplit,PLS,materialized,4,sg_d1_w21_p3,2,3,0.10061840065333635
Corn_Oil_80_ZhengChenPelegYbaseSplit,PLS,materialized,4,sg_d1_w21_p3,3,4,0.0891952617314935
Corn_Oil_80_ZhengChenPelegYbaseSplit,PLS,materialized,4,sg_d1_w21_p3,4,5,0.07394855001718881
Corn_Oil_80_ZhengChenPelegYbaseSplit,PLS,materialized,4,sg_d1_w21_p3,5,6,0.06598831691792136
Corn_Oil_80_ZhengChenPelegYbaseSplit,PLS,materialized,4,sg_d1_w21_p3,6,7,0.05679577937331598
Corn_Oil_80_ZhengChenPelegYbaseSplit,PLS,materialized,4,sg_d1_w21_p3,7,8,0.04302508980737383
Corn_Oil_80_ZhengChenPelegYbaseSplit,PLS,materialized,4,sg_d1_w21_p3,8,9,0.037132124073092125
Corn_Oil_80_ZhengChenPelegYbaseSplit,PLS,materialized,4,sg_d1_w21_p3,9,10,0.03636356386309843
Corn_Oil_80_ZhengChenPelegYbaseSplit,PLS,materialized,4,sg_d1_w21_p3,10,11,0.02964444401856271
Corn_Oil_80_ZhengChenPelegYbaseSplit,PLS,materialized,4,sg_d1_w21_p3,11,12,0.02874172477819572
Corn_Oil_80_ZhengChenPelegYbaseSplit,PLS,materialized,4,sg_d1_w21_p3,12,13,0.025234945441578623
Corn_Oil_80_ZhengChenPelegYbaseSplit,PLS,materialized,4,sg_d1_w21_p3,13,14,0.024466722823746557
Corn_Oil_80_ZhengChenPelegYbaseSplit,PLS,materialized,4,sg_d1_w21_p3,14,15,0.02409436886605196
Corn_Oil_80_ZhengChenPelegYbaseSplit,PLS,materialized,5,sg_d2_w11_p2,0,1,0.17655722599745058
Corn_Oil_80_ZhengChenPelegYbaseSplit,PLS,materialized,5,sg_d2_w11_p2,1,2,0.1342501027914764
Corn_Oil_80_ZhengChenPelegYbaseSplit,PLS,materialized,5,sg_d2_w11_p2,2,3,0.09217744034228259
Corn_Oil_80_ZhengChenPelegYbaseSplit,PLS,materialized,5,sg_d2_w11_p2,3,4,0.0792991161799668
Corn_Oil_80_ZhengChenPelegYbaseSplit,PLS,materialized,5,sg_d2_w11_p2,4,5,0.06780133182384541
Corn_Oil_80_ZhengChenPelegYbaseSplit,PLS,materialized,5,sg_d2_w11_p2,5,6,0.05189656080830087
Corn_Oil_80_ZhengChenPelegYbaseSplit,PLS,materialized,5,sg_d2_w11_p2,6,7,0.04510856602267253
Corn_Oil_80_ZhengChenPelegYbaseSplit,PLS,materialized,5,sg_d2_w11_p2,7,8,0.03831144846194208
Corn_Oil_80_ZhengChenPelegYbaseSplit,PLS,materialized,5,sg_d2_w11_p2,8,9,0.03641100679295229
Corn_Oil_80_ZhengChenPelegYbaseSplit,PLS,materialized,5,sg_d2_w11_p2,9,10,0.03410728727036778
Corn_Oil_80_ZhengChenPelegYbaseSplit,PLS,materialized,5,sg_d2_w11_p2,10,11,0.033817618227639526
Corn_Oil_80_ZhengChenPelegYbaseSplit,PLS,materialized,5,sg_d2_w11_p2,11,12,0.031430629278726654
Corn_Oil_80_ZhengChenPelegYbaseSplit,PLS,materialized,5,sg_d2_w11_p2,12,13,0.030632004934512725
Corn_Oil_80_ZhengChenPelegYbaseSplit,PLS,materialized,5,sg_d2_w11_p2,13,14,0.030011819024375913
Corn_Oil_80_ZhengChenPelegYbaseSplit,PLS,materialized,5,sg_d2_w11_p2,14,15,0.029025141804622585
Corn_Oil_80_ZhengChenPelegYbaseSplit,PLS,materialized,6,detrend_d1,0,1,0.1725632480259048
Corn_Oil_80_ZhengChenPelegYbaseSplit,PLS,materialized,6,detrend_d1,1,2,0.15427202333989962
Corn_Oil_80_ZhengChenPelegYbaseSplit,PLS,materialized,6,detrend_d1,2,3,0.11093273345128003
Corn_Oil_80_ZhengChenPelegYbaseSplit,PLS,materialized,6,detrend_d1,3,4,0.1040893849809604
Corn_Oil_80_ZhengChenPelegYbaseSplit,PLS,materialized,6,detrend_d1,4,5,0.09468509326537139
Corn_Oil_80_ZhengChenPelegYbaseSplit,PLS,materialized,6,detrend_d1,5,6,0.0827502477773572
Corn_Oil_80_ZhengChenPelegYbaseSplit,PLS,materialized,6,detrend_d1,6,7,0.0824072602934819
Corn_Oil_80_ZhengChenPelegYbaseSplit,PLS,materialized,6,detrend_d1,7,8,0.0715357375091598
Corn_Oil_80_ZhengChenPelegYbaseSplit,PLS,materialized,6,detrend_d1,8,9,0.06597745767466982
Corn_Oil_80_ZhengChenPelegYbaseSplit,PLS,materialized,6,detrend_d1,9,10,0.05802797504085393
Corn_Oil_80_ZhengChenPelegYbaseSplit,PLS,materialized,6,detrend_d1,10,11,0.0605653041597052
Corn_Oil_80_ZhengChenPelegYbaseSplit,PLS,materialized,6,detrend_d1,11,12,0.05406984437017533
Corn_Oil_80_ZhengChenPelegYbaseSplit,PLS,materialized,6,detrend_d1,12,13,0.04975924377396103
Corn_Oil_80_ZhengChenPelegYbaseSplit,PLS,materialized,6,detrend_d1,13,14,0.04612212008750229
Corn_Oil_80_ZhengChenPelegYbaseSplit,PLS,materialized,6,detrend_d1,14,15,0.04287231540440093
Corn_Oil_80_ZhengChenPelegYbaseSplit,PLS,materialized,7,detrend_d2,0,1,0.17412231954665008
Corn_Oil_80_ZhengChenPelegYbaseSplit,PLS,materialized,7,detrend_d2,1,2,0.14586869525978613
Corn_Oil_80_ZhengChenPelegYbaseSplit,PLS,materialized,7,detrend_d2,2,3,0.09824210538533382
Corn_Oil_80_ZhengChenPelegYbaseSplit,PLS,materialized,7,detrend_d2,3,4,0.09862690569566186
Corn_Oil_80_ZhengChenPelegYbaseSplit,PLS,materialized,7,detrend_d2,4,5,0.08887449225080032
Corn_Oil_80_ZhengChenPelegYbaseSplit,PLS,materialized,7,detrend_d2,5,6,0.08591450435956616
Corn_Oil_80_ZhengChenPelegYbaseSplit,PLS,materialized,7,detrend_d2,6,7,0.07783661755572556
Corn_Oil_80_ZhengChenPelegYbaseSplit,PLS,materialized,7,detrend_d2,7,8,0.06925919808649071
Corn_Oil_80_ZhengChenPelegYbaseSplit,PLS,materialized,7,detrend_d2,8,9,0.06326159986319405
Corn_Oil_80_ZhengChenPelegYbaseSplit,PLS,materialized,7,detrend_d2,9,10,0.059851930915825344
Corn_Oil_80_ZhengChenPelegYbaseSplit,PLS,materialized,7,detrend_d2,10,11,0.05655121671704202
Corn_Oil_80_ZhengChenPelegYbaseSplit,PLS,materialized,7,detrend_d2,11,12,0.04864999953367123
Corn_Oil_80_ZhengChenPelegYbaseSplit,PLS,materialized,7,detrend_d2,12,13,0.047602187394332696
Corn_Oil_80_ZhengChenPelegYbaseSplit,PLS,materialized,7,detrend_d2,13,14,0.0434249456469365
Corn_Oil_80_ZhengChenPelegYbaseSplit,PLS,materialized,7,detrend_d2,14,15,0.03714141163094723
Corn_Oil_80_ZhengChenPelegYbaseSplit,PLS,materialized,8,fd_d1,0,1,0.176523186978834
Corn_Oil_80_ZhengChenPelegYbaseSplit,PLS,materialized,8,fd_d1,1,2,0.14656719763836454
Corn_Oil_80_ZhengChenPelegYbaseSplit,PLS,materialized,8,fd_d1,2,3,0.10722331763501977
Corn_Oil_80_ZhengChenPelegYbaseSplit,PLS,materialized,8,fd_d1,3,4,0.09225863570101904
Corn_Oil_80_ZhengChenPelegYbaseSplit,PLS,materialized,8,fd_d1,4,5,0.07542977962572331
Corn_Oil_80_ZhengChenPelegYbaseSplit,PLS,materialized,8,fd_d1,5,6,0.06540209523969764
Corn_Oil_80_ZhengChenPelegYbaseSplit,PLS,materialized,8,fd_d1,6,7,0.05854890328719453
Corn_Oil_80_ZhengChenPelegYbaseSplit,PLS,materialized,8,fd_d1,7,8,0.04949023904979189
Corn_Oil_80_ZhengChenPelegYbaseSplit,PLS,materialized,8,fd_d1,8,9,0.045412353550384865
Corn_Oil_80_ZhengChenPelegYbaseSplit,PLS,materialized,8,fd_d1,9,10,0.044291610997229676
Corn_Oil_80_ZhengChenPelegYbaseSplit,PLS,materialized,8,fd_d1,10,11,0.04185455760146288
Corn_Oil_80_ZhengChenPelegYbaseSplit,PLS,materialized,8,fd_d1,11,12,0.04151241943301378
Corn_Oil_80_ZhengChenPelegYbaseSplit,PLS,materialized,8,fd_d1,12,13,0.04161608399871337
Corn_Oil_80_ZhengChenPelegYbaseSplit,PLS,materialized,8,fd_d1,13,14,0.040831267517772704
Corn_Oil_80_ZhengChenPelegYbaseSplit,PLS,materialized,8,fd_d1,14,15,0.040493676913236555
Corn_Oil_80_ZhengChenPelegYbaseSplit,Ridge,folded,0,identity,0,9.807582958300963e-07,0.03291808014235388
Corn_Oil_80_ZhengChenPelegYbaseSplit,Ridge,folded,0,identity,1,1.7236931253358747e-06,0.035722078696288594
Corn_Oil_80_ZhengChenPelegYbaseSplit,Ridge,folded,0,identity,2,3.029408981766958e-06,0.038862290460217275
Corn_Oil_80_ZhengChenPelegYbaseSplit,Ridge,folded,0,identity,3,5.324218472485968e-06,0.0420405263823244
Corn_Oil_80_ZhengChenPelegYbaseSplit,Ridge,folded,0,identity,4,9.357370534442246e-06,0.04508406321108442
Corn_Oil_80_ZhengChenPelegYbaseSplit,Ridge,folded,0,identity,5,1.644567813498542e-05,0.04814820420281125
Corn_Oil_80_ZhengChenPelegYbaseSplit,Ridge,folded,0,identity,6,2.8903454055178975e-05,0.05162557795712536
Corn_Oil_80_ZhengChenPelegYbaseSplit,Ridge,folded,0,identity,7,5.079812759697939e-05,0.05576100621164011
Corn_Oil_80_ZhengChenPelegYbaseSplit,Ridge,folded,0,identity,8,8.927824897442076e-05,0.06054079245383187
Corn_Oil_80_ZhengChenPelegYbaseSplit,Ridge,folded,0,identity,9,0.0001569074711409757,0.06597753094044895
Corn_Oil_80_ZhengChenPelegYbaseSplit,Ridge,folded,0,identity,10,0.0002757665476493616,0.07230307430258617
Corn_Oil_80_ZhengChenPelegYbaseSplit,Ridge,folded,0,identity,11,0.00048466263747327796,0.07981410259802535
Corn_Oil_80_ZhengChenPelegYbaseSplit,Ridge,folded,0,identity,12,0.000851799734829432,0.08853686330973277
Corn_Oil_80_ZhengChenPelegYbaseSplit,Ridge,folded,0,identity,13,0.0014970470842112218,0.09813375919127619
Corn_Oil_80_ZhengChenPelegYbaseSplit,Ridge,folded,0,identity,14,0.002631076156409108,0.10815549472962874
Corn_Oil_80_ZhengChenPelegYbaseSplit,Ridge,folded,0,identity,15,0.0046241442996911184,0.11823556325403439
Corn_Oil_80_ZhengChenPelegYbaseSplit,Ridge,folded,0,identity,16,0.008126982737568858,0.12805315455769628
Corn_Oil_80_ZhengChenPelegYbaseSplit,Ridge,folded,0,identity,17,0.01428325850928876,0.1373118059467024
Corn_Oil_80_ZhengChenPelegYbaseSplit,Ridge,folded,0,identity,18,0.025102978587622577,0.14578110748883105
Corn_Oil_80_ZhengChenPelegYbaseSplit,Ridge,folded,0,identity,19,0.044118751583249044,0.15323045616335623
Corn_Oil_80_ZhengChenPelegYbaseSplit,Ridge,folded,0,identity,20,0.07753917466288941,0.1593790665847187
Corn_Oil_80_ZhengChenPelegYbaseSplit,Ridge,folded,0,identity,21,0.13627592331249944,0.16410189913509093
Corn_Oil_80_ZhengChenPelegYbaseSplit,Ridge,folded,0,identity,22,0.23950638313361472,0.16763859377979667
Corn_Oil_80_ZhengChenPelegYbaseSplit,Ridge,folded,0,identity,23,0.4209350130778707,0.17043161111883248
Corn_Oil_80_ZhengChenPelegYbaseSplit,Ridge,folded,0,identity,24,0.7397977578577474,0.1727602429240988
Corn_Oil_80_ZhengChenPelegYbaseSplit,Ridge,folded,0,identity,25,1.3002024196787443,0.17463081595605517
Corn_Oil_80_ZhengChenPelegYbaseSplit,Ridge,folded,0,identity,26,2.285119567047304,0.17596642725409511
Corn_Oil_80_ZhengChenPelegYbaseSplit,Ridge,folded,0,identity,27,4.016121918149221,0.17676332736391343
Corn_Oil_80_ZhengChenPelegYbaseSplit,Ridge,folded,0,identity,28,7.058376941859453,0.17709478736792847
Corn_Oil_80_ZhengChenPelegYbaseSplit,Ridge,folded,0,identity,29,12.40517246954807,0.17707604848322622
Corn_Oil_80_ZhengChenPelegYbaseSplit,Ridge,folded,0,identity,30,21.802222418386904,0.1768637663063219
Corn_Oil_80_ZhengChenPelegYbaseSplit,Ridge,folded,0,identity,31,38.31763754576227,0.17665340483713146
Corn_Oil_80_ZhengChenPelegYbaseSplit,Ridge,folded,0,identity,32,67.34365510601211,0.17660697809811662
Corn_Oil_80_ZhengChenPelegYbaseSplit,Ridge,folded,0,identity,33,118.35718936537278,0.17675522432871202
Corn_Oil_80_ZhengChenPelegYbaseSplit,Ridge,folded,0,identity,34,208.0140178375938,0.17700817707212416
Corn_Oil_80_ZhengChenPelegYbaseSplit,Ridge,folded,0,identity,35,365.58684646830477,0.17726029434598847
Corn_Oil_80_ZhengChenPelegYbaseSplit,Ridge,folded,0,identity,36,642.5227669752023,0.17745732951218338
Corn_Oil_80_ZhengChenPelegYbaseSplit,Ridge,folded,0,identity,37,1129.2405896700207,0.17759188630966938
Corn_Oil_80_ZhengChenPelegYbaseSplit,Ridge,folded,0,identity,38,1984.6523343623487,0.17767691353684728
Corn_Oil_80_ZhengChenPelegYbaseSplit,Ridge,folded,0,identity,39,3488.0475642846877,0.1777282892917696
Corn_Oil_80_ZhengChenPelegYbaseSplit,Ridge,folded,0,identity,40,6130.280654229233,0.1777585427230977
Corn_Oil_80_ZhengChenPelegYbaseSplit,Ridge,folded,0,identity,41,10774.033383149646,0.17777609708161607
Corn_Oil_80_ZhengChenPelegYbaseSplit,Ridge,folded,0,identity,42,18935.478143425695,0.17778619741046325
Corn_Oil_80_ZhengChenPelegYbaseSplit,Ridge,folded,0,identity,43,33279.304023776436,0.17779198101688684
Corn_Oil_80_ZhengChenPelegYbaseSplit,Ridge,folded,0,identity,44,58488.73040955984,0.17779528374362477
Corn_Oil_80_ZhengChenPelegYbaseSplit,Ridge,folded,0,identity,45,102794.56512906883,0.17779716682598817
Corn_Oil_80_ZhengChenPelegYbaseSplit,Ridge,folded,0,identity,46,180662.54039166684,0.17779823953140833
Corn_Oil_80_ZhengChenPelegYbaseSplit,Ridge,folded,0,identity,47,317516.33425161196,0.1777988502937122
Corn_Oil_80_ZhengChenPelegYbaseSplit,Ridge,folded,0,identity,48,558038.3310121527,0.17779919794121551
Corn_Oil_80_ZhengChenPelegYbaseSplit,Ridge,folded,0,identity,49,980758.2958300965,0.17779939579071483
Corn_Oil_80_ZhengChenPelegYbaseSplit,Ridge,folded,1,sg_smooth_w11_p2,0,9.807582958300963e-07,0.030941480403088896
Corn_Oil_80_ZhengChenPelegYbaseSplit,Ridge,folded,1,sg_smooth_w11_p2,1,1.7236931253358747e-06,0.03446464199581578
Corn_Oil_80_ZhengChenPelegYbaseSplit,Ridge,folded,1,sg_smooth_w11_p2,2,3.029408981766958e-06,0.038178892558390645
Corn_Oil_80_ZhengChenPelegYbaseSplit,Ridge,folded,1,sg_smooth_w11_p2,3,5.324218472485968e-06,0.04172816625025759
Corn_Oil_80_ZhengChenPelegYbaseSplit,Ridge,folded,1,sg_smooth_w11_p2,4,9.357370534442246e-06,0.04496603857323373
Corn_Oil_80_ZhengChenPelegYbaseSplit,Ridge,folded,1,sg_smooth_w11_p2,5,1.644567813498542e-05,0.04811394601600984
Corn_Oil_80_ZhengChenPelegYbaseSplit,Ridge,folded,1,sg_smooth_w11_p2,6,2.8903454055178975e-05,0.051628578012174874
Corn_Oil_80_ZhengChenPelegYbaseSplit,Ridge,folded,1,sg_smooth_w11_p2,7,5.079812759697939e-05,0.055790705967567536
Corn_Oil_80_ZhengChenPelegYbaseSplit,Ridge,folded,1,sg_smooth_w11_p2,8,8.927824897442076e-05,0.060600233668537964
Corn_Oil_80_ZhengChenPelegYbaseSplit,Ridge,folded,1,sg_smooth_w11_p2,9,0.0001569074711409757,0.06607785977041548
Corn_Oil_80_ZhengChenPelegYbaseSplit,Ridge,folded,1,sg_smooth_w11_p2,10,0.0002757665476493616,0.07245963031917865
Corn_Oil_80_ZhengChenPelegYbaseSplit,Ridge,folded,1,sg_smooth_w11_p2,11,0.00048466263747327796,0.08003330065036116
Corn_Oil_80_ZhengChenPelegYbaseSplit,Ridge,folded,1,sg_smooth_w11_p2,12,0.000851799734829432,0.08880275321655966
Corn_Oil_80_ZhengChenPelegYbaseSplit,Ridge,folded,1,sg_smooth_w11_p2,13,0.0014970470842112218,0.09841344937483204
Corn_Oil_80_ZhengChenPelegYbaseSplit,Ridge,folded,1,sg_smooth_w11_p2,14,0.002631076156409108,0.1084156872287175
Corn_Oil_80_ZhengChenPelegYbaseSplit,Ridge,folded,1,sg_smooth_w11_p2,15,0.0046241442996911184,0.11844881683108506
Corn_Oil_80_ZhengChenPelegYbaseSplit,Ridge,folded,1,sg_smooth_w11_p2,16,0.008126982737568858,0.1282003067923819
Corn_Oil_80_ZhengChenPelegYbaseSplit,Ridge,folded,1,sg_smooth_w11_p2,17,0.01428325850928876,0.13739045651146792
Corn_Oil_80_ZhengChenPelegYbaseSplit,Ridge,folded,1,sg_smooth_w11_p2,18,0.025102978587622577,0.14580791919766267
Corn_Oil_80_ZhengChenPelegYbaseSplit,Ridge,folded,1,sg_smooth_w11_p2,19,0.044118751583249044,0.1532289499407628
Corn_Oil_80_ZhengChenPelegYbaseSplit,Ridge,folded,1,sg_smooth_w11_p2,20,0.07753917466288941,0.15936615946595822
Corn_Oil_80_ZhengChenPelegYbaseSplit,Ridge,folded,1,sg_smooth_w11_p2,21,0.13627592331249944,0.16408641273061142
Corn_Oil_80_ZhengChenPelegYbaseSplit,Ridge,folded,1,sg_smooth_w11_p2,22,0.23950638313361472,0.16762596216248848
Corn_Oil_80_ZhengChenPelegYbaseSplit,Ridge,folded,1,sg_smooth_w11_p2,23,0.4209350130778707,0.17042513056275874
Corn_Oil_80_ZhengChenPelegYbaseSplit,Ridge,folded,1,sg_smooth_w11_p2,24,0.7397977578577474,0.172759849670579
Corn_Oil_80_ZhengChenPelegYbaseSplit,Ridge,folded,1,sg_smooth_w11_p2,25,1.3002024196787443,0.17463405057839537
Corn_Oil_80_ZhengChenPelegYbaseSplit,Ridge,folded,1,sg_smooth_w11_p2,26,2.285119567047304,0.1759708133544416
Corn_Oil_80_ZhengChenPelegYbaseSplit,Ridge,folded,1,sg_smooth_w11_p2,27,4.016121918149221,0.17676745887535913
Corn_Oil_80_ZhengChenPelegYbaseSplit,Ridge,folded,1,sg_smooth_w11_p2,28,7.058376941859453,0.17709814878109922
Corn_Oil_80_ZhengChenPelegYbaseSplit,Ridge,folded,1,sg_smooth_w11_p2,29,12.40517246954807,0.17707864203986884
Corn_Oil_80_ZhengChenPelegYbaseSplit,Ridge,folded,1,sg_smooth_w11_p2,30,21.802222418386904,0.17686592327322548
Corn_Oil_80_ZhengChenPelegYbaseSplit,Ridge,folded,1,sg_smooth_w11_p2,31,38.31763754576227,0.1766555749862126
Corn_Oil_80_ZhengChenPelegYbaseSplit,Ridge,folded,1,sg_smooth_w11_p2,32,67.34365510601211,0.17660936035753344
Corn_Oil_80_ZhengChenPelegYbaseSplit,Ridge,folded,1,sg_smooth_w11_p2,33,118.35718936537278,0.17675760220866804
Corn_Oil_80_ZhengChenPelegYbaseSplit,Ridge,folded,1,sg_smooth_w11_p2,34,208.0140178375938,0.17701020017761185
Corn_Oil_80_ZhengChenPelegYbaseSplit,Ridge,folded,1,sg_smooth_w11_p2,35,365.58684646830477,0.1772617892626911
Corn_Oil_80_ZhengChenPelegYbaseSplit,Ridge,folded,1,sg_smooth_w11_p2,36,642.5227669752023,0.1774583283042695
Corn_Oil_80_ZhengChenPelegYbaseSplit,Ridge,folded,1,sg_smooth_w11_p2,37,1129.2405896700207,0.17759251160487513
Corn_Oil_80_ZhengChenPelegYbaseSplit,Ridge,folded,1,sg_smooth_w11_p2,38,1984.6523343623487,0.17767728974037
Corn_Oil_80_ZhengChenPelegYbaseSplit,Ridge,folded,1,sg_smooth_w11_p2,39,3488.0475642846877,0.17772851035718032
Corn_Oil_80_ZhengChenPelegYbaseSplit,Ridge,folded,1,sg_smooth_w11_p2,40,6130.280654229233,0.1777586708540887
Corn_Oil_80_ZhengChenPelegYbaseSplit,Ridge,folded,1,sg_smooth_w11_p2,41,10774.033383149646,0.1777761707613666
Corn_Oil_80_ZhengChenPelegYbaseSplit,Ridge,folded,1,sg_smooth_w11_p2,42,18935.478143425695,0.177786239586926
Corn_Oil_80_ZhengChenPelegYbaseSplit,Ridge,folded,1,sg_smooth_w11_p2,43,33279.304023776436,0.17779200509737386
Corn_Oil_80_ZhengChenPelegYbaseSplit,Ridge,folded,1,sg_smooth_w11_p2,44,58488.73040955984,0.1777952974719515
Corn_Oil_80_ZhengChenPelegYbaseSplit,Ridge,folded,1,sg_smooth_w11_p2,45,102794.56512906883,0.17779717464593325
Corn_Oil_80_ZhengChenPelegYbaseSplit,Ridge,folded,1,sg_smooth_w11_p2,46,180662.54039166684,0.17779824398367577
Corn_Oil_80_ZhengChenPelegYbaseSplit,Ridge,folded,1,sg_smooth_w11_p2,47,317516.33425161196,0.1777988528279074
Corn_Oil_80_ZhengChenPelegYbaseSplit,Ridge,folded,1,sg_smooth_w11_p2,48,558038.3310121527,0.17779919938343489
Corn_Oil_80_ZhengChenPelegYbaseSplit,Ridge,folded,1,sg_smooth_w11_p2,49,980758.2958300965,0.1777993966114143
Corn_Oil_80_ZhengChenPelegYbaseSplit,Ridge,folded,2,sg_smooth_w21_p3,0,9.807582958300963e-07,0.033125310262840844
Corn_Oil_80_ZhengChenPelegYbaseSplit,Ridge,folded,2,sg_smooth_w21_p3,1,1.7236931253358747e-06,0.03661362572838942
Corn_Oil_80_ZhengChenPelegYbaseSplit,Ridge,folded,2,sg_smooth_w21_p3,2,3.029408981766958e-06,0.040227644388482184
Corn_Oil_80_ZhengChenPelegYbaseSplit,Ridge,folded,2,sg_smooth_w21_p3,3,5.324218472485968e-06,0.04354370137140278
Corn_Oil_80_ZhengChenPelegYbaseSplit,Ridge,folded,2,sg_smooth_w21_p3,4,9.357370534442246e-06,0.04646565462496553
Corn_Oil_80_ZhengChenPelegYbaseSplit,Ridge,folded,2,sg_smooth_w21_p3,5,1.644567813498542e-05,0.04930485967543817
Corn_Oil_80_ZhengChenPelegYbaseSplit,Ridge,folded,2,sg_smooth_w21_p3,6,2.8903454055178975e-05,0.0525658690367938
Corn_Oil_80_ZhengChenPelegYbaseSplit,Ridge,folded,2,sg_smooth_w21_p3,7,5.079812759697939e-05,0.05652988454180245
Corn_Oil_80_ZhengChenPelegYbaseSplit,Ridge,folded,2,sg_smooth_w21_p3,8,8.927824897442076e-05,0.06119729831126447
Corn_Oil_80_ZhengChenPelegYbaseSplit,Ridge,folded,2,sg_smooth_w21_p3,9,0.0001569074711409757,0.06659891363970673
Corn_Oil_80_ZhengChenPelegYbaseSplit,Ridge,folded,2,sg_smooth_w21_p3,10,0.0002757665476493616,0.0729714046082896
Corn_Oil_80_ZhengChenPelegYbaseSplit,Ridge,folded,2,sg_smooth_w21_p3,11,0.00048466263747327796,0.08057817011085638
Corn_Oil_80_ZhengChenPelegYbaseSplit,Ridge,folded,2,sg_smooth_w21_p3,12,0.000851799734829432,0.08938039874672545
Corn_Oil_80_ZhengChenPelegYbaseSplit,Ridge,folded,2,sg_smooth_w21_p3,13,0.0014970470842112218,0.0989931640714491
Corn_Oil_80_ZhengChenPelegYbaseSplit,Ridge,folded,2,sg_smooth_w21_p3,14,0.002631076156409108,0.10896166022644733
Corn_Oil_80_ZhengChenPelegYbaseSplit,Ridge,folded,2,sg_smooth_w21_p3,15,0.0046241442996911184,0.11892829109774802
Corn_Oil_80_ZhengChenPelegYbaseSplit,Ridge,folded,2,sg_smooth_w21_p3,16,0.008126982737568858,0.128585725658829
Corn_Oil_80_ZhengChenPelegYbaseSplit,Ridge,folded,2,sg_smooth_w21_p3,17,0.01428325850928876,0.13767080479651117
Corn_Oil_80_ZhengChenPelegYbaseSplit,Ridge,folded,2,sg_smooth_w21_p3,18,0.025102978587622577,0.1459950029963121
Corn_Oil_80_ZhengChenPelegYbaseSplit,Ridge,folded,2,sg_smooth_w21_p3,19,0.044118751583249044,0.153346914923779
Corn_Oil_80_ZhengChenPelegYbaseSplit,Ridge,folded,2,sg_smooth_w21_p3,20,0.07753917466288941,0.15943724203338214
Corn_Oil_80_ZhengChenPelegYbaseSplit,Ridge,folded,2,sg_smooth_w21_p3,21,0.13627592331249944,0.16412731889431614
Corn_Oil_80_ZhengChenPelegYbaseSplit,Ridge,folded,2,sg_smooth_w21_p3,22,0.23950638313361472,0.16765012520333836
Corn_Oil_80_ZhengChenPelegYbaseSplit,Ridge,folded,2,sg_smooth_w21_p3,23,0.4209350130778707,0.17044228896789865
Corn_Oil_80_ZhengChenPelegYbaseSplit,Ridge,folded,2,sg_smooth_w21_p3,24,0.7397977578577474,0.17277443836361242
Corn_Oil_80_ZhengChenPelegYbaseSplit,Ridge,folded,2,sg_smooth_w21_p3,25,1.3002024196787443,0.1746466088400161
Corn_Oil_80_ZhengChenPelegYbaseSplit,Ridge,folded,2,sg_smooth_w21_p3,26,2.285119567047304,0.17598089055769398
Corn_Oil_80_ZhengChenPelegYbaseSplit,Ridge,folded,2,sg_smooth_w21_p3,27,4.016121918149221,0.17677501672725432
Corn_Oil_80_ZhengChenPelegYbaseSplit,Ridge,folded,2,sg_smooth_w21_p3,28,7.058376941859453,0.1771035646175201
Corn_Oil_80_ZhengChenPelegYbaseSplit,Ridge,folded,2,sg_smooth_w21_p3,29,12.40517246954807,0.1770824749684986
Corn_Oil_80_ZhengChenPelegYbaseSplit,Ridge,folded,2,sg_smooth_w21_p3,30,21.802222418386904,0.17686883679095639
Corn_Oil_80_ZhengChenPelegYbaseSplit,Ridge,folded,2,sg_smooth_w21_p3,31,38.31763754576227,0.17665820955691108
Corn_Oil_80_ZhengChenPelegYbaseSplit,Ridge,folded,2,sg_smooth_w21_p3,32,67.34365510601211,0.1766120238960756
Corn_Oil_80_ZhengChenPelegYbaseSplit,Ridge,folded,2,sg_smooth_w21_p3,33,118.35718936537278,0.1767601453078483
Corn_Oil_80_ZhengChenPelegYbaseSplit,Ridge,folded,2,sg_smooth_w21_p3,34,208.0140178375938,0.1770123174038781
Corn_Oil_80_ZhengChenPelegYbaseSplit,Ridge,folded,2,sg_smooth_w21_p3,35,365.58684646830477,0.17726333688075735
Corn_Oil_80_ZhengChenPelegYbaseSplit,Ridge,folded,2,sg_smooth_w21_p3,36,642.5227669752023,0.17745935649450656
Corn_Oil_80_ZhengChenPelegYbaseSplit,Ridge,folded,2,sg_smooth_w21_p3,37,1129.2405896700207,0.17759315335253567
Corn_Oil_80_ZhengChenPelegYbaseSplit,Ridge,folded,2,sg_smooth_w21_p3,38,1984.6523343623487,0.17767767519676939
Corn_Oil_80_ZhengChenPelegYbaseSplit,Ridge,folded,2,sg_smooth_w21_p3,39,3488.0475642846877,0.1777287366482026
Corn_Oil_80_ZhengChenPelegYbaseSplit,Ridge,folded,2,sg_smooth_w21_p3,40,6130.280654229233,0.17775880194489896
Corn_Oil_80_ZhengChenPelegYbaseSplit,Ridge,folded,2,sg_smooth_w21_p3,41,10774.033383149646,0.17777624612069368
Corn_Oil_80_ZhengChenPelegYbaseSplit,Ridge,folded,2,sg_smooth_w21_p3,42,18935.478143425695,0.17778628271755234
Corn_Oil_80_ZhengChenPelegYbaseSplit,Ridge,folded,2,sg_smooth_w21_p3,43,33279.304023776436,0.17779202972027838
Corn_Oil_80_ZhengChenPelegYbaseSplit,Ridge,folded,2,sg_smooth_w21_p3,44,58488.73040955984,0.17779531150874722
Corn_Oil_80_ZhengChenPelegYbaseSplit,Ridge,folded,2,sg_smooth_w21_p3,45,102794.56512906883,0.1777971826413413
Corn_Oil_80_ZhengChenPelegYbaseSplit,Ridge,folded,2,sg_smooth_w21_p3,46,180662.54039166684,0.17779824853576248
Corn_Oil_80_ZhengChenPelegYbaseSplit,Ridge,folded,2,sg_smooth_w21_p3,47,317516.33425161196,0.17779885541889304
Corn_Oil_80_ZhengChenPelegYbaseSplit,Ridge,folded,2,sg_smooth_w21_p3,48,558038.3310121527,0.1777992008579655
Corn_Oil_80_ZhengChenPelegYbaseSplit,Ridge,folded,2,sg_smooth_w21_p3,49,980758.2958300965,0.17779939745049778
Corn_Oil_80_ZhengChenPelegYbaseSplit,Ridge,folded,3,sg_d1_w11_p2,0,9.807582958300963e-07,0.06272809232167355
Corn_Oil_80_ZhengChenPelegYbaseSplit,Ridge,folded,3,sg_d1_w11_p2,1,1.7236931253358747e-06,0.06977159150968594
Corn_Oil_80_ZhengChenPelegYbaseSplit,Ridge,folded,3,sg_d1_w11_p2,2,3.029408981766958e-06,0.07722391450525408
Corn_Oil_80_ZhengChenPelegYbaseSplit,Ridge,folded,3,sg_d1_w11_p2,3,5.324218472485968e-06,0.08570912935897274
Corn_Oil_80_ZhengChenPelegYbaseSplit,Ridge,folded,3,sg_d1_w11_p2,4,9.357370534442246e-06,0.09558806533902395
Corn_Oil_80_ZhengChenPelegYbaseSplit,Ridge,folded,3,sg_d1_w11_p2,5,1.644567813498542e-05,0.10706011107613603
Corn_Oil_80_ZhengChenPelegYbaseSplit,Ridge,folded,3,sg_d1_w11_p2,6,2.8903454055178975e-05,0.11999187403162366
Corn_Oil_80_ZhengChenPelegYbaseSplit,Ridge,folded,3,sg_d1_w11_p2,7,5.079812759697939e-05,0.13336982233694197
Corn_Oil_80_ZhengChenPelegYbaseSplit,Ridge,folded,3,sg_d1_w11_p2,8,8.927824897442076e-05,0.1455493911187315
Corn_Oil_80_ZhengChenPelegYbaseSplit,Ridge,folded,3,sg_d1_w11_p2,9,0.0001569074711409757,0.15533294212268003
Corn_Oil_80_ZhengChenPelegYbaseSplit,Ridge,folded,3,sg_d1_w11_p2,10,0.0002757665476493616,0.16248589379403872
Corn_Oil_80_ZhengChenPelegYbaseSplit,Ridge,folded,3,sg_d1_w11_p2,11,0.00048466263747327796,0.1673711054222386
Corn_Oil_80_ZhengChenPelegYbaseSplit,Ridge,folded,3,sg_d1_w11_p2,12,0.000851799734829432,0.1704907214405969
Corn_Oil_80_ZhengChenPelegYbaseSplit,Ridge,folded,3,sg_d1_w11_p2,13,0.0014970470842112218,0.17232092332521373
Corn_Oil_80_ZhengChenPelegYbaseSplit,Ridge,folded,3,sg_d1_w11_p2,14,0.002631076156409108,0.1733050549877504
Corn_Oil_80_ZhengChenPelegYbaseSplit,Ridge,folded,3,sg_d1_w11_p2,15,0.0046241442996911184,0.17386724859145508
Corn_Oil_80_ZhengChenPelegYbaseSplit,Ridge,folded,3,sg_d1_w11_p2,16,0.008126982737568858,0.17436976250612085
Corn_Oil_80_ZhengChenPelegYbaseSplit,Ridge,folded,3,sg_d1_w11_p2,17,0.01428325850928876,0.17499780496565798
Corn_Oil_80_ZhengChenPelegYbaseSplit,Ridge,folded,3,sg_d1_w11_p2,18,0.025102978587622577,0.17571276119946672
Corn_Oil_80_ZhengChenPelegYbaseSplit,Ridge,folded,3,sg_d1_w11_p2,19,0.044118751583249044,0.17637475823469456
Corn_Oil_80_ZhengChenPelegYbaseSplit,Ridge,folded,3,sg_d1_w11_p2,20,0.07753917466288941,0.1768895887882522
Corn_Oil_80_ZhengChenPelegYbaseSplit,Ridge,folded,3,sg_d1_w11_p2,21,0.13627592331249944,0.1772442022216721
Corn_Oil_80_ZhengChenPelegYbaseSplit,Ridge,folded,3,sg_d1_w11_p2,22,0.23950638313361472,0.1774702252302403
Corn_Oil_80_ZhengChenPelegYbaseSplit,Ridge,folded,3,sg_d1_w11_p2,23,0.4209350130778707,0.1776076363412348
Corn_Oil_80_ZhengChenPelegYbaseSplit,Ridge,folded,3,sg_d1_w11_p2,24,0.7397977578577474,0.17768886969583053
Corn_Oil_80_ZhengChenPelegYbaseSplit,Ridge,folded,3,sg_d1_w11_p2,25,1.3002024196787443,0.17773611601256573
Corn_Oil_80_ZhengChenPelegYbaseSplit,Ridge,folded,3,sg_d1_w11_p2,26,2.285119567047304,0.17776333799181282
Corn_Oil_80_ZhengChenPelegYbaseSplit,Ridge,folded,3,sg_d1_w11_p2,27,4.016121918149221,0.17777893822745433
Corn_Oil_80_ZhengChenPelegYbaseSplit,Ridge,folded,3,sg_d1_w11_p2,28,7.058376941859453,0.17778785084392212
Corn_Oil_80_ZhengChenPelegYbaseSplit,Ridge,folded,3,sg_d1_w11_p2,29,12.40517246954807,0.1777929338007756
Corn_Oil_80_ZhengChenPelegYbaseSplit,Ridge,folded,3,sg_d1_w11_p2,30,21.802222418386904,0.1777958297634486
Corn_Oil_80_ZhengChenPelegYbaseSplit,Ridge,folded,3,sg_d1_w11_p2,31,38.31763754576227,0.1777974787684639
Corn_Oil_80_ZhengChenPelegYbaseSplit,Ridge,folded,3,sg_d1_w11_p2,32,67.34365510601211,0.17779841743231528
Corn_Oil_80_ZhengChenPelegYbaseSplit,Ridge,folded,3,sg_d1_w11_p2,33,118.35718936537278,0.17779895164970222
Corn_Oil_80_ZhengChenPelegYbaseSplit,Ridge,folded,3,sg_d1_w11_p2,34,208.0140178375938,0.1777992556544105
Corn_Oil_80_ZhengChenPelegYbaseSplit,Ridge,folded,3,sg_d1_w11_p2,35,365.58684646830477,0.17779942864267162
Corn_Oil_80_ZhengChenPelegYbaseSplit,Ridge,folded,3,sg_d1_w11_p2,36,642.5227669752023,0.17779952707509572
Corn_Oil_80_ZhengChenPelegYbaseSplit,Ridge,folded,3,sg_d1_w11_p2,37,1129.2405896700207,0.17779958308325766
Corn_Oil_80_ZhengChenPelegYbaseSplit,Ridge,folded,3,sg_d1_w11_p2,38,1984.6523343623487,0.17779961495161492
Corn_Oil_80_ZhengChenPelegYbaseSplit,Ridge,folded,3,sg_d1_w11_p2,39,3488.0475642846877,0.17779963308443325
Corn_Oil_80_ZhengChenPelegYbaseSplit,Ridge,folded,3,sg_d1_w11_p2,40,6130.280654229233,0.17779964340181256
Corn_Oil_80_ZhengChenPelegYbaseSplit,Ridge,folded,3,sg_d1_w11_p2,41,10774.033383149646,0.17779964927227881
Corn_Oil_80_ZhengChenPelegYbaseSplit,Ridge,folded,3,sg_d1_w11_p2,42,18935.478143425695,0.17779965261250064
Corn_Oil_80_ZhengChenPelegYbaseSplit,Ridge,folded,3,sg_d1_w11_p2,43,33279.304023776436,0.17779965451304375
Corn_Oil_80_ZhengChenPelegYbaseSplit,Ridge,folded,3,sg_d1_w11_p2,44,58488.73040955984,0.17779965559442779
Corn_Oil_80_ZhengChenPelegYbaseSplit,Ridge,folded,3,sg_d1_w11_p2,45,102794.56512906883,0.17779965620972102
Corn_Oil_80_ZhengChenPelegYbaseSplit,Ridge,folded,3,sg_d1_w11_p2,46,180662.54039166684,0.1777996565598147
Corn_Oil_80_ZhengChenPelegYbaseSplit,Ridge,folded,3,sg_d1_w11_p2,47,317516.33425161196,0.17779965675901338
Corn_Oil_80_ZhengChenPelegYbaseSplit,Ridge,folded,3,sg_d1_w11_p2,48,558038.3310121527,0.1777996568723547
Corn_Oil_80_ZhengChenPelegYbaseSplit,Ridge,folded,3,sg_d1_w11_p2,49,980758.2958300965,0.17779965693684438
Corn_Oil_80_ZhengChenPelegYbaseSplit,Ridge,folded,4,sg_d1_w21_p3,0,9.807582958300963e-07,0.060840354586957
Corn_Oil_80_ZhengChenPelegYbaseSplit,Ridge,folded,4,sg_d1_w21_p3,1,1.7236931253358747e-06,0.0680279514125253
Corn_Oil_80_ZhengChenPelegYbaseSplit,Ridge,folded,4,sg_d1_w21_p3,2,3.029408981766958e-06,0.07545881392309331
Corn_Oil_80_ZhengChenPelegYbaseSplit,Ridge,folded,4,sg_d1_w21_p3,3,5.324218472485968e-06,0.08374833069038898
Corn_Oil_80_ZhengChenPelegYbaseSplit,Ridge,folded,4,sg_d1_w21_p3,4,9.357370534442246e-06,0.09330084939707083
Corn_Oil_80_ZhengChenPelegYbaseSplit,Ridge,folded,4,sg_d1_w21_p3,5,1.644567813498542e-05,0.10437768529750195
Corn_Oil_80_ZhengChenPelegYbaseSplit,Ridge,folded,4,sg_d1_w21_p3,6,2.8903454055178975e-05,0.11701368569461335
Corn_Oil_80_ZhengChenPelegYbaseSplit,Ridge,folded,4,sg_d1_w21_p3,7,5.079812759697939e-05,0.1304286036712013
Corn_Oil_80_ZhengChenPelegYbaseSplit,Ridge,folded,4,sg_d1_w21_p3,8,8.927824897442076e-05,0.1430258326790289
Corn_Oil_80_ZhengChenPelegYbaseSplit,Ridge,folded,4,sg_d1_w21_p3,9,0.0001569074711409757,0.15341980359175422
Corn_Oil_80_ZhengChenPelegYbaseSplit,Ridge,folded,4,sg_d1_w21_p3,10,0.0002757665476493616,0.161163279318254
Corn_Oil_80_ZhengChenPelegYbaseSplit,Ridge,folded,4,sg_d1_w21_p3,11,0.00048466263747327796,0.16651856987512867
Corn_Oil_80_ZhengChenPelegYbaseSplit,Ridge,folded,4,sg_d1_w21_p3,12,0.000851799734829432,0.16997619187297197
Corn_Oil_80_ZhengChenPelegYbaseSplit,Ridge,folded,4,sg_d1_w21_p3,13,0.0014970470842112218,0.17203197699289907
Corn_Oil_80_ZhengChenPelegYbaseSplit,Ridge,folded,4,sg_d1_w21_p3,14,0.002631076156409108,0.1731500946742514
Corn_Oil_80_ZhengChenPelegYbaseSplit,Ridge,folded,4,sg_d1_w21_p3,15,0.0046241442996911184,0.17377090576572798
Corn_Oil_80_ZhengChenPelegYbaseSplit,Ridge,folded,4,sg_d1_w21_p3,16,0.008126982737568858,0.1742791821824647
Corn_Oil_80_ZhengChenPelegYbaseSplit,Ridge,folded,4,sg_d1_w21_p3,17,0.01428325850928876,0.1748954440329375
Corn_Oil_80_ZhengChenPelegYbaseSplit,Ridge,folded,4,sg_d1_w21_p3,18,0.025102978587622577,0.17561039751700336
Corn_Oil_80_ZhengChenPelegYbaseSplit,Ridge,folded,4,sg_d1_w21_p3,19,0.044118751583249044,0.17628923973161167
Corn_Oil_80_ZhengChenPelegYbaseSplit,Ridge,folded,4,sg_d1_w21_p3,20,0.07753917466288941,0.17682764954466534
Corn_Oil_80_ZhengChenPelegYbaseSplit,Ridge,folded,4,sg_d1_w21_p3,21,0.13627592331249944,0.17720344640770824
Corn_Oil_80_ZhengChenPelegYbaseSplit,Ridge,folded,4,sg_d1_w21_p3,22,0.23950638313361472,0.17744496683912728
Corn_Oil_80_ZhengChenPelegYbaseSplit,Ridge,folded,4,sg_d1_w21_p3,23,0.4209350130778707,0.17759253456703883
Corn_Oil_80_ZhengChenPelegYbaseSplit,Ridge,folded,4,sg_d1_w21_p3,24,0.7397977578577474,0.17768002855869447
Corn_Oil_80_ZhengChenPelegYbaseSplit,Ridge,folded,4,sg_d1_w21_p3,25,1.3002024196787443,0.17773100276401413
Corn_Oil_80_ZhengChenPelegYbaseSplit,Ridge,folded,4,sg_d1_w21_p3,26,2.285119567047304,0.1777604013871975
Corn_Oil_80_ZhengChenPelegYbaseSplit,Ridge,folded,4,sg_d1_w21_p3,27,4.016121918149221,0.17777725843903835
Corn_Oil_80_ZhengChenPelegYbaseSplit,Ridge,folded,4,sg_d1_w21_p3,28,7.058376941859453,0.17778689217021176
Corn_Oil_80_ZhengChenPelegYbaseSplit,Ridge,folded,4,sg_d1_w21_p3,29,12.40517246954807,0.17779238738767095
Corn_Oil_80_ZhengChenPelegYbaseSplit,Ridge,folded,4,sg_d1_w21_p3,30,21.802222418386904,0.1777955185566696
Corn_Oil_80_ZhengChenPelegYbaseSplit,Ridge,folded,4,sg_d1_w21_p3,31,38.31763754576227,0.17779730159712281
Corn_Oil_80_ZhengChenPelegYbaseSplit,Ridge,folded,4,sg_d1_w21_p3,32,67.34365510601211,0.1777983165921746
Corn_Oil_80_ZhengChenPelegYbaseSplit,Ridge,folded,4,sg_d1_w21_p3,33,118.35718936537278,0.17779889426264311
Corn_Oil_80_ZhengChenPelegYbaseSplit,Ridge,folded,4,sg_d1_w21_p3,34,208.0140178375938,0.1777992229985848
Corn_Oil_80_ZhengChenPelegYbaseSplit,Ridge,folded,4,sg_d1_w21_p3,35,365.58684646830477,0.17779941006085703
Corn_Oil_80_ZhengChenPelegYbaseSplit,Ridge,folded,4,sg_d1_w21_p3,36,642.5227669752023,0.1777995165019402
Corn_Oil_80_ZhengChenPelegYbaseSplit,Ridge,folded,4,sg_d1_w21_p3,37,1129.2405896700207,0.17779957706715988
Corn_Oil_80_ZhengChenPelegYbaseSplit,Ridge,folded,4,sg_d1_w21_p3,38,1984.6523343623487,0.17779961152849896
Corn_Oil_80_ZhengChenPelegYbaseSplit,Ridge,folded,4,sg_d1_w21_p3,39,3488.0475642846877,0.17779963113671418
Corn_Oil_80_ZhengChenPelegYbaseSplit,Ridge,folded,4,sg_d1_w21_p3,40,6130.280654229233,0.17779964229358258
Corn_Oil_80_ZhengChenPelegYbaseSplit,Ridge,folded,4,sg_d1_w21_p3,41,10774.033383149646,0.17779964864170966
Corn_Oil_80_ZhengChenPelegYbaseSplit,Ridge,folded,4,sg_d1_w21_p3,42,18935.478143425695,0.17779965225371477
Corn_Oil_80_ZhengChenPelegYbaseSplit,Ridge,folded,4,sg_d1_w21_p3,43,33279.304023776436,0.17779965430889919
Corn_Oil_80_ZhengChenPelegYbaseSplit,Ridge,folded,4,sg_d1_w21_p3,44,58488.73040955984,0.17779965547827228
Corn_Oil_80_ZhengChenPelegYbaseSplit,Ridge,folded,4,sg_d1_w21_p3,45,102794.56512906883,0.17779965614363014
Corn_Oil_80_ZhengChenPelegYbaseSplit,Ridge,folded,4,sg_d1_w21_p3,46,180662.54039166684,0.17779965652220986
Corn_Oil_80_ZhengChenPelegYbaseSplit,Ridge,folded,4,sg_d1_w21_p3,47,317516.33425161196,0.17779965673761666
Corn_Oil_80_ZhengChenPelegYbaseSplit,Ridge,folded,4,sg_d1_w21_p3,48,558038.3310121527,0.17779965686018026
Corn_Oil_80_ZhengChenPelegYbaseSplit,Ridge,folded,4,sg_d1_w21_p3,49,980758.2958300965,0.17779965692991734
Corn_Oil_80_ZhengChenPelegYbaseSplit,Ridge,folded,5,sg_d2_w11_p2,0,9.807582958300963e-07,0.10999855459542211
Corn_Oil_80_ZhengChenPelegYbaseSplit,Ridge,folded,5,sg_d2_w11_p2,1,1.7236931253358747e-06,0.12290548441593654
Corn_Oil_80_ZhengChenPelegYbaseSplit,Ridge,folded,5,sg_d2_w11_p2,2,3.029408981766958e-06,0.1367021652574675
Corn_Oil_80_ZhengChenPelegYbaseSplit,Ridge,folded,5,sg_d2_w11_p2,3,5.324218472485968e-06,0.14917446879122703
Corn_Oil_80_ZhengChenPelegYbaseSplit,Ridge,folded,5,sg_d2_w11_p2,4,9.357370534442246e-06,0.15886868574818386
Corn_Oil_80_ZhengChenPelegYbaseSplit,Ridge,folded,5,sg_d2_w11_p2,5,1.644567813498542e-05,0.16560875716375661
Corn_Oil_80_ZhengChenPelegYbaseSplit,Ridge,folded,5,sg_d2_w11_p2,6,2.8903454055178975e-05,0.16995111568457996
Corn_Oil_80_ZhengChenPelegYbaseSplit,Ridge,folded,5,sg_d2_w11_p2,7,5.079812759697939e-05,0.17257671235237307
Corn_Oil_80_ZhengChenPelegYbaseSplit,Ridge,folded,5,sg_d2_w11_p2,8,8.927824897442076e-05,0.1740358730957173
Corn_Oil_80_ZhengChenPelegYbaseSplit,Ridge,folded,5,sg_d2_w11_p2,9,0.0001569074711409757,0.1747274675327392
Corn_Oil_80_ZhengChenPelegYbaseSplit,Ridge,folded,5,sg_d2_w11_p2,10,0.0002757665476493616,0.17496093769968862
Corn_Oil_80_ZhengChenPelegYbaseSplit,Ridge,folded,5,sg_d2_w11_p2,11,0.00048466263747327796,0.17502276562045926
Corn_Oil_80_ZhengChenPelegYbaseSplit,Ridge,folded,5,sg_d2_w11_p2,12,0.000851799734829432,0.17517128090050232
Corn_Oil_80_ZhengChenPelegYbaseSplit,Ridge,folded,5,sg_d2_w11_p2,13,0.0014970470842112218,0.17553602575363872
Corn_Oil_80_ZhengChenPelegYbaseSplit,Ridge,folded,5,sg_d2_w11_p2,14,0.002631076156409108,0.17605800657193477
Corn_Oil_80_ZhengChenPelegYbaseSplit,Ridge,folded,5,sg_d2_w11_p2,15,0.0046241442996911184,0.17658707878262683
Corn_Oil_80_ZhengChenPelegYbaseSplit,Ridge,folded,5,sg_d2_w11_p2,16,0.008126982737568858,0.17701622046716375
Corn_Oil_80_ZhengChenPelegYbaseSplit,Ridge,folded,5,sg_d2_w11_p2,17,0.01428325850928876,0.17731826413381527
Corn_Oil_80_ZhengChenPelegYbaseSplit,Ridge,folded,5,sg_d2_w11_p2,18,0.025102978587622577,0.17751303759477105
Corn_Oil_80_ZhengChenPelegYbaseSplit,Ridge,folded,5,sg_d2_w11_p2,19,0.044118751583249044,0.17763221721242503
Corn_Oil_80_ZhengChenPelegYbaseSplit,Ridge,folded,5,sg_d2_w11_p2,20,0.07753917466288941,0.1777029281171408
Corn_Oil_80_ZhengChenPelegYbaseSplit,Ridge,folded,5,sg_d2_w11_p2,21,0.13627592331249944,0.17774413856012433
Corn_Oil_80_ZhengChenPelegYbaseSplit,Ridge,folded,5,sg_d2_w11_p2,22,0.23950638313361472,0.17776791033935754
Corn_Oil_80_ZhengChenPelegYbaseSplit,Ridge,folded,5,sg_d2_w11_p2,23,0.4209350130778707,0.1777815423041501
Corn_Oil_80_ZhengChenPelegYbaseSplit,Ridge,folded,5,sg_d2_w11_p2,24,0.7397977578577474,0.1777893333296736
Corn_Oil_80_ZhengChenPelegYbaseSplit,Ridge,folded,5,sg_d2_w11_p2,25,1.3002024196787443,0.17779377757474318
Corn_Oil_80_ZhengChenPelegYbaseSplit,Ridge,folded,5,sg_d2_w11_p2,26,2.285119567047304,0.17779630994354462
Corn_Oil_80_ZhengChenPelegYbaseSplit,Ridge,folded,5,sg_d2_w11_p2,27,4.016121918149221,0.17779775201170817
Corn_Oil_80_ZhengChenPelegYbaseSplit,Ridge,folded,5,sg_d2_w11_p2,28,7.058376941859453,0.1777985729128681
Corn_Oil_80_ZhengChenPelegYbaseSplit,Ridge,folded,5,sg_d2_w11_p2,29,12.40517246954807,0.1777990401189053
Corn_Oil_80_ZhengChenPelegYbaseSplit,Ridge,folded,5,sg_d2_w11_p2,30,21.802222418386904,0.17779930599312496
Corn_Oil_80_ZhengChenPelegYbaseSplit,Ridge,folded,5,sg_d2_w11_p2,31,38.31763754576227,0.1777994572850246
Corn_Oil_80_ZhengChenPelegYbaseSplit,Ridge,folded,5,sg_d2_w11_p2,32,67.34365510601211,0.17779954337230758
Corn_Oil_80_ZhengChenPelegYbaseSplit,Ridge,folded,5,sg_d2_w11_p2,33,118.35718936537278,0.17779959235618423
Corn_Oil_80_ZhengChenPelegYbaseSplit,Ridge,folded,5,sg_d2_w11_p2,34,208.0140178375938,0.17779962022779602
Corn_Oil_80_ZhengChenPelegYbaseSplit,Ridge,folded,5,sg_d2_w11_p2,35,365.58684646830477,0.1777996360865129
Corn_Oil_80_ZhengChenPelegYbaseSplit,Ridge,folded,5,sg_d2_w11_p2,36,642.5227669752023,0.1777996451099567
Corn_Oil_80_ZhengChenPelegYbaseSplit,Ridge,folded,5,sg_d2_w11_p2,37,1129.2405896700207,0.17779965024419037
Corn_Oil_80_ZhengChenPelegYbaseSplit,Ridge,folded,5,sg_d2_w11_p2,38,1984.6523343623487,0.17779965316550533
Corn_Oil_80_ZhengChenPelegYbaseSplit,Ridge,folded,5,sg_d2_w11_p2,39,3488.0475642846877,0.17779965482769602
Corn_Oil_80_ZhengChenPelegYbaseSplit,Ridge,folded,5,sg_d2_w11_p2,40,6130.280654229233,0.17779965577346077
Corn_Oil_80_ZhengChenPelegYbaseSplit,Ridge,folded,5,sg_d2_w11_p2,41,10774.033383149646,0.1777996563115884
Corn_Oil_80_ZhengChenPelegYbaseSplit,Ridge,folded,5,sg_d2_w11_p2,42,18935.478143425695,0.17779965661777586
Corn_Oil_80_ZhengChenPelegYbaseSplit,Ridge,folded,5,sg_d2_w11_p2,43,33279.304023776436,0.17779965679199247
Corn_Oil_80_ZhengChenPelegYbaseSplit,Ridge,folded,5,sg_d2_w11_p2,44,58488.73040955984,0.17779965689111935
Corn_Oil_80_ZhengChenPelegYbaseSplit,Ridge,folded,5,sg_d2_w11_p2,45,102794.56512906883,0.17779965694752123
Corn_Oil_80_ZhengChenPelegYbaseSplit,Ridge,folded,5,sg_d2_w11_p2,46,180662.54039166684,0.17779965697961317
Corn_Oil_80_ZhengChenPelegYbaseSplit,Ridge,folded,5,sg_d2_w11_p2,47,317516.33425161196,0.17779965699787306
Corn_Oil_80_ZhengChenPelegYbaseSplit,Ridge,folded,5,sg_d2_w11_p2,48,558038.3310121527,0.1777996570082627
Corn_Oil_80_ZhengChenPelegYbaseSplit,Ridge,folded,5,sg_d2_w11_p2,49,980758.2958300965,0.1777996570141742
Corn_Oil_80_ZhengChenPelegYbaseSplit,Ridge,folded,6,detrend_d1,0,9.807582958300963e-07,0.034630026958481816
Corn_Oil_80_ZhengChenPelegYbaseSplit,Ridge,folded,6,detrend_d1,1,1.7236931253358747e-06,0.03845565235183984
Corn_Oil_80_ZhengChenPelegYbaseSplit,Ridge,folded,6,detrend_d1,2,3.029408981766958e-06,0.04291950359232006
Corn_Oil_80_ZhengChenPelegYbaseSplit,Ridge,folded,6,detrend_d1,3,5.324218472485968e-06,0.04766117394734199
Corn_Oil_80_ZhengChenPelegYbaseSplit,Ridge,folded,6,detrend_d1,4,9.357370534442246e-06,0.052318448170151265
Corn_Oil_80_ZhengChenPelegYbaseSplit,Ridge,folded,6,detrend_d1,5,1.644567813498542e-05,0.05674823944247838
Corn_Oil_80_ZhengChenPelegYbaseSplit,Ridge,folded,6,detrend_d1,6,2.8903454055178975e-05,0.06113697262117586
Corn_Oil_80_ZhengChenPelegYbaseSplit,Ridge,folded,6,detrend_d1,7,5.079812759697939e-05,0.06583322619260688
Corn_Oil_80_ZhengChenPelegYbaseSplit,Ridge,folded,6,detrend_d1,8,8.927824897442076e-05,0.07100751492322172
Corn_Oil_80_ZhengChenPelegYbaseSplit,Ridge,folded,6,detrend_d1,9,0.0001569074711409757,0.07650620098538792
Corn_Oil_80_ZhengChenPelegYbaseSplit,Ridge,folded,6,detrend_d1,10,0.0002757665476493616,0.08209354444028302
Corn_Oil_80_ZhengChenPelegYbaseSplit,Ridge,folded,6,detrend_d1,11,0.00048466263747327796,0.08775291724209466
Corn_Oil_80_ZhengChenPelegYbaseSplit,Ridge,folded,6,detrend_d1,12,0.000851799734829432,0.09364979639389784
Corn_Oil_80_ZhengChenPelegYbaseSplit,Ridge,folded,6,detrend_d1,13,0.0014970470842112218,0.09994902929486263
Corn_Oil_80_ZhengChenPelegYbaseSplit,Ridge,folded,6,detrend_d1,14,0.002631076156409108,0.10692674966799029
Corn_Oil_80_ZhengChenPelegYbaseSplit,Ridge,folded,6,detrend_d1,15,0.0046241442996911184,0.11509970670007894
Corn_Oil_80_ZhengChenPelegYbaseSplit,Ridge,folded,6,detrend_d1,16,0.008126982737568858,0.12476815917913471
Corn_Oil_80_ZhengChenPelegYbaseSplit,Ridge,folded,6,detrend_d1,17,0.01428325850928876,0.1353346976167999
Corn_Oil_80_ZhengChenPelegYbaseSplit,Ridge,folded,6,detrend_d1,18,0.025102978587622577,0.14545802204395653
Corn_Oil_80_ZhengChenPelegYbaseSplit,Ridge,folded,6,detrend_d1,19,0.044118751583249044,0.15402210995076962
Corn_Oil_80_ZhengChenPelegYbaseSplit,Ridge,folded,6,detrend_d1,20,0.07753917466288941,0.16074415390315933
Corn_Oil_80_ZhengChenPelegYbaseSplit,Ridge,folded,6,detrend_d1,21,0.13627592331249944,0.1659004919158151
Corn_Oil_80_ZhengChenPelegYbaseSplit,Ridge,folded,6,detrend_d1,22,0.23950638313361472,0.16977796487684166
Corn_Oil_80_ZhengChenPelegYbaseSplit,Ridge,folded,6,detrend_d1,23,0.4209350130778707,0.17253237458666487
Corn_Oil_80_ZhengChenPelegYbaseSplit,Ridge,folded,6,detrend_d1,24,0.7397977578577474,0.17436119347591622
Corn_Oil_80_ZhengChenPelegYbaseSplit,Ridge,folded,6,detrend_d1,25,1.3002024196787443,0.17554767699963028
Corn_Oil_80_ZhengChenPelegYbaseSplit,Ridge,folded,6,detrend_d1,26,2.285119567047304,0.1763383418779493
Corn_Oil_80_ZhengChenPelegYbaseSplit,Ridge,folded,6,detrend_d1,27,4.016121918149221,0.17687545997774734
Corn_Oil_80_ZhengChenPelegYbaseSplit,Ridge,folded,6,detrend_d1,28,7.058376941859453,0.17723290263742847
Corn_Oil_80_ZhengChenPelegYbaseSplit,Ridge,folded,6,detrend_d1,29,12.40517246954807,0.17746111366782463
Corn_Oil_80_ZhengChenPelegYbaseSplit,Ridge,folded,6,detrend_d1,30,21.802222418386904,0.17760118546804865
Corn_Oil_80_ZhengChenPelegYbaseSplit,Ridge,folded,6,detrend_d1,31,38.31763754576227,0.17768470277012877
Corn_Oil_80_ZhengChenPelegYbaseSplit,Ridge,folded,6,detrend_d1,32,67.34365510601211,0.17773356685816152
Corn_Oil_80_ZhengChenPelegYbaseSplit,Ridge,folded,6,detrend_d1,33,118.35718936537278,0.1777618264527302
Corn_Oil_80_ZhengChenPelegYbaseSplit,Ridge,folded,6,detrend_d1,34,208.0140178375938,0.1777780577530446
Corn_Oil_80_ZhengChenPelegYbaseSplit,Ridge,folded,6,detrend_d1,35,365.58684646830477,0.17778734313076308
Corn_Oil_80_ZhengChenPelegYbaseSplit,Ridge,folded,6,detrend_d1,36,642.5227669752023,0.17779264271579823
Corn_Oil_80_ZhengChenPelegYbaseSplit,Ridge,folded,6,detrend_d1,37,1129.2405896700207,0.17779566342260744
Corn_Oil_80_ZhengChenPelegYbaseSplit,Ridge,folded,6,detrend_d1,38,1984.6523343623487,0.1777973838897299
Corn_Oil_80_ZhengChenPelegYbaseSplit,Ridge,folded,6,detrend_d1,39,3488.0475642846877,0.1777983633720037
Corn_Oil_80_ZhengChenPelegYbaseSplit,Ridge,folded,6,detrend_d1,40,6130.280654229233,0.17779892086561322
Corn_Oil_80_ZhengChenPelegYbaseSplit,Ridge,folded,6,detrend_d1,41,10774.033383149646,0.17779923813074092
Corn_Oil_80_ZhengChenPelegYbaseSplit,Ridge,folded,6,detrend_d1,42,18935.478143425695,0.17779941866936846
Corn_Oil_80_ZhengChenPelegYbaseSplit,Ridge,folded,6,detrend_d1,43,33279.304023776436,0.17779952139958763
Corn_Oil_80_ZhengChenPelegYbaseSplit,Ridge,folded,6,detrend_d1,44,58488.73040955984,0.17779957985370018
Corn_Oil_80_ZhengChenPelegYbaseSplit,Ridge,folded,6,detrend_d1,45,102794.56512906883,0.17779961311395273
Corn_Oil_80_ZhengChenPelegYbaseSplit,Ridge,folded,6,detrend_d1,46,180662.54039166684,0.17779963203879984
Corn_Oil_80_ZhengChenPelegYbaseSplit,Ridge,folded,6,detrend_d1,47,317516.33425161196,0.17779964280685198
Corn_Oil_80_ZhengChenPelegYbaseSplit,Ridge,folded,6,detrend_d1,48,558038.3310121527,0.17779964893375136
Corn_Oil_80_ZhengChenPelegYbaseSplit,Ridge,folded,6,detrend_d1,49,980758.2958300965,0.17779965241988202
Corn_Oil_80_ZhengChenPelegYbaseSplit,Ridge,folded,7,detrend_d2,0,9.807582958300963e-07,0.034099110133086544
Corn_Oil_80_ZhengChenPelegYbaseSplit,Ridge,folded,7,detrend_d2,1,1.7236931253358747e-06,0.037823322356283696
Corn_Oil_80_ZhengChenPelegYbaseSplit,Ridge,folded,7,detrend_d2,2,3.029408981766958e-06,0.042151549789843354
Corn_Oil_80_ZhengChenPelegYbaseSplit,Ridge,folded,7,detrend_d2,3,5.324218472485968e-06,0.04678726742972198
Corn_Oil_80_ZhengChenPelegYbaseSplit,Ridge,folded,7,detrend_d2,4,9.357370534442246e-06,0.05142994851938221
Corn_Oil_80_ZhengChenPelegYbaseSplit,Ridge,folded,7,detrend_d2,5,1.644567813498542e-05,0.05596088678564468
Corn_Oil_80_ZhengChenPelegYbaseSplit,Ridge,folded,7,detrend_d2,6,2.8903454055178975e-05,0.0605193296028181
Corn_Oil_80_ZhengChenPelegYbaseSplit,Ridge,folded,7,detrend_d2,7,5.079812759697939e-05,0.06535341871200587
Corn_Oil_80_ZhengChenPelegYbaseSplit,Ridge,folded,7,detrend_d2,8,8.927824897442076e-05,0.07055625716073026
Corn_Oil_80_ZhengChenPelegYbaseSplit,Ridge,folded,7,detrend_d2,9,0.0001569074711409757,0.07595971723971233
Corn_Oil_80_ZhengChenPelegYbaseSplit,Ridge,folded,7,detrend_d2,10,0.0002757665476493616,0.08132915371993936
Corn_Oil_80_ZhengChenPelegYbaseSplit,Ridge,folded,7,detrend_d2,11,0.00048466263747327796,0.08663041407935734
Corn_Oil_80_ZhengChenPelegYbaseSplit,Ridge,folded,7,detrend_d2,12,0.000851799734829432,0.09210901941199989
Corn_Oil_80_ZhengChenPelegYbaseSplit,Ridge,folded,7,detrend_d2,13,0.0014970470842112218,0.09829248626599509
Corn_Oil_80_ZhengChenPelegYbaseSplit,Ridge,folded,7,detrend_d2,14,0.002631076156409108,0.10600262763267558
Corn_Oil_80_ZhengChenPelegYbaseSplit,Ridge,folded,7,detrend_d2,15,0.0046241442996911184,0.11599094633919431
Corn_Oil_80_ZhengChenPelegYbaseSplit,Ridge,folded,7,detrend_d2,16,0.008126982737568858,0.12806962018575477
Corn_Oil_80_ZhengChenPelegYbaseSplit,Ridge,folded,7,detrend_d2,17,0.01428325850928876,0.1406868649307051
Corn_Oil_80_ZhengChenPelegYbaseSplit,Ridge,folded,7,detrend_d2,18,0.025102978587622577,0.15181819003126334
Corn_Oil_80_ZhengChenPelegYbaseSplit,Ridge,folded,7,detrend_d2,19,0.044118751583249044,0.1602530169583079
Corn_Oil_80_ZhengChenPelegYbaseSplit,Ridge,folded,7,detrend_d2,20,0.07753917466288941,0.16592758442603203
Corn_Oil_80_ZhengChenPelegYbaseSplit,Ridge,folded,7,detrend_d2,21,0.13627592331249944,0.1694307679200156
Corn_Oil_80_ZhengChenPelegYbaseSplit,Ridge,folded,7,detrend_d2,22,0.23950638313361472,0.17150662099306174
Corn_Oil_80_ZhengChenPelegYbaseSplit,Ridge,folded,7,detrend_d2,23,0.4209350130778707,0.1728317759969537
Corn_Oil_80_ZhengChenPelegYbaseSplit,Ridge,folded,7,detrend_d2,24,0.7397977578577474,0.17389104959300145
Corn_Oil_80_ZhengChenPelegYbaseSplit,Ridge,folded,7,detrend_d2,25,1.3002024196787443,0.1748825646106753
Corn_Oil_80_ZhengChenPelegYbaseSplit,Ridge,folded,7,detrend_d2,26,2.285119567047304,0.1757747311764027
Corn_Oil_80_ZhengChenPelegYbaseSplit,Ridge,folded,7,detrend_d2,27,4.016121918149221,0.17648413958136605
Corn_Oil_80_ZhengChenPelegYbaseSplit,Ridge,folded,7,detrend_d2,28,7.058376941859453,0.17698631759295255
Corn_Oil_80_ZhengChenPelegYbaseSplit,Ridge,folded,7,detrend_d2,29,12.40517246954807,0.17731313616497973
Corn_Oil_80_ZhengChenPelegYbaseSplit,Ridge,folded,7,detrend_d2,30,21.802222418386904,0.17751456618585953
Corn_Oil_80_ZhengChenPelegYbaseSplit,Ridge,folded,7,detrend_d2,31,38.31763754576227,0.1776346519219316
Corn_Oil_80_ZhengChenPelegYbaseSplit,Ridge,folded,7,detrend_d2,32,67.34365510601211,0.17770484501199077
Corn_Oil_80_ZhengChenPelegYbaseSplit,Ridge,folded,7,detrend_d2,33,118.35718936537278,0.17774540613990528
Corn_Oil_80_ZhengChenPelegYbaseSplit,Ridge,folded,7,detrend_d2,34,208.0140178375938,0.17776868974922594
Corn_Oil_80_ZhengChenPelegYbaseSplit,Ridge,folded,7,detrend_d2,35,365.58684646830477,0.17778200478075004
Corn_Oil_80_ZhengChenPelegYbaseSplit,Ridge,folded,7,detrend_d2,36,642.5227669752023,0.1777896026561802
Corn_Oil_80_ZhengChenPelegYbaseSplit,Ridge,folded,7,detrend_d2,37,1129.2405896700207,0.17779393282562173
Corn_Oil_80_ZhengChenPelegYbaseSplit,Ridge,folded,7,detrend_d2,38,1984.6523343623487,0.17779639893027477
Corn_Oil_80_ZhengChenPelegYbaseSplit,Ridge,folded,7,detrend_d2,39,3488.0475642846877,0.17779780285494162
Corn_Oil_80_ZhengChenPelegYbaseSplit,Ridge,folded,7,detrend_d2,40,6130.280654229233,0.17779860191032595
Corn_Oil_80_ZhengChenPelegYbaseSplit,Ridge,folded,7,detrend_d2,41,10774.033383149646,0.17779905664020157
Corn_Oil_80_ZhengChenPelegYbaseSplit,Ridge,folded,7,detrend_d2,42,18935.478143425695,0.17779931540068739
Corn_Oil_80_ZhengChenPelegYbaseSplit,Ridge,folded,7,detrend_d2,43,33279.304023776436,0.1777994626401218
Corn_Oil_80_ZhengChenPelegYbaseSplit,Ridge,folded,7,detrend_d2,44,58488.73040955984,0.17779954642003734
Corn_Oil_80_ZhengChenPelegYbaseSplit,Ridge,folded,7,detrend_d2,45,102794.56512906883,0.17779959409054485
Corn_Oil_80_ZhengChenPelegYbaseSplit,Ridge,folded,7,detrend_d2,46,180662.54039166684,0.1777996212147027
Corn_Oil_80_ZhengChenPelegYbaseSplit,Ridge,folded,7,detrend_d2,47,317516.33425161196,0.17779963664807513
Corn_Oil_80_ZhengChenPelegYbaseSplit,Ridge,folded,7,detrend_d2,48,558038.3310121527,0.17779964542948634
Corn_Oil_80_ZhengChenPelegYbaseSplit,Ridge,folded,7,detrend_d2,49,980758.2958300965,0.17779965042600107
Corn_Oil_80_ZhengChenPelegYbaseSplit,Ridge,folded,8,fd_d1,0,9.807582958300963e-07,0.06250183369803985
Corn_Oil_80_ZhengChenPelegYbaseSplit,Ridge,folded,8,fd_d1,1,1.7236931253358747e-06,0.0685769391717877
Corn_Oil_80_ZhengChenPelegYbaseSplit,Ridge,folded,8,fd_d1,2,3.029408981766958e-06,0.0750652575363251
Corn_Oil_80_ZhengChenPelegYbaseSplit,Ridge,folded,8,fd_d1,3,5.324218472485968e-06,0.08227478081590371
Corn_Oil_80_ZhengChenPelegYbaseSplit,Ridge,folded,8,fd_d1,4,9.357370534442246e-06,0.09063281712652163
Corn_Oil_80_ZhengChenPelegYbaseSplit,Ridge,folded,8,fd_d1,5,1.644567813498542e-05,0.10058719081152509
Corn_Oil_80_ZhengChenPelegYbaseSplit,Ridge,folded,8,fd_d1,6,2.8903454055178975e-05,0.11246868141069252
Corn_Oil_80_ZhengChenPelegYbaseSplit,Ridge,folded,8,fd_d1,7,5.079812759697939e-05,0.12588198671541512
Corn_Oil_80_ZhengChenPelegYbaseSplit,Ridge,folded,8,fd_d1,8,8.927824897442076e-05,0.1393310548193975
Corn_Oil_80_ZhengChenPelegYbaseSplit,Ridge,folded,8,fd_d1,9,0.0001569074711409757,0.15101085769835815
Corn_Oil_80_ZhengChenPelegYbaseSplit,Ridge,folded,8,fd_d1,10,0.0002757665476493616,0.15991570442730846
Corn_Oil_80_ZhengChenPelegYbaseSplit,Ridge,folded,8,fd_d1,11,0.00048466263747327796,0.16607986069893976
Corn_Oil_80_ZhengChenPelegYbaseSplit,Ridge,folded,8,fd_d1,12,0.000851799734829432,0.17008955303455217
Corn_Oil_80_ZhengChenPelegYbaseSplit,Ridge,folded,8,fd_d1,13,0.0014970470842112218,0.17257450115483658
Corn_Oil_80_ZhengChenPelegYbaseSplit,Ridge,folded,8,fd_d1,14,0.002631076156409108,0.17400900025458813
Corn_Oil_80_ZhengChenPelegYbaseSplit,Ridge,folded,8,fd_d1,15,0.0046241442996911184,0.17472374964361026
Corn_Oil_80_ZhengChenPelegYbaseSplit,Ridge,folded,8,fd_d1,16,0.008126982737568858,0.17497293845336054
Corn_Oil_80_ZhengChenPelegYbaseSplit,Ridge,folded,8,fd_d1,17,0.01428325850928876,0.17500004123527088
Corn_Oil_80_ZhengChenPelegYbaseSplit,Ridge,folded,8,fd_d1,18,0.025102978587622577,0.17505700518658346
Corn_Oil_80_ZhengChenPelegYbaseSplit,Ridge,folded,8,fd_d1,19,0.044118751583249044,0.1753240591942874
Corn_Oil_80_ZhengChenPelegYbaseSplit,Ridge,folded,8,fd_d1,20,0.07753917466288941,0.17580399786896736
Corn_Oil_80_ZhengChenPelegYbaseSplit,Ridge,folded,8,fd_d1,21,0.13627592331249944,0.1763565291003818
Corn_Oil_80_ZhengChenPelegYbaseSplit,Ridge,folded,8,fd_d1,22,0.23950638313361472,0.1768417709243403
Corn_Oil_80_ZhengChenPelegYbaseSplit,Ridge,folded,8,fd_d1,23,0.4209350130778707,0.17720063557944343
Corn_Oil_80_ZhengChenPelegYbaseSplit,Ridge,folded,8,fd_d1,24,0.7397977578577474,0.17743911630906437
Corn_Oil_80_ZhengChenPelegYbaseSplit,Ridge,folded,8,fd_d1,25,1.3002024196787443,0.17758766795746356
Corn_Oil_80_ZhengChenPelegYbaseSplit,Ridge,folded,8,fd_d1,26,2.285119567047304,0.17767672886187386
Corn_Oil_80_ZhengChenPelegYbaseSplit,Ridge,folded,8,fd_d1,27,4.016121918149221,0.17772894707913447
Corn_Oil_80_ZhengChenPelegYbaseSplit,Ridge,folded,8,fd_d1,28,7.058376941859453,0.17775917281934112
Corn_Oil_80_ZhengChenPelegYbaseSplit,Ridge,folded,8,fd_d1,29,12.40517246954807,0.17777654009955318
Corn_Oil_80_ZhengChenPelegYbaseSplit,Ridge,folded,8,fd_d1,30,21.802222418386904,0.17778647715351506
Corn_Oil_80_ZhengChenPelegYbaseSplit,Ridge,folded,8,fd_d1,31,38.31763754576227,0.17779214920410286
Corn_Oil_80_ZhengChenPelegYbaseSplit,Ridge,folded,8,fd_d1,32,67.34365510601211,0.17779538237001172
Corn_Oil_80_ZhengChenPelegYbaseSplit,Ridge,folded,8,fd_d1,33,118.35718936537278,0.17779722389369715
Corn_Oil_80_ZhengChenPelegYbaseSplit,Ridge,folded,8,fd_d1,34,208.0140178375938,0.1777982723102979
Corn_Oil_80_ZhengChenPelegYbaseSplit,Ridge,folded,8,fd_d1,35,365.58684646830477,0.1777988690442845
Corn_Oil_80_ZhengChenPelegYbaseSplit,Ridge,folded,8,fd_d1,36,642.5227669752023,0.17779920864236987
Corn_Oil_80_ZhengChenPelegYbaseSplit,Ridge,folded,8,fd_d1,37,1129.2405896700207,0.17779940188999727
Corn_Oil_80_ZhengChenPelegYbaseSplit,Ridge,folded,8,fd_d1,38,1984.6523343623487,0.17779951185206444
Corn_Oil_80_ZhengChenPelegYbaseSplit,Ridge,folded,8,fd_d1,39,3488.0475642846877,0.17779957442119493
Corn_Oil_80_ZhengChenPelegYbaseSplit,Ridge,folded,8,fd_d1,40,6130.280654229233,0.17779961002290007
Corn_Oil_80_ZhengChenPelegYbaseSplit,Ridge,folded,8,fd_d1,41,10774.033383149646,0.17779963028002257
Corn_Oil_80_ZhengChenPelegYbaseSplit,Ridge,folded,8,fd_d1,42,18935.478143425695,0.17779964180612814
Corn_Oil_80_ZhengChenPelegYbaseSplit,Ridge,folded,8,fd_d1,43,33279.304023776436,0.17779964836435183
Corn_Oil_80_ZhengChenPelegYbaseSplit,Ridge,folded,8,fd_d1,44,58488.73040955984,0.17779965209590104
Corn_Oil_80_ZhengChenPelegYbaseSplit,Ridge,folded,8,fd_d1,45,102794.56512906883,0.17779965421910507
Corn_Oil_80_ZhengChenPelegYbaseSplit,Ridge,folded,8,fd_d1,46,180662.54039166684,0.1777996554271805
Corn_Oil_80_ZhengChenPelegYbaseSplit,Ridge,folded,8,fd_d1,47,317516.33425161196,0.17779965611455953
Corn_Oil_80_ZhengChenPelegYbaseSplit,Ridge,folded,8,fd_d1,48,558038.3310121527,0.17779965650566906
Corn_Oil_80_ZhengChenPelegYbaseSplit,Ridge,folded,8,fd_d1,49,980758.2958300965,0.1777996567282052
Corn_Oil_80_ZhengChenPelegYbaseSplit,Ridge,materialized,0,identity,0,9.807582958300963e-07,0.032918080149791605
Corn_Oil_80_ZhengChenPelegYbaseSplit,Ridge,materialized,0,identity,1,1.7236931253358747e-06,0.03572207869889688
Corn_Oil_80_ZhengChenPelegYbaseSplit,Ridge,materialized,0,identity,2,3.029408981766958e-06,0.03886229046114499
Corn_Oil_80_ZhengChenPelegYbaseSplit,Ridge,materialized,0,identity,3,5.324218472485968e-06,0.042040526387003965
Corn_Oil_80_ZhengChenPelegYbaseSplit,Ridge,materialized,0,identity,4,9.357370534442246e-06,0.04508406321207156
Corn_Oil_80_ZhengChenPelegYbaseSplit,Ridge,materialized,0,identity,5,1.644567813498542e-05,0.04814820420496961
Corn_Oil_80_ZhengChenPelegYbaseSplit,Ridge,materialized,0,identity,6,2.8903454055178975e-05,0.05162557795775522
Corn_Oil_80_ZhengChenPelegYbaseSplit,Ridge,materialized,0,identity,7,5.079812759697939e-05,0.055761006211712184
Corn_Oil_80_ZhengChenPelegYbaseSplit,Ridge,materialized,0,identity,8,8.927824897442076e-05,0.06054079245390518
Corn_Oil_80_ZhengChenPelegYbaseSplit,Ridge,materialized,0,identity,9,0.0001569074711409757,0.06597753094051871
Corn_Oil_80_ZhengChenPelegYbaseSplit,Ridge,materialized,0,identity,10,0.0002757665476493616,0.07230307430271374
Corn_Oil_80_ZhengChenPelegYbaseSplit,Ridge,materialized,0,identity,11,0.00048466263747327796,0.07981410259807027
Corn_Oil_80_ZhengChenPelegYbaseSplit,Ridge,materialized,0,identity,12,0.000851799734829432,0.08853686330970621
Corn_Oil_80_ZhengChenPelegYbaseSplit,Ridge,materialized,0,identity,13,0.0014970470842112218,0.098133759191296
Corn_Oil_80_ZhengChenPelegYbaseSplit,Ridge,materialized,0,identity,14,0.002631076156409108,0.10815549472960768
Corn_Oil_80_ZhengChenPelegYbaseSplit,Ridge,materialized,0,identity,15,0.0046241442996911184,0.11823556325402826
Corn_Oil_80_ZhengChenPelegYbaseSplit,Ridge,materialized,0,identity,16,0.008126982737568858,0.12805315455769065
Corn_Oil_80_ZhengChenPelegYbaseSplit,Ridge,materialized,0,identity,17,0.01428325850928876,0.1373118059467011
Corn_Oil_80_ZhengChenPelegYbaseSplit,Ridge,materialized,0,identity,18,0.025102978587622577,0.14578110748883025
Corn_Oil_80_ZhengChenPelegYbaseSplit,Ridge,materialized,0,identity,19,0.044118751583249044,0.15323045616335412
Corn_Oil_80_ZhengChenPelegYbaseSplit,Ridge,materialized,0,identity,20,0.07753917466288941,0.15937906658471776
Corn_Oil_80_ZhengChenPelegYbaseSplit,Ridge,materialized,0,identity,21,0.13627592331249944,0.16410189913508993
Corn_Oil_80_ZhengChenPelegYbaseSplit,Ridge,materialized,0,identity,22,0.23950638313361472,0.16763859377979645
Corn_Oil_80_ZhengChenPelegYbaseSplit,Ridge,materialized,0,identity,23,0.4209350130778707,0.17043161111883226
Corn_Oil_80_ZhengChenPelegYbaseSplit,Ridge,materialized,0,identity,24,0.7397977578577474,0.1727602429240987
Corn_Oil_80_ZhengChenPelegYbaseSplit,Ridge,materialized,0,identity,25,1.3002024196787443,0.17463081595605506
Corn_Oil_80_ZhengChenPelegYbaseSplit,Ridge,materialized,0,identity,26,2.285119567047304,0.17596642725409506
Corn_Oil_80_ZhengChenPelegYbaseSplit,Ridge,materialized,0,identity,27,4.016121918149221,0.1767633273639134
Corn_Oil_80_ZhengChenPelegYbaseSplit,Ridge,materialized,0,identity,28,7.058376941859453,0.17709478736792847
Corn_Oil_80_ZhengChenPelegYbaseSplit,Ridge,materialized,0,identity,29,12.40517246954807,0.1770760484832262
Corn_Oil_80_ZhengChenPelegYbaseSplit,Ridge,materialized,0,identity,30,21.802222418386904,0.17686376630632186
Corn_Oil_80_ZhengChenPelegYbaseSplit,Ridge,materialized,0,identity,31,38.31763754576227,0.17665340483713143
Corn_Oil_80_ZhengChenPelegYbaseSplit,Ridge,materialized,0,identity,32,67.34365510601211,0.17660697809811662
Corn_Oil_80_ZhengChenPelegYbaseSplit,Ridge,materialized,0,identity,33,118.35718936537278,0.17675522432871205
Corn_Oil_80_ZhengChenPelegYbaseSplit,Ridge,materialized,0,identity,34,208.0140178375938,0.17700817707212413
Corn_Oil_80_ZhengChenPelegYbaseSplit,Ridge,materialized,0,identity,35,365.58684646830477,0.17726029434598847
Corn_Oil_80_ZhengChenPelegYbaseSplit,Ridge,materialized,0,identity,36,642.5227669752023,0.17745732951218338
Corn_Oil_80_ZhengChenPelegYbaseSplit,Ridge,materialized,0,identity,37,1129.2405896700207,0.17759188630966938
Corn_Oil_80_ZhengChenPelegYbaseSplit,Ridge,materialized,0,identity,38,1984.6523343623487,0.17767691353684728
Corn_Oil_80_ZhengChenPelegYbaseSplit,Ridge,materialized,0,identity,39,3488.0475642846877,0.1777282892917696
Corn_Oil_80_ZhengChenPelegYbaseSplit,Ridge,materialized,0,identity,40,6130.280654229233,0.1777585427230977
Corn_Oil_80_ZhengChenPelegYbaseSplit,Ridge,materialized,0,identity,41,10774.033383149646,0.17777609708161607
Corn_Oil_80_ZhengChenPelegYbaseSplit,Ridge,materialized,0,identity,42,18935.478143425695,0.17778619741046325
Corn_Oil_80_ZhengChenPelegYbaseSplit,Ridge,materialized,0,identity,43,33279.304023776436,0.17779198101688684
Corn_Oil_80_ZhengChenPelegYbaseSplit,Ridge,materialized,0,identity,44,58488.73040955984,0.17779528374362477
Corn_Oil_80_ZhengChenPelegYbaseSplit,Ridge,materialized,0,identity,45,102794.56512906883,0.17779716682598817
Corn_Oil_80_ZhengChenPelegYbaseSplit,Ridge,materialized,0,identity,46,180662.54039166684,0.17779823953140833
Corn_Oil_80_ZhengChenPelegYbaseSplit,Ridge,materialized,0,identity,47,317516.33425161196,0.1777988502937122
Corn_Oil_80_ZhengChenPelegYbaseSplit,Ridge,materialized,0,identity,48,558038.3310121527,0.17779919794121551
Corn_Oil_80_ZhengChenPelegYbaseSplit,Ridge,materialized,0,identity,49,980758.2958300965,0.17779939579071483
Corn_Oil_80_ZhengChenPelegYbaseSplit,Ridge,materialized,1,sg_smooth_w11_p2,0,9.807582958300963e-07,0.03094148040918531
Corn_Oil_80_ZhengChenPelegYbaseSplit,Ridge,materialized,1,sg_smooth_w11_p2,1,1.7236931253358747e-06,0.03446464200062564
Corn_Oil_80_ZhengChenPelegYbaseSplit,Ridge,materialized,1,sg_smooth_w11_p2,2,3.029408981766958e-06,0.03817889256146127
Corn_Oil_80_ZhengChenPelegYbaseSplit,Ridge,materialized,1,sg_smooth_w11_p2,3,5.324218472485968e-06,0.041728166254460776
Corn_Oil_80_ZhengChenPelegYbaseSplit,Ridge,materialized,1,sg_smooth_w11_p2,4,9.357370534442246e-06,0.04496603857942368
Corn_Oil_80_ZhengChenPelegYbaseSplit,Ridge,materialized,1,sg_smooth_w11_p2,5,1.644567813498542e-05,0.04811394601991893
Corn_Oil_80_ZhengChenPelegYbaseSplit,Ridge,materialized,1,sg_smooth_w11_p2,6,2.8903454055178975e-05,0.05162857801389702
Corn_Oil_80_ZhengChenPelegYbaseSplit,Ridge,materialized,1,sg_smooth_w11_p2,7,5.079812759697939e-05,0.05579070596848644
Corn_Oil_80_ZhengChenPelegYbaseSplit,Ridge,materialized,1,sg_smooth_w11_p2,8,8.927824897442076e-05,0.06060023366934887
Corn_Oil_80_ZhengChenPelegYbaseSplit,Ridge,materialized,1,sg_smooth_w11_p2,9,0.0001569074711409757,0.06607785977103646
Corn_Oil_80_ZhengChenPelegYbaseSplit,Ridge,materialized,1,sg_smooth_w11_p2,10,0.0002757665476493616,0.07245963031951358
Corn_Oil_80_ZhengChenPelegYbaseSplit,Ridge,materialized,1,sg_smooth_w11_p2,11,0.00048466263747327796,0.08003330065059484
Corn_Oil_80_ZhengChenPelegYbaseSplit,Ridge,materialized,1,sg_smooth_w11_p2,12,0.000851799734829432,0.08880275321670189
Corn_Oil_80_ZhengChenPelegYbaseSplit,Ridge,materialized,1,sg_smooth_w11_p2,13,0.0014970470842112218,0.09841344937491578
Corn_Oil_80_ZhengChenPelegYbaseSplit,Ridge,materialized,1,sg_smooth_w11_p2,14,0.002631076156409108,0.10841568722874959
Corn_Oil_80_ZhengChenPelegYbaseSplit,Ridge,materialized,1,sg_smooth_w11_p2,15,0.0046241442996911184,0.1184488168310931
Corn_Oil_80_ZhengChenPelegYbaseSplit,Ridge,materialized,1,sg_smooth_w11_p2,16,0.008126982737568858,0.1282003067923954
Corn_Oil_80_ZhengChenPelegYbaseSplit,Ridge,materialized,1,sg_smooth_w11_p2,17,0.01428325850928876,0.13739045651146858
Corn_Oil_80_ZhengChenPelegYbaseSplit,Ridge,materialized,1,sg_smooth_w11_p2,18,0.025102978587622577,0.14580791919766564
Corn_Oil_80_ZhengChenPelegYbaseSplit,Ridge,materialized,1,sg_smooth_w11_p2,19,0.044118751583249044,0.1532289499407642
Corn_Oil_80_ZhengChenPelegYbaseSplit,Ridge,materialized,1,sg_smooth_w11_p2,20,0.07753917466288941,0.15936615946595883
Corn_Oil_80_ZhengChenPelegYbaseSplit,Ridge,materialized,1,sg_smooth_w11_p2,21,0.13627592331249944,0.16408641273061203
Corn_Oil_80_ZhengChenPelegYbaseSplit,Ridge,materialized,1,sg_smooth_w11_p2,22,0.23950638313361472,0.1676259621624885
Corn_Oil_80_ZhengChenPelegYbaseSplit,Ridge,materialized,1,sg_smooth_w11_p2,23,0.4209350130778707,0.1704251305627588
Corn_Oil_80_ZhengChenPelegYbaseSplit,Ridge,materialized,1,sg_smooth_w11_p2,24,0.7397977578577474,0.17275984967057917
Corn_Oil_80_ZhengChenPelegYbaseSplit,Ridge,materialized,1,sg_smooth_w11_p2,25,1.3002024196787443,0.1746340505783954
Corn_Oil_80_ZhengChenPelegYbaseSplit,Ridge,materialized,1,sg_smooth_w11_p2,26,2.285119567047304,0.17597081335444165
Corn_Oil_80_ZhengChenPelegYbaseSplit,Ridge,materialized,1,sg_smooth_w11_p2,27,4.016121918149221,0.17676745887535916
Corn_Oil_80_ZhengChenPelegYbaseSplit,Ridge,materialized,1,sg_smooth_w11_p2,28,7.058376941859453,0.17709814878109928
Corn_Oil_80_ZhengChenPelegYbaseSplit,Ridge,materialized,1,sg_smooth_w11_p2,29,12.40517246954807,0.17707864203986884
Corn_Oil_80_ZhengChenPelegYbaseSplit,Ridge,materialized,1,sg_smooth_w11_p2,30,21.802222418386904,0.17686592327322548
Corn_Oil_80_ZhengChenPelegYbaseSplit,Ridge,materialized,1,sg_smooth_w11_p2,31,38.31763754576227,0.1766555749862126
Corn_Oil_80_ZhengChenPelegYbaseSplit,Ridge,materialized,1,sg_smooth_w11_p2,32,67.34365510601211,0.17660936035753347
Corn_Oil_80_ZhengChenPelegYbaseSplit,Ridge,materialized,1,sg_smooth_w11_p2,33,118.35718936537278,0.17675760220866807
Corn_Oil_80_ZhengChenPelegYbaseSplit,Ridge,materialized,1,sg_smooth_w11_p2,34,208.0140178375938,0.17701020017761185
Corn_Oil_80_ZhengChenPelegYbaseSplit,Ridge,materialized,1,sg_smooth_w11_p2,35,365.58684646830477,0.1772617892626911
Corn_Oil_80_ZhengChenPelegYbaseSplit,Ridge,materialized,1,sg_smooth_w11_p2,36,642.5227669752023,0.1774583283042695
Corn_Oil_80_ZhengChenPelegYbaseSplit,Ridge,materialized,1,sg_smooth_w11_p2,37,1129.2405896700207,0.17759251160487513
Corn_Oil_80_ZhengChenPelegYbaseSplit,Ridge,materialized,1,sg_smooth_w11_p2,38,1984.6523343623487,0.17767728974037
Corn_Oil_80_ZhengChenPelegYbaseSplit,Ridge,materialized,1,sg_smooth_w11_p2,39,3488.0475642846877,0.17772851035718032
Corn_Oil_80_ZhengChenPelegYbaseSplit,Ridge,materialized,1,sg_smooth_w11_p2,40,6130.280654229233,0.1777586708540887
Corn_Oil_80_ZhengChenPelegYbaseSplit,Ridge,materialized,1,sg_smooth_w11_p2,41,10774.033383149646,0.1777761707613666
Corn_Oil_80_ZhengChenPelegYbaseSplit,Ridge,materialized,1,sg_smooth_w11_p2,42,18935.478143425695,0.177786239586926
Corn_Oil_80_ZhengChenPelegYbaseSplit,Ridge,materialized,1,sg_smooth_w11_p2,43,33279.304023776436,0.17779200509737386
Corn_Oil_80_ZhengChenPelegYbaseSplit,Ridge,materialized,1,sg_smooth_w11_p2,44,58488.73040955984,0.1777952974719515
Corn_Oil_80_ZhengChenPelegYbaseSplit,Ridge,materialized,1,sg_smooth_w11_p2,45,102794.56512906883,0.17779717464593325
Corn_Oil_80_ZhengChenPelegYbaseSplit,Ridge,materialized,1,sg_smooth_w11_p2,46,180662.54039166684,0.17779824398367577
Corn_Oil_80_ZhengChenPelegYbaseSplit,Ridge,materialized,1,sg_smooth_w11_p2,47,317516.33425161196,0.1777988528279074
Corn_Oil_80_ZhengChenPelegYbaseSplit,Ridge,materialized,1,sg_smooth_w11_p2,48,558038.3310121527,0.17779919938343489
Corn_Oil_80_ZhengChenPelegYbaseSplit,Ridge,materialized,1,sg_smooth_w11_p2,49,980758.2958300965,0.1777993966114143
Corn_Oil_80_ZhengChenPelegYbaseSplit,Ridge,materialized,2,sg_smooth_w21_p3,0,9.807582958300963e-07,0.03312531027686746
Corn_Oil_80_ZhengChenPelegYbaseSplit,Ridge,materialized,2,sg_smooth_w21_p3,1,1.7236931253358747e-06,0.03661362573408436
Corn_Oil_80_ZhengChenPelegYbaseSplit,Ridge,materialized,2,sg_smooth_w21_p3,2,3.029408981766958e-06,0.04022764439154699
Corn_Oil_80_ZhengChenPelegYbaseSplit,Ridge,materialized,2,sg_smooth_w21_p3,3,5.324218472485968e-06,0.04354370137005389
Corn_Oil_80_ZhengChenPelegYbaseSplit,Ridge,materialized,2,sg_smooth_w21_p3,4,9.357370534442246e-06,0.04646565462339594
Corn_Oil_80_ZhengChenPelegYbaseSplit,Ridge,materialized,2,sg_smooth_w21_p3,5,1.644567813498542e-05,0.049304859673884385
Corn_Oil_80_ZhengChenPelegYbaseSplit,Ridge,materialized,2,sg_smooth_w21_p3,6,2.8903454055178975e-05,0.052565869036346156
Corn_Oil_80_ZhengChenPelegYbaseSplit,Ridge,materialized,2,sg_smooth_w21_p3,7,5.079812759697939e-05,0.05652988454133401
Corn_Oil_80_ZhengChenPelegYbaseSplit,Ridge,materialized,2,sg_smooth_w21_p3,8,8.927824897442076e-05,0.061197298311271665
Corn_Oil_80_ZhengChenPelegYbaseSplit,Ridge,materialized,2,sg_smooth_w21_p3,9,0.0001569074711409757,0.06659891363973203
Corn_Oil_80_ZhengChenPelegYbaseSplit,Ridge,materialized,2,sg_smooth_w21_p3,10,0.0002757665476493616,0.07297140460819966
Corn_Oil_80_ZhengChenPelegYbaseSplit,Ridge,materialized,2,sg_smooth_w21_p3,11,0.00048466263747327796,0.08057817011085996
Corn_Oil_80_ZhengChenPelegYbaseSplit,Ridge,materialized,2,sg_smooth_w21_p3,12,0.000851799734829432,0.08938039874668846
Corn_Oil_80_ZhengChenPelegYbaseSplit,Ridge,materialized,2,sg_smooth_w21_p3,13,0.0014970470842112218,0.09899316407142865
Corn_Oil_80_ZhengChenPelegYbaseSplit,Ridge,materialized,2,sg_smooth_w21_p3,14,0.002631076156409108,0.10896166022643419
Corn_Oil_80_ZhengChenPelegYbaseSplit,Ridge,materialized,2,sg_smooth_w21_p3,15,0.0046241442996911184,0.11892829109772995
Corn_Oil_80_ZhengChenPelegYbaseSplit,Ridge,materialized,2,sg_smooth_w21_p3,16,0.008126982737568858,0.12858572565882853
Corn_Oil_80_ZhengChenPelegYbaseSplit,Ridge,materialized,2,sg_smooth_w21_p3,17,0.01428325850928876,0.13767080479650345
Corn_Oil_80_ZhengChenPelegYbaseSplit,Ridge,materialized,2,sg_smooth_w21_p3,18,0.025102978587622577,0.14599500299631382
Corn_Oil_80_ZhengChenPelegYbaseSplit,Ridge,materialized,2,sg_smooth_w21_p3,19,0.044118751583249044,0.15334691492378008
Corn_Oil_80_ZhengChenPelegYbaseSplit,Ridge,materialized,2,sg_smooth_w21_p3,20,0.07753917466288941,0.15943724203338272
Corn_Oil_80_ZhengChenPelegYbaseSplit,Ridge,materialized,2,sg_smooth_w21_p3,21,0.13627592331249944,0.164127318894317
Corn_Oil_80_ZhengChenPelegYbaseSplit,Ridge,materialized,2,sg_smooth_w21_p3,22,0.23950638313361472,0.16765012520333847
Corn_Oil_80_ZhengChenPelegYbaseSplit,Ridge,materialized,2,sg_smooth_w21_p3,23,0.4209350130778707,0.17044228896789895
Corn_Oil_80_ZhengChenPelegYbaseSplit,Ridge,materialized,2,sg_smooth_w21_p3,24,0.7397977578577474,0.17277443836361264
Corn_Oil_80_ZhengChenPelegYbaseSplit,Ridge,materialized,2,sg_smooth_w21_p3,25,1.3002024196787443,0.1746466088400161
Corn_Oil_80_ZhengChenPelegYbaseSplit,Ridge,materialized,2,sg_smooth_w21_p3,26,2.285119567047304,0.175980890557694
Corn_Oil_80_ZhengChenPelegYbaseSplit,Ridge,materialized,2,sg_smooth_w21_p3,27,4.016121918149221,0.17677501672725432
Corn_Oil_80_ZhengChenPelegYbaseSplit,Ridge,materialized,2,sg_smooth_w21_p3,28,7.058376941859453,0.17710356461752014
Corn_Oil_80_ZhengChenPelegYbaseSplit,Ridge,materialized,2,sg_smooth_w21_p3,29,12.40517246954807,0.17708247496849863
Corn_Oil_80_ZhengChenPelegYbaseSplit,Ridge,materialized,2,sg_smooth_w21_p3,30,21.802222418386904,0.17686883679095639
Corn_Oil_80_ZhengChenPelegYbaseSplit,Ridge,materialized,2,sg_smooth_w21_p3,31,38.31763754576227,0.17665820955691108
Corn_Oil_80_ZhengChenPelegYbaseSplit,Ridge,materialized,2,sg_smooth_w21_p3,32,67.34365510601211,0.1766120238960756
Corn_Oil_80_ZhengChenPelegYbaseSplit,Ridge,materialized,2,sg_smooth_w21_p3,33,118.35718936537278,0.1767601453078483
Corn_Oil_80_ZhengChenPelegYbaseSplit,Ridge,materialized,2,sg_smooth_w21_p3,34,208.0140178375938,0.1770123174038781
Corn_Oil_80_ZhengChenPelegYbaseSplit,Ridge,materialized,2,sg_smooth_w21_p3,35,365.58684646830477,0.17726333688075735
Corn_Oil_80_ZhengChenPelegYbaseSplit,Ridge,materialized,2,sg_smooth_w21_p3,36,642.5227669752023,0.17745935649450656
Corn_Oil_80_ZhengChenPelegYbaseSplit,Ridge,materialized,2,sg_smooth_w21_p3,37,1129.2405896700207,0.17759315335253567
Corn_Oil_80_ZhengChenPelegYbaseSplit,Ridge,materialized,2,sg_smooth_w21_p3,38,1984.6523343623487,0.17767767519676939
Corn_Oil_80_ZhengChenPelegYbaseSplit,Ridge,materialized,2,sg_smooth_w21_p3,39,3488.0475642846877,0.1777287366482026
Corn_Oil_80_ZhengChenPelegYbaseSplit,Ridge,materialized,2,sg_smooth_w21_p3,40,6130.280654229233,0.17775880194489896
Corn_Oil_80_ZhengChenPelegYbaseSplit,Ridge,materialized,2,sg_smooth_w21_p3,41,10774.033383149646,0.17777624612069368
Corn_Oil_80_ZhengChenPelegYbaseSplit,Ridge,materialized,2,sg_smooth_w21_p3,42,18935.478143425695,0.17778628271755234
Corn_Oil_80_ZhengChenPelegYbaseSplit,Ridge,materialized,2,sg_smooth_w21_p3,43,33279.304023776436,0.17779202972027838
Corn_Oil_80_ZhengChenPelegYbaseSplit,Ridge,materialized,2,sg_smooth_w21_p3,44,58488.73040955984,0.17779531150874722
Corn_Oil_80_ZhengChenPelegYbaseSplit,Ridge,materialized,2,sg_smooth_w21_p3,45,102794.56512906883,0.1777971826413413
Corn_Oil_80_ZhengChenPelegYbaseSplit,Ridge,materialized,2,sg_smooth_w21_p3,46,180662.54039166684,0.17779824853576248
Corn_Oil_80_ZhengChenPelegYbaseSplit,Ridge,materialized,2,sg_smooth_w21_p3,47,317516.33425161196,0.17779885541889304
Corn_Oil_80_ZhengChenPelegYbaseSplit,Ridge,materialized,2,sg_smooth_w21_p3,48,558038.3310121527,0.1777992008579655
Corn_Oil_80_ZhengChenPelegYbaseSplit,Ridge,materialized,2,sg_smooth_w21_p3,49,980758.2958300965,0.17779939745049778
Corn_Oil_80_ZhengChenPelegYbaseSplit,Ridge,materialized,3,sg_d1_w11_p2,0,9.807582958300963e-07,0.06272809232167317
Corn_Oil_80_ZhengChenPelegYbaseSplit,Ridge,materialized,3,sg_d1_w11_p2,1,1.7236931253358747e-06,0.0697715915096826
Corn_Oil_80_ZhengChenPelegYbaseSplit,Ridge,materialized,3,sg_d1_w11_p2,2,3.029408981766958e-06,0.07722391450525379
Corn_Oil_80_ZhengChenPelegYbaseSplit,Ridge,materialized,3,sg_d1_w11_p2,3,5.324218472485968e-06,0.08570912935897133
Corn_Oil_80_ZhengChenPelegYbaseSplit,Ridge,materialized,3,sg_d1_w11_p2,4,9.357370534442246e-06,0.09558806533902259
Corn_Oil_80_ZhengChenPelegYbaseSplit,Ridge,materialized,3,sg_d1_w11_p2,5,1.644567813498542e-05,0.10706011107613564
Corn_Oil_80_ZhengChenPelegYbaseSplit,Ridge,materialized,3,sg_d1_w11_p2,6,2.8903454055178975e-05,0.1199918740316231
Corn_Oil_80_ZhengChenPelegYbaseSplit,Ridge,materialized,3,sg_d1_w11_p2,7,5.079812759697939e-05,0.13336982233694172
Corn_Oil_80_ZhengChenPelegYbaseSplit,Ridge,materialized,3,sg_d1_w11_p2,8,8.927824897442076e-05,0.14554939111873116
Corn_Oil_80_ZhengChenPelegYbaseSplit,Ridge,materialized,3,sg_d1_w11_p2,9,0.0001569074711409757,0.15533294212267995
Corn_Oil_80_ZhengChenPelegYbaseSplit,Ridge,materialized,3,sg_d1_w11_p2,10,0.0002757665476493616,0.1624858937940386
Corn_Oil_80_ZhengChenPelegYbaseSplit,Ridge,materialized,3,sg_d1_w11_p2,11,0.00048466263747327796,0.1673711054222386
Corn_Oil_80_ZhengChenPelegYbaseSplit,Ridge,materialized,3,sg_d1_w11_p2,12,0.000851799734829432,0.17049072144059685
Corn_Oil_80_ZhengChenPelegYbaseSplit,Ridge,materialized,3,sg_d1_w11_p2,13,0.0014970470842112218,0.17232092332521365
Corn_Oil_80_ZhengChenPelegYbaseSplit,Ridge,materialized,3,sg_d1_w11_p2,14,0.002631076156409108,0.17330505498775037
Corn_Oil_80_ZhengChenPelegYbaseSplit,Ridge,materialized,3,sg_d1_w11_p2,15,0.0046241442996911184,0.17386724859145508
Corn_Oil_80_ZhengChenPelegYbaseSplit,Ridge,materialized,3,sg_d1_w11_p2,16,0.008126982737568858,0.17436976250612082
Corn_Oil_80_ZhengChenPelegYbaseSplit,Ridge,materialized,3,sg_d1_w11_p2,17,0.01428325850928876,0.17499780496565798
Corn_Oil_80_ZhengChenPelegYbaseSplit,Ridge,materialized,3,sg_d1_w11_p2,18,0.025102978587622577,0.17571276119946672
Corn_Oil_80_ZhengChenPelegYbaseSplit,Ridge,materialized,3,sg_d1_w11_p2,19,0.044118751583249044,0.17637475823469456
Corn_Oil_80_ZhengChenPelegYbaseSplit,Ridge,materialized,3,sg_d1_w11_p2,20,0.07753917466288941,0.17688958878825217
Corn_Oil_80_ZhengChenPelegYbaseSplit,Ridge,materialized,3,sg_d1_w11_p2,21,0.13627592331249944,0.1772442022216721
Corn_Oil_80_ZhengChenPelegYbaseSplit,Ridge,materialized,3,sg_d1_w11_p2,22,0.23950638313361472,0.1774702252302403
Corn_Oil_80_ZhengChenPelegYbaseSplit,Ridge,materialized,3,sg_d1_w11_p2,23,0.4209350130778707,0.1776076363412348
Corn_Oil_80_ZhengChenPelegYbaseSplit,Ridge,materialized,3,sg_d1_w11_p2,24,0.7397977578577474,0.17768886969583053
Corn_Oil_80_ZhengChenPelegYbaseSplit,Ridge,materialized,3,sg_d1_w11_p2,25,1.3002024196787443,0.17773611601256573
Corn_Oil_80_ZhengChenPelegYbaseSplit,Ridge,materialized,3,sg_d1_w11_p2,26,2.285119567047304,0.17776333799181282
Corn_Oil_80_ZhengChenPelegYbaseSplit,Ridge,materialized,3,sg_d1_w11_p2,27,4.016121918149221,0.17777893822745433
Corn_Oil_80_ZhengChenPelegYbaseSplit,Ridge,materialized,3,sg_d1_w11_p2,28,7.058376941859453,0.17778785084392212
Corn_Oil_80_ZhengChenPelegYbaseSplit,Ridge,materialized,3,sg_d1_w11_p2,29,12.40517246954807,0.1777929338007756
Corn_Oil_80_ZhengChenPelegYbaseSplit,Ridge,materialized,3,sg_d1_w11_p2,30,21.802222418386904,0.1777958297634486
Corn_Oil_80_ZhengChenPelegYbaseSplit,Ridge,materialized,3,sg_d1_w11_p2,31,38.31763754576227,0.1777974787684639
Corn_Oil_80_ZhengChenPelegYbaseSplit,Ridge,materialized,3,sg_d1_w11_p2,32,67.34365510601211,0.17779841743231528
Corn_Oil_80_ZhengChenPelegYbaseSplit,Ridge,materialized,3,sg_d1_w11_p2,33,118.35718936537278,0.17779895164970222
Corn_Oil_80_ZhengChenPelegYbaseSplit,Ridge,materialized,3,sg_d1_w11_p2,34,208.0140178375938,0.1777992556544105
Corn_Oil_80_ZhengChenPelegYbaseSplit,Ridge,materialized,3,sg_d1_w11_p2,35,365.58684646830477,0.17779942864267162
Corn_Oil_80_ZhengChenPelegYbaseSplit,Ridge,materialized,3,sg_d1_w11_p2,36,642.5227669752023,0.17779952707509572
Corn_Oil_80_ZhengChenPelegYbaseSplit,Ridge,materialized,3,sg_d1_w11_p2,37,1129.2405896700207,0.17779958308325766
Corn_Oil_80_ZhengChenPelegYbaseSplit,Ridge,materialized,3,sg_d1_w11_p2,38,1984.6523343623487,0.17779961495161492
Corn_Oil_80_ZhengChenPelegYbaseSplit,Ridge,materialized,3,sg_d1_w11_p2,39,3488.0475642846877,0.17779963308443325
Corn_Oil_80_ZhengChenPelegYbaseSplit,Ridge,materialized,3,sg_d1_w11_p2,40,6130.280654229233,0.17779964340181256
Corn_Oil_80_ZhengChenPelegYbaseSplit,Ridge,materialized,3,sg_d1_w11_p2,41,10774.033383149646,0.17779964927227881
Corn_Oil_80_ZhengChenPelegYbaseSplit,Ridge,materialized,3,sg_d1_w11_p2,42,18935.478143425695,0.17779965261250064
Corn_Oil_80_ZhengChenPelegYbaseSplit,Ridge,materialized,3,sg_d1_w11_p2,43,33279.304023776436,0.17779965451304375
Corn_Oil_80_ZhengChenPelegYbaseSplit,Ridge,materialized,3,sg_d1_w11_p2,44,58488.73040955984,0.17779965559442779
Corn_Oil_80_ZhengChenPelegYbaseSplit,Ridge,materialized,3,sg_d1_w11_p2,45,102794.56512906883,0.17779965620972102
Corn_Oil_80_ZhengChenPelegYbaseSplit,Ridge,materialized,3,sg_d1_w11_p2,46,180662.54039166684,0.1777996565598147
Corn_Oil_80_ZhengChenPelegYbaseSplit,Ridge,materialized,3,sg_d1_w11_p2,47,317516.33425161196,0.17779965675901338
Corn_Oil_80_ZhengChenPelegYbaseSplit,Ridge,materialized,3,sg_d1_w11_p2,48,558038.3310121527,0.1777996568723547
Corn_Oil_80_ZhengChenPelegYbaseSplit,Ridge,materialized,3,sg_d1_w11_p2,49,980758.2958300965,0.17779965693684438
Corn_Oil_80_ZhengChenPelegYbaseSplit,Ridge,materialized,4,sg_d1_w21_p3,0,9.807582958300963e-07,0.06084035458696059
Corn_Oil_80_ZhengChenPelegYbaseSplit,Ridge,materialized,4,sg_d1_w21_p3,1,1.7236931253358747e-06,0.06802795141252385
Corn_Oil_80_ZhengChenPelegYbaseSplit,Ridge,materialized,4,sg_d1_w21_p3,2,3.029408981766958e-06,0.075458813923092
Corn_Oil_80_ZhengChenPelegYbaseSplit,Ridge,materialized,4,sg_d1_w21_p3,3,5.324218472485968e-06,0.08374833069038942
Corn_Oil_80_ZhengChenPelegYbaseSplit,Ridge,materialized,4,sg_d1_w21_p3,4,9.357370534442246e-06,0.09330084939707142
Corn_Oil_80_ZhengChenPelegYbaseSplit,Ridge,materialized,4,sg_d1_w21_p3,5,1.644567813498542e-05,0.10437768529750198
Corn_Oil_80_ZhengChenPelegYbaseSplit,Ridge,materialized,4,sg_d1_w21_p3,6,2.8903454055178975e-05,0.11701368569461341
Corn_Oil_80_ZhengChenPelegYbaseSplit,Ridge,materialized,4,sg_d1_w21_p3,7,5.079812759697939e-05,0.13042860367120132
Corn_Oil_80_ZhengChenPelegYbaseSplit,Ridge,materialized,4,sg_d1_w21_p3,8,8.927824897442076e-05,0.1430258326790288
Corn_Oil_80_ZhengChenPelegYbaseSplit,Ridge,materialized,4,sg_d1_w21_p3,9,0.0001569074711409757,0.1534198035917542
Corn_Oil_80_ZhengChenPelegYbaseSplit,Ridge,materialized,4,sg_d1_w21_p3,10,0.0002757665476493616,0.16116327931825394
Corn_Oil_80_ZhengChenPelegYbaseSplit,Ridge,materialized,4,sg_d1_w21_p3,11,0.00048466263747327796,0.1665185698751286
Corn_Oil_80_ZhengChenPelegYbaseSplit,Ridge,materialized,4,sg_d1_w21_p3,12,0.000851799734829432,0.16997619187297203
Corn_Oil_80_ZhengChenPelegYbaseSplit,Ridge,materialized,4,sg_d1_w21_p3,13,0.0014970470842112218,0.17203197699289904
Corn_Oil_80_ZhengChenPelegYbaseSplit,Ridge,materialized,4,sg_d1_w21_p3,14,0.002631076156409108,0.1731500946742514
Corn_Oil_80_ZhengChenPelegYbaseSplit,Ridge,materialized,4,sg_d1_w21_p3,15,0.0046241442996911184,0.173770905765728
Corn_Oil_80_ZhengChenPelegYbaseSplit,Ridge,materialized,4,sg_d1_w21_p3,16,0.008126982737568858,0.1742791821824647
Corn_Oil_80_ZhengChenPelegYbaseSplit,Ridge,materialized,4,sg_d1_w21_p3,17,0.01428325850928876,0.1748954440329375
Corn_Oil_80_ZhengChenPelegYbaseSplit,Ridge,materialized,4,sg_d1_w21_p3,18,0.025102978587622577,0.17561039751700336
Corn_Oil_80_ZhengChenPelegYbaseSplit,Ridge,materialized,4,sg_d1_w21_p3,19,0.044118751583249044,0.17628923973161167
Corn_Oil_80_ZhengChenPelegYbaseSplit,Ridge,materialized,4,sg_d1_w21_p3,20,0.07753917466288941,0.17682764954466534
Corn_Oil_80_ZhengChenPelegYbaseSplit,Ridge,materialized,4,sg_d1_w21_p3,21,0.13627592331249944,0.17720344640770824
Corn_Oil_80_ZhengChenPelegYbaseSplit,Ridge,materialized,4,sg_d1_w21_p3,22,0.23950638313361472,0.17744496683912728
Corn_Oil_80_ZhengChenPelegYbaseSplit,Ridge,materialized,4,sg_d1_w21_p3,23,0.4209350130778707,0.17759253456703883
Corn_Oil_80_ZhengChenPelegYbaseSplit,Ridge,materialized,4,sg_d1_w21_p3,24,0.7397977578577474,0.17768002855869447
Corn_Oil_80_ZhengChenPelegYbaseSplit,Ridge,materialized,4,sg_d1_w21_p3,25,1.3002024196787443,0.17773100276401413
Corn_Oil_80_ZhengChenPelegYbaseSplit,Ridge,materialized,4,sg_d1_w21_p3,26,2.285119567047304,0.1777604013871975
Corn_Oil_80_ZhengChenPelegYbaseSplit,Ridge,materialized,4,sg_d1_w21_p3,27,4.016121918149221,0.17777725843903835
Corn_Oil_80_ZhengChenPelegYbaseSplit,Ridge,materialized,4,sg_d1_w21_p3,28,7.058376941859453,0.17778689217021176
Corn_Oil_80_ZhengChenPelegYbaseSplit,Ridge,materialized,4,sg_d1_w21_p3,29,12.40517246954807,0.17779238738767095
Corn_Oil_80_ZhengChenPelegYbaseSplit,Ridge,materialized,4,sg_d1_w21_p3,30,21.802222418386904,0.1777955185566696
Corn_Oil_80_ZhengChenPelegYbaseSplit,Ridge,materialized,4,sg_d1_w21_p3,31,38.31763754576227,0.17779730159712281
Corn_Oil_80_ZhengChenPelegYbaseSplit,Ridge,materialized,4,sg_d1_w21_p3,32,67.34365510601211,0.1777983165921746
Corn_Oil_80_ZhengChenPelegYbaseSplit,Ridge,materialized,4,sg_d1_w21_p3,33,118.35718936537278,0.17779889426264311
Corn_Oil_80_ZhengChenPelegYbaseSplit,Ridge,materialized,4,sg_d1_w21_p3,34,208.0140178375938,0.1777992229985848
Corn_Oil_80_ZhengChenPelegYbaseSplit,Ridge,materialized,4,sg_d1_w21_p3,35,365.58684646830477,0.17779941006085703
Corn_Oil_80_ZhengChenPelegYbaseSplit,Ridge,materialized,4,sg_d1_w21_p3,36,642.5227669752023,0.1777995165019402
Corn_Oil_80_ZhengChenPelegYbaseSplit,Ridge,materialized,4,sg_d1_w21_p3,37,1129.2405896700207,0.17779957706715988
Corn_Oil_80_ZhengChenPelegYbaseSplit,Ridge,materialized,4,sg_d1_w21_p3,38,1984.6523343623487,0.17779961152849896
Corn_Oil_80_ZhengChenPelegYbaseSplit,Ridge,materialized,4,sg_d1_w21_p3,39,3488.0475642846877,0.17779963113671418
Corn_Oil_80_ZhengChenPelegYbaseSplit,Ridge,materialized,4,sg_d1_w21_p3,40,6130.280654229233,0.17779964229358258
Corn_Oil_80_ZhengChenPelegYbaseSplit,Ridge,materialized,4,sg_d1_w21_p3,41,10774.033383149646,0.17779964864170966
Corn_Oil_80_ZhengChenPelegYbaseSplit,Ridge,materialized,4,sg_d1_w21_p3,42,18935.478143425695,0.17779965225371477
Corn_Oil_80_ZhengChenPelegYbaseSplit,Ridge,materialized,4,sg_d1_w21_p3,43,33279.304023776436,0.17779965430889919
Corn_Oil_80_ZhengChenPelegYbaseSplit,Ridge,materialized,4,sg_d1_w21_p3,44,58488.73040955984,0.17779965547827228
Corn_Oil_80_ZhengChenPelegYbaseSplit,Ridge,materialized,4,sg_d1_w21_p3,45,102794.56512906883,0.17779965614363014
Corn_Oil_80_ZhengChenPelegYbaseSplit,Ridge,materialized,4,sg_d1_w21_p3,46,180662.54039166684,0.17779965652220986
Corn_Oil_80_ZhengChenPelegYbaseSplit,Ridge,materialized,4,sg_d1_w21_p3,47,317516.33425161196,0.17779965673761666
Corn_Oil_80_ZhengChenPelegYbaseSplit,Ridge,materialized,4,sg_d1_w21_p3,48,558038.3310121527,0.17779965686018026
Corn_Oil_80_ZhengChenPelegYbaseSplit,Ridge,materialized,4,sg_d1_w21_p3,49,980758.2958300965,0.17779965692991734
Corn_Oil_80_ZhengChenPelegYbaseSplit,Ridge,materialized,5,sg_d2_w11_p2,0,9.807582958300963e-07,0.10999855459542422
Corn_Oil_80_ZhengChenPelegYbaseSplit,Ridge,materialized,5,sg_d2_w11_p2,1,1.7236931253358747e-06,0.12290548441593815
Corn_Oil_80_ZhengChenPelegYbaseSplit,Ridge,materialized,5,sg_d2_w11_p2,2,3.029408981766958e-06,0.13670216525746887
Corn_Oil_80_ZhengChenPelegYbaseSplit,Ridge,materialized,5,sg_d2_w11_p2,3,5.324218472485968e-06,0.14917446879122792
Corn_Oil_80_ZhengChenPelegYbaseSplit,Ridge,materialized,5,sg_d2_w11_p2,4,9.357370534442246e-06,0.1588686857481845
Corn_Oil_80_ZhengChenPelegYbaseSplit,Ridge,materialized,5,sg_d2_w11_p2,5,1.644567813498542e-05,0.16560875716375698
Corn_Oil_80_ZhengChenPelegYbaseSplit,Ridge,materialized,5,sg_d2_w11_p2,6,2.8903454055178975e-05,0.1699511156845802
Corn_Oil_80_ZhengChenPelegYbaseSplit,Ridge,materialized,5,sg_d2_w11_p2,7,5.079812759697939e-05,0.1725767123523732
Corn_Oil_80_ZhengChenPelegYbaseSplit,Ridge,materialized,5,sg_d2_w11_p2,8,8.927824897442076e-05,0.17403587309571736
Corn_Oil_80_ZhengChenPelegYbaseSplit,Ridge,materialized,5,sg_d2_w11_p2,9,0.0001569074711409757,0.17472746753273927
Corn_Oil_80_ZhengChenPelegYbaseSplit,Ridge,materialized,5,sg_d2_w11_p2,10,0.0002757665476493616,0.17496093769968865
Corn_Oil_80_ZhengChenPelegYbaseSplit,Ridge,materialized,5,sg_d2_w11_p2,11,0.00048466263747327796,0.17502276562045926
Corn_Oil_80_ZhengChenPelegYbaseSplit,Ridge,materialized,5,sg_d2_w11_p2,12,0.000851799734829432,0.17517128090050232
Corn_Oil_80_ZhengChenPelegYbaseSplit,Ridge,materialized,5,sg_d2_w11_p2,13,0.0014970470842112218,0.17553602575363875
Corn_Oil_80_ZhengChenPelegYbaseSplit,Ridge,materialized,5,sg_d2_w11_p2,14,0.002631076156409108,0.17605800657193477
Corn_Oil_80_ZhengChenPelegYbaseSplit,Ridge,materialized,5,sg_d2_w11_p2,15,0.0046241442996911184,0.17658707878262683
Corn_Oil_80_ZhengChenPelegYbaseSplit,Ridge,materialized,5,sg_d2_w11_p2,16,0.008126982737568858,0.17701622046716375
Corn_Oil_80_ZhengChenPelegYbaseSplit,Ridge,materialized,5,sg_d2_w11_p2,17,0.01428325850928876,0.17731826413381527
Corn_Oil_80_ZhengChenPelegYbaseSplit,Ridge,materialized,5,sg_d2_w11_p2,18,0.025102978587622577,0.17751303759477105
Corn_Oil_80_ZhengChenPelegYbaseSplit,Ridge,materialized,5,sg_d2_w11_p2,19,0.044118751583249044,0.17763221721242503
Corn_Oil_80_ZhengChenPelegYbaseSplit,Ridge,materialized,5,sg_d2_w11_p2,20,0.07753917466288941,0.1777029281171408
Corn_Oil_80_ZhengChenPelegYbaseSplit,Ridge,materialized,5,sg_d2_w11_p2,21,0.13627592331249944,0.17774413856012433
Corn_Oil_80_ZhengChenPelegYbaseSplit,Ridge,materialized,5,sg_d2_w11_p2,22,0.23950638313361472,0.17776791033935754
Corn_Oil_80_ZhengChenPelegYbaseSplit,Ridge,materialized,5,sg_d2_w11_p2,23,0.4209350130778707,0.1777815423041501
Corn_Oil_80_ZhengChenPelegYbaseSplit,Ridge,materialized,5,sg_d2_w11_p2,24,0.7397977578577474,0.1777893333296736
Corn_Oil_80_ZhengChenPelegYbaseSplit,Ridge,materialized,5,sg_d2_w11_p2,25,1.3002024196787443,0.17779377757474318
Corn_Oil_80_ZhengChenPelegYbaseSplit,Ridge,materialized,5,sg_d2_w11_p2,26,2.285119567047304,0.17779630994354462
Corn_Oil_80_ZhengChenPelegYbaseSplit,Ridge,materialized,5,sg_d2_w11_p2,27,4.016121918149221,0.17779775201170817
Corn_Oil_80_ZhengChenPelegYbaseSplit,Ridge,materialized,5,sg_d2_w11_p2,28,7.058376941859453,0.1777985729128681
Corn_Oil_80_ZhengChenPelegYbaseSplit,Ridge,materialized,5,sg_d2_w11_p2,29,12.40517246954807,0.1777990401189053
Corn_Oil_80_ZhengChenPelegYbaseSplit,Ridge,materialized,5,sg_d2_w11_p2,30,21.802222418386904,0.17779930599312496
Corn_Oil_80_ZhengChenPelegYbaseSplit,Ridge,materialized,5,sg_d2_w11_p2,31,38.31763754576227,0.1777994572850246
Corn_Oil_80_ZhengChenPelegYbaseSplit,Ridge,materialized,5,sg_d2_w11_p2,32,67.34365510601211,0.17779954337230758
Corn_Oil_80_ZhengChenPelegYbaseSplit,Ridge,materialized,5,sg_d2_w11_p2,33,118.35718936537278,0.17779959235618423
Corn_Oil_80_ZhengChenPelegYbaseSplit,Ridge,materialized,5,sg_d2_w11_p2,34,208.0140178375938,0.17779962022779602
Corn_Oil_80_ZhengChenPelegYbaseSplit,Ridge,materialized,5,sg_d2_w11_p2,35,365.58684646830477,0.1777996360865129
Corn_Oil_80_ZhengChenPelegYbaseSplit,Ridge,materialized,5,sg_d2_w11_p2,36,642.5227669752023,0.1777996451099567
Corn_Oil_80_ZhengChenPelegYbaseSplit,Ridge,materialized,5,sg_d2_w11_p2,37,1129.2405896700207,0.17779965024419037
Corn_Oil_80_ZhengChenPelegYbaseSplit,Ridge,materialized,5,sg_d2_w11_p2,38,1984.6523343623487,0.17779965316550533
Corn_Oil_80_ZhengChenPelegYbaseSplit,Ridge,materialized,5,sg_d2_w11_p2,39,3488.0475642846877,0.17779965482769602
Corn_Oil_80_ZhengChenPelegYbaseSplit,Ridge,materialized,5,sg_d2_w11_p2,40,6130.280654229233,0.17779965577346077
Corn_Oil_80_ZhengChenPelegYbaseSplit,Ridge,materialized,5,sg_d2_w11_p2,41,10774.033383149646,0.1777996563115884
Corn_Oil_80_ZhengChenPelegYbaseSplit,Ridge,materialized,5,sg_d2_w11_p2,42,18935.478143425695,0.17779965661777586
Corn_Oil_80_ZhengChenPelegYbaseSplit,Ridge,materialized,5,sg_d2_w11_p2,43,33279.304023776436,0.17779965679199247
Corn_Oil_80_ZhengChenPelegYbaseSplit,Ridge,materialized,5,sg_d2_w11_p2,44,58488.73040955984,0.17779965689111935
Corn_Oil_80_ZhengChenPelegYbaseSplit,Ridge,materialized,5,sg_d2_w11_p2,45,102794.56512906883,0.17779965694752123
Corn_Oil_80_ZhengChenPelegYbaseSplit,Ridge,materialized,5,sg_d2_w11_p2,46,180662.54039166684,0.17779965697961317
Corn_Oil_80_ZhengChenPelegYbaseSplit,Ridge,materialized,5,sg_d2_w11_p2,47,317516.33425161196,0.17779965699787306
Corn_Oil_80_ZhengChenPelegYbaseSplit,Ridge,materialized,5,sg_d2_w11_p2,48,558038.3310121527,0.1777996570082627
Corn_Oil_80_ZhengChenPelegYbaseSplit,Ridge,materialized,5,sg_d2_w11_p2,49,980758.2958300965,0.1777996570141742
Corn_Oil_80_ZhengChenPelegYbaseSplit,Ridge,materialized,6,detrend_d1,0,9.807582958300963e-07,0.03463002695866506
Corn_Oil_80_ZhengChenPelegYbaseSplit,Ridge,materialized,6,detrend_d1,1,1.7236931253358747e-06,0.038455652351872836
Corn_Oil_80_ZhengChenPelegYbaseSplit,Ridge,materialized,6,detrend_d1,2,3.029408981766958e-06,0.042919503592392015
Corn_Oil_80_ZhengChenPelegYbaseSplit,Ridge,materialized,6,detrend_d1,3,5.324218472485968e-06,0.047661173947442195
Corn_Oil_80_ZhengChenPelegYbaseSplit,Ridge,materialized,6,detrend_d1,4,9.357370534442246e-06,0.05231844817017459
Corn_Oil_80_ZhengChenPelegYbaseSplit,Ridge,materialized,6,detrend_d1,5,1.644567813498542e-05,0.056748239442478664
Corn_Oil_80_ZhengChenPelegYbaseSplit,Ridge,materialized,6,detrend_d1,6,2.8903454055178975e-05,0.06113697262118495
Corn_Oil_80_ZhengChenPelegYbaseSplit,Ridge,materialized,6,detrend_d1,7,5.079812759697939e-05,0.06583322619260475
Corn_Oil_80_ZhengChenPelegYbaseSplit,Ridge,materialized,6,detrend_d1,8,8.927824897442076e-05,0.07100751492322041
Corn_Oil_80_ZhengChenPelegYbaseSplit,Ridge,materialized,6,detrend_d1,9,0.0001569074711409757,0.07650620098539
Corn_Oil_80_ZhengChenPelegYbaseSplit,Ridge,materialized,6,detrend_d1,10,0.0002757665476493616,0.08209354444028527
Corn_Oil_80_ZhengChenPelegYbaseSplit,Ridge,materialized,6,detrend_d1,11,0.00048466263747327796,0.08775291724209774
Corn_Oil_80_ZhengChenPelegYbaseSplit,Ridge,materialized,6,detrend_d1,12,0.000851799734829432,0.09364979639389996
Corn_Oil_80_ZhengChenPelegYbaseSplit,Ridge,materialized,6,detrend_d1,13,0.0014970470842112218,0.09994902929486431
Corn_Oil_80_ZhengChenPelegYbaseSplit,Ridge,materialized,6,detrend_d1,14,0.002631076156409108,0.10692674966799114
Corn_Oil_80_ZhengChenPelegYbaseSplit,Ridge,materialized,6,detrend_d1,15,0.0046241442996911184,0.11509970670007974
Corn_Oil_80_ZhengChenPelegYbaseSplit,Ridge,materialized,6,detrend_d1,16,0.008126982737568858,0.12476815917913524
Corn_Oil_80_ZhengChenPelegYbaseSplit,Ridge,materialized,6,detrend_d1,17,0.01428325850928876,0.1353346976168002
Corn_Oil_80_ZhengChenPelegYbaseSplit,Ridge,materialized,6,detrend_d1,18,0.025102978587622577,0.14545802204395672
Corn_Oil_80_ZhengChenPelegYbaseSplit,Ridge,materialized,6,detrend_d1,19,0.044118751583249044,0.15402210995076976
Corn_Oil_80_ZhengChenPelegYbaseSplit,Ridge,materialized,6,detrend_d1,20,0.07753917466288941,0.16074415390315946
Corn_Oil_80_ZhengChenPelegYbaseSplit,Ridge,materialized,6,detrend_d1,21,0.13627592331249944,0.16590049191581516
Corn_Oil_80_ZhengChenPelegYbaseSplit,Ridge,materialized,6,detrend_d1,22,0.23950638313361472,0.16977796487684166
Corn_Oil_80_ZhengChenPelegYbaseSplit,Ridge,materialized,6,detrend_d1,23,0.4209350130778707,0.17253237458666487
Corn_Oil_80_ZhengChenPelegYbaseSplit,Ridge,materialized,6,detrend_d1,24,0.7397977578577474,0.17436119347591622
Corn_Oil_80_ZhengChenPelegYbaseSplit,Ridge,materialized,6,detrend_d1,25,1.3002024196787443,0.1755476769996303
Corn_Oil_80_ZhengChenPelegYbaseSplit,Ridge,materialized,6,detrend_d1,26,2.285119567047304,0.1763383418779493
Corn_Oil_80_ZhengChenPelegYbaseSplit,Ridge,materialized,6,detrend_d1,27,4.016121918149221,0.17687545997774734
Corn_Oil_80_ZhengChenPelegYbaseSplit,Ridge,materialized,6,detrend_d1,28,7.058376941859453,0.17723290263742847
Corn_Oil_80_ZhengChenPelegYbaseSplit,Ridge,materialized,6,detrend_d1,29,12.40517246954807,0.17746111366782463
Corn_Oil_80_ZhengChenPelegYbaseSplit,Ridge,materialized,6,detrend_d1,30,21.802222418386904,0.17760118546804865
Corn_Oil_80_ZhengChenPelegYbaseSplit,Ridge,materialized,6,detrend_d1,31,38.31763754576227,0.17768470277012877
Corn_Oil_80_ZhengChenPelegYbaseSplit,Ridge,materialized,6,detrend_d1,32,67.34365510601211,0.17773356685816152
Corn_Oil_80_ZhengChenPelegYbaseSplit,Ridge,materialized,6,detrend_d1,33,118.35718936537278,0.1777618264527302
Corn_Oil_80_ZhengChenPelegYbaseSplit,Ridge,materialized,6,detrend_d1,34,208.0140178375938,0.1777780577530446
Corn_Oil_80_ZhengChenPelegYbaseSplit,Ridge,materialized,6,detrend_d1,35,365.58684646830477,0.17778734313076308
Corn_Oil_80_ZhengChenPelegYbaseSplit,Ridge,materialized,6,detrend_d1,36,642.5227669752023,0.17779264271579823
Corn_Oil_80_ZhengChenPelegYbaseSplit,Ridge,materialized,6,detrend_d1,37,1129.2405896700207,0.17779566342260744
Corn_Oil_80_ZhengChenPelegYbaseSplit,Ridge,materialized,6,detrend_d1,38,1984.6523343623487,0.1777973838897299
Corn_Oil_80_ZhengChenPelegYbaseSplit,Ridge,materialized,6,detrend_d1,39,3488.0475642846877,0.1777983633720037
Corn_Oil_80_ZhengChenPelegYbaseSplit,Ridge,materialized,6,detrend_d1,40,6130.280654229233,0.17779892086561322
Corn_Oil_80_ZhengChenPelegYbaseSplit,Ridge,materialized,6,detrend_d1,41,10774.033383149646,0.17779923813074092
Corn_Oil_80_ZhengChenPelegYbaseSplit,Ridge,materialized,6,detrend_d1,42,18935.478143425695,0.17779941866936846
Corn_Oil_80_ZhengChenPelegYbaseSplit,Ridge,materialized,6,detrend_d1,43,33279.304023776436,0.17779952139958763
Corn_Oil_80_ZhengChenPelegYbaseSplit,Ridge,materialized,6,detrend_d1,44,58488.73040955984,0.17779957985370018
Corn_Oil_80_ZhengChenPelegYbaseSplit,Ridge,materialized,6,detrend_d1,45,102794.56512906883,0.17779961311395273
Corn_Oil_80_ZhengChenPelegYbaseSplit,Ridge,materialized,6,detrend_d1,46,180662.54039166684,0.17779963203879984
Corn_Oil_80_ZhengChenPelegYbaseSplit,Ridge,materialized,6,detrend_d1,47,317516.33425161196,0.17779964280685198
Corn_Oil_80_ZhengChenPelegYbaseSplit,Ridge,materialized,6,detrend_d1,48,558038.3310121527,0.17779964893375136
Corn_Oil_80_ZhengChenPelegYbaseSplit,Ridge,materialized,6,detrend_d1,49,980758.2958300965,0.17779965241988202
Corn_Oil_80_ZhengChenPelegYbaseSplit,Ridge,materialized,7,detrend_d2,0,9.807582958300963e-07,0.03409911013326725
Corn_Oil_80_ZhengChenPelegYbaseSplit,Ridge,materialized,7,detrend_d2,1,1.7236931253358747e-06,0.037823322356363806
Corn_Oil_80_ZhengChenPelegYbaseSplit,Ridge,materialized,7,detrend_d2,2,3.029408981766958e-06,0.04215154978992149
Corn_Oil_80_ZhengChenPelegYbaseSplit,Ridge,materialized,7,detrend_d2,3,5.324218472485968e-06,0.04678726742976848
Corn_Oil_80_ZhengChenPelegYbaseSplit,Ridge,materialized,7,detrend_d2,4,9.357370534442246e-06,0.05142994851939191
Corn_Oil_80_ZhengChenPelegYbaseSplit,Ridge,materialized,7,detrend_d2,5,1.644567813498542e-05,0.05596088678567731
Corn_Oil_80_ZhengChenPelegYbaseSplit,Ridge,materialized,7,detrend_d2,6,2.8903454055178975e-05,0.06051932960282478
Corn_Oil_80_ZhengChenPelegYbaseSplit,Ridge,materialized,7,detrend_d2,7,5.079812759697939e-05,0.06535341871201111
Corn_Oil_80_ZhengChenPelegYbaseSplit,Ridge,materialized,7,detrend_d2,8,8.927824897442076e-05,0.07055625716073989
Corn_Oil_80_ZhengChenPelegYbaseSplit,Ridge,materialized,7,detrend_d2,9,0.0001569074711409757,0.0759597172397156
Corn_Oil_80_ZhengChenPelegYbaseSplit,Ridge,materialized,7,detrend_d2,10,0.0002757665476493616,0.08132915371994179
Corn_Oil_80_ZhengChenPelegYbaseSplit,Ridge,materialized,7,detrend_d2,11,0.00048466263747327796,0.0866304140793592
Corn_Oil_80_ZhengChenPelegYbaseSplit,Ridge,materialized,7,detrend_d2,12,0.000851799734829432,0.09210901941200103
Corn_Oil_80_ZhengChenPelegYbaseSplit,Ridge,materialized,7,detrend_d2,13,0.0014970470842112218,0.09829248626599588
Corn_Oil_80_ZhengChenPelegYbaseSplit,Ridge,materialized,7,detrend_d2,14,0.002631076156409108,0.10600262763267605
Corn_Oil_80_ZhengChenPelegYbaseSplit,Ridge,materialized,7,detrend_d2,15,0.0046241442996911184,0.11599094633919471
Corn_Oil_80_ZhengChenPelegYbaseSplit,Ridge,materialized,7,detrend_d2,16,0.008126982737568858,0.12806962018575502
Corn_Oil_80_ZhengChenPelegYbaseSplit,Ridge,materialized,7,detrend_d2,17,0.01428325850928876,0.1406868649307052
Corn_Oil_80_ZhengChenPelegYbaseSplit,Ridge,materialized,7,detrend_d2,18,0.025102978587622577,0.1518181900312634
Corn_Oil_80_ZhengChenPelegYbaseSplit,Ridge,materialized,7,detrend_d2,19,0.044118751583249044,0.16025301695830793
Corn_Oil_80_ZhengChenPelegYbaseSplit,Ridge,materialized,7,detrend_d2,20,0.07753917466288941,0.1659275844260321
Corn_Oil_80_ZhengChenPelegYbaseSplit,Ridge,materialized,7,detrend_d2,21,0.13627592331249944,0.16943076792001568
Corn_Oil_80_ZhengChenPelegYbaseSplit,Ridge,materialized,7,detrend_d2,22,0.23950638313361472,0.17150662099306177
Corn_Oil_80_ZhengChenPelegYbaseSplit,Ridge,materialized,7,detrend_d2,23,0.4209350130778707,0.17283177599695376
Corn_Oil_80_ZhengChenPelegYbaseSplit,Ridge,materialized,7,detrend_d2,24,0.7397977578577474,0.17389104959300145
Corn_Oil_80_ZhengChenPelegYbaseSplit,Ridge,materialized,7,detrend_d2,25,1.3002024196787443,0.17488256461067533
Corn_Oil_80_ZhengChenPelegYbaseSplit,Ridge,materialized,7,detrend_d2,26,2.285119567047304,0.1757747311764027
Corn_Oil_80_ZhengChenPelegYbaseSplit,Ridge,materialized,7,detrend_d2,27,4.016121918149221,0.17648413958136605
Corn_Oil_80_ZhengChenPelegYbaseSplit,Ridge,materialized,7,detrend_d2,28,7.058376941859453,0.17698631759295255
Corn_Oil_80_ZhengChenPelegYbaseSplit,Ridge,materialized,7,detrend_d2,29,12.40517246954807,0.17731313616497973
Corn_Oil_80_ZhengChenPelegYbaseSplit,Ridge,materialized,7,detrend_d2,30,21.802222418386904,0.17751456618585953
Corn_Oil_80_ZhengChenPelegYbaseSplit,Ridge,materialized,7,detrend_d2,31,38.31763754576227,0.1776346519219316
Corn_Oil_80_ZhengChenPelegYbaseSplit,Ridge,materialized,7,detrend_d2,32,67.34365510601211,0.17770484501199077
Corn_Oil_80_ZhengChenPelegYbaseSplit,Ridge,materialized,7,detrend_d2,33,118.35718936537278,0.17774540613990528
Corn_Oil_80_ZhengChenPelegYbaseSplit,Ridge,materialized,7,detrend_d2,34,208.0140178375938,0.17776868974922594
Corn_Oil_80_ZhengChenPelegYbaseSplit,Ridge,materialized,7,detrend_d2,35,365.58684646830477,0.17778200478075004
Corn_Oil_80_ZhengChenPelegYbaseSplit,Ridge,materialized,7,detrend_d2,36,642.5227669752023,0.1777896026561802
Corn_Oil_80_ZhengChenPelegYbaseSplit,Ridge,materialized,7,detrend_d2,37,1129.2405896700207,0.17779393282562173
Corn_Oil_80_ZhengChenPelegYbaseSplit,Ridge,materialized,7,detrend_d2,38,1984.6523343623487,0.17779639893027477
Corn_Oil_80_ZhengChenPelegYbaseSplit,Ridge,materialized,7,detrend_d2,39,3488.0475642846877,0.17779780285494162
Corn_Oil_80_ZhengChenPelegYbaseSplit,Ridge,materialized,7,detrend_d2,40,6130.280654229233,0.17779860191032595
Corn_Oil_80_ZhengChenPelegYbaseSplit,Ridge,materialized,7,detrend_d2,41,10774.033383149646,0.17779905664020157
Corn_Oil_80_ZhengChenPelegYbaseSplit,Ridge,materialized,7,detrend_d2,42,18935.478143425695,0.17779931540068739
Corn_Oil_80_ZhengChenPelegYbaseSplit,Ridge,materialized,7,detrend_d2,43,33279.304023776436,0.1777994626401218
Corn_Oil_80_ZhengChenPelegYbaseSplit,Ridge,materialized,7,detrend_d2,44,58488.73040955984,0.17779954642003734
Corn_Oil_80_ZhengChenPelegYbaseSplit,Ridge,materialized,7,detrend_d2,45,102794.56512906883,0.17779959409054485
Corn_Oil_80_ZhengChenPelegYbaseSplit,Ridge,materialized,7,detrend_d2,46,180662.54039166684,0.1777996212147027
Corn_Oil_80_ZhengChenPelegYbaseSplit,Ridge,materialized,7,detrend_d2,47,317516.33425161196,0.17779963664807513
Corn_Oil_80_ZhengChenPelegYbaseSplit,Ridge,materialized,7,detrend_d2,48,558038.3310121527,0.17779964542948634
Corn_Oil_80_ZhengChenPelegYbaseSplit,Ridge,materialized,7,detrend_d2,49,980758.2958300965,0.17779965042600107
Corn_Oil_80_ZhengChenPelegYbaseSplit,Ridge,materialized,8,fd_d1,0,9.807582958300963e-07,0.06250183369803892
Corn_Oil_80_ZhengChenPelegYbaseSplit,Ridge,materialized,8,fd_d1,1,1.7236931253358747e-06,0.06857693917179966
Corn_Oil_80_ZhengChenPelegYbaseSplit,Ridge,materialized,8,fd_d1,2,3.029408981766958e-06,0.07506525753633182
Corn_Oil_80_ZhengChenPelegYbaseSplit,Ridge,materialized,8,fd_d1,3,5.324218472485968e-06,0.08227478081591022
Corn_Oil_80_ZhengChenPelegYbaseSplit,Ridge,materialized,8,fd_d1,4,9.357370534442246e-06,0.09063281712651972
Corn_Oil_80_ZhengChenPelegYbaseSplit,Ridge,materialized,8,fd_d1,5,1.644567813498542e-05,0.10058719081152623
Corn_Oil_80_ZhengChenPelegYbaseSplit,Ridge,materialized,8,fd_d1,6,2.8903454055178975e-05,0.112468681410693
Corn_Oil_80_ZhengChenPelegYbaseSplit,Ridge,materialized,8,fd_d1,7,5.079812759697939e-05,0.12588198671541462
Corn_Oil_80_ZhengChenPelegYbaseSplit,Ridge,materialized,8,fd_d1,8,8.927824897442076e-05,0.13933105481939773
Corn_Oil_80_ZhengChenPelegYbaseSplit,Ridge,materialized,8,fd_d1,9,0.0001569074711409757,0.1510108576983577
Corn_Oil_80_ZhengChenPelegYbaseSplit,Ridge,materialized,8,fd_d1,10,0.0002757665476493616,0.15991570442730832
Corn_Oil_80_ZhengChenPelegYbaseSplit,Ridge,materialized,8,fd_d1,11,0.00048466263747327796,0.16607986069893962
Corn_Oil_80_ZhengChenPelegYbaseSplit,Ridge,materialized,8,fd_d1,12,0.000851799734829432,0.17008955303455212
Corn_Oil_80_ZhengChenPelegYbaseSplit,Ridge,materialized,8,fd_d1,13,0.0014970470842112218,0.17257450115483655
Corn_Oil_80_ZhengChenPelegYbaseSplit,Ridge,materialized,8,fd_d1,14,0.002631076156409108,0.17400900025458807
Corn_Oil_80_ZhengChenPelegYbaseSplit,Ridge,materialized,8,fd_d1,15,0.0046241442996911184,0.17472374964361032
Corn_Oil_80_ZhengChenPelegYbaseSplit,Ridge,materialized,8,fd_d1,16,0.008126982737568858,0.17497293845336045
Corn_Oil_80_ZhengChenPelegYbaseSplit,Ridge,materialized,8,fd_d1,17,0.01428325850928876,0.1750000412352709
Corn_Oil_80_ZhengChenPelegYbaseSplit,Ridge,materialized,8,fd_d1,18,0.025102978587622577,0.17505700518658346
Corn_Oil_80_ZhengChenPelegYbaseSplit,Ridge,materialized,8,fd_d1,19,0.044118751583249044,0.1753240591942874
Corn_Oil_80_ZhengChenPelegYbaseSplit,Ridge,materialized,8,fd_d1,20,0.07753917466288941,0.17580399786896733
Corn_Oil_80_ZhengChenPelegYbaseSplit,Ridge,materialized,8,fd_d1,21,0.13627592331249944,0.1763565291003818
Corn_Oil_80_ZhengChenPelegYbaseSplit,Ridge,materialized,8,fd_d1,22,0.23950638313361472,0.1768417709243403
Corn_Oil_80_ZhengChenPelegYbaseSplit,Ridge,materialized,8,fd_d1,23,0.4209350130778707,0.17720063557944343
Corn_Oil_80_ZhengChenPelegYbaseSplit,Ridge,materialized,8,fd_d1,24,0.7397977578577474,0.17743911630906437
Corn_Oil_80_ZhengChenPelegYbaseSplit,Ridge,materialized,8,fd_d1,25,1.3002024196787443,0.17758766795746356
Corn_Oil_80_ZhengChenPelegYbaseSplit,Ridge,materialized,8,fd_d1,26,2.285119567047304,0.17767672886187386
Corn_Oil_80_ZhengChenPelegYbaseSplit,Ridge,materialized,8,fd_d1,27,4.016121918149221,0.17772894707913447
Corn_Oil_80_ZhengChenPelegYbaseSplit,Ridge,materialized,8,fd_d1,28,7.058376941859453,0.17775917281934112
Corn_Oil_80_ZhengChenPelegYbaseSplit,Ridge,materialized,8,fd_d1,29,12.40517246954807,0.17777654009955318
Corn_Oil_80_ZhengChenPelegYbaseSplit,Ridge,materialized,8,fd_d1,30,21.802222418386904,0.17778647715351506
Corn_Oil_80_ZhengChenPelegYbaseSplit,Ridge,materialized,8,fd_d1,31,38.31763754576227,0.17779214920410286
Corn_Oil_80_ZhengChenPelegYbaseSplit,Ridge,materialized,8,fd_d1,32,67.34365510601211,0.17779538237001172
Corn_Oil_80_ZhengChenPelegYbaseSplit,Ridge,materialized,8,fd_d1,33,118.35718936537278,0.17779722389369715
Corn_Oil_80_ZhengChenPelegYbaseSplit,Ridge,materialized,8,fd_d1,34,208.0140178375938,0.1777982723102979
Corn_Oil_80_ZhengChenPelegYbaseSplit,Ridge,materialized,8,fd_d1,35,365.58684646830477,0.1777988690442845
Corn_Oil_80_ZhengChenPelegYbaseSplit,Ridge,materialized,8,fd_d1,36,642.5227669752023,0.17779920864236987
Corn_Oil_80_ZhengChenPelegYbaseSplit,Ridge,materialized,8,fd_d1,37,1129.2405896700207,0.17779940188999727
Corn_Oil_80_ZhengChenPelegYbaseSplit,Ridge,materialized,8,fd_d1,38,1984.6523343623487,0.17779951185206444
Corn_Oil_80_ZhengChenPelegYbaseSplit,Ridge,materialized,8,fd_d1,39,3488.0475642846877,0.17779957442119493
Corn_Oil_80_ZhengChenPelegYbaseSplit,Ridge,materialized,8,fd_d1,40,6130.280654229233,0.17779961002290007
Corn_Oil_80_ZhengChenPelegYbaseSplit,Ridge,materialized,8,fd_d1,41,10774.033383149646,0.17779963028002257
Corn_Oil_80_ZhengChenPelegYbaseSplit,Ridge,materialized,8,fd_d1,42,18935.478143425695,0.17779964180612814
Corn_Oil_80_ZhengChenPelegYbaseSplit,Ridge,materialized,8,fd_d1,43,33279.304023776436,0.17779964836435183
Corn_Oil_80_ZhengChenPelegYbaseSplit,Ridge,materialized,8,fd_d1,44,58488.73040955984,0.17779965209590104
Corn_Oil_80_ZhengChenPelegYbaseSplit,Ridge,materialized,8,fd_d1,45,102794.56512906883,0.17779965421910507
Corn_Oil_80_ZhengChenPelegYbaseSplit,Ridge,materialized,8,fd_d1,46,180662.54039166684,0.1777996554271805
Corn_Oil_80_ZhengChenPelegYbaseSplit,Ridge,materialized,8,fd_d1,47,317516.33425161196,0.17779965611455953
Corn_Oil_80_ZhengChenPelegYbaseSplit,Ridge,materialized,8,fd_d1,48,558038.3310121527,0.17779965650566906
Corn_Oil_80_ZhengChenPelegYbaseSplit,Ridge,materialized,8,fd_d1,49,980758.2958300965,0.1777996567282052
An_spxyG70_30_byCultivar_MicroNIR,PLS,folded,0,identity,0,1,3.7082158427902683
An_spxyG70_30_byCultivar_MicroNIR,PLS,folded,0,identity,1,2,3.780506442541884
An_spxyG70_30_byCultivar_MicroNIR,PLS,folded,0,identity,2,3,3.6744325251763628
An_spxyG70_30_byCultivar_MicroNIR,PLS,folded,0,identity,3,4,3.7530334973562196
An_spxyG70_30_byCultivar_MicroNIR,PLS,folded,0,identity,4,5,3.748250139601622
An_spxyG70_30_byCultivar_MicroNIR,PLS,folded,0,identity,5,6,3.5022595042869886
An_spxyG70_30_byCultivar_MicroNIR,PLS,folded,0,identity,6,7,3.5527167772811636
An_spxyG70_30_byCultivar_MicroNIR,PLS,folded,0,identity,7,8,3.603222314737843
An_spxyG70_30_byCultivar_MicroNIR,PLS,folded,0,identity,8,9,3.6512144894464003
An_spxyG70_30_byCultivar_MicroNIR,PLS,folded,0,identity,9,10,3.9517325621851156
An_spxyG70_30_byCultivar_MicroNIR,PLS,folded,0,identity,10,11,3.9622169066937487
An_spxyG70_30_byCultivar_MicroNIR,PLS,folded,0,identity,11,12,3.8380524713563524
An_spxyG70_30_byCultivar_MicroNIR,PLS,folded,0,identity,12,13,3.7675766745635855
An_spxyG70_30_byCultivar_MicroNIR,PLS,folded,0,identity,13,14,3.720647908923256
An_spxyG70_30_byCultivar_MicroNIR,PLS,folded,0,identity,14,15,3.713755727277018
An_spxyG70_30_byCultivar_MicroNIR,PLS,folded,1,sg_smooth_w11_p2,0,1,3.708504350501022
An_spxyG70_30_byCultivar_MicroNIR,PLS,folded,1,sg_smooth_w11_p2,1,2,3.7826484274134176
An_spxyG70_30_byCultivar_MicroNIR,PLS,folded,1,sg_smooth_w11_p2,2,3,3.6802968994509158
An_spxyG70_30_byCultivar_MicroNIR,PLS,folded,1,sg_smooth_w11_p2,3,4,3.742488307050393
An_spxyG70_30_byCultivar_MicroNIR,PLS,folded,1,sg_smooth_w11_p2,4,5,3.7139626223626045
An_spxyG70_30_byCultivar_MicroNIR,PLS,folded,1,sg_smooth_w11_p2,5,6,3.485984002206579
An_spxyG70_30_byCultivar_MicroNIR,PLS,folded,1,sg_smooth_w11_p2,6,7,3.4845696238864803
An_spxyG70_30_byCultivar_MicroNIR,PLS,folded,1,sg_smooth_w11_p2,7,8,3.5216955527889304
An_spxyG70_30_byCultivar_MicroNIR,PLS,folded,1,sg_smooth_w11_p2,8,9,3.591634799369717
An_spxyG70_30_byCultivar_MicroNIR,PLS,folded,1,sg_smooth_w11_p2,9,10,3.6187351269441237
An_spxyG70_30_byCultivar_MicroNIR,PLS,folded,1,sg_smooth_w11_p2,10,11,3.7618201641891096
An_spxyG70_30_byCultivar_MicroNIR,PLS,folded,1,sg_smooth_w11_p2,11,12,3.821371704604876
An_spxyG70_30_byCultivar_MicroNIR,PLS,folded,1,sg_smooth_w11_p2,12,13,3.833027717848463
An_spxyG70_30_byCultivar_MicroNIR,PLS,folded,1,sg_smooth_w11_p2,13,14,3.763304562542203
An_spxyG70_30_byCultivar_MicroNIR,PLS,folded,1,sg_smooth_w11_p2,14,15,3.6774634856383037
An_spxyG70_30_byCultivar_MicroNIR,PLS,folded,2,sg_smooth_w21_p3,0,1,3.7087461121267276
An_spxyG70_30_byCultivar_MicroNIR,PLS,folded,2,sg_smooth_w21_p3,1,2,3.784749811044924
An_spxyG70_30_byCultivar_MicroNIR,PLS,folded,2,sg_smooth_w21_p3,2,3,3.690850946238155
An_spxyG70_30_byCultivar_MicroNIR,PLS,folded,2,sg_smooth_w21_p3,3,4,3.7288975588480957
An_spxyG70_30_byCultivar_MicroNIR,PLS,folded,2,sg_smooth_w21_p3,4,5,3.637963148374424
An_spxyG70_30_byCultivar_MicroNIR,PLS,folded,2,sg_smooth_w21_p3,5,6,3.4784651468642465
An_spxyG70_30_byCultivar_MicroNIR,PLS,folded,2,sg_smooth_w21_p3,6,7,3.415223809979276
An_spxyG70_30_byCultivar_MicroNIR,PLS,folded,2,sg_smooth_w21_p3,7,8,3.449419282282239
An_spxyG70_30_byCultivar_MicroNIR,PLS,folded,2,sg_smooth_w21_p3,8,9,3.478862876596248
An_spxyG70_30_byCultivar_MicroNIR,PLS,folded,2,sg_smooth_w21_p3,9,10,3.5968507575984745
An_spxyG70_30_byCultivar_MicroNIR,PLS,folded,2,sg_smooth_w21_p3,10,11,3.8316756454675294
An_spxyG70_30_byCultivar_MicroNIR,PLS,folded,2,sg_smooth_w21_p3,11,12,3.9138819898124404
An_spxyG70_30_byCultivar_MicroNIR,PLS,folded,2,sg_smooth_w21_p3,12,13,3.7908455989025525
An_spxyG70_30_byCultivar_MicroNIR,PLS,folded,2,sg_smooth_w21_p3,13,14,3.8113933702241254
An_spxyG70_30_byCultivar_MicroNIR,PLS,folded,2,sg_smooth_w21_p3,14,15,3.7942651693488387
An_spxyG70_30_byCultivar_MicroNIR,PLS,folded,3,sg_d1_w11_p2,0,1,3.71401312411959
An_spxyG70_30_byCultivar_MicroNIR,PLS,folded,3,sg_d1_w11_p2,1,2,3.785876569841735
An_spxyG70_30_byCultivar_MicroNIR,PLS,folded,3,sg_d1_w11_p2,2,3,3.672687966411975
An_spxyG70_30_byCultivar_MicroNIR,PLS,folded,3,sg_d1_w11_p2,3,4,3.841693369958647
An_spxyG70_30_byCultivar_MicroNIR,PLS,folded,3,sg_d1_w11_p2,4,5,3.5793665054881503
An_spxyG70_30_byCultivar_MicroNIR,PLS,folded,3,sg_d1_w11_p2,5,6,3.53864353913997
An_spxyG70_30_byCultivar_MicroNIR,PLS,folded,3,sg_d1_w11_p2,6,7,3.5803918790259934
An_spxyG70_30_byCultivar_MicroNIR,PLS,folded,3,sg_d1_w11_p2,7,8,3.492308169502425
An_spxyG70_30_byCultivar_MicroNIR,PLS,folded,3,sg_d1_w11_p2,8,9,3.5904907171141445
An_spxyG70_30_byCultivar_MicroNIR,PLS,folded,3,sg_d1_w11_p2,9,10,3.7420337927387393
An_spxyG70_30_byCultivar_MicroNIR,PLS,folded,3,sg_d1_w11_p2,10,11,3.7564285671977595
An_spxyG70_30_byCultivar_MicroNIR,PLS,folded,3,sg_d1_w11_p2,11,12,3.860180189042707
An_spxyG70_30_byCultivar_MicroNIR,PLS,folded,3,sg_d1_w11_p2,12,13,3.7329596652133303
An_spxyG70_30_byCultivar_MicroNIR,PLS,folded,3,sg_d1_w11_p2,13,14,3.6911886290966067
An_spxyG70_30_byCultivar_MicroNIR,PLS,folded,3,sg_d1_w11_p2,14,15,3.8381630194341576
An_spxyG70_30_byCultivar_MicroNIR,PLS,folded,4,sg_d1_w21_p3,0,1,3.713961663311202
An_spxyG70_30_byCultivar_MicroNIR,PLS,folded,4,sg_d1_w21_p3,1,2,3.787724459984357
An_spxyG70_30_byCultivar_MicroNIR,PLS,folded,4,sg_d1_w21_p3,2,3,3.6757476196301253
An_spxyG70_30_byCultivar_MicroNIR,PLS,folded,4,sg_d1_w21_p3,3,4,3.835474497976371
An_spxyG70_30_byCultivar_MicroNIR,PLS,folded,4,sg_d1_w21_p3,4,5,3.5660245270285102
An_spxyG70_30_byCultivar_MicroNIR,PLS,folded,4,sg_d1_w21_p3,5,6,3.5244278662470356
An_spxyG70_30_byCultivar_MicroNIR,PLS,folded,4,sg_d1_w21_p3,6,7,3.5703074385666325
An_spxyG70_30_byCultivar_MicroNIR,PLS,folded,4,sg_d1_w21_p3,7,8,3.52966403485062
An_spxyG70_30_byCultivar_MicroNIR,PLS,folded,4,sg_d1_w21_p3,8,9,3.60973606218496
An_spxyG70_30_byCultivar_MicroNIR,PLS,folded,4,sg_d1_w21_p3,9,10,3.6995269059335287
An_spxyG70_30_byCultivar_MicroNIR,PLS,folded,4,sg_d1_w21_p3,10,11,3.714063435398267
An_spxyG70_30_byCultivar_MicroNIR,PLS,folded,4,sg_d1_w21_p3,11,12,3.803082876116504
An_spxyG70_30_byCultivar_MicroNIR,PLS,folded,4,sg_d1_w21_p3,12,13,3.710590797137507
An_spxyG70_30_byCultivar_MicroNIR,PLS,folded,4,sg_d1_w21_p3,13,14,3.668760265374408
An_spxyG70_30_byCultivar_MicroNIR,PLS,folded,4,sg_d1_w21_p3,14,15,3.7130608941693
An_spxyG70_30_byCultivar_MicroNIR,PLS,folded,5,sg_d2_w11_p2,0,1,3.692232808711958
An_spxyG70_30_byCultivar_MicroNIR,PLS,folded,5,sg_d2_w11_p2,1,2,3.689401494638259
An_spxyG70_30_byCultivar_MicroNIR,PLS,folded,5,sg_d2_w11_p2,2,3,3.7781644450889855
An_spxyG70_30_byCultivar_MicroNIR,PLS,folded,5,sg_d2_w11_p2,3,4,3.8844433560785476
An_spxyG70_30_byCultivar_MicroNIR,PLS,folded,5,sg_d2_w11_p2,4,5,4.0646316891156715
An_spxyG70_30_byCultivar_MicroNIR,PLS,folded,5,sg_d2_w11_p2,5,6,3.903691898421865
An_spxyG70_30_byCultivar_MicroNIR,PLS,folded,5,sg_d2_w11_p2,6,7,3.824788076801236
An_spxyG70_30_byCultivar_MicroNIR,PLS,folded,5,sg_d2_w11_p2,7,8,3.945749566708618
An_spxyG70_30_byCultivar_MicroNIR,PLS,folded,5,sg_d2_w11_p2,8,9,3.6647536898986814
An_spxyG70_30_byCultivar_MicroNIR,PLS,folded,5,sg_d2_w11_p2,9,10,3.621853778299026
An_spxyG70_30_byCultivar_MicroNIR,PLS,folded,5,sg_d2_w11_p2,10,11,3.6496135303153254
An_spxyG70_30_byCultivar_MicroNIR,PLS,folded,5,sg_d2_w11_p2,11,12,3.656872232654824
An_spxyG70_30_byCultivar_MicroNIR,PLS,folded,5,sg_d2_w11_p2,12,13,3.5692550501077456
An_spxyG70_30_byCultivar_MicroNIR,PLS,folded,5,sg_d2_w11_p2,13,14,3.570966997111668
An_spxyG70_30_byCultivar_MicroNIR,PLS,folded,5,sg_d2_w11_p2,14,15,3.4626371771188644
An_spxyG70_30_byCultivar_MicroNIR,PLS,folded,6,detrend_d1,0,1,3.7361933717443407
An_spxyG70_30_byCultivar_MicroNIR,PLS,folded,6,detrend_d1,1,2,3.743047090300409
An_spxyG70_30_byCultivar_MicroNIR,PLS,folded,6,detrend_d1,2,3,3.8210576453911225
An_spxyG70_30_byCultivar_MicroNIR,PLS,folded,6,detrend_d1,3,4,3.8038428448447816
An_spxyG70_30_byCultivar_MicroNIR,PLS,folded,6,detrend_d1,4,5,3.71055858872635
An_spxyG70_30_byCultivar_MicroNIR,PLS,folded,6,detrend_d1,5,6,3.572687937507008
An_spxyG70_30_byCultivar_MicroNIR,PLS,folded,6,detrend_d1,6,7,3.6199752418585334
An_spxyG70_30_byCultivar_MicroNIR,PLS,folded,6,detrend_d1,7,8,3.959832602160529
An_spxyG70_30_byCultivar_MicroNIR,PLS,folded,6,detrend_d1,8,9,3.9290788899464593
An_spxyG70_30_byCultivar_MicroNIR,PLS,folded,6,detrend_d1,9,10,4.0632530407171075
An_spxyG70_30_byCultivar_MicroNIR,PLS,folded,6,detrend_d1,10,11,4.088895117379679
An_spxyG70_30_byCultivar_MicroNIR,PLS,folded,6,detrend_d1,11,12,3.9762454982506283
An_spxyG70_30_byCultivar_MicroNIR,PLS,folded,6,detrend_d1,12,13,4.018244105876191
An_spxyG70_30_byCultivar_MicroNIR,PLS,folded,6,detrend_d1,13,14,4.003745895977493
An_spxyG70_30_byCultivar_MicroNIR,PLS,folded,6,detrend_d1,14,15,4.00151128579864
An_spxyG70_30_byCultivar_MicroNIR,PLS,folded,7,detrend_d2,0,1,3.7523553745887503
An_spxyG70_30_byCultivar_MicroNIR,PLS,folded,7,detrend_d2,1,2,3.7525703530864902
An_spxyG70_30_byCultivar_MicroNIR,PLS,folded,7,detrend_d2,2,3,3.7396123873869387
An_spxyG70_30_byCultivar_MicroNIR,PLS,folded,7,detrend_d2,3,4,3.560330907061779
An_spxyG70_30_byCultivar_MicroNIR,PLS,folded,7,detrend_d2,4,5,3.5375428222247174
An_spxyG70_30_byCultivar_MicroNIR,PLS,folded,7,detrend_d2,5,6,3.6591525998764967
An_spxyG70_30_byCultivar_MicroNIR,PLS,folded,7,detrend_d2,6,7,3.841798495372614
An_spxyG70_30_byCultivar_MicroNIR,PLS,folded,7,detrend_d2,7,8,3.9283545715437924
An_spxyG70_30_byCultivar_MicroNIR,PLS,folded,7,detrend_d2,8,9,4.0409915798697655
An_spxyG70_30_byCultivar_MicroNIR,PLS,folded,7,detrend_d2,9,10,4.104635844133058
An_spxyG70_30_byCultivar_MicroNIR,PLS,folded,7,detrend_d2,10,11,3.946050602451519
An_spxyG70_30_byCultivar_MicroNIR,PLS,folded,7,detrend_d2,11,12,3.9237884794041293
An_spxyG70_30_byCultivar_MicroNIR,PLS,folded,7,detrend_d2,12,13,3.895440836648435
An_spxyG70_30_byCultivar_MicroNIR,PLS,folded,7,detrend_d2,13,14,3.947543579653165
An_spxyG70_30_byCultivar_MicroNIR,PLS,folded,7,detrend_d2,14,15,3.9119921132051325
An_spxyG70_30_byCultivar_MicroNIR,PLS,folded,8,fd_d1,0,1,3.697572555554855
An_spxyG70_30_byCultivar_MicroNIR,PLS,folded,8,fd_d1,1,2,3.7408118135580297
An_spxyG70_30_byCultivar_MicroNIR,PLS,folded,8,fd_d1,2,3,3.6596983644441856
An_spxyG70_30_byCultivar_MicroNIR,PLS,folded,8,fd_d1,3,4,3.88833032171962
An_spxyG70_30_byCultivar_MicroNIR,PLS,folded,8,fd_d1,4,5,3.881869304750942
An_spxyG70_30_byCultivar_MicroNIR,PLS,folded,8,fd_d1,5,6,3.702062408491993
An_spxyG70_30_byCultivar_MicroNIR,PLS,folded,8,fd_d1,6,7,3.9006093552993484
An_spxyG70_30_byCultivar_MicroNIR,PLS,folded,8,fd_d1,7,8,3.9413278301127974
An_spxyG70_30_byCultivar_MicroNIR,PLS,folded,8,fd_d1,8,9,4.119678660575843
An_spxyG70_30_byCultivar_MicroNIR,PLS,folded,8,fd_d1,9,10,4.1270491534262455
An_spxyG70_30_byCultivar_MicroNIR,PLS,folded,8,fd_d1,10,11,4.1465043225384
An_spxyG70_30_byCultivar_MicroNIR,PLS,folded,8,fd_d1,11,12,4.127363737195756
An_spxyG70_30_byCultivar_MicroNIR,PLS,folded,8,fd_d1,12,13,4.256435868220769
An_spxyG70_30_byCultivar_MicroNIR,PLS,folded,8,fd_d1,13,14,4.292837586474193
An_spxyG70_30_byCultivar_MicroNIR,PLS,folded,8,fd_d1,14,15,4.250064349713552
An_spxyG70_30_byCultivar_MicroNIR,PLS,materialized,0,identity,0,1,3.7082158427902683
An_spxyG70_30_byCultivar_MicroNIR,PLS,materialized,0,identity,1,2,3.780506442541884
An_spxyG70_30_byCultivar_MicroNIR,PLS,materialized,0,identity,2,3,3.6744325251763614
An_spxyG70_30_byCultivar_MicroNIR,PLS,materialized,0,identity,3,4,3.753033497356219
An_spxyG70_30_byCultivar_MicroNIR,PLS,materialized,0,identity,4,5,3.7482501396016206
An_spxyG70_30_byCultivar_MicroNIR,PLS,materialized,0,identity,5,6,3.502259504286988
An_spxyG70_30_byCultivar_MicroNIR,PLS,materialized,0,identity,6,7,3.5527167772811623
An_spxyG70_30_byCultivar_MicroNIR,PLS,materialized,0,identity,7,8,3.6032223147378426
An_spxyG70_30_byCultivar_MicroNIR,PLS,materialized,0,identity,8,9,3.651214489446402
An_spxyG70_30_byCultivar_MicroNIR,PLS,materialized,0,identity,9,10,3.951732562185119
An_spxyG70_30_byCultivar_MicroNIR,PLS,materialized,0,identity,10,11,3.962216906693746
An_spxyG70_30_byCultivar_MicroNIR,PLS,materialized,0,identity,11,12,3.838052471356358
An_spxyG70_30_byCultivar_MicroNIR,PLS,materialized,0,identity,12,13,3.7675766745635855
An_spxyG70_30_byCultivar_MicroNIR,PLS,materialized,0,identity,13,14,3.720647908923263
An_spxyG70_30_byCultivar_MicroNIR,PLS,materialized,0,identity,14,15,3.713755727277013
An_spxyG70_30_byCultivar_MicroNIR,PLS,materialized,1,sg_smooth_w11_p2,0,1,3.708504350501022
An_spxyG70_30_byCultivar_MicroNIR,PLS,materialized,1,sg_smooth_w11_p2,1,2,3.782648427413418
An_spxyG70_30_byCultivar_MicroNIR,PLS,materialized,1,sg_smooth_w11_p2,2,3,3.6802968994509166
An_spxyG70_30_byCultivar_MicroNIR,PLS,materialized,1,sg_smooth_w11_p2,3,4,3.7424883070503925
An_spxyG70_30_byCultivar_MicroNIR,PLS,materialized,1,sg_smooth_w11_p2,4,5,3.713962622362603
An_spxyG70_30_byCultivar_MicroNIR,PLS,materialized,1,sg_smooth_w11_p2,5,6,3.485984002206577
An_spxyG70_30_byCultivar_MicroNIR,PLS,materialized,1,sg_smooth_w11_p2,6,7,3.484569623886479
An_spxyG70_30_byCultivar_MicroNIR,PLS,materialized,1,sg_smooth_w11_p2,7,8,3.5216955527889304
An_spxyG70_30_byCultivar_MicroNIR,PLS,materialized,1,sg_smooth_w11_p2,8,9,3.5916347993697153
An_spxyG70_30_byCultivar_MicroNIR,PLS,materialized,1,sg_smooth_w11_p2,9,10,3.618735126944118
An_spxyG70_30_byCultivar_MicroNIR,PLS,materialized,1,sg_smooth_w11_p2,10,11,3.7618201641891056
An_spxyG70_30_byCultivar_MicroNIR,PLS,materialized,1,sg_smooth_w11_p2,11,12,3.821371704604868
An_spxyG70_30_byCultivar_MicroNIR,PLS,materialized,1,sg_smooth_w11_p2,12,13,3.8330277178484686
An_spxyG70_30_byCultivar_MicroNIR,PLS,materialized,1,sg_smooth_w11_p2,13,14,3.7633045625422348
An_spxyG70_30_byCultivar_MicroNIR,PLS,materialized,1,sg_smooth_w11_p2,14,15,3.6774634856383512
An_spxyG70_30_byCultivar_MicroNIR,PLS,materialized,2,sg_smooth_w21_p3,0,1,3.7087461121267276
An_spxyG70_30_byCultivar_MicroNIR,PLS,materialized,2,sg_smooth_w21_p3,1,2,3.784749811044924
An_spxyG70_30_byCultivar_MicroNIR,PLS,materialized,2,sg_smooth_w21_p3,2,3,3.6908509462381547
An_spxyG70_30_byCultivar_MicroNIR,PLS,materialized,2,sg_smooth_w21_p3,3,4,3.7288975588480953
An_spxyG70_30_byCultivar_MicroNIR,PLS,materialized,2,sg_smooth_w21_p3,4,5,3.637963148374426
An_spxyG70_30_byCultivar_MicroNIR,PLS,materialized,2,sg_smooth_w21_p3,5,6,3.478465146864248
An_spxyG70_30_byCultivar_MicroNIR,PLS,materialized,2,sg_smooth_w21_p3,6,7,3.4152238099792753
An_spxyG70_30_byCultivar_MicroNIR,PLS,materialized,2,sg_smooth_w21_p3,7,8,3.4494192822822365
An_spxyG70_30_byCultivar_MicroNIR,PLS,materialized,2,sg_smooth_w21_p3,8,9,3.4788628765962457
An_spxyG70_30_byCultivar_MicroNIR,PLS,materialized,2,sg_smooth_w21_p3,9,10,3.5968507575984625
An_spxyG70_30_byCultivar_MicroNIR,PLS,materialized,2,sg_smooth_w21_p3,10,11,3.83167564546752
An_spxyG70_30_byCultivar_MicroNIR,PLS,materialized,2,sg_smooth_w21_p3,11,12,3.9138819898124466
An_spxyG70_30_byCultivar_MicroNIR,PLS,materialized,2,sg_smooth_w21_p3,12,13,3.790845598902512
An_spxyG70_30_byCultivar_MicroNIR,PLS,materialized,2,sg_smooth_w21_p3,13,14,3.8113933702241
An_spxyG70_30_byCultivar_MicroNIR,PLS,materialized,2,sg_smooth_w21_p3,14,15,3.7942651693487783
An_spxyG70_30_byCultivar_MicroNIR,PLS,materialized,3,sg_d1_w11_p2,0,1,3.71401312411959
An_spxyG70_30_byCultivar_MicroNIR,PLS,materialized,3,sg_d1_w11_p2,1,2,3.7858765698417356
An_spxyG70_30_byCultivar_MicroNIR,PLS,materialized,3,sg_d1_w11_p2,2,3,3.672687966411975
An_spxyG70_30_byCultivar_MicroNIR,PLS,materialized,3,sg_d1_w11_p2,3,4,3.841693369958648
An_spxyG70_30_byCultivar_MicroNIR,PLS,materialized,3,sg_d1_w11_p2,4,5,3.5793665054881485
An_spxyG70_30_byCultivar_MicroNIR,PLS,materialized,3,sg_d1_w11_p2,5,6,3.5386435391399673
An_spxyG70_30_byCultivar_MicroNIR,PLS,materialized,3,sg_d1_w11_p2,6,7,3.580391879025991
An_spxyG70_30_byCultivar_MicroNIR,PLS,materialized,3,sg_d1_w11_p2,7,8,3.4923081695024196
An_spxyG70_30_byCultivar_MicroNIR,PLS,materialized,3,sg_d1_w11_p2,8,9,3.590490717114142
An_spxyG70_30_byCultivar_MicroNIR,PLS,materialized,3,sg_d1_w11_p2,9,10,3.742033792738732
An_spxyG70_30_byCultivar_MicroNIR,PLS,materialized,3,sg_d1_w11_p2,10,11,3.7564285671977515
An_spxyG70_30_byCultivar_MicroNIR,PLS,materialized,3,sg_d1_w11_p2,11,12,3.8601801890426857
An_spxyG70_30_byCultivar_MicroNIR,PLS,materialized,3,sg_d1_w11_p2,12,13,3.732959665213284
An_spxyG70_30_byCultivar_MicroNIR,PLS,materialized,3,sg_d1_w11_p2,13,14,3.6911886290965654
An_spxyG70_30_byCultivar_MicroNIR,PLS,materialized,3,sg_d1_w11_p2,14,15,3.8381630194340906
An_spxyG70_30_byCultivar_MicroNIR,PLS,materialized,4,sg_d1_w21_p3,0,1,3.713961663311202
An_spxyG70_30_byCultivar_MicroNIR,PLS,materialized,4,sg_d1_w21_p3,1,2,3.7877244599843563
An_spxyG70_30_byCultivar_MicroNIR,PLS,materialized,4,sg_d1_w21_p3,2,3,3.6757476196301253
An_spxyG70_30_byCultivar_MicroNIR,PLS,materialized,4,sg_d1_w21_p3,3,4,3.835474497976372
An_spxyG70_30_byCultivar_MicroNIR,PLS,materialized,4,sg_d1_w21_p3,4,5,3.5660245270285125
An_spxyG70_30_byCultivar_MicroNIR,PLS,materialized,4,sg_d1_w21_p3,5,6,3.5244278662470356
An_spxyG70_30_byCultivar_MicroNIR,PLS,materialized,4,sg_d1_w21_p3,6,7,3.5703074385666334
An_spxyG70_30_byCultivar_MicroNIR,PLS,materialized,4,sg_d1_w21_p3,7,8,3.529664034850621
An_spxyG70_30_byCultivar_MicroNIR,PLS,materialized,4,sg_d1_w21_p3,8,9,3.6097360621849597
An_spxyG70_30_byCultivar_MicroNIR,PLS,materialized,4,sg_d1_w21_p3,9,10,3.699526905933529
An_spxyG70_30_byCultivar_MicroNIR,PLS,materialized,4,sg_d1_w21_p3,10,11,3.714063435398272
An_spxyG70_30_byCultivar_MicroNIR,PLS,materialized,4,sg_d1_w21_p3,11,12,3.803082876116508
An_spxyG70_30_byCultivar_MicroNIR,PLS,materialized,4,sg_d1_w21_p3,12,13,3.7105907971375083
An_spxyG70_30_byCultivar_MicroNIR,PLS,materialized,4,sg_d1_w21_p3,13,14,3.668760265374438
An_spxyG70_30_byCultivar_MicroNIR,PLS,materialized,4,sg_d1_w21_p3,14,15,3.713060894169311
An_spxyG70_30_byCultivar_MicroNIR,PLS,materialized,5,sg_d2_w11_p2,0,1,3.692232808711958
An_spxyG70_30_byCultivar_MicroNIR,PLS,materialized,5,sg_d2_w11_p2,1,2,3.6894014946382585
An_spxyG70_30_byCultivar_MicroNIR,PLS,materialized,5,sg_d2_w11_p2,2,3,3.778164445088984
An_spxyG70_30_byCultivar_MicroNIR,PLS,materialized,5,sg_d2_w11_p2,3,4,3.8844433560785467
An_spxyG70_30_byCultivar_MicroNIR,PLS,materialized,5,sg_d2_w11_p2,4,5,4.064631689115673
An_spxyG70_30_byCultivar_MicroNIR,PLS,materialized,5,sg_d2_w11_p2,5,6,3.903691898421868
An_spxyG70_30_byCultivar_MicroNIR,PLS,materialized,5,sg_d2_w11_p2,6,7,3.8247880768012323
An_spxyG70_30_byCultivar_MicroNIR,PLS,materialized,5,sg_d2_w11_p2,7,8,3.9457495667086393
An_spxyG70_30_byCultivar_MicroNIR,PLS,materialized,5,sg_d2_w11_p2,8,9,3.664753689898677
An_spxyG70_30_byCultivar_MicroNIR,PLS,materialized,5,sg_d2_w11_p2,9,10,3.6218537782990152
An_spxyG70_30_byCultivar_MicroNIR,PLS,materialized,5,sg_d2_w11_p2,10,11,3.6496135303153223
An_spxyG70_30_byCultivar_MicroNIR,PLS,materialized,5,sg_d2_w11_p2,11,12,3.656872232654821
An_spxyG70_30_byCultivar_MicroNIR,PLS,materialized,5,sg_d2_w11_p2,12,13,3.569255050107742
An_spxyG70_30_byCultivar_MicroNIR,PLS,materialized,5,sg_d2_w11_p2,13,14,3.5709669971116482
An_spxyG70_30_byCultivar_MicroNIR,PLS,materialized,5,sg_d2_w11_p2,14,15,3.4626371771188205
An_spxyG70_30_byCultivar_MicroNIR,PLS,materialized,6,detrend_d1,0,1,3.7361933717443407
An_spxyG70_30_byCultivar_MicroNIR,PLS,materialized,6,detrend_d1,1,2,3.743047090300409
An_spxyG70_30_byCultivar_MicroNIR,PLS,materialized,6,detrend_d1,2,3,3.8210576453911242
An_spxyG70_30_byCultivar_MicroNIR,PLS,materialized,6,detrend_d1,3,4,3.8038428448447803
An_spxyG70_30_byCultivar_MicroNIR,PLS,materialized,6,detrend_d1,4,5,3.7105585887263457
An_spxyG70_30_byCultivar_MicroNIR,PLS,materialized,6,detrend_d1,5,6,3.572687937507007
An_spxyG70_30_byCultivar_MicroNIR,PLS,materialized,6,detrend_d1,6,7,3.619975241858529
An_spxyG70_30_byCultivar_MicroNIR,PLS,materialized,6,detrend_d1,7,8,3.95983260216052
An_spxyG70_30_byCultivar_MicroNIR,PLS,materialized,6,detrend_d1,8,9,3.9290788899464415
An_spxyG70_30_byCultivar_MicroNIR,PLS,materialized,6,detrend_d1,9,10,4.063253040717079
An_spxyG70_30_byCultivar_MicroNIR,PLS,materialized,6,detrend_d1,10,11,4.088895117379666
An_spxyG70_30_byCultivar_MicroNIR,PLS,materialized,6,detrend_d1,11,12,3.976245498250621
An_spxyG70_30_byCultivar_MicroNIR,PLS,materialized,6,detrend_d1,12,13,4.0182441058762155
An_spxyG70_30_byCultivar_MicroNIR,PLS,materialized,6,detrend_d1,13,14,4.0037458959775325
An_spxyG70_30_byCultivar_MicroNIR,PLS,materialized,6,detrend_d1,14,15,4.001511285798665
An_spxyG70_30_byCultivar_MicroNIR,PLS,materialized,7,detrend_d2,0,1,3.7523553745887503
An_spxyG70_30_byCultivar_MicroNIR,PLS,materialized,7,detrend_d2,1,2,3.7525703530864902
An_spxyG70_30_byCultivar_MicroNIR,PLS,materialized,7,detrend_d2,2,3,3.73961238738694
An_spxyG70_30_byCultivar_MicroNIR,PLS,materialized,7,detrend_d2,3,4,3.5603309070617777
An_spxyG70_30_byCultivar_MicroNIR,PLS,materialized,7,detrend_d2,4,5,3.537542822224716
An_spxyG70_30_byCultivar_MicroNIR,PLS,materialized,7,detrend_d2,5,6,3.659152599876495
An_spxyG70_30_byCultivar_MicroNIR,PLS,materialized,7,detrend_d2,6,7,3.8417984953726125
An_spxyG70_30_byCultivar_MicroNIR,PLS,materialized,7,detrend_d2,7,8,3.928354571543801
An_spxyG70_30_byCultivar_MicroNIR,PLS,materialized,7,detrend_d2,8,9,4.040991579869744
An_spxyG70_30_byCultivar_MicroNIR,PLS,materialized,7,detrend_d2,9,10,4.104635844133037
An_spxyG70_30_byCultivar_MicroNIR,PLS,materialized,7,detrend_d2,10,11,3.9460506024515127
An_spxyG70_30_byCultivar_MicroNIR,PLS,materialized,7,detrend_d2,11,12,3.923788479404093
An_spxyG70_30_byCultivar_MicroNIR,PLS,materialized,7,detrend_d2,12,13,3.895440836648376
An_spxyG70_30_byCultivar_MicroNIR,PLS,materialized,7,detrend_d2,13,14,3.9475435796531264
An_spxyG70_30_byCultivar_MicroNIR,PLS,materialized,7,detrend_d2,14,15,3.911992113205102
An_spxyG70_30_byCultivar_MicroNIR,PLS,materialized,8,fd_d1,0,1,3.697572555554854
An_spxyG70_30_byCultivar_MicroNIR,PLS,materialized,8,fd_d1,1,2,3.7408118135580297
An_spxyG70_30_byCultivar_MicroNIR,PLS,materialized,8,fd_d1,2,3,3.6596983644441856
An_spxyG70_30_byCultivar_MicroNIR,PLS,materialized,8,fd_d1,3,4,3.888330321719618
An_spxyG70_30_byCultivar_MicroNIR,PLS,materialized,8,fd_d1,4,5,3.8818693047509405
An_spxyG70_30_byCultivar_MicroNIR,PLS,materialized,8,fd_d1,5,6,3.702062408491989
An_spxyG70_30_byCultivar_MicroNIR,PLS,materialized,8,fd_d1,6,7,3.9006093552993377
An_spxyG70_30_byCultivar_MicroNIR,PLS,materialized,8,fd_d1,7,8,3.941327830112786
An_spxyG70_30_byCultivar_MicroNIR,PLS,materialized,8,fd_d1,8,9,4.119678660575828
An_spxyG70_30_byCultivar_MicroNIR,PLS,materialized,8,fd_d1,9,10,4.127049153426223
An_spxyG70_30_byCultivar_MicroNIR,PLS,materialized,8,fd_d1,10,11,4.146504322538353
An_spxyG70_30_byCultivar_MicroNIR,PLS,materialized,8,fd_d1,11,12,4.127363737195692
An_spxyG70_30_byCultivar_MicroNIR,PLS,materialized,8,fd_d1,12,13,4.256435868220654
An_spxyG70_30_byCultivar_MicroNIR,PLS,materialized,8,fd_d1,13,14,4.2928375864741
An_spxyG70_30_byCultivar_MicroNIR,PLS,materialized,8,fd_d1,14,15,4.250064349713403
An_spxyG70_30_byCultivar_MicroNIR,Ridge,folded,0,identity,0,1.2825484171278292e-07,3.711136352073427
An_spxyG70_30_byCultivar_MicroNIR,Ridge,folded,0,identity,1,2.2540924699928569e-07,3.607261083648377
An_spxyG70_30_byCultivar_MicroNIR,Ridge,folded,0,identity,2,3.9615914654176216e-07,3.5467873381785053
An_spxyG70_30_byCultivar_MicroNIR,Ridge,folded,0,identity,3,6.962539091805539e-07,3.52338192315593
An_spxyG70_30_byCultivar_MicroNIR,Ridge,folded,0,identity,4,1.2236736429815074e-06,3.522515068126397
An_spxyG70_30_byCultivar_MicroNIR,Ridge,folded,0,identity,5,2.15061942889477e-06,3.5299129441706443
An_spxyG70_30_byCultivar_MicroNIR,Ridge,folded,0,identity,6,3.779736496301698e-06,3.5366266044904138
An_spxyG70_30_byCultivar_MicroNIR,Ridge,folded,0,identity,7,6.6429270514016625e-06,3.5381034461698824
An_spxyG70_30_byCultivar_MicroNIR,Ridge,folded,0,identity,8,1.1675014872973745e-05,3.5317000183999587
An_spxyG70_30_byCultivar_MicroNIR,Ridge,folded,0,identity,9,2.0518962684589044e-05,3.5160327856300078
An_spxyG70_30_byCultivar_MicroNIR,Ridge,folded,0,identity,10,3.6062294929164276e-05,3.4923438204057407
An_spxyG70_30_byCultivar_MicroNIR,Ridge,folded,0,identity,11,6.337986649465327e-05,3.466403784273017
An_spxyG70_30_byCultivar_MicroNIR,Ridge,folded,0,identity,12,0.0001113907887662313,3.448237827055666
An_spxyG70_30_byCultivar_MicroNIR,Ridge,folded,0,identity,13,0.00019577049476760742,3.4481071479266334
An_spxyG70_30_byCultivar_MicroNIR,Ridge,folded,0,identity,14,0.0003440687245871494,3.4706372593725723
An_spxyG70_30_byCultivar_MicroNIR,Ridge,folded,0,identity,15,0.0006047044391421525,3.5115090117542187
An_spxyG70_30_byCultivar_MicroNIR,Ridge,folded,0,identity,16,0.0010627744766891906,3.5596831168913807
An_spxyG70_30_byCultivar_MicroNIR,Ridge,folded,0,identity,17,0.001867837434605745,3.6034980122623317
An_spxyG70_30_byCultivar_MicroNIR,Ridge,folded,0,identity,18,0.0032827441368211098,3.6363037204082373
An_spxyG70_30_byCultivar_MicroNIR,Ridge,folded,0,identity,19,0.005769457699142877,3.658230317423586
An_spxyG70_30_byCultivar_MicroNIR,Ridge,folded,0,identity,20,0.010139883205893893,3.6737525239031505
An_spxyG70_30_byCultivar_MicroNIR,Ridge,folded,0,identity,21,0.01782095246914516,3.6874534719064807
An_spxyG70_30_byCultivar_MicroNIR,Ridge,folded,0,identity,22,0.03132051330955488,3.701107655639011
An_spxyG70_30_byCultivar_MicroNIR,Ridge,folded,0,identity,23,0.055046134917448655,3.713612332706936
An_spxyG70_30_byCultivar_MicroNIR,Ridge,folded,0,identity,24,0.09674416697460622,3.722746063110674
An_spxyG70_30_byCultivar_MicroNIR,Ridge,folded,0,identity,25,0.1700289013505966,3.726885195652065
An_spxyG70_30_byCultivar_MicroNIR,Ridge,folded,0,identity,26,0.298827600656061,3.7257000907755407
An_spxyG70_30_byCultivar_MicroNIR,Ridge,folded,0,identity,27,0.5251926831528924,3.720085065389951
An_spxyG70_30_byCultivar_MicroNIR,Ridge,folded,0,identity,28,0.9230317207372032,3.711829336393116
An_spxyG70_30_byCultivar_MicroNIR,Ridge,folded,0,identity,29,1.622238056273637,3.703237444993005
An_spxyG70_30_byCultivar_MicroNIR,Ridge,folded,0,identity,30,2.851100619944704,3.6969907081838413
An_spxyG70_30_byCultivar_MicroNIR,Ridge,folded,0,identity,31,5.010839632082894,3.695983946557098
An_spxyG70_30_byCultivar_MicroNIR,Ridge,folded,0,identity,32,8.806603892829168,3.7019835171567137
An_spxyG70_30_byCultivar_MicroNIR,Ridge,folded,0,identity,33,15.477699910534813,3.713733037115337
An_spxyG70_30_byCultivar_MicroNIR,Ridge,folded,0,identity,34,27.202222041079068,3.727446184334032
An_spxyG70_30_byCultivar_MicroNIR,Ridge,folded,0,identity,35,47.8081942568556,3.739600522287836
An_spxyG70_30_byCultivar_MicroNIR,Ridge,folded,0,identity,36,84.02340936154543,3.7486588150039166
An_spxyG70_30_byCultivar_MicroNIR,Ridge,folded,0,identity,37,147.6720346894401,3.7547124910485117
An_spxyG70_30_byCultivar_MicroNIR,Ridge,folded,0,identity,38,259.535169960616,3.7584974541559903
An_spxyG70_30_byCultivar_MicroNIR,Ridge,folded,0,identity,39,456.13581872927614,3.7607718954087623
An_spxyG70_30_byCultivar_MicroNIR,Ridge,folded,0,identity,40,801.6635477935444,3.7621072894495997
An_spxyG70_30_byCultivar_MicroNIR,Ridge,folded,0,identity,41,1408.9322028059394,3.7628808874430133
An_spxyG70_30_byCultivar_MicroNIR,Ridge,folded,0,identity,42,2476.2133161315014,3.7633255935995917
An_spxyG70_30_byCultivar_MicroNIR,Ridge,folded,0,identity,43,4351.971212508043,3.7635801098457917
An_spxyG70_30_byCultivar_MicroNIR,Ridge,folded,0,identity,44,7648.635645045067,3.763725409508743
An_spxyG70_30_byCultivar_MicroNIR,Ridge,folded,0,identity,45,13442.558411809769,3.763808240057331
An_spxyG70_30_byCultivar_MicroNIR,Ridge,folded,0,identity,46,23625.43923398689,3.7638554204481567
An_spxyG70_30_byCultivar_MicroNIR,Ridge,folded,0,identity,47,41521.960470593156,3.763882281960503
An_spxyG70_30_byCultivar_MicroNIR,Ridge,folded,0,identity,48,72975.28669186804,3.7638975711468454
An_spxyG70_30_byCultivar_MicroNIR,Ridge,folded,0,identity,49,128254.84171278293,3.7639062722202796
An_spxyG70_30_byCultivar_MicroNIR,Ridge,folded,1,sg_smooth_w11_p2,0,1.2825484171278292e-07,3.3754680581917826
An_spxyG70_30_byCultivar_MicroNIR,Ridge,folded,1,sg_smooth_w11_p2,1,2.2540924699928569e-07,3.4452238119332312
An_spxyG70_30_byCultivar_MicroNIR,Ridge,folded,1,sg_smooth_w11_p2,2,3.9615914654176216e-07,3.492914899794049
An_spxyG70_30_byCultivar_MicroNIR,Ridge,folded,1,sg_smooth_w11_p2,3,6.962539091805539e-07,3.5202176673461834
An_spxyG70_30_byCultivar_MicroNIR,Ridge,folded,1,sg_smooth_w11_p2,4,1.2236736429815074e-06,3.5337513736556163
An_spxyG70_30_byCultivar_MicroNIR,Ridge,folded,1,sg_smooth_w11_p2,5,2.15061942889477e-06,3.5398130805612693
An_spxyG70_30_byCultivar_MicroNIR,Ridge,folded,1,sg_smooth_w11_p2,6,3.779736496301698e-06,3.5410541333931036
An_spxyG70_30_byCultivar_MicroNIR,Ridge,folded,1,sg_smooth_w11_p2,7,6.6429270514016625e-06,3.5359552162842824
An_spxyG70_30_byCultivar_MicroNIR,Ridge,folded,1,sg_smooth_w11_p2,8,1.1675014872973745e-05,3.52136074996763
An_spxyG70_30_byCultivar_MicroNIR,Ridge,folded,1,sg_smooth_w11_p2,9,2.0518962684589044e-05,3.496723736787871
An_spxyG70_30_byCultivar_MicroNIR,Ridge,folded,1,sg_smooth_w11_p2,10,3.6062294929164276e-05,3.4665253607508233
An_spxyG70_30_byCultivar_MicroNIR,Ridge,folded,1,sg_smooth_w11_p2,11,6.337986649465327e-05,3.439787782214329
An_spxyG70_30_byCultivar_MicroNIR,Ridge,folded,1,sg_smooth_w11_p2,12,0.0001113907887662313,3.427415483868218
An_spxyG70_30_byCultivar_MicroNIR,Ridge,folded,1,sg_smooth_w11_p2,13,0.00019577049476760742,3.4373342917775616
An_spxyG70_30_byCultivar_MicroNIR,Ridge,folded,1,sg_smooth_w11_p2,14,0.0003440687245871494,3.4697725117082028
An_spxyG70_30_byCultivar_MicroNIR,Ridge,folded,1,sg_smooth_w11_p2,15,0.0006047044391421525,3.5169207148410577
An_spxyG70_30_byCultivar_MicroNIR,Ridge,folded,1,sg_smooth_w11_p2,16,0.0010627744766891906,3.567073173893926
An_spxyG70_30_byCultivar_MicroNIR,Ridge,folded,1,sg_smooth_w11_p2,17,0.001867837434605745,3.610045003196544
An_spxyG70_30_byCultivar_MicroNIR,Ridge,folded,1,sg_smooth_w11_p2,18,0.0032827441368211098,3.641264784329942
An_spxyG70_30_byCultivar_MicroNIR,Ridge,folded,1,sg_smooth_w11_p2,19,0.005769457699142877,3.6624403041999747
An_spxyG70_30_byCultivar_MicroNIR,Ridge,folded,1,sg_smooth_w11_p2,20,0.010139883205893893,3.67851130991108
An_spxyG70_30_byCultivar_MicroNIR,Ridge,folded,1,sg_smooth_w11_p2,21,0.01782095246914516,3.6933493320035162
An_spxyG70_30_byCultivar_MicroNIR,Ridge,folded,1,sg_smooth_w11_p2,22,0.03132051330955488,3.7076056218504916
An_spxyG70_30_byCultivar_MicroNIR,Ridge,folded,1,sg_smooth_w11_p2,23,0.055046134917448655,3.719650927525948
An_spxyG70_30_byCultivar_MicroNIR,Ridge,folded,1,sg_smooth_w11_p2,24,0.09674416697460622,3.727558033877121
An_spxyG70_30_byCultivar_MicroNIR,Ridge,folded,1,sg_smooth_w11_p2,25,0.1700289013505966,3.730288236175486
An_spxyG70_30_byCultivar_MicroNIR,Ridge,folded,1,sg_smooth_w11_p2,26,0.298827600656061,3.727903556065857
An_spxyG70_30_byCultivar_MicroNIR,Ridge,folded,1,sg_smooth_w11_p2,27,0.5251926831528924,3.721420360042592
An_spxyG70_30_byCultivar_MicroNIR,Ridge,folded,1,sg_smooth_w11_p2,28,0.9230317207372032,3.7126056936272263
An_spxyG70_30_byCultivar_MicroNIR,Ridge,folded,1,sg_smooth_w11_p2,29,1.622238056273637,3.7037079512643105
An_spxyG70_30_byCultivar_MicroNIR,Ridge,folded,1,sg_smooth_w11_p2,30,2.851100619944704,3.6973629507558003
An_spxyG70_30_byCultivar_MicroNIR,Ridge,folded,1,sg_smooth_w11_p2,31,5.010839632082894,3.696412582278716
An_spxyG70_30_byCultivar_MicroNIR,Ridge,folded,1,sg_smooth_w11_p2,32,8.806603892829168,3.7025210291696005
An_spxyG70_30_byCultivar_MicroNIR,Ridge,folded,1,sg_smooth_w11_p2,33,15.477699910534813,3.714313452535395
An_spxyG70_30_byCultivar_MicroNIR,Ridge,folded,1,sg_smooth_w11_p2,34,27.202222041079068,3.7279630683247644
An_spxyG70_30_byCultivar_MicroNIR,Ridge,folded,1,sg_smooth_w11_p2,35,47.8081942568556,3.739993165718329
An_spxyG70_30_byCultivar_MicroNIR,Ridge,folded,1,sg_smooth_w11_p2,36,84.02340936154543,3.7489255972743214
An_spxyG70_30_byCultivar_MicroNIR,Ridge,folded,1,sg_smooth_w11_p2,37,147.6720346894401,3.7548811992532807
An_spxyG70_30_byCultivar_MicroNIR,Ridge,folded,1,sg_smooth_w11_p2,38,259.535169960616,3.758599558536281
An_spxyG70_30_byCultivar_MicroNIR,Ridge,folded,1,sg_smooth_w11_p2,39,456.13581872927614,3.7608321007800187
An_spxyG70_30_byCultivar_MicroNIR,Ridge,folded,1,sg_smooth_w11_p2,40,801.6635477935444,3.7621422540475677
An_spxyG70_30_byCultivar_MicroNIR,Ridge,folded,1,sg_smooth_w11_p2,41,1408.9322028059394,3.7629010161223073
An_spxyG70_30_byCultivar_MicroNIR,Ridge,folded,1,sg_smooth_w11_p2,42,2476.2133161315014,3.763337123321403
An_spxyG70_30_byCultivar_MicroNIR,Ridge,folded,1,sg_smooth_w11_p2,43,4351.971212508043,3.763586695129857
An_spxyG70_30_byCultivar_MicroNIR,Ridge,folded,1,sg_smooth_w11_p2,44,7648.635645045067,3.7637291645813606
An_spxyG70_30_byCultivar_MicroNIR,Ridge,folded,1,sg_smooth_w11_p2,45,13442.558411809769,3.763810379282654
An_spxyG70_30_byCultivar_MicroNIR,Ridge,folded,1,sg_smooth_w11_p2,46,23625.43923398689,3.7638566384942607
An_spxyG70_30_byCultivar_MicroNIR,Ridge,folded,1,sg_smooth_w11_p2,47,41521.960470593156,3.763882975289601
An_spxyG70_30_byCultivar_MicroNIR,Ridge,folded,1,sg_smooth_w11_p2,48,72975.28669186804,3.763897965731587
An_spxyG70_30_byCultivar_MicroNIR,Ridge,folded,1,sg_smooth_w11_p2,49,128254.84171278293,3.7639064967627816
An_spxyG70_30_byCultivar_MicroNIR,Ridge,folded,2,sg_smooth_w21_p3,0,1.2825484171278292e-07,3.6336152107565374
An_spxyG70_30_byCultivar_MicroNIR,Ridge,folded,2,sg_smooth_w21_p3,1,2.2540924699928569e-07,3.625913733866599
An_spxyG70_30_byCultivar_MicroNIR,Ridge,folded,2,sg_smooth_w21_p3,2,3.9615914654176216e-07,3.6160154720664393
An_spxyG70_30_byCultivar_MicroNIR,Ridge,folded,2,sg_smooth_w21_p3,3,6.962539091805539e-07,3.6034507013937427
An_spxyG70_30_byCultivar_MicroNIR,Ridge,folded,2,sg_smooth_w21_p3,4,1.2236736429815074e-06,3.5876789724940537
An_spxyG70_30_byCultivar_MicroNIR,Ridge,folded,2,sg_smooth_w21_p3,5,2.15061942889477e-06,3.5681587983049567
An_spxyG70_30_byCultivar_MicroNIR,Ridge,folded,2,sg_smooth_w21_p3,6,3.779736496301698e-06,3.5435450845450354
An_spxyG70_30_byCultivar_MicroNIR,Ridge,folded,2,sg_smooth_w21_p3,7,6.6429270514016625e-06,3.5126917299907268
An_spxyG70_30_byCultivar_MicroNIR,Ridge,folded,2,sg_smooth_w21_p3,8,1.1675014872973745e-05,3.476814477042372
An_spxyG70_30_byCultivar_MicroNIR,Ridge,folded,2,sg_smooth_w21_p3,9,2.0518962684589044e-05,3.4401462116279666
An_spxyG70_30_byCultivar_MicroNIR,Ridge,folded,2,sg_smooth_w21_p3,10,3.6062294929164276e-05,3.4096103770314996
An_spxyG70_30_byCultivar_MicroNIR,Ridge,folded,2,sg_smooth_w21_p3,11,6.337986649465327e-05,3.39398278661396
An_spxyG70_30_byCultivar_MicroNIR,Ridge,folded,2,sg_smooth_w21_p3,12,0.0001113907887662313,3.4004427866857703
An_spxyG70_30_byCultivar_MicroNIR,Ridge,folded,2,sg_smooth_w21_p3,13,0.00019577049476760742,3.429897899506051
An_spxyG70_30_byCultivar_MicroNIR,Ridge,folded,2,sg_smooth_w21_p3,14,0.0003440687245871494,3.476363336848796
An_spxyG70_30_byCultivar_MicroNIR,Ridge,folded,2,sg_smooth_w21_p3,15,0.0006047044391421525,3.5300485297396262
An_spxyG70_30_byCultivar_MicroNIR,Ridge,folded,2,sg_smooth_w21_p3,16,0.0010627744766891906,3.5806453606001476
An_spxyG70_30_byCultivar_MicroNIR,Ridge,folded,2,sg_smooth_w21_p3,17,0.001867837434605745,3.6208701327537183
An_spxyG70_30_byCultivar_MicroNIR,Ridge,folded,2,sg_smooth_w21_p3,18,0.0032827441368211098,3.6492075670491375
An_spxyG70_30_byCultivar_MicroNIR,Ridge,folded,2,sg_smooth_w21_p3,19,0.005769457699142877,3.669280493659477
An_spxyG70_30_byCultivar_MicroNIR,Ridge,folded,2,sg_smooth_w21_p3,20,0.010139883205893893,3.6860168071009447
An_spxyG70_30_byCultivar_MicroNIR,Ridge,folded,2,sg_smooth_w21_p3,21,0.01782095246914516,3.7018310008710587
An_spxyG70_30_byCultivar_MicroNIR,Ridge,folded,2,sg_smooth_w21_p3,22,0.03132051330955488,3.7160392217189013
An_spxyG70_30_byCultivar_MicroNIR,Ridge,folded,2,sg_smooth_w21_p3,23,0.055046134917448655,3.726826530144855
An_spxyG70_30_byCultivar_MicroNIR,Ridge,folded,2,sg_smooth_w21_p3,24,0.09674416697460622,3.732896776627888
An_spxyG70_30_byCultivar_MicroNIR,Ridge,folded,2,sg_smooth_w21_p3,25,0.1700289013505966,3.733866943671658
An_spxyG70_30_byCultivar_MicroNIR,Ridge,folded,2,sg_smooth_w21_p3,26,0.298827600656061,3.7301137566710394
An_spxyG70_30_byCultivar_MicroNIR,Ridge,folded,2,sg_smooth_w21_p3,27,0.5251926831528924,3.7226937546682826
An_spxyG70_30_byCultivar_MicroNIR,Ridge,folded,2,sg_smooth_w21_p3,28,0.9230317207372032,3.713303017633489
An_spxyG70_30_byCultivar_MicroNIR,Ridge,folded,2,sg_smooth_w21_p3,29,1.622238056273637,3.7041065282849326
An_spxyG70_30_byCultivar_MicroNIR,Ridge,folded,2,sg_smooth_w21_p3,30,2.851100619944704,3.6976779010251866
An_spxyG70_30_byCultivar_MicroNIR,Ridge,folded,2,sg_smooth_w21_p3,31,5.010839632082894,3.6967967135797153
An_spxyG70_30_byCultivar_MicroNIR,Ridge,folded,2,sg_smooth_w21_p3,32,8.806603892829168,3.7030219185062676
An_spxyG70_30_byCultivar_MicroNIR,Ridge,folded,2,sg_smooth_w21_p3,33,15.477699910534813,3.71486235487158
An_spxyG70_30_byCultivar_MicroNIR,Ridge,folded,2,sg_smooth_w21_p3,34,27.202222041079068,3.728454015359179
An_spxyG70_30_byCultivar_MicroNIR,Ridge,folded,2,sg_smooth_w21_p3,35,47.8081942568556,3.7403664262485266
An_spxyG70_30_byCultivar_MicroNIR,Ridge,folded,2,sg_smooth_w21_p3,36,84.02340936154543,3.7491791818961744
An_spxyG70_30_byCultivar_MicroNIR,Ridge,folded,2,sg_smooth_w21_p3,37,147.6720346894401,3.75504151746395
An_spxyG70_30_byCultivar_MicroNIR,Ridge,folded,2,sg_smooth_w21_p3,38,259.535169960616,3.758696562952461
An_spxyG70_30_byCultivar_MicroNIR,Ridge,folded,2,sg_smooth_w21_p3,39,456.13581872927614,3.7608892901246898
An_spxyG70_30_byCultivar_MicroNIR,Ridge,folded,2,sg_smooth_w21_p3,40,801.6635477935444,3.7621754638765728
An_spxyG70_30_byCultivar_MicroNIR,Ridge,folded,2,sg_smooth_w21_p3,41,1408.9322028059394,3.7629201335059435
An_spxyG70_30_byCultivar_MicroNIR,Ridge,folded,2,sg_smooth_w21_p3,42,2476.2133161315014,3.7633480734052727
An_spxyG70_30_byCultivar_MicroNIR,Ridge,folded,2,sg_smooth_w21_p3,43,4351.971212508043,3.7635929492284674
An_spxyG70_30_byCultivar_MicroNIR,Ridge,folded,2,sg_smooth_w21_p3,44,7648.635645045067,3.7637327307652093
An_spxyG70_30_byCultivar_MicroNIR,Ridge,folded,2,sg_smooth_w21_p3,45,13442.558411809769,3.7638124108871396
An_spxyG70_30_byCultivar_MicroNIR,Ridge,folded,2,sg_smooth_w21_p3,46,23625.43923398689,3.763857795258319
An_spxyG70_30_byCultivar_MicroNIR,Ridge,folded,2,sg_smooth_w21_p3,47,41521.960470593156,3.7638836337347312
An_spxyG70_30_byCultivar_MicroNIR,Ridge,folded,2,sg_smooth_w21_p3,48,72975.28669186804,3.7638983404628616
An_spxyG70_30_byCultivar_MicroNIR,Ridge,folded,2,sg_smooth_w21_p3,49,128254.84171278293,3.763906710007322
An_spxyG70_30_byCultivar_MicroNIR,Ridge,folded,3,sg_d1_w11_p2,0,1.2825484171278292e-07,3.5212968161360303
An_spxyG70_30_byCultivar_MicroNIR,Ridge,folded,3,sg_d1_w11_p2,1,2.2540924699928569e-07,3.5165485248239
An_spxyG70_30_byCultivar_MicroNIR,Ridge,folded,3,sg_d1_w11_p2,2,3.9615914654176216e-07,3.507944295261622
An_spxyG70_30_byCultivar_MicroNIR,Ridge,folded,3,sg_d1_w11_p2,3,6.962539091805539e-07,3.4945258960815417
An_spxyG70_30_byCultivar_MicroNIR,Ridge,folded,3,sg_d1_w11_p2,4,1.2236736429815074e-06,3.478295526488014
An_spxyG70_30_byCultivar_MicroNIR,Ridge,folded,3,sg_d1_w11_p2,5,2.15061942889477e-06,3.466583305333553
An_spxyG70_30_byCultivar_MicroNIR,Ridge,folded,3,sg_d1_w11_p2,6,3.779736496301698e-06,3.4700275984256606
An_spxyG70_30_byCultivar_MicroNIR,Ridge,folded,3,sg_d1_w11_p2,7,6.6429270514016625e-06,3.4950856759112896
An_spxyG70_30_byCultivar_MicroNIR,Ridge,folded,3,sg_d1_w11_p2,8,1.1675014872973745e-05,3.537261303956638
An_spxyG70_30_byCultivar_MicroNIR,Ridge,folded,3,sg_d1_w11_p2,9,2.0518962684589044e-05,3.5838726304864954
An_spxyG70_30_byCultivar_MicroNIR,Ridge,folded,3,sg_d1_w11_p2,10,3.6062294929164276e-05,3.623323088172698
An_spxyG70_30_byCultivar_MicroNIR,Ridge,folded,3,sg_d1_w11_p2,11,6.337986649465327e-05,3.6512078024277264
An_spxyG70_30_byCultivar_MicroNIR,Ridge,folded,3,sg_d1_w11_p2,12,0.0001113907887662313,3.669750123469048
An_spxyG70_30_byCultivar_MicroNIR,Ridge,folded,3,sg_d1_w11_p2,13,0.00019577049476760742,3.683206294413113
An_spxyG70_30_byCultivar_MicroNIR,Ridge,folded,3,sg_d1_w11_p2,14,0.0003440687245871494,3.69380894945976
An_spxyG70_30_byCultivar_MicroNIR,Ridge,folded,3,sg_d1_w11_p2,15,0.0006047044391421525,3.700934331743656
An_spxyG70_30_byCultivar_MicroNIR,Ridge,folded,3,sg_d1_w11_p2,16,0.0010627744766891906,3.703082394686848
An_spxyG70_30_byCultivar_MicroNIR,Ridge,folded,3,sg_d1_w11_p2,17,0.001867837434605745,3.700397071334821
An_spxyG70_30_byCultivar_MicroNIR,Ridge,folded,3,sg_d1_w11_p2,18,0.0032827441368211098,3.6957136384813416
An_spxyG70_30_byCultivar_MicroNIR,Ridge,folded,3,sg_d1_w11_p2,19,0.005769457699142877,3.693659754095014
An_spxyG70_30_byCultivar_MicroNIR,Ridge,folded,3,sg_d1_w11_p2,20,0.010139883205893893,3.698062912113451
An_spxyG70_30_byCultivar_MicroNIR,Ridge,folded,3,sg_d1_w11_p2,21,0.01782095246914516,3.7090771561143114
An_spxyG70_30_byCultivar_MicroNIR,Ridge,folded,3,sg_d1_w11_p2,22,0.03132051330955488,3.7231808078783892
An_spxyG70_30_byCultivar_MicroNIR,Ridge,folded,3,sg_d1_w11_p2,23,0.055046134917448655,3.7363322061916597
An_spxyG70_30_byCultivar_MicroNIR,Ridge,folded,3,sg_d1_w11_p2,24,0.09674416697460622,3.746431845028391
An_spxyG70_30_byCultivar_MicroNIR,Ridge,folded,3,sg_d1_w11_p2,25,0.1700289013505966,3.753302758485485
An_spxyG70_30_byCultivar_MicroNIR,Ridge,folded,3,sg_d1_w11_p2,26,0.298827600656061,3.7576439180559964
An_spxyG70_30_byCultivar_MicroNIR,Ridge,folded,3,sg_d1_w11_p2,27,0.5251926831528924,3.76026852130465
An_spxyG70_30_byCultivar_MicroNIR,Ridge,folded,3,sg_d1_w11_p2,28,0.9230317207372032,3.7618149269664967
An_spxyG70_30_byCultivar_MicroNIR,Ridge,folded,3,sg_d1_w11_p2,29,1.622238056273637,3.762712570624655
An_spxyG70_30_byCultivar_MicroNIR,Ridge,folded,3,sg_d1_w11_p2,30,2.851100619944704,3.7632291793446617
An_spxyG70_30_byCultivar_MicroNIR,Ridge,folded,3,sg_d1_w11_p2,31,5.010839632082894,3.763525041439525
An_spxyG70_30_byCultivar_MicroNIR,Ridge,folded,3,sg_d1_w11_p2,32,8.806603892829168,3.7636940080781907
An_spxyG70_30_byCultivar_MicroNIR,Ridge,folded,3,sg_d1_w11_p2,33,15.477699910534813,3.7637903509213637
An_spxyG70_30_byCultivar_MicroNIR,Ridge,folded,3,sg_d1_w11_p2,34,27.202222041079068,3.763845234591887
An_spxyG70_30_byCultivar_MicroNIR,Ridge,folded,3,sg_d1_w11_p2,35,47.8081942568556,3.7638764840193852
An_spxyG70_30_byCultivar_MicroNIR,Ridge,folded,3,sg_d1_w11_p2,36,84.02340936154543,3.7638942714428945
An_spxyG70_30_byCultivar_MicroNIR,Ridge,folded,3,sg_d1_w11_p2,37,147.6720346894401,3.763904394489058
An_spxyG70_30_byCultivar_MicroNIR,Ridge,folded,3,sg_d1_w11_p2,38,259.535169960616,3.7639101550922094
An_spxyG70_30_byCultivar_MicroNIR,Ridge,folded,3,sg_d1_w11_p2,39,456.13581872927614,3.763913433033134
An_spxyG70_30_byCultivar_MicroNIR,Ridge,folded,3,sg_d1_w11_p2,40,801.6635477935444,3.7639152982136608
An_spxyG70_30_byCultivar_MicroNIR,Ridge,folded,3,sg_d1_w11_p2,41,1408.9322028059394,3.763916359501016
An_spxyG70_30_byCultivar_MicroNIR,Ridge,folded,3,sg_d1_w11_p2,42,2476.2133161315014,3.7639169633672744
An_spxyG70_30_byCultivar_MicroNIR,Ridge,folded,3,sg_d1_w11_p2,43,4351.971212508043,3.763917306961667
An_spxyG70_30_byCultivar_MicroNIR,Ridge,folded,3,sg_d1_w11_p2,44,7648.635645045067,3.7639175024631086
An_spxyG70_30_byCultivar_MicroNIR,Ridge,folded,3,sg_d1_w11_p2,45,13442.558411809769,3.76391761370108
An_spxyG70_30_byCultivar_MicroNIR,Ridge,folded,3,sg_d1_w11_p2,46,23625.43923398689,3.763917676994083
An_spxyG70_30_byCultivar_MicroNIR,Ridge,folded,3,sg_d1_w11_p2,47,41521.960470593156,3.7639177130069825
An_spxyG70_30_byCultivar_MicroNIR,Ridge,folded,3,sg_d1_w11_p2,48,72975.28669186804,3.7639177334978484
An_spxyG70_30_byCultivar_MicroNIR,Ridge,folded,3,sg_d1_w11_p2,49,128254.84171278293,3.76391774515688
An_spxyG70_30_byCultivar_MicroNIR,Ridge,folded,4,sg_d1_w21_p3,0,1.2825484171278292e-07,3.5201260947226474
An_spxyG70_30_byCultivar_MicroNIR,Ridge,folded,4,sg_d1_w21_p3,1,2.2540924699928569e-07,3.5202738638484186
An_spxyG70_30_byCultivar_MicroNIR,Ridge,folded,4,sg_d1_w21_p3,2,3.9615914654176216e-07,3.513428891559697
An_spxyG70_30_byCultivar_MicroNIR,Ridge,folded,4,sg_d1_w21_p3,3,6.962539091805539e-07,3.5001582289429423
An_spxyG70_30_byCultivar_MicroNIR,Ridge,folded,4,sg_d1_w21_p3,4,1.2236736429815074e-06,3.4828028321733955
An_spxyG70_30_byCultivar_MicroNIR,Ridge,folded,4,sg_d1_w21_p3,5,2.15061942889477e-06,3.468114872916207
An_spxyG70_30_byCultivar_MicroNIR,Ridge,folded,4,sg_d1_w21_p3,6,3.779736496301698e-06,3.467063943353499
An_spxyG70_30_byCultivar_MicroNIR,Ridge,folded,4,sg_d1_w21_p3,7,6.6429270514016625e-06,3.4881930677248634
An_spxyG70_30_byCultivar_MicroNIR,Ridge,folded,4,sg_d1_w21_p3,8,1.1675014872973745e-05,3.5290896896102795
An_spxyG70_30_byCultivar_MicroNIR,Ridge,folded,4,sg_d1_w21_p3,9,2.0518962684589044e-05,3.5771153772486164
An_spxyG70_30_byCultivar_MicroNIR,Ridge,folded,4,sg_d1_w21_p3,10,3.6062294929164276e-05,3.6191505582585632
An_spxyG70_30_byCultivar_MicroNIR,Ridge,folded,4,sg_d1_w21_p3,11,6.337986649465327e-05,3.6492695145240885
An_spxyG70_30_byCultivar_MicroNIR,Ridge,folded,4,sg_d1_w21_p3,12,0.0001113907887662313,3.6690379791510708
An_spxyG70_30_byCultivar_MicroNIR,Ridge,folded,4,sg_d1_w21_p3,13,0.00019577049476760742,3.682927988755233
An_spxyG70_30_byCultivar_MicroNIR,Ridge,folded,4,sg_d1_w21_p3,14,0.0003440687245871494,3.6937376157364015
An_spxyG70_30_byCultivar_MicroNIR,Ridge,folded,4,sg_d1_w21_p3,15,0.0006047044391421525,3.701226864045709
An_spxyG70_30_byCultivar_MicroNIR,Ridge,folded,4,sg_d1_w21_p3,16,0.0010627744766891906,3.703886709768939
An_spxyG70_30_byCultivar_MicroNIR,Ridge,folded,4,sg_d1_w21_p3,17,0.001867837434605745,3.701553372966761
An_spxyG70_30_byCultivar_MicroNIR,Ridge,folded,4,sg_d1_w21_p3,18,0.0032827441368211098,3.6966841166746924
An_spxyG70_30_byCultivar_MicroNIR,Ridge,folded,4,sg_d1_w21_p3,19,0.005769457699142877,3.693733455262425
An_spxyG70_30_byCultivar_MicroNIR,Ridge,folded,4,sg_d1_w21_p3,20,0.010139883205893893,3.6968469044730967
An_spxyG70_30_byCultivar_MicroNIR,Ridge,folded,4,sg_d1_w21_p3,21,0.01782095246914516,3.706883720923878
An_spxyG70_30_byCultivar_MicroNIR,Ridge,folded,4,sg_d1_w21_p3,22,0.03132051330955488,3.72076069601072
An_spxyG70_30_byCultivar_MicroNIR,Ridge,folded,4,sg_d1_w21_p3,23,0.055046134917448655,3.734279638253523
An_spxyG70_30_byCultivar_MicroNIR,Ridge,folded,4,sg_d1_w21_p3,24,0.09674416697460622,3.744949580952441
An_spxyG70_30_byCultivar_MicroNIR,Ridge,folded,4,sg_d1_w21_p3,25,0.1700289013505966,3.7523324845606405
An_spxyG70_30_byCultivar_MicroNIR,Ridge,folded,4,sg_d1_w21_p3,26,0.298827600656061,3.7570450325507765
An_spxyG70_30_byCultivar_MicroNIR,Ridge,folded,4,sg_d1_w21_p3,27,0.5251926831528924,3.7599114083577176
An_spxyG70_30_byCultivar_MicroNIR,Ridge,folded,4,sg_d1_w21_p3,28,0.9230317207372032,3.7616062015531546
An_spxyG70_30_byCultivar_MicroNIR,Ridge,folded,4,sg_d1_w21_p3,29,1.622238056273637,3.762591971631302
An_spxyG70_30_byCultivar_MicroNIR,Ridge,folded,4,sg_d1_w21_p3,30,2.851100619944704,3.7631599567622898
An_spxyG70_30_byCultivar_MicroNIR,Ridge,folded,4,sg_d1_w21_p3,31,5.010839632082894,3.763485457764657
An_spxyG70_30_byCultivar_MicroNIR,Ridge,folded,4,sg_d1_w21_p3,32,8.806603892829168,3.7636714214351095
An_spxyG70_30_byCultivar_MicroNIR,Ridge,folded,4,sg_d1_w21_p3,33,15.477699910534813,3.7637774786286555
An_spxyG70_30_byCultivar_MicroNIR,Ridge,folded,4,sg_d1_w21_p3,34,27.202222041079068,3.7638379036871243
An_spxyG70_30_byCultivar_MicroNIR,Ridge,folded,4,sg_d1_w21_p3,35,47.8081942568556,3.763872310647989
An_spxyG70_30_byCultivar_MicroNIR,Ridge,folded,4,sg_d1_w21_p3,36,84.02340936154543,3.7638918961428134
An_spxyG70_30_byCultivar_MicroNIR,Ridge,folded,4,sg_d1_w21_p3,37,147.6720346894401,3.763903042745966
An_spxyG70_30_byCultivar_MicroNIR,Ridge,folded,4,sg_d1_w21_p3,38,259.535169960616,3.763909385894295
An_spxyG70_30_byCultivar_MicroNIR,Ridge,folded,4,sg_d1_w21_p3,39,456.13581872927614,3.7639129953458004
An_spxyG70_30_byCultivar_MicroNIR,Ridge,folded,4,sg_d1_w21_p3,40,801.6635477935444,3.763915049167653
An_spxyG70_30_byCultivar_MicroNIR,Ridge,folded,4,sg_d1_w21_p3,41,1408.9322028059394,3.7639162177946552
An_spxyG70_30_byCultivar_MicroNIR,Ridge,folded,4,sg_d1_w21_p3,42,2476.2133161315014,3.763916882737439
An_spxyG70_30_byCultivar_MicroNIR,Ridge,folded,4,sg_d1_w21_p3,43,4351.971212508043,3.7639172610841065
An_spxyG70_30_byCultivar_MicroNIR,Ridge,folded,4,sg_d1_w21_p3,44,7648.635645045067,3.763917476359306
An_spxyG70_30_byCultivar_MicroNIR,Ridge,folded,4,sg_d1_w21_p3,45,13442.558411809769,3.7639175988483387
An_spxyG70_30_byCultivar_MicroNIR,Ridge,folded,4,sg_d1_w21_p3,46,23625.43923398689,3.7639176685430633
An_spxyG70_30_byCultivar_MicroNIR,Ridge,folded,4,sg_d1_w21_p3,47,41521.960470593156,3.7639177081984627
An_spxyG70_30_byCultivar_MicroNIR,Ridge,folded,4,sg_d1_w21_p3,48,72975.28669186804,3.7639177307618636
An_spxyG70_30_byCultivar_MicroNIR,Ridge,folded,4,sg_d1_w21_p3,49,128254.84171278293,3.763917743600141
An_spxyG70_30_byCultivar_MicroNIR,Ridge,folded,5,sg_d2_w11_p2,0,1.2825484171278292e-07,3.5997042763730605
An_spxyG70_30_byCultivar_MicroNIR,Ridge,folded,5,sg_d2_w11_p2,1,2.2540924699928569e-07,3.642469639886863
An_spxyG70_30_byCultivar_MicroNIR,Ridge,folded,5,sg_d2_w11_p2,2,3.9615914654176216e-07,3.6781396932800634
An_spxyG70_30_byCultivar_MicroNIR,Ridge,folded,5,sg_d2_w11_p2,3,6.962539091805539e-07,3.702511981225956
An_spxyG70_30_byCultivar_MicroNIR,Ridge,folded,5,sg_d2_w11_p2,4,1.2236736429815074e-06,3.7142149844075627
An_spxyG70_30_byCultivar_MicroNIR,Ridge,folded,5,sg_d2_w11_p2,5,2.15061942889477e-06,3.714268581997621
An_spxyG70_30_byCultivar_MicroNIR,Ridge,folded,5,sg_d2_w11_p2,6,3.779736496301698e-06,3.7057115882635174
An_spxyG70_30_byCultivar_MicroNIR,Ridge,folded,5,sg_d2_w11_p2,7,6.6429270514016625e-06,3.693060315180844
An_spxyG70_30_byCultivar_MicroNIR,Ridge,folded,5,sg_d2_w11_p2,8,1.1675014872973745e-05,3.6807470638708066
An_spxyG70_30_byCultivar_MicroNIR,Ridge,folded,5,sg_d2_w11_p2,9,2.0518962684589044e-05,3.6715199345880776
An_spxyG70_30_byCultivar_MicroNIR,Ridge,folded,5,sg_d2_w11_p2,10,3.6062294929164276e-05,3.6663749040889413
An_spxyG70_30_byCultivar_MicroNIR,Ridge,folded,5,sg_d2_w11_p2,11,6.337986649465327e-05,3.6651187749966008
An_spxyG70_30_byCultivar_MicroNIR,Ridge,folded,5,sg_d2_w11_p2,12,0.0001113907887662313,3.666390312296427
An_spxyG70_30_byCultivar_MicroNIR,Ridge,folded,5,sg_d2_w11_p2,13,0.00019577049476760742,3.668240081295226
An_spxyG70_30_byCultivar_MicroNIR,Ridge,folded,5,sg_d2_w11_p2,14,0.0003440687245871494,3.6698392211056836
An_spxyG70_30_byCultivar_MicroNIR,Ridge,folded,5,sg_d2_w11_p2,15,0.0006047044391421525,3.6727377909236965
An_spxyG70_30_byCultivar_MicroNIR,Ridge,folded,5,sg_d2_w11_p2,16,0.0010627744766891906,3.6799912202996117
An_spxyG70_30_byCultivar_MicroNIR,Ridge,folded,5,sg_d2_w11_p2,17,0.001867837434605745,3.693123511636692
An_spxyG70_30_byCultivar_MicroNIR,Ridge,folded,5,sg_d2_w11_p2,18,0.0032827441368211098,3.709989530029344
An_spxyG70_30_byCultivar_MicroNIR,Ridge,folded,5,sg_d2_w11_p2,19,0.005769457699142877,3.7264946641578476
An_spxyG70_30_byCultivar_MicroNIR,Ridge,folded,5,sg_d2_w11_p2,20,0.010139883205893893,3.739749537676297
An_spxyG70_30_byCultivar_MicroNIR,Ridge,folded,5,sg_d2_w11_p2,21,0.01782095246914516,3.7490613075756167
An_spxyG70_30_byCultivar_MicroNIR,Ridge,folded,5,sg_d2_w11_p2,22,0.03132051330955488,3.755068004809826
An_spxyG70_30_byCultivar_MicroNIR,Ridge,folded,5,sg_d2_w11_p2,23,0.055046134917448655,3.7587459320901524
An_spxyG70_30_byCultivar_MicroNIR,Ridge,folded,5,sg_d2_w11_p2,24,0.09674416697460622,3.7609293077697346
An_spxyG70_30_byCultivar_MicroNIR,Ridge,folded,5,sg_d2_w11_p2,25,0.1700289013505966,3.762202256295783
An_spxyG70_30_byCultivar_MicroNIR,Ridge,folded,5,sg_d2_w11_p2,26,0.298827600656061,3.7629367112818892
An_spxyG70_30_byCultivar_MicroNIR,Ridge,folded,5,sg_d2_w11_p2,27,0.5251926831528924,3.763357943372077
An_spxyG70_30_byCultivar_MicroNIR,Ridge,folded,5,sg_d2_w11_p2,28,0.9230317207372032,3.7635987078061306
An_spxyG70_30_byCultivar_MicroNIR,Ridge,folded,5,sg_d2_w11_p2,29,1.622238056273637,3.7637360537173956
An_spxyG70_30_byCultivar_MicroNIR,Ridge,folded,5,sg_d2_w11_p2,30,2.851100619944704,3.7638143166608593
An_spxyG70_30_byCultivar_MicroNIR,Ridge,folded,5,sg_d2_w11_p2,31,5.010839632082894,3.763858884499986
An_spxyG70_30_byCultivar_MicroNIR,Ridge,folded,5,sg_d2_w11_p2,32,8.806603892829168,3.7638842550804212
An_spxyG70_30_byCultivar_MicroNIR,Ridge,folded,5,sg_d2_w11_p2,33,15.477699910534813,3.76389869451256
An_spxyG70_30_byCultivar_MicroNIR,Ridge,folded,5,sg_d2_w11_p2,34,27.202222041079068,3.763906911622763
An_spxyG70_30_byCultivar_MicroNIR,Ridge,folded,5,sg_d2_w11_p2,35,47.8081942568556,3.763911587458555
An_spxyG70_30_byCultivar_MicroNIR,Ridge,folded,5,sg_d2_w11_p2,36,84.02340936154543,3.7639142480792813
An_spxyG70_30_byCultivar_MicroNIR,Ridge,folded,5,sg_d2_w11_p2,37,147.6720346894401,3.7639157619798262
An_spxyG70_30_byCultivar_MicroNIR,Ridge,folded,5,sg_d2_w11_p2,38,259.535169960616,3.7639166233828747
An_spxyG70_30_byCultivar_MicroNIR,Ridge,folded,5,sg_d2_w11_p2,39,456.13581872927614,3.7639171135141765
An_spxyG70_30_byCultivar_MicroNIR,Ridge,folded,5,sg_d2_w11_p2,40,801.6635477935444,3.763917392393779
An_spxyG70_30_byCultivar_MicroNIR,Ridge,folded,5,sg_d2_w11_p2,41,1408.9322028059394,3.7639175510730096
An_spxyG70_30_byCultivar_MicroNIR,Ridge,folded,5,sg_d2_w11_p2,42,2476.2133161315014,3.7639176413595186
An_spxyG70_30_byCultivar_MicroNIR,Ridge,folded,5,sg_d2_w11_p2,43,4351.971212508043,3.7639176927313827
An_spxyG70_30_byCultivar_MicroNIR,Ridge,folded,5,sg_d2_w11_p2,44,7648.635645045067,3.7639177219613003
An_spxyG70_30_byCultivar_MicroNIR,Ridge,folded,5,sg_d2_w11_p2,45,13442.558411809769,3.7639177385927383
An_spxyG70_30_byCultivar_MicroNIR,Ridge,folded,5,sg_d2_w11_p2,46,23625.43923398689,3.7639177480558046
An_spxyG70_30_byCultivar_MicroNIR,Ridge,folded,5,sg_d2_w11_p2,47,41521.960470593156,3.7639177534401633
An_spxyG70_30_byCultivar_MicroNIR,Ridge,folded,5,sg_d2_w11_p2,48,72975.28669186804,3.7639177565037913
An_spxyG70_30_byCultivar_MicroNIR,Ridge,folded,5,sg_d2_w11_p2,49,128254.84171278293,3.7639177582469543
An_spxyG70_30_byCultivar_MicroNIR,Ridge,folded,6,detrend_d1,0,1.2825484171278292e-07,3.978776009047034
An_spxyG70_30_byCultivar_MicroNIR,Ridge,folded,6,detrend_d1,1,2.2540924699928569e-07,3.8663574512731254
An_spxyG70_30_byCultivar_MicroNIR,Ridge,folded,6,detrend_d1,2,3.9615914654176216e-07,3.7802058818998687
An_spxyG70_30_byCultivar_MicroNIR,Ridge,folded,6,detrend_d1,3,6.962539091805539e-07,3.724850408289356
An_spxyG70_30_byCultivar_MicroNIR,Ridge,folded,6,detrend_d1,4,1.2236736429815074e-06,3.6957245287461107
An_spxyG70_30_byCultivar_MicroNIR,Ridge,folded,6,detrend_d1,5,2.15061942889477e-06,3.6808080848445064
An_spxyG70_30_byCultivar_MicroNIR,Ridge,folded,6,detrend_d1,6,3.779736496301698e-06,3.6678022269531683
An_spxyG70_30_byCultivar_MicroNIR,Ridge,folded,6,detrend_d1,7,6.6429270514016625e-06,3.6496433565109614
An_spxyG70_30_byCultivar_MicroNIR,Ridge,folded,6,detrend_d1,8,1.1675014872973745e-05,3.625036289694168
An_spxyG70_30_byCultivar_MicroNIR,Ridge,folded,6,detrend_d1,9,2.0518962684589044e-05,3.5958009758820433
An_spxyG70_30_byCultivar_MicroNIR,Ridge,folded,6,detrend_d1,10,3.6062294929164276e-05,3.565045648198236
An_spxyG70_30_byCultivar_MicroNIR,Ridge,folded,6,detrend_d1,11,6.337986649465327e-05,3.5378702974038263
An_spxyG70_30_byCultivar_MicroNIR,Ridge,folded,6,detrend_d1,12,0.0001113907887662313,3.522348117210906
An_spxyG70_30_byCultivar_MicroNIR,Ridge,folded,6,detrend_d1,13,0.00019577049476760742,3.527226520798327
An_spxyG70_30_byCultivar_MicroNIR,Ridge,folded,6,detrend_d1,14,0.0003440687245871494,3.5554120131184432
An_spxyG70_30_byCultivar_MicroNIR,Ridge,folded,6,detrend_d1,15,0.0006047044391421525,3.599057573843605
An_spxyG70_30_byCultivar_MicroNIR,Ridge,folded,6,detrend_d1,16,0.0010627744766891906,3.6441122786086844
An_spxyG70_30_byCultivar_MicroNIR,Ridge,folded,6,detrend_d1,17,0.001867837434605745,3.6797884576075384
An_spxyG70_30_byCultivar_MicroNIR,Ridge,folded,6,detrend_d1,18,0.0032827441368211098,3.702407290609986
An_spxyG70_30_byCultivar_MicroNIR,Ridge,folded,6,detrend_d1,19,0.005769457699142877,3.713335313806747
An_spxyG70_30_byCultivar_MicroNIR,Ridge,folded,6,detrend_d1,20,0.010139883205893893,3.7159426212207753
An_spxyG70_30_byCultivar_MicroNIR,Ridge,folded,6,detrend_d1,21,0.01782095246914516,3.713772317725725
An_spxyG70_30_byCultivar_MicroNIR,Ridge,folded,6,detrend_d1,22,0.03132051330955488,3.7101195352153242
An_spxyG70_30_byCultivar_MicroNIR,Ridge,folded,6,detrend_d1,23,0.055046134917448655,3.7082683043518143
An_spxyG70_30_byCultivar_MicroNIR,Ridge,folded,6,detrend_d1,24,0.09674416697460622,3.7108065699368593
An_spxyG70_30_byCultivar_MicroNIR,Ridge,folded,6,detrend_d1,25,0.1700289013505966,3.718115161212304
An_spxyG70_30_byCultivar_MicroNIR,Ridge,folded,6,detrend_d1,26,0.298827600656061,3.7282558781301693
An_spxyG70_30_byCultivar_MicroNIR,Ridge,folded,6,detrend_d1,27,0.5251926831528924,3.738570200996199
An_spxyG70_30_byCultivar_MicroNIR,Ridge,folded,6,detrend_d1,28,0.9230317207372032,3.7471833236632386
An_spxyG70_30_byCultivar_MicroNIR,Ridge,folded,6,detrend_d1,29,1.622238056273637,3.7534544535215475
An_spxyG70_30_byCultivar_MicroNIR,Ridge,folded,6,detrend_d1,30,2.851100619944704,3.757612003602022
An_spxyG70_30_byCultivar_MicroNIR,Ridge,folded,6,detrend_d1,31,5.010839632082894,3.760205377817738
An_spxyG70_30_byCultivar_MicroNIR,Ridge,folded,6,detrend_d1,32,8.806603892829168,3.7617630193750684
An_spxyG70_30_byCultivar_MicroNIR,Ridge,folded,6,detrend_d1,33,15.477699910534813,3.762677580125846
An_spxyG70_30_byCultivar_MicroNIR,Ridge,folded,6,detrend_d1,34,27.202222041079068,3.763207449488454
An_spxyG70_30_byCultivar_MicroNIR,Ridge,folded,6,detrend_d1,35,47.8081942568556,3.7635120776929227
An_spxyG70_30_byCultivar_MicroNIR,Ridge,folded,6,detrend_d1,36,84.02340936154543,3.7636864357885904
An_spxyG70_30_byCultivar_MicroNIR,Ridge,folded,6,detrend_d1,37,147.6720346894401,3.763785978548596
An_spxyG70_30_byCultivar_MicroNIR,Ridge,folded,6,detrend_d1,38,259.535169960616,3.763842726035763
An_spxyG70_30_byCultivar_MicroNIR,Ridge,folded,6,detrend_d1,39,456.13581872927614,3.7638750499595917
An_spxyG70_30_byCultivar_MicroNIR,Ridge,folded,6,detrend_d1,40,801.6635477935444,3.763893453302648
An_spxyG70_30_byCultivar_MicroNIR,Ridge,folded,6,detrend_d1,41,1408.9322028059394,3.76390392827222
An_spxyG70_30_byCultivar_MicroNIR,Ridge,folded,6,detrend_d1,42,2476.2133161315014,3.7639098895924334
An_spxyG70_30_byCultivar_MicroNIR,Ridge,folded,6,detrend_d1,43,4351.971212508043,3.763913281893282
An_spxyG70_30_byCultivar_MicroNIR,Ridge,folded,6,detrend_d1,44,7648.635645045067,3.763915212193139
An_spxyG70_30_byCultivar_MicroNIR,Ridge,folded,6,detrend_d1,45,13442.558411809769,3.76391631054873
An_spxyG70_30_byCultivar_MicroNIR,Ridge,folded,6,detrend_d1,46,23625.43923398689,3.763916935511568
An_spxyG70_30_byCultivar_MicroNIR,Ridge,folded,6,detrend_d1,47,41521.960470593156,3.763917291111329
An_spxyG70_30_byCultivar_MicroNIR,Ridge,folded,6,detrend_d1,48,72975.28669186804,3.7639174934442154
An_spxyG70_30_byCultivar_MicroNIR,Ridge,folded,6,detrend_d1,49,128254.84171278293,3.763917608569365
An_spxyG70_30_byCultivar_MicroNIR,Ridge,folded,7,detrend_d2,0,1.2825484171278292e-07,3.877903393798026
An_spxyG70_30_byCultivar_MicroNIR,Ridge,folded,7,detrend_d2,1,2.2540924699928569e-07,3.7845914197769814
An_spxyG70_30_byCultivar_MicroNIR,Ridge,folded,7,detrend_d2,2,3.9615914654176216e-07,3.714406963230188
An_spxyG70_30_byCultivar_MicroNIR,Ridge,folded,7,detrend_d2,3,6.962539091805539e-07,3.672031180418826
An_spxyG70_30_byCultivar_MicroNIR,Ridge,folded,7,detrend_d2,4,1.2236736429815074e-06,3.6527700254099904
An_spxyG70_30_byCultivar_MicroNIR,Ridge,folded,7,detrend_d2,5,2.15061942889477e-06,3.645571227992506
An_spxyG70_30_byCultivar_MicroNIR,Ridge,folded,7,detrend_d2,6,3.779736496301698e-06,3.640180005313862
An_spxyG70_30_byCultivar_MicroNIR,Ridge,folded,7,detrend_d2,7,6.6429270514016625e-06,3.6299391056028028
An_spxyG70_30_byCultivar_MicroNIR,Ridge,folded,7,detrend_d2,8,1.1675014872973745e-05,3.611529159915599
An_spxyG70_30_byCultivar_MicroNIR,Ridge,folded,7,detrend_d2,9,2.0518962684589044e-05,3.5845900139816544
An_spxyG70_30_byCultivar_MicroNIR,Ridge,folded,7,detrend_d2,10,3.6062294929164276e-05,3.551749156467028
An_spxyG70_30_byCultivar_MicroNIR,Ridge,folded,7,detrend_d2,11,6.337986649465327e-05,3.519211371031166
An_spxyG70_30_byCultivar_MicroNIR,Ridge,folded,7,detrend_d2,12,0.0001113907887662313,3.4968830543069784
An_spxyG70_30_byCultivar_MicroNIR,Ridge,folded,7,detrend_d2,13,0.00019577049476760742,3.495326069683575
An_spxyG70_30_byCultivar_MicroNIR,Ridge,folded,7,detrend_d2,14,0.0003440687245871494,3.51867432493565
An_spxyG70_30_byCultivar_MicroNIR,Ridge,folded,7,detrend_d2,15,0.0006047044391421525,3.5595613532258406
An_spxyG70_30_byCultivar_MicroNIR,Ridge,folded,7,detrend_d2,16,0.0010627744766891906,3.6041058781532582
An_spxyG70_30_byCultivar_MicroNIR,Ridge,folded,7,detrend_d2,17,0.001867837434605745,3.6422114315548932
An_spxyG70_30_byCultivar_MicroNIR,Ridge,folded,7,detrend_d2,18,0.0032827441368211098,3.671233870243686
An_spxyG70_30_byCultivar_MicroNIR,Ridge,folded,7,detrend_d2,19,0.005769457699142877,3.6921573185420167
An_spxyG70_30_byCultivar_MicroNIR,Ridge,folded,7,detrend_d2,20,0.010139883205893893,3.705910474071595
An_spxyG70_30_byCultivar_MicroNIR,Ridge,folded,7,detrend_d2,21,0.01782095246914516,3.7133664419540127
An_spxyG70_30_byCultivar_MicroNIR,Ridge,folded,7,detrend_d2,22,0.03132051330955488,3.7166563710083693
An_spxyG70_30_byCultivar_MicroNIR,Ridge,folded,7,detrend_d2,23,0.055046134917448655,3.7191591654004568
An_spxyG70_30_byCultivar_MicroNIR,Ridge,folded,7,detrend_d2,24,0.09674416697460622,3.7237028718856457
An_spxyG70_30_byCultivar_MicroNIR,Ridge,folded,7,detrend_d2,25,0.1700289013505966,3.730796092305808
An_spxyG70_30_byCultivar_MicroNIR,Ridge,folded,7,detrend_d2,26,0.298827600656061,3.739012992602001
An_spxyG70_30_byCultivar_MicroNIR,Ridge,folded,7,detrend_d2,27,0.5251926831528924,3.7466446125428496
An_spxyG70_30_byCultivar_MicroNIR,Ridge,folded,7,detrend_d2,28,0.9230317207372032,3.7526945592622503
An_spxyG70_30_byCultivar_MicroNIR,Ridge,folded,7,detrend_d2,29,1.622238056273637,3.756969117643126
An_spxyG70_30_byCultivar_MicroNIR,Ridge,folded,7,detrend_d2,30,2.851100619944704,3.759754644594517
An_spxyG70_30_byCultivar_MicroNIR,Ridge,folded,7,detrend_d2,31,5.010839632082894,3.7614752124118644
An_spxyG70_30_byCultivar_MicroNIR,Ridge,folded,7,detrend_d2,32,8.806603892829168,3.7625028669020453
An_spxyG70_30_byCultivar_MicroNIR,Ridge,folded,7,detrend_d2,33,15.477699910534813,3.763104333067787
An_spxyG70_30_byCultivar_MicroNIR,Ridge,folded,7,detrend_d2,34,27.202222041079068,3.7634521748706184
An_spxyG70_30_byCultivar_MicroNIR,Ridge,folded,7,detrend_d2,35,47.8081942568556,3.763651947538637
An_spxyG70_30_byCultivar_MicroNIR,Ridge,folded,7,detrend_d2,36,84.02340936154543,3.7637662232017597
An_spxyG70_30_byCultivar_MicroNIR,Ridge,folded,7,detrend_d2,37,147.6720346894401,3.7638314425730854
An_spxyG70_30_byCultivar_MicroNIR,Ridge,folded,7,detrend_d2,38,259.535169960616,3.7638686158830352
An_spxyG70_30_byCultivar_MicroNIR,Ridge,folded,7,detrend_d2,39,456.13581872927614,3.7638897878801787
An_spxyG70_30_byCultivar_MicroNIR,Ridge,folded,7,detrend_d2,40,801.6635477935444,3.763901841231623
An_spxyG70_30_byCultivar_MicroNIR,Ridge,folded,7,detrend_d2,41,1408.9322028059394,3.7639087016199917
An_spxyG70_30_byCultivar_MicroNIR,Ridge,folded,7,detrend_d2,42,2476.2133161315014,3.7639126057992827
An_spxyG70_30_byCultivar_MicroNIR,Ridge,folded,7,detrend_d2,43,4351.971212508043,3.7639148274549763
An_spxyG70_30_byCultivar_MicroNIR,Ridge,folded,7,detrend_d2,44,7648.635645045067,3.763916091621767
An_spxyG70_30_byCultivar_MicroNIR,Ridge,folded,7,detrend_d2,45,13442.558411809769,3.7639168109398446
An_spxyG70_30_byCultivar_MicroNIR,Ridge,folded,7,detrend_d2,46,23625.43923398689,3.76391722023
An_spxyG70_30_byCultivar_MicroNIR,Ridge,folded,7,detrend_d2,47,41521.960470593156,3.7639174531131423
An_spxyG70_30_byCultivar_MicroNIR,Ridge,folded,7,detrend_d2,48,72975.28669186804,3.7639175856213485
An_spxyG70_30_byCultivar_MicroNIR,Ridge,folded,7,detrend_d2,49,128254.84171278293,3.7639176610170066
An_spxyG70_30_byCultivar_MicroNIR,Ridge,folded,8,fd_d1,0,1.2825484171278292e-07,3.8995381340397253
An_spxyG70_30_byCultivar_MicroNIR,Ridge,folded,8,fd_d1,1,2.2540924699928569e-07,3.849495954438191
An_spxyG70_30_byCultivar_MicroNIR,Ridge,folded,8,fd_d1,2,3.9615914654176216e-07,3.8081774976039826
An_spxyG70_30_byCultivar_MicroNIR,Ridge,folded,8,fd_d1,3,6.962539091805539e-07,3.763063765497814
An_spxyG70_30_byCultivar_MicroNIR,Ridge,folded,8,fd_d1,4,1.2236736429815074e-06,3.7105499748420856
An_spxyG70_30_byCultivar_MicroNIR,Ridge,folded,8,fd_d1,5,2.15061942889477e-06,3.6566763999304683
An_spxyG70_30_byCultivar_MicroNIR,Ridge,folded,8,fd_d1,6,3.779736496301698e-06,3.6125600618389497
An_spxyG70_30_byCultivar_MicroNIR,Ridge,folded,8,fd_d1,7,6.6429270514016625e-06,3.5885638630929235
An_spxyG70_30_byCultivar_MicroNIR,Ridge,folded,8,fd_d1,8,1.1675014872973745e-05,3.5887799598523493
An_spxyG70_30_byCultivar_MicroNIR,Ridge,folded,8,fd_d1,9,2.0518962684589044e-05,3.6074619999780877
An_spxyG70_30_byCultivar_MicroNIR,Ridge,folded,8,fd_d1,10,3.6062294929164276e-05,3.6323761974241124
An_spxyG70_30_byCultivar_MicroNIR,Ridge,folded,8,fd_d1,11,6.337986649465327e-05,3.652886508599932
An_spxyG70_30_byCultivar_MicroNIR,Ridge,folded,8,fd_d1,12,0.0001113907887662313,3.6648425347125495
An_spxyG70_30_byCultivar_MicroNIR,Ridge,folded,8,fd_d1,13,0.00019577049476760742,3.6697547665359442
An_spxyG70_30_byCultivar_MicroNIR,Ridge,folded,8,fd_d1,14,0.0003440687245871494,3.6711584232460353
An_spxyG70_30_byCultivar_MicroNIR,Ridge,folded,8,fd_d1,15,0.0006047044391421525,3.671917477987378
An_spxyG70_30_byCultivar_MicroNIR,Ridge,folded,8,fd_d1,16,0.0010627744766891906,3.6735412955861015
An_spxyG70_30_byCultivar_MicroNIR,Ridge,folded,8,fd_d1,17,0.001867837434605745,3.676111489290021
An_spxyG70_30_byCultivar_MicroNIR,Ridge,folded,8,fd_d1,18,0.0032827441368211098,3.678452621322196
An_spxyG70_30_byCultivar_MicroNIR,Ridge,folded,8,fd_d1,19,0.005769457699142877,3.6792913141200065
An_spxyG70_30_byCultivar_MicroNIR,Ridge,folded,8,fd_d1,20,0.010139883205893893,3.678732228323587
An_spxyG70_30_byCultivar_MicroNIR,Ridge,folded,8,fd_d1,21,0.01782095246914516,3.678899463981677
An_spxyG70_30_byCultivar_MicroNIR,Ridge,folded,8,fd_d1,22,0.03132051330955488,3.68317666786477
An_spxyG70_30_byCultivar_MicroNIR,Ridge,folded,8,fd_d1,23,0.055046134917448655,3.6936885614279875
An_spxyG70_30_byCultivar_MicroNIR,Ridge,folded,8,fd_d1,24,0.09674416697460622,3.7089553038593825
An_spxyG70_30_byCultivar_MicroNIR,Ridge,folded,8,fd_d1,25,0.1700289013505966,3.7249654191584107
An_spxyG70_30_byCultivar_MicroNIR,Ridge,folded,8,fd_d1,26,0.298827600656061,3.7383877670996077
An_spxyG70_30_byCultivar_MicroNIR,Ridge,folded,8,fd_d1,27,0.5251926831528924,3.7480732012283333
An_spxyG70_30_byCultivar_MicroNIR,Ridge,folded,8,fd_d1,28,0.9230317207372032,3.754423581687024
An_spxyG70_30_byCultivar_MicroNIR,Ridge,folded,8,fd_d1,29,1.622238056273637,3.758349789836944
An_spxyG70_30_byCultivar_MicroNIR,Ridge,folded,8,fd_d1,30,2.851100619944704,3.7606937851418616
An_spxyG70_30_byCultivar_MicroNIR,Ridge,folded,8,fd_d1,31,5.010839632082894,3.7620648565971635
An_spxyG70_30_byCultivar_MicroNIR,Ridge,folded,8,fd_d1,32,8.806603892829168,3.762857413501748
An_spxyG70_30_byCultivar_MicroNIR,Ridge,folded,8,fd_d1,33,15.477699910534813,3.763312457621809
An_spxyG70_30_byCultivar_MicroNIR,Ridge,folded,8,fd_d1,34,27.202222041079068,3.763572707658541
An_spxyG70_30_byCultivar_MicroNIR,Ridge,folded,8,fd_d1,35,47.8081942568556,3.7637212211983595
An_spxyG70_30_byCultivar_MicroNIR,Ridge,folded,8,fd_d1,36,84.02340936154543,3.7638058645745085
An_spxyG70_30_byCultivar_MicroNIR,Ridge,folded,8,fd_d1,37,147.6720346894401,3.763854071298045
An_spxyG70_30_byCultivar_MicroNIR,Ridge,folded,8,fd_d1,38,259.535169960616,3.763881515111874
An_spxyG70_30_byCultivar_MicroNIR,Ridge,folded,8,fd_d1,39,456.13581872927614,3.7638971350792945
An_spxyG70_30_byCultivar_MicroNIR,Ridge,folded,8,fd_d1,40,801.6635477935444,3.7639060241875755
An_spxyG70_30_byCultivar_MicroNIR,Ridge,folded,8,fd_d1,41,1408.9322028059394,3.7639110824749613
An_spxyG70_30_byCultivar_MicroNIR,Ridge,folded,8,fd_d1,42,2476.2133161315014,3.763913960735857
An_spxyG70_30_byCultivar_MicroNIR,Ridge,folded,8,fd_d1,43,4351.971212508043,3.7639155984805654
An_spxyG70_30_byCultivar_MicroNIR,Ridge,folded,8,fd_d1,44,7648.635645045067,3.7639165303524633
An_spxyG70_30_byCultivar_MicroNIR,Ridge,folded,8,fd_d1,45,13442.558411809769,3.7639170605806256
An_spxyG70_30_byCultivar_MicroNIR,Ridge,folded,8,fd_d1,46,23625.43923398689,3.7639173622751385
An_spxyG70_30_byCultivar_MicroNIR,Ridge,folded,8,fd_d1,47,41521.960470593156,3.7639175339358553
An_spxyG70_30_byCultivar_MicroNIR,Ridge,folded,8,fd_d1,48,72975.28669186804,3.7639176316086904
An_spxyG70_30_byCultivar_MicroNIR,Ridge,folded,8,fd_d1,49,128254.84171278293,3.7639176871832865
An_spxyG70_30_byCultivar_MicroNIR,Ridge,materialized,0,identity,0,1.2825484171278292e-07,3.711136352231678
An_spxyG70_30_byCultivar_MicroNIR,Ridge,materialized,0,identity,1,2.2540924699928569e-07,3.607261083638177
An_spxyG70_30_byCultivar_MicroNIR,Ridge,materialized,0,identity,2,3.9615914654176216e-07,3.5467873381769386
An_spxyG70_30_byCultivar_MicroNIR,Ridge,materialized,0,identity,3,6.962539091805539e-07,3.5233819231243246
An_spxyG70_30_byCultivar_MicroNIR,Ridge,materialized,0,identity,4,1.2236736429815074e-06,3.522515068103938
An_spxyG70_30_byCultivar_MicroNIR,Ridge,materialized,0,identity,5,2.15061942889477e-06,3.529912944133991
An_spxyG70_30_byCultivar_MicroNIR,Ridge,materialized,0,identity,6,3.779736496301698e-06,3.5366266044626826
An_spxyG70_30_byCultivar_MicroNIR,Ridge,materialized,0,identity,7,6.6429270514016625e-06,3.538103446163189
An_spxyG70_30_byCultivar_MicroNIR,Ridge,materialized,0,identity,8,1.1675014872973745e-05,3.5317000183847136
An_spxyG70_30_byCultivar_MicroNIR,Ridge,materialized,0,identity,9,2.0518962684589044e-05,3.516032785624291
An_spxyG70_30_byCultivar_MicroNIR,Ridge,materialized,0,identity,10,3.6062294929164276e-05,3.4923438204022945
An_spxyG70_30_byCultivar_MicroNIR,Ridge,materialized,0,identity,11,6.337986649465327e-05,3.4664037842716766
An_spxyG70_30_byCultivar_MicroNIR,Ridge,materialized,0,identity,12,0.0001113907887662313,3.4482378270547116
An_spxyG70_30_byCultivar_MicroNIR,Ridge,materialized,0,identity,13,0.00019577049476760742,3.4481071479254277
An_spxyG70_30_byCultivar_MicroNIR,Ridge,materialized,0,identity,14,0.0003440687245871494,3.4706372593724084
An_spxyG70_30_byCultivar_MicroNIR,Ridge,materialized,0,identity,15,0.0006047044391421525,3.511509011754061
An_spxyG70_30_byCultivar_MicroNIR,Ridge,materialized,0,identity,16,0.0010627744766891906,3.559683116891237
An_spxyG70_30_byCultivar_MicroNIR,Ridge,materialized,0,identity,17,0.001867837434605745,3.6034980122622535
An_spxyG70_30_byCultivar_MicroNIR,Ridge,materialized,0,identity,18,0.0032827441368211098,3.636303720408159
An_spxyG70_30_byCultivar_MicroNIR,Ridge,materialized,0,identity,19,0.005769457699142877,3.6582303174235435
An_spxyG70_30_byCultivar_MicroNIR,Ridge,materialized,0,identity,20,0.010139883205893893,3.6737525239031363
An_spxyG70_30_byCultivar_MicroNIR,Ridge,materialized,0,identity,21,0.01782095246914516,3.68745347190647
An_spxyG70_30_byCultivar_MicroNIR,Ridge,materialized,0,identity,22,0.03132051330955488,3.701107655639009
An_spxyG70_30_byCultivar_MicroNIR,Ridge,materialized,0,identity,23,0.055046134917448655,3.713612332706936
An_spxyG70_30_byCultivar_MicroNIR,Ridge,materialized,0,identity,24,0.09674416697460622,3.722746063110673
An_spxyG70_30_byCultivar_MicroNIR,Ridge,materialized,0,identity,25,0.1700289013505966,3.726885195652064
An_spxyG70_30_byCultivar_MicroNIR,Ridge,materialized,0,identity,26,0.298827600656061,3.7257000907755407
An_spxyG70_30_byCultivar_MicroNIR,Ridge,materialized,0,identity,27,0.5251926831528924,3.720085065389951
An_spxyG70_30_byCultivar_MicroNIR,Ridge,materialized,0,identity,28,0.9230317207372032,3.711829336393116
An_spxyG70_30_byCultivar_MicroNIR,Ridge,materialized,0,identity,29,1.622238056273637,3.703237444993005
An_spxyG70_30_byCultivar_MicroNIR,Ridge,materialized,0,identity,30,2.851100619944704,3.696990708183841
An_spxyG70_30_byCultivar_MicroNIR,Ridge,materialized,0,identity,31,5.010839632082894,3.695983946557098
An_spxyG70_30_byCultivar_MicroNIR,Ridge,materialized,0,identity,32,8.806603892829168,3.7019835171567137
An_spxyG70_30_byCultivar_MicroNIR,Ridge,materialized,0,identity,33,15.477699910534813,3.713733037115337
An_spxyG70_30_byCultivar_MicroNIR,Ridge,materialized,0,identity,34,27.202222041079068,3.727446184334032
An_spxyG70_30_byCultivar_MicroNIR,Ridge,materialized,0,identity,35,47.8081942568556,3.739600522287836
An_spxyG70_30_byCultivar_MicroNIR,Ridge,materialized,0,identity,36,84.02340936154543,3.7486588150039166
An_spxyG70_30_byCultivar_MicroNIR,Ridge,materialized,0,identity,37,147.6720346894401,3.7547124910485117
An_spxyG70_30_byCultivar_MicroNIR,Ridge,materialized,0,identity,38,259.535169960616,3.7584974541559903
An_spxyG70_30_byCultivar_MicroNIR,Ridge,materialized,0,identity,39,456.13581872927614,3.7607718954087623
An_spxyG70_30_byCultivar_MicroNIR,Ridge,materialized,0,identity,40,801.6635477935444,3.7621072894495997
An_spxyG70_30_byCultivar_MicroNIR,Ridge,materialized,0,identity,41,1408.9322028059394,3.7628808874430133
An_spxyG70_30_byCultivar_MicroNIR,Ridge,materialized,0,identity,42,2476.2133161315014,3.7633255935995917
An_spxyG70_30_byCultivar_MicroNIR,Ridge,materialized,0,identity,43,4351.971212508043,3.7635801098457917
An_spxyG70_30_byCultivar_MicroNIR,Ridge,materialized,0,identity,44,7648.635645045067,3.763725409508743
An_spxyG70_30_byCultivar_MicroNIR,Ridge,materialized,0,identity,45,13442.558411809769,3.763808240057331
An_spxyG70_30_byCultivar_MicroNIR,Ridge,materialized,0,identity,46,23625.43923398689,3.7638554204481567
An_spxyG70_30_byCultivar_MicroNIR,Ridge,materialized,0,identity,47,41521.960470593156,3.763882281960503
An_spxyG70_30_byCultivar_MicroNIR,Ridge,materialized,0,identity,48,72975.28669186804,3.7638975711468454
An_spxyG70_30_byCultivar_MicroNIR,Ridge,materialized,0,identity,49,128254.84171278293,3.7639062722202796
An_spxyG70_30_byCultivar_MicroNIR,Ridge,materialized,1,sg_smooth_w11_p2,0,1.2825484171278292e-07,3.375468059888527
An_spxyG70_30_byCultivar_MicroNIR,Ridge,materialized,1,sg_smooth_w11_p2,1,2.2540924699928569e-07,3.445223812585728
An_spxyG70_30_byCultivar_MicroNIR,Ridge,materialized,1,sg_smooth_w11_p2,2,3.9615914654176216e-07,3.4929149010124965
An_spxyG70_30_byCultivar_MicroNIR,Ridge,materialized,1,sg_smooth_w11_p2,3,6.962539091805539e-07,3.5202176678948818
An_spxyG70_30_byCultivar_MicroNIR,Ridge,materialized,1,sg_smooth_w11_p2,4,1.2236736429815074e-06,3.533751374093298
An_spxyG70_30_byCultivar_MicroNIR,Ridge,materialized,1,sg_smooth_w11_p2,5,2.15061942889477e-06,3.5398130807230954
An_spxyG70_30_byCultivar_MicroNIR,Ridge,materialized,1,sg_smooth_w11_p2,6,3.779736496301698e-06,3.541054133476399
An_spxyG70_30_byCultivar_MicroNIR,Ridge,materialized,1,sg_smooth_w11_p2,7,6.6429270514016625e-06,3.535955216351914
An_spxyG70_30_byCultivar_MicroNIR,Ridge,materialized,1,sg_smooth_w11_p2,8,1.1675014872973745e-05,3.521360750004385
An_spxyG70_30_byCultivar_MicroNIR,Ridge,materialized,1,sg_smooth_w11_p2,9,2.0518962684589044e-05,3.4967237368083603
An_spxyG70_30_byCultivar_MicroNIR,Ridge,materialized,1,sg_smooth_w11_p2,10,3.6062294929164276e-05,3.466525360759012
An_spxyG70_30_byCultivar_MicroNIR,Ridge,materialized,1,sg_smooth_w11_p2,11,6.337986649465327e-05,3.439787782219342
An_spxyG70_30_byCultivar_MicroNIR,Ridge,materialized,1,sg_smooth_w11_p2,12,0.0001113907887662313,3.4274154838707163
An_spxyG70_30_byCultivar_MicroNIR,Ridge,materialized,1,sg_smooth_w11_p2,13,0.00019577049476760742,3.437334291778895
An_spxyG70_30_byCultivar_MicroNIR,Ridge,materialized,1,sg_smooth_w11_p2,14,0.0003440687245871494,3.469772511708682
An_spxyG70_30_byCultivar_MicroNIR,Ridge,materialized,1,sg_smooth_w11_p2,15,0.0006047044391421525,3.5169207148410835
An_spxyG70_30_byCultivar_MicroNIR,Ridge,materialized,1,sg_smooth_w11_p2,16,0.0010627744766891906,3.5670731738940433
An_spxyG70_30_byCultivar_MicroNIR,Ridge,materialized,1,sg_smooth_w11_p2,17,0.001867837434605745,3.6100450031966367
An_spxyG70_30_byCultivar_MicroNIR,Ridge,materialized,1,sg_smooth_w11_p2,18,0.0032827441368211098,3.6412647843299566
An_spxyG70_30_byCultivar_MicroNIR,Ridge,materialized,1,sg_smooth_w11_p2,19,0.005769457699142877,3.6624403041999813
An_spxyG70_30_byCultivar_MicroNIR,Ridge,materialized,1,sg_smooth_w11_p2,20,0.010139883205893893,3.678511309911083
An_spxyG70_30_byCultivar_MicroNIR,Ridge,materialized,1,sg_smooth_w11_p2,21,0.01782095246914516,3.693349332003513
An_spxyG70_30_byCultivar_MicroNIR,Ridge,materialized,1,sg_smooth_w11_p2,22,0.03132051330955488,3.707605621850493
An_spxyG70_30_byCultivar_MicroNIR,Ridge,materialized,1,sg_smooth_w11_p2,23,0.055046134917448655,3.7196509275259464
An_spxyG70_30_byCultivar_MicroNIR,Ridge,materialized,1,sg_smooth_w11_p2,24,0.09674416697460622,3.72755803387712
An_spxyG70_30_byCultivar_MicroNIR,Ridge,materialized,1,sg_smooth_w11_p2,25,0.1700289013505966,3.730288236175486
An_spxyG70_30_byCultivar_MicroNIR,Ridge,materialized,1,sg_smooth_w11_p2,26,0.298827600656061,3.727903556065857
An_spxyG70_30_byCultivar_MicroNIR,Ridge,materialized,1,sg_smooth_w11_p2,27,0.5251926831528924,3.721420360042592
An_spxyG70_30_byCultivar_MicroNIR,Ridge,materialized,1,sg_smooth_w11_p2,28,0.9230317207372032,3.7126056936272263
An_spxyG70_30_byCultivar_MicroNIR,Ridge,materialized,1,sg_smooth_w11_p2,29,1.622238056273637,3.7037079512643105
An_spxyG70_30_byCultivar_MicroNIR,Ridge,materialized,1,sg_smooth_w11_p2,30,2.851100619944704,3.6973629507558003
An_spxyG70_30_byCultivar_MicroNIR,Ridge,materialized,1,sg_smooth_w11_p2,31,5.010839632082894,3.696412582278716
An_spxyG70_30_byCultivar_MicroNIR,Ridge,materialized,1,sg_smooth_w11_p2,32,8.806603892829168,3.7025210291696005
An_spxyG70_30_byCultivar_MicroNIR,Ridge,materialized,1,sg_smooth_w11_p2,33,15.477699910534813,3.714313452535395
An_spxyG70_30_byCultivar_MicroNIR,Ridge,materialized,1,sg_smooth_w11_p2,34,27.202222041079068,3.7279630683247644
An_spxyG70_30_byCultivar_MicroNIR,Ridge,materialized,1,sg_smooth_w11_p2,35,47.8081942568556,3.739993165718329
An_spxyG70_30_byCultivar_MicroNIR,Ridge,materialized,1,sg_smooth_w11_p2,36,84.02340936154543,3.7489255972743214
An_spxyG70_30_byCultivar_MicroNIR,Ridge,materialized,1,sg_smooth_w11_p2,37,147.6720346894401,3.7548811992532807
An_spxyG70_30_byCultivar_MicroNIR,Ridge,materialized,1,sg_smooth_w11_p2,38,259.535169960616,3.758599558536281
An_spxyG70_30_byCultivar_MicroNIR,Ridge,materialized,1,sg_smooth_w11_p2,39,456.13581872927614,3.7608321007800187
An_spxyG70_30_byCultivar_MicroNIR,Ridge,materialized,1,sg_smooth_w11_p2,40,801.6635477935444,3.7621422540475677
An_spxyG70_30_byCultivar_MicroNIR,Ridge,materialized,1,sg_smooth_w11_p2,41,1408.9322028059394,3.7629010161223073
An_spxyG70_30_byCultivar_MicroNIR,Ridge,materialized,1,sg_smooth_w11_p2,42,2476.2133161315014,3.763337123321403
An_spxyG70_30_byCultivar_MicroNIR,Ridge,materialized,1,sg_smooth_w11_p2,43,4351.971212508043,3.763586695129857
An_spxyG70_30_byCultivar_MicroNIR,Ridge,materialized,1,sg_smooth_w11_p2,44,7648.635645045067,3.7637291645813606
An_spxyG70_30_byCultivar_MicroNIR,Ridge,materialized,1,sg_smooth_w11_p2,45,13442.558411809769,3.763810379282654
An_spxyG70_30_byCultivar_MicroNIR,Ridge,materialized,1,sg_smooth_w11_p2,46,23625.43923398689,3.7638566384942607
An_spxyG70_30_byCultivar_MicroNIR,Ridge,materialized,1,sg_smooth_w11_p2,47,41521.960470593156,3.763882975289601
An_spxyG70_30_byCultivar_MicroNIR,Ridge,materialized,1,sg_smooth_w11_p2,48,72975.28669186804,3.763897965731587
An_spxyG70_30_byCultivar_MicroNIR,Ridge,materialized,1,sg_smooth_w11_p2,49,128254.84171278293,3.7639064967627816
An_spxyG70_30_byCultivar_MicroNIR,Ridge,materialized,2,sg_smooth_w21_p3,0,1.2825484171278292e-07,3.6336152129370243
An_spxyG70_30_byCultivar_MicroNIR,Ridge,materialized,2,sg_smooth_w21_p3,1,2.2540924699928569e-07,3.62591373533276
An_spxyG70_30_byCultivar_MicroNIR,Ridge,materialized,2,sg_smooth_w21_p3,2,3.9615914654176216e-07,3.616015472456207
An_spxyG70_30_byCultivar_MicroNIR,Ridge,materialized,2,sg_smooth_w21_p3,3,6.962539091805539e-07,3.603450701711366
An_spxyG70_30_byCultivar_MicroNIR,Ridge,materialized,2,sg_smooth_w21_p3,4,1.2236736429815074e-06,3.587678972652501
An_spxyG70_30_byCultivar_MicroNIR,Ridge,materialized,2,sg_smooth_w21_p3,5,2.15061942889477e-06,3.568158798438618
An_spxyG70_30_byCultivar_MicroNIR,Ridge,materialized,2,sg_smooth_w21_p3,6,3.779736496301698e-06,3.5435450845789136
An_spxyG70_30_byCultivar_MicroNIR,Ridge,materialized,2,sg_smooth_w21_p3,7,6.6429270514016625e-06,3.5126917299896903
An_spxyG70_30_byCultivar_MicroNIR,Ridge,materialized,2,sg_smooth_w21_p3,8,1.1675014872973745e-05,3.476814477051056
An_spxyG70_30_byCultivar_MicroNIR,Ridge,materialized,2,sg_smooth_w21_p3,9,2.0518962684589044e-05,3.440146211626497
An_spxyG70_30_byCultivar_MicroNIR,Ridge,materialized,2,sg_smooth_w21_p3,10,3.6062294929164276e-05,3.4096103770337303
An_spxyG70_30_byCultivar_MicroNIR,Ridge,materialized,2,sg_smooth_w21_p3,11,6.337986649465327e-05,3.39398278661536
An_spxyG70_30_byCultivar_MicroNIR,Ridge,materialized,2,sg_smooth_w21_p3,12,0.0001113907887662313,3.4004427866867517
An_spxyG70_30_byCultivar_MicroNIR,Ridge,materialized,2,sg_smooth_w21_p3,13,0.00019577049476760742,3.4298978995057228
An_spxyG70_30_byCultivar_MicroNIR,Ridge,materialized,2,sg_smooth_w21_p3,14,0.0003440687245871494,3.4763633368485722
An_spxyG70_30_byCultivar_MicroNIR,Ridge,materialized,2,sg_smooth_w21_p3,15,0.0006047044391421525,3.5300485297396937
An_spxyG70_30_byCultivar_MicroNIR,Ridge,materialized,2,sg_smooth_w21_p3,16,0.0010627744766891906,3.580645360600309
An_spxyG70_30_byCultivar_MicroNIR,Ridge,materialized,2,sg_smooth_w21_p3,17,0.001867837434605745,3.6208701327537227
An_spxyG70_30_byCultivar_MicroNIR,Ridge,materialized,2,sg_smooth_w21_p3,18,0.0032827441368211098,3.649207567049185
An_spxyG70_30_byCultivar_MicroNIR,Ridge,materialized,2,sg_smooth_w21_p3,19,0.005769457699142877,3.6692804936594796
An_spxyG70_30_byCultivar_MicroNIR,Ridge,materialized,2,sg_smooth_w21_p3,20,0.010139883205893893,3.686016807100941
An_spxyG70_30_byCultivar_MicroNIR,Ridge,materialized,2,sg_smooth_w21_p3,21,0.01782095246914516,3.701831000871052
An_spxyG70_30_byCultivar_MicroNIR,Ridge,materialized,2,sg_smooth_w21_p3,22,0.03132051330955488,3.716039221718898
An_spxyG70_30_byCultivar_MicroNIR,Ridge,materialized,2,sg_smooth_w21_p3,23,0.055046134917448655,3.726826530144853
An_spxyG70_30_byCultivar_MicroNIR,Ridge,materialized,2,sg_smooth_w21_p3,24,0.09674416697460622,3.732896776627887
An_spxyG70_30_byCultivar_MicroNIR,Ridge,materialized,2,sg_smooth_w21_p3,25,0.1700289013505966,3.733866943671658
An_spxyG70_30_byCultivar_MicroNIR,Ridge,materialized,2,sg_smooth_w21_p3,26,0.298827600656061,3.730113756671039
An_spxyG70_30_byCultivar_MicroNIR,Ridge,materialized,2,sg_smooth_w21_p3,27,0.5251926831528924,3.722693754668282
An_spxyG70_30_byCultivar_MicroNIR,Ridge,materialized,2,sg_smooth_w21_p3,28,0.9230317207372032,3.7133030176334882
An_spxyG70_30_byCultivar_MicroNIR,Ridge,materialized,2,sg_smooth_w21_p3,29,1.622238056273637,3.704106528284933
An_spxyG70_30_byCultivar_MicroNIR,Ridge,materialized,2,sg_smooth_w21_p3,30,2.851100619944704,3.6976779010251866
An_spxyG70_30_byCultivar_MicroNIR,Ridge,materialized,2,sg_smooth_w21_p3,31,5.010839632082894,3.6967967135797153
An_spxyG70_30_byCultivar_MicroNIR,Ridge,materialized,2,sg_smooth_w21_p3,32,8.806603892829168,3.7030219185062676
An_spxyG70_30_byCultivar_MicroNIR,Ridge,materialized,2,sg_smooth_w21_p3,33,15.477699910534813,3.71486235487158
An_spxyG70_30_byCultivar_MicroNIR,Ridge,materialized,2,sg_smooth_w21_p3,34,27.202222041079068,3.728454015359179
An_spxyG70_30_byCultivar_MicroNIR,Ridge,materialized,2,sg_smooth_w21_p3,35,47.8081942568556,3.7403664262485266
An_spxyG70_30_byCultivar_MicroNIR,Ridge,materialized,2,sg_smooth_w21_p3,36,84.02340936154543,3.7491791818961744
An_spxyG70_30_byCultivar_MicroNIR,Ridge,materialized,2,sg_smooth_w21_p3,37,147.6720346894401,3.75504151746395
An_spxyG70_30_byCultivar_MicroNIR,Ridge,materialized,2,sg_smooth_w21_p3,38,259.535169960616,3.758696562952461
An_spxyG70_30_byCultivar_MicroNIR,Ridge,materialized,2,sg_smooth_w21_p3,39,456.13581872927614,3.7608892901246898
An_spxyG70_30_byCultivar_MicroNIR,Ridge,materialized,2,sg_smooth_w21_p3,40,801.6635477935444,3.7621754638765728
An_spxyG70_30_byCultivar_MicroNIR,Ridge,materialized,2,sg_smooth_w21_p3,41,1408.9322028059394,3.7629201335059435
An_spxyG70_30_byCultivar_MicroNIR,Ridge,materialized,2,sg_smooth_w21_p3,42,2476.2133161315014,3.7633480734052727
An_spxyG70_30_byCultivar_MicroNIR,Ridge,materialized,2,sg_smooth_w21_p3,43,4351.971212508043,3.7635929492284674
An_spxyG70_30_byCultivar_MicroNIR,Ridge,materialized,2,sg_smooth_w21_p3,44,7648.635645045067,3.7637327307652093
An_spxyG70_30_byCultivar_MicroNIR,Ridge,materialized,2,sg_smooth_w21_p3,45,13442.558411809769,3.7638124108871396
An_spxyG70_30_byCultivar_MicroNIR,Ridge,materialized,2,sg_smooth_w21_p3,46,23625.43923398689,3.763857795258319
An_spxyG70_30_byCultivar_MicroNIR,Ridge,materialized,2,sg_smooth_w21_p3,47,41521.960470593156,3.7638836337347312
An_spxyG70_30_byCultivar_MicroNIR,Ridge,materialized,2,sg_smooth_w21_p3,48,72975.28669186804,3.7638983404628616
An_spxyG70_30_byCultivar_MicroNIR,Ridge,materialized,2,sg_smooth_w21_p3,49,128254.84171278293,3.763906710007322
An_spxyG70_30_byCultivar_MicroNIR,Ridge,materialized,3,sg_d1_w11_p2,0,1.2825484171278292e-07,3.5212968161385083
An_spxyG70_30_byCultivar_MicroNIR,Ridge,materialized,3,sg_d1_w11_p2,1,2.2540924699928569e-07,3.516548524824393
An_spxyG70_30_byCultivar_MicroNIR,Ridge,materialized,3,sg_d1_w11_p2,2,3.9615914654176216e-07,3.5079442952618116
An_spxyG70_30_byCultivar_MicroNIR,Ridge,materialized,3,sg_d1_w11_p2,3,6.962539091805539e-07,3.494525896082154
An_spxyG70_30_byCultivar_MicroNIR,Ridge,materialized,3,sg_d1_w11_p2,4,1.2236736429815074e-06,3.478295526488156
An_spxyG70_30_byCultivar_MicroNIR,Ridge,materialized,3,sg_d1_w11_p2,5,2.15061942889477e-06,3.466583305333684
An_spxyG70_30_byCultivar_MicroNIR,Ridge,materialized,3,sg_d1_w11_p2,6,3.779736496301698e-06,3.4700275984258395
An_spxyG70_30_byCultivar_MicroNIR,Ridge,materialized,3,sg_d1_w11_p2,7,6.6429270514016625e-06,3.495085675911342
An_spxyG70_30_byCultivar_MicroNIR,Ridge,materialized,3,sg_d1_w11_p2,8,1.1675014872973745e-05,3.5372613039566865
An_spxyG70_30_byCultivar_MicroNIR,Ridge,materialized,3,sg_d1_w11_p2,9,2.0518962684589044e-05,3.5838726304865247
An_spxyG70_30_byCultivar_MicroNIR,Ridge,materialized,3,sg_d1_w11_p2,10,3.6062294929164276e-05,3.6233230881727154
An_spxyG70_30_byCultivar_MicroNIR,Ridge,materialized,3,sg_d1_w11_p2,11,6.337986649465327e-05,3.6512078024277366
An_spxyG70_30_byCultivar_MicroNIR,Ridge,materialized,3,sg_d1_w11_p2,12,0.0001113907887662313,3.6697501234690515
An_spxyG70_30_byCultivar_MicroNIR,Ridge,materialized,3,sg_d1_w11_p2,13,0.00019577049476760742,3.6832062944131168
An_spxyG70_30_byCultivar_MicroNIR,Ridge,materialized,3,sg_d1_w11_p2,14,0.0003440687245871494,3.693808949459762
An_spxyG70_30_byCultivar_MicroNIR,Ridge,materialized,3,sg_d1_w11_p2,15,0.0006047044391421525,3.7009343317436576
An_spxyG70_30_byCultivar_MicroNIR,Ridge,materialized,3,sg_d1_w11_p2,16,0.0010627744766891906,3.7030823946868487
An_spxyG70_30_byCultivar_MicroNIR,Ridge,materialized,3,sg_d1_w11_p2,17,0.001867837434605745,3.700397071334821
An_spxyG70_30_byCultivar_MicroNIR,Ridge,materialized,3,sg_d1_w11_p2,18,0.0032827441368211098,3.6957136384813416
An_spxyG70_30_byCultivar_MicroNIR,Ridge,materialized,3,sg_d1_w11_p2,19,0.005769457699142877,3.693659754095014
An_spxyG70_30_byCultivar_MicroNIR,Ridge,materialized,3,sg_d1_w11_p2,20,0.010139883205893893,3.698062912113451
An_spxyG70_30_byCultivar_MicroNIR,Ridge,materialized,3,sg_d1_w11_p2,21,0.01782095246914516,3.7090771561143114
An_spxyG70_30_byCultivar_MicroNIR,Ridge,materialized,3,sg_d1_w11_p2,22,0.03132051330955488,3.7231808078783892
An_spxyG70_30_byCultivar_MicroNIR,Ridge,materialized,3,sg_d1_w11_p2,23,0.055046134917448655,3.7363322061916597
An_spxyG70_30_byCultivar_MicroNIR,Ridge,materialized,3,sg_d1_w11_p2,24,0.09674416697460622,3.746431845028391
An_spxyG70_30_byCultivar_MicroNIR,Ridge,materialized,3,sg_d1_w11_p2,25,0.1700289013505966,3.753302758485485
An_spxyG70_30_byCultivar_MicroNIR,Ridge,materialized,3,sg_d1_w11_p2,26,0.298827600656061,3.7576439180559964
An_spxyG70_30_byCultivar_MicroNIR,Ridge,materialized,3,sg_d1_w11_p2,27,0.5251926831528924,3.76026852130465
An_spxyG70_30_byCultivar_MicroNIR,Ridge,materialized,3,sg_d1_w11_p2,28,0.9230317207372032,3.7618149269664967
An_spxyG70_30_byCultivar_MicroNIR,Ridge,materialized,3,sg_d1_w11_p2,29,1.622238056273637,3.762712570624655
An_spxyG70_30_byCultivar_MicroNIR,Ridge,materialized,3,sg_d1_w11_p2,30,2.851100619944704,3.7632291793446617
An_spxyG70_30_byCultivar_MicroNIR,Ridge,materialized,3,sg_d1_w11_p2,31,5.010839632082894,3.763525041439525
An_spxyG70_30_byCultivar_MicroNIR,Ridge,materialized,3,sg_d1_w11_p2,32,8.806603892829168,3.7636940080781907
An_spxyG70_30_byCultivar_MicroNIR,Ridge,materialized,3,sg_d1_w11_p2,33,15.477699910534813,3.7637903509213637
An_spxyG70_30_byCultivar_MicroNIR,Ridge,materialized,3,sg_d1_w11_p2,34,27.202222041079068,3.763845234591887
An_spxyG70_30_byCultivar_MicroNIR,Ridge,materialized,3,sg_d1_w11_p2,35,47.8081942568556,3.7638764840193852
An_spxyG70_30_byCultivar_MicroNIR,Ridge,materialized,3,sg_d1_w11_p2,36,84.02340936154543,3.7638942714428945
An_spxyG70_30_byCultivar_MicroNIR,Ridge,materialized,3,sg_d1_w11_p2,37,147.6720346894401,3.763904394489058
An_spxyG70_30_byCultivar_MicroNIR,Ridge,materialized,3,sg_d1_w11_p2,38,259.535169960616,3.7639101550922094
An_spxyG70_30_byCultivar_MicroNIR,Ridge,materialized,3,sg_d1_w11_p2,39,456.13581872927614,3.763913433033134
An_spxyG70_30_byCultivar_MicroNIR,Ridge,materialized,3,sg_d1_w11_p2,40,801.6635477935444,3.7639152982136608
An_spxyG70_30_byCultivar_MicroNIR,Ridge,materialized,3,sg_d1_w11_p2,41,1408.9322028059394,3.763916359501016
An_spxyG70_30_byCultivar_MicroNIR,Ridge,materialized,3,sg_d1_w11_p2,42,2476.2133161315014,3.7639169633672744
An_spxyG70_30_byCultivar_MicroNIR,Ridge,materialized,3,sg_d1_w11_p2,43,4351.971212508043,3.763917306961667
An_spxyG70_30_byCultivar_MicroNIR,Ridge,materialized,3,sg_d1_w11_p2,44,7648.635645045067,3.7639175024631086
An_spxyG70_30_byCultivar_MicroNIR,Ridge,materialized,3,sg_d1_w11_p2,45,13442.558411809769,3.76391761370108
An_spxyG70_30_byCultivar_MicroNIR,Ridge,materialized,3,sg_d1_w11_p2,46,23625.43923398689,3.763917676994083
An_spxyG70_30_byCultivar_MicroNIR,Ridge,materialized,3,sg_d1_w11_p2,47,41521.960470593156,3.7639177130069825
An_spxyG70_30_byCultivar_MicroNIR,Ridge,materialized,3,sg_d1_w11_p2,48,72975.28669186804,3.7639177334978484
An_spxyG70_30_byCultivar_MicroNIR,Ridge,materialized,3,sg_d1_w11_p2,49,128254.84171278293,3.76391774515688
An_spxyG70_30_byCultivar_MicroNIR,Ridge,materialized,4,sg_d1_w21_p3,0,1.2825484171278292e-07,3.5201260947197412
An_spxyG70_30_byCultivar_MicroNIR,Ridge,materialized,4,sg_d1_w21_p3,1,2.2540924699928569e-07,3.5202738638470037
An_spxyG70_30_byCultivar_MicroNIR,Ridge,materialized,4,sg_d1_w21_p3,2,3.9615914654176216e-07,3.513428891558701
An_spxyG70_30_byCultivar_MicroNIR,Ridge,materialized,4,sg_d1_w21_p3,3,6.962539091805539e-07,3.500158228942643
An_spxyG70_30_byCultivar_MicroNIR,Ridge,materialized,4,sg_d1_w21_p3,4,1.2236736429815074e-06,3.4828028321732596
An_spxyG70_30_byCultivar_MicroNIR,Ridge,materialized,4,sg_d1_w21_p3,5,2.15061942889477e-06,3.46811487291602
An_spxyG70_30_byCultivar_MicroNIR,Ridge,materialized,4,sg_d1_w21_p3,6,3.779736496301698e-06,3.4670639433534136
An_spxyG70_30_byCultivar_MicroNIR,Ridge,materialized,4,sg_d1_w21_p3,7,6.6429270514016625e-06,3.4881930677248034
An_spxyG70_30_byCultivar_MicroNIR,Ridge,materialized,4,sg_d1_w21_p3,8,1.1675014872973745e-05,3.5290896896102355
An_spxyG70_30_byCultivar_MicroNIR,Ridge,materialized,4,sg_d1_w21_p3,9,2.0518962684589044e-05,3.577115377248591
An_spxyG70_30_byCultivar_MicroNIR,Ridge,materialized,4,sg_d1_w21_p3,10,3.6062294929164276e-05,3.6191505582585477
An_spxyG70_30_byCultivar_MicroNIR,Ridge,materialized,4,sg_d1_w21_p3,11,6.337986649465327e-05,3.6492695145240814
An_spxyG70_30_byCultivar_MicroNIR,Ridge,materialized,4,sg_d1_w21_p3,12,0.0001113907887662313,3.6690379791510646
An_spxyG70_30_byCultivar_MicroNIR,Ridge,materialized,4,sg_d1_w21_p3,13,0.00019577049476760742,3.6829279887552295
An_spxyG70_30_byCultivar_MicroNIR,Ridge,materialized,4,sg_d1_w21_p3,14,0.0003440687245871494,3.6937376157363992
An_spxyG70_30_byCultivar_MicroNIR,Ridge,materialized,4,sg_d1_w21_p3,15,0.0006047044391421525,3.701226864045708
An_spxyG70_30_byCultivar_MicroNIR,Ridge,materialized,4,sg_d1_w21_p3,16,0.0010627744766891906,3.7038867097689385
An_spxyG70_30_byCultivar_MicroNIR,Ridge,materialized,4,sg_d1_w21_p3,17,0.001867837434605745,3.7015533729667602
An_spxyG70_30_byCultivar_MicroNIR,Ridge,materialized,4,sg_d1_w21_p3,18,0.0032827441368211098,3.6966841166746915
An_spxyG70_30_byCultivar_MicroNIR,Ridge,materialized,4,sg_d1_w21_p3,19,0.005769457699142877,3.693733455262425
An_spxyG70_30_byCultivar_MicroNIR,Ridge,materialized,4,sg_d1_w21_p3,20,0.010139883205893893,3.6968469044730967
An_spxyG70_30_byCultivar_MicroNIR,Ridge,materialized,4,sg_d1_w21_p3,21,0.01782095246914516,3.706883720923878
An_spxyG70_30_byCultivar_MicroNIR,Ridge,materialized,4,sg_d1_w21_p3,22,0.03132051330955488,3.72076069601072
An_spxyG70_30_byCultivar_MicroNIR,Ridge,materialized,4,sg_d1_w21_p3,23,0.055046134917448655,3.734279638253523
An_spxyG70_30_byCultivar_MicroNIR,Ridge,materialized,4,sg_d1_w21_p3,24,0.09674416697460622,3.7449495809524413
An_spxyG70_30_byCultivar_MicroNIR,Ridge,materialized,4,sg_d1_w21_p3,25,0.1700289013505966,3.7523324845606405
An_spxyG70_30_byCultivar_MicroNIR,Ridge,materialized,4,sg_d1_w21_p3,26,0.298827600656061,3.7570450325507765
An_spxyG70_30_byCultivar_MicroNIR,Ridge,materialized,4,sg_d1_w21_p3,27,0.5251926831528924,3.7599114083577176
An_spxyG70_30_byCultivar_MicroNIR,Ridge,materialized,4,sg_d1_w21_p3,28,0.9230317207372032,3.7616062015531546
An_spxyG70_30_byCultivar_MicroNIR,Ridge,materialized,4,sg_d1_w21_p3,29,1.622238056273637,3.762591971631302
An_spxyG70_30_byCultivar_MicroNIR,Ridge,materialized,4,sg_d1_w21_p3,30,2.851100619944704,3.7631599567622898
An_spxyG70_30_byCultivar_MicroNIR,Ridge,materialized,4,sg_d1_w21_p3,31,5.010839632082894,3.763485457764657
An_spxyG70_30_byCultivar_MicroNIR,Ridge,materialized,4,sg_d1_w21_p3,32,8.806603892829168,3.7636714214351095
An_spxyG70_30_byCultivar_MicroNIR,Ridge,materialized,4,sg_d1_w21_p3,33,15.477699910534813,3.7637774786286555
An_spxyG70_30_byCultivar_MicroNIR,Ridge,materialized,4,sg_d1_w21_p3,34,27.202222041079068,3.7638379036871243
An_spxyG70_30_byCultivar_MicroNIR,Ridge,materialized,4,sg_d1_w21_p3,35,47.8081942568556,3.763872310647989
An_spxyG70_30_byCultivar_MicroNIR,Ridge,materialized,4,sg_d1_w21_p3,36,84.02340936154543,3.7638918961428134
An_spxyG70_30_byCultivar_MicroNIR,Ridge,materialized,4,sg_d1_w21_p3,37,147.6720346894401,3.763903042745966
An_spxyG70_30_byCultivar_MicroNIR,Ridge,materialized,4,sg_d1_w21_p3,38,259.535169960616,3.763909385894295
An_spxyG70_30_byCultivar_MicroNIR,Ridge,materialized,4,sg_d1_w21_p3,39,456.13581872927614,3.7639129953458004
An_spxyG70_30_byCultivar_MicroNIR,Ridge,materialized,4,sg_d1_w21_p3,40,801.6635477935444,3.763915049167653
An_spxyG70_30_byCultivar_MicroNIR,Ridge,materialized,4,sg_d1_w21_p3,41,1408.9322028059394,3.7639162177946552
An_spxyG70_30_byCultivar_MicroNIR,Ridge,materialized,4,sg_d1_w21_p3,42,2476.2133161315014,3.763916882737439
An_spxyG70_30_byCultivar_MicroNIR,Ridge,materialized,4,sg_d1_w21_p3,43,4351.971212508043,3.7639172610841065
An_spxyG70_30_byCultivar_MicroNIR,Ridge,materialized,4,sg_d1_w21_p3,44,7648.635645045067,3.763917476359306
An_spxyG70_30_byCultivar_MicroNIR,Ridge,materialized,4,sg_d1_w21_p3,45,13442.558411809769,3.7639175988483387
An_spxyG70_30_byCultivar_MicroNIR,Ridge,materialized,4,sg_d1_w21_p3,46,23625.43923398689,3.7639176685430633
An_spxyG70_30_byCultivar_MicroNIR,Ridge,materialized,4,sg_d1_w21_p3,47,41521.960470593156,3.7639177081984627
An_spxyG70_30_byCultivar_MicroNIR,Ridge,materialized,4,sg_d1_w21_p3,48,72975.28669186804,3.7639177307618636
An_spxyG70_30_byCultivar_MicroNIR,Ridge,materialized,4,sg_d1_w21_p3,49,128254.84171278293,3.763917743600141
An_spxyG70_30_byCultivar_MicroNIR,Ridge,materialized,5,sg_d2_w11_p2,0,1.2825484171278292e-07,3.5997042763731044
An_spxyG70_30_byCultivar_MicroNIR,Ridge,materialized,5,sg_d2_w11_p2,1,2.2540924699928569e-07,3.642469639886702
An_spxyG70_30_byCultivar_MicroNIR,Ridge,materialized,5,sg_d2_w11_p2,2,3.9615914654176216e-07,3.6781396932800945
An_spxyG70_30_byCultivar_MicroNIR,Ridge,materialized,5,sg_d2_w11_p2,3,6.962539091805539e-07,3.702511981225937
An_spxyG70_30_byCultivar_MicroNIR,Ridge,materialized,5,sg_d2_w11_p2,4,1.2236736429815074e-06,3.7142149844075663
An_spxyG70_30_byCultivar_MicroNIR,Ridge,materialized,5,sg_d2_w11_p2,5,2.15061942889477e-06,3.714268581997616
An_spxyG70_30_byCultivar_MicroNIR,Ridge,materialized,5,sg_d2_w11_p2,6,3.779736496301698e-06,3.705711588263521
An_spxyG70_30_byCultivar_MicroNIR,Ridge,materialized,5,sg_d2_w11_p2,7,6.6429270514016625e-06,3.693060315180844
An_spxyG70_30_byCultivar_MicroNIR,Ridge,materialized,5,sg_d2_w11_p2,8,1.1675014872973745e-05,3.680747063870805
An_spxyG70_30_byCultivar_MicroNIR,Ridge,materialized,5,sg_d2_w11_p2,9,2.0518962684589044e-05,3.671519934588079
An_spxyG70_30_byCultivar_MicroNIR,Ridge,materialized,5,sg_d2_w11_p2,10,3.6062294929164276e-05,3.666374904088942
An_spxyG70_30_byCultivar_MicroNIR,Ridge,materialized,5,sg_d2_w11_p2,11,6.337986649465327e-05,3.665118774996601
An_spxyG70_30_byCultivar_MicroNIR,Ridge,materialized,5,sg_d2_w11_p2,12,0.0001113907887662313,3.666390312296427
An_spxyG70_30_byCultivar_MicroNIR,Ridge,materialized,5,sg_d2_w11_p2,13,0.00019577049476760742,3.668240081295226
An_spxyG70_30_byCultivar_MicroNIR,Ridge,materialized,5,sg_d2_w11_p2,14,0.0003440687245871494,3.6698392211056836
An_spxyG70_30_byCultivar_MicroNIR,Ridge,materialized,5,sg_d2_w11_p2,15,0.0006047044391421525,3.672737790923697
An_spxyG70_30_byCultivar_MicroNIR,Ridge,materialized,5,sg_d2_w11_p2,16,0.0010627744766891906,3.6799912202996117
An_spxyG70_30_byCultivar_MicroNIR,Ridge,materialized,5,sg_d2_w11_p2,17,0.001867837434605745,3.693123511636692
An_spxyG70_30_byCultivar_MicroNIR,Ridge,materialized,5,sg_d2_w11_p2,18,0.0032827441368211098,3.7099895300293446
An_spxyG70_30_byCultivar_MicroNIR,Ridge,materialized,5,sg_d2_w11_p2,19,0.005769457699142877,3.7264946641578476
An_spxyG70_30_byCultivar_MicroNIR,Ridge,materialized,5,sg_d2_w11_p2,20,0.010139883205893893,3.739749537676297
An_spxyG70_30_byCultivar_MicroNIR,Ridge,materialized,5,sg_d2_w11_p2,21,0.01782095246914516,3.7490613075756167
An_spxyG70_30_byCultivar_MicroNIR,Ridge,materialized,5,sg_d2_w11_p2,22,0.03132051330955488,3.755068004809826
An_spxyG70_30_byCultivar_MicroNIR,Ridge,materialized,5,sg_d2_w11_p2,23,0.055046134917448655,3.7587459320901524
An_spxyG70_30_byCultivar_MicroNIR,Ridge,materialized,5,sg_d2_w11_p2,24,0.09674416697460622,3.7609293077697346
An_spxyG70_30_byCultivar_MicroNIR,Ridge,materialized,5,sg_d2_w11_p2,25,0.1700289013505966,3.762202256295783
An_spxyG70_30_byCultivar_MicroNIR,Ridge,materialized,5,sg_d2_w11_p2,26,0.298827600656061,3.7629367112818892
An_spxyG70_30_byCultivar_MicroNIR,Ridge,materialized,5,sg_d2_w11_p2,27,0.5251926831528924,3.763357943372077
An_spxyG70_30_byCultivar_MicroNIR,Ridge,materialized,5,sg_d2_w11_p2,28,0.9230317207372032,3.7635987078061306
An_spxyG70_30_byCultivar_MicroNIR,Ridge,materialized,5,sg_d2_w11_p2,29,1.622238056273637,3.7637360537173956
An_spxyG70_30_byCultivar_MicroNIR,Ridge,materialized,5,sg_d2_w11_p2,30,2.851100619944704,3.7638143166608593
An_spxyG70_30_byCultivar_MicroNIR,Ridge,materialized,5,sg_d2_w11_p2,31,5.010839632082894,3.763858884499986
An_spxyG70_30_byCultivar_MicroNIR,Ridge,materialized,5,sg_d2_w11_p2,32,8.806603892829168,3.7638842550804212
An_spxyG70_30_byCultivar_MicroNIR,Ridge,materialized,5,sg_d2_w11_p2,33,15.477699910534813,3.76389869451256
An_spxyG70_30_byCultivar_MicroNIR,Ridge,materialized,5,sg_d2_w11_p2,34,27.202222041079068,3.763906911622763
An_spxyG70_30_byCultivar_MicroNIR,Ridge,materialized,5,sg_d2_w11_p2,35,47.8081942568556,3.763911587458555
An_spxyG70_30_byCultivar_MicroNIR,Ridge,materialized,5,sg_d2_w11_p2,36,84.02340936154543,3.7639142480792813
An_spxyG70_30_byCultivar_MicroNIR,Ridge,materialized,5,sg_d2_w11_p2,37,147.6720346894401,3.7639157619798262
An_spxyG70_30_byCultivar_MicroNIR,Ridge,materialized,5,sg_d2_w11_p2,38,259.535169960616,3.7639166233828747
An_spxyG70_30_byCultivar_MicroNIR,Ridge,materialized,5,sg_d2_w11_p2,39,456.13581872927614,3.7639171135141765
An_spxyG70_30_byCultivar_MicroNIR,Ridge,materialized,5,sg_d2_w11_p2,40,801.6635477935444,3.763917392393779
An_spxyG70_30_byCultivar_MicroNIR,Ridge,materialized,5,sg_d2_w11_p2,41,1408.9322028059394,3.7639175510730096
An_spxyG70_30_byCultivar_MicroNIR,Ridge,materialized,5,sg_d2_w11_p2,42,2476.2133161315014,3.7639176413595186
An_spxyG70_30_byCultivar_MicroNIR,Ridge,materialized,5,sg_d2_w11_p2,43,4351.971212508043,3.7639176927313827
An_spxyG70_30_byCultivar_MicroNIR,Ridge,materialized,5,sg_d2_w11_p2,44,7648.635645045067,3.7639177219613003
An_spxyG70_30_byCultivar_MicroNIR,Ridge,materialized,5,sg_d2_w11_p2,45,13442.558411809769,3.7639177385927383
An_spxyG70_30_byCultivar_MicroNIR,Ridge,materialized,5,sg_d2_w11_p2,46,23625.43923398689,3.7639177480558046
An_spxyG70_30_byCultivar_MicroNIR,Ridge,materialized,5,sg_d2_w11_p2,47,41521.960470593156,3.7639177534401633
An_spxyG70_30_byCultivar_MicroNIR,Ridge,materialized,5,sg_d2_w11_p2,48,72975.28669186804,3.7639177565037913
An_spxyG70_30_byCultivar_MicroNIR,Ridge,materialized,5,sg_d2_w11_p2,49,128254.84171278293,3.7639177582469543
An_spxyG70_30_byCultivar_MicroNIR,Ridge,materialized,6,detrend_d1,0,1.2825484171278292e-07,3.978776009036209
An_spxyG70_30_byCultivar_MicroNIR,Ridge,materialized,6,detrend_d1,1,2.2540924699928569e-07,3.8663574512570937
An_spxyG70_30_byCultivar_MicroNIR,Ridge,materialized,6,detrend_d1,2,3.9615914654176216e-07,3.7802058818902964
An_spxyG70_30_byCultivar_MicroNIR,Ridge,materialized,6,detrend_d1,3,6.962539091805539e-07,3.724850408279548
An_spxyG70_30_byCultivar_MicroNIR,Ridge,materialized,6,detrend_d1,4,1.2236736429815074e-06,3.6957245287399587
An_spxyG70_30_byCultivar_MicroNIR,Ridge,materialized,6,detrend_d1,5,2.15061942889477e-06,3.6808080848414426
An_spxyG70_30_byCultivar_MicroNIR,Ridge,materialized,6,detrend_d1,6,3.779736496301698e-06,3.667802226951694
An_spxyG70_30_byCultivar_MicroNIR,Ridge,materialized,6,detrend_d1,7,6.6429270514016625e-06,3.649643356509551
An_spxyG70_30_byCultivar_MicroNIR,Ridge,materialized,6,detrend_d1,8,1.1675014872973745e-05,3.625036289694017
An_spxyG70_30_byCultivar_MicroNIR,Ridge,materialized,6,detrend_d1,9,2.0518962684589044e-05,3.595800975881729
An_spxyG70_30_byCultivar_MicroNIR,Ridge,materialized,6,detrend_d1,10,3.6062294929164276e-05,3.565045648198106
An_spxyG70_30_byCultivar_MicroNIR,Ridge,materialized,6,detrend_d1,11,6.337986649465327e-05,3.537870297403779
An_spxyG70_30_byCultivar_MicroNIR,Ridge,materialized,6,detrend_d1,12,0.0001113907887662313,3.522348117210833
An_spxyG70_30_byCultivar_MicroNIR,Ridge,materialized,6,detrend_d1,13,0.00019577049476760742,3.5272265207983153
An_spxyG70_30_byCultivar_MicroNIR,Ridge,materialized,6,detrend_d1,14,0.0003440687245871494,3.5554120131184233
An_spxyG70_30_byCultivar_MicroNIR,Ridge,materialized,6,detrend_d1,15,0.0006047044391421525,3.5990575738436
An_spxyG70_30_byCultivar_MicroNIR,Ridge,materialized,6,detrend_d1,16,0.0010627744766891906,3.6441122786086835
An_spxyG70_30_byCultivar_MicroNIR,Ridge,materialized,6,detrend_d1,17,0.001867837434605745,3.6797884576075353
An_spxyG70_30_byCultivar_MicroNIR,Ridge,materialized,6,detrend_d1,18,0.0032827441368211098,3.702407290609984
An_spxyG70_30_byCultivar_MicroNIR,Ridge,materialized,6,detrend_d1,19,0.005769457699142877,3.713335313806746
An_spxyG70_30_byCultivar_MicroNIR,Ridge,materialized,6,detrend_d1,20,0.010139883205893893,3.7159426212207753
An_spxyG70_30_byCultivar_MicroNIR,Ridge,materialized,6,detrend_d1,21,0.01782095246914516,3.713772317725725
An_spxyG70_30_byCultivar_MicroNIR,Ridge,materialized,6,detrend_d1,22,0.03132051330955488,3.7101195352153242
An_spxyG70_30_byCultivar_MicroNIR,Ridge,materialized,6,detrend_d1,23,0.055046134917448655,3.7082683043518143
An_spxyG70_30_byCultivar_MicroNIR,Ridge,materialized,6,detrend_d1,24,0.09674416697460622,3.7108065699368593
An_spxyG70_30_byCultivar_MicroNIR,Ridge,materialized,6,detrend_d1,25,0.1700289013505966,3.718115161212304
An_spxyG70_30_byCultivar_MicroNIR,Ridge,materialized,6,detrend_d1,26,0.298827600656061,3.7282558781301693
An_spxyG70_30_byCultivar_MicroNIR,Ridge,materialized,6,detrend_d1,27,0.5251926831528924,3.738570200996198
An_spxyG70_30_byCultivar_MicroNIR,Ridge,materialized,6,detrend_d1,28,0.9230317207372032,3.7471833236632377
An_spxyG70_30_byCultivar_MicroNIR,Ridge,materialized,6,detrend_d1,29,1.622238056273637,3.7534544535215466
An_spxyG70_30_byCultivar_MicroNIR,Ridge,materialized,6,detrend_d1,30,2.851100619944704,3.757612003602022
An_spxyG70_30_byCultivar_MicroNIR,Ridge,materialized,6,detrend_d1,31,5.010839632082894,3.760205377817738
An_spxyG70_30_byCultivar_MicroNIR,Ridge,materialized,6,detrend_d1,32,8.806603892829168,3.7617630193750684
An_spxyG70_30_byCultivar_MicroNIR,Ridge,materialized,6,detrend_d1,33,15.477699910534813,3.762677580125846
An_spxyG70_30_byCultivar_MicroNIR,Ridge,materialized,6,detrend_d1,34,27.202222041079068,3.763207449488454
An_spxyG70_30_byCultivar_MicroNIR,Ridge,materialized,6,detrend_d1,35,47.8081942568556,3.7635120776929227
An_spxyG70_30_byCultivar_MicroNIR,Ridge,materialized,6,detrend_d1,36,84.02340936154543,3.7636864357885904
An_spxyG70_30_byCultivar_MicroNIR,Ridge,materialized,6,detrend_d1,37,147.6720346894401,3.763785978548596
An_spxyG70_30_byCultivar_MicroNIR,Ridge,materialized,6,detrend_d1,38,259.535169960616,3.763842726035763
An_spxyG70_30_byCultivar_MicroNIR,Ridge,materialized,6,detrend_d1,39,456.13581872927614,3.7638750499595917
An_spxyG70_30_byCultivar_MicroNIR,Ridge,materialized,6,detrend_d1,40,801.6635477935444,3.763893453302648
An_spxyG70_30_byCultivar_MicroNIR,Ridge,materialized,6,detrend_d1,41,1408.9322028059394,3.76390392827222
An_spxyG70_30_byCultivar_MicroNIR,Ridge,materialized,6,detrend_d1,42,2476.2133161315014,3.7639098895924334
An_spxyG70_30_byCultivar_MicroNIR,Ridge,materialized,6,detrend_d1,43,4351.971212508043,3.763913281893282
An_spxyG70_30_byCultivar_MicroNIR,Ridge,materialized,6,detrend_d1,44,7648.635645045067,3.763915212193139
An_spxyG70_30_byCultivar_MicroNIR,Ridge,materialized,6,detrend_d1,45,13442.558411809769,3.76391631054873
An_spxyG70_30_byCultivar_MicroNIR,Ridge,materialized,6,detrend_d1,46,23625.43923398689,3.763916935511568
An_spxyG70_30_byCultivar_MicroNIR,Ridge,materialized,6,detrend_d1,47,41521.960470593156,3.763917291111329
An_spxyG70_30_byCultivar_MicroNIR,Ridge,materialized,6,detrend_d1,48,72975.28669186804,3.7639174934442154
An_spxyG70_30_byCultivar_MicroNIR,Ridge,materialized,6,detrend_d1,49,128254.84171278293,3.763917608569365
An_spxyG70_30_byCultivar_MicroNIR,Ridge,materialized,7,detrend_d2,0,1.2825484171278292e-07,3.877903393838973
An_spxyG70_30_byCultivar_MicroNIR,Ridge,materialized,7,detrend_d2,1,2.2540924699928569e-07,3.7845914197918376
An_spxyG70_30_byCultivar_MicroNIR,Ridge,materialized,7,detrend_d2,2,3.9615914654176216e-07,3.7144069632422982
An_spxyG70_30_byCultivar_MicroNIR,Ridge,materialized,7,detrend_d2,3,6.962539091805539e-07,3.6720311804242294
An_spxyG70_30_byCultivar_MicroNIR,Ridge,materialized,7,detrend_d2,4,1.2236736429815074e-06,3.652770025413522
An_spxyG70_30_byCultivar_MicroNIR,Ridge,materialized,7,detrend_d2,5,2.15061942889477e-06,3.645571227993364
An_spxyG70_30_byCultivar_MicroNIR,Ridge,materialized,7,detrend_d2,6,3.779736496301698e-06,3.6401800053141953
An_spxyG70_30_byCultivar_MicroNIR,Ridge,materialized,7,detrend_d2,7,6.6429270514016625e-06,3.6299391056029657
An_spxyG70_30_byCultivar_MicroNIR,Ridge,materialized,7,detrend_d2,8,1.1675014872973745e-05,3.6115291599157873
An_spxyG70_30_byCultivar_MicroNIR,Ridge,materialized,7,detrend_d2,9,2.0518962684589044e-05,3.584590013981503
An_spxyG70_30_byCultivar_MicroNIR,Ridge,materialized,7,detrend_d2,10,3.6062294929164276e-05,3.5517491564670207
An_spxyG70_30_byCultivar_MicroNIR,Ridge,materialized,7,detrend_d2,11,6.337986649465327e-05,3.5192113710311324
An_spxyG70_30_byCultivar_MicroNIR,Ridge,materialized,7,detrend_d2,12,0.0001113907887662313,3.4968830543069322
An_spxyG70_30_byCultivar_MicroNIR,Ridge,materialized,7,detrend_d2,13,0.00019577049476760742,3.4953260696835584
An_spxyG70_30_byCultivar_MicroNIR,Ridge,materialized,7,detrend_d2,14,0.0003440687245871494,3.5186743249356263
An_spxyG70_30_byCultivar_MicroNIR,Ridge,materialized,7,detrend_d2,15,0.0006047044391421525,3.55956135322583
An_spxyG70_30_byCultivar_MicroNIR,Ridge,materialized,7,detrend_d2,16,0.0010627744766891906,3.6041058781532476
An_spxyG70_30_byCultivar_MicroNIR,Ridge,materialized,7,detrend_d2,17,0.001867837434605745,3.6422114315548897
An_spxyG70_30_byCultivar_MicroNIR,Ridge,materialized,7,detrend_d2,18,0.0032827441368211098,3.6712338702436833
An_spxyG70_30_byCultivar_MicroNIR,Ridge,materialized,7,detrend_d2,19,0.005769457699142877,3.692157318542016
An_spxyG70_30_byCultivar_MicroNIR,Ridge,materialized,7,detrend_d2,20,0.010139883205893893,3.7059104740715947
An_spxyG70_30_byCultivar_MicroNIR,Ridge,materialized,7,detrend_d2,21,0.01782095246914516,3.7133664419540118
An_spxyG70_30_byCultivar_MicroNIR,Ridge,materialized,7,detrend_d2,22,0.03132051330955488,3.7166563710083693
An_spxyG70_30_byCultivar_MicroNIR,Ridge,materialized,7,detrend_d2,23,0.055046134917448655,3.7191591654004563
An_spxyG70_30_byCultivar_MicroNIR,Ridge,materialized,7,detrend_d2,24,0.09674416697460622,3.7237028718856457
An_spxyG70_30_byCultivar_MicroNIR,Ridge,materialized,7,detrend_d2,25,0.1700289013505966,3.730796092305808
An_spxyG70_30_byCultivar_MicroNIR,Ridge,materialized,7,detrend_d2,26,0.298827600656061,3.739012992602001
An_spxyG70_30_byCultivar_MicroNIR,Ridge,materialized,7,detrend_d2,27,0.5251926831528924,3.7466446125428496
An_spxyG70_30_byCultivar_MicroNIR,Ridge,materialized,7,detrend_d2,28,0.9230317207372032,3.7526945592622503
An_spxyG70_30_byCultivar_MicroNIR,Ridge,materialized,7,detrend_d2,29,1.622238056273637,3.756969117643126
An_spxyG70_30_byCultivar_MicroNIR,Ridge,materialized,7,detrend_d2,30,2.851100619944704,3.759754644594517
An_spxyG70_30_byCultivar_MicroNIR,Ridge,materialized,7,detrend_d2,31,5.010839632082894,3.7614752124118644
An_spxyG70_30_byCultivar_MicroNIR,Ridge,materialized,7,detrend_d2,32,8.806603892829168,3.7625028669020453
An_spxyG70_30_byCultivar_MicroNIR,Ridge,materialized,7,detrend_d2,33,15.477699910534813,3.763104333067787
An_spxyG70_30_byCultivar_MicroNIR,Ridge,materialized,7,detrend_d2,34,27.202222041079068,3.7634521748706184
An_spxyG70_30_byCultivar_MicroNIR,Ridge,materialized,7,detrend_d2,35,47.8081942568556,3.763651947538637
An_spxyG70_30_byCultivar_MicroNIR,Ridge,materialized,7,detrend_d2,36,84.02340936154543,3.7637662232017597
An_spxyG70_30_byCultivar_MicroNIR,Ridge,materialized,7,detrend_d2,37,147.6720346894401,3.7638314425730854
An_spxyG70_30_byCultivar_MicroNIR,Ridge,materialized,7,detrend_d2,38,259.535169960616,3.7638686158830352
An_spxyG70_30_byCultivar_MicroNIR,Ridge,materialized,7,detrend_d2,39,456.13581872927614,3.7638897878801787
An_spxyG70_30_byCultivar_MicroNIR,Ridge,materialized,7,detrend_d2,40,801.6635477935444,3.763901841231623
An_spxyG70_30_byCultivar_MicroNIR,Ridge,materialized,7,detrend_d2,41,1408.9322028059394,3.7639087016199917
An_spxyG70_30_byCultivar_MicroNIR,Ridge,materialized,7,detrend_d2,42,2476.2133161315014,3.7639126057992827
An_spxyG70_30_byCultivar_MicroNIR,Ridge,materialized,7,detrend_d2,43,4351.971212508043,3.7639148274549763
An_spxyG70_30_byCultivar_MicroNIR,Ridge,materialized,7,detrend_d2,44,7648.635645045067,3.763916091621767
An_spxyG70_30_byCultivar_MicroNIR,Ridge,materialized,7,detrend_d2,45,13442.558411809769,3.7639168109398446
An_spxyG70_30_byCultivar_MicroNIR,Ridge,materialized,7,detrend_d2,46,23625.43923398689,3.76391722023
An_spxyG70_30_byCultivar_MicroNIR,Ridge,materialized,7,detrend_d2,47,41521.960470593156,3.7639174531131423
An_spxyG70_30_byCultivar_MicroNIR,Ridge,materialized,7,detrend_d2,48,72975.28669186804,3.7639175856213485
An_spxyG70_30_byCultivar_MicroNIR,Ridge,materialized,7,detrend_d2,49,128254.84171278293,3.7639176610170066
An_spxyG70_30_byCultivar_MicroNIR,Ridge,materialized,8,fd_d1,0,1.2825484171278292e-07,3.8995381340379525
An_spxyG70_30_byCultivar_MicroNIR,Ridge,materialized,8,fd_d1,1,2.2540924699928569e-07,3.8494959544359686
An_spxyG70_30_byCultivar_MicroNIR,Ridge,materialized,8,fd_d1,2,3.9615914654176216e-07,3.8081774976035305
An_spxyG70_30_byCultivar_MicroNIR,Ridge,materialized,8,fd_d1,3,6.962539091805539e-07,3.763063765498117
An_spxyG70_30_byCultivar_MicroNIR,Ridge,materialized,8,fd_d1,4,1.2236736429815074e-06,3.7105499748419497
An_spxyG70_30_byCultivar_MicroNIR,Ridge,materialized,8,fd_d1,5,2.15061942889477e-06,3.6566763999300553
An_spxyG70_30_byCultivar_MicroNIR,Ridge,materialized,8,fd_d1,6,3.779736496301698e-06,3.6125600618390123
An_spxyG70_30_byCultivar_MicroNIR,Ridge,materialized,8,fd_d1,7,6.6429270514016625e-06,3.5885638630930146
An_spxyG70_30_byCultivar_MicroNIR,Ridge,materialized,8,fd_d1,8,1.1675014872973745e-05,3.588779959852367
An_spxyG70_30_byCultivar_MicroNIR,Ridge,materialized,8,fd_d1,9,2.0518962684589044e-05,3.6074619999780877
An_spxyG70_30_byCultivar_MicroNIR,Ridge,materialized,8,fd_d1,10,3.6062294929164276e-05,3.63237619742413
An_spxyG70_30_byCultivar_MicroNIR,Ridge,materialized,8,fd_d1,11,6.337986649465327e-05,3.6528865085999387
An_spxyG70_30_byCultivar_MicroNIR,Ridge,materialized,8,fd_d1,12,0.0001113907887662313,3.664842534712558
An_spxyG70_30_byCultivar_MicroNIR,Ridge,materialized,8,fd_d1,13,0.00019577049476760742,3.669754766535953
An_spxyG70_30_byCultivar_MicroNIR,Ridge,materialized,8,fd_d1,14,0.0003440687245871494,3.6711584232460397
An_spxyG70_30_byCultivar_MicroNIR,Ridge,materialized,8,fd_d1,15,0.0006047044391421525,3.671917477987378
An_spxyG70_30_byCultivar_MicroNIR,Ridge,materialized,8,fd_d1,16,0.0010627744766891906,3.6735412955861024
An_spxyG70_30_byCultivar_MicroNIR,Ridge,materialized,8,fd_d1,17,0.001867837434605745,3.676111489290021
An_spxyG70_30_byCultivar_MicroNIR,Ridge,materialized,8,fd_d1,18,0.0032827441368211098,3.678452621322195
An_spxyG70_30_byCultivar_MicroNIR,Ridge,materialized,8,fd_d1,19,0.005769457699142877,3.6792913141200065
An_spxyG70_30_byCultivar_MicroNIR,Ridge,materialized,8,fd_d1,20,0.010139883205893893,3.678732228323587
An_spxyG70_30_byCultivar_MicroNIR,Ridge,materialized,8,fd_d1,21,0.01782095246914516,3.678899463981677
An_spxyG70_30_byCultivar_MicroNIR,Ridge,materialized,8,fd_d1,22,0.03132051330955488,3.68317666786477
An_spxyG70_30_byCultivar_MicroNIR,Ridge,materialized,8,fd_d1,23,0.055046134917448655,3.6936885614279875
An_spxyG70_30_byCultivar_MicroNIR,Ridge,materialized,8,fd_d1,24,0.09674416697460622,3.7089553038593825
An_spxyG70_30_byCultivar_MicroNIR,Ridge,materialized,8,fd_d1,25,0.1700289013505966,3.7249654191584107
An_spxyG70_30_byCultivar_MicroNIR,Ridge,materialized,8,fd_d1,26,0.298827600656061,3.7383877670996077
An_spxyG70_30_byCultivar_MicroNIR,Ridge,materialized,8,fd_d1,27,0.5251926831528924,3.7480732012283333
An_spxyG70_30_byCultivar_MicroNIR,Ridge,materialized,8,fd_d1,28,0.9230317207372032,3.754423581687024
An_spxyG70_30_byCultivar_MicroNIR,Ridge,materialized,8,fd_d1,29,1.622238056273637,3.758349789836944
An_spxyG70_30_byCultivar_MicroNIR,Ridge,materialized,8,fd_d1,30,2.851100619944704,3.7606937851418616
An_spxyG70_30_byCultivar_MicroNIR,Ridge,materialized,8,fd_d1,31,5.010839632082894,3.7620648565971635
An_spxyG70_30_byCultivar_MicroNIR,Ridge,materialized,8,fd_d1,32,8.806603892829168,3.762857413501748
An_spxyG70_30_byCultivar_MicroNIR,Ridge,materialized,8,fd_d1,33,15.477699910534813,3.763312457621809
An_spxyG70_30_byCultivar_MicroNIR,Ridge,materialized,8,fd_d1,34,27.202222041079068,3.763572707658541
An_spxyG70_30_byCultivar_MicroNIR,Ridge,materialized,8,fd_d1,35,47.8081942568556,3.7637212211983595
An_spxyG70_30_byCultivar_MicroNIR,Ridge,materialized,8,fd_d1,36,84.02340936154543,3.7638058645745085
An_spxyG70_30_byCultivar_MicroNIR,Ridge,materialized,8,fd_d1,37,147.6720346894401,3.763854071298045
An_spxyG70_30_byCultivar_MicroNIR,Ridge,materialized,8,fd_d1,38,259.535169960616,3.763881515111874
An_spxyG70_30_byCultivar_MicroNIR,Ridge,materialized,8,fd_d1,39,456.13581872927614,3.7638971350792945
An_spxyG70_30_byCultivar_MicroNIR,Ridge,materialized,8,fd_d1,40,801.6635477935444,3.7639060241875755
An_spxyG70_30_byCultivar_MicroNIR,Ridge,materialized,8,fd_d1,41,1408.9322028059394,3.7639110824749613
An_spxyG70_30_byCultivar_MicroNIR,Ridge,materialized,8,fd_d1,42,2476.2133161315014,3.763913960735857
An_spxyG70_30_byCultivar_MicroNIR,Ridge,materialized,8,fd_d1,43,4351.971212508043,3.7639155984805654
An_spxyG70_30_byCultivar_MicroNIR,Ridge,materialized,8,fd_d1,44,7648.635645045067,3.7639165303524633
An_spxyG70_30_byCultivar_MicroNIR,Ridge,materialized,8,fd_d1,45,13442.558411809769,3.7639170605806256
An_spxyG70_30_byCultivar_MicroNIR,Ridge,materialized,8,fd_d1,46,23625.43923398689,3.7639173622751385
An_spxyG70_30_byCultivar_MicroNIR,Ridge,materialized,8,fd_d1,47,41521.960470593156,3.7639175339358553
An_spxyG70_30_byCultivar_MicroNIR,Ridge,materialized,8,fd_d1,48,72975.28669186804,3.7639176316086904
An_spxyG70_30_byCultivar_MicroNIR,Ridge,materialized,8,fd_d1,49,128254.84171278293,3.7639176871832865
DIESEL_bp50_246_hla-b,PLS,folded,0,identity,0,1,15.79698347398882
DIESEL_bp50_246_hla-b,PLS,folded,0,identity,1,2,12.493987404667026
DIESEL_bp50_246_hla-b,PLS,folded,0,identity,2,3,10.457440361049683
DIESEL_bp50_246_hla-b,PLS,folded,0,identity,3,4,9.80441171667511
DIESEL_bp50_246_hla-b,PLS,folded,0,identity,4,5,7.926246888232216
DIESEL_bp50_246_hla-b,PLS,folded,0,identity,5,6,7.176535698297559
DIESEL_bp50_246_hla-b,PLS,folded,0,identity,6,7,5.867146203129633
DIESEL_bp50_246_hla-b,PLS,folded,0,identity,7,8,4.995966399171307
DIESEL_bp50_246_hla-b,PLS,folded,0,identity,8,9,4.357128197362918
DIESEL_bp50_246_hla-b,PLS,folded,0,identity,9,10,4.0075428923603456
DIESEL_bp50_246_hla-b,PLS,folded,0,identity,10,11,3.982971600191461
DIESEL_bp50_246_hla-b,PLS,folded,0,identity,11,12,3.711628759749412
DIESEL_bp50_246_hla-b,PLS,folded,0,identity,12,13,3.7006956349161926
DIESEL_bp50_246_hla-b,PLS,folded,0,identity,13,14,3.8933547481583504
DIESEL_bp50_246_hla-b,PLS,folded,0,identity,14,15,3.8361974401383145
DIESEL_bp50_246_hla-b,PLS,folded,1,sg_smooth_w11_p2,0,1,15.783730936643318
DIESEL_bp50_246_hla-b,PLS,folded,1,sg_smooth_w11_p2,1,2,12.586124430865675
DIESEL_bp50_246_hla-b,PLS,folded,1,sg_smooth_w11_p2,2,3,10.365831518613932
DIESEL_bp50_246_hla-b,PLS,folded,1,sg_smooth_w11_p2,3,4,9.704623658504294
DIESEL_bp50_246_hla-b,PLS,folded,1,sg_smooth_w11_p2,4,5,7.9671377479940135
DIESEL_bp50_246_hla-b,PLS,folded,1,sg_smooth_w11_p2,5,6,7.205249372989902
DIESEL_bp50_246_hla-b,PLS,folded,1,sg_smooth_w11_p2,6,7,6.017103543644929
DIESEL_bp50_246_hla-b,PLS,folded,1,sg_smooth_w11_p2,7,8,5.020074447341896
DIESEL_bp50_246_hla-b,PLS,folded,1,sg_smooth_w11_p2,8,9,4.365599940208075
DIESEL_bp50_246_hla-b,PLS,folded,1,sg_smooth_w11_p2,9,10,3.971786033805189
DIESEL_bp50_246_hla-b,PLS,folded,1,sg_smooth_w11_p2,10,11,4.023639016766015
DIESEL_bp50_246_hla-b,PLS,folded,1,sg_smooth_w11_p2,11,12,3.661271617515735
DIESEL_bp50_246_hla-b,PLS,folded,1,sg_smooth_w11_p2,12,13,3.681188654722883
DIESEL_bp50_246_hla-b,PLS,folded,1,sg_smooth_w11_p2,13,14,3.7030905158322347
DIESEL_bp50_246_hla-b,PLS,folded,1,sg_smooth_w11_p2,14,15,3.7613311560502702
DIESEL_bp50_246_hla-b,PLS,folded,2,sg_smooth_w21_p3,0,1,15.77089475772026
DIESEL_bp50_246_hla-b,PLS,folded,2,sg_smooth_w21_p3,1,2,12.542906661021059
DIESEL_bp50_246_hla-b,PLS,folded,2,sg_smooth_w21_p3,2,3,10.709887104567098
DIESEL_bp50_246_hla-b,PLS,folded,2,sg_smooth_w21_p3,3,4,9.704016578535086
DIESEL_bp50_246_hla-b,PLS,folded,2,sg_smooth_w21_p3,4,5,8.238072192388206
DIESEL_bp50_246_hla-b,PLS,folded,2,sg_smooth_w21_p3,5,6,7.564206923953881
DIESEL_bp50_246_hla-b,PLS,folded,2,sg_smooth_w21_p3,6,7,6.200544890197639
DIESEL_bp50_246_hla-b,PLS,folded,2,sg_smooth_w21_p3,7,8,5.318684206504633
DIESEL_bp50_246_hla-b,PLS,folded,2,sg_smooth_w21_p3,8,9,4.516781464903337
DIESEL_bp50_246_hla-b,PLS,folded,2,sg_smooth_w21_p3,9,10,4.28514670081715
DIESEL_bp50_246_hla-b,PLS,folded,2,sg_smooth_w21_p3,10,11,3.9087431468016214
DIESEL_bp50_246_hla-b,PLS,folded,2,sg_smooth_w21_p3,11,12,3.946653879162297
DIESEL_bp50_246_hla-b,PLS,folded,2,sg_smooth_w21_p3,12,13,3.8146284336267877
DIESEL_bp50_246_hla-b,PLS,folded,2,sg_smooth_w21_p3,13,14,3.7959897821968838
DIESEL_bp50_246_hla-b,PLS,folded,2,sg_smooth_w21_p3,14,15,3.6600856309006518
DIESEL_bp50_246_hla-b,PLS,folded,3,sg_d1_w11_p2,0,1,15.746874316599222
DIESEL_bp50_246_hla-b,PLS,folded,3,sg_d1_w11_p2,1,2,13.304907926765528
DIESEL_bp50_246_hla-b,PLS,folded,3,sg_d1_w11_p2,2,3,10.166473029509374
DIESEL_bp50_246_hla-b,PLS,folded,3,sg_d1_w11_p2,3,4,8.828681878587973
DIESEL_bp50_246_hla-b,PLS,folded,3,sg_d1_w11_p2,4,5,7.60411307658997
DIESEL_bp50_246_hla-b,PLS,folded,3,sg_d1_w11_p2,5,6,6.562022713885392
DIESEL_bp50_246_hla-b,PLS,folded,3,sg_d1_w11_p2,6,7,5.773431427488521
DIESEL_bp50_246_hla-b,PLS,folded,3,sg_d1_w11_p2,7,8,5.103506072851124
DIESEL_bp50_246_hla-b,PLS,folded,3,sg_d1_w11_p2,8,9,4.696785597050277
DIESEL_bp50_246_hla-b,PLS,folded,3,sg_d1_w11_p2,9,10,4.340674077462628
DIESEL_bp50_246_hla-b,PLS,folded,3,sg_d1_w11_p2,10,11,3.9306072339393183
DIESEL_bp50_246_hla-b,PLS,folded,3,sg_d1_w11_p2,11,12,3.828083940065253
DIESEL_bp50_246_hla-b,PLS,folded,3,sg_d1_w11_p2,12,13,3.655588648646315
DIESEL_bp50_246_hla-b,PLS,folded,3,sg_d1_w11_p2,13,14,3.6406642114504244
DIESEL_bp50_246_hla-b,PLS,folded,3,sg_d1_w11_p2,14,15,3.696089091528779
DIESEL_bp50_246_hla-b,PLS,folded,4,sg_d1_w21_p3,0,1,15.7625332144109
DIESEL_bp50_246_hla-b,PLS,folded,4,sg_d1_w21_p3,1,2,13.552137054019369
DIESEL_bp50_246_hla-b,PLS,folded,4,sg_d1_w21_p3,2,3,10.498979446143593
DIESEL_bp50_246_hla-b,PLS,folded,4,sg_d1_w21_p3,3,4,8.90840866847744
DIESEL_bp50_246_hla-b,PLS,folded,4,sg_d1_w21_p3,4,5,7.571685688459162
DIESEL_bp50_246_hla-b,PLS,folded,4,sg_d1_w21_p3,5,6,6.639239176714868
DIESEL_bp50_246_hla-b,PLS,folded,4,sg_d1_w21_p3,6,7,5.914020496385976
DIESEL_bp50_246_hla-b,PLS,folded,4,sg_d1_w21_p3,7,8,5.181303211693331
DIESEL_bp50_246_hla-b,PLS,folded,4,sg_d1_w21_p3,8,9,4.718792128816704
DIESEL_bp50_246_hla-b,PLS,folded,4,sg_d1_w21_p3,9,10,4.360247486822959
DIESEL_bp50_246_hla-b,PLS,folded,4,sg_d1_w21_p3,10,11,3.9426984174149418
DIESEL_bp50_246_hla-b,PLS,folded,4,sg_d1_w21_p3,11,12,3.803891126886218
DIESEL_bp50_246_hla-b,PLS,folded,4,sg_d1_w21_p3,12,13,3.7027350586671504
DIESEL_bp50_246_hla-b,PLS,folded,4,sg_d1_w21_p3,13,14,3.6674373115686136
DIESEL_bp50_246_hla-b,PLS,folded,4,sg_d1_w21_p3,14,15,3.679771165829254
DIESEL_bp50_246_hla-b,PLS,folded,5,sg_d2_w11_p2,0,1,15.671229657784243
DIESEL_bp50_246_hla-b,PLS,folded,5,sg_d2_w11_p2,1,2,11.827878363766407
DIESEL_bp50_246_hla-b,PLS,folded,5,sg_d2_w11_p2,2,3,10.110387102642045
DIESEL_bp50_246_hla-b,PLS,folded,5,sg_d2_w11_p2,3,4,8.639649726017819
DIESEL_bp50_246_hla-b,PLS,folded,5,sg_d2_w11_p2,4,5,7.443784243953376
DIESEL_bp50_246_hla-b,PLS,folded,5,sg_d2_w11_p2,5,6,5.826571485495495
DIESEL_bp50_246_hla-b,PLS,folded,5,sg_d2_w11_p2,6,7,5.294070314051987
DIESEL_bp50_246_hla-b,PLS,folded,5,sg_d2_w11_p2,7,8,4.649578637544375
DIESEL_bp50_246_hla-b,PLS,folded,5,sg_d2_w11_p2,8,9,4.596672068214781
DIESEL_bp50_246_hla-b,PLS,folded,5,sg_d2_w11_p2,9,10,4.579759047379978
DIESEL_bp50_246_hla-b,PLS,folded,5,sg_d2_w11_p2,10,11,4.4727837465297595
DIESEL_bp50_246_hla-b,PLS,folded,5,sg_d2_w11_p2,11,12,4.433874681181642
DIESEL_bp50_246_hla-b,PLS,folded,5,sg_d2_w11_p2,12,13,4.238862047146643
DIESEL_bp50_246_hla-b,PLS,folded,5,sg_d2_w11_p2,13,14,4.248965901994314
DIESEL_bp50_246_hla-b,PLS,folded,5,sg_d2_w11_p2,14,15,4.323208350018492
DIESEL_bp50_246_hla-b,PLS,folded,6,detrend_d1,0,1,15.79531263551977
DIESEL_bp50_246_hla-b,PLS,folded,6,detrend_d1,1,2,12.481517163872532
DIESEL_bp50_246_hla-b,PLS,folded,6,detrend_d1,2,3,10.242799948995518
DIESEL_bp50_246_hla-b,PLS,folded,6,detrend_d1,3,4,9.675533752719877
DIESEL_bp50_246_hla-b,PLS,folded,6,detrend_d1,4,5,7.879275382715591
DIESEL_bp50_246_hla-b,PLS,folded,6,detrend_d1,5,6,7.12941684443022
DIESEL_bp50_246_hla-b,PLS,folded,6,detrend_d1,6,7,5.820195210953207
DIESEL_bp50_246_hla-b,PLS,folded,6,detrend_d1,7,8,4.949373875672374
DIESEL_bp50_246_hla-b,PLS,folded,6,detrend_d1,8,9,4.356081889213962
DIESEL_bp50_246_hla-b,PLS,folded,6,detrend_d1,9,10,3.993593940494926
DIESEL_bp50_246_hla-b,PLS,folded,6,detrend_d1,10,11,3.934751601601446
DIESEL_bp50_246_hla-b,PLS,folded,6,detrend_d1,11,12,3.6171817835817976
DIESEL_bp50_246_hla-b,PLS,folded,6,detrend_d1,12,13,3.6291973712618644
DIESEL_bp50_246_hla-b,PLS,folded,6,detrend_d1,13,14,3.772986256305887
DIESEL_bp50_246_hla-b,PLS,folded,6,detrend_d1,14,15,3.7975473114460123
DIESEL_bp50_246_hla-b,PLS,folded,7,detrend_d2,0,1,15.791917899454225
DIESEL_bp50_246_hla-b,PLS,folded,7,detrend_d2,1,2,12.46203933885852
DIESEL_bp50_246_hla-b,PLS,folded,7,detrend_d2,2,3,10.055313697552975
DIESEL_bp50_246_hla-b,PLS,folded,7,detrend_d2,3,4,9.442144651362756
DIESEL_bp50_246_hla-b,PLS,folded,7,detrend_d2,4,5,7.843763986531483
DIESEL_bp50_246_hla-b,PLS,folded,7,detrend_d2,5,6,7.109216809998077
DIESEL_bp50_246_hla-b,PLS,folded,7,detrend_d2,6,7,5.816131002275031
DIESEL_bp50_246_hla-b,PLS,folded,7,detrend_d2,7,8,4.95154821321997
DIESEL_bp50_246_hla-b,PLS,folded,7,detrend_d2,8,9,4.350475866909366
DIESEL_bp50_246_hla-b,PLS,folded,7,detrend_d2,9,10,3.9682922425508194
DIESEL_bp50_246_hla-b,PLS,folded,7,detrend_d2,10,11,3.921468881228672
DIESEL_bp50_246_hla-b,PLS,folded,7,detrend_d2,11,12,3.6131169787001207
DIESEL_bp50_246_hla-b,PLS,folded,7,detrend_d2,12,13,3.621613580062685
DIESEL_bp50_246_hla-b,PLS,folded,7,detrend_d2,13,14,3.8014191822531513
DIESEL_bp50_246_hla-b,PLS,folded,7,detrend_d2,14,15,3.798085260126945
DIESEL_bp50_246_hla-b,PLS,folded,8,fd_d1,0,1,15.776838446992802
DIESEL_bp50_246_hla-b,PLS,folded,8,fd_d1,1,2,12.223755038613703
DIESEL_bp50_246_hla-b,PLS,folded,8,fd_d1,2,3,10.386947046833285
DIESEL_bp50_246_hla-b,PLS,folded,8,fd_d1,3,4,8.437237178158847
DIESEL_bp50_246_hla-b,PLS,folded,8,fd_d1,4,5,7.601075772957086
DIESEL_bp50_246_hla-b,PLS,folded,8,fd_d1,5,6,5.988963096901587
DIESEL_bp50_246_hla-b,PLS,folded,8,fd_d1,6,7,5.219326233987438
DIESEL_bp50_246_hla-b,PLS,folded,8,fd_d1,7,8,4.6872418141631
DIESEL_bp50_246_hla-b,PLS,folded,8,fd_d1,8,9,4.412683319038502
DIESEL_bp50_246_hla-b,PLS,folded,8,fd_d1,9,10,4.237288563794209
DIESEL_bp50_246_hla-b,PLS,folded,8,fd_d1,10,11,4.086533256780538
DIESEL_bp50_246_hla-b,PLS,folded,8,fd_d1,11,12,3.796803157789784
DIESEL_bp50_246_hla-b,PLS,folded,8,fd_d1,12,13,3.7128236886766692
DIESEL_bp50_246_hla-b,PLS,folded,8,fd_d1,13,14,3.746409736156303
DIESEL_bp50_246_hla-b,PLS,folded,8,fd_d1,14,15,3.854097753740856
DIESEL_bp50_246_hla-b,PLS,materialized,0,identity,0,1,15.79698347398882
DIESEL_bp50_246_hla-b,PLS,materialized,0,identity,1,2,12.493987404667026
DIESEL_bp50_246_hla-b,PLS,materialized,0,identity,2,3,10.457440361049683
DIESEL_bp50_246_hla-b,PLS,materialized,0,identity,3,4,9.804411716675116
DIESEL_bp50_246_hla-b,PLS,materialized,0,identity,4,5,7.92624688823223
DIESEL_bp50_246_hla-b,PLS,materialized,0,identity,5,6,7.176535698297559
DIESEL_bp50_246_hla-b,PLS,materialized,0,identity,6,7,5.86714620312963
DIESEL_bp50_246_hla-b,PLS,materialized,0,identity,7,8,4.99596639917131
DIESEL_bp50_246_hla-b,PLS,materialized,0,identity,8,9,4.35712819736292
DIESEL_bp50_246_hla-b,PLS,materialized,0,identity,9,10,4.007542892360357
DIESEL_bp50_246_hla-b,PLS,materialized,0,identity,10,11,3.9829716001914677
DIESEL_bp50_246_hla-b,PLS,materialized,0,identity,11,12,3.71162875974942
DIESEL_bp50_246_hla-b,PLS,materialized,0,identity,12,13,3.7006956349161975
DIESEL_bp50_246_hla-b,PLS,materialized,0,identity,13,14,3.893354748158356
DIESEL_bp50_246_hla-b,PLS,materialized,0,identity,14,15,3.8361974401383305
DIESEL_bp50_246_hla-b,PLS,materialized,1,sg_smooth_w11_p2,0,1,15.783730936643314
DIESEL_bp50_246_hla-b,PLS,materialized,1,sg_smooth_w11_p2,1,2,12.586124430865675
DIESEL_bp50_246_hla-b,PLS,materialized,1,sg_smooth_w11_p2,2,3,10.36583151861393
DIESEL_bp50_246_hla-b,PLS,materialized,1,sg_smooth_w11_p2,3,4,9.704623658504282
DIESEL_bp50_246_hla-b,PLS,materialized,1,sg_smooth_w11_p2,4,5,7.967137747994007
DIESEL_bp50_246_hla-b,PLS,materialized,1,sg_smooth_w11_p2,5,6,7.2052493729899
DIESEL_bp50_246_hla-b,PLS,materialized,1,sg_smooth_w11_p2,6,7,6.017103543644919
DIESEL_bp50_246_hla-b,PLS,materialized,1,sg_smooth_w11_p2,7,8,5.02007444734189
DIESEL_bp50_246_hla-b,PLS,materialized,1,sg_smooth_w11_p2,8,9,4.365599940208073
DIESEL_bp50_246_hla-b,PLS,materialized,1,sg_smooth_w11_p2,9,10,3.9717860338051842
DIESEL_bp50_246_hla-b,PLS,materialized,1,sg_smooth_w11_p2,10,11,4.0236390167660065
DIESEL_bp50_246_hla-b,PLS,materialized,1,sg_smooth_w11_p2,11,12,3.661271617515723
DIESEL_bp50_246_hla-b,PLS,materialized,1,sg_smooth_w11_p2,12,13,3.681188654722871
DIESEL_bp50_246_hla-b,PLS,materialized,1,sg_smooth_w11_p2,13,14,3.703090515832242
DIESEL_bp50_246_hla-b,PLS,materialized,1,sg_smooth_w11_p2,14,15,3.7613311560502725
DIESEL_bp50_246_hla-b,PLS,materialized,2,sg_smooth_w21_p3,0,1,15.77089475772026
DIESEL_bp50_246_hla-b,PLS,materialized,2,sg_smooth_w21_p3,1,2,12.542906661021053
DIESEL_bp50_246_hla-b,PLS,materialized,2,sg_smooth_w21_p3,2,3,10.709887104567098
DIESEL_bp50_246_hla-b,PLS,materialized,2,sg_smooth_w21_p3,3,4,9.704016578535079
DIESEL_bp50_246_hla-b,PLS,materialized,2,sg_smooth_w21_p3,4,5,8.23807219238822
DIESEL_bp50_246_hla-b,PLS,materialized,2,sg_smooth_w21_p3,5,6,7.564206923953883
DIESEL_bp50_246_hla-b,PLS,materialized,2,sg_smooth_w21_p3,6,7,6.200544890197641
DIESEL_bp50_246_hla-b,PLS,materialized,2,sg_smooth_w21_p3,7,8,5.318684206504644
DIESEL_bp50_246_hla-b,PLS,materialized,2,sg_smooth_w21_p3,8,9,4.516781464903346
DIESEL_bp50_246_hla-b,PLS,materialized,2,sg_smooth_w21_p3,9,10,4.285146700817153
DIESEL_bp50_246_hla-b,PLS,materialized,2,sg_smooth_w21_p3,10,11,3.9087431468016343
DIESEL_bp50_246_hla-b,PLS,materialized,2,sg_smooth_w21_p3,11,12,3.946653879162311
DIESEL_bp50_246_hla-b,PLS,materialized,2,sg_smooth_w21_p3,12,13,3.8146284336268144
DIESEL_bp50_246_hla-b,PLS,materialized,2,sg_smooth_w21_p3,13,14,3.7959897821969135
DIESEL_bp50_246_hla-b,PLS,materialized,2,sg_smooth_w21_p3,14,15,3.6600856309006806
DIESEL_bp50_246_hla-b,PLS,materialized,3,sg_d1_w11_p2,0,1,15.746874316599223
DIESEL_bp50_246_hla-b,PLS,materialized,3,sg_d1_w11_p2,1,2,13.304907926765532
DIESEL_bp50_246_hla-b,PLS,materialized,3,sg_d1_w11_p2,2,3,10.16647302950939
DIESEL_bp50_246_hla-b,PLS,materialized,3,sg_d1_w11_p2,3,4,8.828681878587961
DIESEL_bp50_246_hla-b,PLS,materialized,3,sg_d1_w11_p2,4,5,7.60411307658997
DIESEL_bp50_246_hla-b,PLS,materialized,3,sg_d1_w11_p2,5,6,6.562022713885393
DIESEL_bp50_246_hla-b,PLS,materialized,3,sg_d1_w11_p2,6,7,5.773431427488513
DIESEL_bp50_246_hla-b,PLS,materialized,3,sg_d1_w11_p2,7,8,5.103506072851114
DIESEL_bp50_246_hla-b,PLS,materialized,3,sg_d1_w11_p2,8,9,4.69678559705027
DIESEL_bp50_246_hla-b,PLS,materialized,3,sg_d1_w11_p2,9,10,4.340674077462625
DIESEL_bp50_246_hla-b,PLS,materialized,3,sg_d1_w11_p2,10,11,3.9306072339393126
DIESEL_bp50_246_hla-b,PLS,materialized,3,sg_d1_w11_p2,11,12,3.8280839400652527
DIESEL_bp50_246_hla-b,PLS,materialized,3,sg_d1_w11_p2,12,13,3.6555886486463223
DIESEL_bp50_246_hla-b,PLS,materialized,3,sg_d1_w11_p2,13,14,3.6406642114504377
DIESEL_bp50_246_hla-b,PLS,materialized,3,sg_d1_w11_p2,14,15,3.6960890915287914
DIESEL_bp50_246_hla-b,PLS,materialized,4,sg_d1_w21_p3,0,1,15.7625332144109
DIESEL_bp50_246_hla-b,PLS,materialized,4,sg_d1_w21_p3,1,2,13.552137054019369
DIESEL_bp50_246_hla-b,PLS,materialized,4,sg_d1_w21_p3,2,3,10.498979446143597
DIESEL_bp50_246_hla-b,PLS,materialized,4,sg_d1_w21_p3,3,4,8.908408668477437
DIESEL_bp50_246_hla-b,PLS,materialized,4,sg_d1_w21_p3,4,5,7.5716856884591675
DIESEL_bp50_246_hla-b,PLS,materialized,4,sg_d1_w21_p3,5,6,6.639239176714867
DIESEL_bp50_246_hla-b,PLS,materialized,4,sg_d1_w21_p3,6,7,5.914020496385976
DIESEL_bp50_246_hla-b,PLS,materialized,4,sg_d1_w21_p3,7,8,5.181303211693324
DIESEL_bp50_246_hla-b,PLS,materialized,4,sg_d1_w21_p3,8,9,4.718792128816702
DIESEL_bp50_246_hla-b,PLS,materialized,4,sg_d1_w21_p3,9,10,4.3602474868229635
DIESEL_bp50_246_hla-b,PLS,materialized,4,sg_d1_w21_p3,10,11,3.942698417414937
DIESEL_bp50_246_hla-b,PLS,materialized,4,sg_d1_w21_p3,11,12,3.8038911268862288
DIESEL_bp50_246_hla-b,PLS,materialized,4,sg_d1_w21_p3,12,13,3.7027350586671544
DIESEL_bp50_246_hla-b,PLS,materialized,4,sg_d1_w21_p3,13,14,3.667437311568615
DIESEL_bp50_246_hla-b,PLS,materialized,4,sg_d1_w21_p3,14,15,3.6797711658292442
DIESEL_bp50_246_hla-b,PLS,materialized,5,sg_d2_w11_p2,0,1,15.671229657784243
DIESEL_bp50_246_hla-b,PLS,materialized,5,sg_d2_w11_p2,1,2,11.827878363766406
DIESEL_bp50_246_hla-b,PLS,materialized,5,sg_d2_w11_p2,2,3,10.110387102642044
DIESEL_bp50_246_hla-b,PLS,materialized,5,sg_d2_w11_p2,3,4,8.639649726017808
DIESEL_bp50_246_hla-b,PLS,materialized,5,sg_d2_w11_p2,4,5,7.443784243953372
DIESEL_bp50_246_hla-b,PLS,materialized,5,sg_d2_w11_p2,5,6,5.826571485495511
DIESEL_bp50_246_hla-b,PLS,materialized,5,sg_d2_w11_p2,6,7,5.294070314052
DIESEL_bp50_246_hla-b,PLS,materialized,5,sg_d2_w11_p2,7,8,4.649578637544386
DIESEL_bp50_246_hla-b,PLS,materialized,5,sg_d2_w11_p2,8,9,4.596672068214784
DIESEL_bp50_246_hla-b,PLS,materialized,5,sg_d2_w11_p2,9,10,4.579759047379971
DIESEL_bp50_246_hla-b,PLS,materialized,5,sg_d2_w11_p2,10,11,4.472783746529774
DIESEL_bp50_246_hla-b,PLS,materialized,5,sg_d2_w11_p2,11,12,4.433874681181656
DIESEL_bp50_246_hla-b,PLS,materialized,5,sg_d2_w11_p2,12,13,4.238862047146689
DIESEL_bp50_246_hla-b,PLS,materialized,5,sg_d2_w11_p2,13,14,4.248965901994374
DIESEL_bp50_246_hla-b,PLS,materialized,5,sg_d2_w11_p2,14,15,4.323208350018563
DIESEL_bp50_246_hla-b,PLS,materialized,6,detrend_d1,0,1,15.79531263551977
DIESEL_bp50_246_hla-b,PLS,materialized,6,detrend_d1,1,2,12.481517163872535
DIESEL_bp50_246_hla-b,PLS,materialized,6,detrend_d1,2,3,10.242799948995517
DIESEL_bp50_246_hla-b,PLS,materialized,6,detrend_d1,3,4,9.675533752719879
DIESEL_bp50_246_hla-b,PLS,materialized,6,detrend_d1,4,5,7.879275382715585
DIESEL_bp50_246_hla-b,PLS,materialized,6,detrend_d1,5,6,7.129416844430201
DIESEL_bp50_246_hla-b,PLS,materialized,6,detrend_d1,6,7,5.820195210953183
DIESEL_bp50_246_hla-b,PLS,materialized,6,detrend_d1,7,8,4.949373875672357
DIESEL_bp50_246_hla-b,PLS,materialized,6,detrend_d1,8,9,4.356081889213963
DIESEL_bp50_246_hla-b,PLS,materialized,6,detrend_d1,9,10,3.993593940494937
DIESEL_bp50_246_hla-b,PLS,materialized,6,detrend_d1,10,11,3.934751601601458
DIESEL_bp50_246_hla-b,PLS,materialized,6,detrend_d1,11,12,3.617181783581813
DIESEL_bp50_246_hla-b,PLS,materialized,6,detrend_d1,12,13,3.6291973712619017
DIESEL_bp50_246_hla-b,PLS,materialized,6,detrend_d1,13,14,3.772986256305925
DIESEL_bp50_246_hla-b,PLS,materialized,6,detrend_d1,14,15,3.79754731144608
DIESEL_bp50_246_hla-b,PLS,materialized,7,detrend_d2,0,1,15.791917899454225
DIESEL_bp50_246_hla-b,PLS,materialized,7,detrend_d2,1,2,12.462039338858517
DIESEL_bp50_246_hla-b,PLS,materialized,7,detrend_d2,2,3,10.055313697552965
DIESEL_bp50_246_hla-b,PLS,materialized,7,detrend_d2,3,4,9.442144651362746
DIESEL_bp50_246_hla-b,PLS,materialized,7,detrend_d2,4,5,7.843763986531471
DIESEL_bp50_246_hla-b,PLS,materialized,7,detrend_d2,5,6,7.109216809998074
DIESEL_bp50_246_hla-b,PLS,materialized,7,detrend_d2,6,7,5.816131002275017
DIESEL_bp50_246_hla-b,PLS,materialized,7,detrend_d2,7,8,4.9515482132199615
DIESEL_bp50_246_hla-b,PLS,materialized,7,detrend_d2,8,9,4.350475866909362
DIESEL_bp50_246_hla-b,PLS,materialized,7,detrend_d2,9,10,3.968292242550811
DIESEL_bp50_246_hla-b,PLS,materialized,7,detrend_d2,10,11,3.921468881228649
DIESEL_bp50_246_hla-b,PLS,materialized,7,detrend_d2,11,12,3.613116978700101
DIESEL_bp50_246_hla-b,PLS,materialized,7,detrend_d2,12,13,3.6216135800626765
DIESEL_bp50_246_hla-b,PLS,materialized,7,detrend_d2,13,14,3.8014191822531425
DIESEL_bp50_246_hla-b,PLS,materialized,7,detrend_d2,14,15,3.798085260126947
DIESEL_bp50_246_hla-b,PLS,materialized,8,fd_d1,0,1,15.776838446992798
DIESEL_bp50_246_hla-b,PLS,materialized,8,fd_d1,1,2,12.223755038613694
DIESEL_bp50_246_hla-b,PLS,materialized,8,fd_d1,2,3,10.386947046833283
DIESEL_bp50_246_hla-b,PLS,materialized,8,fd_d1,3,4,8.43723717815883
DIESEL_bp50_246_hla-b,PLS,materialized,8,fd_d1,4,5,7.601075772957094
DIESEL_bp50_246_hla-b,PLS,materialized,8,fd_d1,5,6,5.9889630969016014
DIESEL_bp50_246_hla-b,PLS,materialized,8,fd_d1,6,7,5.21932623398746
DIESEL_bp50_246_hla-b,PLS,materialized,8,fd_d1,7,8,4.687241814163129
DIESEL_bp50_246_hla-b,PLS,materialized,8,fd_d1,8,9,4.412683319038544
DIESEL_bp50_246_hla-b,PLS,materialized,8,fd_d1,9,10,4.23728856379425
DIESEL_bp50_246_hla-b,PLS,materialized,8,fd_d1,10,11,4.086533256780595
DIESEL_bp50_246_hla-b,PLS,materialized,8,fd_d1,11,12,3.796803157789847
DIESEL_bp50_246_hla-b,PLS,materialized,8,fd_d1,12,13,3.712823688676766
DIESEL_bp50_246_hla-b,PLS,materialized,8,fd_d1,13,14,3.746409736156431
DIESEL_bp50_246_hla-b,PLS,materialized,8,fd_d1,14,15,3.8540977537410805
DIESEL_bp50_246_hla-b,Ridge,folded,0,identity,0,7.048545573525775e-10,4.4821244871442385
DIESEL_bp50_246_hla-b,Ridge,folded,0,identity,1,1.238789373524477e-09,4.12770860584227
DIESEL_bp50_246_hla-b,Ridge,folded,0,identity,2,2.1771854859264767e-09,3.8309371299017956
DIESEL_bp50_246_hla-b,Ridge,folded,0,identity,3,3.826426623795428e-09,3.6049330639152766
DIESEL_bp50_246_hla-b,Ridge,folded,0,identity,4,6.724985446547718e-09,3.451203026056187
DIESEL_bp50_246_hla-b,Ridge,folded,0,identity,5,1.181923337430147e-08,3.366785777614105
DIESEL_bp50_246_hla-b,Ridge,folded,0,identity,6,2.077242823297316e-08,3.3417655954124355
DIESEL_bp50_246_hla-b,Ridge,folded,0,identity,7,3.650776332348399e-08,3.3564641501555563
DIESEL_bp50_246_hla-b,Ridge,folded,0,identity,8,6.416278193070726e-08,3.390242671270795
DIESEL_bp50_246_hla-b,Ridge,folded,0,identity,9,1.1276677096345889e-07,3.430917834554324
DIESEL_bp50_246_hla-b,Ridge,folded,0,identity,10,1.9818879809884598e-07,3.4741306882332106
DIESEL_bp50_246_hla-b,Ridge,folded,0,identity,11,3.483189183859228e-07,3.520376235920339
DIESEL_bp50_246_hla-b,Ridge,folded,0,identity,12,6.121741999011882e-07,3.580626015487963
DIESEL_bp50_246_hla-b,Ridge,folded,0,identity,13,1.0759026605883201e-06,3.688832877464378
DIESEL_bp50_246_hla-b,Ridge,folded,0,identity,14,1.890910357293511e-06,3.9033291653582607
DIESEL_bp50_246_hla-b,Ridge,folded,0,identity,15,3.3232950435913183e-06,4.276943136102963
DIESEL_bp50_246_hla-b,Ridge,folded,0,identity,16,5.8407263486390085e-06,4.813970800180856
DIESEL_bp50_246_hla-b,Ridge,folded,0,identity,17,1.0265138614602399e-05,5.458894663049503
DIESEL_bp50_246_hla-b,Ridge,folded,0,identity,18,1.8041090180770887e-05,6.126661010810553
DIESEL_bp50_246_hla-b,Ridge,folded,0,identity,19,3.170740767666831e-05,6.7530210096374415
DIESEL_bp50_246_hla-b,Ridge,folded,0,identity,20,5.572610587834698e-05,7.33250214481477
DIESEL_bp50_246_hla-b,Ridge,folded,0,identity,21,9.793922316297776e-05,7.92220461955427
DIESEL_bp50_246_hla-b,Ridge,folded,0,identity,22,0.00017212922529895807,8.603117596199782
DIESEL_bp50_246_hla-b,Ridge,folded,0,identity,23,0.00030251894231094324,9.414725794942848
DIESEL_bp50_246_hla-b,Ridge,folded,0,identity,24,0.0005316802553313157,10.33439124932222
DIESEL_bp50_246_hla-b,Ridge,folded,0,identity,25,0.0009344336977702967,11.311737494605012
DIESEL_bp50_246_hla-b,Ridge,folded,0,identity,26,0.0016422771520536491,12.287296206439159
DIESEL_bp50_246_hla-b,Ridge,folded,0,identity,27,0.0028863195436905583,13.199715487471114
DIESEL_bp50_246_hla-b,Ridge,folded,0,identity,28,0.0050727372647621834,13.998349468872325
DIESEL_bp50_246_hla-b,Ridge,folded,0,identity,29,0.00891538963991638,14.64860567090913
DIESEL_bp50_246_hla-b,Ridge,folded,0,identity,30,0.015668892016873385,15.141300359896025
DIESEL_bp50_246_hla-b,Ridge,folded,0,identity,31,0.02753824419935736,15.500970859899232
DIESEL_bp50_246_hla-b,Ridge,folded,0,identity,32,0.04839875677021643,15.773525941710906
DIESEL_bp50_246_hla-b,Ridge,folded,0,identity,33,0.08506132925341806,15.998623295901163
DIESEL_bp50_246_hla-b,Ridge,folded,0,identity,34,0.14949618992715435,16.191054069962803
DIESEL_bp50_246_hla-b,Ridge,folded,0,identity,35,0.26274114217228334,16.34700626617761
DIESEL_bp50_246_hla-b,Ridge,folded,0,identity,36,0.4617703489542707,16.46212803330764
DIESEL_bp50_246_hla-b,Ridge,folded,0,identity,37,0.8115662945300378,16.539981518506774
DIESEL_bp50_246_hla-b,Ridge,folded,0,identity,38,1.4263363854105728,16.58931238618977
DIESEL_bp50_246_hla-b,Ridge,folded,0,identity,39,2.5068013519760575,16.619253065301283
DIESEL_bp50_246_hla-b,Ridge,folded,0,identity,40,4.4057300104982895,16.63694663212639
DIESEL_bp50_246_hla-b,Ridge,folded,0,identity,41,7.743117303692347,16.647237327703902
DIESEL_bp50_246_hla-b,Ridge,folded,0,identity,42,13.608610930736267,16.653166890511947
DIESEL_bp50_246_hla-b,Ridge,folded,0,identity,43,23.917278300284114,16.656565164888086
DIESEL_bp50_246_hla-b,Ridge,folded,0,identity,44,42.03487073035823,16.658506718556655
DIESEL_bp50_246_hla-b,Ridge,folded,0,identity,45,73.87673192300218,16.659614033647635
DIESEL_bp50_246_hla-b,Ridge,folded,0,identity,46,129.83914128422586,16.660244924337437
DIESEL_bp50_246_hla-b,Ridge,folded,0,identity,47,228.19367032904907,16.660604166135016
DIESEL_bp50_246_hla-b,Ridge,folded,0,identity,48,401.05280012791485,16.660808658515904
DIESEL_bp50_246_hla-b,Ridge,folded,0,identity,49,704.8545573525774,16.660925040643818
DIESEL_bp50_246_hla-b,Ridge,folded,1,sg_smooth_w11_p2,0,7.048545573525775e-10,5.05714683381663
DIESEL_bp50_246_hla-b,Ridge,folded,1,sg_smooth_w11_p2,1,1.238789373524477e-09,4.432421518901876
DIESEL_bp50_246_hla-b,Ridge,folded,1,sg_smooth_w11_p2,2,2.1771854859264767e-09,3.9267793609502717
DIESEL_bp50_246_hla-b,Ridge,folded,1,sg_smooth_w11_p2,3,3.826426623795428e-09,3.56481660223821
DIESEL_bp50_246_hla-b,Ridge,folded,1,sg_smooth_w11_p2,4,6.724985446547718e-09,3.3556458121363284
DIESEL_bp50_246_hla-b,Ridge,folded,1,sg_smooth_w11_p2,5,1.181923337430147e-08,3.2767682073070317
DIESEL_bp50_246_hla-b,Ridge,folded,1,sg_smooth_w11_p2,6,2.077242823297316e-08,3.2815431169800235
DIESEL_bp50_246_hla-b,Ridge,folded,1,sg_smooth_w11_p2,7,3.650776332348399e-08,3.324191478858789
DIESEL_bp50_246_hla-b,Ridge,folded,1,sg_smooth_w11_p2,8,6.416278193070726e-08,3.3750805237517993
DIESEL_bp50_246_hla-b,Ridge,folded,1,sg_smooth_w11_p2,9,1.1276677096345889e-07,3.4218936571641456
DIESEL_bp50_246_hla-b,Ridge,folded,1,sg_smooth_w11_p2,10,1.9818879809884598e-07,3.4644090988739578
DIESEL_bp50_246_hla-b,Ridge,folded,1,sg_smooth_w11_p2,11,3.483189183859228e-07,3.5108481993719196
DIESEL_bp50_246_hla-b,Ridge,folded,1,sg_smooth_w11_p2,12,6.121741999011882e-07,3.581729000790605
DIESEL_bp50_246_hla-b,Ridge,folded,1,sg_smooth_w11_p2,13,1.0759026605883201e-06,3.7180935370518746
DIESEL_bp50_246_hla-b,Ridge,folded,1,sg_smooth_w11_p2,14,1.890910357293511e-06,3.9754339969016534
DIESEL_bp50_246_hla-b,Ridge,folded,1,sg_smooth_w11_p2,15,3.3232950435913183e-06,4.392139548217392
DIESEL_bp50_246_hla-b,Ridge,folded,1,sg_smooth_w11_p2,16,5.8407263486390085e-06,4.958911048035314
DIESEL_bp50_246_hla-b,Ridge,folded,1,sg_smooth_w11_p2,17,1.0265138614602399e-05,5.61642954321818
DIESEL_bp50_246_hla-b,Ridge,folded,1,sg_smooth_w11_p2,18,1.8041090180770887e-05,6.283683633657138
DIESEL_bp50_246_hla-b,Ridge,folded,1,sg_smooth_w11_p2,19,3.170740767666831e-05,6.904510142621602
DIESEL_bp50_246_hla-b,Ridge,folded,1,sg_smooth_w11_p2,20,5.572610587834698e-05,7.480571556539476
DIESEL_bp50_246_hla-b,Ridge,folded,1,sg_smooth_w11_p2,21,9.793922316297776e-05,8.068720702791449
DIESEL_bp50_246_hla-b,Ridge,folded,1,sg_smooth_w11_p2,22,0.00017212922529895807,8.74280135521039
DIESEL_bp50_246_hla-b,Ridge,folded,1,sg_smooth_w11_p2,23,0.00030251894231094324,9.54243665871962
DIESEL_bp50_246_hla-b,Ridge,folded,1,sg_smooth_w11_p2,24,0.0005316802553313157,10.45762667340316
DIESEL_bp50_246_hla-b,Ridge,folded,1,sg_smooth_w11_p2,25,0.0009344336977702967,11.440462515598693
DIESEL_bp50_246_hla-b,Ridge,folded,1,sg_smooth_w11_p2,26,0.0016422771520536491,12.416405661567634
DIESEL_bp50_246_hla-b,Ridge,folded,1,sg_smooth_w11_p2,27,0.0028863195436905583,13.314106038112786
DIESEL_bp50_246_hla-b,Ridge,folded,1,sg_smooth_w11_p2,28,0.0050727372647621834,14.086978338411456
DIESEL_bp50_246_hla-b,Ridge,folded,1,sg_smooth_w11_p2,29,0.00891538963991638,14.709248309985231
DIESEL_bp50_246_hla-b,Ridge,folded,1,sg_smooth_w11_p2,30,0.015668892016873385,15.17855563859855
DIESEL_bp50_246_hla-b,Ridge,folded,1,sg_smooth_w11_p2,31,0.02753824419935736,15.52278095566893
DIESEL_bp50_246_hla-b,Ridge,folded,1,sg_smooth_w11_p2,32,0.04839875677021643,15.787680302280483
DIESEL_bp50_246_hla-b,Ridge,folded,1,sg_smooth_w11_p2,33,0.08506132925341806,16.00998477307193
DIESEL_bp50_246_hla-b,Ridge,folded,1,sg_smooth_w11_p2,34,0.14949618992715435,16.200977183980307
DIESEL_bp50_246_hla-b,Ridge,folded,1,sg_smooth_w11_p2,35,0.26274114217228334,16.355083610790143
DIESEL_bp50_246_hla-b,Ridge,folded,1,sg_smooth_w11_p2,36,0.4617703489542707,16.46801789514289
DIESEL_bp50_246_hla-b,Ridge,folded,1,sg_smooth_w11_p2,37,0.8115662945300378,16.543902496356317
DIESEL_bp50_246_hla-b,Ridge,folded,1,sg_smooth_w11_p2,38,1.4263363854105728,16.591765223587952
DIESEL_bp50_246_hla-b,Ridge,folded,1,sg_smooth_w11_p2,39,2.5068013519760575,16.62072876144133
DIESEL_bp50_246_hla-b,Ridge,folded,1,sg_smooth_w11_p2,40,4.4057300104982895,16.637813890412005
DIESEL_bp50_246_hla-b,Ridge,folded,1,sg_smooth_w11_p2,41,7.743117303692347,16.647740053897884
DIESEL_bp50_246_hla-b,Ridge,folded,1,sg_smooth_w11_p2,42,13.608610930736267,16.653455998412454
DIESEL_bp50_246_hla-b,Ridge,folded,1,sg_smooth_w11_p2,43,23.917278300284114,16.656730667025137
DIESEL_bp50_246_hla-b,Ridge,folded,1,sg_smooth_w11_p2,44,42.03487073035823,16.658601214178066
DIESEL_bp50_246_hla-b,Ridge,folded,1,sg_smooth_w11_p2,45,73.87673192300218,16.659667906703977
DIESEL_bp50_246_hla-b,Ridge,folded,1,sg_smooth_w11_p2,46,129.83914128422586,16.660275611879023
DIESEL_bp50_246_hla-b,Ridge,folded,1,sg_smooth_w11_p2,47,228.19367032904907,16.66062163811639
DIESEL_bp50_246_hla-b,Ridge,folded,1,sg_smooth_w11_p2,48,401.05280012791485,16.660818603461717
DIESEL_bp50_246_hla-b,Ridge,folded,1,sg_smooth_w11_p2,49,704.8545573525774,16.660930700357994
DIESEL_bp50_246_hla-b,Ridge,folded,2,sg_smooth_w21_p3,0,7.048545573525775e-10,3.616014060374733
DIESEL_bp50_246_hla-b,Ridge,folded,2,sg_smooth_w21_p3,1,1.238789373524477e-09,3.386337105813604
DIESEL_bp50_246_hla-b,Ridge,folded,2,sg_smooth_w21_p3,2,2.1771854859264767e-09,3.2407414080458636
DIESEL_bp50_246_hla-b,Ridge,folded,2,sg_smooth_w21_p3,3,3.826426623795428e-09,3.177377943138256
DIESEL_bp50_246_hla-b,Ridge,folded,2,sg_smooth_w21_p3,4,6.724985446547718e-09,3.1778804129485287
DIESEL_bp50_246_hla-b,Ridge,folded,2,sg_smooth_w21_p3,5,1.181923337430147e-08,3.2204353980059652
DIESEL_bp50_246_hla-b,Ridge,folded,2,sg_smooth_w21_p3,6,2.077242823297316e-08,3.2862866970132516
DIESEL_bp50_246_hla-b,Ridge,folded,2,sg_smooth_w21_p3,7,3.650776332348399e-08,3.360144603850601
DIESEL_bp50_246_hla-b,Ridge,folded,2,sg_smooth_w21_p3,8,6.416278193070726e-08,3.433606626102782
DIESEL_bp50_246_hla-b,Ridge,folded,2,sg_smooth_w21_p3,9,1.1276677096345889e-07,3.5083364835134754
DIESEL_bp50_246_hla-b,Ridge,folded,2,sg_smooth_w21_p3,10,1.9818879809884598e-07,3.594621895320884
DIESEL_bp50_246_hla-b,Ridge,folded,2,sg_smooth_w21_p3,11,3.483189183859228e-07,3.7098296153955737
DIESEL_bp50_246_hla-b,Ridge,folded,2,sg_smooth_w21_p3,12,6.121741999011882e-07,3.8799506039826333
DIESEL_bp50_246_hla-b,Ridge,folded,2,sg_smooth_w21_p3,13,1.0759026605883201e-06,4.139345406715831
DIESEL_bp50_246_hla-b,Ridge,folded,2,sg_smooth_w21_p3,14,1.890910357293511e-06,4.521408701006127
DIESEL_bp50_246_hla-b,Ridge,folded,2,sg_smooth_w21_p3,15,3.3232950435913183e-06,5.038635041137484
DIESEL_bp50_246_hla-b,Ridge,folded,2,sg_smooth_w21_p3,16,5.8407263486390085e-06,5.663806758092258
DIESEL_bp50_246_hla-b,Ridge,folded,2,sg_smooth_w21_p3,17,1.0265138614602399e-05,6.335740568066218
DIESEL_bp50_246_hla-b,Ridge,folded,2,sg_smooth_w21_p3,18,1.8041090180770887e-05,6.991820804789393
DIESEL_bp50_246_hla-b,Ridge,folded,2,sg_smooth_w21_p3,19,3.170740767666831e-05,7.596710382321971
DIESEL_bp50_246_hla-b,Ridge,folded,2,sg_smooth_w21_p3,20,5.572610587834698e-05,8.152642714784024
DIESEL_bp50_246_hla-b,Ridge,folded,2,sg_smooth_w21_p3,21,9.793922316297776e-05,8.700751553519327
DIESEL_bp50_246_hla-b,Ridge,folded,2,sg_smooth_w21_p3,22,0.00017212922529895807,9.308477295267666
DIESEL_bp50_246_hla-b,Ridge,folded,2,sg_smooth_w21_p3,23,0.00030251894231094324,10.038419396343091
DIESEL_bp50_246_hla-b,Ridge,folded,2,sg_smooth_w21_p3,24,0.0005316802553313157,10.904370065737915
DIESEL_bp50_246_hla-b,Ridge,folded,2,sg_smooth_w21_p3,25,0.0009344336977702967,11.845276151931916
DIESEL_bp50_246_hla-b,Ridge,folded,2,sg_smooth_w21_p3,26,0.0016422771520536491,12.768253884188967
DIESEL_bp50_246_hla-b,Ridge,folded,2,sg_smooth_w21_p3,27,0.0028863195436905583,13.606190391127992
DIESEL_bp50_246_hla-b,Ridge,folded,2,sg_smooth_w21_p3,28,0.0050727372647621834,14.318939059626334
DIESEL_bp50_246_hla-b,Ridge,folded,2,sg_smooth_w21_p3,29,0.00891538963991638,14.882657636747036
DIESEL_bp50_246_hla-b,Ridge,folded,2,sg_smooth_w21_p3,30,0.015668892016873385,15.301656962699841
DIESEL_bp50_246_hla-b,Ridge,folded,2,sg_smooth_w21_p3,31,0.02753824419935736,15.611765112676755
DIESEL_bp50_246_hla-b,Ridge,folded,2,sg_smooth_w21_p3,32,0.04839875677021643,15.858955133063187
DIESEL_bp50_246_hla-b,Ridge,folded,2,sg_smooth_w21_p3,33,0.08506132925341806,16.07167967325675
DIESEL_bp50_246_hla-b,Ridge,folded,2,sg_smooth_w21_p3,34,0.14949618992715435,16.252746660423988
DIESEL_bp50_246_hla-b,Ridge,folded,2,sg_smooth_w21_p3,35,0.26274114217228334,16.39459085092986
DIESEL_bp50_246_hla-b,Ridge,folded,2,sg_smooth_w21_p3,36,0.4617703489542707,16.49538445790399
DIESEL_bp50_246_hla-b,Ridge,folded,2,sg_smooth_w21_p3,37,0.8115662945300378,16.561512185895843
DIESEL_bp50_246_hla-b,Ridge,folded,2,sg_smooth_w21_p3,38,1.4263363854105728,16.602553546563218
DIESEL_bp50_246_hla-b,Ridge,folded,2,sg_smooth_w21_p3,39,2.5068013519760575,16.627139380761854
DIESEL_bp50_246_hla-b,Ridge,folded,2,sg_smooth_w21_p3,40,4.4057300104982895,16.641554284670796
DIESEL_bp50_246_hla-b,Ridge,folded,2,sg_smooth_w21_p3,41,7.743117303692347,16.64989925863432
DIESEL_bp50_246_hla-b,Ridge,folded,2,sg_smooth_w21_p3,42,13.608610930736267,16.654694757210326
DIESEL_bp50_246_hla-b,Ridge,folded,2,sg_smooth_w21_p3,43,23.917278300284114,16.657438839013334
DIESEL_bp50_246_hla-b,Ridge,folded,2,sg_smooth_w21_p3,44,42.03487073035823,16.65900524024314
DIESEL_bp50_246_hla-b,Ridge,folded,2,sg_smooth_w21_p3,45,73.87673192300218,16.6598981447318
DIESEL_bp50_246_hla-b,Ridge,folded,2,sg_smooth_w21_p3,46,129.83914128422586,16.660406728595458
DIESEL_bp50_246_hla-b,Ridge,folded,2,sg_smooth_w21_p3,47,228.19367032904907,16.66069627883429
DIESEL_bp50_246_hla-b,Ridge,folded,2,sg_smooth_w21_p3,48,401.05280012791485,16.660861085036224
DIESEL_bp50_246_hla-b,Ridge,folded,2,sg_smooth_w21_p3,49,704.8545573525774,16.660954875692944
DIESEL_bp50_246_hla-b,Ridge,folded,3,sg_d1_w11_p2,0,7.048545573525775e-10,3.302598073136159
DIESEL_bp50_246_hla-b,Ridge,folded,3,sg_d1_w11_p2,1,1.238789373524477e-09,3.3349803121697965
DIESEL_bp50_246_hla-b,Ridge,folded,3,sg_d1_w11_p2,2,2.1771854859264767e-09,3.369295265032867
DIESEL_bp50_246_hla-b,Ridge,folded,3,sg_d1_w11_p2,3,3.826426623795428e-09,3.407254600264552
DIESEL_bp50_246_hla-b,Ridge,folded,3,sg_d1_w11_p2,4,6.724985446547718e-09,3.4544197717012928
DIESEL_bp50_246_hla-b,Ridge,folded,3,sg_d1_w11_p2,5,1.181923337430147e-08,3.5208126556325894
DIESEL_bp50_246_hla-b,Ridge,folded,3,sg_d1_w11_p2,6,2.077242823297316e-08,3.62586250180246
DIESEL_bp50_246_hla-b,Ridge,folded,3,sg_d1_w11_p2,7,3.650776332348399e-08,3.8041568134535746
DIESEL_bp50_246_hla-b,Ridge,folded,3,sg_d1_w11_p2,8,6.416278193070726e-08,4.097415239635997
DIESEL_bp50_246_hla-b,Ridge,folded,3,sg_d1_w11_p2,9,1.1276677096345889e-07,4.523246874348178
DIESEL_bp50_246_hla-b,Ridge,folded,3,sg_d1_w11_p2,10,1.9818879809884598e-07,5.054614760026543
DIESEL_bp50_246_hla-b,Ridge,folded,3,sg_d1_w11_p2,11,3.483189183859228e-07,5.642181662947925
DIESEL_bp50_246_hla-b,Ridge,folded,3,sg_d1_w11_p2,12,6.121741999011882e-07,6.2481565295511095
DIESEL_bp50_246_hla-b,Ridge,folded,3,sg_d1_w11_p2,13,1.0759026605883201e-06,6.859271764623384
DIESEL_bp50_246_hla-b,Ridge,folded,3,sg_d1_w11_p2,14,1.890910357293511e-06,7.488983249548204
DIESEL_bp50_246_hla-b,Ridge,folded,3,sg_d1_w11_p2,15,3.3232950435913183e-06,8.180812308532072
DIESEL_bp50_246_hla-b,Ridge,folded,3,sg_d1_w11_p2,16,5.8407263486390085e-06,8.989884035621055
DIESEL_bp50_246_hla-b,Ridge,folded,3,sg_d1_w11_p2,17,1.0265138614602399e-05,9.934369199852316
DIESEL_bp50_246_hla-b,Ridge,folded,3,sg_d1_w11_p2,18,1.8041090180770887e-05,10.969915028323399
DIESEL_bp50_246_hla-b,Ridge,folded,3,sg_d1_w11_p2,19,3.170740767666831e-05,12.004254347160535
DIESEL_bp50_246_hla-b,Ridge,folded,3,sg_d1_w11_p2,20,5.572610587834698e-05,12.942264029112916
DIESEL_bp50_246_hla-b,Ridge,folded,3,sg_d1_w11_p2,21,9.793922316297776e-05,13.736618568410055
DIESEL_bp50_246_hla-b,Ridge,folded,3,sg_d1_w11_p2,22,0.00017212922529895807,14.387454603493092
DIESEL_bp50_246_hla-b,Ridge,folded,3,sg_d1_w11_p2,23,0.00030251894231094324,14.906990854602498
DIESEL_bp50_246_hla-b,Ridge,folded,3,sg_d1_w11_p2,24,0.0005316802553313157,15.30925335113788
DIESEL_bp50_246_hla-b,Ridge,folded,3,sg_d1_w11_p2,25,0.0009344336977702967,15.62093203993596
DIESEL_bp50_246_hla-b,Ridge,folded,3,sg_d1_w11_p2,26,0.0016422771520536491,15.875577804504605
DIESEL_bp50_246_hla-b,Ridge,folded,3,sg_d1_w11_p2,27,0.0028863195436905583,16.09308444418844
DIESEL_bp50_246_hla-b,Ridge,folded,3,sg_d1_w11_p2,28,0.0050727372647621834,16.273546247913334
DIESEL_bp50_246_hla-b,Ridge,folded,3,sg_d1_w11_p2,29,0.00891538963991638,16.411194278286292
DIESEL_bp50_246_hla-b,Ridge,folded,3,sg_d1_w11_p2,30,0.015668892016873385,16.507006402069226
DIESEL_bp50_246_hla-b,Ridge,folded,3,sg_d1_w11_p2,31,0.02753824419935736,16.568994092773167
DIESEL_bp50_246_hla-b,Ridge,folded,3,sg_d1_w11_p2,32,0.04839875677021643,16.60712975743177
DIESEL_bp50_246_hla-b,Ridge,folded,3,sg_d1_w11_p2,33,0.08506132925341806,16.629854390691783
DIESEL_bp50_246_hla-b,Ridge,folded,3,sg_d1_w11_p2,34,0.14949618992715435,16.643136660064354
DIESEL_bp50_246_hla-b,Ridge,folded,3,sg_d1_w11_p2,35,0.26274114217228334,16.65081207421639
DIESEL_bp50_246_hla-b,Ridge,folded,3,sg_d1_w11_p2,36,0.4617703489542707,16.655218229573812
DIESEL_bp50_246_hla-b,Ridge,folded,3,sg_d1_w11_p2,37,0.8115662945300378,16.65773802335938
DIESEL_bp50_246_hla-b,Ridge,folded,3,sg_d1_w11_p2,38,1.4263363854105728,16.659175906494692
DIESEL_bp50_246_hla-b,Ridge,folded,3,sg_d1_w11_p2,39,2.5068013519760575,16.659995392532817
DIESEL_bp50_246_hla-b,Ridge,folded,3,sg_d1_w11_p2,40,4.4057300104982895,16.660462107003998
DIESEL_bp50_246_hla-b,Ridge,folded,3,sg_d1_w11_p2,41,7.743117303692347,16.660727803218563
DIESEL_bp50_246_hla-b,Ridge,folded,3,sg_d1_w11_p2,42,13.608610930736267,16.660879026786073
DIESEL_bp50_246_hla-b,Ridge,folded,3,sg_d1_w11_p2,43,23.917278300284114,16.66096508586184
DIESEL_bp50_246_hla-b,Ridge,folded,3,sg_d1_w11_p2,44,42.03487073035823,16.661014057145216
DIESEL_bp50_246_hla-b,Ridge,folded,3,sg_d1_w11_p2,45,73.87673192300218,16.661041922710748
DIESEL_bp50_246_hla-b,Ridge,folded,3,sg_d1_w11_p2,46,129.83914128422586,16.661057778349736
DIESEL_bp50_246_hla-b,Ridge,folded,3,sg_d1_w11_p2,47,228.19367032904907,16.661066800159567
DIESEL_bp50_246_hla-b,Ridge,folded,3,sg_d1_w11_p2,48,401.05280012791485,16.661071933501482
DIESEL_bp50_246_hla-b,Ridge,folded,3,sg_d1_w11_p2,49,704.8545573525774,16.661074854321416
DIESEL_bp50_246_hla-b,Ridge,folded,4,sg_d1_w21_p3,0,7.048545573525775e-10,3.2978484369011176
DIESEL_bp50_246_hla-b,Ridge,folded,4,sg_d1_w21_p3,1,1.238789373524477e-09,3.3233226542230083
DIESEL_bp50_246_hla-b,Ridge,folded,4,sg_d1_w21_p3,2,2.1771854859264767e-09,3.355477733834415
DIESEL_bp50_246_hla-b,Ridge,folded,4,sg_d1_w21_p3,3,3.826426623795428e-09,3.396803778140837
DIESEL_bp50_246_hla-b,Ridge,folded,4,sg_d1_w21_p3,4,6.724985446547718e-09,3.4486922855346145
DIESEL_bp50_246_hla-b,Ridge,folded,4,sg_d1_w21_p3,5,1.181923337430147e-08,3.516138701214506
DIESEL_bp50_246_hla-b,Ridge,folded,4,sg_d1_w21_p3,6,2.077242823297316e-08,3.6169892911574975
DIESEL_bp50_246_hla-b,Ridge,folded,4,sg_d1_w21_p3,7,3.650776332348399e-08,3.7893727037997436
DIESEL_bp50_246_hla-b,Ridge,folded,4,sg_d1_w21_p3,8,6.416278193070726e-08,4.080139590543747
DIESEL_bp50_246_hla-b,Ridge,folded,4,sg_d1_w21_p3,9,1.1276677096345889e-07,4.507210643662551
DIESEL_bp50_246_hla-b,Ridge,folded,4,sg_d1_w21_p3,10,1.9818879809884598e-07,5.037572777986291
DIESEL_bp50_246_hla-b,Ridge,folded,4,sg_d1_w21_p3,11,3.483189183859228e-07,5.615435877240293
DIESEL_bp50_246_hla-b,Ridge,folded,4,sg_d1_w21_p3,12,6.121741999011882e-07,6.201938827057225
DIESEL_bp50_246_hla-b,Ridge,folded,4,sg_d1_w21_p3,13,1.0759026605883201e-06,6.79020764262533
DIESEL_bp50_246_hla-b,Ridge,folded,4,sg_d1_w21_p3,14,1.890910357293511e-06,7.404413786475938
DIESEL_bp50_246_hla-b,Ridge,folded,4,sg_d1_w21_p3,15,3.3232950435913183e-06,8.094720796691167
DIESEL_bp50_246_hla-b,Ridge,folded,4,sg_d1_w21_p3,16,5.8407263486390085e-06,8.915134211268702
DIESEL_bp50_246_hla-b,Ridge,folded,4,sg_d1_w21_p3,17,1.0265138614602399e-05,9.877979964874417
DIESEL_bp50_246_hla-b,Ridge,folded,4,sg_d1_w21_p3,18,1.8041090180770887e-05,10.92961063529199
DIESEL_bp50_246_hla-b,Ridge,folded,4,sg_d1_w21_p3,19,3.170740767666831e-05,11.968695003142692
DIESEL_bp50_246_hla-b,Ridge,folded,4,sg_d1_w21_p3,20,5.572610587834698e-05,12.897264796610699
DIESEL_bp50_246_hla-b,Ridge,folded,4,sg_d1_w21_p3,21,9.793922316297776e-05,13.673347137987232
DIESEL_bp50_246_hla-b,Ridge,folded,4,sg_d1_w21_p3,22,0.00017212922529895807,14.308824388064528
DIESEL_bp50_246_hla-b,Ridge,folded,4,sg_d1_w21_p3,23,0.00030251894231094324,14.825575073842884
DIESEL_bp50_246_hla-b,Ridge,folded,4,sg_d1_w21_p3,24,0.0005316802553313157,15.235700712180545
DIESEL_bp50_246_hla-b,Ridge,folded,4,sg_d1_w21_p3,25,0.0009344336977702967,15.55644243303224
DIESEL_bp50_246_hla-b,Ridge,folded,4,sg_d1_w21_p3,26,0.0016422771520536491,15.81649429303821
DIESEL_bp50_246_hla-b,Ridge,folded,4,sg_d1_w21_p3,27,0.0028863195436905583,16.038908171887222
DIESEL_bp50_246_hla-b,Ridge,folded,4,sg_d1_w21_p3,28,0.0050727372647621834,16.227747023997015
DIESEL_bp50_246_hla-b,Ridge,folded,4,sg_d1_w21_p3,29,0.00891538963991638,16.376587360781183
DIESEL_bp50_246_hla-b,Ridge,folded,4,sg_d1_w21_p3,30,0.015668892016873385,16.483309958873935
DIESEL_bp50_246_hla-b,Ridge,folded,4,sg_d1_w21_p3,31,0.02753824419935736,16.55387978649256
DIESEL_bp50_246_hla-b,Ridge,folded,4,sg_d1_w21_p3,32,0.04839875677021643,16.597923772417364
DIESEL_bp50_246_hla-b,Ridge,folded,4,sg_d1_w21_p3,33,0.08506132925341806,16.624403530211683
DIESEL_bp50_246_hla-b,Ridge,folded,4,sg_d1_w21_p3,34,0.14949618992715435,16.639962998614294
DIESEL_bp50_246_hla-b,Ridge,folded,4,sg_d1_w21_p3,35,0.26274114217228334,16.648982291297763
DIESEL_bp50_246_hla-b,Ridge,folded,4,sg_d1_w21_p3,36,0.4617703489542707,16.654169212764728
DIESEL_bp50_246_hla-b,Ridge,folded,4,sg_d1_w21_p3,37,0.8115662945300378,16.657138568278835
DIESEL_bp50_246_hla-b,Ridge,folded,4,sg_d1_w21_p3,38,1.4263363854105728,16.65883398557423
DIESEL_bp50_246_hla-b,Ridge,folded,4,sg_d1_w21_p3,39,2.5068013519760575,16.659800571704313
DIESEL_bp50_246_hla-b,Ridge,folded,4,sg_d1_w21_p3,40,4.4057300104982895,16.660351168228495
DIESEL_bp50_246_hla-b,Ridge,folded,4,sg_d1_w21_p3,41,7.743117303692347,16.660664651917198
DIESEL_bp50_246_hla-b,Ridge,folded,4,sg_d1_w21_p3,42,13.608610930736267,16.660843085269722
DIESEL_bp50_246_hla-b,Ridge,folded,4,sg_d1_w21_p3,43,23.917278300284114,16.660944632617905
DIESEL_bp50_246_hla-b,Ridge,folded,4,sg_d1_w21_p3,44,42.03487073035823,16.661002418551174
DIESEL_bp50_246_hla-b,Ridge,folded,4,sg_d1_w21_p3,45,73.87673192300218,16.661035300191863
DIESEL_bp50_246_hla-b,Ridge,folded,4,sg_d1_w21_p3,46,129.83914128422586,16.661054010123298
DIESEL_bp50_246_hla-b,Ridge,folded,4,sg_d1_w21_p3,47,228.19367032904907,16.661064656056208
DIESEL_bp50_246_hla-b,Ridge,folded,4,sg_d1_w21_p3,48,401.05280012791485,16.661070713524715
DIESEL_bp50_246_hla-b,Ridge,folded,4,sg_d1_w21_p3,49,704.8545573525774,16.661074160167516
DIESEL_bp50_246_hla-b,Ridge,folded,5,sg_d2_w11_p2,0,7.048545573525775e-10,3.9617029391563205
DIESEL_bp50_246_hla-b,Ridge,folded,5,sg_d2_w11_p2,1,1.238789373524477e-09,4.02251841304177
DIESEL_bp50_246_hla-b,Ridge,folded,5,sg_d2_w11_p2,2,2.1771854859264767e-09,4.084699631320595
DIESEL_bp50_246_hla-b,Ridge,folded,5,sg_d2_w11_p2,3,3.826426623795428e-09,4.160653707205454
DIESEL_bp50_246_hla-b,Ridge,folded,5,sg_d2_w11_p2,4,6.724985446547718e-09,4.2686324242869205
DIESEL_bp50_246_hla-b,Ridge,folded,5,sg_d2_w11_p2,5,1.181923337430147e-08,4.4366132843662385
DIESEL_bp50_246_hla-b,Ridge,folded,5,sg_d2_w11_p2,6,2.077242823297316e-08,4.701243544923902
DIESEL_bp50_246_hla-b,Ridge,folded,5,sg_d2_w11_p2,7,3.650776332348399e-08,5.094412741867008
DIESEL_bp50_246_hla-b,Ridge,folded,5,sg_d2_w11_p2,8,6.416278193070726e-08,5.621737095551223
DIESEL_bp50_246_hla-b,Ridge,folded,5,sg_d2_w11_p2,9,1.1276677096345889e-07,6.2525540640778114
DIESEL_bp50_246_hla-b,Ridge,folded,5,sg_d2_w11_p2,10,1.9818879809884598e-07,6.93458758176349
DIESEL_bp50_246_hla-b,Ridge,folded,5,sg_d2_w11_p2,11,3.483189183859228e-07,7.629032943967116
DIESEL_bp50_246_hla-b,Ridge,folded,5,sg_d2_w11_p2,12,6.121741999011882e-07,8.344984785090583
DIESEL_bp50_246_hla-b,Ridge,folded,5,sg_d2_w11_p2,13,1.0759026605883201e-06,9.132525111294626
DIESEL_bp50_246_hla-b,Ridge,folded,5,sg_d2_w11_p2,14,1.890910357293511e-06,10.030851996048856
DIESEL_bp50_246_hla-b,Ridge,folded,5,sg_d2_w11_p2,15,3.3232950435913183e-06,11.033145874451552
DIESEL_bp50_246_hla-b,Ridge,folded,5,sg_d2_w11_p2,16,5.8407263486390085e-06,12.08655098261773
DIESEL_bp50_246_hla-b,Ridge,folded,5,sg_d2_w11_p2,17,1.0265138614602399e-05,13.102416921214928
DIESEL_bp50_246_hla-b,Ridge,folded,5,sg_d2_w11_p2,18,1.8041090180770887e-05,13.988095213248277
DIESEL_bp50_246_hla-b,Ridge,folded,5,sg_d2_w11_p2,19,3.170740767666831e-05,14.690531046940325
DIESEL_bp50_246_hla-b,Ridge,folded,5,sg_d2_w11_p2,20,5.572610587834698e-05,15.213562748914047
DIESEL_bp50_246_hla-b,Ridge,folded,5,sg_d2_w11_p2,21,9.793922316297776e-05,15.60042559709691
DIESEL_bp50_246_hla-b,Ridge,folded,5,sg_d2_w11_p2,22,0.00017212922529895807,15.898702595029178
DIESEL_bp50_246_hla-b,Ridge,folded,5,sg_d2_w11_p2,23,0.00030251894231094324,16.134809250286718
DIESEL_bp50_246_hla-b,Ridge,folded,5,sg_d2_w11_p2,24,0.0005316802553313157,16.31563605180873
DIESEL_bp50_246_hla-b,Ridge,folded,5,sg_d2_w11_p2,25,0.0009344336977702967,16.444615261130984
DIESEL_bp50_246_hla-b,Ridge,folded,5,sg_d2_w11_p2,26,0.0016422771520536491,16.530158589309917
DIESEL_bp50_246_hla-b,Ridge,folded,5,sg_d2_w11_p2,27,0.0028863195436905583,16.58377626027475
DIESEL_bp50_246_hla-b,Ridge,folded,5,sg_d2_w11_p2,28,0.0050727372647621834,16.616121689197364
DIESEL_bp50_246_hla-b,Ridge,folded,5,sg_d2_w11_p2,29,0.00891538963991638,16.635171226620724
DIESEL_bp50_246_hla-b,Ridge,folded,5,sg_d2_w11_p2,30,0.015668892016873385,16.646229240741064
DIESEL_bp50_246_hla-b,Ridge,folded,5,sg_d2_w11_p2,31,0.02753824419935736,16.652593990822204
DIESEL_bp50_246_hla-b,Ridge,folded,5,sg_d2_w11_p2,32,0.04839875677021643,16.656239417338163
DIESEL_bp50_246_hla-b,Ridge,folded,5,sg_d2_w11_p2,33,0.08506132925341806,16.658321445656064
DIESEL_bp50_246_hla-b,Ridge,folded,5,sg_d2_w11_p2,34,0.14949618992715435,16.659508639576252
DIESEL_bp50_246_hla-b,Ridge,folded,5,sg_d2_w11_p2,35,0.26274114217228334,16.660184964216093
DIESEL_bp50_246_hla-b,Ridge,folded,5,sg_d2_w11_p2,36,0.4617703489542707,16.66057005212211
DIESEL_bp50_246_hla-b,Ridge,folded,5,sg_d2_w11_p2,37,0.8115662945300378,16.660789248907044
DIESEL_bp50_246_hla-b,Ridge,folded,5,sg_d2_w11_p2,38,1.4263363854105728,16.660913997097886
DIESEL_bp50_246_hla-b,Ridge,folded,5,sg_d2_w11_p2,39,2.5068013519760575,16.660984986265646
DIESEL_bp50_246_hla-b,Ridge,folded,5,sg_d2_w11_p2,40,4.4057300104982895,16.661025381103613
DIESEL_bp50_246_hla-b,Ridge,folded,5,sg_d2_w11_p2,41,7.743117303692347,16.661048366181216
DIESEL_bp50_246_hla-b,Ridge,folded,5,sg_d2_w11_p2,42,13.608610930736267,16.661061444691953
DIESEL_bp50_246_hla-b,Ridge,folded,5,sg_d2_w11_p2,43,23.917278300284114,16.661068886289552
DIESEL_bp50_246_hla-b,Ridge,folded,5,sg_d2_w11_p2,44,42.03487073035823,16.66107312049133
DIESEL_bp50_246_hla-b,Ridge,folded,5,sg_d2_w11_p2,45,73.87673192300218,16.66107552970592
DIESEL_bp50_246_hla-b,Ridge,folded,5,sg_d2_w11_p2,46,129.83914128422586,16.661076900520147
DIESEL_bp50_246_hla-b,Ridge,folded,5,sg_d2_w11_p2,47,228.19367032904907,16.661077680496174
DIESEL_bp50_246_hla-b,Ridge,folded,5,sg_d2_w11_p2,48,401.05280012791485,16.66107812429244
DIESEL_bp50_246_hla-b,Ridge,folded,5,sg_d2_w11_p2,49,704.8545573525774,16.66107837680669
DIESEL_bp50_246_hla-b,Ridge,folded,6,detrend_d1,0,7.048545573525775e-10,4.533408607322868
DIESEL_bp50_246_hla-b,Ridge,folded,6,detrend_d1,1,1.238789373524477e-09,4.164971830631352
DIESEL_bp50_246_hla-b,Ridge,folded,6,detrend_d1,2,2.1771854859264767e-09,3.842259648272228
DIESEL_bp50_246_hla-b,Ridge,folded,6,detrend_d1,3,3.826426623795428e-09,3.5829873250187676
DIESEL_bp50_246_hla-b,Ridge,folded,6,detrend_d1,4,6.724985446547718e-09,3.4011350014776953
DIESEL_bp50_246_hla-b,Ridge,folded,6,detrend_d1,5,1.181923337430147e-08,3.3024347479608993
DIESEL_bp50_246_hla-b,Ridge,folded,6,detrend_d1,6,2.077242823297316e-08,3.27599059557875
DIESEL_bp50_246_hla-b,Ridge,folded,6,detrend_d1,7,3.650776332348399e-08,3.295773907396966
DIESEL_bp50_246_hla-b,Ridge,folded,6,detrend_d1,8,6.416278193070726e-08,3.3355958743515037
DIESEL_bp50_246_hla-b,Ridge,folded,6,detrend_d1,9,1.1276677096345889e-07,3.3803907155076622
DIESEL_bp50_246_hla-b,Ridge,folded,6,detrend_d1,10,1.9818879809884598e-07,3.4251212580320543
DIESEL_bp50_246_hla-b,Ridge,folded,6,detrend_d1,11,3.483189183859228e-07,3.472022407628292
DIESEL_bp50_246_hla-b,Ridge,folded,6,detrend_d1,12,6.121741999011882e-07,3.535566019102101
DIESEL_bp50_246_hla-b,Ridge,folded,6,detrend_d1,13,1.0759026605883201e-06,3.652036437260861
DIESEL_bp50_246_hla-b,Ridge,folded,6,detrend_d1,14,1.890910357293511e-06,3.877638534534941
DIESEL_bp50_246_hla-b,Ridge,folded,6,detrend_d1,15,3.3232950435913183e-06,4.2595936939514765
DIESEL_bp50_246_hla-b,Ridge,folded,6,detrend_d1,16,5.8407263486390085e-06,4.799446151590996
DIESEL_bp50_246_hla-b,Ridge,folded,6,detrend_d1,17,1.0265138614602399e-05,5.444606376576964
DIESEL_bp50_246_hla-b,Ridge,folded,6,detrend_d1,18,1.8041090180770887e-05,6.113945715813476
DIESEL_bp50_246_hla-b,Ridge,folded,6,detrend_d1,19,3.170740767666831e-05,6.743891825064793
DIESEL_bp50_246_hla-b,Ridge,folded,6,detrend_d1,20,5.572610587834698e-05,7.327336787467684
DIESEL_bp50_246_hla-b,Ridge,folded,6,detrend_d1,21,9.793922316297776e-05,7.919749847720017
DIESEL_bp50_246_hla-b,Ridge,folded,6,detrend_d1,22,0.00017212922529895807,8.600758018694613
DIESEL_bp50_246_hla-b,Ridge,folded,6,detrend_d1,23,0.00030251894231094324,9.40918402897037
DIESEL_bp50_246_hla-b,Ridge,folded,6,detrend_d1,24,0.0005316802553313157,10.324670096568084
DIESEL_bp50_246_hla-b,Ridge,folded,6,detrend_d1,25,0.0009344336977702967,11.30079210270335
DIESEL_bp50_246_hla-b,Ridge,folded,6,detrend_d1,26,0.0016422771520536491,12.2785936266428
DIESEL_bp50_246_hla-b,Ridge,folded,6,detrend_d1,27,0.0028863195436905583,13.193656420498542
DIESEL_bp50_246_hla-b,Ridge,folded,6,detrend_d1,28,0.0050727372647621834,13.9935122931357
DIESEL_bp50_246_hla-b,Ridge,folded,6,detrend_d1,29,0.00891538963991638,14.644282442277992
DIESEL_bp50_246_hla-b,Ridge,folded,6,detrend_d1,30,0.015668892016873385,15.137639023572756
DIESEL_bp50_246_hla-b,Ridge,folded,6,detrend_d1,31,0.02753824419935736,15.498156652267607
DIESEL_bp50_246_hla-b,Ridge,folded,6,detrend_d1,32,0.04839875677021643,15.771526648749633
DIESEL_bp50_246_hla-b,Ridge,folded,6,detrend_d1,33,0.08506132925341806,15.997286955022483
DIESEL_bp50_246_hla-b,Ridge,folded,6,detrend_d1,34,0.14949618992715435,16.190204580607833
DIESEL_bp50_246_hla-b,Ridge,folded,6,detrend_d1,35,0.26274114217228334,16.346487210288586
DIESEL_bp50_246_hla-b,Ridge,folded,6,detrend_d1,36,0.4617703489542707,16.461819620966743
DIESEL_bp50_246_hla-b,Ridge,folded,6,detrend_d1,37,0.8115662945300378,16.539801515997958
DIESEL_bp50_246_hla-b,Ridge,folded,6,detrend_d1,38,1.4263363854105728,16.58920845405029
DIESEL_bp50_246_hla-b,Ridge,folded,6,detrend_d1,39,2.5068013519760575,16.619193431010512
DIESEL_bp50_246_hla-b,Ridge,folded,6,detrend_d1,40,4.4057300104982895,16.63691253825514
DIESEL_bp50_246_hla-b,Ridge,folded,6,detrend_d1,41,7.743117303692347,16.647217875805474
DIESEL_bp50_246_hla-b,Ridge,folded,6,detrend_d1,42,13.608610930736267,16.653155805458134
DIESEL_bp50_246_hla-b,Ridge,folded,6,detrend_d1,43,23.917278300284114,16.65655885206969
DIESEL_bp50_246_hla-b,Ridge,folded,6,detrend_d1,44,42.03487073035823,16.658503124842444
DIESEL_bp50_246_hla-b,Ridge,folded,6,detrend_d1,45,73.87673192300218,16.65961198828773
DIESEL_bp50_246_hla-b,Ridge,folded,6,detrend_d1,46,129.83914128422586,16.66024376036572
DIESEL_bp50_246_hla-b,Ridge,folded,6,detrend_d1,47,228.19367032904907,16.660603503789396
DIESEL_bp50_246_hla-b,Ridge,folded,6,detrend_d1,48,401.05280012791485,16.660808281630274
DIESEL_bp50_246_hla-b,Ridge,folded,6,detrend_d1,49,704.8545573525774,16.660924826194517
DIESEL_bp50_246_hla-b,Ridge,folded,7,detrend_d2,0,7.048545573525775e-10,4.106100733291005
DIESEL_bp50_246_hla-b,Ridge,folded,7,detrend_d2,1,1.238789373524477e-09,3.8460468381625454
DIESEL_bp50_246_hla-b,Ridge,folded,7,detrend_d2,2,2.1771854859264767e-09,3.6449341382869846
DIESEL_bp50_246_hla-b,Ridge,folded,7,detrend_d2,3,3.826426623795428e-09,3.5013803450811514
DIESEL_bp50_246_hla-b,Ridge,folded,7,detrend_d2,4,6.724985446547718e-09,3.414561110317215
DIESEL_bp50_246_hla-b,Ridge,folded,7,detrend_d2,5,1.181923337430147e-08,3.3797523620970624
DIESEL_bp50_246_hla-b,Ridge,folded,7,detrend_d2,6,2.077242823297316e-08,3.382047202585862
DIESEL_bp50_246_hla-b,Ridge,folded,7,detrend_d2,7,3.650776332348399e-08,3.40095581762706
DIESEL_bp50_246_hla-b,Ridge,folded,7,detrend_d2,8,6.416278193070726e-08,3.422288602612795
DIESEL_bp50_246_hla-b,Ridge,folded,7,detrend_d2,9,1.1276677096345889e-07,3.4425692574679245
DIESEL_bp50_246_hla-b,Ridge,folded,7,detrend_d2,10,1.9818879809884598e-07,3.464645622752074
DIESEL_bp50_246_hla-b,Ridge,folded,7,detrend_d2,11,3.483189183859228e-07,3.494913730847037
DIESEL_bp50_246_hla-b,Ridge,folded,7,detrend_d2,12,6.121741999011882e-07,3.549081412779097
DIESEL_bp50_246_hla-b,Ridge,folded,7,detrend_d2,13,1.0759026605883201e-06,3.663742304327087
DIESEL_bp50_246_hla-b,Ridge,folded,7,detrend_d2,14,1.890910357293511e-06,3.8959372955321663
DIESEL_bp50_246_hla-b,Ridge,folded,7,detrend_d2,15,3.3232950435913183e-06,4.291868870180232
DIESEL_bp50_246_hla-b,Ridge,folded,7,detrend_d2,16,5.8407263486390085e-06,4.847705623057595
DIESEL_bp50_246_hla-b,Ridge,folded,7,detrend_d2,17,1.0265138614602399e-05,5.50398090211945
DIESEL_bp50_246_hla-b,Ridge,folded,7,detrend_d2,18,1.8041090180770887e-05,6.176253944745193
DIESEL_bp50_246_hla-b,Ridge,folded,7,detrend_d2,19,3.170740767666831e-05,6.8023914017229234
DIESEL_bp50_246_hla-b,Ridge,folded,7,detrend_d2,20,5.572610587834698e-05,7.378794167564964
DIESEL_bp50_246_hla-b,Ridge,folded,7,detrend_d2,21,9.793922316297776e-05,7.96319510462712
DIESEL_bp50_246_hla-b,Ridge,folded,7,detrend_d2,22,0.00017212922529895807,8.633667279711045
DIESEL_bp50_246_hla-b,Ridge,folded,7,detrend_d2,23,0.00030251894231094324,9.426198412450233
DIESEL_bp50_246_hla-b,Ridge,folded,7,detrend_d2,24,0.0005316802553313157,10.324189414214379
DIESEL_bp50_246_hla-b,Ridge,folded,7,detrend_d2,25,0.0009344336977702967,11.289614453996304
DIESEL_bp50_246_hla-b,Ridge,folded,7,detrend_d2,26,0.0016422771520536491,12.265439160714783
DIESEL_bp50_246_hla-b,Ridge,folded,7,detrend_d2,27,0.0028863195436905583,13.182323363308251
DIESEL_bp50_246_hla-b,Ridge,folded,7,detrend_d2,28,0.0050727372647621834,13.984221172624505
DIESEL_bp50_246_hla-b,Ridge,folded,7,detrend_d2,29,0.00891538963991638,14.63687977829106
DIESEL_bp50_246_hla-b,Ridge,folded,7,detrend_d2,30,0.015668892016873385,15.1321477205035
DIESEL_bp50_246_hla-b,Ridge,folded,7,detrend_d2,31,0.02753824419935736,15.49446683739481
DIESEL_bp50_246_hla-b,Ridge,folded,7,detrend_d2,32,0.04839875677021643,15.76937040539861
DIESEL_bp50_246_hla-b,Ridge,folded,7,detrend_d2,33,0.08506132925341806,15.996275959541506
DIESEL_bp50_246_hla-b,Ridge,folded,7,detrend_d2,34,0.14949618992715435,16.189891019153656
DIESEL_bp50_246_hla-b,Ridge,folded,7,detrend_d2,35,0.26274114217228334,16.346493612698286
DIESEL_bp50_246_hla-b,Ridge,folded,7,detrend_d2,36,0.4617703489542707,16.46192041175565
DIESEL_bp50_246_hla-b,Ridge,folded,7,detrend_d2,37,0.8115662945300378,16.539901161195054
DIESEL_bp50_246_hla-b,Ridge,folded,7,detrend_d2,38,1.4263363854105728,16.589281495675074
DIESEL_bp50_246_hla-b,Ridge,folded,7,detrend_d2,39,2.5068013519760575,16.61924086137595
DIESEL_bp50_246_hla-b,Ridge,folded,7,detrend_d2,40,4.4057300104982895,16.636941544015038
DIESEL_bp50_246_hla-b,Ridge,folded,7,detrend_d2,41,7.743117303692347,16.647235056202987
DIESEL_bp50_246_hla-b,Ridge,folded,7,detrend_d2,42,13.608610930736267,16.653165804276306
DIESEL_bp50_246_hla-b,Ridge,folded,7,detrend_d2,43,23.917278300284114,16.65656461441224
DIESEL_bp50_246_hla-b,Ridge,folded,7,detrend_d2,44,42.03487073035823,16.658506427373176
DIESEL_bp50_246_hla-b,Ridge,folded,7,detrend_d2,45,73.87673192300218,16.659613875128382
DIESEL_bp50_246_hla-b,Ridge,folded,7,detrend_d2,46,129.83914128422586,16.660244836465417
DIESEL_bp50_246_hla-b,Ridge,folded,7,detrend_d2,47,228.19367032904907,16.660604116890134
DIESEL_bp50_246_hla-b,Ridge,folded,7,detrend_d2,48,401.05280012791485,16.660808630740227
DIESEL_bp50_246_hla-b,Ridge,folded,7,detrend_d2,49,704.8545573525774,16.66092502491885
DIESEL_bp50_246_hla-b,Ridge,folded,8,fd_d1,0,7.048545573525775e-10,3.7748305024216258
DIESEL_bp50_246_hla-b,Ridge,folded,8,fd_d1,1,1.238789373524477e-09,3.6622078071787145
DIESEL_bp50_246_hla-b,Ridge,folded,8,fd_d1,2,2.1771854859264767e-09,3.598857796976535
DIESEL_bp50_246_hla-b,Ridge,folded,8,fd_d1,3,3.826426623795428e-09,3.573830171786329
DIESEL_bp50_246_hla-b,Ridge,folded,8,fd_d1,4,6.724985446547718e-09,3.573662533990794
DIESEL_bp50_246_hla-b,Ridge,folded,8,fd_d1,5,1.181923337430147e-08,3.588368232074422
DIESEL_bp50_246_hla-b,Ridge,folded,8,fd_d1,6,2.077242823297316e-08,3.6151665207231622
DIESEL_bp50_246_hla-b,Ridge,folded,8,fd_d1,7,3.650776332348399e-08,3.6609699396682105
DIESEL_bp50_246_hla-b,Ridge,folded,8,fd_d1,8,6.416278193070726e-08,3.7435027506375533
DIESEL_bp50_246_hla-b,Ridge,folded,8,fd_d1,9,1.1276677096345889e-07,3.889671957014022
DIESEL_bp50_246_hla-b,Ridge,folded,8,fd_d1,10,1.9818879809884598e-07,4.131371649649616
DIESEL_bp50_246_hla-b,Ridge,folded,8,fd_d1,11,3.483189183859228e-07,4.49529829760012
DIESEL_bp50_246_hla-b,Ridge,folded,8,fd_d1,12,6.121741999011882e-07,4.986583430928276
DIESEL_bp50_246_hla-b,Ridge,folded,8,fd_d1,13,1.0759026605883201e-06,5.581228088883561
DIESEL_bp50_246_hla-b,Ridge,folded,8,fd_d1,14,1.890910357293511e-06,6.236438939192307
DIESEL_bp50_246_hla-b,Ridge,folded,8,fd_d1,15,3.3232950435913183e-06,6.910482798804347
DIESEL_bp50_246_hla-b,Ridge,folded,8,fd_d1,16,5.8407263486390085e-06,7.590906107666004
DIESEL_bp50_246_hla-b,Ridge,folded,8,fd_d1,17,1.0265138614602399e-05,8.317929905633223
DIESEL_bp50_246_hla-b,Ridge,folded,8,fd_d1,18,1.8041090180770887e-05,9.151491278667264
DIESEL_bp50_246_hla-b,Ridge,folded,8,fd_d1,19,3.170740767666831e-05,10.098874259779643
DIESEL_bp50_246_hla-b,Ridge,folded,8,fd_d1,20,5.572610587834698e-05,11.113315184406028
DIESEL_bp50_246_hla-b,Ridge,folded,8,fd_d1,21,9.793922316297776e-05,12.138583398217367
DIESEL_bp50_246_hla-b,Ridge,folded,8,fd_d1,22,0.00017212922529895807,13.113602545086664
DIESEL_bp50_246_hla-b,Ridge,folded,8,fd_d1,23,0.00030251894231094324,13.971473970815685
DIESEL_bp50_246_hla-b,Ridge,folded,8,fd_d1,24,0.0005316802553313157,14.664055865416127
DIESEL_bp50_246_hla-b,Ridge,folded,8,fd_d1,25,0.0009344336977702967,15.1840989171248
DIESEL_bp50_246_hla-b,Ridge,folded,8,fd_d1,26,0.0016422771520536491,15.564170794699933
DIESEL_bp50_246_hla-b,Ridge,folded,8,fd_d1,27,0.0028863195436905583,15.852461185524493
DIESEL_bp50_246_hla-b,Ridge,folded,8,fd_d1,28,0.0050727372647621834,16.08360280933976
DIESEL_bp50_246_hla-b,Ridge,folded,8,fd_d1,29,0.00891538963991638,16.268793782668876
DIESEL_bp50_246_hla-b,Ridge,folded,8,fd_d1,30,0.015668892016873385,16.40823759601529
DIESEL_bp50_246_hla-b,Ridge,folded,8,fd_d1,31,0.02753824419935736,16.505050433699825
DIESEL_bp50_246_hla-b,Ridge,folded,8,fd_d1,32,0.04839875677021643,16.567735310918618
DIESEL_bp50_246_hla-b,Ridge,folded,8,fd_d1,33,0.08506132925341806,16.606352267473937
DIESEL_bp50_246_hla-b,Ridge,folded,8,fd_d1,34,0.14949618992715435,16.629389120043548
DIESEL_bp50_246_hla-b,Ridge,folded,8,fd_d1,35,0.26274114217228334,16.64286389664157
DIESEL_bp50_246_hla-b,Ridge,folded,8,fd_d1,36,0.4617703489542707,16.650654154767317
DIESEL_bp50_246_hla-b,Ridge,folded,8,fd_d1,37,0.8115662945300378,16.655127471723993
DIESEL_bp50_246_hla-b,Ridge,folded,8,fd_d1,38,1.4263363854105728,16.657686086446898
DIESEL_bp50_246_hla-b,Ridge,folded,8,fd_d1,39,2.5068013519760575,16.65914625816099
DIESEL_bp50_246_hla-b,Ridge,folded,8,fd_d1,40,4.4057300104982895,16.65997849149998
DIESEL_bp50_246_hla-b,Ridge,folded,8,fd_d1,41,7.743117303692347,16.660452480308145
DIESEL_bp50_246_hla-b,Ridge,folded,8,fd_d1,42,13.608610930736267,16.660722322439124
DIESEL_bp50_246_hla-b,Ridge,folded,8,fd_d1,43,23.917278300284114,16.66087590722072
DIESEL_bp50_246_hla-b,Ridge,folded,8,fd_d1,44,42.03487073035823,16.66096331052266
DIESEL_bp50_246_hla-b,Ridge,folded,8,fd_d1,45,73.87673192300218,16.661013046888215
DIESEL_bp50_246_hla-b,Ridge,folded,8,fd_d1,46,129.83914128422586,16.66104134785153
DIESEL_bp50_246_hla-b,Ridge,folded,8,fd_d1,47,228.19367032904907,16.661057451250716
DIESEL_bp50_246_hla-b,Ridge,folded,8,fd_d1,48,401.05280012791485,16.661066614040784
DIESEL_bp50_246_hla-b,Ridge,folded,8,fd_d1,49,704.8545573525774,16.661071827601145
DIESEL_bp50_246_hla-b,Ridge,materialized,0,identity,0,7.048545573525775e-10,4.482124486671465
DIESEL_bp50_246_hla-b,Ridge,materialized,0,identity,1,1.238789373524477e-09,4.127708605679299
DIESEL_bp50_246_hla-b,Ridge,materialized,0,identity,2,2.1771854859264767e-09,3.830937129925838
DIESEL_bp50_246_hla-b,Ridge,materialized,0,identity,3,3.826426623795428e-09,3.604933063918608
DIESEL_bp50_246_hla-b,Ridge,materialized,0,identity,4,6.724985446547718e-09,3.45120302611232
DIESEL_bp50_246_hla-b,Ridge,materialized,0,identity,5,1.181923337430147e-08,3.3667857776332326
DIESEL_bp50_246_hla-b,Ridge,materialized,0,identity,6,2.077242823297316e-08,3.3417655954490924
DIESEL_bp50_246_hla-b,Ridge,materialized,0,identity,7,3.650776332348399e-08,3.356464150145603
DIESEL_bp50_246_hla-b,Ridge,materialized,0,identity,8,6.416278193070726e-08,3.3902426712638727
DIESEL_bp50_246_hla-b,Ridge,materialized,0,identity,9,1.1276677096345889e-07,3.43091783454543
DIESEL_bp50_246_hla-b,Ridge,materialized,0,identity,10,1.9818879809884598e-07,3.4741306882314076
DIESEL_bp50_246_hla-b,Ridge,materialized,0,identity,11,3.483189183859228e-07,3.5203762359205584
DIESEL_bp50_246_hla-b,Ridge,materialized,0,identity,12,6.121741999011882e-07,3.580626015487325
DIESEL_bp50_246_hla-b,Ridge,materialized,0,identity,13,1.0759026605883201e-06,3.6888328774632564
DIESEL_bp50_246_hla-b,Ridge,materialized,0,identity,14,1.890910357293511e-06,3.903329165358227
DIESEL_bp50_246_hla-b,Ridge,materialized,0,identity,15,3.3232950435913183e-06,4.2769431361029255
DIESEL_bp50_246_hla-b,Ridge,materialized,0,identity,16,5.8407263486390085e-06,4.813970800181032
DIESEL_bp50_246_hla-b,Ridge,materialized,0,identity,17,1.0265138614602399e-05,5.4588946630495885
DIESEL_bp50_246_hla-b,Ridge,materialized,0,identity,18,1.8041090180770887e-05,6.126661010810715
DIESEL_bp50_246_hla-b,Ridge,materialized,0,identity,19,3.170740767666831e-05,6.753021009637438
DIESEL_bp50_246_hla-b,Ridge,materialized,0,identity,20,5.572610587834698e-05,7.332502144814809
DIESEL_bp50_246_hla-b,Ridge,materialized,0,identity,21,9.793922316297776e-05,7.922204619554265
DIESEL_bp50_246_hla-b,Ridge,materialized,0,identity,22,0.00017212922529895807,8.603117596199777
DIESEL_bp50_246_hla-b,Ridge,materialized,0,identity,23,0.00030251894231094324,9.414725794942845
DIESEL_bp50_246_hla-b,Ridge,materialized,0,identity,24,0.0005316802553313157,10.334391249322202
DIESEL_bp50_246_hla-b,Ridge,materialized,0,identity,25,0.0009344336977702967,11.311737494605003
DIESEL_bp50_246_hla-b,Ridge,materialized,0,identity,26,0.0016422771520536491,12.287296206439155
DIESEL_bp50_246_hla-b,Ridge,materialized,0,identity,27,0.0028863195436905583,13.19971548747111
DIESEL_bp50_246_hla-b,Ridge,materialized,0,identity,28,0.0050727372647621834,13.998349468872325
DIESEL_bp50_246_hla-b,Ridge,materialized,0,identity,29,0.00891538963991638,14.64860567090913
DIESEL_bp50_246_hla-b,Ridge,materialized,0,identity,30,0.015668892016873385,15.141300359896025
DIESEL_bp50_246_hla-b,Ridge,materialized,0,identity,31,0.02753824419935736,15.50097085989923
DIESEL_bp50_246_hla-b,Ridge,materialized,0,identity,32,0.04839875677021643,15.773525941710906
DIESEL_bp50_246_hla-b,Ridge,materialized,0,identity,33,0.08506132925341806,15.99862329590116
DIESEL_bp50_246_hla-b,Ridge,materialized,0,identity,34,0.14949618992715435,16.191054069962803
DIESEL_bp50_246_hla-b,Ridge,materialized,0,identity,35,0.26274114217228334,16.34700626617761
DIESEL_bp50_246_hla-b,Ridge,materialized,0,identity,36,0.4617703489542707,16.46212803330764
DIESEL_bp50_246_hla-b,Ridge,materialized,0,identity,37,0.8115662945300378,16.539981518506774
DIESEL_bp50_246_hla-b,Ridge,materialized,0,identity,38,1.4263363854105728,16.58931238618977
DIESEL_bp50_246_hla-b,Ridge,materialized,0,identity,39,2.5068013519760575,16.619253065301283
DIESEL_bp50_246_hla-b,Ridge,materialized,0,identity,40,4.4057300104982895,16.63694663212639
DIESEL_bp50_246_hla-b,Ridge,materialized,0,identity,41,7.743117303692347,16.647237327703902
DIESEL_bp50_246_hla-b,Ridge,materialized,0,identity,42,13.608610930736267,16.653166890511947
DIESEL_bp50_246_hla-b,Ridge,materialized,0,identity,43,23.917278300284114,16.656565164888086
DIESEL_bp50_246_hla-b,Ridge,materialized,0,identity,44,42.03487073035823,16.658506718556655
DIESEL_bp50_246_hla-b,Ridge,materialized,0,identity,45,73.87673192300218,16.659614033647635
DIESEL_bp50_246_hla-b,Ridge,materialized,0,identity,46,129.83914128422586,16.660244924337437
DIESEL_bp50_246_hla-b,Ridge,materialized,0,identity,47,228.19367032904907,16.660604166135016
DIESEL_bp50_246_hla-b,Ridge,materialized,0,identity,48,401.05280012791485,16.660808658515904
DIESEL_bp50_246_hla-b,Ridge,materialized,0,identity,49,704.8545573525774,16.660925040643818
DIESEL_bp50_246_hla-b,Ridge,materialized,1,sg_smooth_w11_p2,0,7.048545573525775e-10,5.057146833239633
DIESEL_bp50_246_hla-b,Ridge,materialized,1,sg_smooth_w11_p2,1,1.238789373524477e-09,4.432421518542445
DIESEL_bp50_246_hla-b,Ridge,materialized,1,sg_smooth_w11_p2,2,2.1771854859264767e-09,3.9267793609393222
DIESEL_bp50_246_hla-b,Ridge,materialized,1,sg_smooth_w11_p2,3,3.826426623795428e-09,3.5648166021505374
DIESEL_bp50_246_hla-b,Ridge,materialized,1,sg_smooth_w11_p2,4,6.724985446547718e-09,3.35564581206519
DIESEL_bp50_246_hla-b,Ridge,materialized,1,sg_smooth_w11_p2,5,1.181923337430147e-08,3.276768207233397
DIESEL_bp50_246_hla-b,Ridge,materialized,1,sg_smooth_w11_p2,6,2.077242823297316e-08,3.2815431169031113
DIESEL_bp50_246_hla-b,Ridge,materialized,1,sg_smooth_w11_p2,7,3.650776332348399e-08,3.324191478824517
DIESEL_bp50_246_hla-b,Ridge,materialized,1,sg_smooth_w11_p2,8,6.416278193070726e-08,3.3750805237188417
DIESEL_bp50_246_hla-b,Ridge,materialized,1,sg_smooth_w11_p2,9,1.1276677096345889e-07,3.4218936571488023
DIESEL_bp50_246_hla-b,Ridge,materialized,1,sg_smooth_w11_p2,10,1.9818879809884598e-07,3.464409098863802
DIESEL_bp50_246_hla-b,Ridge,materialized,1,sg_smooth_w11_p2,11,3.483189183859228e-07,3.510848199369407
DIESEL_bp50_246_hla-b,Ridge,materialized,1,sg_smooth_w11_p2,12,6.121741999011882e-07,3.5817290007887843
DIESEL_bp50_246_hla-b,Ridge,materialized,1,sg_smooth_w11_p2,13,1.0759026605883201e-06,3.718093537051305
DIESEL_bp50_246_hla-b,Ridge,materialized,1,sg_smooth_w11_p2,14,1.890910357293511e-06,3.9754339969015775
DIESEL_bp50_246_hla-b,Ridge,materialized,1,sg_smooth_w11_p2,15,3.3232950435913183e-06,4.392139548217321
DIESEL_bp50_246_hla-b,Ridge,materialized,1,sg_smooth_w11_p2,16,5.8407263486390085e-06,4.958911048035438
DIESEL_bp50_246_hla-b,Ridge,materialized,1,sg_smooth_w11_p2,17,1.0265138614602399e-05,5.616429543218194
DIESEL_bp50_246_hla-b,Ridge,materialized,1,sg_smooth_w11_p2,18,1.8041090180770887e-05,6.2836836336572475
DIESEL_bp50_246_hla-b,Ridge,materialized,1,sg_smooth_w11_p2,19,3.170740767666831e-05,6.904510142621713
DIESEL_bp50_246_hla-b,Ridge,materialized,1,sg_smooth_w11_p2,20,5.572610587834698e-05,7.480571556539637
DIESEL_bp50_246_hla-b,Ridge,materialized,1,sg_smooth_w11_p2,21,9.793922316297776e-05,8.068720702791548
DIESEL_bp50_246_hla-b,Ridge,materialized,1,sg_smooth_w11_p2,22,0.00017212922529895807,8.742801355210466
DIESEL_bp50_246_hla-b,Ridge,materialized,1,sg_smooth_w11_p2,23,0.00030251894231094324,9.542436658719652
DIESEL_bp50_246_hla-b,Ridge,materialized,1,sg_smooth_w11_p2,24,0.0005316802553313157,10.457626673403173
DIESEL_bp50_246_hla-b,Ridge,materialized,1,sg_smooth_w11_p2,25,0.0009344336977702967,11.4404625155987
DIESEL_bp50_246_hla-b,Ridge,materialized,1,sg_smooth_w11_p2,26,0.0016422771520536491,12.416405661567635
DIESEL_bp50_246_hla-b,Ridge,materialized,1,sg_smooth_w11_p2,27,0.0028863195436905583,13.314106038112788
DIESEL_bp50_246_hla-b,Ridge,materialized,1,sg_smooth_w11_p2,28,0.0050727372647621834,14.086978338411456
DIESEL_bp50_246_hla-b,Ridge,materialized,1,sg_smooth_w11_p2,29,0.00891538963991638,14.709248309985231
DIESEL_bp50_246_hla-b,Ridge,materialized,1,sg_smooth_w11_p2,30,0.015668892016873385,15.17855563859855
DIESEL_bp50_246_hla-b,Ridge,materialized,1,sg_smooth_w11_p2,31,0.02753824419935736,15.522780955668932
DIESEL_bp50_246_hla-b,Ridge,materialized,1,sg_smooth_w11_p2,32,0.04839875677021643,15.787680302280483
DIESEL_bp50_246_hla-b,Ridge,materialized,1,sg_smooth_w11_p2,33,0.08506132925341806,16.00998477307193
DIESEL_bp50_246_hla-b,Ridge,materialized,1,sg_smooth_w11_p2,34,0.14949618992715435,16.200977183980307
DIESEL_bp50_246_hla-b,Ridge,materialized,1,sg_smooth_w11_p2,35,0.26274114217228334,16.355083610790143
DIESEL_bp50_246_hla-b,Ridge,materialized,1,sg_smooth_w11_p2,36,0.4617703489542707,16.46801789514289
DIESEL_bp50_246_hla-b,Ridge,materialized,1,sg_smooth_w11_p2,37,0.8115662945300378,16.543902496356317
DIESEL_bp50_246_hla-b,Ridge,materialized,1,sg_smooth_w11_p2,38,1.4263363854105728,16.591765223587952
DIESEL_bp50_246_hla-b,Ridge,materialized,1,sg_smooth_w11_p2,39,2.5068013519760575,16.62072876144133
DIESEL_bp50_246_hla-b,Ridge,materialized,1,sg_smooth_w11_p2,40,4.4057300104982895,16.637813890412005
DIESEL_bp50_246_hla-b,Ridge,materialized,1,sg_smooth_w11_p2,41,7.743117303692347,16.647740053897884
DIESEL_bp50_246_hla-b,Ridge,materialized,1,sg_smooth_w11_p2,42,13.608610930736267,16.653455998412454
DIESEL_bp50_246_hla-b,Ridge,materialized,1,sg_smooth_w11_p2,43,23.917278300284114,16.656730667025137
DIESEL_bp50_246_hla-b,Ridge,materialized,1,sg_smooth_w11_p2,44,42.03487073035823,16.658601214178066
DIESEL_bp50_246_hla-b,Ridge,materialized,1,sg_smooth_w11_p2,45,73.87673192300218,16.659667906703977
DIESEL_bp50_246_hla-b,Ridge,materialized,1,sg_smooth_w11_p2,46,129.83914128422586,16.660275611879023
DIESEL_bp50_246_hla-b,Ridge,materialized,1,sg_smooth_w11_p2,47,228.19367032904907,16.66062163811639
DIESEL_bp50_246_hla-b,Ridge,materialized,1,sg_smooth_w11_p2,48,401.05280012791485,16.660818603461717
DIESEL_bp50_246_hla-b,Ridge,materialized,1,sg_smooth_w11_p2,49,704.8545573525774,16.660930700357994
DIESEL_bp50_246_hla-b,Ridge,materialized,2,sg_smooth_w21_p3,0,7.048545573525775e-10,3.616014057514434
DIESEL_bp50_246_hla-b,Ridge,materialized,2,sg_smooth_w21_p3,1,1.238789373524477e-09,3.386337104309439
DIESEL_bp50_246_hla-b,Ridge,materialized,2,sg_smooth_w21_p3,2,2.1771854859264767e-09,3.2407414073186387
DIESEL_bp50_246_hla-b,Ridge,materialized,2,sg_smooth_w21_p3,3,3.826426623795428e-09,3.177377942764368
DIESEL_bp50_246_hla-b,Ridge,materialized,2,sg_smooth_w21_p3,4,6.724985446547718e-09,3.177880412697033
DIESEL_bp50_246_hla-b,Ridge,materialized,2,sg_smooth_w21_p3,5,1.181923337430147e-08,3.220435397904511
DIESEL_bp50_246_hla-b,Ridge,materialized,2,sg_smooth_w21_p3,6,2.077242823297316e-08,3.2862866969354165
DIESEL_bp50_246_hla-b,Ridge,materialized,2,sg_smooth_w21_p3,7,3.650776332348399e-08,3.360144603827009
DIESEL_bp50_246_hla-b,Ridge,materialized,2,sg_smooth_w21_p3,8,6.416278193070726e-08,3.433606626083762
DIESEL_bp50_246_hla-b,Ridge,materialized,2,sg_smooth_w21_p3,9,1.1276677096345889e-07,3.508336483502867
DIESEL_bp50_246_hla-b,Ridge,materialized,2,sg_smooth_w21_p3,10,1.9818879809884598e-07,3.594621895309048
DIESEL_bp50_246_hla-b,Ridge,materialized,2,sg_smooth_w21_p3,11,3.483189183859228e-07,3.7098296153903916
DIESEL_bp50_246_hla-b,Ridge,materialized,2,sg_smooth_w21_p3,12,6.121741999011882e-07,3.8799506039798715
DIESEL_bp50_246_hla-b,Ridge,materialized,2,sg_smooth_w21_p3,13,1.0759026605883201e-06,4.139345406714557
DIESEL_bp50_246_hla-b,Ridge,materialized,2,sg_smooth_w21_p3,14,1.890910357293511e-06,4.521408701004818
DIESEL_bp50_246_hla-b,Ridge,materialized,2,sg_smooth_w21_p3,15,3.3232950435913183e-06,5.0386350411365735
DIESEL_bp50_246_hla-b,Ridge,materialized,2,sg_smooth_w21_p3,16,5.8407263486390085e-06,5.663806758092165
DIESEL_bp50_246_hla-b,Ridge,materialized,2,sg_smooth_w21_p3,17,1.0265138614602399e-05,6.3357405680660115
DIESEL_bp50_246_hla-b,Ridge,materialized,2,sg_smooth_w21_p3,18,1.8041090180770887e-05,6.991820804789215
DIESEL_bp50_246_hla-b,Ridge,materialized,2,sg_smooth_w21_p3,19,3.170740767666831e-05,7.596710382321936
DIESEL_bp50_246_hla-b,Ridge,materialized,2,sg_smooth_w21_p3,20,5.572610587834698e-05,8.152642714783983
DIESEL_bp50_246_hla-b,Ridge,materialized,2,sg_smooth_w21_p3,21,9.793922316297776e-05,8.700751553519275
DIESEL_bp50_246_hla-b,Ridge,materialized,2,sg_smooth_w21_p3,22,0.00017212922529895807,9.308477295267625
DIESEL_bp50_246_hla-b,Ridge,materialized,2,sg_smooth_w21_p3,23,0.00030251894231094324,10.038419396343071
DIESEL_bp50_246_hla-b,Ridge,materialized,2,sg_smooth_w21_p3,24,0.0005316802553313157,10.904370065737902
DIESEL_bp50_246_hla-b,Ridge,materialized,2,sg_smooth_w21_p3,25,0.0009344336977702967,11.845276151931905
DIESEL_bp50_246_hla-b,Ridge,materialized,2,sg_smooth_w21_p3,26,0.0016422771520536491,12.768253884188963
DIESEL_bp50_246_hla-b,Ridge,materialized,2,sg_smooth_w21_p3,27,0.0028863195436905583,13.60619039112799
DIESEL_bp50_246_hla-b,Ridge,materialized,2,sg_smooth_w21_p3,28,0.0050727372647621834,14.31893905962633
DIESEL_bp50_246_hla-b,Ridge,materialized,2,sg_smooth_w21_p3,29,0.00891538963991638,14.882657636747032
DIESEL_bp50_246_hla-b,Ridge,materialized,2,sg_smooth_w21_p3,30,0.015668892016873385,15.301656962699841
DIESEL_bp50_246_hla-b,Ridge,materialized,2,sg_smooth_w21_p3,31,0.02753824419935736,15.611765112676753
DIESEL_bp50_246_hla-b,Ridge,materialized,2,sg_smooth_w21_p3,32,0.04839875677021643,15.858955133063187
DIESEL_bp50_246_hla-b,Ridge,materialized,2,sg_smooth_w21_p3,33,0.08506132925341806,16.07167967325675
DIESEL_bp50_246_hla-b,Ridge,materialized,2,sg_smooth_w21_p3,34,0.14949618992715435,16.252746660423988
DIESEL_bp50_246_hla-b,Ridge,materialized,2,sg_smooth_w21_p3,35,0.26274114217228334,16.39459085092986
DIESEL_bp50_246_hla-b,Ridge,materialized,2,sg_smooth_w21_p3,36,0.4617703489542707,16.49538445790399
DIESEL_bp50_246_hla-b,Ridge,materialized,2,sg_smooth_w21_p3,37,0.8115662945300378,16.561512185895843
DIESEL_bp50_246_hla-b,Ridge,materialized,2,sg_smooth_w21_p3,38,1.4263363854105728,16.602553546563218
DIESEL_bp50_246_hla-b,Ridge,materialized,2,sg_smooth_w21_p3,39,2.5068013519760575,16.627139380761854
DIESEL_bp50_246_hla-b,Ridge,materialized,2,sg_smooth_w21_p3,40,4.4057300104982895,16.641554284670796
DIESEL_bp50_246_hla-b,Ridge,materialized,2,sg_smooth_w21_p3,41,7.743117303692347,16.64989925863432
DIESEL_bp50_246_hla-b,Ridge,materialized,2,sg_smooth_w21_p3,42,13.608610930736267,16.654694757210326
DIESEL_bp50_246_hla-b,Ridge,materialized,2,sg_smooth_w21_p3,43,23.917278300284114,16.657438839013334
DIESEL_bp50_246_hla-b,Ridge,materialized,2,sg_smooth_w21_p3,44,42.03487073035823,16.65900524024314
DIESEL_bp50_246_hla-b,Ridge,materialized,2,sg_smooth_w21_p3,45,73.87673192300218,16.6598981447318
DIESEL_bp50_246_hla-b,Ridge,materialized,2,sg_smooth_w21_p3,46,129.83914128422586,16.660406728595458
DIESEL_bp50_246_hla-b,Ridge,materialized,2,sg_smooth_w21_p3,47,228.19367032904907,16.66069627883429
DIESEL_bp50_246_hla-b,Ridge,materialized,2,sg_smooth_w21_p3,48,401.05280012791485,16.660861085036224
DIESEL_bp50_246_hla-b,Ridge,materialized,2,sg_smooth_w21_p3,49,704.8545573525774,16.660954875692944
DIESEL_bp50_246_hla-b,Ridge,materialized,3,sg_d1_w11_p2,0,7.048545573525775e-10,3.302598073195383
DIESEL_bp50_246_hla-b,Ridge,materialized,3,sg_d1_w11_p2,1,1.238789373524477e-09,3.3349803121953867
DIESEL_bp50_246_hla-b,Ridge,materialized,3,sg_d1_w11_p2,2,2.1771854859264767e-09,3.369295265050372
DIESEL_bp50_246_hla-b,Ridge,materialized,3,sg_d1_w11_p2,3,3.826426623795428e-09,3.4072546002708797
DIESEL_bp50_246_hla-b,Ridge,materialized,3,sg_d1_w11_p2,4,6.724985446547718e-09,3.4544197717063745
DIESEL_bp50_246_hla-b,Ridge,materialized,3,sg_d1_w11_p2,5,1.181923337430147e-08,3.5208126556336294
DIESEL_bp50_246_hla-b,Ridge,materialized,3,sg_d1_w11_p2,6,2.077242823297316e-08,3.6258625018036903
DIESEL_bp50_246_hla-b,Ridge,materialized,3,sg_d1_w11_p2,7,3.650776332348399e-08,3.804156813454405
DIESEL_bp50_246_hla-b,Ridge,materialized,3,sg_d1_w11_p2,8,6.416278193070726e-08,4.09741523963641
DIESEL_bp50_246_hla-b,Ridge,materialized,3,sg_d1_w11_p2,9,1.1276677096345889e-07,4.523246874348379
DIESEL_bp50_246_hla-b,Ridge,materialized,3,sg_d1_w11_p2,10,1.9818879809884598e-07,5.054614760026826
DIESEL_bp50_246_hla-b,Ridge,materialized,3,sg_d1_w11_p2,11,3.483189183859228e-07,5.64218166294813
DIESEL_bp50_246_hla-b,Ridge,materialized,3,sg_d1_w11_p2,12,6.121741999011882e-07,6.248156529551202
DIESEL_bp50_246_hla-b,Ridge,materialized,3,sg_d1_w11_p2,13,1.0759026605883201e-06,6.859271764623448
DIESEL_bp50_246_hla-b,Ridge,materialized,3,sg_d1_w11_p2,14,1.890910357293511e-06,7.4889832495481965
DIESEL_bp50_246_hla-b,Ridge,materialized,3,sg_d1_w11_p2,15,3.3232950435913183e-06,8.180812308532072
DIESEL_bp50_246_hla-b,Ridge,materialized,3,sg_d1_w11_p2,16,5.8407263486390085e-06,8.989884035621042
DIESEL_bp50_246_hla-b,Ridge,materialized,3,sg_d1_w11_p2,17,1.0265138614602399e-05,9.934369199852293
DIESEL_bp50_246_hla-b,Ridge,materialized,3,sg_d1_w11_p2,18,1.8041090180770887e-05,10.969915028323388
DIESEL_bp50_246_hla-b,Ridge,materialized,3,sg_d1_w11_p2,19,3.170740767666831e-05,12.004254347160524
DIESEL_bp50_246_hla-b,Ridge,materialized,3,sg_d1_w11_p2,20,5.572610587834698e-05,12.942264029112911
DIESEL_bp50_246_hla-b,Ridge,materialized,3,sg_d1_w11_p2,21,9.793922316297776e-05,13.736618568410051
DIESEL_bp50_246_hla-b,Ridge,materialized,3,sg_d1_w11_p2,22,0.00017212922529895807,14.387454603493087
DIESEL_bp50_246_hla-b,Ridge,materialized,3,sg_d1_w11_p2,23,0.00030251894231094324,14.906990854602498
DIESEL_bp50_246_hla-b,Ridge,materialized,3,sg_d1_w11_p2,24,0.0005316802553313157,15.30925335113788
DIESEL_bp50_246_hla-b,Ridge,materialized,3,sg_d1_w11_p2,25,0.0009344336977702967,15.62093203993596
DIESEL_bp50_246_hla-b,Ridge,materialized,3,sg_d1_w11_p2,26,0.0016422771520536491,15.875577804504605
DIESEL_bp50_246_hla-b,Ridge,materialized,3,sg_d1_w11_p2,27,0.0028863195436905583,16.09308444418844
DIESEL_bp50_246_hla-b,Ridge,materialized,3,sg_d1_w11_p2,28,0.0050727372647621834,16.273546247913334
DIESEL_bp50_246_hla-b,Ridge,materialized,3,sg_d1_w11_p2,29,0.00891538963991638,16.411194278286292
DIESEL_bp50_246_hla-b,Ridge,materialized,3,sg_d1_w11_p2,30,0.015668892016873385,16.507006402069226
DIESEL_bp50_246_hla-b,Ridge,materialized,3,sg_d1_w11_p2,31,0.02753824419935736,16.568994092773167
DIESEL_bp50_246_hla-b,Ridge,materialized,3,sg_d1_w11_p2,32,0.04839875677021643,16.60712975743177
DIESEL_bp50_246_hla-b,Ridge,materialized,3,sg_d1_w11_p2,33,0.08506132925341806,16.629854390691783
DIESEL_bp50_246_hla-b,Ridge,materialized,3,sg_d1_w11_p2,34,0.14949618992715435,16.643136660064354
DIESEL_bp50_246_hla-b,Ridge,materialized,3,sg_d1_w11_p2,35,0.26274114217228334,16.65081207421639
DIESEL_bp50_246_hla-b,Ridge,materialized,3,sg_d1_w11_p2,36,0.4617703489542707,16.655218229573812
DIESEL_bp50_246_hla-b,Ridge,materialized,3,sg_d1_w11_p2,37,0.8115662945300378,16.65773802335938
DIESEL_bp50_246_hla-b,Ridge,materialized,3,sg_d1_w11_p2,38,1.4263363854105728,16.659175906494692
DIESEL_bp50_246_hla-b,Ridge,materialized,3,sg_d1_w11_p2,39,2.5068013519760575,16.659995392532817
DIESEL_bp50_246_hla-b,Ridge,materialized,3,sg_d1_w11_p2,40,4.4057300104982895,16.660462107003998
DIESEL_bp50_246_hla-b,Ridge,materialized,3,sg_d1_w11_p2,41,7.743117303692347,16.660727803218563
DIESEL_bp50_246_hla-b,Ridge,materialized,3,sg_d1_w11_p2,42,13.608610930736267,16.660879026786073
DIESEL_bp50_246_hla-b,Ridge,materialized,3,sg_d1_w11_p2,43,23.917278300284114,16.66096508586184
DIESEL_bp50_246_hla-b,Ridge,materialized,3,sg_d1_w11_p2,44,42.03487073035823,16.661014057145216
DIESEL_bp50_246_hla-b,Ridge,materialized,3,sg_d1_w11_p2,45,73.87673192300218,16.661041922710748
DIESEL_bp50_246_hla-b,Ridge,materialized,3,sg_d1_w11_p2,46,129.83914128422586,16.661057778349736
DIESEL_bp50_246_hla-b,Ridge,materialized,3,sg_d1_w11_p2,47,228.19367032904907,16.661066800159567
DIESEL_bp50_246_hla-b,Ridge,materialized,3,sg_d1_w11_p2,48,401.05280012791485,16.661071933501482
DIESEL_bp50_246_hla-b,Ridge,materialized,3,sg_d1_w11_p2,49,704.8545573525774,16.661074854321416
DIESEL_bp50_246_hla-b,Ridge,materialized,4,sg_d1_w21_p3,0,7.048545573525775e-10,3.2978484368374112
DIESEL_bp50_246_hla-b,Ridge,materialized,4,sg_d1_w21_p3,1,1.238789373524477e-09,3.323322654192952
DIESEL_bp50_246_hla-b,Ridge,materialized,4,sg_d1_w21_p3,2,2.1771854859264767e-09,3.3554777338145803
DIESEL_bp50_246_hla-b,Ridge,materialized,4,sg_d1_w21_p3,3,3.826426623795428e-09,3.3968037781289993
DIESEL_bp50_246_hla-b,Ridge,materialized,4,sg_d1_w21_p3,4,6.724985446547718e-09,3.4486922855340625
DIESEL_bp50_246_hla-b,Ridge,materialized,4,sg_d1_w21_p3,5,1.181923337430147e-08,3.5161387012126104
DIESEL_bp50_246_hla-b,Ridge,materialized,4,sg_d1_w21_p3,6,2.077242823297316e-08,3.6169892911550816
DIESEL_bp50_246_hla-b,Ridge,materialized,4,sg_d1_w21_p3,7,3.650776332348399e-08,3.789372703798475
DIESEL_bp50_246_hla-b,Ridge,materialized,4,sg_d1_w21_p3,8,6.416278193070726e-08,4.080139590543338
DIESEL_bp50_246_hla-b,Ridge,materialized,4,sg_d1_w21_p3,9,1.1276677096345889e-07,4.507210643662451
DIESEL_bp50_246_hla-b,Ridge,materialized,4,sg_d1_w21_p3,10,1.9818879809884598e-07,5.037572777986021
DIESEL_bp50_246_hla-b,Ridge,materialized,4,sg_d1_w21_p3,11,3.483189183859228e-07,5.615435877240289
DIESEL_bp50_246_hla-b,Ridge,materialized,4,sg_d1_w21_p3,12,6.121741999011882e-07,6.201938827057186
DIESEL_bp50_246_hla-b,Ridge,materialized,4,sg_d1_w21_p3,13,1.0759026605883201e-06,6.790207642625307
DIESEL_bp50_246_hla-b,Ridge,materialized,4,sg_d1_w21_p3,14,1.890910357293511e-06,7.4044137864759545
DIESEL_bp50_246_hla-b,Ridge,materialized,4,sg_d1_w21_p3,15,3.3232950435913183e-06,8.094720796691178
DIESEL_bp50_246_hla-b,Ridge,materialized,4,sg_d1_w21_p3,16,5.8407263486390085e-06,8.915134211268718
DIESEL_bp50_246_hla-b,Ridge,materialized,4,sg_d1_w21_p3,17,1.0265138614602399e-05,9.877979964874413
DIESEL_bp50_246_hla-b,Ridge,materialized,4,sg_d1_w21_p3,18,1.8041090180770887e-05,10.929610635291988
DIESEL_bp50_246_hla-b,Ridge,materialized,4,sg_d1_w21_p3,19,3.170740767666831e-05,11.968695003142688
DIESEL_bp50_246_hla-b,Ridge,materialized,4,sg_d1_w21_p3,20,5.572610587834698e-05,12.897264796610699
DIESEL_bp50_246_hla-b,Ridge,materialized,4,sg_d1_w21_p3,21,9.793922316297776e-05,13.67334713798723
DIESEL_bp50_246_hla-b,Ridge,materialized,4,sg_d1_w21_p3,22,0.00017212922529895807,14.308824388064528
DIESEL_bp50_246_hla-b,Ridge,materialized,4,sg_d1_w21_p3,23,0.00030251894231094324,14.825575073842884
DIESEL_bp50_246_hla-b,Ridge,materialized,4,sg_d1_w21_p3,24,0.0005316802553313157,15.235700712180545
DIESEL_bp50_246_hla-b,Ridge,materialized,4,sg_d1_w21_p3,25,0.0009344336977702967,15.556442433032242
DIESEL_bp50_246_hla-b,Ridge,materialized,4,sg_d1_w21_p3,26,0.0016422771520536491,15.81649429303821
DIESEL_bp50_246_hla-b,Ridge,materialized,4,sg_d1_w21_p3,27,0.0028863195436905583,16.038908171887222
DIESEL_bp50_246_hla-b,Ridge,materialized,4,sg_d1_w21_p3,28,0.0050727372647621834,16.22774702399702
DIESEL_bp50_246_hla-b,Ridge,materialized,4,sg_d1_w21_p3,29,0.00891538963991638,16.376587360781183
DIESEL_bp50_246_hla-b,Ridge,materialized,4,sg_d1_w21_p3,30,0.015668892016873385,16.483309958873935
DIESEL_bp50_246_hla-b,Ridge,materialized,4,sg_d1_w21_p3,31,0.02753824419935736,16.55387978649256
DIESEL_bp50_246_hla-b,Ridge,materialized,4,sg_d1_w21_p3,32,0.04839875677021643,16.597923772417364
DIESEL_bp50_246_hla-b,Ridge,materialized,4,sg_d1_w21_p3,33,0.08506132925341806,16.624403530211683
DIESEL_bp50_246_hla-b,Ridge,materialized,4,sg_d1_w21_p3,34,0.14949618992715435,16.639962998614294
DIESEL_bp50_246_hla-b,Ridge,materialized,4,sg_d1_w21_p3,35,0.26274114217228334,16.648982291297763
DIESEL_bp50_246_hla-b,Ridge,materialized,4,sg_d1_w21_p3,36,0.4617703489542707,16.654169212764728
DIESEL_bp50_246_hla-b,Ridge,materialized,4,sg_d1_w21_p3,37,0.8115662945300378,16.657138568278835
DIESEL_bp50_246_hla-b,Ridge,materialized,4,sg_d1_w21_p3,38,1.4263363854105728,16.65883398557423
DIESEL_bp50_246_hla-b,Ridge,materialized,4,sg_d1_w21_p3,39,2.5068013519760575,16.659800571704313
DIESEL_bp50_246_hla-b,Ridge,materialized,4,sg_d1_w21_p3,40,4.4057300104982895,16.660351168228495
DIESEL_bp50_246_hla-b,Ridge,materialized,4,sg_d1_w21_p3,41,7.743117303692347,16.660664651917198
DIESEL_bp50_246_hla-b,Ridge,materialized,4,sg_d1_w21_p3,42,13.608610930736267,16.660843085269722
DIESEL_bp50_246_hla-b,Ridge,materialized,4,sg_d1_w21_p3,43,23.917278300284114,16.660944632617905
DIESEL_bp50_246_hla-b,Ridge,materialized,4,sg_d1_w21_p3,44,42.03487073035823,16.661002418551174
DIESEL_bp50_246_hla-b,Ridge,materialized,4,sg_d1_w21_p3,45,73.87673192300218,16.661035300191863
DIESEL_bp50_246_hla-b,Ridge,materialized,4,sg_d1_w21_p3,46,129.83914128422586,16.661054010123298
DIESEL_bp50_246_hla-b,Ridge,materialized,4,sg_d1_w21_p3,47,228.19367032904907,16.661064656056208
DIESEL_bp50_246_hla-b,Ridge,materialized,4,sg_d1_w21_p3,48,401.05280012791485,16.661070713524715
DIESEL_bp50_246_hla-b,Ridge,materialized,4,sg_d1_w21_p3,49,704.8545573525774,16.661074160167516
DIESEL_bp50_246_hla-b,Ridge,materialized,5,sg_d2_w11_p2,0,7.048545573525775e-10,3.96170293915657
DIESEL_bp50_246_hla-b,Ridge,materialized,5,sg_d2_w11_p2,1,1.238789373524477e-09,4.022518413043731
DIESEL_bp50_246_hla-b,Ridge,materialized,5,sg_d2_w11_p2,2,2.1771854859264767e-09,4.084699631321295
DIESEL_bp50_246_hla-b,Ridge,materialized,5,sg_d2_w11_p2,3,3.826426623795428e-09,4.1606537072055865
DIESEL_bp50_246_hla-b,Ridge,materialized,5,sg_d2_w11_p2,4,6.724985446547718e-09,4.268632424287157
DIESEL_bp50_246_hla-b,Ridge,materialized,5,sg_d2_w11_p2,5,1.181923337430147e-08,4.436613284366339
DIESEL_bp50_246_hla-b,Ridge,materialized,5,sg_d2_w11_p2,6,2.077242823297316e-08,4.70124354492387
DIESEL_bp50_246_hla-b,Ridge,materialized,5,sg_d2_w11_p2,7,3.650776332348399e-08,5.094412741867027
DIESEL_bp50_246_hla-b,Ridge,materialized,5,sg_d2_w11_p2,8,6.416278193070726e-08,5.62173709555118
DIESEL_bp50_246_hla-b,Ridge,materialized,5,sg_d2_w11_p2,9,1.1276677096345889e-07,6.252554064077822
DIESEL_bp50_246_hla-b,Ridge,materialized,5,sg_d2_w11_p2,10,1.9818879809884598e-07,6.934587581763471
DIESEL_bp50_246_hla-b,Ridge,materialized,5,sg_d2_w11_p2,11,3.483189183859228e-07,7.629032943967118
DIESEL_bp50_246_hla-b,Ridge,materialized,5,sg_d2_w11_p2,12,6.121741999011882e-07,8.344984785090576
DIESEL_bp50_246_hla-b,Ridge,materialized,5,sg_d2_w11_p2,13,1.0759026605883201e-06,9.132525111294616
DIESEL_bp50_246_hla-b,Ridge,materialized,5,sg_d2_w11_p2,14,1.890910357293511e-06,10.030851996048849
DIESEL_bp50_246_hla-b,Ridge,materialized,5,sg_d2_w11_p2,15,3.3232950435913183e-06,11.033145874451545
DIESEL_bp50_246_hla-b,Ridge,materialized,5,sg_d2_w11_p2,16,5.8407263486390085e-06,12.086550982617727
DIESEL_bp50_246_hla-b,Ridge,materialized,5,sg_d2_w11_p2,17,1.0265138614602399e-05,13.102416921214928
DIESEL_bp50_246_hla-b,Ridge,materialized,5,sg_d2_w11_p2,18,1.8041090180770887e-05,13.988095213248277
DIESEL_bp50_246_hla-b,Ridge,materialized,5,sg_d2_w11_p2,19,3.170740767666831e-05,14.690531046940325
DIESEL_bp50_246_hla-b,Ridge,materialized,5,sg_d2_w11_p2,20,5.572610587834698e-05,15.213562748914047
DIESEL_bp50_246_hla-b,Ridge,materialized,5,sg_d2_w11_p2,21,9.793922316297776e-05,15.60042559709691
DIESEL_bp50_246_hla-b,Ridge,materialized,5,sg_d2_w11_p2,22,0.00017212922529895807,15.898702595029178
DIESEL_bp50_246_hla-b,Ridge,materialized,5,sg_d2_w11_p2,23,0.00030251894231094324,16.134809250286718
DIESEL_bp50_246_hla-b,Ridge,materialized,5,sg_d2_w11_p2,24,0.0005316802553313157,16.31563605180873
DIESEL_bp50_246_hla-b,Ridge,materialized,5,sg_d2_w11_p2,25,0.0009344336977702967,16.444615261130984
DIESEL_bp50_246_hla-b,Ridge,materialized,5,sg_d2_w11_p2,26,0.0016422771520536491,16.530158589309917
DIESEL_bp50_246_hla-b,Ridge,materialized,5,sg_d2_w11_p2,27,0.0028863195436905583,16.58377626027475
DIESEL_bp50_246_hla-b,Ridge,materialized,5,sg_d2_w11_p2,28,0.0050727372647621834,16.616121689197364
DIESEL_bp50_246_hla-b,Ridge,materialized,5,sg_d2_w11_p2,29,0.00891538963991638,16.635171226620724
DIESEL_bp50_246_hla-b,Ridge,materialized,5,sg_d2_w11_p2,30,0.015668892016873385,16.646229240741064
DIESEL_bp50_246_hla-b,Ridge,materialized,5,sg_d2_w11_p2,31,0.02753824419935736,16.652593990822204
DIESEL_bp50_246_hla-b,Ridge,materialized,5,sg_d2_w11_p2,32,0.04839875677021643,16.656239417338163
DIESEL_bp50_246_hla-b,Ridge,materialized,5,sg_d2_w11_p2,33,0.08506132925341806,16.658321445656064
DIESEL_bp50_246_hla-b,Ridge,materialized,5,sg_d2_w11_p2,34,0.14949618992715435,16.659508639576252
DIESEL_bp50_246_hla-b,Ridge,materialized,5,sg_d2_w11_p2,35,0.26274114217228334,16.660184964216093
DIESEL_bp50_246_hla-b,Ridge,materialized,5,sg_d2_w11_p2,36,0.4617703489542707,16.66057005212211
DIESEL_bp50_246_hla-b,Ridge,materialized,5,sg_d2_w11_p2,37,0.8115662945300378,16.660789248907044
DIESEL_bp50_246_hla-b,Ridge,materialized,5,sg_d2_w11_p2,38,1.4263363854105728,16.660913997097886
DIESEL_bp50_246_hla-b,Ridge,materialized,5,sg_d2_w11_p2,39,2.5068013519760575,16.660984986265646
DIESEL_bp50_246_hla-b,Ridge,materialized,5,sg_d2_w11_p2,40,4.4057300104982895,16.661025381103613
DIESEL_bp50_246_hla-b,Ridge,materialized,5,sg_d2_w11_p2,41,7.743117303692347,16.661048366181216
DIESEL_bp50_246_hla-b,Ridge,materialized,5,sg_d2_w11_p2,42,13.608610930736267,16.661061444691953
DIESEL_bp50_246_hla-b,Ridge,materialized,5,sg_d2_w11_p2,43,23.917278300284114,16.661068886289552
DIESEL_bp50_246_hla-b,Ridge,materialized,5,sg_d2_w11_p2,44,42.03487073035823,16.66107312049133
DIESEL_bp50_246_hla-b,Ridge,materialized,5,sg_d2_w11_p2,45,73.87673192300218,16.66107552970592
DIESEL_bp50_246_hla-b,Ridge,materialized,5,sg_d2_w11_p2,46,129.83914128422586,16.661076900520147
DIESEL_bp50_246_hla-b,Ridge,materialized,5,sg_d2_w11_p2,47,228.19367032904907,16.661077680496174
DIESEL_bp50_246_hla-b,Ridge,materialized,5,sg_d2_w11_p2,48,401.05280012791485,16.66107812429244
DIESEL_bp50_246_hla-b,Ridge,materialized,5,sg_d2_w11_p2,49,704.8545573525774,16.66107837680669
DIESEL_bp50_246_hla-b,Ridge,materialized,6,detrend_d1,0,7.048545573525775e-10,4.533408607546619
DIESEL_bp50_246_hla-b,Ridge,materialized,6,detrend_d1,1,1.238789373524477e-09,4.164971830811057
DIESEL_bp50_246_hla-b,Ridge,materialized,6,detrend_d1,2,2.1771854859264767e-09,3.84225964827177
DIESEL_bp50_246_hla-b,Ridge,materialized,6,detrend_d1,3,3.826426623795428e-09,3.5829873250467137
DIESEL_bp50_246_hla-b,Ridge,materialized,6,detrend_d1,4,6.724985446547718e-09,3.4011350014681687
DIESEL_bp50_246_hla-b,Ridge,materialized,6,detrend_d1,5,1.181923337430147e-08,3.3024347479904868
DIESEL_bp50_246_hla-b,Ridge,materialized,6,detrend_d1,6,2.077242823297316e-08,3.2759905955717037
DIESEL_bp50_246_hla-b,Ridge,materialized,6,detrend_d1,7,3.650776332348399e-08,3.2957739073927406
DIESEL_bp50_246_hla-b,Ridge,materialized,6,detrend_d1,8,6.416278193070726e-08,3.3355958743547744
DIESEL_bp50_246_hla-b,Ridge,materialized,6,detrend_d1,9,1.1276677096345889e-07,3.380390715504391
DIESEL_bp50_246_hla-b,Ridge,materialized,6,detrend_d1,10,1.9818879809884598e-07,3.4251212580284984
DIESEL_bp50_246_hla-b,Ridge,materialized,6,detrend_d1,11,3.483189183859228e-07,3.4720224076246615
DIESEL_bp50_246_hla-b,Ridge,materialized,6,detrend_d1,12,6.121741999011882e-07,3.5355660191016853
DIESEL_bp50_246_hla-b,Ridge,materialized,6,detrend_d1,13,1.0759026605883201e-06,3.6520364372593987
DIESEL_bp50_246_hla-b,Ridge,materialized,6,detrend_d1,14,1.890910357293511e-06,3.877638534533726
DIESEL_bp50_246_hla-b,Ridge,materialized,6,detrend_d1,15,3.3232950435913183e-06,4.25959369395139
DIESEL_bp50_246_hla-b,Ridge,materialized,6,detrend_d1,16,5.8407263486390085e-06,4.799446151590815
DIESEL_bp50_246_hla-b,Ridge,materialized,6,detrend_d1,17,1.0265138614602399e-05,5.444606376576936
DIESEL_bp50_246_hla-b,Ridge,materialized,6,detrend_d1,18,1.8041090180770887e-05,6.11394571581351
DIESEL_bp50_246_hla-b,Ridge,materialized,6,detrend_d1,19,3.170740767666831e-05,6.743891825064765
DIESEL_bp50_246_hla-b,Ridge,materialized,6,detrend_d1,20,5.572610587834698e-05,7.32733678746772
DIESEL_bp50_246_hla-b,Ridge,materialized,6,detrend_d1,21,9.793922316297776e-05,7.91974984772002
DIESEL_bp50_246_hla-b,Ridge,materialized,6,detrend_d1,22,0.00017212922529895807,8.600758018694615
DIESEL_bp50_246_hla-b,Ridge,materialized,6,detrend_d1,23,0.00030251894231094324,9.409184028970369
DIESEL_bp50_246_hla-b,Ridge,materialized,6,detrend_d1,24,0.0005316802553313157,10.324670096568079
DIESEL_bp50_246_hla-b,Ridge,materialized,6,detrend_d1,25,0.0009344336977702967,11.300792102703351
DIESEL_bp50_246_hla-b,Ridge,materialized,6,detrend_d1,26,0.0016422771520536491,12.278593626642802
DIESEL_bp50_246_hla-b,Ridge,materialized,6,detrend_d1,27,0.0028863195436905583,13.193656420498542
DIESEL_bp50_246_hla-b,Ridge,materialized,6,detrend_d1,28,0.0050727372647621834,13.9935122931357
DIESEL_bp50_246_hla-b,Ridge,materialized,6,detrend_d1,29,0.00891538963991638,14.644282442277992
DIESEL_bp50_246_hla-b,Ridge,materialized,6,detrend_d1,30,0.015668892016873385,15.137639023572756
DIESEL_bp50_246_hla-b,Ridge,materialized,6,detrend_d1,31,0.02753824419935736,15.49815665226761
DIESEL_bp50_246_hla-b,Ridge,materialized,6,detrend_d1,32,0.04839875677021643,15.771526648749633
DIESEL_bp50_246_hla-b,Ridge,materialized,6,detrend_d1,33,0.08506132925341806,15.997286955022483
DIESEL_bp50_246_hla-b,Ridge,materialized,6,detrend_d1,34,0.14949618992715435,16.190204580607833
DIESEL_bp50_246_hla-b,Ridge,materialized,6,detrend_d1,35,0.26274114217228334,16.346487210288586
DIESEL_bp50_246_hla-b,Ridge,materialized,6,detrend_d1,36,0.4617703489542707,16.461819620966743
DIESEL_bp50_246_hla-b,Ridge,materialized,6,detrend_d1,37,0.8115662945300378,16.539801515997958
DIESEL_bp50_246_hla-b,Ridge,materialized,6,detrend_d1,38,1.4263363854105728,16.58920845405029
DIESEL_bp50_246_hla-b,Ridge,materialized,6,detrend_d1,39,2.5068013519760575,16.619193431010512
DIESEL_bp50_246_hla-b,Ridge,materialized,6,detrend_d1,40,4.4057300104982895,16.63691253825514
DIESEL_bp50_246_hla-b,Ridge,materialized,6,detrend_d1,41,7.743117303692347,16.647217875805474
DIESEL_bp50_246_hla-b,Ridge,materialized,6,detrend_d1,42,13.608610930736267,16.653155805458134
DIESEL_bp50_246_hla-b,Ridge,materialized,6,detrend_d1,43,23.917278300284114,16.65655885206969
DIESEL_bp50_246_hla-b,Ridge,materialized,6,detrend_d1,44,42.03487073035823,16.658503124842444
DIESEL_bp50_246_hla-b,Ridge,materialized,6,detrend_d1,45,73.87673192300218,16.65961198828773
DIESEL_bp50_246_hla-b,Ridge,materialized,6,detrend_d1,46,129.83914128422586,16.66024376036572
DIESEL_bp50_246_hla-b,Ridge,materialized,6,detrend_d1,47,228.19367032904907,16.660603503789396
DIESEL_bp50_246_hla-b,Ridge,materialized,6,detrend_d1,48,401.05280012791485,16.660808281630274
DIESEL_bp50_246_hla-b,Ridge,materialized,6,detrend_d1,49,704.8545573525774,16.660924826194517
DIESEL_bp50_246_hla-b,Ridge,materialized,7,detrend_d2,0,7.048545573525775e-10,4.10610073362005
DIESEL_bp50_246_hla-b,Ridge,materialized,7,detrend_d2,1,1.238789373524477e-09,3.8460468381890274
DIESEL_bp50_246_hla-b,Ridge,materialized,7,detrend_d2,2,2.1771854859264767e-09,3.6449341380432054
DIESEL_bp50_246_hla-b,Ridge,materialized,7,detrend_d2,3,3.826426623795428e-09,3.5013803450434073
DIESEL_bp50_246_hla-b,Ridge,materialized,7,detrend_d2,4,6.724985446547718e-09,3.4145611101825124
DIESEL_bp50_246_hla-b,Ridge,materialized,7,detrend_d2,5,1.181923337430147e-08,3.3797523620435377
DIESEL_bp50_246_hla-b,Ridge,materialized,7,detrend_d2,6,2.077242823297316e-08,3.3820472025698414
DIESEL_bp50_246_hla-b,Ridge,materialized,7,detrend_d2,7,3.650776332348399e-08,3.4009558176189847
DIESEL_bp50_246_hla-b,Ridge,materialized,7,detrend_d2,8,6.416278193070726e-08,3.422288602614003
DIESEL_bp50_246_hla-b,Ridge,materialized,7,detrend_d2,9,1.1276677096345889e-07,3.4425692574543247
DIESEL_bp50_246_hla-b,Ridge,materialized,7,detrend_d2,10,1.9818879809884598e-07,3.4646456227493183
DIESEL_bp50_246_hla-b,Ridge,materialized,7,detrend_d2,11,3.483189183859228e-07,3.494913730846939
DIESEL_bp50_246_hla-b,Ridge,materialized,7,detrend_d2,12,6.121741999011882e-07,3.549081412778068
DIESEL_bp50_246_hla-b,Ridge,materialized,7,detrend_d2,13,1.0759026605883201e-06,3.663742304328418
DIESEL_bp50_246_hla-b,Ridge,materialized,7,detrend_d2,14,1.890910357293511e-06,3.8959372955332228
DIESEL_bp50_246_hla-b,Ridge,materialized,7,detrend_d2,15,3.3232950435913183e-06,4.291868870181576
DIESEL_bp50_246_hla-b,Ridge,materialized,7,detrend_d2,16,5.8407263486390085e-06,4.847705623058671
DIESEL_bp50_246_hla-b,Ridge,materialized,7,detrend_d2,17,1.0265138614602399e-05,5.5039809021204436
DIESEL_bp50_246_hla-b,Ridge,materialized,7,detrend_d2,18,1.8041090180770887e-05,6.17625394474577
DIESEL_bp50_246_hla-b,Ridge,materialized,7,detrend_d2,19,3.170740767666831e-05,6.802391401723336
DIESEL_bp50_246_hla-b,Ridge,materialized,7,detrend_d2,20,5.572610587834698e-05,7.378794167565161
DIESEL_bp50_246_hla-b,Ridge,materialized,7,detrend_d2,21,9.793922316297776e-05,7.963195104627249
DIESEL_bp50_246_hla-b,Ridge,materialized,7,detrend_d2,22,0.00017212922529895807,8.633667279711112
DIESEL_bp50_246_hla-b,Ridge,materialized,7,detrend_d2,23,0.00030251894231094324,9.426198412450265
DIESEL_bp50_246_hla-b,Ridge,materialized,7,detrend_d2,24,0.0005316802553313157,10.324189414214397
DIESEL_bp50_246_hla-b,Ridge,materialized,7,detrend_d2,25,0.0009344336977702967,11.289614453996304
DIESEL_bp50_246_hla-b,Ridge,materialized,7,detrend_d2,26,0.0016422771520536491,12.265439160714788
DIESEL_bp50_246_hla-b,Ridge,materialized,7,detrend_d2,27,0.0028863195436905583,13.182323363308251
DIESEL_bp50_246_hla-b,Ridge,materialized,7,detrend_d2,28,0.0050727372647621834,13.984221172624501
DIESEL_bp50_246_hla-b,Ridge,materialized,7,detrend_d2,29,0.00891538963991638,14.636879778291064
DIESEL_bp50_246_hla-b,Ridge,materialized,7,detrend_d2,30,0.015668892016873385,15.132147720503502
DIESEL_bp50_246_hla-b,Ridge,materialized,7,detrend_d2,31,0.02753824419935736,15.49446683739481
DIESEL_bp50_246_hla-b,Ridge,materialized,7,detrend_d2,32,0.04839875677021643,15.76937040539861
DIESEL_bp50_246_hla-b,Ridge,materialized,7,detrend_d2,33,0.08506132925341806,15.996275959541506
DIESEL_bp50_246_hla-b,Ridge,materialized,7,detrend_d2,34,0.14949618992715435,16.189891019153656
DIESEL_bp50_246_hla-b,Ridge,materialized,7,detrend_d2,35,0.26274114217228334,16.34649361269829
DIESEL_bp50_246_hla-b,Ridge,materialized,7,detrend_d2,36,0.4617703489542707,16.46192041175565
DIESEL_bp50_246_hla-b,Ridge,materialized,7,detrend_d2,37,0.8115662945300378,16.539901161195054
DIESEL_bp50_246_hla-b,Ridge,materialized,7,detrend_d2,38,1.4263363854105728,16.589281495675074
DIESEL_bp50_246_hla-b,Ridge,materialized,7,detrend_d2,39,2.5068013519760575,16.61924086137595
DIESEL_bp50_246_hla-b,Ridge,materialized,7,detrend_d2,40,4.4057300104982895,16.636941544015038
DIESEL_bp50_246_hla-b,Ridge,materialized,7,detrend_d2,41,7.743117303692347,16.647235056202987
DIESEL_bp50_246_hla-b,Ridge,materialized,7,detrend_d2,42,13.608610930736267,16.653165804276306
DIESEL_bp50_246_hla-b,Ridge,materialized,7,detrend_d2,43,23.917278300284114,16.65656461441224
DIESEL_bp50_246_hla-b,Ridge,materialized,7,detrend_d2,44,42.03487073035823,16.658506427373176
DIESEL_bp50_246_hla-b,Ridge,materialized,7,detrend_d2,45,73.87673192300218,16.659613875128382
DIESEL_bp50_246_hla-b,Ridge,materialized,7,detrend_d2,46,129.83914128422586,16.660244836465417
DIESEL_bp50_246_hla-b,Ridge,materialized,7,detrend_d2,47,228.19367032904907,16.660604116890134
DIESEL_bp50_246_hla-b,Ridge,materialized,7,detrend_d2,48,401.05280012791485,16.660808630740227
DIESEL_bp50_246_hla-b,Ridge,materialized,7,detrend_d2,49,704.8545573525774,16.66092502491885
DIESEL_bp50_246_hla-b,Ridge,materialized,8,fd_d1,0,7.048545573525775e-10,3.7748305024656075
DIESEL_bp50_246_hla-b,Ridge,materialized,8,fd_d1,1,1.238789373524477e-09,3.6622078071912014
DIESEL_bp50_246_hla-b,Ridge,materialized,8,fd_d1,2,2.1771854859264767e-09,3.598857796997855
DIESEL_bp50_246_hla-b,Ridge,materialized,8,fd_d1,3,3.826426623795428e-09,3.573830171806332
DIESEL_bp50_246_hla-b,Ridge,materialized,8,fd_d1,4,6.724985446547718e-09,3.5736625340000523
DIESEL_bp50_246_hla-b,Ridge,materialized,8,fd_d1,5,1.181923337430147e-08,3.5883682320781594
DIESEL_bp50_246_hla-b,Ridge,materialized,8,fd_d1,6,2.077242823297316e-08,3.6151665207244874
DIESEL_bp50_246_hla-b,Ridge,materialized,8,fd_d1,7,3.650776332348399e-08,3.660969939668484
DIESEL_bp50_246_hla-b,Ridge,materialized,8,fd_d1,8,6.416278193070726e-08,3.7435027506375294
DIESEL_bp50_246_hla-b,Ridge,materialized,8,fd_d1,9,1.1276677096345889e-07,3.889671957013742
DIESEL_bp50_246_hla-b,Ridge,materialized,8,fd_d1,10,1.9818879809884598e-07,4.1313716496490445
DIESEL_bp50_246_hla-b,Ridge,materialized,8,fd_d1,11,3.483189183859228e-07,4.495298297600076
DIESEL_bp50_246_hla-b,Ridge,materialized,8,fd_d1,12,6.121741999011882e-07,4.986583430928205
DIESEL_bp50_246_hla-b,Ridge,materialized,8,fd_d1,13,1.0759026605883201e-06,5.58122808888336
DIESEL_bp50_246_hla-b,Ridge,materialized,8,fd_d1,14,1.890910357293511e-06,6.236438939192188
DIESEL_bp50_246_hla-b,Ridge,materialized,8,fd_d1,15,3.3232950435913183e-06,6.910482798804225
DIESEL_bp50_246_hla-b,Ridge,materialized,8,fd_d1,16,5.8407263486390085e-06,7.590906107665913
DIESEL_bp50_246_hla-b,Ridge,materialized,8,fd_d1,17,1.0265138614602399e-05,8.31792990563316
DIESEL_bp50_246_hla-b,Ridge,materialized,8,fd_d1,18,1.8041090180770887e-05,9.15149127866722
DIESEL_bp50_246_hla-b,Ridge,materialized,8,fd_d1,19,3.170740767666831e-05,10.09887425977961
DIESEL_bp50_246_hla-b,Ridge,materialized,8,fd_d1,20,5.572610587834698e-05,11.113315184406012
DIESEL_bp50_246_hla-b,Ridge,materialized,8,fd_d1,21,9.793922316297776e-05,12.138583398217358
DIESEL_bp50_246_hla-b,Ridge,materialized,8,fd_d1,22,0.00017212922529895807,13.11360254508666
DIESEL_bp50_246_hla-b,Ridge,materialized,8,fd_d1,23,0.00030251894231094324,13.971473970815683
DIESEL_bp50_246_hla-b,Ridge,materialized,8,fd_d1,24,0.0005316802553313157,14.664055865416127
DIESEL_bp50_246_hla-b,Ridge,materialized,8,fd_d1,25,0.0009344336977702967,15.184098917124796
DIESEL_bp50_246_hla-b,Ridge,materialized,8,fd_d1,26,0.0016422771520536491,15.564170794699933
DIESEL_bp50_246_hla-b,Ridge,materialized,8,fd_d1,27,0.0028863195436905583,15.852461185524495
DIESEL_bp50_246_hla-b,Ridge,materialized,8,fd_d1,28,0.0050727372647621834,16.08360280933976
DIESEL_bp50_246_hla-b,Ridge,materialized,8,fd_d1,29,0.00891538963991638,16.268793782668876
DIESEL_bp50_246_hla-b,Ridge,materialized,8,fd_d1,30,0.015668892016873385,16.40823759601529
DIESEL_bp50_246_hla-b,Ridge,materialized,8,fd_d1,31,0.02753824419935736,16.505050433699825
DIESEL_bp50_246_hla-b,Ridge,materialized,8,fd_d1,32,0.04839875677021643,16.567735310918614
DIESEL_bp50_246_hla-b,Ridge,materialized,8,fd_d1,33,0.08506132925341806,16.606352267473937
DIESEL_bp50_246_hla-b,Ridge,materialized,8,fd_d1,34,0.14949618992715435,16.629389120043548
DIESEL_bp50_246_hla-b,Ridge,materialized,8,fd_d1,35,0.26274114217228334,16.64286389664157
DIESEL_bp50_246_hla-b,Ridge,materialized,8,fd_d1,36,0.4617703489542707,16.650654154767317
DIESEL_bp50_246_hla-b,Ridge,materialized,8,fd_d1,37,0.8115662945300378,16.655127471723993
DIESEL_bp50_246_hla-b,Ridge,materialized,8,fd_d1,38,1.4263363854105728,16.657686086446898
DIESEL_bp50_246_hla-b,Ridge,materialized,8,fd_d1,39,2.5068013519760575,16.65914625816099
DIESEL_bp50_246_hla-b,Ridge,materialized,8,fd_d1,40,4.4057300104982895,16.65997849149998
DIESEL_bp50_246_hla-b,Ridge,materialized,8,fd_d1,41,7.743117303692347,16.660452480308145
DIESEL_bp50_246_hla-b,Ridge,materialized,8,fd_d1,42,13.608610930736267,16.660722322439124
DIESEL_bp50_246_hla-b,Ridge,materialized,8,fd_d1,43,23.917278300284114,16.66087590722072
DIESEL_bp50_246_hla-b,Ridge,materialized,8,fd_d1,44,42.03487073035823,16.66096331052266
DIESEL_bp50_246_hla-b,Ridge,materialized,8,fd_d1,45,73.87673192300218,16.661013046888215
DIESEL_bp50_246_hla-b,Ridge,materialized,8,fd_d1,46,129.83914128422586,16.66104134785153
DIESEL_bp50_246_hla-b,Ridge,materialized,8,fd_d1,47,228.19367032904907,16.661057451250716
DIESEL_bp50_246_hla-b,Ridge,materialized,8,fd_d1,48,401.05280012791485,16.661066614040784
DIESEL_bp50_246_hla-b,Ridge,materialized,8,fd_d1,49,704.8545573525774,16.661071827601145
