1000,1005,1010,1015,1020,1025,1030,1035,1040,1045,1050,1055,1060,1065,1070,1075,1080,1085,1090,1095,1100,1105,1110,1115,1120,1125,1130,1135,1140,1145,1150,1155,1160,1165,1170,1175,1180,1185,1190,1195,1200,1205,1210,1215,1220,1225,1230,1235,1240,1245,1250,1255,1260,1265,1270,1275,1280,1285,1290,1295,1300,1305,1310,1315,1320,1325,1330,1335,1340,1345,1350,1355,1360,1365,1370,1375,1380,1385,1390,1395,1400,1405,1410,1415,1420,1425,1430,1435,1440,1445,1450,1455,1460,1465,1470,1475,1480,1485,1490,1495,1500,1505,1510,1515,1520,1525,1530,1535,1540,1545,1550,1555,1560,1565,1570,1575,1580,1585,1590,1595,1600,1605,1610,1615,1620,1625,1630,1635,1640,1645,1650,1655,1660,1665,1670,1675,1680,1685,1690,1695,1700,1705,1710,1715,1720,1725,1730,1735,1740,1745,1750,1755,1760,1765,1770,1775,1780,1785,1790,1795,1800,1805,1810,1815,1820,1825,1830,1835,1840,1845,1850,1855,1860,1865,1870,1875,1880,1885,1890,1895,1900,1905,1910,1915,1920,1925,1930,1935,1940,1945,1950,1955,1960,1965,1970,1975,1980,1985,1990,1995,2000,2005,2010,2015,2020,2025,2030,2035,2040,2045,2050,2055,2060,2065,2070,2075,2080,2085,2090,2095,2100,2105,2110,2115,2120,2125,2130,2135,2140,2145,2150,2155,2160,2165,2170,2175,2180,2185,2190,2195,2200,2205,2210,2215,2220,2225,2230,2235,2240,2245,2250,2255,2260,2265,2270,2275,2280,2285,2290,2295,2300,2305,2310,2315,2320,2325,2330,2335,2340,2345,2350,2355,2360,2365,2370,2375,2380,2385,2390,2395,2400,2405,2410,2415,2420,2425,2430,2435,2440,2445,2450,2455,2460,2465,2470,2475,2480,2485,2490,2495,2500
0.05866659,0.05306473,0.03967866,0.06226303,0.08420047,0.07634749,0.08354087,0.06203479,0.05942788,0.05169040,0.02554653,0.02660050,0.02628333,0.03787785,0.02994912,0.01812734,0.01020161,0.01738534,0.00875969,0.02698679,0.00902149,0.02750738,0.02969098,0.04450826,0.05070703,0.07506749,0.08794381,0.09803970,0.10384336,0.08258627,0.09096558,0.09501406,0.05915375,0.05463887,0.04833583,0.06769435,0.08786438,0.10250473,0.13361908,0.15418727,0.18477303,0.18917830,0.19970947,0.16500169,0.16152768,0.15197267,0.10571893,0.07685657,0.07610537,0.05617538,0.06164995,0.02782754,0.03198956,0.02602349,0.01717410,0.00828035,0.01529309,0.02896614,0.00733289,0.02402183,0.01033952,0.01540274,0.01900999,0.01507487,0.00835324,0.02466095,0.02359954,-0.00346278,0.01392130,0.02485564,0.03907348,0.02926690,0.04902926,0.08320571,0.09154103,0.11080657,0.14779337,0.15951750,0.17011596,0.16700518,0.16794666,0.14033038,0.16296326,0.15913624,0.19937021,0.20130124,0.23012263,0.26032409,0.30450196,0.33348366,0.33328821,0.38696262,0.35159902,0.38061138,0.36920648,0.40365072,0.40800417,0.40067712,0.43699478,0.42854767,0.42839201,0.40635862,0.39725906,0.37122401,0.34078571,0.29616800,0.25321803,0.20628238,0.16740324,0.13192465,0.13449371,0.14811639,0.12434454,0.14256024,0.15168794,0.15507140,0.16253432,0.14574499,0.13394242,0.12750358,0.10920697,0.07913848,0.01540957,0.02825280,0.07781430,0.05374056,0.04677631,0.06525880,0.12810449,0.11245599,0.23804844,0.27157083,0.23295119,0.22596667,0.36753739,0.37434964,0.31931014,0.38943580,0.41217956,0.41489222,0.43688155,0.41159838,0.40568552,0.39970105,0.39308395,0.35082028,0.32343637,0.27702143,0.25622193,0.19574404,0.18984711,0.14923146,0.12391748,0.11429107,0.09148157,0.08898184,0.06852795,0.05300400,0.05036818,0.04706940,0.05483612,0.02441336,0.04547912,0.03239613,0.02947612,0.03728840,0.03671298,0.03448277,0.01492289,0.03561028,0.03632609,0.03081487,0.03673215,0.03447838,0.03214021,0.03341767,0.05439472,0.04159073,0.06693942,0.06936159,0.07946085,0.08542517,0.10641904,0.12595424,0.12837204,0.14238060,0.15232677,0.14270016,0.15447108,0.13807162,0.14966570,0.13660529,0.13046825,0.13160203,0.13265908,0.13125861,0.12939163,0.12462739,0.13163144,0.15637479,0.16855857,0.19726750,0.22348709,0.25456232,0.31705458,0.36462470,0.39413242,0.43600610,0.48906909,0.51898266,0.54970829,0.56273978,0.54021612,0.54860317,0.56132218,0.55651052,0.54385893,0.51364278,0.51664790,0.49029590,0.46376513,0.42657139,0.38545015,0.40046663,0.34394127,0.30657582,0.29034579,0.27624432,0.27096725,0.30389134,0.28653687,0.31739792,0.32204660,0.35593894,0.34520550,0.35046080,0.37736531,0.32863730,0.34614105,0.30708775,0.26880890,0.23802429,0.21300514,0.19355201,0.17728690,0.15642464,0.15336397,0.16238251,0.17519558,0.18592785,0.21658632,0.26188861,0.29445236,0.33927074,0.38051207,0.42358048,0.46967273,0.51475449,0.52192296,0.54509873,0.56301246,0.54263917,0.52840679,0.47424780,0.45932129,0.42164572,0.42073723,0.37201332,0.36075593,0.31672452,0.31521296,0.25868228,0.24746376,0.18331390,0.14348261,0.11285019,0.11131418,0.06596329,0.04991411,0.06111859,0.03091560,0.04075553,0.05623571,0.04869950,0.04576735,0.03752152,0.04472044,0.05853007,0.04009687,0.06242643,0.05319754,0.05177764,0.07134266,0.05591462,0.05838086,0.06133741,0.07528623,0.05804009,0.07103993,0.06850226,0.06789348
-0.07258424,-0.09061202,-0.07409859,-0.06549016,-0.06080667,-0.07519920,-0.07429757,-0.04896814,-0.06407664,-0.07682591,-0.07313431,-0.10213955,-0.06442274,-0.09504883,-0.10346360,-0.10318279,-0.08717582,-0.10268505,-0.10324743,-0.08740490,-0.09603084,-0.08709579,-0.08153423,-0.07062527,-0.07309829,-0.05248727,-0.05057374,-0.04114121,-0.04180376,-0.03902307,-0.04845748,-0.05751747,-0.06602252,-0.07678965,-0.08721098,-0.07167598,-0.07259932,-0.06575718,-0.05973789,-0.05194796,-0.03442461,-0.03033158,-0.05122537,-0.05091306,-0.05197539,-0.05526903,-0.06403234,-0.07681552,-0.07818270,-0.07975147,-0.08711398,-0.08440476,-0.08705635,-0.08147015,-0.07951120,-0.08307175,-0.07718087,-0.08655763,-0.07727325,-0.10476263,-0.08896225,-0.09882393,-0.08277650,-0.08075064,-0.08675023,-0.09579094,-0.09078237,-0.10282491,-0.09046980,-0.09566650,-0.08215291,-0.07558027,-0.07723116,-0.07077439,-0.04465623,-0.05410450,-0.03879392,-0.04368381,-0.02461026,-0.03359530,-0.03922978,-0.03276774,-0.02832595,-0.01499101,0.00629674,0.03446497,0.03267949,0.06756697,0.10200258,0.11429149,0.13957078,0.17748265,0.19899370,0.22643816,0.27080287,0.29909157,0.34931925,0.36923121,0.36229225,0.37283995,0.35528087,0.29842251,0.29662223,0.25510274,0.21444941,0.16389922,0.10390685,0.07600197,0.02955547,0.00042650,0.00366557,-0.00750393,-0.01071492,-0.02524009,0.00182809,-0.00122816,-0.00193423,-0.01148936,-0.01660423,-0.03638840,-0.02984105,-0.04424041,-0.02906344,-0.02178959,-0.03632598,-0.03707830,-0.01174509,-0.01147837,0.00087835,0.00298440,0.03348214,0.05157556,0.07229797,0.09326598,0.10696320,0.10338859,0.11921704,0.11767625,0.13147618,0.09701208,0.12181893,0.11178252,0.09788779,0.08158627,0.07926442,0.04795656,0.03863094,0.03097663,0.02931049,0.03423391,0.04653175,0.06926481,0.06742892,0.09217661,0.11262836,0.11340519,0.09485208,0.09186414,0.08537047,0.05746710,0.02863058,-0.00664520,-0.01706079,-0.02431220,-0.03987329,-0.03511136,-0.05417129,-0.05460286,-0.04145126,-0.05474817,-0.04018450,-0.05899883,-0.04742720,-0.04300198,-0.06270611,-0.05169824,-0.03426421,-0.02602969,-0.03524732,-0.02538137,-0.01030922,0.00494117,-0.01120182,0.00766745,0.00577407,0.01623236,0.03660339,0.02691507,0.01462102,0.04152988,0.02737088,0.02048344,0.01832665,0.00942091,0.03156037,0.00974446,0.01144089,0.00739173,0.01492395,0.04341176,0.07112743,0.05964644,0.10254617,0.13873606,0.14979220,0.17624482,0.24041963,0.26360813,0.30786503,0.31024992,0.37474825,0.39667361,0.42040386,0.46154232,0.46435532,0.46454066,0.49489420,0.48602460,0.46024534,0.43884738,0.40820717,0.37867232,0.33932103,0.27671228,0.27450219,0.23001630,0.17649585,0.16137854,0.17549611,0.17050044,0.17247758,0.14750118,0.16094175,0.16091015,0.16995172,0.16277478,0.17062991,0.17682404,0.17786422,0.14489559,0.11241138,0.10531046,0.07398182,0.05129615,0.06396814,0.04778538,0.07072941,0.06019686,0.09217001,0.14199970,0.16195698,0.22424104,0.25288417,0.28519188,0.33235168,0.37257269,0.39880053,0.40217001,0.37729444,0.37980805,0.36775756,0.36777953,0.35180883,0.32524977,0.29479336,0.31030287,0.30157308,0.29466976,0.25761187,0.22746402,0.19449124,0.17827614,0.17260070,0.10310353,0.06894884,0.02411161,0.00626277,-0.00520615,-0.01140290,-0.00691716,-0.01570631,-0.03027417,-0.02395080,-0.03124887,-0.01598643,-0.02056668,-0.00865725,-0.00702933,-0.00601833,-0.01125168,-0.01627890,-0.01929587,-0.00321160,-0.01330669,-0.01845562,-0.00593549,-0.02141078,0.01137709,-0.00237773,-0.00458289,-0.00381830
0.02102251,0.00726461,0.02690817,0.03305844,0.02230060,0.02556344,0.05400687,0.02634921,0.03101901,0.02728879,0.00679369,0.00511498,0.00117562,-0.00425538,-0.00609330,-0.01778747,-0.02037293,-0.02390366,0.00429981,-0.01395397,-0.02215323,-0.02001948,-0.00205702,-0.00384452,0.01306981,0.02449898,0.04166497,0.03888382,0.05789434,0.05787339,0.03577448,0.02600851,0.02401049,0.02333019,0.00936327,0.01850752,0.00664657,0.01679585,0.01532128,0.02432317,0.02667625,0.03026318,0.03365295,0.04654457,0.03331557,0.04430557,0.01628311,0.03033313,0.03513796,0.02846410,0.01219070,0.00471838,-0.00381991,0.00916950,0.00681802,-0.00272184,-0.00157421,-0.00735413,0.00199714,0.01118759,0.00554925,0.00343144,0.01270696,0.02253843,0.02298138,0.01706243,0.01398509,0.00389983,0.01192232,-0.00378325,0.02526642,0.00399094,0.02477053,0.00834682,0.01399882,0.03081235,0.05377523,0.06726082,0.04909820,0.07044733,0.09086054,0.08648801,0.10327849,0.13221996,0.14576995,0.21416749,0.22515995,0.25585623,0.29456234,0.32043083,0.35704837,0.37509170,0.42335879,0.43165685,0.44252119,0.44940948,0.44703042,0.50090595,0.49725880,0.48926849,0.49140885,0.47500919,0.47906457,0.43479296,0.39096584,0.33677583,0.29577632,0.23737867,0.18226841,0.15554716,0.11487003,0.11769569,0.09007773,0.07884137,0.07304078,0.07034511,0.07263995,0.08964129,0.10194322,0.08026273,0.08682172,0.07516800,0.07525214,0.08278676,0.06549722,0.05746564,0.07801132,0.07472612,0.09573399,0.10395604,0.14462839,0.17231927,0.17358834,0.18806392,0.21929128,0.23093767,0.26826255,0.25208712,0.28069748,0.27016847,0.25999653,0.24627968,0.22904310,0.22562776,0.18816056,0.17088513,0.16467727,0.15969091,0.14353406,0.15888681,0.13216735,0.13366493,0.14853954,0.15944323,0.14791235,0.18212849,0.20785736,0.18353708,0.19464726,0.18566979,0.16239900,0.12974547,0.10553115,0.09650799,0.09411447,0.08095423,0.07779932,0.07299810,0.05707726,0.07225645,0.07119906,0.08372241,0.07309534,0.08838656,0.09981593,0.09930859,0.11536649,0.12028482,0.11783498,0.14721208,0.17466693,0.20729817,0.22144223,0.28180947,0.29585671,0.33989802,0.32721276,0.36705134,0.36342390,0.36405046,0.35809353,0.34830069,0.32139937,0.34376840,0.32062030,0.26624966,0.27590518,0.23135552,0.23342046,0.20481692,0.23573900,0.21709886,0.24830327,0.25203366,0.27274762,0.29170100,0.33519411,0.37788186,0.44428396,0.43062494,0.51138266,0.51511564,0.51942949,0.53318050,0.57083104,0.55462772,0.55813629,0.54746363,0.57082376,0.53282803,0.49528496,0.47977466,0.46966184,0.42056777,0.37902838,0.34062653,0.31824326,0.29885264,0.29380331,0.26973472,0.26484723,0.28845049,0.30427734,0.32367414,0.33677459,0.33254133,0.36554791,0.36963940,0.33696699,0.34893668,0.31777326,0.30223712,0.26049670,0.23171728,0.21638486,0.20259558,0.18492208,0.17191644,0.19023232,0.21437423,0.20702369,0.23828627,0.28372740,0.31051824,0.35243953,0.38513452,0.40692446,0.43797437,0.45490910,0.49581647,0.49221984,0.48991559,0.45178601,0.46830659,0.45205742,0.40975068,0.40351125,0.38481057,0.36342650,0.36650115,0.34581568,0.32583291,0.30371703,0.25673490,0.19999824,0.20445560,0.19162545,0.18394471,0.12559712,0.12679877,0.12933772,0.10885833,0.12923537,0.12906436,0.12688952,0.12811229,0.12959520,0.15159022,0.15367768,0.15657421,0.16647256,0.14062520,0.14926266,0.15541428,0.18942433,0.17384441,0.17178440,0.19443889,0.19546449,0.19185378,0.20489716
0.01180338,0.00138996,0.01636955,0.01067445,0.02231380,0.00449859,0.01150312,0.02943060,0.02123124,0.01256570,0.01638517,0.01261413,0.00989207,0.01266300,-0.00076798,0.02379364,0.00261202,0.02597869,0.00387775,-0.00544748,0.00126509,-0.00270278,0.00557253,0.02183599,0.01324146,0.02676879,0.03031651,0.04426496,0.03569052,0.03045537,0.03519126,0.03109216,0.03100175,0.02552827,0.03140162,0.02533532,0.03999164,0.03960184,0.05771821,0.04864427,0.07810879,0.06826557,0.08091302,0.08452802,0.06579431,0.07853059,0.06708854,0.04668996,0.04514618,0.03270485,0.04278358,0.03203875,0.04179197,0.03412293,0.02246446,0.01970070,0.03638978,0.02882006,0.02721990,0.02069374,0.04246431,0.03957123,0.02820205,0.02638467,0.02464809,0.04154970,0.03553569,0.02885209,0.02768046,0.03467073,0.04038050,0.03616428,0.04498248,0.05510911,0.05473536,0.07832106,0.06020340,0.10123352,0.08988838,0.11968748,0.13495848,0.11905496,0.14061481,0.15389619,0.19369424,0.23339267,0.24522229,0.27804253,0.32808853,0.34833742,0.38861854,0.40531679,0.40907697,0.41111667,0.38560174,0.36599994,0.37894987,0.35453410,0.32546621,0.33341653,0.29049305,0.27117615,0.25346461,0.23344283,0.19686655,0.16737059,0.16303647,0.12457244,0.13171875,0.11907222,0.11704426,0.12014357,0.12559732,0.13363551,0.16997422,0.15786374,0.14572735,0.14856387,0.16385022,0.14506025,0.13007340,0.11880606,0.11706221,0.09791665,0.09107100,0.08965562,0.06738464,0.09642617,0.09140138,0.10644718,0.10527564,0.11266317,0.10875537,0.12954632,0.14727174,0.15104003,0.16641112,0.17838049,0.17925889,0.16096513,0.17031579,0.17126199,0.17792704,0.19665190,0.19454885,0.19327502,0.16709874,0.16036949,0.15349411,0.13938259,0.13381355,0.14926645,0.11876907,0.13339662,0.14345674,0.13728274,0.15970872,0.13516574,0.14369810,0.13919095,0.12724785,0.12906521,0.12382024,0.09902119,0.10016850,0.09445245,0.08359220,0.08041541,0.09538677,0.08531979,0.08409667,0.09390311,0.09590566,0.11173625,0.09804197,0.09808856,0.11542249,0.12921172,0.14871906,0.15291846,0.18230231,0.21541377,0.20989955,0.24026216,0.23726867,0.29281181,0.27224991,0.28045192,0.29489134,0.29545665,0.28476015,0.28535634,0.28265325,0.26489341,0.24387349,0.23067436,0.21677644,0.18482808,0.17446851,0.19437984,0.18272052,0.16999649,0.17488578,0.19462547,0.19206437,0.20834046,0.21768206,0.23599237,0.23725551,0.28241553,0.28274479,0.29966453,0.31454744,0.37514176,0.38738834,0.41516874,0.42389153,0.45608445,0.44902188,0.46072963,0.43597078,0.43673112,0.43807839,0.36602243,0.38113697,0.32014882,0.33860581,0.29170333,0.26094659,0.23139929,0.26268673,0.23276997,0.23360357,0.24235502,0.21544990,0.22298076,0.22610184,0.20784067,0.20772196,0.20565590,0.19237689,0.19141344,0.19538638,0.18508965,0.20389472,0.16617820,0.18698290,0.19429293,0.21854808,0.21062706,0.24272987,0.26788689,0.30594251,0.34620958,0.36901125,0.36522593,0.40347220,0.39130665,0.39576579,0.37223268,0.38959960,0.40470912,0.33771934,0.33047849,0.33877769,0.33198446,0.30728902,0.30659053,0.29717467,0.27967273,0.28825160,0.26672406,0.23784837,0.24453503,0.20907188,0.18414038,0.18965757,0.16716690,0.15953342,0.16874846,0.17075846,0.14212149,0.15251870,0.15544500,0.16588240,0.17896623,0.17324664,0.16468428,0.19466799,0.17078497,0.19825515,0.19746087,0.18049129,0.20195646,0.18488283,0.17987966,0.21315911,0.19751227,0.20772914,0.20708322,0.21900576
0.02545861,0.03032189,0.03571569,0.03100493,0.02310580,0.04265819,0.03954673,0.04136054,0.03277597,0.01470935,0.02216858,0.01936308,0.02336560,0.00331049,0.00547797,0.00410159,-0.01212433,0.01929280,-0.00492772,-0.00321980,-0.00367736,0.01113982,0.01147882,0.00949693,0.01773474,0.02188981,0.04528038,0.05503251,0.05173167,0.03826945,0.04070144,0.03318532,0.02848734,0.04643823,0.04164436,0.04280650,0.06122321,0.11325065,0.12022171,0.14049019,0.16423843,0.16646499,0.16810219,0.18696331,0.14733552,0.16951988,0.10876769,0.08863344,0.07194262,0.03159131,0.04784420,0.03565553,0.01973137,0.01026331,0.01058736,0.00133482,-0.01308792,0.00772071,0.00807986,0.01366922,0.01332035,0.00152914,0.01169509,-0.00865841,0.01316867,0.00974741,0.01255777,0.01156608,0.00359305,0.02323145,0.02046925,0.02203166,0.03706613,0.04122487,0.07211608,0.11252219,0.12251071,0.13482478,0.16004376,0.13730553,0.14789005,0.14037625,0.10860151,0.12905348,0.12318883,0.14630538,0.16294256,0.18618062,0.19509004,0.22997356,0.23444105,0.24785535,0.24137557,0.24083585,0.23457935,0.24013006,0.24692939,0.21038436,0.24343713,0.24621467,0.24980443,0.24551432,0.23916366,0.20761835,0.19310456,0.16904560,0.14094182,0.12112859,0.10246989,0.07222211,0.05245565,0.05547244,0.04216718,0.06388104,0.06078859,0.05392186,0.06562329,0.04974938,0.06323984,0.05667401,0.04063628,0.03723355,0.02744342,0.03803013,0.03737217,0.03017514,0.02595750,0.04315367,0.06588477,0.07325342,0.08967569,0.12354217,0.11657911,0.16948732,0.17813079,0.22843538,0.23499369,0.26722038,0.29442230,0.30415857,0.30494342,0.30921153,0.36250049,0.32848664,0.30166061,0.29739188,0.28688631,0.25917669,0.21779031,0.18128457,0.15280447,0.14474671,0.08425798,0.07988537,0.06735832,0.04957814,0.03601490,0.03600925,0.02300919,0.01277683,0.02166012,0.01635535,0.00001882,0.00871186,0.00997042,0.01809472,-0.00037845,-0.00409574,0.00574211,-0.00104356,-0.00407047,0.01303534,0.00449377,0.00859832,0.01996607,0.03161475,0.02752157,0.04962821,0.04493270,0.06082143,0.07784087,0.08894661,0.10449819,0.11737091,0.13988302,0.14762144,0.17427856,0.16463754,0.15992591,0.16069240,0.17411037,0.16083505,0.15310497,0.11513414,0.12567032,0.08735557,0.07807254,0.10533979,0.08336052,0.07444031,0.08243068,0.09238394,0.11939990,0.14174511,0.15442349,0.17985054,0.19311479,0.21191084,0.24722367,0.27485194,0.26347294,0.26956922,0.28674545,0.27514278,0.25966599,0.26577560,0.22932664,0.23955016,0.22961709,0.21500064,0.16981946,0.17517572,0.16043264,0.15012941,0.11326383,0.10821624,0.10330418,0.10669683,0.09356317,0.12726486,0.12655567,0.16525539,0.15437154,0.15063744,0.18847694,0.19016223,0.17097331,0.17295217,0.15976559,0.16193262,0.13957149,0.13529272,0.09073154,0.07463399,0.06767677,0.03484717,0.04806876,0.03660941,0.05811368,0.06205849,0.07548384,0.08289449,0.10620385,0.14388105,0.17270237,0.19852748,0.22637505,0.26476505,0.30368023,0.31369700,0.34000015,0.36137297,0.37421779,0.36707583,0.32066835,0.32727775,0.30524198,0.27233957,0.26392875,0.24107461,0.22696593,0.18202311,0.16740318,0.12657410,0.10998047,0.07920680,0.03558627,0.02105185,0.00012523,-0.01162642,-0.00244283,-0.00845882,-0.01461228,-0.00026117,-0.01838461,-0.00626609,-0.00905438,-0.01110991,0.01506113,-0.00620674,-0.00077103,0.00020783,0.00370414,0.01879654,0.01334709,0.01613712,0.02028793,0.01758861,0.01549462,0.01590629,0.02478129
0.07867709,0.05367586,0.04781237,0.05193411,0.04417703,0.06694945,0.06092859,0.05831913,0.06458185,0.04641209,0.03975150,0.05408691,0.05375975,0.04379302,0.05646169,0.06532905,0.04847011,0.05574333,0.05802595,0.06036353,0.06639656,0.06410672,0.07327348,0.05587976,0.06152720,0.07585898,0.06681046,0.06740868,0.07290999,0.07663092,0.06864929,0.07846844,0.08619091,0.05864743,0.05634939,0.08754009,0.07729292,0.10278847,0.12072161,0.09648087,0.09734749,0.10283439,0.10606017,0.10204699,0.09191766,0.10180827,0.07603208,0.09613767,0.09124676,0.10099080,0.08940612,0.09205729,0.07881299,0.08966297,0.09591101,0.09896289,0.09138494,0.10602821,0.10407986,0.08694916,0.07083561,0.08471685,0.09673375,0.09864774,0.09544693,0.09537481,0.10674325,0.09630031,0.08314292,0.10243540,0.11778142,0.10328564,0.12255221,0.12830149,0.13040220,0.14414782,0.14152378,0.16417393,0.19457061,0.19640871,0.20873833,0.26915631,0.27332411,0.35721132,0.38848547,0.45131492,0.50339606,0.55114272,0.61611234,0.63505029,0.65021473,0.68339268,0.65743993,0.68344035,0.64112550,0.65204553,0.63472675,0.59626473,0.54047991,0.45382143,0.43857027,0.41309416,0.33898335,0.31025380,0.25804048,0.25436850,0.19098391,0.19576294,0.19218980,0.20386968,0.20608821,0.21859989,0.20298263,0.26336294,0.25046789,0.24359082,0.26464514,0.22760605,0.23280334,0.22616208,0.20925318,0.19047059,0.17626983,0.15879316,0.16795594,0.14863719,0.17279541,0.17216772,0.16606739,0.14940668,0.18087754,0.18568909,0.17228485,0.18453235,0.19558133,0.20634997,0.19882214,0.19755163,0.20425754,0.20176337,0.23440599,0.23630543,0.19317870,0.21150100,0.23305741,0.23147591,0.23974299,0.23673512,0.23695860,0.24949203,0.28188254,0.29363906,0.29095985,0.33430947,0.32257856,0.36067180,0.34714804,0.32435126,0.30627199,0.25591332,0.24567361,0.22325724,0.21441534,0.19928509,0.19619701,0.19278610,0.17391955,0.17605612,0.20347348,0.18520688,0.19722831,0.21427731,0.21013379,0.24951467,0.22829212,0.24921162,0.25319489,0.31349343,0.32679164,0.37209154,0.40512444,0.46822333,0.47519904,0.49177985,0.51747776,0.55770386,0.52604788,0.55265326,0.53069216,0.52674967,0.54057886,0.48117625,0.45825259,0.44512368,0.37946874,0.37246606,0.32809464,0.32353920,0.29722093,0.30234149,0.28110087,0.28536118,0.30005693,0.28954087,0.32075371,0.33214376,0.35989424,0.36825701,0.41714107,0.45734036,0.51164828,0.56579389,0.61232398,0.65167646,0.67122108,0.70452757,0.74497006,0.72358827,0.73641030,0.72547592,0.70905214,0.67446115,0.60098037,0.58497258,0.49598180,0.47020234,0.45092622,0.39623098,0.37499743,0.37709342,0.32219790,0.30820730,0.27400917,0.29671453,0.30444510,0.28493293,0.27966247,0.31121225,0.27451520,0.27267242,0.27184106,0.26048244,0.28754779,0.30427086,0.31756180,0.33652063,0.34443247,0.38311856,0.47157410,0.45731121,0.50039865,0.56567827,0.57845505,0.61056249,0.62194351,0.62978944,0.63719442,0.63432803,0.59892426,0.58308000,0.54053822,0.48709923,0.50747043,0.48936012,0.52129670,0.52743743,0.50786337,0.50675144,0.50198670,0.48603790,0.42735977,0.41852262,0.36671333,0.35639167,0.28743829,0.29885109,0.29702323,0.27020032,0.25171060,0.26769301,0.28103593,0.29305832,0.29960754,0.29686892,0.28372221,0.29504315,0.32203088,0.33425915,0.33086743,0.36179099,0.33536420,0.34998829,0.35928177,0.35950645,0.34962202,0.35364666,0.37637440,0.38436871,0.40503219,0.38190175,0.34335186
0.02380895,0.05107026,0.05283928,0.06894190,0.06834318,0.07367181,0.06903804,0.07036990,0.06723515,0.04661163,0.03467384,0.03679031,0.02412936,0.02471925,0.00913206,0.02141643,0.02577051,0.00080920,0.00549830,0.01049654,0.02260067,0.02044433,0.01161714,0.01300678,0.04704501,0.06204081,0.07184886,0.06070887,0.05615605,0.07331904,0.07802936,0.06222545,0.05879985,0.03367454,0.05136369,0.05938275,0.04294513,0.03333448,0.08360623,0.08055431,0.07694608,0.08207200,0.08610650,0.09967360,0.09666928,0.08532392,0.07799320,0.05204765,0.03865736,0.05337921,0.02975609,0.03733591,0.01634232,0.02469741,0.03624803,0.02483598,0.03424263,0.01316022,0.02749937,0.02915237,0.02803985,0.02967781,0.02348918,0.03769300,0.01555553,0.02283087,0.01857275,0.04431515,0.02463291,0.02969537,0.03150778,0.02978452,0.03967100,0.04157303,0.04825121,0.07264188,0.05790350,0.08443848,0.09826642,0.10376334,0.10093218,0.09748703,0.11326793,0.12604851,0.13504188,0.15829203,0.17343199,0.20200038,0.23578877,0.24100808,0.27732402,0.29783295,0.30995920,0.32309246,0.34266526,0.34319836,0.35773269,0.37093106,0.40719877,0.39680398,0.40270243,0.40865233,0.39256720,0.36911466,0.34589460,0.31100424,0.28013466,0.22896733,0.17548677,0.15348211,0.13957977,0.15063930,0.13558088,0.12431735,0.16235527,0.14313574,0.14178133,0.14349280,0.14681266,0.14493378,0.12199745,0.11500912,0.11488092,0.09318916,0.10749414,0.08697647,0.10359770,0.08732780,0.12281316,0.12582202,0.15230984,0.15900292,0.20180772,0.24110117,0.25207068,0.26209192,0.27614259,0.32693096,0.30624475,0.29734802,0.29885323,0.30184012,0.28470448,0.27346780,0.26186021,0.23047285,0.20626508,0.18055349,0.18024071,0.15902798,0.14310085,0.11379690,0.12696782,0.12326522,0.12056841,0.11604626,0.11420293,0.10790335,0.10724642,0.09420743,0.08083956,0.10694602,0.08238449,0.07621269,0.07227577,0.06028689,0.05953365,0.05712501,0.05632822,0.06898499,0.05952719,0.06001242,0.06258261,0.06680586,0.06504932,0.05628710,0.07231734,0.08447038,0.08240002,0.08249850,0.09029456,0.12526709,0.12086194,0.14970312,0.12177555,0.13924670,0.15111760,0.15143070,0.15603869,0.17165069,0.17156383,0.15812262,0.14424945,0.12964675,0.15597441,0.14686466,0.12697556,0.14409363,0.14168687,0.16843736,0.16908976,0.18808150,0.23203845,0.23812535,0.28510278,0.29936809,0.35047599,0.38355556,0.39560940,0.44007198,0.47004762,0.50291954,0.50120621,0.53398441,0.53076785,0.56089105,0.56429397,0.54970593,0.49981947,0.53200442,0.49127992,0.45584880,0.44817397,0.40358785,0.39932148,0.33886814,0.33426398,0.30795839,0.28776941,0.29364479,0.28305810,0.27664415,0.32382725,0.29987224,0.33832954,0.33071355,0.36074924,0.34893632,0.33867168,0.34367205,0.29684666,0.26982202,0.25286477,0.22315913,0.19638382,0.19977351,0.19761079,0.18735395,0.21142516,0.21807459,0.21776587,0.26963951,0.29009074,0.33952315,0.34603504,0.38597308,0.43405534,0.44165045,0.46289645,0.46520252,0.48974491,0.46620621,0.43592476,0.42714356,0.40025285,0.36707431,0.34199117,0.32372018,0.35011574,0.27897632,0.25590814,0.25647495,0.23506760,0.20935654,0.16492486,0.18442048,0.15829640,0.11001660,0.11816948,0.10234454,0.10542963,0.09664143,0.09630560,0.10101593,0.09788289,0.13080517,0.11384644,0.10261867,0.11275423,0.12193417,0.09701533,0.10973515,0.12314843,0.12178799,0.13183734,0.10771688,0.10744803,0.12848649,0.11460126,0.13077090,0.13500615
-0.04379124,-0.04068888,-0.04808959,-0.03776273,-0.04808991,-0.04231970,-0.04674922,-0.05665024,-0.04566862,-0.04209421,-0.04813765,-0.04692166,-0.06045946,-0.04851443,-0.05670083,-0.04474654,-0.04967471,-0.05860428,-0.05513119,-0.05102015,-0.04855121,-0.05047993,-0.04355399,-0.04586138,-0.03080349,-0.03155292,-0.01902494,-0.02615039,-0.02869947,-0.02523478,-0.04025409,-0.03659956,-0.03098945,-0.02692230,-0.01119888,0.00298456,0.00816287,0.03104952,0.05495666,0.06751974,0.06731269,0.09551509,0.07016251,0.07784730,0.04818070,0.03981695,0.01486074,0.00139535,-0.01554502,-0.01865783,-0.03398073,-0.02831015,-0.02389831,-0.02193059,-0.03188564,-0.04721862,-0.03076191,-0.02760279,-0.03529874,-0.03512536,-0.02979701,-0.02998167,-0.01852790,-0.02632809,-0.02639096,-0.01663697,-0.02082860,-0.01524818,-0.01530084,-0.02231697,-0.00912671,-0.00900780,0.01567024,0.02171801,0.02182005,0.05150028,0.06612749,0.07963019,0.08798621,0.07734816,0.07343013,0.06960054,0.06338731,0.09390913,0.10516302,0.14291280,0.17613659,0.19141553,0.24039272,0.24768001,0.25731597,0.27307845,0.30306202,0.28623445,0.30849754,0.26717725,0.26276345,0.24096054,0.23901159,0.21489009,0.17507222,0.13950947,0.13035912,0.11697602,0.09188019,0.06204001,0.05457594,0.03404446,0.02740947,0.03809295,0.04570095,0.04813581,0.06860147,0.05964451,0.08264176,0.07642843,0.08950103,0.07571090,0.07587660,0.04995949,0.04752096,0.02010053,0.01094187,0.02106621,0.00464368,0.01169354,0.02058299,0.01581595,0.01590507,0.01663053,0.03769463,0.04104209,0.04950029,0.05325771,0.07272472,0.09184446,0.13318397,0.11739119,0.12006465,0.16821335,0.18009952,0.19036483,0.18682345,0.21768280,0.20080121,0.18339819,0.17012493,0.17104872,0.13571448,0.11790237,0.11741419,0.09592085,0.12015447,0.10722452,0.11380322,0.10954625,0.07827475,0.07281545,0.08579053,0.05682037,0.03548988,0.02097956,0.01605654,0.00775416,-0.00343211,0.01210441,-0.00074614,-0.00597391,0.00253607,0.02254019,-0.00138457,0.01035766,0.02429067,0.00903697,0.00620263,0.01437258,0.02374887,0.04852421,0.05172978,0.04877857,0.06054474,0.08489986,0.06883397,0.08908156,0.10851395,0.09664192,0.09905269,0.11568962,0.11785600,0.12125722,0.11651377,0.08534264,0.09667723,0.10248124,0.07883521,0.05553211,0.07465254,0.05427902,0.04711415,0.05119844,0.06563135,0.06606844,0.07852861,0.08640503,0.09979251,0.11106635,0.11243254,0.13101940,0.16453981,0.19263707,0.23110243,0.25672238,0.26575326,0.30259631,0.32740883,0.34133465,0.37392206,0.37038289,0.37816885,0.37853269,0.35471088,0.31764753,0.31171372,0.26902604,0.25189425,0.22102294,0.19534824,0.17221986,0.14786681,0.12372524,0.13104171,0.11323036,0.10009830,0.08848607,0.10233270,0.10586071,0.08403398,0.06071565,0.06425523,0.07199036,0.06382577,0.08546482,0.07058663,0.06827932,0.05457617,0.07183034,0.11140534,0.12990248,0.14764026,0.19400028,0.23577402,0.26615510,0.27332119,0.30203841,0.32849449,0.32789422,0.33928219,0.39609125,0.35492026,0.36078677,0.36452584,0.33816931,0.35543835,0.34443599,0.31892123,0.32491899,0.29120293,0.29842280,0.29136350,0.27159816,0.25441613,0.20964886,0.18979027,0.15234491,0.11319230,0.08050997,0.07361769,0.05978745,0.04379339,0.05588842,0.03712156,0.03876305,0.05818610,0.03973522,0.04660508,0.04008547,0.05142809,0.04614670,0.04465580,0.04068851,0.06375476,0.06118510,0.04723791,0.06432414,0.07155276,0.05070346,0.07001502,0.06830579,0.07249468,0.08028747,0.07817515
0.06214272,0.05257612,0.05141082,0.06140492,0.05475951,0.04776846,0.05127681,0.05747908,0.04379593,0.04189211,0.04712230,0.04429164,0.05259632,0.05276596,0.03165087,0.03542197,0.05484982,0.03802497,0.02800830,0.01956453,0.03940975,0.03357336,0.03889972,0.02824618,0.03679142,0.04043110,0.04103255,0.05605169,0.03564709,0.04290770,0.05291618,0.04333607,0.07415551,0.06363845,0.06945151,0.09250105,0.10489920,0.11714495,0.13766911,0.16167416,0.15374645,0.19535774,0.19890516,0.18654197,0.16933886,0.16215212,0.13543947,0.11393777,0.10142767,0.07720675,0.07333671,0.07715014,0.06011605,0.04782794,0.03835736,0.04555473,0.04835186,0.03159886,0.04710482,0.03955706,0.04383614,0.03640830,0.03495823,0.04408496,0.03369460,0.03681032,0.04215638,0.03667296,0.03841097,0.05440489,0.05996974,0.04003206,0.06033163,0.07634228,0.09785916,0.12317225,0.14743311,0.17688098,0.18977460,0.20231710,0.20341909,0.20468638,0.20599550,0.21211541,0.23071750,0.28472983,0.32017999,0.37296495,0.41297272,0.43129575,0.47103992,0.48886639,0.45257489,0.48609333,0.48637057,0.48638342,0.46844068,0.43610657,0.39106085,0.35591666,0.34110931,0.28021960,0.26648135,0.23478866,0.17554446,0.18415019,0.15155164,0.11681834,0.09379552,0.08829428,0.08448657,0.09077416,0.10226967,0.11134170,0.09164165,0.08617015,0.10168865,0.11135864,0.10199674,0.10396638,0.08592431,0.07379888,0.07336002,0.05118081,0.05096182,0.05753500,0.05225331,0.05634779,0.05034203,0.07153579,0.07274066,0.09046544,0.09475203,0.08295011,0.11967489,0.14679783,0.16684804,0.18140396,0.19998608,0.23245611,0.25538053,0.28156114,0.29143107,0.31078936,0.33240917,0.33121535,0.28312801,0.26361191,0.26551355,0.22825249,0.20730987,0.18311606,0.18626693,0.20069277,0.18390287,0.18606291,0.19748058,0.18459054,0.17130808,0.13701655,0.12071636,0.10037083,0.08253817,0.06937681,0.08079095,0.05040768,0.04453453,0.05411227,0.05810757,0.06774464,0.04687671,0.04894274,0.07379903,0.08254038,0.08385964,0.10188125,0.12525434,0.15089266,0.15760432,0.19779229,0.21283678,0.23034202,0.25415084,0.28230281,0.29876340,0.35005900,0.38466335,0.40003533,0.38574680,0.40079936,0.36900833,0.38254309,0.35036779,0.31088681,0.29480688,0.27021777,0.21804536,0.20356654,0.19294096,0.16560620,0.13805802,0.13420243,0.12465134,0.14509979,0.13764985,0.15243388,0.16734992,0.17030602,0.19718091,0.21569211,0.24860248,0.27730311,0.30469901,0.32719541,0.36861052,0.39574153,0.40152606,0.39576967,0.42702886,0.41968962,0.41421930,0.38378151,0.37444411,0.32344992,0.31105705,0.28677593,0.23711376,0.20835348,0.16386468,0.17984429,0.13625501,0.14384978,0.14305932,0.13316813,0.12167135,0.13619819,0.13719957,0.12822266,0.11209180,0.10042734,0.09776295,0.10061370,0.10246745,0.09796446,0.09354448,0.11541505,0.13666027,0.13456397,0.14129430,0.19533670,0.19898216,0.21552191,0.26682099,0.31265825,0.33968407,0.38569418,0.40640542,0.44714078,0.44344683,0.49318810,0.47473416,0.48401822,0.48112679,0.45977222,0.45018911,0.44494643,0.44283945,0.42922170,0.43775874,0.40663013,0.37225916,0.36079716,0.31821804,0.27502019,0.22683716,0.20249538,0.17116483,0.14333060,0.13156367,0.09429578,0.10778074,0.10644950,0.11460217,0.10643416,0.10342638,0.10355217,0.11504595,0.12507364,0.12590537,0.14027978,0.13234374,0.14631727,0.15131780,0.15518172,0.17562460,0.17051609,0.17740824,0.16853015,0.17098256,0.18834432,0.17346565
-0.03735034,-0.01917707,-0.02396856,-0.02197546,-0.00504125,-0.02283778,-0.03089410,-0.03699216,-0.02758387,-0.02863334,-0.01597609,-0.01354296,-0.02295702,-0.03030542,-0.01959452,-0.02450421,-0.02932433,-0.02270141,-0.02948928,-0.01775703,-0.04047655,-0.01405304,-0.02395424,-0.01372023,-0.01845258,-0.00493761,-0.02406107,-0.01561628,-0.00503592,-0.02803642,-0.00516752,-0.00814744,0.00129186,-0.01005020,0.00474120,0.01197817,0.03660941,0.04787089,0.07397997,0.09163893,0.10704292,0.11406923,0.14085173,0.12251999,0.09604517,0.09184988,0.06840867,0.04671733,0.03135215,0.01944351,0.00378209,0.00402051,-0.02265750,-0.00268059,-0.00486322,-0.00677074,-0.02171743,-0.02278983,-0.00604708,-0.00258911,-0.02081243,-0.00914827,-0.00086171,-0.00728331,-0.01118635,-0.01081314,-0.00499697,0.00208212,-0.00331285,-0.00020047,0.00785020,0.01438293,0.01622632,0.02959046,0.06298462,0.07092611,0.10869143,0.10491002,0.12383026,0.11405909,0.11310985,0.10001088,0.13076363,0.11821565,0.12919854,0.14634074,0.17172589,0.21146786,0.22786851,0.26631399,0.30454196,0.36463003,0.40011674,0.42503900,0.46544331,0.49373833,0.50362368,0.50601191,0.49038444,0.46171943,0.41605053,0.37901179,0.30925267,0.23718297,0.21501805,0.16323457,0.13313206,0.10149303,0.08561815,0.08897997,0.08978816,0.10126925,0.09483750,0.13345953,0.12807651,0.11938077,0.11986883,0.12702549,0.11282512,0.10624405,0.11324928,0.07958441,0.05795480,0.04992278,0.02943316,0.05219709,0.02947970,0.04113098,0.04613141,0.02612822,0.05436102,0.06900271,0.08674199,0.07968187,0.11836599,0.12124477,0.15855694,0.17518969,0.18401486,0.22288211,0.23542451,0.24467762,0.26177862,0.27214264,0.24296663,0.24199834,0.24848297,0.22880922,0.21459548,0.21682153,0.23361444,0.23412973,0.25322248,0.29405553,0.29091512,0.30106119,0.28029912,0.27543921,0.23393007,0.20313518,0.16978564,0.13645138,0.10325014,0.08980659,0.07639904,0.04147366,0.04207574,0.04756768,0.03335490,0.04941254,0.03850065,0.04550909,0.06219595,0.05447646,0.05003140,0.06320556,0.06111058,0.06245072,0.06075903,0.08223543,0.06954826,0.07848780,0.08605841,0.09055965,0.10222876,0.10070293,0.09774747,0.12694524,0.10989170,0.11227121,0.11191204,0.10816644,0.08721503,0.09928224,0.09845168,0.08687525,0.11187384,0.09526368,0.09699961,0.10162770,0.12780075,0.11719831,0.14110776,0.13759204,0.17594737,0.15901084,0.21305267,0.26215618,0.30122511,0.33794973,0.37363943,0.44456193,0.48757545,0.56914376,0.62785307,0.68347312,0.71663402,0.69799858,0.73483992,0.69900000,0.67688442,0.65551201,0.61522280,0.54950762,0.49439658,0.45382906,0.40719276,0.33167428,0.27191641,0.25659731,0.22795203,0.20097377,0.18502372,0.18213596,0.18583701,0.15716043,0.16560093,0.15820130,0.15737685,0.14883061,0.13519049,0.14302316,0.13161528,0.15753190,0.15941990,0.19046349,0.20950004,0.25792426,0.29380487,0.32890931,0.40961829,0.45177432,0.50538702,0.57537743,0.60515559,0.65785562,0.66290906,0.69234177,0.68372472,0.66140129,0.64925721,0.63286475,0.61005216,0.59790903,0.63009125,0.61894368,0.59812979,0.59522864,0.61130757,0.57749126,0.52789995,0.48220991,0.39151107,0.33385576,0.28384383,0.24481559,0.20702890,0.15678746,0.17613609,0.13591240,0.14840934,0.10929785,0.12458034,0.12248490,0.12361659,0.14823888,0.13062648,0.13969645,0.13968272,0.13221983,0.13122674,0.16062016,0.13387708,0.11765963,0.15301293,0.14545716,0.13320285,0.15837900,0.15901544,0.16921299,0.15258816
-0.01559793,-0.01055618,-0.01055731,-0.01291670,-0.01488382,0.00164849,0.00433112,0.00452206,-0.01305741,-0.00539820,-0.01317809,0.00503981,-0.00366833,-0.01920099,-0.02050136,-0.01470675,-0.00370971,-0.01654626,-0.00628550,-0.02079634,-0.01337438,-0.02053508,-0.01636645,0.01154993,0.00006902,0.00947295,0.00615353,0.02482694,0.00933927,0.00241279,0.00741457,0.02001080,0.01829501,0.01916749,0.02085544,0.03258684,0.05811085,0.05579564,0.08564592,0.09483981,0.11816927,0.12629577,0.13702504,0.11983172,0.11970913,0.11272541,0.07938828,0.06917622,0.03347064,0.03039744,0.01956484,0.02314135,-0.00666923,0.01586325,0.02056285,0.00587132,0.00781626,-0.00145436,0.00138303,0.00984099,0.00894749,0.01696391,-0.00200685,0.01324240,0.02385389,-0.00369067,0.00560855,0.00072761,0.01788212,0.02132995,0.03578462,0.02109228,0.03040887,0.04811214,0.06506722,0.08029300,0.10010324,0.13918804,0.12184627,0.14622825,0.12278288,0.11800482,0.09690783,0.12032123,0.12026252,0.13458144,0.13019507,0.17282784,0.17754006,0.22423378,0.28111896,0.27277781,0.34765964,0.38565258,0.42829085,0.42134034,0.45279983,0.45308602,0.45620571,0.45076289,0.43412455,0.41659504,0.33868730,0.29879193,0.25996694,0.20767731,0.13801173,0.11800136,0.11022582,0.08726335,0.08645174,0.10273431,0.08108855,0.06941132,0.09531551,0.09597763,0.07841656,0.08192689,0.08718473,0.09928560,0.06312724,0.06532751,0.05517911,0.04259217,0.05175027,0.06744651,0.06038688,0.05950250,0.06169167,0.08250669,0.07626325,0.10795274,0.09974011,0.11412930,0.14266611,0.15900208,0.17660369,0.21127155,0.21893118,0.24271527,0.24557856,0.27049075,0.27094975,0.26010956,0.25920269,0.29737741,0.28775062,0.23259473,0.22180679,0.25384131,0.25293873,0.24827772,0.27164169,0.27150025,0.28858654,0.30481494,0.29816096,0.29259835,0.25083002,0.20777471,0.19374836,0.16147142,0.12433487,0.10925541,0.10014696,0.08699057,0.08643326,0.07921163,0.05707027,0.07953422,0.05871178,0.05587978,0.05697759,0.07091205,0.09505003,0.07806667,0.08246739,0.08666142,0.09996518,0.10226138,0.11493805,0.11836514,0.12857217,0.13945208,0.15546638,0.16553192,0.16787726,0.15625539,0.16338769,0.16884768,0.16175249,0.15135635,0.15407712,0.15351724,0.13479043,0.12519109,0.13751984,0.12171924,0.11592597,0.12027642,0.12967974,0.13020131,0.15403609,0.17019654,0.17728251,0.21347640,0.23297302,0.27235798,0.31072294,0.32875907,0.39953312,0.42361224,0.46005918,0.51328225,0.54252501,0.61676815,0.60617930,0.63710655,0.63928363,0.65444960,0.60460332,0.56861570,0.55080418,0.46447763,0.42575072,0.37814245,0.31086346,0.30007100,0.27366911,0.22775833,0.20922081,0.18815597,0.18074037,0.17670692,0.19088930,0.18387364,0.17336069,0.19081002,0.17614289,0.15419035,0.16590455,0.15020308,0.16870676,0.14015808,0.15385419,0.16030673,0.17359267,0.20470473,0.22413119,0.25875354,0.34181442,0.39226261,0.42719955,0.48675438,0.53182749,0.57090903,0.59676782,0.63132729,0.63170689,0.60579507,0.60522312,0.60799707,0.60223579,0.58232888,0.56238579,0.57887586,0.60752721,0.57313274,0.59158844,0.55325854,0.47491220,0.46719756,0.37921370,0.35213725,0.29508132,0.24208978,0.20321174,0.17764394,0.14040375,0.16517305,0.12209976,0.10943216,0.10124391,0.12670404,0.12906290,0.11426285,0.14309187,0.11225316,0.13279268,0.14255800,0.10624622,0.14021037,0.13492438,0.13836052,0.14225994,0.14781160,0.13098073,0.13599248,0.16378852,0.14908791,0.14622299
-0.03840830,-0.02972167,-0.03404376,-0.03520526,-0.04369826,-0.02591587,-0.03651291,-0.02921593,-0.04162074,-0.04378637,-0.04223621,-0.02879843,-0.05151142,-0.05637394,-0.03306454,-0.04946714,-0.03974459,-0.04004579,-0.04278999,-0.04724214,-0.05278270,-0.04031218,-0.04767269,-0.01900701,-0.03763456,-0.02593841,-0.02436006,-0.02046606,-0.01560819,-0.01439821,-0.02131446,-0.01067079,-0.01601133,-0.00395310,0.00738790,0.00650661,0.03476285,0.03692259,0.08363012,0.11000523,0.12593661,0.11694321,0.13112353,0.12408075,0.12077695,0.08056688,0.07829784,0.05513148,0.04583638,0.00778341,0.01337337,-0.00305838,-0.00442980,-0.00164179,-0.02636036,-0.02020454,-0.01748046,-0.02440030,-0.01300440,-0.02261485,-0.02318817,-0.02660409,-0.02710612,-0.01370223,-0.01350065,0.00233047,-0.02081432,-0.00692061,-0.01177530,-0.01657601,0.00207082,-0.00283879,0.01203575,0.03317254,0.06555930,0.08845722,0.10309374,0.13173701,0.13037563,0.15125047,0.13599477,0.14176352,0.12971679,0.13081311,0.14857802,0.14186477,0.20393857,0.24834938,0.25906612,0.29488092,0.36069159,0.36786690,0.42138275,0.43015758,0.45551178,0.45975441,0.47727851,0.47311309,0.43741794,0.43617252,0.40213750,0.36052719,0.31761480,0.28063547,0.20523092,0.17186955,0.13582220,0.10928045,0.09991344,0.06787227,0.08239295,0.07928661,0.08377313,0.08268578,0.09480276,0.12467984,0.10755824,0.10018920,0.09424433,0.09671829,0.07506346,0.06077418,0.05216646,0.04725027,0.03440822,0.04034219,0.04966741,0.03346967,0.06366474,0.04444157,0.06271961,0.07219754,0.07930887,0.11158950,0.09971616,0.13317896,0.17209912,0.19586745,0.21897500,0.24080748,0.26129874,0.25792265,0.30110534,0.28950087,0.29464293,0.31975614,0.31125634,0.27284086,0.26305283,0.24941290,0.24956932,0.24084291,0.25916889,0.27741267,0.26853731,0.29269719,0.30579301,0.24690986,0.24611912,0.19760717,0.17552986,0.11414923,0.11696093,0.10308485,0.08065109,0.05986446,0.07546844,0.06069345,0.06177676,0.06186693,0.06390856,0.06504013,0.06803574,0.07609921,0.07656167,0.07374750,0.09320140,0.10049147,0.09237989,0.11267139,0.13026076,0.15226865,0.16290582,0.18665924,0.20795658,0.23282740,0.21475799,0.24703772,0.23270233,0.23892160,0.19925770,0.22363274,0.21480887,0.19458455,0.18868279,0.16970023,0.15518380,0.15148966,0.13199586,0.12894891,0.13656293,0.12444620,0.13653897,0.16189789,0.17478849,0.18044941,0.22951296,0.24035808,0.28476370,0.30386368,0.36091385,0.40214987,0.45712469,0.50263203,0.56268274,0.58165639,0.61983089,0.67335284,0.63396991,0.64148297,0.61754288,0.57371308,0.55286381,0.50956938,0.46969418,0.39411757,0.35844344,0.31974673,0.27780458,0.26838046,0.23660516,0.20781107,0.18361630,0.17973800,0.18973559,0.17435471,0.18752363,0.18699006,0.17460760,0.16806421,0.14921801,0.15521036,0.14485611,0.18511904,0.16232246,0.18013774,0.18798113,0.18983596,0.25778126,0.28740907,0.35079114,0.40491884,0.42056253,0.47502518,0.55321064,0.57676416,0.64658017,0.65635494,0.64017549,0.64863769,0.63216232,0.66316579,0.61199259,0.61513871,0.64491972,0.63475345,0.60464568,0.58020275,0.62791189,0.56678522,0.55810272,0.54067609,0.45524044,0.39480871,0.31823780,0.26825308,0.20418683,0.21417387,0.17645807,0.15076535,0.14913272,0.15168595,0.14307241,0.13694043,0.11961127,0.14064019,0.13736682,0.16811807,0.14442319,0.15591556,0.17130220,0.16399119,0.16587268,0.16691930,0.15151807,0.18506721,0.18748452,0.18754350,0.18276863,0.18830025,0.17288524
-0.09172358,-0.07797272,-0.09783726,-0.07530559,-0.08416584,-0.08374766,-0.06251499,-0.08594816,-0.06560772,-0.06724314,-0.07368798,-0.10249758,-0.08926198,-0.09604423,-0.10747618,-0.08950929,-0.09814254,-0.11118804,-0.09280697,-0.11254677,-0.09535965,-0.09741372,-0.07771340,-0.07226561,-0.07203144,-0.06659531,-0.07033400,-0.05250419,-0.03934385,-0.05201978,-0.04756179,-0.04464220,-0.05477748,-0.06408077,-0.03121407,-0.01774913,0.02343130,0.06012428,0.09244124,0.15409044,0.17373904,0.19818022,0.21915046,0.20318686,0.18804124,0.15617180,0.12126332,0.07192642,0.05107508,0.01296168,-0.02557052,-0.04456368,-0.05248964,-0.05797914,-0.06689057,-0.07232668,-0.06843891,-0.06879272,-0.05526633,-0.06869099,-0.05498046,-0.04820151,-0.08872545,-0.06809668,-0.06053774,-0.06522666,-0.06505666,-0.07266750,-0.04929423,-0.06216208,-0.03540638,-0.03323922,-0.01659366,0.00449005,0.05084040,0.10808894,0.14030589,0.15604899,0.20027774,0.18414632,0.17625558,0.15280730,0.13617524,0.12401356,0.11545200,0.14574060,0.16154515,0.17345616,0.22482783,0.24307580,0.26518707,0.28658429,0.31369541,0.29497663,0.30232263,0.30631379,0.27615044,0.27158799,0.27912903,0.25916301,0.26247260,0.24957894,0.23512957,0.22847913,0.18313270,0.15727652,0.13893284,0.08850262,0.08310507,0.06590178,0.05393704,0.06221671,0.06962354,0.07146874,0.07733863,0.09480615,0.10715857,0.08411654,0.08353692,0.07638161,0.04484609,0.04170013,0.04476678,0.01121700,0.03289863,0.02670241,0.03502389,0.04731759,0.05202558,0.07950624,0.08140175,0.09538948,0.15437295,0.18686733,0.19942549,0.25488145,0.26450144,0.32306234,0.37884283,0.41021715,0.45275331,0.50183850,0.50260053,0.52311204,0.51035240,0.50105766,0.47006696,0.43146970,0.40130978,0.31885697,0.26582560,0.23951754,0.18789644,0.16185866,0.12887578,0.13036335,0.09016340,0.10089270,0.07358848,0.06889773,0.05893901,0.05383616,0.04420204,0.05493536,0.02417766,0.03650228,0.04168056,0.04512669,0.04328543,0.04704566,0.03862138,0.03720498,0.03358271,0.04853598,0.06477848,0.07812762,0.08522390,0.06980287,0.10394023,0.11149852,0.12277486,0.14513079,0.15781269,0.17824956,0.18559382,0.19787539,0.23387262,0.21267543,0.23171945,0.22600707,0.21996447,0.22068456,0.20368978,0.20672032,0.18813908,0.17074703,0.16428197,0.14946582,0.15207055,0.16658910,0.15994167,0.18582210,0.19137644,0.21254841,0.23283357,0.25413623,0.30752257,0.33785494,0.32459957,0.37718574,0.39814843,0.41945881,0.40802916,0.44263855,0.45048005,0.44749277,0.46803095,0.44593164,0.44844610,0.45013283,0.46322836,0.43298255,0.41901620,0.37895735,0.35839468,0.35884472,0.31448782,0.27778050,0.28794390,0.26332545,0.29858615,0.26670859,0.26309017,0.30977528,0.32528209,0.29820243,0.30728505,0.30818516,0.28817738,0.26793702,0.24350596,0.24274549,0.23856249,0.21208546,0.20075257,0.20217693,0.19207475,0.21063434,0.22858635,0.24439179,0.28181881,0.30795804,0.34529450,0.40450624,0.43493414,0.45280026,0.53937616,0.56658851,0.64968738,0.63801923,0.71406437,0.76248915,0.76101968,0.73674607,0.72818131,0.68432507,0.64673461,0.62245169,0.62281078,0.59264207,0.54363035,0.52617527,0.47711112,0.42604953,0.35606713,0.30655425,0.25158995,0.24949209,0.20698648,0.18885790,0.18337993,0.19025075,0.16201052,0.16164800,0.18936778,0.21793370,0.19162360,0.17497158,0.18880378,0.19462904,0.20096436,0.20567501,0.22160290,0.24249602,0.19645198,0.22520057,0.22430703,0.24736579,0.21184443,0.25089531,0.24510230
-0.09899558,-0.09709601,-0.09348010,-0.10638994,-0.09657415,-0.11188049,-0.10580920,-0.08204436,-0.10278773,-0.10078533,-0.09916548,-0.10240918,-0.08012022,-0.09283503,-0.10179228,-0.11006272,-0.09965054,-0.10269382,-0.10396318,-0.09984415,-0.08904011,-0.07540606,-0.08157599,-0.08674142,-0.09652945,-0.08928952,-0.07795951,-0.06553400,-0.05534622,-0.07251319,-0.06965792,-0.05630477,-0.06933738,-0.07629809,-0.05578051,-0.04182734,-0.03765336,-0.01441806,-0.01517485,0.00629820,0.02942942,0.03488649,0.03692112,0.04624259,0.06812617,0.03559786,0.03120190,0.00268432,-0.00594074,-0.02062034,-0.02978750,-0.04335631,-0.05057808,-0.04528337,-0.07108840,-0.04364709,-0.05893298,-0.05489994,-0.05156069,-0.05585582,-0.05757050,-0.03923366,-0.05189435,-0.05720021,-0.06203373,-0.04056193,-0.05266067,-0.03617169,-0.02694436,-0.05280412,-0.04240656,-0.03769511,-0.01981029,-0.01160650,-0.02149998,0.01887722,0.03757471,0.05000043,0.05392002,0.10122967,0.08440686,0.07881679,0.10049860,0.09823965,0.13136685,0.16155800,0.18402839,0.23476322,0.28765909,0.32205334,0.35681726,0.38715355,0.41321406,0.40711084,0.38033983,0.40172438,0.39763724,0.35506464,0.32321466,0.29881779,0.27749830,0.24521852,0.20092252,0.19586786,0.14857927,0.13694156,0.10495574,0.07181373,0.06042913,0.06222479,0.05739994,0.08255130,0.08832511,0.09399688,0.12370829,0.15141780,0.12544160,0.14249851,0.13445326,0.13658002,0.11042016,0.10783985,0.08629373,0.05091802,0.05105014,0.02555505,0.03113048,0.02026017,0.01790222,0.03765858,0.02110306,0.04818263,0.03613635,0.05711119,0.09200880,0.09702229,0.11594854,0.11682520,0.12511066,0.15033653,0.16112066,0.20305514,0.21916517,0.21953132,0.21263745,0.21128482,0.21333949,0.19851775,0.18953079,0.17688572,0.15913780,0.12249445,0.13132271,0.10669693,0.10314995,0.11668553,0.09651424,0.11557363,0.11368563,0.09729778,0.10098861,0.05757707,0.06852403,0.05112663,0.03128092,0.04260293,0.03166953,0.03203742,0.02303168,0.01534471,0.03266503,0.02202231,0.03826673,0.03871059,0.02720875,0.05802879,0.05784858,0.05985192,0.07379355,0.08920444,0.11609494,0.12935071,0.12275858,0.17029659,0.16247154,0.18511010,0.21974912,0.20335105,0.21412313,0.21315284,0.23003534,0.20724579,0.20123760,0.20179890,0.18089921,0.16855314,0.13899567,0.14700263,0.11093082,0.10202010,0.10744481,0.09913056,0.08704450,0.10201176,0.09872490,0.13042800,0.13679646,0.14325822,0.17737773,0.20612906,0.23412474,0.25620857,0.29291440,0.32802464,0.35753417,0.41307745,0.43375846,0.46523424,0.48894240,0.50403483,0.49951575,0.49069924,0.50258248,0.42653789,0.42540109,0.39258548,0.39360279,0.29787651,0.28959978,0.26493139,0.20854395,0.19155797,0.17556996,0.15913970,0.14748130,0.16367876,0.12905223,0.15939672,0.12487990,0.14621758,0.13929519,0.13667794,0.09972827,0.12132058,0.10262714,0.10976509,0.12937046,0.13822383,0.16533284,0.19249077,0.22987783,0.24133284,0.30861889,0.33193984,0.37030087,0.41215108,0.40731473,0.46909991,0.41982256,0.44243212,0.47446171,0.41138882,0.42131950,0.41012619,0.41654798,0.37775300,0.35720691,0.33749907,0.35808568,0.32164359,0.29359953,0.30786243,0.27273838,0.24906517,0.22526015,0.17511057,0.13996640,0.12487269,0.10168359,0.11092653,0.08926497,0.06965145,0.07381846,0.08232101,0.06740343,0.09447191,0.10583709,0.08516707,0.10264066,0.07659335,0.09405021,0.09220957,0.09603400,0.08748515,0.09849046,0.12918563,0.11254047,0.12371989,0.10049469,0.11414873,0.11710346
0.11241916,0.14461859,0.11882079,0.15438626,0.15679907,0.13420045,0.13948729,0.13868165,0.12730412,0.12496806,0.12077457,0.09401136,0.10418555,0.10345232,0.09609011,0.10619525,0.10681592,0.10691820,0.11350057,0.10409581,0.11128234,0.10013602,0.11365432,0.14905341,0.15007748,0.15534381,0.17663639,0.17257464,0.17576498,0.16656161,0.15051011,0.13440915,0.13997878,0.15353974,0.15196863,0.14637433,0.17202014,0.15823124,0.19357437,0.19798699,0.18876094,0.19101028,0.20035730,0.17876393,0.15646218,0.18449728,0.18269283,0.15154123,0.15839445,0.15086581,0.13326229,0.13278493,0.13027596,0.13917858,0.12467473,0.11941130,0.14890704,0.13325683,0.13493115,0.14823477,0.13008072,0.12755539,0.13953465,0.13276061,0.13736776,0.12940745,0.13288032,0.13613398,0.15162888,0.14780137,0.14999800,0.14240578,0.16006839,0.21099720,0.20455070,0.22974105,0.21655755,0.21770303,0.26186434,0.23321488,0.26140983,0.28533580,0.28091999,0.32049623,0.35261894,0.37599219,0.38852050,0.44604886,0.46834268,0.45719123,0.51490426,0.50835137,0.54364352,0.55315414,0.54408933,0.56960697,0.55202039,0.60385569,0.58327704,0.56758281,0.56623647,0.51971356,0.45982549,0.40942834,0.36658681,0.32592117,0.27164702,0.25833910,0.24204434,0.24037274,0.21370675,0.20771547,0.22158730,0.20729555,0.21129711,0.21107595,0.23446527,0.22296872,0.20341851,0.21069166,0.19449428,0.20960372,0.19684631,0.20434232,0.19809016,0.22111474,0.24493178,0.23811197,0.27119315,0.29855464,0.30319612,0.34861785,0.36565299,0.39219284,0.38001487,0.42163697,0.42353240,0.41868625,0.43675029,0.41713702,0.40524909,0.40033040,0.35630282,0.35986013,0.32749107,0.32876125,0.30873953,0.27646420,0.27739977,0.28669244,0.29778852,0.28865742,0.28918870,0.30154433,0.33040075,0.30326730,0.28582823,0.27113209,0.26844540,0.24420213,0.24479753,0.21008898,0.21495354,0.21686955,0.20926169,0.18945385,0.20284599,0.18129790,0.23329328,0.20485728,0.19877826,0.22587675,0.21818105,0.20867909,0.25954765,0.26802039,0.29273279,0.28085178,0.31340965,0.34801818,0.37455312,0.36071871,0.40286260,0.40883383,0.46220263,0.47462527,0.48844189,0.47893671,0.46073333,0.45594672,0.42742156,0.40146486,0.42514334,0.38144428,0.37300790,0.35147342,0.33080672,0.33252169,0.34981843,0.36078595,0.36188156,0.38762920,0.41420037,0.43955170,0.42913782,0.50922199,0.52959854,0.55216781,0.59394587,0.61238168,0.60649744,0.63786640,0.64987333,0.67301486,0.66976368,0.64289066,0.62994949,0.61441929,0.59745088,0.54370780,0.52724044,0.49960757,0.46985942,0.42806784,0.43577677,0.43562573,0.40460715,0.39707253,0.41259175,0.40627450,0.45020933,0.46208297,0.44732386,0.49033278,0.46784191,0.47477080,0.43679332,0.43818303,0.43392912,0.38612305,0.33523624,0.35072183,0.34720019,0.30502910,0.29340001,0.31858328,0.30896148,0.35897610,0.34224190,0.41405427,0.45467509,0.47185388,0.51997254,0.52551809,0.57594796,0.62322770,0.60501137,0.62418517,0.62571792,0.60227614,0.59927170,0.56720764,0.60666725,0.58814513,0.55236001,0.52175271,0.51166760,0.49712191,0.45384109,0.44825203,0.41052647,0.40261641,0.36713683,0.32498271,0.29102923,0.31130095,0.26798817,0.26692599,0.25442991,0.26948052,0.26697150,0.29152184,0.30573278,0.28618335,0.26396481,0.29700924,0.27793218,0.28155297,0.31576985,0.30126244,0.30356656,0.32802874,0.31873662,0.33166125,0.33544655,0.31853018,0.33102498,0.34341076,0.33391195,0.33912686,0.35181044
-0.04088049,-0.05475546,-0.04471218,-0.04192861,-0.03420921,-0.03927827,-0.05059428,-0.05246172,-0.04292621,-0.05445725,-0.05333315,-0.04557170,-0.05152404,-0.04617981,-0.06929305,-0.06109760,-0.04935668,-0.04999279,-0.06708253,-0.04786668,-0.06347786,-0.06342142,-0.04012895,-0.05099699,-0.03627176,-0.04196116,-0.01703255,-0.02865074,-0.04091871,-0.03086354,-0.04688777,-0.02505064,-0.03620038,-0.02238872,0.00493037,0.01509218,0.01849329,0.06117372,0.05077169,0.09731052,0.11544906,0.11056455,0.10246236,0.10982721,0.08165715,0.06214454,0.02614615,0.00454483,-0.00454401,-0.02088453,-0.02447816,-0.03562289,-0.02840453,-0.02325375,-0.03944647,-0.04996184,-0.03288130,-0.02741322,-0.04081170,-0.04488287,-0.04602751,-0.05168175,-0.03893318,-0.02837518,-0.03799030,-0.04432522,-0.04177812,-0.03317021,-0.03301885,-0.03019342,-0.03087279,-0.01569630,-0.00260295,0.01293918,0.04995672,0.06720520,0.08771159,0.09448346,0.11495432,0.08478689,0.09848930,0.08691785,0.07779605,0.10618428,0.12363187,0.14969473,0.17169099,0.21753140,0.24860329,0.27330545,0.27909728,0.31049279,0.30761334,0.38083888,0.37503871,0.38456460,0.39611806,0.34201087,0.33841306,0.31088548,0.26512265,0.23725388,0.17395897,0.14724768,0.10722259,0.08311364,0.04505081,0.03704050,0.02885072,0.03245923,0.02527652,0.03436255,0.04743124,0.05462816,0.03839438,0.05946548,0.04987785,0.04481260,0.03661699,0.01916148,0.02139541,0.02033681,0.00144871,-0.00961368,0.00957077,-0.00072977,0.00115753,0.00223018,0.01550027,0.01572703,0.02609056,0.04002476,0.08356227,0.06132616,0.07630480,0.11208838,0.12820191,0.15416009,0.18109439,0.20078572,0.23800009,0.21728492,0.24034359,0.23148537,0.23976357,0.22982313,0.21131387,0.19955801,0.16998660,0.17893860,0.18267319,0.18805932,0.21135874,0.22744306,0.21487415,0.19965605,0.19065522,0.16828386,0.14632348,0.12040018,0.07613000,0.07723216,0.03625821,0.03546205,0.01585866,0.01047778,0.01319417,0.01667913,0.01130529,0.00556643,0.00625736,0.02760195,0.02026212,0.02017310,0.05185883,0.04947178,0.08045596,0.05642239,0.07776146,0.08442787,0.09939346,0.12545807,0.14849403,0.14722842,0.15390322,0.15462115,0.18150006,0.17747552,0.17184064,0.16228971,0.15664178,0.13182348,0.12072092,0.12400511,0.11236073,0.11374518,0.09918426,0.08715970,0.09329957,0.09389356,0.09023554,0.08157727,0.10697688,0.11484897,0.13188401,0.13903206,0.17565317,0.22354354,0.24351822,0.28893378,0.31804444,0.37747016,0.40882947,0.41549919,0.48522482,0.50243515,0.53106124,0.50247196,0.50053163,0.51160016,0.49808775,0.42325602,0.39431333,0.34584468,0.32348935,0.28073181,0.21188365,0.19685846,0.18965571,0.15960468,0.14897328,0.14784235,0.12987207,0.13856302,0.12253098,0.12683640,0.12725990,0.12124503,0.11255738,0.11086401,0.10346366,0.11312138,0.10434963,0.13096850,0.11517654,0.14466540,0.19484931,0.20212518,0.25657256,0.29401717,0.32649599,0.38428055,0.42422204,0.46508675,0.49894743,0.51995241,0.57433947,0.53123120,0.55999813,0.56507116,0.54484580,0.54460312,0.55066901,0.57943549,0.53140524,0.57460731,0.51762165,0.51951298,0.50580139,0.44532762,0.41480599,0.35098164,0.30585044,0.25878778,0.21630684,0.18152915,0.14155191,0.13935639,0.12290066,0.13649461,0.13019278,0.11181375,0.11494819,0.12351415,0.13111124,0.12441448,0.12883809,0.13352361,0.12143782,0.13422096,0.15195206,0.16665611,0.15803418,0.15680013,0.15147861,0.16030227,0.16845171,0.17712721,0.17116598,0.17159283,0.14682385
0.08131615,0.10288502,0.08978202,0.07989696,0.10570535,0.08824422,0.07430085,0.08849159,0.10509846,0.10228148,0.07470854,0.09737148,0.09108647,0.08679800,0.10067104,0.07982223,0.06526810,0.07682342,0.05894818,0.08739593,0.09522490,0.07823151,0.07472884,0.07699293,0.09278505,0.08686972,0.08978420,0.09623753,0.08356693,0.09133887,0.10249783,0.08945683,0.10519729,0.08998290,0.09022094,0.08212312,0.10545703,0.11670549,0.11627746,0.15847788,0.16499665,0.14631087,0.15480929,0.15868684,0.17545057,0.17139823,0.12865849,0.12848852,0.12552883,0.09166026,0.09142799,0.09216732,0.09943791,0.09840598,0.07564388,0.09478227,0.08487125,0.09389192,0.08553035,0.09110842,0.06613479,0.07024859,0.06162151,0.08124835,0.08168344,0.06611592,0.08352269,0.07386898,0.06554728,0.08481337,0.08228316,0.08113762,0.10332983,0.08388603,0.10696317,0.12123980,0.13231618,0.14367156,0.15463835,0.14806924,0.14174769,0.17983088,0.18247223,0.17484589,0.18638675,0.19477690,0.22826623,0.25904614,0.29972545,0.36113424,0.38590623,0.41164242,0.45391170,0.48779970,0.48761885,0.47858602,0.49077474,0.46800817,0.43175743,0.43038061,0.40384477,0.34369843,0.31282310,0.26798023,0.25820570,0.20806210,0.19244146,0.16254484,0.15172312,0.14393369,0.13474187,0.14993741,0.17284032,0.17657795,0.21713040,0.21462019,0.21705362,0.22694256,0.24975910,0.19965969,0.18805693,0.17812481,0.16691040,0.13848448,0.12007212,0.12096585,0.09447874,0.08538066,0.08152864,0.07206329,0.10212519,0.10356648,0.09573028,0.11805809,0.12503619,0.11829688,0.13161755,0.13771753,0.16086783,0.16612530,0.18392576,0.20731969,0.18889935,0.22559224,0.23044677,0.23033767,0.22204721,0.20038770,0.21304299,0.20555806,0.18126734,0.17962945,0.18691098,0.20403271,0.22694277,0.22200293,0.21634614,0.25716871,0.20609678,0.17815907,0.17934884,0.14406962,0.16003059,0.14084980,0.09789748,0.10695890,0.09738308,0.09994052,0.06764976,0.07758652,0.08708941,0.07881833,0.08695740,0.07509356,0.08869327,0.08335452,0.09778871,0.11878674,0.09907135,0.10478645,0.11067237,0.11087166,0.12297849,0.13188365,0.13149905,0.15768640,0.13079139,0.14620343,0.17667072,0.15514186,0.13705014,0.16736198,0.15505844,0.16296092,0.12956253,0.12728747,0.11760058,0.12389109,0.10946550,0.11089990,0.12669962,0.10346918,0.11542166,0.11927442,0.13282930,0.14079470,0.14643306,0.17224065,0.19264814,0.21190994,0.23977249,0.30439669,0.34451826,0.37448897,0.43473844,0.51928415,0.53582832,0.59822816,0.59602307,0.60085376,0.62191635,0.64017799,0.62774798,0.57086421,0.52711664,0.48596450,0.44240206,0.38810855,0.32483806,0.29073821,0.25479905,0.24797720,0.20534976,0.16974916,0.16897412,0.16787026,0.15931427,0.15606480,0.10626189,0.13014346,0.10975931,0.12909337,0.12488394,0.14764397,0.14334437,0.14077273,0.16898444,0.18989211,0.20971543,0.24253967,0.28992526,0.33125549,0.34877483,0.42463103,0.44741254,0.46099574,0.50819233,0.51258924,0.54883679,0.53717904,0.50477869,0.47119535,0.48007814,0.43811691,0.43119582,0.43535731,0.40950674,0.40374273,0.39796586,0.38683157,0.35705871,0.36304872,0.30492123,0.29053834,0.25844758,0.22656640,0.19764299,0.15835009,0.14235229,0.12641580,0.12197383,0.11159530,0.11418317,0.10858554,0.10091634,0.09898379,0.09750544,0.12382713,0.10707356,0.10202151,0.09940583,0.13215498,0.11645466,0.09660919,0.11660492,0.12516489,0.10438980,0.12604044,0.13953379,0.13683771,0.11678582
-0.01261448,0.00397821,-0.00465044,-0.01846035,-0.00560254,-0.00467316,-0.01384893,-0.01205066,-0.01134832,-0.01902950,-0.01982988,-0.01781849,-0.01386352,-0.01164445,-0.02160255,-0.02366688,-0.01897395,-0.01646938,-0.01672396,-0.01466876,-0.01440036,-0.02174676,-0.00522835,-0.01320232,-0.01180676,-0.01389595,0.00873481,-0.00213209,-0.01216811,0.01089172,0.00968471,0.00605552,-0.01945487,0.00562069,-0.00433208,-0.01362819,-0.00072342,0.01178656,0.01108994,0.02695536,0.02852934,0.02130296,0.03994947,0.05414358,0.03765353,0.02980097,0.02945812,0.00161680,0.02360507,0.03038020,0.01003021,-0.00253002,0.02182701,0.01413444,0.01408056,0.01672345,0.01904925,0.01151109,0.02712364,0.02346685,0.01618879,0.02585326,0.02620890,0.01474811,0.01487876,0.00414632,0.01357429,0.01975752,0.01038603,0.01702856,0.01891264,0.01143533,0.02076787,0.02790124,0.04276193,0.03561067,0.05139843,0.06332535,0.07596316,0.08953559,0.11376760,0.12252517,0.13654691,0.16948910,0.17524279,0.21530540,0.27163893,0.30707777,0.37929199,0.40286879,0.45316604,0.49657942,0.51606229,0.55670630,0.56146784,0.57338529,0.55219540,0.51325627,0.50541157,0.46793543,0.43884035,0.40491696,0.32018421,0.29360029,0.22655257,0.22231258,0.17327901,0.13966346,0.11960835,0.10041885,0.10664651,0.12715920,0.13165526,0.14840501,0.15959614,0.15042364,0.16185924,0.16559283,0.16301319,0.14686770,0.15345260,0.12405644,0.12054803,0.07750307,0.08840947,0.08557700,0.06281738,0.05582506,0.06977563,0.06764503,0.06281386,0.07936284,0.08275835,0.10375413,0.09147018,0.09262660,0.10808472,0.10827126,0.10392370,0.12468885,0.11431341,0.12229115,0.12787852,0.12762141,0.13566777,0.14091504,0.13451717,0.13439645,0.13669032,0.12761752,0.11924222,0.14690880,0.18215953,0.19477779,0.21861298,0.23250496,0.25399651,0.25223796,0.24579296,0.21411314,0.18629982,0.17129720,0.14954174,0.11391098,0.10484567,0.11246859,0.08542996,0.06130039,0.09250271,0.08311931,0.09415072,0.06911279,0.10552897,0.11267375,0.09965977,0.10570459,0.12498117,0.12094038,0.13473799,0.14731273,0.16894289,0.18238238,0.22605369,0.23192712,0.26917326,0.28580986,0.29437105,0.29833880,0.34422100,0.31592887,0.32863706,0.31576636,0.32494194,0.30806153,0.27736819,0.24226869,0.22888578,0.19121911,0.18720600,0.17555526,0.16808712,0.15268368,0.14850991,0.15510116,0.15886847,0.16830243,0.20127214,0.20617146,0.23033802,0.23848156,0.31910668,0.32929912,0.40357610,0.41959182,0.46867407,0.53610886,0.57021007,0.60845184,0.65410595,0.65521491,0.64458723,0.65520595,0.60514100,0.58205463,0.53763109,0.48194575,0.43687610,0.37637690,0.37044009,0.29017704,0.25263901,0.22601946,0.20794688,0.20618690,0.18714014,0.15824482,0.15974362,0.16129722,0.16390250,0.14750700,0.14550339,0.13949175,0.14462586,0.13207665,0.16600732,0.16301754,0.17802029,0.17713621,0.20897962,0.26257629,0.29039979,0.35716827,0.35360451,0.44483098,0.48179334,0.51689758,0.54221966,0.54697867,0.52371024,0.51454095,0.51629140,0.50234173,0.43877226,0.45040466,0.41568012,0.40113042,0.39474731,0.41752317,0.40079197,0.37714205,0.35524782,0.36454282,0.31386583,0.31140005,0.25828772,0.20442159,0.16198450,0.14892560,0.13646450,0.13490950,0.10943942,0.13974770,0.12271964,0.12043665,0.12407200,0.10349716,0.13518792,0.13378081,0.14381448,0.16101957,0.15806094,0.14398082,0.15898317,0.14648824,0.15873173,0.15478375,0.18484859,0.19214217,0.17696433,0.17713361,0.17390618
-0.00061308,0.00083148,0.01231542,-0.00554098,-0.01354351,0.01285474,0.00472154,0.00596586,0.00669643,-0.00373036,0.01570792,0.00074564,-0.00246270,0.00546520,-0.00090818,0.01396616,-0.00595348,0.02242929,0.01851939,0.03577441,0.01420374,0.01711163,0.02042618,0.01786508,0.01056030,0.01399472,0.02562369,0.01977982,0.04647397,0.03718426,0.04988495,0.02055127,0.04284569,0.05802265,0.05567071,0.10015660,0.12588127,0.15093207,0.19582386,0.20071124,0.22251931,0.22033828,0.22991248,0.21325766,0.19104616,0.16777203,0.14994284,0.10968074,0.10387482,0.08285871,0.11037245,0.07008798,0.03846263,0.05674257,0.05663672,0.05377154,0.04774462,0.06655959,0.05585652,0.04315560,0.04584672,0.04707157,0.04204593,0.04823231,0.07398136,0.05132988,0.04432184,0.06093559,0.06698301,0.05640432,0.08330643,0.07750043,0.12798523,0.14908094,0.17313483,0.20530586,0.21578009,0.24777369,0.23070574,0.24191958,0.22733318,0.22464303,0.22701926,0.19806612,0.24454781,0.26693274,0.31870363,0.32371846,0.37678211,0.40106192,0.44293676,0.44797183,0.46244367,0.49927697,0.47913445,0.45642167,0.46308661,0.42526988,0.40291602,0.36026981,0.30235902,0.29092402,0.24635826,0.20129962,0.19412709,0.14908274,0.14198738,0.15622983,0.17577546,0.14613036,0.17933272,0.17881519,0.18424716,0.19358844,0.21324643,0.23466190,0.22794130,0.20723393,0.19546593,0.18523278,0.15993048,0.16589964,0.15721646,0.12870657,0.14381118,0.13209543,0.11696076,0.13236290,0.11094578,0.14516777,0.14018422,0.15268042,0.16067198,0.17253796,0.18130470,0.24397071,0.26917921,0.30421304,0.32471452,0.36466229,0.40054684,0.42950029,0.45554116,0.44938918,0.43502059,0.41690189,0.38399843,0.39527135,0.36159575,0.34594419,0.33177484,0.33062511,0.31160991,0.30783130,0.30880311,0.31031893,0.28589007,0.27023110,0.22781607,0.21146188,0.19910892,0.16891156,0.15423082,0.15882297,0.14442611,0.13926124,0.15571731,0.13885708,0.16025399,0.14622808,0.15543739,0.15407441,0.15594781,0.16147171,0.14880904,0.16936734,0.17834773,0.19279350,0.19147876,0.21948923,0.22946428,0.23644154,0.25722996,0.26297326,0.26150429,0.26400348,0.27101633,0.29141004,0.29923037,0.27480439,0.26235105,0.25374603,0.25938043,0.25158574,0.22728387,0.20611349,0.21849605,0.18231061,0.19503018,0.18756623,0.19606272,0.19035584,0.22533423,0.21273163,0.23801546,0.25273411,0.29201830,0.29535900,0.32173790,0.37969577,0.45019855,0.47765928,0.53417207,0.54732387,0.60933923,0.62166405,0.64171729,0.65741201,0.66397110,0.64715158,0.61090113,0.55912214,0.54122740,0.50150117,0.48104219,0.41789966,0.37602988,0.32626924,0.31682000,0.28291390,0.26001755,0.26366713,0.25402769,0.21672543,0.23474060,0.22976890,0.21174078,0.21493641,0.20637772,0.22101397,0.23729443,0.22471173,0.23309904,0.24401724,0.28310643,0.28573789,0.32483468,0.35460313,0.39786639,0.46724385,0.50921528,0.54076905,0.56323756,0.62411310,0.66175622,0.68163662,0.65905415,0.69769821,0.71404405,0.70477546,0.69269152,0.70549866,0.69852110,0.66384893,0.70717005,0.67763844,0.64705917,0.64519002,0.61959206,0.57463353,0.51838964,0.50034226,0.40667678,0.38254623,0.33285673,0.28736997,0.26954884,0.26843133,0.23161285,0.23537554,0.25521651,0.23004018,0.24615524,0.22899871,0.22685618,0.24440709,0.25553034,0.26094102,0.24811265,0.25535834,0.24347970,0.26203106,0.28354945,0.27133050,0.25187364,0.27706126,0.28778277,0.27500466,0.28879304,0.27164593,0.27575576
0.02390259,0.01646017,0.02598521,0.02855517,0.00914739,0.01429120,0.03482202,0.00879638,0.00500104,0.01718308,0.01138151,-0.00626790,-0.01131412,0.00860827,-0.01479949,-0.00683780,0.01189872,0.00435764,-0.00282432,0.00240144,0.01583723,0.00297773,0.01981291,0.00401593,0.01539535,0.03176489,0.02593439,0.01924492,0.02688299,0.02789187,0.01781724,0.04470926,0.03657672,0.03673740,0.04027121,0.04812703,0.09009695,0.11257809,0.13013988,0.13347054,0.16162421,0.16302190,0.17014714,0.16035471,0.14362914,0.12430066,0.11018926,0.08500203,0.06353683,0.05347147,0.02852142,0.04194581,0.03474170,0.00283506,0.02232184,0.02422762,0.01623670,0.01421920,0.01055305,0.03048948,0.01020967,0.01550986,0.01677235,0.02616044,0.01859197,0.02084674,0.01408230,0.02078786,0.02987456,0.03331998,0.03900423,0.05051950,0.06234483,0.09195401,0.09912369,0.09731042,0.15983502,0.15743368,0.17912560,0.18092330,0.15102644,0.16348136,0.17645636,0.16862203,0.19135131,0.19418581,0.23871936,0.25197766,0.31136355,0.31747547,0.33409024,0.38007893,0.38083326,0.40302408,0.37464070,0.39317126,0.38059221,0.37210017,0.36845764,0.33958532,0.32374927,0.26832439,0.25506040,0.22264661,0.20806708,0.18059375,0.15624978,0.12699198,0.13025609,0.13051886,0.14142135,0.16298661,0.15877398,0.18324129,0.17553119,0.19092042,0.19381696,0.17655452,0.16855642,0.17089530,0.12772154,0.10961334,0.11800239,0.09110852,0.07368443,0.09117868,0.07871062,0.08618751,0.10389872,0.14057636,0.12684909,0.14720283,0.17768668,0.19403803,0.19628961,0.24256213,0.24731331,0.25367266,0.27882846,0.30891707,0.34826765,0.35119993,0.37930205,0.36977022,0.37593170,0.33140006,0.29870045,0.27665443,0.26345814,0.25066190,0.25284527,0.22895491,0.19562441,0.19333837,0.19301544,0.21173484,0.18597763,0.17598791,0.17649191,0.15949900,0.13352575,0.13675235,0.11703124,0.09335155,0.09292589,0.11182382,0.08454046,0.10747711,0.10216416,0.09904397,0.11386742,0.09042147,0.11215722,0.10317568,0.10358420,0.11900965,0.13022219,0.13086579,0.14509320,0.14891677,0.15178580,0.17506393,0.18403244,0.19447508,0.17447345,0.19618761,0.18873771,0.19911983,0.20946530,0.21651960,0.21810801,0.18725707,0.19255805,0.20733308,0.17950508,0.18558898,0.18238554,0.17079746,0.17646753,0.18875506,0.19973033,0.20272984,0.20762742,0.23505419,0.23763766,0.28225982,0.30471861,0.32632092,0.36450973,0.41638182,0.43585603,0.47951328,0.49412448,0.49600651,0.54560315,0.59960475,0.58852254,0.62141995,0.60726080,0.58174913,0.54988706,0.51874992,0.49495939,0.48074531,0.44672689,0.39899534,0.34243874,0.33932200,0.30185049,0.30521168,0.29548415,0.29046564,0.27742971,0.27222295,0.28605992,0.30602206,0.26248730,0.27838620,0.27751973,0.23294833,0.23514224,0.23872844,0.23214653,0.21375506,0.23943954,0.25683838,0.28634950,0.31728055,0.33396938,0.37508230,0.44843963,0.43982964,0.49073369,0.50932203,0.54693335,0.60090365,0.58467835,0.62903531,0.56995846,0.65144190,0.62061804,0.59817671,0.59682788,0.55726158,0.58113343,0.57271098,0.53864138,0.54985115,0.51933290,0.49470626,0.45521770,0.40435169,0.36347714,0.31680565,0.29421724,0.25919932,0.23511073,0.22720311,0.22067195,0.19871390,0.20162566,0.20603502,0.21043821,0.21848412,0.19809887,0.20751169,0.21151190,0.23052604,0.22902136,0.22620530,0.21569328,0.21665763,0.21479224,0.23411858,0.23504122,0.23743308,0.24240754,0.22847300,0.24348820,0.24153964,0.25225160
-0.09221480,-0.08943728,-0.09026438,-0.07824103,-0.07987723,-0.05416892,-0.08661398,-0.07796276,-0.06575135,-0.08426735,-0.09271801,-0.08285544,-0.09170344,-0.08867056,-0.07802265,-0.07975397,-0.09394652,-0.08349673,-0.08671866,-0.08674227,-0.09352419,-0.08921908,-0.10648503,-0.07315072,-0.07926028,-0.07552419,-0.05616123,-0.05988565,-0.05890396,-0.06584943,-0.06551567,-0.07013684,-0.05509913,-0.06549393,-0.04660866,-0.02901559,-0.02158808,0.01136157,0.04461751,0.05004019,0.07554046,0.08516063,0.07938381,0.06336473,0.05146707,0.03624422,0.00698842,-0.01088222,-0.01809754,-0.03385536,-0.06008846,-0.06174908,-0.06863190,-0.07040214,-0.08278358,-0.09444077,-0.07158661,-0.07406463,-0.08432438,-0.04658545,-0.06539498,-0.07262268,-0.08372901,-0.07599209,-0.07070990,-0.08355562,-0.07032564,-0.08951408,-0.07614305,-0.05651896,-0.06221874,-0.05321244,-0.04539389,-0.01487109,-0.00000880,0.03923448,0.03256530,0.08344008,0.08159684,0.07013035,0.05262438,0.03414405,0.03917128,0.05658082,0.05356736,0.08031086,0.11251020,0.15295665,0.16716990,0.20600915,0.24712326,0.25309972,0.28876399,0.28187225,0.29281855,0.28278491,0.28112578,0.27135418,0.26647741,0.22065178,0.20118898,0.19204074,0.15159864,0.12894336,0.08295589,0.05345996,0.04834596,0.02810857,0.02263798,0.02678692,0.03056850,0.04228568,0.06224064,0.06839517,0.09196956,0.09424126,0.09505988,0.10276692,0.07543707,0.04946768,0.04360291,0.00428004,-0.00321197,-0.01432211,-0.03585639,-0.01662084,-0.02593051,-0.02095911,-0.01949022,-0.00985646,0.01388918,0.00883701,0.02415114,0.04864093,0.07113474,0.09871694,0.11186023,0.14465921,0.18648106,0.18025439,0.20160460,0.23137623,0.22921761,0.22871926,0.21679518,0.21066453,0.19969423,0.16537298,0.15472130,0.14614166,0.10962604,0.08282209,0.09073100,0.09299071,0.06671909,0.08052204,0.06948131,0.03876379,0.03211502,0.01815996,-0.00665042,-0.01280514,-0.01727224,-0.01676825,-0.04359791,-0.03082556,-0.03689128,-0.04522175,-0.05546345,-0.04000063,-0.02284551,-0.04923637,-0.04973782,-0.04540790,-0.03838501,-0.04591795,-0.03839395,-0.02051559,-0.04054874,-0.03179775,-0.02600101,-0.01114054,-0.02210391,-0.00562328,-0.01551852,-0.02592753,-0.00821333,-0.01229857,-0.01408128,-0.01750896,-0.00237890,-0.00393244,-0.02316287,-0.01178387,-0.01776766,-0.01054518,-0.00995839,-0.01164664,-0.01086210,-0.00723235,0.00281684,0.00486936,0.01658719,0.06458640,0.06476179,0.10353588,0.11297688,0.14980967,0.17398606,0.21637961,0.24636226,0.29686334,0.32022149,0.35373348,0.42225857,0.45455660,0.46106573,0.45305592,0.48964779,0.48075578,0.43276910,0.40614977,0.37219469,0.36274593,0.31109655,0.26416193,0.23361591,0.17783114,0.15494118,0.14163247,0.11188251,0.10237220,0.09465374,0.09151563,0.07720361,0.07363896,0.07769684,0.07039148,0.06911988,0.05202479,0.03879431,0.03798788,0.04204954,0.03960803,0.03114062,0.06829625,0.05972770,0.12005563,0.15097617,0.19061653,0.22991229,0.27305052,0.30957214,0.33878912,0.36837661,0.39478561,0.41278936,0.42856980,0.43571021,0.42446731,0.43041892,0.43339233,0.42873441,0.38409387,0.36925410,0.38209743,0.34249796,0.34751325,0.30715201,0.29695943,0.25313338,0.20455554,0.16140588,0.13467508,0.09204197,0.06391000,0.03639998,0.00775260,-0.00138522,-0.00627793,-0.00892934,-0.01513615,-0.02898812,-0.01640366,-0.01392349,-0.02403873,-0.02576506,-0.03141965,-0.02255282,-0.03334956,-0.01591045,-0.01347220,-0.02612301,-0.03489439,-0.02588635,-0.00954686,-0.02759878,-0.01470134,-0.01257331,-0.02941564,-0.02494520
-0.01136774,-0.00811254,-0.00898480,0.00535023,0.01686282,0.00827691,0.00070486,-0.00323041,0.00160374,0.00743129,-0.00089616,-0.00905141,-0.02110220,-0.00898697,-0.01350955,-0.00879151,-0.01473375,-0.02929641,-0.00853151,-0.02044065,-0.01133083,0.00057772,-0.01440115,-0.00324390,0.01391018,-0.00541165,0.01046769,0.01745838,0.02095777,0.01954477,0.03239444,0.03871243,0.02127287,0.01819541,0.00703433,-0.00416810,0.01148740,-0.00309606,-0.00052322,0.01799941,0.01846694,0.03513368,0.02784899,0.01924143,0.03602736,0.02997638,0.02133706,0.00840284,0.02581901,0.01197041,0.00201919,0.00543330,0.01582199,0.01471730,0.00326206,0.01399931,-0.00036225,0.02121294,-0.00848554,0.02043497,0.01391223,0.02115927,0.01700179,0.02134878,0.00533604,0.01995920,0.02768201,0.01442406,0.01700323,0.03635797,0.03407827,0.02437260,0.03552407,0.04345249,0.03949271,0.03415693,0.03622944,0.06456909,0.04674135,0.08188892,0.09409585,0.10986984,0.12733563,0.14484239,0.16761282,0.19090224,0.24630614,0.27789444,0.32920210,0.36387979,0.45978196,0.44925077,0.47045559,0.49807719,0.49284988,0.53080309,0.51154737,0.52199204,0.46641222,0.46190531,0.40322861,0.42346524,0.37427349,0.34126205,0.29375135,0.28201650,0.22503988,0.21094281,0.18035249,0.15620261,0.17173458,0.14448555,0.15356867,0.17291026,0.20718653,0.20757622,0.20861158,0.22484510,0.24146333,0.21746864,0.21483080,0.18350487,0.16071431,0.14492388,0.12356253,0.12324683,0.11274401,0.12231641,0.10172280,0.09286267,0.12108105,0.13246354,0.15871326,0.18448978,0.18999322,0.19078076,0.19716844,0.22446930,0.22193427,0.23371645,0.21806851,0.21251193,0.21179333,0.17425438,0.17472975,0.16779023,0.16548547,0.13598325,0.14138037,0.13392832,0.13801798,0.13794279,0.13770066,0.16803452,0.16167658,0.15199082,0.17464588,0.16868442,0.17824129,0.18455968,0.15986189,0.14985763,0.15725773,0.14177003,0.10943427,0.10661127,0.11309434,0.09017417,0.11758229,0.10183487,0.11856271,0.10302917,0.11877965,0.10098482,0.12162903,0.12347848,0.13485502,0.14684975,0.15536120,0.17145061,0.17833191,0.20196011,0.20499615,0.21839045,0.23510746,0.26117273,0.26405382,0.26070454,0.28935067,0.27575798,0.28355398,0.26507692,0.29014248,0.27807455,0.24643568,0.25887222,0.25232564,0.23356285,0.22765910,0.21713979,0.21877245,0.22047417,0.24492859,0.24557437,0.23928959,0.29410322,0.31526834,0.35559718,0.35488968,0.41087989,0.44469490,0.49454062,0.47629314,0.53713261,0.59251752,0.62745492,0.66015500,0.67464538,0.74769932,0.70275015,0.72143196,0.68622883,0.67260407,0.64065525,0.60409750,0.57625287,0.53791635,0.52148376,0.44346941,0.41995245,0.41378400,0.37666728,0.35666366,0.34221460,0.35197872,0.34076089,0.34240923,0.34931993,0.32611773,0.35840988,0.32420692,0.29908405,0.28893005,0.29002514,0.27420168,0.26063449,0.27761342,0.26225275,0.31085978,0.32981753,0.36553396,0.40118290,0.44929283,0.48240083,0.52326087,0.53538819,0.60087976,0.59420983,0.58331783,0.57582858,0.56755357,0.54762799,0.54351463,0.49242840,0.46216222,0.42177304,0.41416147,0.36756068,0.38320947,0.36485487,0.33613647,0.36815675,0.33688679,0.30416908,0.31481032,0.26281727,0.25554146,0.26004672,0.24682739,0.24948596,0.23327519,0.24630338,0.23597476,0.23616660,0.24198422,0.26428449,0.23654543,0.22701812,0.25027202,0.26256253,0.24835483,0.25033379,0.23915396,0.25930847,0.26248705,0.27575459,0.27889110,0.28026450,0.26741207,0.28223884,0.31040152
-0.05848032,-0.06568352,-0.05205098,-0.06171076,-0.04109297,-0.05263985,-0.03814390,-0.05070471,-0.06091251,-0.04835475,-0.06924365,-0.06814648,-0.07597605,-0.08256830,-0.06713801,-0.07902055,-0.07390985,-0.08300923,-0.07586585,-0.07027084,-0.07621050,-0.08410490,-0.08084114,-0.07536809,-0.06164431,-0.05288219,-0.03125090,-0.03091094,-0.01093088,-0.02452377,-0.03647371,-0.04604947,-0.04408678,-0.05928055,-0.05730375,-0.05684785,-0.04585304,-0.05435066,-0.05256467,-0.02525716,-0.00837292,-0.00283319,-0.01822313,-0.00968710,0.00188353,-0.00477891,-0.02303519,-0.04118409,-0.04764350,-0.05825660,-0.04599080,-0.05803112,-0.04492043,-0.06180146,-0.06353030,-0.05278600,-0.07160979,-0.04803826,-0.05892032,-0.05961632,-0.06768438,-0.05219286,-0.06166062,-0.06698229,-0.05208342,-0.05865269,-0.03330928,-0.06411370,-0.03954708,-0.04974608,-0.03321021,-0.04895544,-0.03254874,-0.03141292,-0.02636964,-0.01863371,-0.00948806,0.00094818,0.02434943,0.01994352,0.04856796,0.03882479,0.04579854,0.07140157,0.10170475,0.12774744,0.16369583,0.19129924,0.22080429,0.25817085,0.27120759,0.29312987,0.27425332,0.26458424,0.28068841,0.27915154,0.29114635,0.29612783,0.27714940,0.28651720,0.28094111,0.29054049,0.24628019,0.25111604,0.20281597,0.16170637,0.15024850,0.11893560,0.06370687,0.02364331,0.01014936,0.01560799,-0.00414105,0.00555437,-0.00915600,0.00712237,0.00353256,-0.01692022,0.00418852,-0.00820910,-0.00563361,0.01140229,-0.01542078,0.00757708,-0.00700700,0.01071108,0.00792244,0.02322735,0.02599456,0.04546962,0.08018694,0.09914281,0.08852844,0.11948671,0.13477332,0.13854647,0.15944673,0.17489478,0.15625884,0.18773022,0.17392052,0.15309474,0.14587375,0.12585796,0.14478114,0.11655078,0.10895889,0.07535404,0.09167627,0.07264117,0.06510594,0.05837301,0.06159769,0.05372217,0.07723554,0.08607953,0.07284914,0.07487962,0.07553411,0.05613901,0.05015980,0.04863745,0.02753633,0.01693499,0.00883339,0.00872582,0.01600692,-0.01891733,0.00567872,-0.00049067,0.01220114,0.00946310,0.02888318,0.03221856,0.03413662,0.03820225,0.04396895,0.07501532,0.11409139,0.12222096,0.12445145,0.16977381,0.21300338,0.21826585,0.23738067,0.28951090,0.28662700,0.29599009,0.32166843,0.29585218,0.30869198,0.28610555,0.26264165,0.25935875,0.24939829,0.21438162,0.18921324,0.17606556,0.14612847,0.14690548,0.14024782,0.15952577,0.16803137,0.16281522,0.20005690,0.21750482,0.25008921,0.25401442,0.29488149,0.32817712,0.28832353,0.33782971,0.31603898,0.35443079,0.33643201,0.34625895,0.34075842,0.32810774,0.27957276,0.27978145,0.28239123,0.25982563,0.23286064,0.20604220,0.17810592,0.16064160,0.16127229,0.13856484,0.14040496,0.16030018,0.16757285,0.16879957,0.20305168,0.20874120,0.22549963,0.22786633,0.22185153,0.25111207,0.23476021,0.21184981,0.21583534,0.20149254,0.15023694,0.13754834,0.13088379,0.11759312,0.10885083,0.10218748,0.10354554,0.10580167,0.13260345,0.15999453,0.16243633,0.19154987,0.21894548,0.24014599,0.29066356,0.30312156,0.32868671,0.33313560,0.33210974,0.32968316,0.34759599,0.30794962,0.29036247,0.30264069,0.26193565,0.28605113,0.23627628,0.22631913,0.22743101,0.22599901,0.19289651,0.17964319,0.14509703,0.13039800,0.12945082,0.08892683,0.09744428,0.10074338,0.10765716,0.09026115,0.09125843,0.10514162,0.10371118,0.09259584,0.09820174,0.10195954,0.11967611,0.10940206,0.15341364,0.13154748,0.13462916,0.16730501,0.14582540,0.15451699,0.15652898,0.17824507,0.16436748,0.18361060,0.17737118
0.02863660,0.01936962,0.05050694,0.03467190,0.03174740,0.04496579,0.04018437,0.01914903,0.03020414,0.03471952,0.02861689,0.03024260,0.01162326,0.00557903,0.01354387,0.00296830,-0.00025018,0.00914730,-0.00329009,0.00414299,0.00641872,0.00048826,0.01298807,0.00626498,0.04219837,0.04300650,0.05580397,0.05578123,0.06325418,0.05525527,0.03336585,0.02893947,0.02896608,0.01833155,0.02346427,0.01971135,0.02594951,0.02783378,0.03994946,0.02680346,0.04883305,0.04483577,0.04283575,0.04594788,0.04083851,0.03959465,0.04602815,0.01704994,0.02754799,0.02786780,0.00722441,0.02807059,0.01492562,0.03303261,0.01875805,0.01417423,0.01620763,0.02315821,0.02385115,0.01253453,0.01727743,0.01858881,0.01107300,0.01544960,0.00750168,0.02746715,0.01051004,0.01518985,0.03281747,0.01707609,0.01828887,0.02407328,0.03819770,0.05863811,0.05900481,0.06509147,0.06156901,0.07672477,0.05840959,0.07027647,0.09427716,0.09555403,0.11939223,0.16233841,0.18511199,0.21646753,0.23680184,0.29655387,0.29452086,0.36057608,0.34947462,0.38196894,0.37812689,0.36926852,0.38245683,0.38426936,0.36166029,0.35913118,0.36247354,0.37226895,0.33270194,0.33389535,0.29462907,0.29678333,0.25017840,0.21780566,0.19234110,0.18112687,0.14938739,0.13897497,0.12099202,0.13902515,0.16188038,0.16484644,0.17681551,0.18776307,0.16925207,0.17374646,0.17128878,0.13632883,0.11730480,0.11928237,0.10438642,0.10928140,0.08652641,0.08121048,0.08416331,0.13136175,0.13346326,0.14620116,0.15200478,0.18038007,0.20630258,0.20125259,0.22991465,0.24179505,0.25561307,0.23969250,0.25338415,0.21962975,0.24603172,0.19781361,0.17837883,0.18239138,0.16991972,0.14284732,0.12224405,0.10740377,0.10512536,0.08638181,0.09089579,0.09494471,0.07754097,0.09557828,0.07968423,0.09439861,0.08456288,0.08098694,0.07390029,0.07034963,0.07365029,0.06896163,0.07785756,0.05935271,0.05413431,0.05676409,0.05703817,0.06641000,0.06491022,0.06602475,0.05712334,0.08239544,0.08013821,0.07628097,0.08989224,0.08184934,0.09780622,0.09672937,0.11964057,0.13188814,0.14975232,0.13786588,0.14030935,0.16211013,0.17689852,0.18146215,0.19602076,0.19977651,0.19696328,0.18549316,0.17908379,0.17167449,0.17416807,0.15649707,0.17763628,0.15641062,0.16210125,0.14424788,0.17484443,0.17859332,0.17899020,0.23215582,0.24429570,0.25116418,0.28852970,0.32563307,0.37849041,0.40880142,0.41816655,0.44164677,0.48018800,0.48108409,0.48753125,0.49807483,0.48998462,0.50644631,0.52716329,0.51029397,0.47953863,0.46773369,0.47020643,0.44343410,0.43356572,0.37101393,0.36481614,0.33279594,0.31812564,0.31631820,0.29195839,0.27358497,0.28303579,0.30999565,0.30953851,0.32169465,0.32035702,0.35037596,0.31260226,0.28956811,0.28709443,0.28379713,0.25579825,0.24591212,0.22189119,0.20465585,0.19439875,0.19061031,0.18059792,0.20816257,0.22745792,0.24965770,0.31052264,0.30901606,0.32517660,0.34802897,0.39364625,0.42304036,0.40521504,0.39663646,0.39205925,0.40445274,0.37636233,0.36620249,0.31226567,0.29198532,0.25765144,0.24481395,0.21251776,0.21768212,0.19425038,0.18669161,0.15671596,0.16254018,0.15119301,0.13724325,0.12634043,0.10410659,0.12122408,0.12086826,0.10157128,0.08933105,0.11042390,0.10202256,0.08691838,0.11734468,0.10955416,0.11874724,0.11128444,0.11588833,0.12778675,0.11843138,0.12456571,0.13847509,0.12354387,0.12472715,0.13493826,0.14127180,0.13081092,0.12048958,0.13537174,0.13612289,0.12940814
0.13882320,0.11383114,0.12506310,0.11919357,0.11763138,0.11135421,0.11397638,0.10790151,0.10581610,0.11757874,0.10480444,0.12169928,0.09958410,0.09295021,0.08264199,0.10830075,0.09613983,0.09237087,0.09341539,0.09032201,0.11423703,0.08890687,0.10414342,0.12503930,0.10470925,0.11616311,0.10874801,0.11787852,0.11853721,0.12835511,0.11638245,0.13596639,0.08968908,0.11923412,0.10686081,0.12642355,0.10745480,0.12168280,0.11846991,0.14758985,0.15168716,0.15317249,0.15220519,0.16456688,0.15910231,0.15511575,0.14618626,0.14539186,0.12635584,0.10399176,0.09814953,0.10584115,0.10152928,0.09294817,0.09760676,0.09117596,0.10387420,0.09498358,0.08845110,0.10238564,0.10299653,0.09664110,0.07109272,0.09440505,0.10431776,0.09394203,0.09129276,0.07878840,0.08395475,0.08140913,0.09319226,0.07712980,0.09779725,0.11608652,0.10162892,0.13600290,0.13528230,0.14859260,0.15477941,0.16429885,0.17280865,0.17943179,0.20858334,0.23607933,0.25239659,0.26461936,0.32614559,0.34511562,0.39689766,0.43839000,0.44924062,0.46919037,0.52772078,0.51278562,0.52566951,0.54637770,0.52203514,0.53091577,0.48461734,0.46694446,0.44419614,0.39109502,0.35730663,0.32602352,0.27887390,0.24121161,0.21976123,0.18873496,0.20179711,0.17894900,0.17350572,0.16895277,0.20063530,0.22703660,0.22905072,0.22586267,0.24344354,0.24731481,0.23347584,0.20457818,0.18554480,0.17555911,0.14602642,0.12483171,0.12450854,0.09693961,0.09962694,0.10758291,0.12525969,0.10300299,0.13982077,0.14307984,0.16683318,0.17534232,0.16202966,0.19297977,0.20331589,0.20677257,0.22293177,0.21448996,0.24099677,0.21208412,0.20731433,0.20862709,0.22248390,0.20315148,0.19948013,0.18402231,0.16768435,0.16358498,0.18203591,0.17477761,0.17609499,0.17676328,0.22013778,0.23492511,0.22076757,0.20667855,0.18448648,0.14277514,0.14373075,0.13417974,0.10978271,0.10944364,0.09396843,0.08342124,0.09442143,0.08012824,0.08673004,0.09171143,0.07649531,0.09763917,0.09574836,0.09413934,0.09835372,0.09581568,0.11293521,0.10994683,0.11404718,0.13005501,0.14773612,0.15523762,0.16501426,0.18448156,0.19487883,0.18627390,0.19966189,0.18810114,0.20465053,0.21816884,0.20202515,0.20565361,0.18486160,0.17622805,0.17961288,0.16582535,0.13119463,0.15560513,0.16383460,0.14354527,0.14219080,0.16661465,0.18572598,0.18710257,0.21149706,0.20443138,0.24524878,0.28672267,0.31284847,0.36032949,0.39767121,0.43378121,0.45777298,0.51067076,0.56283742,0.60632935,0.59840623,0.63804282,0.63610982,0.62511887,0.59700368,0.56758934,0.53340221,0.53535216,0.45739622,0.40729191,0.37885135,0.35855289,0.30084227,0.28571069,0.26203008,0.23926125,0.24337115,0.22696573,0.23506945,0.20967950,0.20507123,0.21350199,0.20493761,0.20384424,0.17534782,0.16856887,0.16926800,0.17970861,0.15857181,0.17827697,0.19147025,0.23644965,0.24754879,0.31643013,0.33290938,0.35162925,0.41077648,0.44852139,0.47672992,0.50607244,0.51929026,0.52399216,0.52603144,0.48094744,0.49379529,0.45576396,0.43161922,0.42465891,0.40920814,0.41127752,0.38367593,0.35924461,0.34924110,0.29981167,0.31188594,0.27876447,0.24510036,0.21401745,0.22101520,0.15031088,0.13844453,0.10663927,0.11148030,0.09756614,0.09623227,0.10474097,0.12564793,0.09383826,0.10978314,0.10357866,0.11240766,0.11571158,0.12317437,0.10971122,0.12485391,0.11695165,0.11359971,0.14521222,0.13403134,0.11289916,0.13356512,0.13068963,0.12831704,0.14934669,0.13671468
0.03206466,0.04855296,0.05246925,0.05543302,0.05089825,0.05531120,0.05654678,0.04212162,0.03354857,0.03234216,0.04131221,0.02765667,0.03438734,0.03859575,0.03141324,0.03856169,0.04469083,0.05404012,0.03257101,0.02238551,0.04090110,0.02212504,0.04253276,0.03777907,0.05820678,0.03743381,0.03987579,0.04901925,0.06662025,0.05132458,0.05708545,0.05264127,0.04175889,0.05830711,0.04100228,0.05859855,0.06113067,0.07996628,0.10356618,0.11123209,0.10541596,0.10508200,0.11738432,0.13478413,0.10488063,0.11599502,0.09542652,0.08221549,0.07167752,0.06433602,0.06568571,0.04459220,0.06143274,0.05720750,0.04534623,0.03880814,0.05292577,0.05232885,0.04271993,0.06068471,0.05125912,0.03576656,0.03032445,0.04871397,0.06031148,0.05418821,0.04813863,0.06461027,0.06200219,0.05159485,0.06439592,0.07332466,0.08269888,0.06695364,0.07341581,0.11467933,0.12699577,0.13866475,0.15117245,0.15472377,0.18277985,0.18424500,0.21946908,0.23649356,0.24921705,0.30683662,0.33843345,0.38413176,0.40640982,0.47165460,0.50976009,0.53558322,0.54375519,0.58711993,0.57048094,0.54522547,0.55844704,0.51105019,0.49135710,0.45981042,0.42348071,0.36681979,0.33751094,0.32677871,0.24984923,0.23939620,0.18233043,0.18245288,0.16415546,0.15049001,0.14553584,0.18087744,0.18952947,0.21184050,0.21261821,0.22738917,0.21864476,0.21264476,0.22989108,0.19716162,0.18162583,0.15895693,0.15526693,0.12877956,0.11773026,0.11083602,0.11002500,0.11402696,0.11781124,0.11977536,0.12019275,0.14004008,0.14240324,0.15125158,0.17292462,0.17372997,0.18338255,0.19405631,0.24042225,0.25375087,0.22160575,0.24276949,0.24237410,0.25322938,0.24926509,0.22987283,0.23373498,0.22730787,0.22294361,0.21364304,0.18250283,0.19045240,0.20406495,0.21456499,0.21948549,0.23792447,0.24791825,0.23397996,0.20735113,0.21893599,0.19816284,0.15892644,0.13848513,0.13180535,0.11091192,0.10759184,0.12050464,0.10773147,0.11994768,0.11891127,0.12899854,0.11160760,0.12506796,0.13325955,0.14025820,0.14123623,0.16668610,0.17580187,0.17608762,0.20150373,0.21600429,0.23123681,0.26087193,0.31251132,0.30573133,0.31825469,0.33906582,0.33935814,0.32267616,0.33878407,0.35201528,0.32133042,0.31309372,0.29871479,0.28645386,0.27165494,0.23868384,0.22718788,0.20327471,0.20198073,0.20612113,0.19221040,0.20203117,0.23147773,0.23645572,0.25173304,0.28705470,0.31757940,0.32551399,0.38727292,0.37843585,0.45295136,0.48110558,0.54091994,0.59106910,0.60524884,0.63486389,0.67300794,0.67384919,0.69017352,0.67730267,0.65347000,0.60221504,0.58907789,0.50944890,0.48824547,0.47104905,0.40699038,0.35730244,0.33819478,0.32797098,0.30173948,0.26579455,0.26288624,0.25543483,0.24503280,0.23299687,0.25643472,0.22413722,0.22638902,0.23098103,0.21172178,0.22197946,0.20564718,0.22873528,0.21920489,0.23485829,0.26406200,0.29974348,0.31646516,0.36432724,0.41586667,0.45172803,0.49216898,0.50811153,0.56900214,0.58947742,0.59361830,0.62173034,0.56856840,0.57097939,0.51895891,0.53332875,0.46959430,0.45440693,0.45887396,0.47051809,0.44852570,0.43794795,0.42996634,0.40681721,0.39382227,0.37438883,0.32787344,0.29545686,0.24893700,0.23592223,0.22528236,0.20660159,0.20073588,0.19531909,0.18438925,0.17827048,0.19172012,0.18494706,0.17889624,0.20480803,0.19781131,0.17445911,0.18360827,0.20528384,0.22113564,0.21499360,0.22661885,0.22950737,0.24668158,0.23624005,0.24200204,0.23894699,0.22364579,0.22578410
-0.08657958,-0.07398233,-0.06866208,-0.07132634,-0.07885945,-0.05162469,-0.06605338,-0.08337702,-0.09121342,-0.07045866,-0.08977909,-0.08012409,-0.07951926,-0.09573333,-0.08648687,-0.07024361,-0.06423716,-0.08178888,-0.09469682,-0.07850830,-0.08186990,-0.08988259,-0.06985101,-0.06486181,-0.07018909,-0.07633031,-0.08913724,-0.05584528,-0.06520144,-0.07332293,-0.06183248,-0.07000789,-0.07241722,-0.04740093,-0.03861114,-0.04501757,-0.05507375,-0.03111967,-0.02098136,-0.01889382,0.00132140,0.01055936,0.01378093,0.03571501,-0.00162192,0.00599739,-0.01500267,-0.02518739,-0.04091793,-0.04080852,-0.04570367,-0.04686843,-0.04790019,-0.04591159,-0.05286887,-0.05871958,-0.06199525,-0.06156488,-0.05814223,-0.03003771,-0.05420108,-0.06702294,-0.06036910,-0.07054598,-0.03703063,-0.04515754,-0.05455469,-0.03380082,-0.04797117,-0.05151316,-0.04616257,-0.03999011,-0.02963818,-0.03493779,-0.01798512,-0.00214328,0.01270824,0.02281312,0.01722558,0.03482207,0.01313722,0.04657900,0.04456873,0.04734958,0.04851607,0.06956221,0.09593120,0.10605404,0.11397047,0.15965324,0.19236404,0.17669240,0.21107827,0.26501708,0.25403354,0.29674682,0.28442434,0.28799081,0.26136907,0.26783821,0.25515193,0.21921350,0.18462867,0.16923090,0.13022406,0.10619369,0.06377836,0.03937480,0.03616847,0.01343902,0.00233366,-0.00197546,-0.00901850,-0.00923484,-0.00230610,0.00974697,0.01595208,-0.01095988,-0.01095226,-0.01117838,0.00396589,-0.01145276,0.00416932,-0.02033174,-0.00385474,-0.01097578,-0.01948191,-0.00934666,-0.00258809,0.00866297,-0.01473919,0.02713431,0.02016665,0.04472917,0.03013061,0.06682540,0.07488190,0.07211987,0.09072480,0.08996375,0.09876305,0.12058043,0.13518336,0.14814339,0.14032915,0.14349589,0.11509633,0.12311730,0.11687457,0.11265972,0.11069986,0.12684187,0.13244379,0.15405053,0.16681085,0.16904174,0.18240339,0.16813677,0.15286340,0.13215285,0.11869228,0.10403790,0.06008358,0.04219350,0.03274693,0.03187508,0.01411534,0.01600074,0.02071519,0.01672971,0.03160674,0.01750805,0.02860142,0.03859061,0.03123729,0.03972274,0.04542046,0.07111462,0.06337568,0.08523059,0.09843298,0.11011126,0.13219004,0.13532299,0.15751056,0.17305328,0.18324964,0.19869102,0.18390444,0.19316750,0.21538359,0.17970637,0.17369674,0.12875366,0.13139396,0.11323627,0.11533258,0.12520386,0.10983612,0.10026225,0.08554431,0.08802233,0.09609132,0.08187811,0.10622065,0.12437148,0.11632490,0.14882000,0.16511978,0.19411495,0.22050973,0.23463556,0.28191204,0.32415948,0.32782073,0.36158907,0.39318497,0.38388917,0.37059170,0.38669176,0.37703764,0.33495718,0.31532895,0.30024304,0.27393080,0.20461439,0.19911450,0.16345951,0.16573657,0.12957723,0.13451031,0.13071898,0.13875772,0.14276431,0.11677287,0.13676145,0.11856354,0.11445422,0.11605532,0.11403220,0.10123070,0.09506249,0.09771763,0.08874247,0.09339637,0.11510519,0.09830352,0.11954431,0.15709672,0.15712624,0.19733962,0.23865115,0.27338498,0.29716747,0.31721859,0.33789641,0.39240168,0.42687818,0.38911015,0.41985497,0.37787291,0.40161712,0.38982850,0.41282874,0.35534814,0.39273369,0.40069821,0.41182440,0.41022097,0.38698424,0.35571190,0.30080007,0.31699571,0.23925934,0.21863513,0.18209609,0.17607946,0.13436750,0.12930480,0.10666343,0.11794429,0.10933904,0.11270450,0.11180645,0.11724214,0.12711098,0.12706849,0.13635100,0.15097208,0.13142671,0.12627640,0.13824552,0.14312276,0.14290793,0.17083508,0.16559064,0.16948204,0.14375432,0.17776328,0.17069168,0.16313250
0.06982366,0.08125038,0.06191954,0.06345254,0.06844046,0.08205628,0.08208441,0.08044369,0.07214192,0.07484255,0.06842074,0.06657460,0.06964108,0.02775272,0.03528838,0.04694214,0.05378494,0.04323764,0.04296087,0.04716544,0.04665282,0.05357164,0.04612584,0.05991212,0.05915562,0.08147568,0.09252807,0.10576606,0.11068145,0.10896580,0.10298554,0.09347842,0.10042561,0.09411600,0.08441190,0.10203209,0.11074217,0.12067946,0.14721547,0.18033319,0.20011545,0.19103697,0.20650548,0.18780400,0.17033692,0.19424596,0.15057974,0.14927406,0.12976110,0.10993531,0.10225944,0.08811641,0.08069325,0.08808475,0.08828009,0.06619569,0.05460229,0.07448704,0.09216149,0.07208629,0.07049200,0.06268935,0.07672034,0.07468658,0.08351576,0.09577536,0.09358594,0.09153362,0.09571037,0.09318706,0.09024659,0.10186453,0.10037929,0.12593853,0.13189297,0.15229982,0.17175474,0.18944424,0.22194608,0.25701777,0.21923035,0.22511297,0.24305067,0.26497100,0.26438356,0.29794071,0.32995785,0.36648780,0.40724038,0.41878758,0.45266591,0.48514163,0.49779383,0.49326794,0.51347559,0.50722541,0.54760595,0.52191874,0.53944961,0.51472950,0.51613934,0.50252898,0.47286735,0.46442963,0.38486654,0.37313860,0.32510541,0.25823586,0.22470869,0.20491705,0.20165736,0.17050009,0.17480214,0.18476778,0.18428236,0.19534641,0.18995512,0.19465804,0.19608335,0.17928124,0.17302317,0.15365397,0.15202727,0.15059324,0.13191870,0.15522277,0.15685202,0.15716739,0.20146661,0.21532076,0.22540440,0.23699822,0.26367367,0.31364792,0.35095410,0.37488346,0.37164720,0.39777377,0.40081293,0.42495435,0.42130148,0.40265943,0.40318343,0.42610123,0.39942809,0.41242538,0.36867905,0.37862168,0.36037648,0.31140294,0.28160467,0.30046761,0.28198773,0.28207151,0.29360486,0.26269816,0.28101536,0.26342742,0.24599417,0.24287577,0.21217377,0.19038327,0.17423053,0.18110319,0.15420930,0.15749595,0.16087192,0.14598084,0.14928165,0.16433794,0.16846527,0.16260782,0.17308474,0.18364097,0.16807117,0.19944254,0.21699376,0.21260439,0.23049259,0.25077221,0.29229693,0.30011134,0.33926790,0.36403554,0.38778998,0.40995678,0.42576907,0.44801167,0.43663604,0.44207346,0.43027766,0.40086332,0.43411772,0.38583476,0.37141962,0.36514092,0.30928066,0.30417508,0.30461655,0.30585713,0.31422456,0.32345814,0.35475278,0.35151300,0.37323072,0.40272901,0.43192017,0.49459036,0.48375961,0.52602311,0.56310030,0.59609687,0.57618078,0.62289745,0.63281445,0.63627986,0.62938935,0.60957062,0.63113578,0.59985356,0.57055694,0.53581481,0.50477009,0.51605039,0.44193164,0.41607249,0.40209300,0.40214557,0.38364152,0.38648841,0.37886667,0.38218918,0.40316211,0.41634761,0.41628142,0.43141675,0.41343908,0.41906228,0.39979077,0.42075066,0.36579438,0.36692387,0.33843057,0.30118194,0.30539044,0.27937912,0.28225344,0.27840261,0.29536461,0.31369534,0.35045481,0.38133747,0.39040796,0.47691976,0.50024026,0.54187543,0.59184391,0.60105965,0.64716038,0.62138883,0.69975455,0.68064233,0.67292801,0.66202654,0.60339564,0.58683719,0.57152525,0.57948718,0.55253408,0.56416291,0.49267731,0.50493457,0.45033728,0.39429767,0.34798165,0.32922231,0.30773093,0.25306735,0.25445686,0.24969933,0.24654482,0.24150971,0.24945152,0.23529168,0.25004735,0.26021724,0.25234758,0.24210074,0.27968059,0.24615289,0.24673785,0.27453940,0.28125272,0.30114276,0.30086539,0.30134585,0.30625983,0.27759066,0.29421450,0.31191282,0.31517717
-0.06163488,-0.04687088,-0.06225144,-0.03015173,-0.03916248,-0.02096476,-0.02489167,-0.03880064,-0.04038821,-0.04286196,-0.04972850,-0.07271613,-0.07644707,-0.08742725,-0.07311665,-0.06958442,-0.07824882,-0.08669813,-0.08542840,-0.07597491,-0.06623663,-0.10520218,-0.09616351,-0.06183937,-0.07192889,-0.04785809,-0.02321847,-0.01785541,-0.03906647,-0.02674775,-0.01739566,-0.04729612,-0.03785842,-0.04760503,-0.05488660,-0.04844205,-0.04267170,-0.02883175,0.00060486,0.02076587,0.04075254,0.05924954,0.06429648,0.05987992,0.03815657,0.03246405,0.01042227,-0.00533672,-0.01886943,-0.06633061,-0.07151299,-0.08206776,-0.09274192,-0.09519382,-0.08765751,-0.10357252,-0.09272543,-0.10634600,-0.07760099,-0.09236504,-0.09842815,-0.10490635,-0.07297901,-0.08497662,-0.10902176,-0.08051333,-0.09810954,-0.10435098,-0.09183095,-0.10693098,-0.08798610,-0.08449859,-0.08144260,-0.05711458,-0.05207789,-0.02936974,-0.01293558,0.01915296,0.00766267,0.02547163,0.03291517,0.01502465,0.01164747,-0.00097795,0.00311318,0.01136359,0.02878899,0.06034714,0.05105212,0.07758543,0.10243065,0.11656713,0.12776451,0.15218342,0.16724258,0.20151807,0.21431555,0.24600244,0.27586542,0.29853207,0.29481350,0.30278574,0.29116196,0.26158073,0.24601372,0.18604133,0.13293104,0.08726113,0.04446404,0.02713799,-0.00646426,-0.01609082,-0.05030016,-0.04015383,-0.04777854,-0.02472122,-0.02713848,-0.02338526,-0.03407560,-0.04271295,-0.05738252,-0.05761241,-0.06570479,-0.08660237,-0.05396050,-0.06181368,-0.05081573,-0.03375499,-0.03404673,0.00313664,0.03801546,0.05577300,0.07370722,0.09736303,0.14355307,0.16838336,0.18959586,0.22351364,0.22711895,0.22495422,0.24125542,0.21327687,0.22779902,0.24006809,0.21012934,0.17890325,0.15070068,0.13630937,0.10798024,0.06752758,0.05833612,0.02915665,0.03069862,-0.00248539,0.00474685,0.00191418,-0.00020554,-0.01517756,-0.02810004,-0.04152128,-0.05497115,-0.06709040,-0.08569535,-0.07999508,-0.07711049,-0.09648977,-0.09399180,-0.09311100,-0.10560457,-0.11217530,-0.10763153,-0.11496744,-0.11366018,-0.11160125,-0.09309506,-0.11712774,-0.07083532,-0.08139019,-0.08915127,-0.07638717,-0.06001046,-0.05660940,-0.03337967,-0.04349152,-0.03437813,-0.02010864,-0.02810591,-0.00382609,-0.02106124,-0.02430163,-0.00225247,-0.02265000,-0.00752449,-0.01455041,-0.04231423,-0.03038850,-0.04224211,-0.02456689,-0.00958612,-0.01430663,0.01265420,0.01642008,0.03585138,0.08632954,0.11866604,0.14885753,0.17787292,0.22396118,0.24273332,0.29704452,0.28940623,0.35481071,0.35547020,0.35611438,0.36647613,0.35164441,0.36315898,0.32712940,0.30553029,0.27542128,0.27068544,0.21707136,0.20170194,0.17454690,0.14236660,0.12048604,0.09275279,0.07451115,0.08019526,0.09788339,0.09692552,0.11290185,0.13832746,0.14681547,0.19139477,0.19385740,0.18039306,0.18633525,0.16063280,0.14743723,0.10343855,0.09705020,0.06025200,0.02803750,0.00759763,-0.02569247,-0.01829299,-0.01842276,-0.02877295,-0.00326776,0.01156484,0.04896996,0.08263395,0.11642604,0.15645538,0.18313350,0.25343187,0.29467606,0.31991194,0.34673538,0.35937522,0.35627090,0.34349534,0.31464245,0.30418959,0.27187996,0.27219860,0.22893786,0.22821643,0.20524916,0.16722386,0.13767030,0.10266861,0.07223351,0.02418023,-0.02384574,-0.03099652,-0.07211534,-0.09024336,-0.09537100,-0.11175319,-0.09592605,-0.10831845,-0.10984701,-0.14241283,-0.11321251,-0.10037023,-0.12415826,-0.11921790,-0.10764066,-0.09822604,-0.10306302,-0.10072900,-0.09969899,-0.10403381,-0.10648635,-0.10672321,-0.10121814,-0.07492753,-0.09869009,-0.11907091
0.04535370,0.03218053,0.04987373,0.03371221,0.03428448,0.05978653,0.03852663,0.04604162,0.05521820,0.03544058,0.03205484,0.03593183,0.01976689,0.01935155,0.03830829,0.01903060,0.01651880,0.00694848,0.01988553,0.01318277,0.00541014,0.02104719,0.02523608,0.03829961,0.02861185,0.03030640,0.04361252,0.03629541,0.05507580,0.04704758,0.04327370,0.03214457,0.03635417,0.03495449,0.01198076,0.03561712,0.02857200,0.03207220,0.03498811,0.02544957,0.03068897,0.06150251,0.04569558,0.04506158,0.05145135,0.04407646,0.03537737,0.03871829,0.03657039,0.02872576,0.01934302,0.02091920,0.00698673,0.01405404,0.02743045,0.02687667,0.01912371,0.02172306,0.02442221,0.02351647,0.01420333,0.01299951,0.01404410,0.00994769,0.00371486,0.02686972,-0.00197107,0.01954423,0.01854718,0.02155718,0.02003032,-0.00014203,0.00458993,0.02259370,0.01879166,0.01104899,0.02640812,0.04849574,0.05012712,0.06615972,0.07357352,0.07401946,0.11039243,0.12060985,0.17947798,0.21193462,0.22750082,0.27506813,0.31232041,0.35576206,0.40107296,0.39191188,0.42503030,0.42207239,0.43750195,0.42876120,0.40241079,0.37774897,0.36600865,0.34339535,0.34070821,0.31103293,0.27343943,0.24430523,0.19404391,0.15627427,0.14004033,0.11101745,0.10690205,0.09489802,0.08361339,0.08816469,0.09896120,0.10817157,0.12257554,0.10626429,0.12122060,0.13591152,0.11709672,0.09322079,0.08683021,0.07156820,0.05703647,0.05663685,0.03653962,0.03014407,0.05895576,0.04421735,0.04691523,0.03941595,0.05334299,0.06221013,0.07804424,0.09727572,0.09630791,0.11526062,0.10332038,0.11889972,0.12023650,0.10604157,0.11362551,0.09604920,0.08211528,0.08386064,0.08836066,0.08249921,0.07643604,0.06728730,0.05506016,0.06950043,0.07966169,0.07627579,0.09006018,0.08176233,0.10368697,0.09918237,0.11591709,0.11334782,0.09332350,0.08541793,0.06482197,0.05136793,0.03931203,0.02336349,0.03469397,0.02412481,0.00786552,0.01109880,0.01559173,0.01040604,0.00374955,0.01481713,0.02597568,0.01423661,0.03605549,0.03164208,0.04134930,0.04692858,0.05181066,0.06732399,0.09659920,0.10850928,0.12554731,0.15676227,0.17308311,0.17684550,0.18629146,0.20614039,0.21317124,0.19864826,0.21072720,0.19084010,0.17365058,0.15759439,0.16400222,0.13292252,0.12800312,0.11188366,0.08880411,0.08845046,0.08957597,0.09963822,0.11945394,0.09869631,0.12691614,0.14601311,0.16264370,0.17605157,0.22501689,0.24940097,0.26577984,0.29324049,0.34101702,0.38079664,0.38309402,0.41652705,0.43909871,0.47130887,0.47272283,0.43885964,0.46530698,0.42725435,0.39768593,0.34924227,0.30802051,0.28200803,0.26084824,0.22566367,0.21332217,0.17275371,0.15043771,0.15672473,0.12956787,0.16020034,0.13598798,0.14932188,0.13779604,0.11954232,0.12693256,0.09996605,0.08976181,0.08660914,0.09560170,0.08219603,0.08123444,0.06059698,0.09761671,0.09323684,0.11537069,0.16260614,0.17562663,0.22196566,0.25450374,0.28822231,0.31621478,0.34529594,0.36128466,0.33932696,0.32227646,0.31750283,0.30252458,0.26985476,0.24813683,0.21657150,0.23668720,0.20470934,0.20576001,0.18856228,0.15597569,0.16345473,0.16925574,0.13924661,0.09690114,0.10638250,0.08242217,0.04906087,0.04459647,0.02541726,0.03449439,0.02785187,0.03397589,0.02148971,0.01308734,0.00675745,0.03461174,0.03244224,0.03540655,0.03338562,0.03319898,0.02758407,0.02954687,0.03027068,0.04199932,0.05120384,0.04093336,0.03288380,0.05660224,0.06458573,0.05233031,0.06933369,0.06158371
0.04058900,0.04534039,0.05138643,0.04783460,0.04768598,0.02904354,0.02102727,0.02079932,0.02950665,0.03122405,0.03931235,0.02902281,0.00595795,0.02089498,0.02641019,0.01070871,0.01721293,0.03019642,0.02983477,0.03200444,0.03607298,0.01679643,0.02805674,0.02918014,0.04138747,0.03023186,0.04923858,0.03470876,0.03994417,0.05157635,0.03110979,0.03398727,0.05055677,0.04694991,0.04506322,0.04287699,0.06125596,0.05044583,0.08570722,0.08065014,0.09447674,0.09550471,0.11376702,0.10318962,0.08417397,0.07493750,0.07417477,0.05635999,0.07700348,0.04254451,0.04210409,0.02916375,0.03407674,0.04444362,0.04378286,0.03588087,0.02966872,0.04814621,0.04020577,0.04377744,0.03217915,0.03607113,0.04204499,0.02663204,0.03295713,0.03752233,0.04975748,0.02502385,0.04383667,0.03976348,0.04458700,0.04174581,0.06233415,0.06803415,0.07674631,0.09018317,0.11127579,0.11746427,0.13349145,0.11564956,0.13142266,0.14152633,0.15641981,0.17758316,0.20642020,0.22017016,0.31847594,0.32006400,0.37129522,0.42422215,0.44532825,0.49488015,0.46488505,0.52188036,0.51181180,0.52866355,0.51015561,0.51498417,0.49024777,0.40447119,0.40349600,0.38493936,0.30209946,0.26552038,0.21879826,0.17233934,0.15400155,0.14587179,0.09792341,0.12620457,0.10570932,0.14072002,0.12250323,0.12320841,0.14730516,0.15659356,0.15146834,0.14755991,0.14639182,0.13934291,0.13355224,0.10816511,0.10056288,0.09576734,0.08015347,0.06979083,0.07511253,0.06929359,0.08155992,0.07990479,0.06429384,0.08971660,0.10308128,0.10585456,0.11443415,0.12109188,0.12049460,0.14773934,0.16145674,0.17122259,0.16370379,0.16017967,0.18017568,0.16954376,0.17381606,0.17116931,0.17520271,0.17060141,0.14757988,0.18159545,0.16630347,0.16846861,0.21150419,0.23789580,0.24572516,0.21709181,0.25658210,0.23005962,0.19608030,0.17742022,0.13394470,0.14261997,0.09908765,0.10781598,0.08724169,0.08010483,0.06108282,0.06824219,0.07220314,0.05607762,0.06493211,0.08490048,0.07897176,0.08623965,0.07005457,0.08298957,0.09329793,0.09912041,0.13258489,0.11734018,0.15559031,0.17650882,0.19401344,0.22887277,0.26056416,0.25127205,0.26583665,0.29681841,0.31030088,0.28639432,0.29289396,0.27644422,0.23324331,0.22652221,0.21287687,0.18568879,0.16933349,0.14594112,0.15206141,0.13454057,0.12052901,0.12690918,0.12293954,0.14583776,0.14821755,0.16035667,0.19187282,0.22959221,0.24392454,0.26714498,0.33699123,0.39273244,0.43424505,0.46660944,0.52127707,0.52468951,0.61020316,0.63015009,0.61422323,0.62969842,0.61167013,0.59018109,0.54370782,0.44944577,0.44109744,0.38460227,0.36323146,0.30323636,0.27033036,0.22986355,0.19840728,0.20277025,0.16588522,0.16760055,0.14170255,0.15536052,0.15176616,0.14198645,0.13669848,0.14348834,0.14542392,0.12967819,0.12068563,0.13081035,0.12425622,0.14564409,0.15899997,0.17461031,0.21550872,0.27318202,0.28504255,0.36533304,0.39012419,0.45531682,0.48255940,0.49610079,0.51419031,0.50196633,0.46966368,0.50173548,0.47426398,0.43908744,0.43274519,0.42275527,0.42198218,0.40545174,0.40334833,0.41709561,0.37703683,0.36676781,0.34539856,0.31833653,0.27060182,0.24183713,0.19196615,0.16128211,0.12924987,0.10838608,0.11767769,0.10655018,0.07364515,0.10448468,0.08351396,0.09191758,0.10727840,0.09190131,0.10015313,0.10256810,0.11265448,0.10190663,0.12275640,0.11375961,0.11858757,0.12911652,0.13558962,0.14285211,0.13735480,0.14591267,0.13502413,0.14235008,0.16203560
0.14803607,0.14837779,0.18195472,0.17103654,0.20033783,0.20289778,0.18218205,0.18401457,0.18508263,0.18404099,0.16087288,0.13717475,0.13546751,0.11904310,0.11241100,0.10522575,0.10378714,0.11164033,0.12669290,0.10713385,0.11622940,0.11119642,0.13010537,0.14124736,0.16812958,0.17191715,0.22140937,0.23158220,0.24057016,0.21462573,0.17640631,0.18945123,0.16313776,0.15679250,0.15401020,0.16881005,0.16299352,0.17792850,0.18604497,0.18664946,0.20050118,0.20709594,0.22412300,0.21571722,0.20303186,0.17084875,0.18219096,0.15461698,0.15798491,0.15229181,0.12688769,0.13996837,0.14412445,0.13122834,0.13253884,0.12960148,0.13155384,0.12616026,0.12248625,0.12818109,0.12638236,0.14408063,0.12396464,0.13276524,0.13406402,0.13357418,0.13002699,0.14863247,0.13675630,0.15371839,0.14306472,0.13740526,0.15652952,0.17388764,0.19403360,0.20934398,0.21534860,0.23968836,0.22433977,0.23417958,0.25310696,0.22710862,0.23198662,0.25269184,0.27517662,0.27875837,0.32188256,0.31493074,0.35614792,0.37446774,0.39032423,0.44959473,0.42263237,0.46412451,0.50907398,0.55528385,0.55487649,0.62418310,0.62267650,0.69095826,0.70606332,0.70541966,0.69114879,0.64489799,0.56594178,0.52701767,0.42718562,0.38066086,0.31776501,0.27297046,0.25110415,0.27195938,0.24739907,0.24821278,0.23936893,0.24835232,0.21498572,0.24341623,0.21861793,0.20969236,0.20391424,0.20166012,0.20908418,0.20317219,0.22551353,0.23516226,0.27961136,0.29033416,0.34581608,0.35726994,0.41860554,0.46875698,0.50921503,0.58666585,0.57551796,0.60580209,0.60208497,0.60341351,0.59161823,0.60848179,0.57287997,0.53783719,0.47485243,0.44839652,0.43180692,0.40706043,0.37026215,0.36276496,0.31984467,0.30738489,0.30221121,0.28259027,0.27267497,0.26653506,0.27956053,0.25547326,0.24858673,0.22963305,0.24176828,0.23400290,0.20453396,0.23153340,0.20162218,0.21489024,0.20897056,0.22121425,0.21999548,0.21108243,0.16977096,0.19458755,0.20672878,0.22387449,0.23527413,0.20590944,0.21606229,0.24752440,0.25868293,0.24722026,0.26991394,0.26632360,0.28192984,0.29271827,0.29136304,0.32425766,0.35192435,0.33002510,0.34593868,0.34821046,0.36308570,0.36939172,0.35529411,0.32329590,0.35484039,0.34070132,0.33131514,0.36421386,0.35193766,0.34731333,0.37782628,0.42841405,0.45855446,0.49095691,0.54955016,0.63560953,0.70180180,0.78809324,0.78293274,0.82732668,0.86562965,0.88649797,0.94686206,0.93389227,0.90518809,0.87750665,0.80586174,0.80899343,0.74211994,0.71704033,0.65772887,0.63215538,0.58823256,0.56215150,0.53415743,0.47482163,0.48675191,0.47184271,0.49288154,0.48353862,0.52755145,0.56675151,0.64604538,0.66833113,0.69205630,0.72004271,0.74785315,0.75346076,0.71143385,0.73024457,0.70359442,0.64633916,0.58278055,0.50568895,0.49504670,0.45954311,0.38554901,0.40767237,0.38896730,0.36394555,0.38748607,0.41930547,0.43061429,0.46884093,0.51543721,0.57849906,0.62623793,0.67198522,0.74696683,0.73161677,0.77862875,0.79535064,0.74341508,0.75141375,0.70611416,0.68109591,0.63926205,0.61090066,0.51617783,0.55558633,0.51225193,0.48169498,0.46020076,0.44742010,0.39973226,0.37989094,0.35117302,0.36776675,0.35003315,0.33187359,0.31412817,0.31113892,0.32385744,0.34252571,0.31055652,0.31173333,0.30820039,0.30671773,0.32401934,0.32924532,0.31220809,0.34915942,0.33518874,0.36034960,0.34815515,0.33525187,0.33678230,0.33062835,0.35135556,0.35786180,0.35262595,0.36150649,0.35733041
-0.01410887,-0.01502333,-0.02440280,-0.01150118,0.00685182,-0.00713969,-0.01067375,-0.00754948,-0.00285077,-0.02011483,-0.03042770,-0.03226548,-0.04428267,-0.02547453,-0.01780676,-0.05010929,-0.03965544,-0.03297978,-0.04520978,-0.04054613,-0.04065117,-0.03971578,-0.02131929,-0.03190301,-0.01160659,-0.00144131,0.00512492,0.00230685,0.00689290,-0.00747132,-0.01822050,-0.01646489,-0.02589478,-0.01717846,-0.02233912,-0.02075247,-0.02456312,-0.01388607,-0.00018323,0.00847990,0.00387001,0.00060090,0.00235902,0.00226802,0.00671456,-0.01024135,0.00033194,-0.01233274,-0.01338017,-0.03559847,-0.02955088,-0.03231291,-0.03172004,-0.04328729,-0.02020397,-0.04187597,-0.04349603,-0.04253250,-0.04603093,-0.02570559,-0.03609592,-0.03213089,-0.04498777,-0.03890984,-0.02547098,-0.04099619,-0.04117105,-0.01902113,-0.03413531,-0.02989965,-0.02074148,-0.02835459,-0.01165072,-0.00053035,-0.00154742,0.00326021,0.00237850,0.01595469,0.02474673,0.04051265,0.04374861,0.06701290,0.10217723,0.09076624,0.16816694,0.18689333,0.23789282,0.29141912,0.32031675,0.37235963,0.40418123,0.41073027,0.45023047,0.46190413,0.48429533,0.46644960,0.49696102,0.46147332,0.45251221,0.48243036,0.41125931,0.36822867,0.32562161,0.27299174,0.23054455,0.19368227,0.15347661,0.09937773,0.10185068,0.09723336,0.11981400,0.11596644,0.13288293,0.16496953,0.15208791,0.16771927,0.14300592,0.14069289,0.11768367,0.10183885,0.07800428,0.06024092,0.05030183,0.04296624,0.03788779,0.05412641,0.02707989,0.03976925,0.05783063,0.09907536,0.09839014,0.11481657,0.14149963,0.14517404,0.17500521,0.16421661,0.18294403,0.16441667,0.15198409,0.16428203,0.13245026,0.10841943,0.12408981,0.11440593,0.09636941,0.07434237,0.08582746,0.09481390,0.05583342,0.08148990,0.11154892,0.10971266,0.13298221,0.13920743,0.15210547,0.16353560,0.14271554,0.14578920,0.11309219,0.07350805,0.06585150,0.04256298,0.04715693,0.02656104,0.00643227,0.00551356,0.01104697,0.02132803,0.00514331,0.00825713,0.00538837,0.02358246,0.01145377,0.02960724,0.02541918,0.04585903,0.03215415,0.03999397,0.04224304,0.05582016,0.05694062,0.07199076,0.07183153,0.08179013,0.08056437,0.08022325,0.11257344,0.10021047,0.11673084,0.08998609,0.09986515,0.07946601,0.07732496,0.07996415,0.07367935,0.08326761,0.09606566,0.09722936,0.11142029,0.10694812,0.12054136,0.16043115,0.19800283,0.22027849,0.25306254,0.29870510,0.34300480,0.38495363,0.46311099,0.47121963,0.50859445,0.58244810,0.61697475,0.66340116,0.68286844,0.68387175,0.72968025,0.71556809,0.70072611,0.66640879,0.63247118,0.59577082,0.52895410,0.47287388,0.42971327,0.33631566,0.33608882,0.29312588,0.27828080,0.25792333,0.25892233,0.26639646,0.25665373,0.26583883,0.22294037,0.25560824,0.22139007,0.21937124,0.20977076,0.16437349,0.17299774,0.13480154,0.16099744,0.15848296,0.15219431,0.17733028,0.20342111,0.25235940,0.28259002,0.32549413,0.39644842,0.44578356,0.51224668,0.54776587,0.54148523,0.54113241,0.52043281,0.50195620,0.50023866,0.47816510,0.43993096,0.40843195,0.35829495,0.36987646,0.32471385,0.30314143,0.30039772,0.27345868,0.26676681,0.21705412,0.21139261,0.17565630,0.14158338,0.12704976,0.09049445,0.06503124,0.06333661,0.05189223,0.05015102,0.04177894,0.04369761,0.05110932,0.04398696,0.04911718,0.04834255,0.05025502,0.05538994,0.05349406,0.06519066,0.06607875,0.05780153,0.05905240,0.06630184,0.05210345,0.04927428,0.05996171,0.07928320,0.09046069,0.06734636,0.06824663,0.06232276
-0.03681856,-0.02286784,-0.02894165,-0.01740342,-0.01160149,-0.00821320,0.00615238,-0.00196243,-0.00025546,-0.00616158,0.00055259,-0.02251665,-0.02753435,-0.03993706,-0.03195809,-0.05167011,-0.03742185,-0.04319345,-0.04957518,-0.04754560,-0.03517737,-0.04368018,-0.02632615,-0.03106042,-0.00574965,-0.00819157,0.00939882,0.02058937,0.03549219,0.03137818,0.02447172,0.02338119,0.00632135,-0.00329670,-0.00819049,-0.00027854,0.01042368,0.01904236,0.04943516,0.07138773,0.09013721,0.09519646,0.10471079,0.11125136,0.10782642,0.09019241,0.09555160,0.07642339,0.04364886,0.03452741,0.02116126,-0.00075280,-0.01749105,-0.00843151,-0.02376994,-0.03179139,-0.02843480,-0.03715832,-0.01780837,-0.01941993,-0.01980438,-0.02414056,-0.02755017,-0.01253072,-0.02213224,-0.02906250,-0.01101510,-0.01983747,-0.01629773,-0.01027163,-0.01526799,-0.00426968,0.00052172,-0.00302607,0.00392818,0.04069066,0.06987445,0.07200436,0.09826075,0.13618281,0.11210538,0.10584310,0.09306010,0.09238811,0.07739509,0.07881909,0.08029820,0.11020863,0.10517336,0.10482036,0.13650567,0.15105613,0.17867718,0.21005211,0.21421119,0.24813518,0.27060956,0.30834982,0.33675476,0.37425468,0.36129759,0.40910470,0.39144376,0.41901445,0.36247498,0.32992029,0.27837170,0.22884742,0.17511429,0.13394719,0.11357642,0.07721724,0.08509964,0.05293584,0.04164978,0.06008106,0.04393417,0.05467737,0.06178461,0.03564594,0.04299566,0.03592001,0.05305661,0.04008816,0.03429062,0.03572776,0.05473607,0.07165323,0.06120980,0.07691398,0.10620909,0.12206629,0.16897720,0.19146963,0.22813605,0.27455038,0.28104214,0.30409088,0.32783978,0.35455116,0.38265856,0.36581828,0.36917243,0.36693141,0.35435239,0.34668313,0.34464066,0.30353510,0.29148048,0.26949684,0.23480040,0.20107260,0.18742039,0.17319911,0.17127090,0.15405990,0.17190798,0.15267746,0.15316089,0.12472132,0.13081599,0.12357721,0.08709312,0.07272366,0.07259373,0.04679746,0.04305702,0.03461547,0.03688233,0.05704278,0.05542733,0.04458854,0.05003078,0.03739431,0.05743291,0.05668887,0.04452221,0.06246051,0.07323491,0.06006578,0.06943255,0.09000818,0.07942351,0.10698513,0.10667114,0.11873035,0.12677744,0.11990768,0.12031992,0.14315648,0.13416930,0.14569156,0.14753201,0.13008619,0.14922012,0.11648303,0.13041406,0.11949696,0.12852970,0.13990692,0.15289992,0.14441128,0.18058717,0.22428817,0.25538865,0.27142351,0.30093207,0.35260172,0.38139282,0.43147692,0.43819794,0.48379750,0.49107828,0.48157106,0.50944966,0.50892995,0.51774332,0.50470578,0.50802668,0.44965474,0.44854215,0.41484255,0.41123536,0.33123259,0.33185465,0.31799055,0.26201399,0.26359080,0.24228700,0.22994421,0.25629175,0.27502795,0.25192413,0.31533452,0.33945270,0.37120724,0.37696300,0.35776905,0.35883822,0.36259202,0.34446361,0.31379713,0.29613171,0.24344291,0.24110748,0.21350413,0.18183218,0.16765283,0.16170200,0.14806197,0.16353580,0.18533407,0.21509265,0.25857226,0.31425756,0.33410337,0.36751585,0.40448355,0.45270498,0.50542416,0.53824279,0.57068353,0.59034249,0.58256178,0.60000550,0.54252314,0.55583181,0.50498716,0.52335374,0.49647888,0.46774734,0.41519023,0.40961615,0.37415321,0.33422787,0.27888338,0.22539313,0.21287745,0.17145436,0.14872107,0.15088345,0.11381491,0.10696432,0.11012928,0.10819616,0.11836710,0.10375426,0.11290383,0.10307665,0.10911556,0.12466772,0.12011510,0.12942114,0.15668641,0.11137283,0.11397868,0.11732368,0.11561236,0.13433313,0.11680712,0.13406436
0.11744925,0.11882745,0.11120117,0.13843197,0.13240858,0.14037207,0.15024581,0.13707838,0.11214596,0.13227826,0.11293964,0.11149635,0.12025561,0.10942660,0.10357811,0.11426325,0.10760807,0.10906212,0.11015010,0.12295401,0.10447891,0.11511656,0.11522146,0.13216868,0.14449109,0.13038357,0.15202272,0.15923974,0.15476881,0.16165311,0.16060039,0.16116995,0.13729309,0.14953573,0.14043091,0.14569700,0.16473594,0.16267173,0.19032382,0.19034051,0.21064798,0.21340694,0.20794716,0.22963772,0.21023988,0.19719128,0.17886445,0.15668700,0.15264489,0.14239670,0.14194692,0.14241559,0.11944984,0.12180620,0.12756505,0.14498336,0.14242619,0.14575154,0.12717987,0.13911072,0.12625693,0.13874401,0.14195835,0.14549407,0.13386329,0.13776818,0.12356514,0.12616939,0.15002075,0.14426693,0.14429218,0.16052461,0.12164641,0.17381004,0.18461950,0.21936294,0.20554803,0.24521606,0.25073879,0.22876037,0.25522779,0.25568941,0.25328366,0.26488093,0.28535077,0.28918751,0.34597979,0.36244600,0.41212208,0.44951710,0.46644268,0.49882020,0.50824135,0.53919046,0.59289457,0.58524693,0.58088633,0.62063503,0.58167568,0.58574508,0.57068379,0.55289858,0.47677800,0.45959900,0.41677269,0.36663296,0.32905035,0.29129317,0.26266395,0.25141377,0.25796328,0.24813588,0.27596016,0.26440921,0.28833488,0.28642434,0.27632096,0.25987527,0.25226359,0.26034414,0.24053499,0.24684899,0.21786776,0.20149421,0.22192915,0.22622322,0.22262765,0.23919999,0.21434905,0.26492905,0.28498782,0.28885689,0.33316830,0.34278814,0.34693690,0.35633352,0.38722266,0.38260584,0.40380942,0.42874069,0.41480310,0.40033088,0.42096627,0.39846760,0.38093298,0.37333803,0.34515863,0.32442011,0.33392665,0.33162158,0.32422275,0.29479458,0.32689904,0.34955857,0.33185578,0.33760096,0.34003153,0.34175180,0.30276000,0.30743777,0.27220863,0.26924309,0.24166668,0.24015968,0.22025099,0.21862805,0.23383760,0.22505416,0.23019517,0.23512646,0.20125489,0.23824662,0.22952209,0.21610520,0.22764200,0.24346065,0.24393640,0.23167561,0.24806692,0.24060165,0.27832907,0.29139561,0.27557400,0.30159482,0.30848953,0.30206198,0.31834077,0.33684518,0.35611924,0.34817670,0.32650019,0.32685743,0.32182907,0.30987205,0.30830837,0.29798967,0.30952595,0.31840199,0.32042533,0.33376027,0.35107516,0.34907581,0.36712642,0.42139280,0.45334387,0.44514195,0.51359696,0.54016793,0.58436880,0.60471381,0.68061915,0.70691693,0.69776705,0.74811500,0.78679059,0.81359842,0.85073614,0.79128419,0.81069221,0.74223439,0.74883011,0.72720714,0.67736321,0.62048525,0.60636888,0.53570840,0.52124190,0.47308552,0.45508784,0.46011088,0.45583596,0.46320439,0.48549402,0.43183377,0.46758137,0.49171648,0.46542126,0.44180607,0.45130455,0.42010443,0.39417991,0.39824911,0.37245602,0.35980276,0.37010408,0.35867860,0.37953967,0.43231900,0.42586472,0.47075973,0.51990302,0.58907735,0.60362407,0.66152652,0.65962129,0.72678721,0.75704448,0.77291972,0.73766041,0.76358123,0.70849092,0.74400819,0.68951708,0.63780982,0.64768821,0.59907418,0.62632266,0.60753957,0.55174102,0.58012998,0.52441270,0.51877011,0.47140318,0.41244565,0.39321347,0.34491476,0.33170128,0.31338779,0.34300971,0.31403763,0.31202861,0.31647753,0.30292944,0.30023101,0.29272156,0.29628629,0.30836451,0.32936350,0.33804981,0.32020636,0.33860822,0.31271122,0.33798106,0.34396612,0.31328479,0.33102920,0.32565943,0.33816517,0.34141330,0.34821412,0.34840830
0.03611079,0.02719588,0.02416000,0.04024505,0.02826067,0.05275285,0.04357770,0.03775912,0.03814686,0.03106368,0.03252458,0.03134679,0.02640145,0.04340327,0.01282156,0.02322438,0.01603212,0.01165018,0.02777241,0.01396478,0.02723366,0.02841796,0.02836718,0.03117254,0.03800288,0.02674737,0.04387050,0.03489009,0.04476025,0.04440497,0.03473352,0.03298387,0.03060023,0.03432968,0.03930021,0.04738714,0.05350081,0.06150180,0.08035306,0.08546817,0.10950324,0.10158706,0.13088802,0.10263427,0.09571897,0.09589449,0.10798364,0.07895451,0.06746258,0.03996048,0.03891113,0.04729475,0.04481772,0.04426724,0.04592025,0.03862966,0.03274199,0.03871110,0.03659159,0.03485174,0.04873101,0.04725234,0.03715305,0.03041256,0.04837922,0.03707210,0.03801872,0.05140202,0.04331379,0.04117081,0.03443549,0.03806258,0.04805175,0.04539074,0.06677542,0.08775200,0.08783256,0.10845757,0.11914426,0.13202041,0.13438586,0.14845239,0.12194244,0.15647402,0.16787482,0.21528794,0.23965126,0.29005131,0.31809021,0.38481231,0.39141310,0.43834957,0.45765480,0.48808840,0.46900950,0.49437185,0.46132581,0.50119885,0.50119590,0.45304223,0.45180811,0.39913716,0.35296878,0.29653506,0.27783823,0.21105795,0.18254386,0.15276308,0.12150364,0.10870658,0.11061432,0.10639554,0.11889056,0.14073401,0.15880697,0.16333944,0.16272690,0.17394835,0.15769599,0.14741637,0.12546062,0.12131207,0.10945515,0.09624951,0.08549923,0.10018943,0.08457788,0.07278517,0.06336643,0.07335335,0.09834553,0.10107497,0.09142008,0.11534868,0.11647295,0.13890208,0.15399524,0.15348200,0.17696489,0.18212192,0.17870859,0.19120604,0.20307110,0.20434348,0.20480522,0.20062631,0.20117796,0.17812989,0.20102590,0.19404540,0.16971891,0.20101133,0.20868836,0.21761039,0.22494338,0.24748196,0.26187094,0.25117279,0.22687442,0.20935546,0.18063561,0.15099173,0.10937540,0.11056862,0.08641098,0.09384672,0.07043389,0.08306884,0.06563779,0.08307375,0.07751693,0.05543947,0.07075605,0.06715248,0.08633888,0.07966916,0.09690682,0.11695937,0.11802649,0.14054117,0.13777345,0.15745113,0.15694119,0.19534385,0.21719999,0.19759426,0.21388375,0.24782626,0.24323383,0.24866828,0.25992563,0.22655276,0.20231549,0.19455811,0.19041306,0.18769059,0.16492612,0.15540282,0.14846562,0.14919114,0.13569577,0.14331565,0.15573949,0.15330396,0.17200218,0.17988720,0.18905948,0.23914418,0.26624508,0.29748761,0.34578551,0.36500403,0.40516468,0.45067004,0.52772294,0.56882800,0.60693095,0.64906118,0.66361234,0.61890530,0.66018201,0.60350210,0.55261092,0.52414051,0.47244826,0.42911419,0.35892306,0.33225435,0.30217230,0.26590003,0.25340977,0.21310837,0.22573162,0.18655163,0.18556573,0.18509558,0.20170805,0.16565992,0.15392443,0.16520979,0.13272715,0.13557419,0.15537856,0.13905443,0.15164908,0.13795166,0.17515954,0.16896477,0.20896106,0.25072574,0.29930797,0.34007514,0.40170624,0.43820531,0.49008025,0.49297241,0.54634571,0.56202313,0.54300530,0.55395487,0.53647796,0.50123215,0.49555764,0.47755983,0.46347069,0.45865840,0.45579952,0.43784809,0.44921179,0.41070161,0.42177214,0.37429908,0.34328558,0.29867168,0.25777210,0.23051160,0.18104365,0.16137381,0.13701037,0.13524556,0.14182766,0.12540931,0.10613688,0.12030600,0.11659357,0.11043712,0.11867726,0.13205407,0.11431921,0.13518028,0.13126080,0.14789373,0.14532389,0.12434692,0.16933035,0.15370428,0.15301758,0.15235345,0.14683940,0.14953308,0.15366268
0.02730856,0.03468190,0.03648349,0.03085617,0.03204169,0.01678048,0.01626039,0.01069642,0.00920404,0.00518901,0.00400216,-0.00502530,0.00873926,-0.01989840,-0.00379786,-0.03745076,-0.00713237,-0.02301897,-0.01652672,-0.01728019,-0.00320362,-0.02215715,-0.01791531,0.00159872,0.00530765,0.00465729,0.01315070,0.01398665,0.02749127,0.01653950,-0.00097581,-0.00369885,-0.00812124,-0.00506679,-0.01150053,-0.01455231,-0.01182867,-0.01859896,-0.02476127,-0.00661831,-0.00716828,-0.01170627,-0.01555320,-0.01591331,-0.02643211,-0.01349786,-0.02711571,-0.01554131,-0.02708458,-0.01673138,-0.02886972,-0.02208182,-0.02006506,-0.02368040,-0.03495669,-0.02404191,-0.02389665,-0.02571048,-0.04161625,-0.02001883,-0.02841880,-0.03022986,-0.02173017,-0.03340510,-0.03941701,-0.03185829,-0.03425774,-0.04417790,-0.04292147,-0.02697218,-0.04529017,-0.03673794,-0.01644594,-0.01497680,-0.01651905,-0.03217425,-0.00263050,0.00405327,-0.00049348,0.02945572,0.06087221,0.06538666,0.10519497,0.14722146,0.19121040,0.24830595,0.28813122,0.33927001,0.37295282,0.40699619,0.43766266,0.48900602,0.47806068,0.45887339,0.46610382,0.44690876,0.42417185,0.37984197,0.36491528,0.31989232,0.30293522,0.26473333,0.22416572,0.18243944,0.16889936,0.12733636,0.10049096,0.06269731,0.06366539,0.03506013,0.03600576,0.04603169,0.03218383,0.03084919,0.06478419,0.05542376,0.07505033,0.06209789,0.06423330,0.03903722,0.02779749,0.01246190,-0.01132776,-0.01252570,-0.02833712,-0.03964288,-0.00627876,-0.02569651,0.00106004,-0.00843094,0.01219112,0.02713022,0.02092428,0.04906489,0.04910648,0.06031407,0.06732741,0.08174796,0.06632152,0.05190528,0.06191743,0.05573915,0.03747237,0.04562614,0.01435991,0.01410932,-0.00012498,-0.01135254,-0.01167589,-0.00513068,-0.00037139,-0.00360229,0.00913265,0.02248645,0.04020596,0.03364027,0.04074977,0.03110524,0.01716611,0.01411590,-0.00251297,-0.01381203,-0.02560584,-0.04363472,-0.05226691,-0.04804261,-0.03713489,-0.04857144,-0.03958179,-0.03922487,-0.03209765,-0.03956673,-0.02955214,-0.02118937,-0.01934581,0.01168846,0.00132313,0.03859477,0.04694158,0.06406313,0.12023359,0.15586018,0.19481642,0.22951068,0.25148858,0.28192080,0.28502774,0.30825727,0.31332053,0.33193328,0.28184997,0.28432245,0.25627399,0.24192335,0.18749657,0.14557531,0.14054380,0.11636960,0.08749770,0.07748512,0.07249264,0.05957535,0.07058679,0.08177059,0.10908892,0.11040062,0.11754403,0.16941102,0.16860107,0.19103394,0.22426782,0.25565222,0.27294558,0.31182832,0.34480355,0.32697492,0.37442595,0.34704493,0.36179794,0.37829734,0.37524512,0.34603942,0.30789275,0.27028362,0.24518799,0.21060688,0.15893535,0.13482480,0.13084578,0.14593838,0.11251164,0.10267165,0.11125814,0.09860757,0.09160559,0.10228526,0.09687425,0.08651763,0.08778929,0.06186378,0.04977750,0.05877411,0.03334178,0.02084156,0.01305498,0.02272408,0.02561529,0.03464570,0.06347569,0.08183924,0.12983975,0.14776764,0.17564527,0.22400465,0.24510170,0.24103682,0.27044057,0.24457422,0.25327508,0.24518831,0.20815243,0.19044318,0.18732788,0.16851313,0.13520018,0.11138887,0.11355841,0.09750706,0.10130287,0.07551137,0.07028188,0.05036411,0.03030930,0.01195786,-0.01332578,-0.02076937,-0.03093914,-0.04135181,-0.03358725,-0.04503212,-0.04118239,-0.04841523,-0.05620397,-0.02957652,-0.02321242,-0.02554297,-0.02717289,-0.01215036,-0.00271717,-0.00707857,0.00163187,0.01218382,0.02425142,0.02502204,0.01756099,0.02988260,0.03066023,0.04682677,0.06721967,0.03100760,0.05108284
0.00009096,-0.00017165,-0.00846297,-0.01723345,-0.00519186,-0.00118895,0.00765851,-0.02274799,-0.00469642,-0.00633469,-0.01261724,-0.00117572,0.00281683,0.00182414,-0.01396822,0.00515831,-0.01753349,0.00398957,0.00257097,-0.00601077,0.00147398,0.00405443,-0.00754428,0.00086244,-0.00427067,0.02450894,0.01144147,0.01660791,0.01027996,0.01915023,0.02437701,0.02712783,0.03661311,0.05792903,0.06684817,0.09085449,0.12089706,0.12841601,0.16839109,0.22333168,0.22993164,0.25053613,0.23078849,0.24285525,0.24510424,0.19177379,0.18230918,0.11838254,0.10814216,0.08103158,0.05647194,0.06011373,0.03667829,0.03237565,0.02394456,0.03117141,0.03672024,0.02748951,0.02124636,0.03983729,0.02604508,0.05055336,0.02573833,0.03914447,0.02578384,0.05584552,0.04127937,0.04428918,0.03846184,0.06243697,0.07457768,0.07331232,0.08153215,0.11584516,0.15498885,0.16164908,0.19295194,0.25604203,0.23034735,0.25377851,0.23576544,0.23315054,0.22299711,0.25111378,0.25584614,0.28786585,0.32004986,0.38978879,0.42532637,0.44699473,0.44877873,0.45134349,0.45743362,0.44166105,0.43462611,0.41977798,0.40180895,0.35648766,0.32864818,0.29037696,0.25738110,0.23445644,0.19635829,0.20266576,0.17302476,0.13980677,0.15046065,0.11682813,0.12820672,0.14233468,0.16179205,0.15684692,0.18208214,0.19510676,0.21462245,0.20794411,0.22424474,0.20232680,0.20590157,0.18102772,0.17154094,0.14102651,0.12651726,0.13380278,0.09252973,0.11086259,0.10412676,0.10168214,0.11210197,0.12084484,0.12549104,0.13709624,0.15704103,0.17034193,0.19585545,0.24229114,0.25155942,0.28939329,0.31783112,0.36905785,0.40755820,0.42882899,0.46943844,0.47631104,0.46075006,0.49002602,0.44336407,0.39779058,0.36262264,0.33484179,0.28141978,0.27651057,0.23569836,0.21830663,0.20002579,0.17956160,0.16303451,0.14678448,0.13629423,0.13261585,0.13554642,0.11084899,0.11411238,0.10907596,0.10421813,0.12618778,0.12946337,0.11085575,0.10227853,0.12073377,0.11991303,0.13589539,0.12154303,0.12382663,0.13267917,0.14864575,0.15913064,0.16576173,0.19916553,0.19187605,0.24173647,0.26505798,0.27884184,0.28374696,0.32251011,0.31738782,0.32619770,0.35566944,0.34405573,0.33995194,0.33188924,0.31037688,0.28829066,0.28944538,0.26854129,0.22770660,0.23606308,0.21093522,0.21933348,0.20857339,0.18952179,0.20036083,0.20602589,0.21104093,0.21183896,0.22296528,0.26867866,0.25104781,0.27797928,0.28840274,0.33522948,0.34927662,0.38434544,0.42198049,0.44988545,0.43669255,0.46760357,0.50436274,0.48842752,0.50066133,0.51342412,0.47537445,0.50301808,0.45817616,0.41742701,0.37188387,0.36219175,0.32128656,0.30911110,0.28389208,0.25607901,0.24597165,0.23671953,0.22269288,0.24943066,0.24647387,0.22998456,0.24818895,0.22457002,0.20371387,0.20545183,0.19846327,0.21482383,0.20730666,0.22084951,0.21913605,0.21504447,0.26777600,0.25931093,0.29352767,0.34925194,0.36897241,0.40054716,0.47555271,0.47849693,0.49700887,0.54652897,0.54772521,0.60710834,0.60989245,0.60601444,0.62487535,0.62114010,0.58994165,0.58396633,0.57210969,0.56907914,0.55251554,0.53502623,0.52885491,0.50511808,0.44203685,0.40590415,0.38665269,0.33066900,0.26964707,0.24727214,0.23026243,0.21107296,0.20575316,0.19906637,0.19358521,0.18950919,0.19095297,0.18981493,0.18701389,0.21022624,0.18998653,0.20729582,0.21253952,0.21792396,0.22627951,0.23574157,0.21359335,0.23492887,0.23698910,0.24367604,0.22944073,0.23176540,0.25594297,0.27334024
-0.00631759,-0.00021751,-0.01421333,-0.02916793,-0.00480669,0.00850070,-0.00419652,-0.00626417,-0.01887889,-0.00363189,-0.00885783,-0.01031300,-0.01620545,-0.00975831,-0.00933213,-0.00592724,-0.00806007,-0.00789289,-0.02292017,-0.01521830,-0.00911385,-0.00644180,-0.00273430,-0.01080910,-0.00609868,0.01523294,0.00431128,0.00733743,0.01923009,0.02639976,0.00537806,0.01709933,0.01210338,0.02421991,0.02108128,0.05358839,0.06973548,0.08029568,0.08793837,0.10535109,0.12629594,0.14183716,0.13765751,0.10363256,0.09180179,0.09960394,0.07137473,0.06200456,0.03480873,0.02968002,0.01758708,0.01163873,0.01439351,0.00809042,0.01312957,0.01985581,0.00820138,-0.00963624,0.01955481,0.00356185,0.03005715,0.00832749,0.01290438,0.01278993,0.01204915,0.01783127,0.01321284,0.01341990,0.02465639,0.01030243,0.02536691,0.05696122,0.04089921,0.06190191,0.09417366,0.11609511,0.12641853,0.13971865,0.12543728,0.13548402,0.12894575,0.13387069,0.13419140,0.17108771,0.19294196,0.22130163,0.27336809,0.28329431,0.32245281,0.32993776,0.40139441,0.43451568,0.43337927,0.46451290,0.50582214,0.49544192,0.50114828,0.49246205,0.45132099,0.40256139,0.36622258,0.36118503,0.28406289,0.23864362,0.20806187,0.16275113,0.14125283,0.11561594,0.12500879,0.11287776,0.11734939,0.12573843,0.12838324,0.15238088,0.14716691,0.14572710,0.14254698,0.14614844,0.13043225,0.12804965,0.11358930,0.08109716,0.08048110,0.06472281,0.06152689,0.04872219,0.06775640,0.06382498,0.08524722,0.09469131,0.09830173,0.11550914,0.13913615,0.16210098,0.18204544,0.16305602,0.20068954,0.21977902,0.23049043,0.24860642,0.28737854,0.26391618,0.28473043,0.27225486,0.28059484,0.23451587,0.24958569,0.24175784,0.22776387,0.22034529,0.25032144,0.25508621,0.26672670,0.26451558,0.27780915,0.29290015,0.25273993,0.23640551,0.20429039,0.17179742,0.14395201,0.11440088,0.11548398,0.09686911,0.06116685,0.08357286,0.06947827,0.08992726,0.06848315,0.07228491,0.07370867,0.07791543,0.08045875,0.09229693,0.09824452,0.08594980,0.09141940,0.12542563,0.13416497,0.15588028,0.15272471,0.15662501,0.15880513,0.17546289,0.17030354,0.17927809,0.20062771,0.18444494,0.18326719,0.19303953,0.17592422,0.19176877,0.16506817,0.16218326,0.15713381,0.16403934,0.14769478,0.13220439,0.12651969,0.14108240,0.14152774,0.15557435,0.17821237,0.20208819,0.22643710,0.27169099,0.27905628,0.32999154,0.37386509,0.41381251,0.48214586,0.49400220,0.56874790,0.59436353,0.66153155,0.68338343,0.67420203,0.65496122,0.68390820,0.61846619,0.61559948,0.57589187,0.51967344,0.47390671,0.40889959,0.37137349,0.32664722,0.26367556,0.25600190,0.26769462,0.23567619,0.24607691,0.19885993,0.21580194,0.20492531,0.18972482,0.19250729,0.20448842,0.18023705,0.17225910,0.17971586,0.16569591,0.18587474,0.18067552,0.20182709,0.24324816,0.25150727,0.30460534,0.35853670,0.41088635,0.49487272,0.51779330,0.54180997,0.58207157,0.62328873,0.62585467,0.59948245,0.63951704,0.61321392,0.60782606,0.58016519,0.55920391,0.57949525,0.54475766,0.55763835,0.54819604,0.54529178,0.51912934,0.49637143,0.45516471,0.40591475,0.34376095,0.29006958,0.25993055,0.21168691,0.19827273,0.15517079,0.16640836,0.16141459,0.15400062,0.13836169,0.14081681,0.13638304,0.14623413,0.14016511,0.14413778,0.15945157,0.14586887,0.17466572,0.13930840,0.15729529,0.17580681,0.16946351,0.17018237,0.18038874,0.16456426,0.15394131,0.16738644,0.16818540,0.15954687,0.16171793
0.02253016,0.01725863,0.01764546,0.02281385,0.03881656,0.01579598,0.01472278,-0.00284250,0.00883224,0.01764773,0.00424447,0.01028616,0.02436491,0.02695983,-0.00443571,0.01054515,0.00621293,0.00815466,0.00298785,0.01775716,-0.01148567,0.01624194,-0.00361404,0.00441194,0.00017503,0.01492691,0.01010396,0.00785522,0.03492995,0.02240254,0.00879928,0.02915668,0.00113357,0.00873447,0.03106233,0.03429887,0.04856635,0.03154836,0.07249808,0.07326571,0.08051881,0.08018341,0.08775659,0.09740242,0.07059218,0.06432898,0.05649105,0.04100409,0.03529971,0.03864348,0.02766862,0.00653976,0.00459129,0.00007527,0.00115705,0.01271716,0.00790920,0.00559252,0.03323813,0.00296580,0.03047957,-0.00293725,0.01395103,0.00601542,0.01422254,0.01099274,0.01351685,0.02537197,0.00666433,0.00867823,0.01249509,0.03071232,0.02533988,0.04085514,0.04318834,0.06953098,0.06759317,0.08397940,0.09551092,0.12751925,0.10166877,0.12374105,0.12883409,0.15604442,0.17248216,0.20847436,0.25853017,0.28458892,0.31266707,0.35456634,0.38730177,0.45769209,0.44836810,0.48168216,0.46778603,0.50774423,0.50975520,0.47672161,0.44402165,0.42950730,0.35584901,0.32989725,0.28038183,0.24668406,0.19575011,0.15931288,0.13819132,0.10785838,0.08803364,0.09045320,0.07636164,0.09241937,0.11171201,0.11147415,0.13292518,0.14049912,0.13360244,0.13596990,0.11136461,0.12051591,0.10762495,0.08022572,0.06082307,0.05337061,0.04248957,0.05082186,0.02765389,0.03872762,0.03612133,0.04332193,0.04841174,0.06221250,0.06081428,0.07808040,0.08733530,0.11632341,0.13464064,0.12860543,0.12707565,0.12930144,0.16937260,0.13080358,0.15391596,0.16300108,0.15813349,0.15065805,0.15544411,0.14496903,0.16011956,0.14414790,0.14665106,0.16044193,0.18928218,0.21804396,0.22089683,0.22241777,0.22037356,0.22660394,0.21447624,0.17226784,0.12046205,0.08802836,0.08474504,0.06986020,0.02955009,0.04303397,0.04221067,0.04214476,0.04986895,0.03130049,0.05769126,0.03743074,0.03718698,0.05676469,0.03989379,0.05881393,0.07756557,0.07790977,0.09238289,0.13179852,0.12994190,0.12459327,0.15671105,0.16618591,0.17900850,0.19532236,0.21010711,0.19538168,0.20521820,0.20920219,0.18270841,0.18054084,0.17660321,0.15987536,0.15940674,0.12016235,0.12040027,0.12749857,0.12012329,0.10475459,0.09737475,0.10676802,0.10674853,0.11034760,0.14344365,0.18036619,0.19512574,0.22077430,0.24944958,0.28952670,0.32687885,0.40595326,0.42067101,0.47540357,0.53043092,0.56161334,0.62400117,0.63478744,0.61218954,0.61783389,0.59926602,0.57172761,0.50110808,0.48332353,0.39147531,0.37126195,0.30208376,0.29183973,0.24048175,0.22638942,0.19945478,0.14739685,0.15106709,0.15918969,0.14296466,0.13939997,0.14059209,0.12217891,0.11861705,0.11209639,0.10605394,0.09943255,0.10430387,0.09713733,0.12704718,0.14486191,0.15086215,0.19166608,0.23127198,0.29656599,0.31987552,0.38075384,0.42002993,0.46911407,0.50808230,0.52222655,0.50205546,0.54328265,0.51813793,0.51493003,0.50203436,0.47043993,0.42607763,0.40513957,0.44921307,0.44456351,0.45989047,0.43793218,0.41273171,0.40105818,0.37978607,0.29739700,0.26563112,0.22711657,0.17742906,0.14803415,0.13378663,0.10315622,0.08719371,0.08728862,0.08079239,0.08542895,0.08666983,0.09329158,0.08884359,0.10141906,0.10427999,0.08798096,0.09140732,0.10113714,0.11075300,0.11397630,0.10313469,0.11819420,0.11730634,0.12241451,0.11833349,0.11275068,0.12160842,0.13539191,0.11157103
-0.10289496,-0.10974026,-0.09679318,-0.08353308,-0.08852189,-0.10529925,-0.07222640,-0.09136140,-0.09429183,-0.08062289,-0.09174977,-0.08816919,-0.09395541,-0.10932541,-0.09202533,-0.09806601,-0.11119074,-0.09319143,-0.10613820,-0.09793524,-0.10997208,-0.10449577,-0.09945344,-0.09290360,-0.09255474,-0.08744584,-0.08161609,-0.07612464,-0.05237607,-0.07881664,-0.07728685,-0.07776102,-0.09119235,-0.08855077,-0.08942549,-0.09119612,-0.08257338,-0.08846279,-0.06890935,-0.07428124,-0.06853650,-0.07281364,-0.07064003,-0.06135059,-0.09408438,-0.07372250,-0.09208802,-0.08391832,-0.07409206,-0.09373652,-0.07168072,-0.07973470,-0.09385750,-0.09920234,-0.08606235,-0.07841359,-0.06891442,-0.08008639,-0.08672723,-0.07842708,-0.07906227,-0.09592706,-0.07822195,-0.05813856,-0.07706842,-0.07637949,-0.07724399,-0.05845188,-0.06274666,-0.07107224,-0.06418798,-0.07793630,-0.05864391,-0.05396499,-0.06161243,-0.05535383,-0.04871393,-0.04483180,-0.04016167,-0.04313006,-0.01054666,0.00130735,0.04180080,0.07864050,0.08517139,0.16340630,0.20246819,0.24925517,0.28043120,0.31492891,0.37419403,0.36037263,0.39338278,0.38008666,0.40332471,0.38630549,0.36611285,0.37488036,0.32461024,0.28563265,0.23523340,0.21215193,0.17919167,0.14312434,0.08698291,0.07083211,0.05141003,0.04034737,0.02708357,0.03384879,0.04950750,0.06491545,0.07885240,0.10761144,0.11034383,0.10753293,0.09521010,0.09908124,0.07056838,0.05291161,0.02811624,0.00876622,-0.00966388,-0.02278145,-0.02582388,-0.03246493,-0.02652811,-0.04455894,-0.02127859,0.00408673,-0.00423152,0.00782508,0.00747829,0.01989340,0.03125781,0.02114648,0.02747794,0.03702213,0.02347098,0.02245026,0.01781860,0.03351083,-0.00070421,0.00274118,0.00804900,-0.00626640,0.00998378,0.00125356,0.01423826,0.01372470,0.03659576,0.06436225,0.05915730,0.07095216,0.08630925,0.11162374,0.09767126,0.05847032,0.06592698,0.04040211,0.01145070,0.00059902,-0.00049062,-0.02907233,-0.03917809,-0.03394413,-0.04685519,-0.04242551,-0.04007891,-0.03455950,-0.03594279,-0.03682602,-0.02532742,-0.03508607,-0.03711031,-0.02784745,-0.03095719,-0.00760149,0.00324601,0.01072380,0.00186385,0.01337422,0.03233842,0.04281557,0.05739249,0.05895410,0.04984719,0.04910113,0.05211254,0.04861207,0.04401745,0.04093285,0.03637928,0.02379230,0.03214518,0.00536952,0.00715627,0.01792917,0.02557627,0.01435294,0.02598224,0.06657047,0.05691943,0.06667099,0.10497802,0.12936284,0.16609971,0.18868706,0.23674279,0.26796974,0.32851917,0.35733627,0.42891338,0.49637296,0.50067616,0.56515563,0.58246802,0.58824292,0.59426289,0.55287485,0.52970998,0.51674925,0.46612684,0.39932622,0.34376115,0.30929429,0.24027446,0.21379655,0.17198404,0.14912484,0.13919126,0.10930036,0.09897331,0.09004971,0.08502567,0.07537734,0.08850536,0.06312899,0.06644891,0.04626256,0.05097663,0.04149184,0.05039548,0.05651742,0.06772789,0.09465930,0.12175915,0.16706130,0.20374815,0.24389360,0.32589286,0.33462883,0.38550419,0.42583320,0.41204380,0.43220868,0.41175803,0.38658654,0.37425196,0.32980815,0.27633703,0.25637796,0.23179505,0.20838465,0.19495007,0.20779401,0.20668870,0.17511367,0.17726892,0.15594190,0.13756450,0.10061005,0.07102978,0.03522059,0.02204310,0.00131072,0.01393892,-0.01925069,-0.01466282,-0.01569674,-0.01182603,-0.01992137,-0.01375757,-0.02908924,-0.00895203,-0.01244093,-0.01851309,-0.00686659,-0.01365296,-0.00897707,0.00637655,-0.00088650,-0.01570430,-0.01260101,-0.00371930,-0.01454394,-0.00291130,0.01157563,0.00241688,0.00707375,0.01271543
0.01631313,0.02300959,0.02791026,0.02678452,0.01854806,0.02540673,0.03726692,0.02138820,0.03299246,0.00167952,0.01165139,0.00500230,-0.00731035,-0.00275894,-0.00143049,-0.00069252,-0.00617104,-0.01185430,0.00260783,-0.00055148,-0.00775243,-0.00454419,-0.00282624,0.00635523,0.01488867,0.04066708,0.03961390,0.01840023,0.04448532,0.03071449,0.01881616,0.04143998,0.02574835,0.01076348,0.02340986,0.01570026,0.01389828,0.02993608,0.02099322,0.02713900,0.04397962,0.03781301,0.03042911,0.04678115,0.01307342,0.02355575,0.02677233,0.01159298,0.01305906,0.01385795,0.00733629,0.02181540,-0.00263762,0.02203686,0.00299876,0.01312790,0.00535401,0.01260290,0.01463486,0.00399600,0.01669741,0.01432865,0.02761109,0.01523317,0.02568117,0.02559134,0.02325594,-0.00966917,0.03290572,0.02172113,0.04145291,0.03445364,0.03113754,0.03717823,0.03199694,0.03710287,0.05749701,0.06157932,0.06326251,0.06334010,0.08488609,0.09317656,0.08461004,0.10349391,0.12344018,0.13368280,0.19858524,0.21120979,0.25596920,0.28822494,0.34129821,0.35785740,0.40588482,0.45905979,0.50967496,0.52660796,0.54779981,0.60144401,0.55065102,0.55416743,0.50012621,0.46887686,0.41433873,0.32683970,0.30782888,0.27241219,0.21140217,0.17452465,0.12759736,0.11818884,0.11710466,0.12816662,0.11238896,0.11610082,0.13588808,0.12001902,0.11558247,0.13118958,0.11388670,0.11343560,0.10366363,0.06166157,0.08462334,0.05503364,0.07541584,0.06797536,0.07971593,0.10004821,0.10536170,0.12202678,0.15119625,0.14102234,0.16504452,0.18685691,0.19758592,0.20305247,0.22427268,0.22249293,0.22153927,0.18648667,0.20464373,0.16008305,0.16980249,0.14217145,0.15452923,0.10700968,0.13714925,0.12466236,0.13692520,0.17133352,0.20435657,0.24278512,0.27384457,0.28021298,0.31421233,0.30326778,0.31689438,0.27093615,0.24299081,0.21177539,0.17879609,0.13703081,0.12417254,0.10009591,0.06135053,0.08021981,0.07021474,0.06058563,0.05512673,0.06942281,0.08743773,0.05979012,0.08034710,0.08650395,0.08213504,0.07867577,0.06690373,0.10055189,0.09108814,0.10939407,0.12377405,0.12093556,0.14527030,0.12918858,0.14113932,0.14783070,0.17070774,0.15711391,0.14260474,0.16136414,0.13772406,0.14102957,0.13974061,0.11967349,0.15083689,0.13620492,0.14650338,0.14494969,0.17498156,0.16562801,0.20767545,0.23269272,0.24280838,0.29228346,0.27562830,0.32686627,0.38500858,0.43599366,0.49140258,0.53207817,0.56636397,0.59237724,0.66824410,0.70808110,0.74997169,0.73751271,0.76635820,0.78561437,0.74634945,0.69188206,0.67426382,0.59787040,0.55392460,0.52895133,0.47627078,0.41022218,0.36753658,0.33009821,0.32081982,0.30178435,0.29011019,0.30865557,0.29161957,0.28594706,0.30491845,0.30311865,0.28861613,0.26547249,0.27126914,0.24444066,0.22072655,0.21766130,0.21140349,0.19596403,0.20345580,0.22817105,0.22983127,0.26684605,0.34508230,0.35968419,0.45086958,0.50069989,0.54478768,0.62353798,0.61206876,0.66236020,0.67701599,0.63373415,0.61366151,0.59553480,0.56836223,0.53425026,0.49985448,0.47238313,0.49050359,0.52134302,0.50435108,0.47633006,0.44741854,0.41535663,0.35926652,0.32912624,0.29330213,0.24018714,0.20811488,0.16765853,0.16228546,0.16609929,0.13196863,0.15715052,0.15144805,0.15231366,0.13939737,0.14972323,0.12299990,0.15384326,0.15185895,0.13948654,0.16053935,0.12644843,0.11773321,0.15264579,0.15666874,0.14645197,0.15712257,0.15893175,0.15543825,0.15786512,0.16975307,0.16328831,0.15112885
-0.14463045,-0.13894914,-0.13533637,-0.13295582,-0.11717816,-0.12758763,-0.11456284,-0.11396001,-0.11295681,-0.12137010,-0.11808563,-0.11387381,-0.13935570,-0.13604758,-0.13640915,-0.13190231,-0.14996590,-0.13701407,-0.13117867,-0.14111004,-0.11833883,-0.12575181,-0.12347993,-0.12583399,-0.11829652,-0.12168364,-0.09828120,-0.09588818,-0.10959616,-0.11643003,-0.10181547,-0.09297349,-0.10295708,-0.11934818,-0.10643334,-0.13530421,-0.10848367,-0.11119296,-0.10544396,-0.11086098,-0.08087112,-0.09897218,-0.08835182,-0.09084291,-0.08665983,-0.09101332,-0.08609951,-0.09915117,-0.10403466,-0.10567948,-0.11059065,-0.09433333,-0.08402972,-0.09903118,-0.07492800,-0.10479566,-0.08108695,-0.09957298,-0.08190611,-0.10075125,-0.06410861,-0.09658242,-0.10893003,-0.08011517,-0.09148427,-0.09254705,-0.08843499,-0.10224745,-0.08817538,-0.06589428,-0.06673393,-0.07678888,-0.07222298,-0.09365917,-0.07234654,-0.05440069,-0.06942472,-0.05001217,-0.04064679,-0.04553136,-0.05019864,-0.01023433,-0.02146142,0.01303039,0.02981151,0.05362186,0.09139438,0.13109617,0.16645054,0.18760245,0.23804035,0.25767715,0.28412494,0.31572263,0.35288704,0.37366294,0.41237053,0.40226967,0.42864374,0.42155844,0.40176974,0.37329702,0.36574954,0.29729574,0.26695819,0.17525432,0.14933615,0.10015917,0.04240414,0.02071127,0.01080974,-0.01105162,-0.03077766,-0.01516945,-0.01587643,-0.01850705,-0.01972687,-0.00965687,-0.02097693,-0.03672830,-0.03537479,-0.02501267,-0.03570757,-0.02798361,-0.03466300,-0.03011345,-0.04181743,-0.02432886,-0.02535773,-0.01775525,-0.00313449,0.00887115,-0.01061086,0.02303509,0.04559708,0.03328128,0.04000001,0.06871244,0.04429380,0.05437830,0.06805991,0.06421817,0.04323815,0.04027026,0.03250747,0.05081424,0.02952950,0.01945447,0.01387139,0.03328625,0.04568895,0.06814168,0.09816597,0.09681247,0.16466249,0.17307275,0.20654612,0.22529103,0.21567050,0.19850766,0.16986694,0.13236457,0.11336395,0.05294673,0.04029376,0.01070171,-0.01237275,0.00368831,-0.00457868,-0.02364142,0.00765613,0.01035203,-0.00029318,0.01827520,0.00174259,0.00564154,0.02000414,0.03175595,0.04509932,0.05128062,0.08703102,0.09496353,0.12160042,0.16897223,0.17878572,0.18945341,0.25035685,0.23822758,0.24883414,0.25637648,0.25557907,0.23110290,0.23686436,0.23449833,0.20467113,0.18233760,0.17005483,0.14436095,0.12009796,0.09945014,0.08912335,0.12243635,0.10366203,0.07572264,0.11687622,0.11455205,0.14454559,0.17505924,0.18440899,0.20961621,0.27918276,0.29074866,0.32254881,0.36558787,0.40637706,0.45301710,0.45951038,0.49542993,0.47854990,0.51506695,0.50866019,0.45954326,0.43934612,0.43560172,0.37638784,0.34157614,0.30196164,0.24137600,0.20013820,0.19218588,0.15795276,0.13506846,0.13525925,0.12499774,0.12723343,0.12406057,0.14009863,0.13519112,0.12500918,0.11238324,0.13296976,0.10732427,0.10812628,0.07703564,0.05932286,0.06565988,0.08445775,0.07708870,0.10509335,0.10528183,0.14211180,0.18003203,0.19080405,0.25752966,0.30151219,0.33016723,0.37681687,0.41245865,0.42924119,0.44209542,0.41923932,0.39756488,0.39786820,0.36491123,0.37018534,0.39362856,0.33867846,0.36816896,0.35816356,0.35982913,0.34300363,0.28893859,0.29515165,0.24844906,0.21104577,0.18681645,0.16393857,0.11983464,0.07739136,0.06772680,0.07236306,0.05506463,0.04201471,0.06952749,0.04817072,0.03253014,0.05807632,0.05884782,0.06578850,0.08309992,0.10037783,0.07785505,0.09256707,0.09485333,0.09768011,0.11620943,0.09945355,0.08255022,0.10330855,0.11865114,0.10212466
0.06685501,0.05700842,0.04942770,0.05693139,0.09002097,0.06592424,0.07803896,0.07688226,0.06287292,0.07106413,0.05439315,0.07428239,0.04521319,0.05984463,0.02622996,0.05738979,0.05780889,0.05020234,0.04889601,0.04333420,0.04390895,0.04546310,0.06015150,0.06384699,0.07937517,0.05638880,0.10449304,0.09067476,0.09263620,0.10146641,0.08665905,0.07803728,0.09197517,0.09014550,0.05725671,0.07367362,0.07340629,0.09056309,0.07401840,0.09957177,0.10590334,0.10548258,0.09311190,0.09988909,0.10818461,0.09277007,0.08524423,0.08806328,0.08670089,0.06849180,0.07219742,0.07108781,0.06973300,0.09475752,0.07981173,0.07026323,0.07356448,0.07257366,0.08025628,0.06256513,0.08754292,0.07735095,0.05311872,0.08140286,0.10490589,0.09834621,0.08264916,0.05935769,0.08928412,0.07900128,0.09702053,0.10687559,0.11057992,0.10418839,0.09467095,0.12281154,0.11395628,0.15779635,0.15668079,0.14817240,0.15291811,0.17592122,0.19596109,0.23640250,0.27239017,0.29631900,0.33517592,0.40561890,0.44071658,0.45181976,0.49672113,0.53113263,0.58051980,0.56706191,0.56191276,0.56133721,0.51392491,0.55224932,0.53504766,0.52364060,0.49988838,0.47651666,0.47210993,0.41708580,0.39105597,0.31841209,0.26680737,0.24573967,0.22371389,0.22071945,0.19127522,0.19576832,0.19534963,0.21372123,0.19876090,0.22389707,0.22962952,0.22962268,0.22799435,0.20644231,0.18475293,0.17438724,0.18104965,0.17265857,0.14933573,0.17562249,0.15712735,0.16093338,0.18020644,0.18341888,0.19630231,0.21465870,0.23094694,0.23525078,0.24951947,0.26151335,0.28471358,0.29701874,0.30115269,0.28192410,0.27059223,0.28602367,0.26360463,0.25797682,0.27720330,0.25571610,0.23970243,0.22122835,0.21884697,0.20346150,0.21095617,0.20964650,0.23930981,0.23957808,0.26286090,0.26077390,0.26009152,0.26937505,0.24202858,0.23609639,0.23764423,0.20258140,0.17943950,0.14917582,0.16361949,0.15247257,0.17260235,0.15629024,0.15654535,0.15245976,0.14973934,0.16136983,0.17246560,0.17014236,0.18291000,0.19988209,0.20790824,0.22411056,0.25520993,0.23552205,0.26103034,0.31535276,0.32113179,0.35983088,0.38936573,0.38342835,0.39918582,0.43721898,0.46104284,0.42147551,0.44978405,0.39402785,0.40941483,0.38095372,0.35885680,0.34727544,0.32551078,0.30135612,0.28580821,0.27795782,0.29985925,0.30219970,0.28801395,0.29860834,0.33685585,0.36412085,0.37547107,0.42134424,0.43612216,0.45779315,0.53449850,0.53518335,0.56570694,0.59344304,0.64856079,0.66791022,0.61637725,0.64127935,0.66769803,0.65771271,0.67938874,0.61673934,0.59956564,0.54465887,0.52553708,0.49629490,0.44454159,0.40579216,0.40870879,0.38134601,0.36206348,0.34240841,0.41860538,0.37823111,0.39399719,0.36379973,0.36932480,0.36651327,0.36671796,0.34704310,0.35190789,0.35056956,0.30937716,0.31829670,0.29179419,0.28982094,0.27352151,0.28351175,0.33405236,0.33997814,0.37575763,0.40293946,0.45482903,0.48597920,0.53274019,0.52123895,0.57629444,0.61320760,0.60065177,0.59335044,0.53962855,0.55077245,0.52643165,0.47799192,0.47249730,0.47712804,0.49654040,0.43861280,0.42868283,0.41835661,0.40609696,0.37829385,0.35370360,0.31717679,0.30305346,0.29326483,0.26151487,0.23786291,0.23882359,0.24152857,0.22652845,0.23515128,0.23491595,0.24310968,0.24992869,0.24719540,0.23265582,0.23681781,0.23678451,0.25254565,0.26103159,0.25398846,0.25768955,0.26962819,0.27341714,0.29069884,0.27688956,0.30123565,0.30031100,0.29885006,0.30617284
0.05353046,0.05326308,0.06600829,0.06057537,0.05611965,0.07933821,0.08021310,0.08154446,0.06901507,0.05618930,0.07930617,0.06548971,0.06564819,0.05015234,0.04599742,0.03492514,0.05249122,0.04298116,0.03914046,0.04651643,0.05006187,0.04070048,0.04321410,0.06913787,0.06743331,0.06209245,0.07334957,0.08765718,0.07602386,0.09820852,0.09234292,0.09883273,0.08574587,0.10944555,0.08003375,0.08842562,0.10236061,0.14017623,0.14417922,0.18634109,0.19845099,0.21415919,0.25941313,0.22785308,0.25381881,0.22494296,0.20451938,0.18488487,0.16039067,0.12415597,0.10954396,0.08908666,0.06859335,0.05128957,0.07065767,0.06577569,0.05006655,0.04692578,0.06542325,0.06587246,0.06510726,0.05891629,0.07551328,0.06296585,0.04110167,0.05462442,0.05828088,0.06399441,0.07775390,0.06193955,0.06016334,0.07082632,0.08663075,0.10976852,0.11026299,0.13780492,0.16989329,0.19441380,0.22486003,0.23162710,0.23727057,0.22117661,0.21371559,0.23981115,0.21583177,0.24246477,0.26290308,0.28556390,0.32545038,0.37211422,0.41643682,0.48470289,0.49027491,0.49517026,0.50293155,0.53720785,0.50091344,0.45884933,0.50865511,0.45330683,0.43059879,0.42821584,0.38281599,0.38380888,0.34269645,0.30352516,0.27807466,0.25408858,0.23215845,0.21310692,0.21007693,0.20316928,0.20755959,0.23896430,0.23485733,0.26694070,0.25480217,0.26453547,0.27841031,0.25903456,0.24160165,0.20470382,0.20146564,0.19386808,0.16231366,0.15678309,0.13964219,0.12918014,0.13269713,0.13279571,0.13400365,0.17143072,0.18960026,0.20295791,0.23405462,0.26043342,0.29856346,0.32601309,0.34495734,0.39382234,0.38183341,0.41770311,0.42860438,0.45972863,0.47049029,0.46849778,0.43137222,0.41939995,0.40327138,0.34975820,0.32507168,0.28097157,0.27736384,0.21888330,0.21745611,0.20263361,0.17042908,0.17846877,0.15796678,0.13322574,0.15277988,0.16515750,0.11755646,0.10506216,0.12451712,0.10489567,0.11277492,0.10342180,0.11467159,0.09646309,0.09439564,0.12957824,0.10606910,0.09807267,0.11977455,0.10696338,0.10872917,0.12645895,0.12954037,0.09432046,0.13665580,0.12456579,0.16483344,0.13902705,0.15132538,0.15733201,0.17276563,0.17756538,0.17014737,0.18248897,0.16835778,0.16003648,0.17449195,0.17214219,0.15290797,0.18630994,0.15408168,0.17075391,0.16134834,0.16651421,0.18142921,0.18253332,0.19532662,0.21803970,0.25394248,0.25010414,0.27222514,0.32965953,0.34233065,0.38192175,0.40950157,0.46150649,0.49193314,0.50924125,0.55890566,0.61095571,0.64051752,0.64347128,0.66881500,0.67765504,0.69597167,0.66278699,0.67197073,0.61328126,0.62568883,0.57130261,0.51059916,0.46220142,0.43645109,0.40893279,0.37678697,0.36283924,0.37020264,0.34759801,0.33445077,0.33418656,0.32210472,0.32077623,0.31940591,0.28136609,0.31603967,0.29502730,0.25450606,0.24889670,0.22827233,0.23766028,0.22620401,0.24099291,0.25113081,0.26503641,0.30072553,0.34267002,0.37059470,0.41855662,0.46339736,0.49922173,0.54240909,0.58355605,0.60629540,0.64176720,0.65899283,0.63290434,0.67657915,0.60894291,0.62311596,0.59278935,0.56488685,0.53880838,0.48854886,0.49582161,0.47005802,0.42758282,0.43111955,0.37931773,0.34383916,0.31056085,0.26347725,0.23350403,0.18965424,0.16072761,0.16971031,0.13042888,0.11479919,0.12946618,0.12664504,0.12471238,0.12562861,0.13433072,0.15744394,0.12327760,0.15667869,0.12474692,0.14809687,0.13526384,0.14961537,0.12691396,0.11967411,0.13529733,0.14309132,0.11692188,0.12579613
0.07443910,0.08466241,0.07321746,0.07250991,0.09037816,0.10460500,0.09749389,0.08659035,0.08856804,0.08850536,0.08452866,0.08005834,0.08100612,0.06837503,0.05954468,0.07001009,0.06464212,0.04845322,0.07174464,0.06446638,0.06213050,0.05739316,0.05729523,0.07100798,0.06821656,0.06892520,0.10264862,0.09705139,0.08525560,0.10880993,0.09565667,0.10105857,0.08487771,0.08804800,0.08924581,0.09743884,0.08946084,0.08656090,0.10904205,0.11992874,0.12476851,0.12984310,0.13199558,0.12998446,0.12846477,0.15356305,0.12921002,0.12128535,0.08773556,0.09732681,0.07916223,0.08083758,0.08715809,0.06494510,0.08328089,0.06300991,0.06049162,0.05968499,0.07674375,0.06669582,0.06219535,0.07038294,0.07269480,0.06070185,0.07450991,0.05442797,0.07592396,0.09020846,0.06636126,0.08939248,0.08428131,0.06478158,0.08609000,0.09657194,0.08931672,0.09162301,0.13190319,0.11960064,0.15849356,0.14202278,0.16438150,0.17198702,0.16202640,0.17172024,0.17977984,0.21075388,0.22611755,0.25912994,0.30325729,0.29422336,0.35236235,0.37210489,0.36819901,0.43764107,0.46244121,0.46514504,0.50178817,0.51005505,0.52332126,0.52938109,0.54264579,0.51628943,0.45788566,0.47026305,0.40615160,0.32008238,0.28624569,0.25539864,0.21974171,0.18891208,0.15604084,0.13025612,0.10879097,0.10133987,0.12866331,0.11901334,0.12757618,0.11372508,0.12569495,0.12989499,0.11562848,0.11184165,0.10476777,0.09172620,0.10455864,0.10211552,0.12107251,0.11434931,0.13043905,0.13374263,0.14932525,0.14215573,0.17117871,0.17476456,0.22237066,0.25487811,0.24193064,0.25173120,0.25837001,0.24719524,0.26228985,0.26476512,0.24798402,0.27238340,0.29688131,0.28934164,0.25104231,0.23664360,0.22669571,0.22102639,0.22275916,0.20570041,0.24334017,0.23858540,0.25765553,0.29238596,0.29676265,0.30898463,0.27041580,0.24663441,0.23904490,0.24087962,0.17904626,0.15985019,0.14370022,0.13108658,0.12479558,0.13567310,0.11544539,0.10277563,0.11648545,0.09877271,0.10846401,0.12973684,0.13785445,0.15426705,0.14086486,0.15163761,0.15570762,0.18241023,0.17766497,0.21057019,0.24008230,0.24077312,0.26393818,0.28331813,0.31266168,0.34637750,0.34669043,0.35100613,0.34142329,0.33169235,0.30847180,0.31914438,0.31014535,0.28927236,0.28018657,0.25923113,0.25134895,0.22768164,0.22049326,0.21791339,0.23489430,0.23669770,0.25850129,0.27922412,0.28551146,0.32741606,0.34426440,0.38065635,0.38878444,0.44417969,0.47805628,0.51212555,0.53082708,0.57609882,0.56793338,0.55410913,0.56389656,0.60155732,0.53174952,0.53620221,0.48746976,0.46169009,0.45914224,0.39096425,0.36417687,0.32768787,0.28884345,0.32025270,0.29602281,0.29221200,0.27201838,0.25803775,0.30934470,0.32206475,0.28690060,0.29420529,0.31070281,0.29118702,0.27349723,0.27790686,0.25481375,0.25549337,0.22769812,0.22474677,0.20169745,0.19420993,0.21658354,0.23725240,0.26956366,0.26938761,0.30834075,0.35246296,0.40406094,0.44547109,0.48106363,0.48581239,0.52695408,0.54403181,0.56324426,0.56903300,0.54165708,0.53340072,0.54890212,0.54793339,0.51614653,0.52246574,0.51873499,0.49124406,0.49126944,0.47129641,0.41511685,0.39950070,0.34927806,0.30710724,0.25982083,0.24822568,0.20209239,0.18700388,0.17838657,0.17252764,0.17005379,0.17147545,0.16696765,0.16924807,0.18038428,0.19951076,0.20721898,0.19072218,0.19911004,0.21580806,0.20869600,0.20728471,0.18715574,0.20928579,0.22604928,0.22412669,0.19878742,0.21540045,0.22773306
-0.02387813,-0.00731533,-0.00914221,-0.01049333,-0.01837986,0.00134307,-0.00519247,-0.01500541,-0.01331941,-0.04540285,-0.03587000,-0.03496714,-0.03847469,-0.04866922,-0.02512594,-0.05673169,-0.05295516,-0.05983913,-0.03212166,-0.04776524,-0.04447293,-0.05368171,-0.03414128,-0.04772848,-0.01900890,-0.01490601,-0.01099798,-0.01533473,-0.00224374,-0.00342746,-0.01095679,-0.01708939,-0.02632997,-0.00418783,-0.03277930,-0.03122367,-0.02250733,-0.03568343,-0.03612890,-0.03088368,-0.02988221,-0.01581064,-0.02050155,-0.01389610,-0.02356499,-0.02419287,-0.03395031,-0.03003684,-0.03268874,-0.02198085,-0.03407356,-0.01953502,-0.03774317,-0.02483524,-0.02359627,-0.01246250,-0.03954057,-0.03510586,-0.03601064,-0.05213578,-0.03240226,-0.03672639,-0.02739798,-0.03090087,-0.04062604,-0.03221514,-0.00837206,-0.01921871,-0.01009157,-0.00869076,-0.01894907,-0.01751687,-0.01407287,-0.01591659,-0.01099152,0.00540066,0.00045054,0.01066877,0.02523753,0.05277327,0.05507446,0.09026886,0.12645206,0.15980292,0.18760688,0.26319172,0.29301418,0.34454262,0.36612205,0.38722305,0.43318917,0.44297411,0.40021849,0.39313943,0.40312028,0.38332183,0.37231130,0.32178987,0.30844881,0.30982651,0.29994414,0.27635439,0.27794950,0.22270221,0.20265160,0.19623979,0.13266297,0.11066451,0.07283266,0.05802199,0.05947384,0.03401770,0.02312178,0.04516014,0.03627266,0.04439785,0.05042892,0.06374058,0.04094095,0.04222109,0.02542343,0.03878689,0.02606688,0.02001727,0.03146937,0.03564752,0.04787221,0.05423702,0.05779796,0.05213114,0.05897017,0.11802912,0.12123366,0.12594206,0.13235405,0.15604861,0.13052400,0.15962257,0.15232682,0.14939623,0.15803832,0.11707816,0.11147035,0.10820436,0.09268350,0.09306124,0.08956242,0.05629185,0.07712597,0.05435739,0.05088177,0.06649978,0.07080429,0.06010862,0.08400982,0.08645151,0.07192136,0.08479444,0.07460958,0.06330344,0.05904497,0.05187555,0.05905571,0.03740891,0.04385185,0.03708766,0.04098441,0.04373277,0.01774749,0.02902610,0.05953353,0.05751238,0.05227406,0.05627434,0.07602696,0.11209604,0.11911416,0.14278056,0.18454584,0.21982655,0.26498208,0.30020210,0.30628879,0.35214132,0.38210811,0.43567310,0.48448575,0.48702271,0.49825734,0.49652900,0.49355681,0.47390151,0.43219396,0.39546830,0.36161504,0.31812792,0.27126199,0.27339089,0.21455335,0.21102116,0.21179987,0.18303172,0.18788197,0.22038191,0.22157641,0.22244571,0.29263897,0.31231378,0.29184871,0.31592711,0.31490527,0.34675341,0.32348925,0.34334907,0.35025060,0.32824203,0.31859330,0.32165520,0.31228663,0.30226585,0.28433484,0.25673536,0.24270277,0.22921296,0.17776114,0.21049545,0.19162463,0.17372879,0.16602153,0.18836218,0.18881907,0.23406490,0.22845949,0.23695177,0.24165245,0.24979627,0.23576218,0.24607057,0.23448857,0.21881832,0.20584623,0.19219732,0.17568020,0.15172323,0.13503982,0.11239897,0.12452724,0.13121415,0.13105763,0.13769338,0.15089588,0.17701837,0.19118455,0.21788333,0.22559672,0.25350435,0.26171602,0.26237743,0.29819405,0.27934193,0.30318505,0.29040529,0.26813787,0.25694845,0.24422826,0.20336437,0.21889438,0.20936543,0.20040977,0.16406058,0.17383459,0.16695341,0.14820629,0.15925537,0.11751869,0.13157738,0.09811898,0.12586078,0.10765681,0.11265473,0.11617170,0.10761477,0.13269718,0.11913378,0.12655932,0.13802983,0.15542958,0.17537449,0.17513725,0.16031414,0.18546248,0.17275273,0.21489028,0.19950343,0.21716055,0.23214172,0.23814318,0.22091472,0.22838644,0.24823226,0.23485221
0.05602602,0.08103791,0.07205467,0.07705866,0.09138641,0.08781042,0.08089131,0.08325398,0.08411319,0.06191199,0.04942808,0.07264083,0.07854295,0.06084296,0.06083389,0.04545276,0.04631877,0.06473294,0.06601221,0.03295017,0.06441304,0.08312567,0.06199618,0.06551288,0.07214517,0.09561100,0.07645416,0.09017860,0.12216426,0.11569529,0.11091698,0.08404036,0.09748285,0.08568557,0.09832381,0.09990402,0.12016785,0.16071644,0.17636380,0.19298012,0.22571280,0.22822146,0.23046244,0.21455166,0.21378947,0.22129693,0.18461582,0.15117899,0.13971543,0.10578500,0.12124838,0.09064550,0.06999654,0.08331449,0.08106723,0.06448082,0.07365594,0.07026628,0.07753645,0.07024235,0.05049380,0.07239562,0.08962735,0.07744911,0.07271386,0.08913969,0.06939016,0.05713761,0.07859398,0.06917960,0.09322685,0.11629267,0.08230587,0.11818921,0.14224541,0.17016428,0.19374877,0.20931103,0.22604452,0.21314331,0.20838544,0.19516770,0.16160235,0.15171902,0.15562665,0.14636307,0.15611125,0.16910123,0.17921949,0.19515617,0.22288693,0.24739400,0.26398434,0.28348033,0.32414229,0.33942352,0.34908326,0.38145449,0.43201738,0.41302498,0.41226006,0.44386312,0.38571431,0.38970009,0.34053822,0.29061021,0.24488388,0.23854720,0.22456058,0.17144935,0.15876698,0.15359105,0.16397089,0.15846204,0.15863674,0.14257704,0.15127955,0.15981582,0.15830893,0.15500133,0.13558893,0.14735215,0.14230448,0.12107106,0.11922574,0.13710028,0.13200917,0.14682433,0.15993030,0.18270664,0.18459051,0.21221689,0.24415571,0.26131492,0.27073129,0.30590627,0.33789986,0.36476868,0.37802975,0.40066000,0.40212925,0.42379393,0.45527152,0.44128488,0.44997855,0.42381320,0.41479687,0.39557975,0.36182171,0.35013708,0.31247040,0.29287638,0.28402391,0.26901222,0.25990958,0.25856440,0.27345982,0.25970484,0.24776843,0.21442010,0.19804090,0.19335383,0.18583778,0.16257089,0.16559909,0.13407217,0.13503471,0.11746668,0.13878674,0.14893390,0.13616273,0.12097682,0.13076943,0.13581520,0.13594036,0.13191403,0.14723529,0.14503131,0.12514121,0.14120364,0.14179106,0.15540224,0.14407917,0.14657149,0.13403114,0.14066714,0.15336698,0.12910340,0.15674992,0.15549273,0.14166978,0.16208158,0.14810725,0.12784149,0.17865397,0.17585484,0.17165536,0.18630190,0.19454506,0.20999240,0.21339242,0.22394534,0.26150163,0.25632436,0.27448840,0.30787590,0.32424895,0.41347269,0.40887521,0.42792997,0.46926841,0.48478285,0.51625388,0.54102865,0.55582967,0.57418435,0.59459579,0.56447560,0.55950502,0.56647294,0.58170596,0.50637551,0.50610656,0.44041691,0.42820396,0.40276304,0.38491569,0.35589827,0.35394016,0.32698099,0.31625674,0.30793267,0.31891001,0.34469355,0.34658678,0.36365075,0.39326166,0.34198928,0.34656906,0.35984058,0.33019352,0.31904562,0.28947565,0.28494271,0.27637860,0.23736685,0.24580236,0.23933132,0.26144816,0.26797108,0.30793456,0.35046627,0.36885947,0.41576847,0.45550348,0.48471089,0.51132431,0.57766900,0.62739467,0.66796265,0.65190205,0.69578616,0.72981358,0.66545735,0.61737012,0.65566150,0.60993427,0.63205723,0.61146054,0.59272789,0.57167754,0.52783530,0.48466314,0.43273884,0.39317848,0.34371794,0.27332055,0.26952664,0.26405920,0.21001566,0.20965023,0.19847870,0.21484104,0.19784930,0.20377947,0.19535575,0.21113761,0.21369407,0.20381542,0.20839988,0.21326470,0.21579763,0.20331507,0.20084369,0.19302682,0.21908884,0.21521616,0.19011519,0.20587726,0.22339200,0.21509751
-0.06558614,-0.06630732,-0.07562444,-0.05530816,-0.04515326,-0.04921696,-0.03215340,-0.04320383,-0.03431945,-0.06117412,-0.03339239,-0.06905694,-0.06320634,-0.08266694,-0.06020171,-0.06950936,-0.05632114,-0.04822251,-0.07063374,-0.07467073,-0.05807743,-0.05972824,-0.06471204,-0.05427090,-0.05797522,-0.03359593,-0.01837886,-0.00416307,-0.01317814,-0.01513128,0.00090395,-0.02446338,-0.01735992,-0.01887275,-0.03458761,-0.00098285,0.00230266,-0.00754949,0.00767610,0.04192289,0.06033350,0.06452386,0.06938180,0.07154299,0.06539776,0.06362194,0.02448555,0.01936177,-0.00376731,-0.01162704,-0.02847173,-0.01438719,-0.03957746,-0.00371980,-0.03369202,-0.02408365,-0.01369370,-0.02352847,-0.02331077,-0.01949812,0.00083437,-0.02074816,-0.01321119,-0.00021168,-0.02226136,-0.01815239,0.00043045,-0.00287454,-0.01299261,-0.01648109,-0.00792544,-0.00093254,-0.00498421,0.01517702,0.04985783,0.05184635,0.07613481,0.08414494,0.08632072,0.09441508,0.09193300,0.08557720,0.07417251,0.07063065,0.06603870,0.07513006,0.08197363,0.10544112,0.10945479,0.14174903,0.17672474,0.21624273,0.23624605,0.27151281,0.31291991,0.33063882,0.38889994,0.43536907,0.49009378,0.47157608,0.46934796,0.43789302,0.45958457,0.38648590,0.35963558,0.28512464,0.24010235,0.22027338,0.15766677,0.13659598,0.10625607,0.12886434,0.11700027,0.10298279,0.09178184,0.10667103,0.08602851,0.10947170,0.09759499,0.09466295,0.10401491,0.09530948,0.10508614,0.10577251,0.07074707,0.09177870,0.08664798,0.10807563,0.10757884,0.13239863,0.14667785,0.14568369,0.20733961,0.21288556,0.23879768,0.26016520,0.27924842,0.30000033,0.31224827,0.31539187,0.32342839,0.33999199,0.31426627,0.31857672,0.30253526,0.31201609,0.29376645,0.28287729,0.25098786,0.25336710,0.24156185,0.24026868,0.26889600,0.24158112,0.28025107,0.29660060,0.30007478,0.29525447,0.29230390,0.27000808,0.21377714,0.21699984,0.18187464,0.13851070,0.15587073,0.14988554,0.14203609,0.13079808,0.12840042,0.12234872,0.11008298,0.12053770,0.11865863,0.11548308,0.12706427,0.13031008,0.12349232,0.12529674,0.12636208,0.12646091,0.13874029,0.13482548,0.12911433,0.15152967,0.14484245,0.15077845,0.15542284,0.14363198,0.16360979,0.14609151,0.14966729,0.16039795,0.16250061,0.14936283,0.18099179,0.15523612,0.18331830,0.15609522,0.19396662,0.21577849,0.21918700,0.24159207,0.24998550,0.28505755,0.30942672,0.35843404,0.38261290,0.40417252,0.47691821,0.50117948,0.52966349,0.61937495,0.60307341,0.63031471,0.66790098,0.70199213,0.71484089,0.70653248,0.74411690,0.73267847,0.65135170,0.64464204,0.60932237,0.56439726,0.53625525,0.47629415,0.45602997,0.41716395,0.38585876,0.38492134,0.38634974,0.38536305,0.37740996,0.41400442,0.39652675,0.40185111,0.41428160,0.41303999,0.39567468,0.37993149,0.38179477,0.36073457,0.33846358,0.32343136,0.27576318,0.27677322,0.30765503,0.31026093,0.31842998,0.35745275,0.37471514,0.46114476,0.49350286,0.52851892,0.53874000,0.62022337,0.64747441,0.71601901,0.72959666,0.71765586,0.67854984,0.70769565,0.75020088,0.72234706,0.70530926,0.70416401,0.67875440,0.65998184,0.62848761,0.60462623,0.61455193,0.54810551,0.55128002,0.49177522,0.43953215,0.36725284,0.36070769,0.31968719,0.30586045,0.27538438,0.27642364,0.25392308,0.26389313,0.25732568,0.25985850,0.26859703,0.26256110,0.27814484,0.26871947,0.27114656,0.27210894,0.27809173,0.29212001,0.28276512,0.27079225,0.27122566,0.26941397,0.28444077,0.27491951,0.28668024,0.28495568
-0.00838954,0.01950997,0.02813816,0.03351377,0.04685811,0.05555040,0.05795413,0.04823517,0.05795765,0.03384667,0.03674127,0.01717838,0.00036403,-0.00193807,-0.01385811,-0.01693133,-0.00773922,-0.02285444,-0.01815481,-0.01779869,-0.01063295,-0.01758435,-0.00108004,0.00582038,0.01953769,0.02473464,0.07010344,0.07058303,0.08112970,0.08035851,0.06606232,0.03838009,0.03368247,0.04499613,0.00520365,0.02207351,0.02168125,0.03318613,0.04497976,0.09373334,0.07911363,0.10276447,0.08639981,0.08962479,0.08758370,0.06054485,0.05571283,0.03627730,0.01598310,0.01810930,0.01616899,0.00933021,-0.00827230,-0.00661213,-0.00185554,0.00583128,0.00440305,-0.01394734,0.00855373,-0.00283354,-0.02016115,-0.00847488,0.01245094,-0.00657928,0.00093213,0.00205027,-0.00516402,-0.00078429,-0.00782688,-0.00488384,-0.00899897,0.00846402,0.01986370,0.01234051,0.02281153,0.04845106,0.06893026,0.05348295,0.07626514,0.08773158,0.05946388,0.06103068,0.05045407,0.04088751,0.05422244,0.06755663,0.06104301,0.06456600,0.06793629,0.07447841,0.09824759,0.09554769,0.12061529,0.14290844,0.20095499,0.20360413,0.22347233,0.29009032,0.30450937,0.35312429,0.39705069,0.39801610,0.38324047,0.36987296,0.34988880,0.29804840,0.23420806,0.18633300,0.14031108,0.11144388,0.09574875,0.06512653,0.06121352,0.06940406,0.06630474,0.05807788,0.05575123,0.04453060,0.04880778,0.03765861,0.04847529,0.04882159,0.05002568,0.04414918,0.03954144,0.08335332,0.07865782,0.10132374,0.13296626,0.15878979,0.19013366,0.21664350,0.26358252,0.28465728,0.31401164,0.32737484,0.35489564,0.35070751,0.36884766,0.32581499,0.34011710,0.31556490,0.30322206,0.29269044,0.25706709,0.23062933,0.19559746,0.18225551,0.13526533,0.14564980,0.09256416,0.10141809,0.08951418,0.07537674,0.07963397,0.08585102,0.06488674,0.06180055,0.05093130,0.05586693,0.04985668,0.03258920,0.03595280,0.02365278,0.03194947,0.02863851,0.04658602,0.04334749,0.03773018,0.03401105,0.03463050,0.04818958,0.03780817,0.02962072,0.03290711,0.03957086,0.03871359,0.04107050,0.03869779,0.03341485,0.04607542,0.04472433,0.06080045,0.05411126,0.04159221,0.04572574,0.06719394,0.07859274,0.05953202,0.05891839,0.05972151,0.07423494,0.06360933,0.07890131,0.08686795,0.10268968,0.09448916,0.10117687,0.11867472,0.15038471,0.17446799,0.19912027,0.24930694,0.28632100,0.33003901,0.38160074,0.42577662,0.44761291,0.47313999,0.50877325,0.54214730,0.51001039,0.50332313,0.49548078,0.45495278,0.42373530,0.40364125,0.37719200,0.34433280,0.30755073,0.27106309,0.25333692,0.22010953,0.20141068,0.18101077,0.19304931,0.17610043,0.18389566,0.22200011,0.24385949,0.27056138,0.30760393,0.33802458,0.36489414,0.37956060,0.41343697,0.41137827,0.42525232,0.34675512,0.32656694,0.32264828,0.25773995,0.23832331,0.16816827,0.17275409,0.14967432,0.12260898,0.12364458,0.10774570,0.12138249,0.14619221,0.15605564,0.18616727,0.21574649,0.26150603,0.29699746,0.32790301,0.35774163,0.38990785,0.41232847,0.42409232,0.41734660,0.40020059,0.36055408,0.36620716,0.32161487,0.30101162,0.24624655,0.24528331,0.23021343,0.20552287,0.18145110,0.15508682,0.15005754,0.11952356,0.11344282,0.09262267,0.07498466,0.06986218,0.08639134,0.07719309,0.04548721,0.06440775,0.05797585,0.06410624,0.06134363,0.06054773,0.06207142,0.04568454,0.05563248,0.07108258,0.07285338,0.05888813,0.06574811,0.07768268,0.06731488,0.06020006,0.07332155,0.06785732,0.05933661,0.07842901
-0.01995958,-0.01723426,-0.03907468,-0.02724657,-0.03166535,-0.02963441,-0.03541771,-0.04056135,-0.02029868,-0.02176469,-0.03056357,-0.02534914,-0.04375611,-0.05214210,-0.03652525,-0.03481313,-0.03646529,-0.04849870,-0.03768490,-0.03925990,-0.04649420,-0.03975234,-0.04549216,-0.04150756,-0.02801489,-0.04359904,-0.03217789,-0.04059017,-0.01959527,-0.01705364,-0.00672513,-0.01671068,0.00039250,-0.02445423,-0.01379966,0.01426360,0.00997823,0.05724948,0.06133573,0.10021075,0.13937146,0.14801817,0.16572363,0.16545385,0.17810117,0.14832550,0.13879648,0.09722059,0.07541589,0.05669105,0.02667776,0.00684450,0.01586350,-0.01274697,-0.00522770,-0.01514309,-0.02107098,-0.02260604,-0.00499780,-0.02004254,0.00344170,-0.03021442,-0.01742435,-0.02156634,-0.01417134,-0.01920058,-0.01838026,-0.00644448,-0.00877834,-0.01001925,-0.01387108,-0.00192691,-0.00123214,0.02539641,0.02582928,0.05533812,0.09647877,0.11438159,0.12125291,0.17895246,0.17287483,0.15190976,0.14089121,0.15410999,0.15422304,0.13395833,0.18049397,0.22843499,0.22035720,0.26396931,0.30219538,0.31883829,0.35659843,0.38192977,0.37832366,0.37354895,0.40198379,0.39132423,0.38956165,0.37218322,0.34306850,0.32591786,0.28369628,0.26714853,0.22763652,0.18916452,0.12976277,0.13046718,0.09882702,0.07967554,0.05105515,0.06905934,0.05261346,0.06389423,0.07528170,0.08670210,0.08616112,0.07922536,0.09133839,0.06653401,0.05923865,0.06077211,0.06818029,0.04351728,0.03183463,0.03539060,0.03291972,0.02497405,0.02602015,0.04109326,0.03383588,0.04853581,0.07195082,0.07465028,0.11136172,0.11534950,0.13219967,0.13608438,0.18166415,0.23100972,0.23929971,0.27837456,0.30070239,0.34331409,0.31610937,0.39451115,0.33922324,0.33256407,0.30407308,0.30585761,0.27742949,0.24716242,0.22470267,0.22967856,0.22182423,0.20350466,0.21245023,0.21014595,0.17791400,0.18888299,0.14888327,0.13969217,0.12160501,0.10201668,0.06301696,0.05522683,0.06785644,0.05442607,0.04253356,0.04173305,0.04216685,0.04199833,0.03703686,0.04925676,0.05669992,0.05097575,0.07694654,0.09026517,0.08855661,0.10575139,0.11480643,0.12879836,0.15236317,0.18592528,0.18278574,0.22936853,0.24843051,0.25669567,0.27382275,0.26827939,0.25803206,0.25970475,0.24851644,0.21945110,0.21025197,0.21141001,0.18122816,0.18018097,0.15768551,0.14694281,0.12856729,0.13071226,0.12290955,0.13993514,0.12273338,0.11450265,0.14431791,0.16074988,0.20001464,0.21609080,0.25276845,0.28037953,0.29507425,0.30561687,0.39753367,0.39895291,0.45270673,0.46020067,0.49295758,0.52013267,0.51290344,0.49893943,0.49165369,0.44315283,0.40852864,0.38054821,0.34250465,0.31594969,0.25598101,0.23608784,0.20183225,0.20334650,0.19871151,0.17448570,0.18611633,0.17130155,0.15876385,0.16559344,0.14873711,0.17765935,0.14325889,0.13217454,0.12780894,0.14116805,0.14520490,0.13315105,0.11185669,0.14488144,0.16278875,0.18737203,0.22674212,0.23646323,0.27826732,0.31613358,0.38034970,0.40774400,0.45444074,0.51442714,0.51140531,0.54920521,0.58167451,0.56892648,0.54768252,0.57864173,0.58597688,0.60764785,0.56507540,0.58895109,0.56474073,0.57676622,0.54370926,0.53262099,0.49873588,0.46039573,0.40640935,0.32257568,0.28193967,0.21787855,0.21903702,0.17134112,0.16059562,0.14778476,0.12234416,0.12961130,0.13968123,0.12775345,0.13287631,0.12044278,0.14069941,0.15270683,0.14480321,0.15191372,0.15193890,0.17656346,0.18112215,0.16983970,0.15952122,0.15822405,0.17555732,0.18893801,0.19535859
0.06282590,0.08151751,0.08343840,0.10178085,0.11119504,0.09572294,0.10633484,0.12224924,0.11194721,0.08721705,0.07783491,0.06856134,0.06407692,0.04114812,0.04903867,0.04621274,0.04892468,0.03374120,0.02878828,0.04368562,0.04186565,0.04414748,0.04467922,0.05145176,0.06376067,0.07908996,0.11428437,0.11865125,0.14686888,0.14058524,0.12406152,0.09949484,0.07886987,0.07854116,0.07364659,0.06836956,0.07053077,0.08246404,0.09144368,0.09086047,0.11217097,0.11874505,0.12207126,0.11528429,0.09245947,0.09853146,0.09492033,0.09567281,0.08194127,0.05759824,0.07863820,0.06127413,0.05191082,0.04574894,0.04644704,0.06154968,0.05244496,0.03857742,0.04627413,0.03998481,0.04560521,0.03923624,0.03826537,0.04383731,0.05802087,0.05303462,0.06483709,0.04248151,0.04852109,0.04463551,0.04950342,0.04078232,0.06706199,0.07857878,0.09111585,0.08262547,0.12069638,0.12002551,0.12093427,0.14719331,0.15283005,0.16765844,0.16080184,0.20574184,0.25225780,0.26239175,0.29657087,0.36174118,0.40322144,0.39003764,0.46353406,0.45717281,0.48275353,0.47190057,0.45912037,0.45946032,0.47796905,0.44635356,0.46429952,0.48084395,0.46492048,0.48645690,0.45568440,0.45698471,0.40270663,0.37473178,0.32091511,0.28374903,0.23026548,0.18246648,0.18633922,0.16444432,0.16188072,0.15303758,0.15572436,0.15551940,0.18806227,0.16328475,0.16702783,0.15156414,0.12591471,0.13770193,0.10227350,0.11554508,0.08304462,0.12328434,0.12037119,0.15338022,0.17354315,0.17237017,0.21602050,0.22813384,0.27341323,0.30994999,0.34157674,0.40066353,0.38256543,0.39129926,0.43712415,0.38550162,0.37738912,0.35184809,0.33304726,0.34761929,0.29939155,0.25911053,0.23074254,0.21865930,0.19278077,0.15902416,0.15528882,0.13540471,0.14183918,0.09366349,0.09681487,0.08345341,0.11307339,0.09809714,0.10090456,0.09364864,0.09158648,0.07553167,0.07967541,0.09324296,0.08655731,0.09278226,0.09296010,0.08261766,0.09330527,0.08131571,0.06769662,0.08478796,0.07635393,0.09267508,0.09247618,0.11081218,0.13852092,0.14067040,0.16770894,0.17672263,0.17280646,0.23408265,0.24635727,0.28652341,0.29407186,0.31302006,0.34148056,0.34692935,0.35196713,0.35801013,0.36687299,0.34203843,0.31954972,0.32558823,0.27821684,0.26950484,0.25190485,0.23657357,0.23412994,0.24978246,0.27200255,0.28779816,0.29559876,0.35859844,0.38986290,0.43142139,0.43787884,0.49453779,0.54032373,0.55853761,0.57078405,0.58371991,0.61441229,0.61280340,0.63462720,0.58904107,0.55369753,0.53608669,0.49456526,0.49257163,0.45100225,0.43022155,0.39516351,0.35288305,0.34797493,0.33275334,0.31295007,0.32770692,0.33709288,0.35266496,0.34385649,0.38937600,0.40862084,0.46131061,0.45749132,0.47320003,0.46463471,0.50080118,0.43638811,0.42000357,0.37471082,0.33704410,0.31932314,0.29373160,0.24767649,0.23773364,0.22062552,0.24327718,0.22774144,0.23512128,0.22034369,0.28056304,0.28850660,0.30067943,0.35356763,0.35906585,0.41707883,0.45512650,0.46360752,0.46277744,0.46755945,0.47805078,0.45642530,0.41900324,0.39988401,0.35326622,0.33362432,0.28179467,0.24715654,0.23839763,0.22090775,0.20773760,0.22358996,0.18152993,0.16146485,0.15936928,0.13859588,0.12157994,0.15481526,0.11929425,0.13166476,0.10849392,0.13163613,0.12493013,0.12590647,0.13942906,0.13090091,0.13723281,0.14913190,0.16520724,0.17452132,0.16456610,0.17531949,0.17948290,0.19677080,0.18588997,0.18412940,0.19938672,0.18753707,0.20450415,0.19343596
0.11343154,0.11493959,0.12716410,0.10238194,0.11961557,0.12171596,0.12077874,0.11249367,0.11603844,0.12055333,0.11063095,0.11755995,0.10357074,0.10879458,0.09958419,0.10654408,0.09733065,0.09703511,0.10785103,0.09856792,0.10736365,0.10510513,0.09726920,0.10066408,0.09856750,0.11931992,0.12080925,0.12052966,0.12270348,0.11661745,0.13158870,0.12700523,0.12087968,0.11481893,0.11239680,0.11619350,0.14593136,0.13625988,0.16371647,0.19832054,0.20112588,0.19550675,0.23260983,0.23638619,0.20927906,0.19716576,0.18804320,0.18158442,0.16017497,0.14219736,0.11258988,0.11554439,0.09924301,0.09852402,0.10577968,0.09464742,0.09694043,0.09486908,0.10485674,0.11334644,0.08613644,0.09662369,0.09255407,0.10997983,0.10580830,0.10958054,0.11267999,0.10676524,0.10001999,0.09921294,0.12400433,0.11435268,0.10894288,0.13500059,0.12620307,0.15266067,0.17709337,0.18948920,0.21260786,0.21906119,0.22336101,0.21695335,0.23787794,0.23655619,0.25093288,0.26229503,0.32882641,0.34456342,0.37536510,0.42957383,0.49312857,0.52633714,0.52300599,0.52461844,0.53982394,0.52333154,0.52264521,0.46748756,0.42940030,0.41121006,0.36215455,0.34932682,0.30660110,0.28425057,0.26646213,0.23047095,0.24089900,0.20765064,0.18266135,0.18111099,0.18490057,0.22291220,0.22363027,0.23370831,0.26392946,0.28578079,0.30851530,0.28975212,0.31517408,0.27941404,0.23337530,0.22359637,0.20988552,0.20525230,0.15436830,0.15019781,0.12690788,0.12085846,0.13716810,0.12966118,0.13655790,0.15491894,0.18054819,0.18257356,0.21062863,0.21092266,0.19653009,0.24439967,0.24588996,0.26642916,0.28232008,0.28276501,0.31399502,0.30355726,0.31243463,0.31465221,0.29905635,0.28386399,0.24573876,0.26518230,0.23606395,0.20828023,0.19156465,0.18395269,0.17595014,0.15758838,0.15272159,0.17019391,0.15706651,0.15972924,0.14258716,0.10584605,0.12011003,0.11993523,0.11011736,0.09112570,0.11018915,0.09721291,0.11260374,0.13079058,0.11544806,0.10562553,0.10066745,0.10103181,0.11092589,0.11795600,0.10744241,0.12593280,0.13483412,0.12606891,0.13125452,0.15102249,0.15906573,0.18629490,0.18946118,0.19289758,0.18367518,0.18061012,0.19136451,0.19546449,0.20193132,0.20470616,0.20304720,0.20028734,0.17980826,0.17607395,0.18306700,0.15653157,0.13946467,0.15637955,0.17246529,0.16607307,0.16491000,0.18046647,0.20146293,0.20438678,0.22168942,0.24889749,0.25649077,0.29892691,0.32087487,0.36737067,0.40739389,0.43163949,0.46347578,0.53548109,0.56948567,0.55935667,0.58841676,0.60077315,0.61438935,0.60685461,0.55086003,0.56419457,0.51733129,0.48226908,0.43665080,0.41245259,0.38595626,0.33624105,0.32722597,0.28966411,0.27461080,0.24690789,0.22786958,0.24263410,0.24159580,0.23763190,0.21242315,0.22316668,0.22129611,0.20559720,0.19281247,0.18979129,0.18969310,0.21038929,0.18131003,0.21441908,0.25020554,0.26488317,0.26610747,0.35581467,0.39068578,0.40573184,0.42984719,0.47466325,0.49201441,0.51684561,0.48743390,0.52540159,0.51038210,0.49086286,0.47155819,0.47977478,0.43790658,0.39083663,0.38801430,0.38460179,0.34476508,0.36279668,0.34712280,0.30655589,0.27135996,0.26678027,0.24080442,0.21803454,0.19435611,0.16254559,0.16967387,0.14375517,0.12259589,0.12062803,0.15617528,0.14842814,0.12500115,0.13696911,0.12505785,0.12998107,0.14275002,0.12473126,0.12667392,0.13403718,0.15035191,0.11071230,0.12178258,0.13063411,0.13620227,0.14717104,0.14727543,0.15489275,0.16030320
-0.00799813,-0.00433996,-0.00819431,0.00884951,0.00462661,0.00279644,0.02579596,0.01767437,-0.00995428,-0.02058695,-0.02702779,-0.01930711,-0.02682136,-0.03697820,-0.02621859,-0.03744334,-0.03784820,-0.03173932,-0.03364330,-0.02069667,-0.02279696,-0.01604974,-0.01097572,-0.00878835,0.01328118,0.01310630,0.02565287,0.03953507,0.03921494,0.04104618,0.02205030,0.01574792,0.00216509,-0.01207004,0.00373880,0.01729580,0.03812905,0.03593176,0.05434271,0.05443009,0.05666066,0.07989551,0.06465415,0.06030378,0.03890513,0.03731825,0.01432305,0.02196869,0.01791081,0.01887791,0.01255381,-0.00113457,-0.01004754,-0.00233188,0.00037730,-0.01163840,0.00298603,0.00750006,0.00961215,-0.01323232,-0.00148680,-0.00085229,-0.00180445,0.00120283,0.01297765,-0.01072869,-0.00128969,0.02799102,0.00710357,0.02444934,0.01503809,0.01845775,0.02282473,0.04213848,0.05365493,0.07870390,0.09456538,0.08900288,0.09889934,0.08420812,0.08070258,0.08023345,0.08808075,0.10026089,0.13517783,0.14771409,0.17552360,0.18410748,0.23518819,0.22353173,0.28841764,0.30170931,0.34274751,0.34904040,0.39655534,0.42747439,0.46287208,0.46882330,0.49281227,0.48382520,0.42660724,0.41610029,0.38174244,0.35211458,0.28590824,0.22497329,0.18366721,0.12669951,0.13859991,0.09278843,0.09441587,0.07573086,0.08891793,0.08287079,0.06265695,0.08745019,0.07480579,0.08739898,0.07170234,0.06883816,0.07839102,0.05347379,0.07196931,0.09388796,0.07133370,0.08648723,0.10798724,0.12124797,0.13656352,0.16479357,0.18017414,0.19878431,0.22966761,0.24718324,0.26511077,0.29485271,0.26607088,0.30908461,0.30360136,0.29337739,0.28655418,0.26858807,0.25579076,0.24631278,0.22914574,0.21068976,0.22285460,0.18968873,0.19237875,0.17403559,0.17861748,0.21198961,0.23297959,0.23945970,0.24199853,0.24921858,0.21734446,0.21936204,0.17883757,0.16786872,0.13819218,0.09192039,0.09788235,0.09924390,0.09572475,0.08418858,0.08236951,0.08462276,0.08712349,0.08886285,0.08003750,0.07785001,0.08976367,0.09169379,0.10820680,0.12091964,0.11179400,0.13301382,0.12356247,0.14305513,0.17463819,0.18841767,0.17518975,0.20082853,0.21577066,0.20538330,0.21453402,0.19571488,0.21216731,0.21102188,0.21307895,0.18712621,0.19172424,0.19243558,0.16301373,0.19493723,0.16730889,0.20023368,0.21615686,0.23257143,0.25201906,0.27760782,0.31885292,0.30551960,0.37394425,0.43790283,0.44310819,0.48181695,0.52511015,0.53087091,0.60226638,0.60035095,0.63445132,0.62715032,0.63898040,0.60744274,0.61101352,0.56255215,0.54079755,0.50699468,0.47221214,0.46341725,0.41384566,0.36056118,0.36387543,0.30491973,0.31623268,0.31838073,0.31873110,0.33431930,0.33941723,0.35674777,0.37493492,0.38325057,0.37646061,0.38568877,0.36496973,0.34097703,0.32642052,0.29990595,0.24796992,0.26170557,0.23123620,0.24314050,0.25946995,0.20591270,0.23621182,0.27586218,0.29644705,0.32576529,0.38520155,0.45900205,0.46255337,0.52553919,0.53341219,0.58239778,0.57859234,0.60540727,0.60543870,0.60250161,0.59010254,0.60645580,0.54544269,0.54169811,0.52591371,0.53546974,0.52025181,0.48659888,0.43646262,0.43106565,0.36737163,0.32887320,0.30154719,0.22270772,0.24401381,0.21267800,0.19711753,0.19041240,0.19100254,0.17821233,0.19884122,0.19192289,0.17878010,0.18850916,0.18035048,0.17985301,0.18257051,0.19312163,0.22021350,0.18954135,0.21680958,0.21008079,0.20148624,0.22862026,0.21395132,0.20822511,0.23908970,0.21841838,0.22024271,0.20087634,0.20870708
0.04056680,0.04168212,0.05264735,0.04538741,0.08460262,0.06329900,0.05649486,0.06247557,0.07659651,0.04608326,0.03323538,0.04485478,0.03738694,0.03199099,0.01422318,0.00859692,0.01556850,0.00283682,0.00798974,0.01696684,0.01467300,0.01366177,0.01888492,0.02591335,0.04455064,0.05963482,0.07730796,0.09280839,0.10984768,0.07679985,0.06068194,0.08110421,0.06241678,0.05702246,0.05498848,0.06615434,0.08297802,0.09980720,0.11959034,0.12478450,0.17486470,0.17857095,0.16730815,0.17292089,0.18309413,0.15384156,0.11220432,0.10449655,0.04953943,0.05443140,0.06140470,0.04302174,0.02219043,0.02105299,0.02092179,0.01886496,0.01924479,0.00926440,0.00511128,0.02824199,0.02134867,0.01306574,0.01223262,0.02144607,0.01737558,0.01419546,0.02576053,0.02363967,0.01022182,0.03215884,0.01134729,0.03637693,0.04457305,0.05843055,0.08751493,0.12297653,0.13935632,0.17584818,0.18213624,0.18553320,0.13699405,0.14113981,0.11232560,0.11404064,0.10660869,0.10676413,0.13724176,0.11333126,0.13741796,0.16593766,0.17604254,0.18782824,0.20266378,0.20908192,0.24321635,0.26741108,0.30519761,0.32627661,0.36819544,0.41231298,0.41712361,0.39193396,0.42002168,0.39098152,0.37527605,0.32078088,0.25807763,0.20596843,0.15292686,0.13369655,0.10508088,0.07929497,0.05646499,0.06538437,0.04526460,0.07233096,0.05319274,0.04597747,0.06708610,0.03274606,0.04946323,0.04798404,0.05439414,0.05695541,0.05260254,0.08909843,0.07683061,0.09146743,0.12018144,0.16303445,0.18775980,0.23189839,0.24076879,0.29675793,0.35312040,0.35887495,0.38822516,0.40256173,0.44265533,0.44314825,0.44084819,0.43735583,0.42900527,0.44298688,0.40133498,0.37084503,0.35785619,0.31375405,0.28081725,0.25635563,0.20426900,0.17106740,0.16840073,0.14812257,0.13606645,0.13423618,0.13679351,0.12627828,0.09793951,0.09884695,0.07723249,0.07927602,0.07627596,0.05336744,0.05396005,0.04062102,0.04108389,0.05660164,0.04454793,0.04701077,0.05238382,0.04314432,0.05639801,0.05656031,0.06043307,0.05600136,0.08177054,0.08238224,0.09593132,0.07688516,0.09858635,0.11871246,0.12781600,0.15676615,0.17347761,0.16204584,0.18606338,0.17597267,0.18334068,0.17487781,0.17606701,0.14718966,0.14548856,0.15844592,0.14702956,0.16045018,0.15128755,0.15140143,0.14842888,0.16061444,0.20029665,0.21400965,0.24374389,0.30070583,0.31346761,0.36087276,0.42345103,0.45327586,0.47692768,0.51142982,0.49197947,0.52261119,0.51264896,0.51644021,0.50244380,0.45629619,0.45558014,0.44404161,0.36788572,0.35850449,0.29839463,0.26709888,0.24374478,0.21921035,0.20631306,0.20279172,0.21569230,0.19336020,0.20462430,0.23666323,0.26699175,0.29984739,0.32278533,0.36628919,0.38102393,0.40939494,0.38668308,0.40944495,0.38018367,0.34845197,0.29805157,0.27812248,0.24218568,0.18751619,0.16962465,0.14367592,0.15068627,0.13596991,0.13931552,0.15381107,0.15261766,0.18341740,0.19302629,0.23608696,0.29081518,0.35845063,0.43029499,0.44369408,0.51106341,0.51854003,0.56745199,0.59178272,0.54615855,0.55344971,0.52704618,0.50933417,0.47546870,0.42860198,0.42141630,0.40484354,0.40049841,0.33018447,0.32415769,0.26045788,0.22581330,0.16788359,0.14969626,0.12433736,0.10313220,0.09550361,0.10128260,0.08521974,0.07884681,0.08846945,0.09157750,0.08550416,0.08013104,0.08483928,0.08047995,0.10034607,0.09072898,0.09723092,0.11169774,0.10565476,0.12036346,0.10284053,0.11026479,0.10565060,0.09819909,0.09349497,0.12078499
0.03970939,0.04859407,0.04094224,0.06132688,0.07588699,0.07210675,0.07526430,0.07195622,0.08847428,0.07637722,0.08397228,0.05677084,0.05556821,0.05905069,0.03177047,0.02270997,0.03030783,0.03280963,0.01942698,0.02439738,0.03961901,0.03481090,0.02946853,0.05907473,0.04514215,0.05345831,0.08140806,0.10343555,0.08884137,0.08729332,0.11019122,0.09971493,0.08464200,0.09629590,0.05399813,0.06943945,0.08102212,0.07714599,0.10130656,0.08369831,0.10048707,0.11972381,0.13094395,0.12633384,0.12559008,0.12346912,0.11574358,0.09443083,0.09051573,0.06988715,0.07667462,0.07429981,0.07359122,0.07685638,0.06143269,0.04926259,0.05094115,0.05590424,0.05232580,0.04885923,0.05549388,0.06914744,0.06413124,0.05796238,0.06357806,0.06057039,0.07041563,0.06090150,0.03912705,0.05361016,0.07052825,0.06462504,0.08545969,0.08654750,0.07466757,0.10037714,0.11704249,0.12876856,0.16392294,0.14227444,0.16487716,0.17022777,0.18431806,0.17524577,0.18510592,0.19611434,0.22559373,0.24536184,0.28051996,0.29739059,0.36695485,0.37073244,0.38892346,0.40233805,0.42056487,0.42402560,0.44240574,0.45171120,0.45665644,0.42970363,0.42482042,0.45656653,0.46803449,0.41162098,0.40606543,0.37544854,0.36138187,0.30960451,0.24482356,0.23924714,0.19400066,0.19999490,0.18634685,0.17204414,0.19185048,0.20737815,0.19850497,0.20975477,0.21453647,0.18360677,0.17359104,0.17869711,0.15204997,0.15265009,0.14870791,0.13433656,0.15386106,0.15405155,0.15779229,0.14709331,0.15728163,0.19383192,0.24000133,0.24954996,0.29147660,0.28816508,0.31007099,0.35730865,0.35221794,0.35787213,0.38361620,0.35840094,0.34494259,0.34163547,0.33188954,0.34315497,0.33120867,0.28555686,0.26610065,0.25214564,0.21642597,0.23014392,0.22281561,0.21649501,0.19914898,0.18995691,0.19390530,0.19367791,0.18203957,0.18108985,0.17537752,0.18543841,0.15616635,0.12702506,0.13422514,0.14074936,0.14447659,0.13807568,0.13373389,0.12389995,0.12619861,0.15734259,0.14180823,0.14168880,0.13943481,0.16208710,0.14587996,0.16757764,0.15083511,0.17661242,0.16730801,0.20294506,0.20111345,0.21482909,0.23411955,0.24266174,0.26902752,0.28436029,0.27849357,0.28697857,0.27825823,0.26897809,0.29066769,0.26705840,0.27761330,0.25003897,0.25659479,0.23907704,0.25445506,0.27021702,0.24031183,0.26614283,0.26466960,0.29515051,0.30409511,0.36438021,0.37696855,0.42652572,0.46633851,0.49759377,0.51536904,0.55793426,0.55493837,0.59241097,0.61891946,0.61328122,0.62529076,0.60829877,0.64711425,0.64435338,0.62609361,0.59089879,0.60968971,0.54114384,0.51266245,0.49704170,0.44845918,0.42810344,0.42768648,0.40916954,0.39062948,0.34894124,0.40273955,0.39678738,0.41260285,0.41797931,0.44870938,0.41503514,0.43052243,0.45362298,0.44367812,0.42770349,0.40032539,0.38186639,0.33606143,0.29538072,0.29712096,0.29851674,0.30533560,0.31425634,0.32173446,0.36789762,0.37115027,0.39063943,0.43069268,0.49607574,0.50274053,0.54075404,0.58419476,0.60293889,0.60861817,0.60557480,0.61930953,0.57465319,0.56859677,0.53714976,0.53425994,0.50132232,0.46235595,0.45589695,0.42216610,0.42163362,0.43963009,0.41122414,0.33114367,0.32723137,0.31194330,0.28863650,0.28692541,0.26451472,0.24371302,0.24541625,0.22244818,0.22096620,0.24141057,0.24854687,0.24999996,0.25745075,0.24483918,0.25287294,0.25135208,0.27659932,0.25455976,0.24655218,0.26435449,0.25968329,0.29072679,0.26260353,0.27130947,0.29538437,0.29220057
0.00013697,-0.01325924,-0.01955876,0.00466053,0.02058825,0.01571199,0.02450474,0.00896293,0.01459027,0.00093304,-0.00391157,-0.00553135,-0.00806355,-0.02559274,-0.01407846,-0.02144041,-0.02807463,-0.01274565,-0.00906748,-0.01933873,-0.02367518,0.00527709,-0.00552183,0.00262785,-0.00983686,-0.00769463,0.02915040,0.01497927,0.02071991,0.02767316,0.02783560,0.02965007,0.00501407,-0.00322408,0.00191873,0.01573792,0.03334390,0.05984871,0.07085396,0.11832605,0.11730959,0.13993465,0.13870127,0.11529883,0.10726106,0.12378318,0.08552414,0.06649792,0.03769510,0.02470930,0.01059007,-0.00057186,-0.00806135,-0.00162559,-0.01524959,-0.01521325,-0.02517453,-0.01825900,-0.00103041,-0.02306684,0.00114856,-0.02061208,-0.01802271,-0.02141568,-0.00499638,-0.01644932,-0.01551369,-0.00691685,-0.01432369,-0.01902835,-0.02002373,-0.00985393,0.00406922,0.02440142,0.05409117,0.06619528,0.07579907,0.10863127,0.13602120,0.12854011,0.09720088,0.08550180,0.08995929,0.08359176,0.08961898,0.10110862,0.10723386,0.13782499,0.17092576,0.17863533,0.21028361,0.23425672,0.25643931,0.26631191,0.28228513,0.26614645,0.28775923,0.29569890,0.28716598,0.28877437,0.28234315,0.27180154,0.24452741,0.23739669,0.20862388,0.17396591,0.13893415,0.11690978,0.09245998,0.08031288,0.07998561,0.06474426,0.09654106,0.09713054,0.09663009,0.11886214,0.11815872,0.12138862,0.11044747,0.09913852,0.08730573,0.06770527,0.05625651,0.02443527,0.03346067,0.03445416,0.02667017,0.05817377,0.05060041,0.07335785,0.08515148,0.09591854,0.12684127,0.14374340,0.17170225,0.21772001,0.20199666,0.24978772,0.24860590,0.27550435,0.29019275,0.31679825,0.31254756,0.29601842,0.33002718,0.28651486,0.28183061,0.24721319,0.21922778,0.18086565,0.14813323,0.12315267,0.12756945,0.09513760,0.09214848,0.07946638,0.07663152,0.09735959,0.05377726,0.05547318,0.03065936,0.01579464,0.02606075,0.00348196,0.00530294,0.00676351,0.01376136,0.00103299,0.01538073,-0.00620291,0.00367726,0.01038877,-0.00394610,0.00920042,-0.00708461,0.00521009,0.00279779,-0.00083852,0.02346867,0.01168411,0.00127679,0.01529861,0.02787547,0.04136887,0.03066192,0.03048314,0.03651342,0.02290717,0.04489992,0.03567351,0.01825436,0.03729930,0.04330281,0.02705371,0.02543178,0.03859691,0.04640756,0.04126179,0.04903486,0.07337732,0.09062512,0.10289224,0.13008622,0.13727712,0.16191061,0.19843458,0.20320598,0.25960528,0.27196441,0.30977236,0.33774086,0.35346432,0.40668553,0.38355390,0.41818019,0.43074765,0.45065338,0.43469186,0.44851111,0.43729072,0.39634817,0.40624794,0.39223202,0.34251402,0.33557744,0.26345341,0.25318574,0.22553570,0.22187419,0.20651540,0.19789293,0.19811164,0.20373833,0.21590757,0.22348581,0.24521879,0.24538608,0.23143955,0.18029122,0.22072540,0.17098349,0.15248398,0.12979129,0.12680042,0.09989935,0.10289263,0.12602942,0.14125336,0.15481097,0.18986500,0.20800412,0.22774727,0.27786237,0.31877349,0.33758288,0.37129097,0.39261851,0.40640779,0.41875203,0.49014663,0.48290727,0.43901121,0.46216941,0.45140418,0.41662399,0.39042710,0.38040795,0.38947995,0.33121665,0.32475400,0.28412357,0.24689959,0.22750226,0.18690878,0.15055282,0.13716988,0.07238632,0.07663448,0.07539488,0.01416596,0.03959934,0.03877734,0.03723007,0.04737555,0.03183716,0.03298647,0.02523537,0.03667866,0.04217903,0.03362055,0.05702805,0.03316481,0.05117305,0.04785912,0.02979671,0.03057935,0.04003332,0.02193093,0.03781198,0.02387015,0.03727538
0.12035648,0.10180313,0.13024755,0.11592668,0.11259023,0.10883056,0.10952373,0.11607125,0.11635121,0.10624509,0.11629721,0.11091318,0.13114737,0.11592188,0.12603047,0.11735181,0.10481056,0.10927367,0.08457353,0.10563761,0.11152830,0.12128066,0.10917732,0.13652377,0.09950627,0.11028742,0.13313718,0.14839106,0.13334861,0.16427544,0.14412628,0.13973531,0.14356221,0.14077115,0.15603247,0.14034051,0.17992934,0.18086890,0.22387765,0.23792213,0.26883688,0.28016101,0.30857735,0.31411716,0.31429549,0.30141498,0.27691233,0.25398990,0.24198841,0.19755427,0.16650006,0.17184442,0.15769013,0.14400453,0.15416672,0.16805256,0.14409630,0.15214742,0.13813249,0.14528563,0.16217469,0.12759471,0.15884533,0.16853382,0.15994240,0.16274392,0.14027286,0.15454534,0.16100599,0.16762345,0.14315930,0.16389266,0.16123708,0.16775486,0.19058489,0.21030264,0.23192897,0.28558144,0.30726279,0.31558676,0.34139490,0.33333618,0.34849943,0.34756578,0.36123646,0.38712370,0.46659488,0.48222398,0.54449668,0.59039805,0.66865472,0.69677055,0.70742270,0.73553658,0.74475312,0.76007331,0.75074520,0.68747567,0.68441799,0.61361042,0.58399544,0.54045122,0.47815812,0.40561829,0.36721612,0.34891320,0.32861590,0.29442311,0.28526753,0.26688633,0.27014609,0.29244164,0.32104049,0.36625313,0.38501781,0.40411646,0.44199101,0.45410770,0.45464437,0.44418695,0.40759987,0.37665386,0.35584166,0.30619770,0.31064755,0.27351085,0.24512841,0.24677410,0.23314041,0.23348969,0.21949028,0.27080507,0.27241785,0.25407926,0.25835964,0.30086131,0.30739582,0.33633571,0.34948662,0.39128836,0.42429536,0.45782846,0.46572148,0.47047959,0.47824058,0.50367702,0.51701153,0.52611727,0.46660672,0.48783484,0.43177655,0.42962600,0.39930467,0.38179499,0.37450817,0.34331656,0.34338754,0.34479535,0.32976094,0.33399100,0.29900605,0.29459734,0.28249281,0.24170423,0.25637463,0.26911778,0.27235749,0.24373223,0.24658028,0.24998830,0.22741480,0.24585649,0.22456538,0.25279269,0.25992549,0.26944429,0.27006792,0.24000129,0.28584496,0.30300468,0.29978773,0.31794642,0.31182332,0.30448246,0.34240974,0.36024685,0.39014886,0.40083848,0.37883542,0.36852302,0.40951789,0.41558907,0.38388169,0.39403982,0.37757246,0.39668302,0.37529763,0.35327451,0.33263014,0.32741507,0.33765200,0.34562489,0.30842988,0.34242834,0.34407452,0.33473170,0.34961003,0.38241437,0.41802149,0.45256939,0.48648056,0.53947111,0.54661174,0.60966209,0.69978539,0.71633657,0.77855581,0.83931050,0.90881085,0.92559549,0.99004959,0.95731401,0.98527837,0.95853491,0.90315719,0.87192980,0.84248841,0.77458388,0.72021475,0.67367649,0.58531560,0.54003368,0.47382150,0.47524234,0.46260297,0.41623442,0.42082401,0.39001921,0.40963758,0.36389612,0.38173591,0.37227546,0.35095368,0.37314863,0.39076750,0.37108094,0.41494016,0.43067269,0.45040791,0.50066942,0.55950405,0.58004209,0.61682572,0.70364550,0.76752486,0.76882068,0.83670852,0.86812074,0.87466751,0.90728657,0.90995781,0.88154385,0.85219951,0.86953933,0.81520059,0.78938020,0.78600212,0.73638634,0.74920739,0.72200549,0.72851405,0.71553951,0.66583283,0.63324940,0.60020849,0.59398087,0.51360033,0.47758396,0.42545027,0.40315516,0.35639235,0.35052830,0.36167394,0.37985705,0.39208964,0.37573515,0.35111343,0.36990060,0.38962961,0.37428798,0.37251617,0.38081569,0.39236661,0.38694943,0.37531674,0.39115853,0.40096132,0.40114029,0.38928860,0.42314717,0.40057026
-0.07310069,-0.07405398,-0.08262693,-0.05049139,-0.04316645,-0.03111782,-0.02098609,-0.01959846,-0.02361128,-0.03848135,-0.05451616,-0.06563079,-0.07203445,-0.08683237,-0.09414293,-0.09898831,-0.10242418,-0.11118020,-0.11264354,-0.10403587,-0.11437654,-0.11766075,-0.12041305,-0.09359808,-0.07167838,-0.06834254,-0.03613838,-0.02200672,-0.01373502,-0.01297144,-0.00573725,-0.03954444,-0.05255650,-0.04393401,-0.07160470,-0.06739598,-0.07710418,-0.05050366,-0.04798260,-0.02646684,-0.01388951,-0.01464147,-0.00115705,0.00007237,-0.00884453,-0.02291146,-0.04484683,-0.04532256,-0.06351404,-0.08239577,-0.08414074,-0.09778485,-0.09119518,-0.09734967,-0.11550530,-0.08751058,-0.09327031,-0.11137821,-0.09128270,-0.10423021,-0.11201133,-0.11156710,-0.11883925,-0.10539437,-0.09054575,-0.11893929,-0.11504015,-0.12343416,-0.12029757,-0.10554402,-0.10040171,-0.11706458,-0.10893491,-0.08925080,-0.07833851,-0.05383925,-0.05596538,-0.03828232,-0.01500947,-0.00080047,-0.02190612,-0.01828141,-0.03881093,-0.02051410,-0.03667671,-0.02800875,-0.01667414,-0.01901201,0.00576209,0.03806513,0.05247388,0.07346330,0.10328330,0.09574922,0.10763962,0.15272224,0.19170809,0.21596280,0.26851065,0.29800414,0.32569911,0.34748544,0.40597225,0.35741218,0.33134744,0.29840810,0.24670059,0.15489113,0.13038125,0.06875492,0.03496429,0.01302502,-0.01706915,-0.03012185,-0.02554266,-0.02231219,-0.02099595,-0.03227226,-0.02482336,-0.02620243,-0.04775287,-0.04620497,-0.05215637,-0.06885637,-0.03637006,-0.05655303,-0.03121781,-0.01909394,-0.00820386,0.02649927,0.07032642,0.11926193,0.14334167,0.18883610,0.21082045,0.27084664,0.29725601,0.28992009,0.30965771,0.29025048,0.32034915,0.30417508,0.25807549,0.23059530,0.20812789,0.18104037,0.12297398,0.12417758,0.08933120,0.06322117,0.03223918,0.01809253,-0.00368350,-0.02487030,-0.02385038,-0.03265521,-0.05086620,-0.04872232,-0.04831194,-0.04947727,-0.06574982,-0.06620676,-0.07632780,-0.08790254,-0.08797913,-0.07066538,-0.08892442,-0.07183244,-0.09666791,-0.08334941,-0.07542985,-0.08043616,-0.06877921,-0.08603534,-0.08098808,-0.07818790,-0.07561978,-0.07641310,-0.05879044,-0.04720355,-0.05653340,-0.05139013,-0.04280504,-0.04471928,-0.04274830,-0.01695620,-0.03060901,-0.01986621,-0.03264506,-0.02233609,-0.00648589,-0.00936247,-0.01546680,-0.01223458,0.00093162,-0.00078372,-0.00407848,-0.00428675,0.00553828,0.04670745,0.03573930,0.10331426,0.12511675,0.15480542,0.21531569,0.24793332,0.32621535,0.35970684,0.40676372,0.43625553,0.46946074,0.51037799,0.51529592,0.51905798,0.51617230,0.47347728,0.48675870,0.41449401,0.38143778,0.33210366,0.31230788,0.26100801,0.22983672,0.19431882,0.15077690,0.15876540,0.12074328,0.13813262,0.13776648,0.15846836,0.18344172,0.22547119,0.25953904,0.29399132,0.31600208,0.35303510,0.39127935,0.37213022,0.37798807,0.35291380,0.30106301,0.27543020,0.22874578,0.18063242,0.14656744,0.09387975,0.05554156,0.03759256,0.03945313,0.02772933,0.03897431,0.05510939,0.06749886,0.10925481,0.13957116,0.18108490,0.23254786,0.28171426,0.31339131,0.34637046,0.36946835,0.40963849,0.39918050,0.37424831,0.33219589,0.29710894,0.25830882,0.24717626,0.18700190,0.15994133,0.14084332,0.11122627,0.09804358,0.08271130,0.04980533,0.03289605,0.00248752,-0.01141156,-0.01947000,-0.03123868,-0.04143962,-0.04650334,-0.05259202,-0.05396547,-0.05366092,-0.05134952,-0.03459786,-0.04040254,-0.03424797,-0.03906216,-0.03132770,-0.02219374,-0.03010655,-0.02447224,-0.03061214,-0.03892537,-0.03869821,-0.02326976,-0.01891895,-0.04045274,-0.04161841
0.06293506,0.06651641,0.08302575,0.06902558,0.06144963,0.05634625,0.07278746,0.05581863,0.05007170,0.05953882,0.05660937,0.06510520,0.05024726,0.04480148,0.03575372,0.05519214,0.03481371,0.04837712,0.04650491,0.05527268,0.05067669,0.06099167,0.05884394,0.07140619,0.05595928,0.07904591,0.06887392,0.07352021,0.08143245,0.09032146,0.07333807,0.05656521,0.08039683,0.06940863,0.07349234,0.07386191,0.08736272,0.09140067,0.09584719,0.12074919,0.13097832,0.14538002,0.12769759,0.13860605,0.12614578,0.09603126,0.08827469,0.10223345,0.06372199,0.07152710,0.08550625,0.07394850,0.06616696,0.05363738,0.06537172,0.06806450,0.05716031,0.07795509,0.05819200,0.05543170,0.07727027,0.06074253,0.05073735,0.06297102,0.05231765,0.07120850,0.07314398,0.06964457,0.08756648,0.07168381,0.08413877,0.07274449,0.08285326,0.09541097,0.11060342,0.13579937,0.12764770,0.14315187,0.16535143,0.18445213,0.18470993,0.19934649,0.21160619,0.24012554,0.29147269,0.32892445,0.37221457,0.37197460,0.46104747,0.51076429,0.53350473,0.54796802,0.55803337,0.53580216,0.50533800,0.55628208,0.54366057,0.51411619,0.49845793,0.44661388,0.46207023,0.41850006,0.37945991,0.31009656,0.28011192,0.23349203,0.18716245,0.18223225,0.14539998,0.13050531,0.14031813,0.13458283,0.14197196,0.13371049,0.14105820,0.13741125,0.13634675,0.13058180,0.13262499,0.13078035,0.12199313,0.13633253,0.11435312,0.11830528,0.09917382,0.09322415,0.10936858,0.11509814,0.12577739,0.14320878,0.14050285,0.14939005,0.16660775,0.19008572,0.21021633,0.20084441,0.22280406,0.21750165,0.25142197,0.25248866,0.26762003,0.26112837,0.26697784,0.23629423,0.25383513,0.24934453,0.22006110,0.21142333,0.23614794,0.22389087,0.21725015,0.24814132,0.25292438,0.24690002,0.28963331,0.26636766,0.29129972,0.26091943,0.22717693,0.21306780,0.19817905,0.17854105,0.16655362,0.14609570,0.11872620,0.13481540,0.12918412,0.13323825,0.13568651,0.13529610,0.13439985,0.14588471,0.13675304,0.15961838,0.16567221,0.18176288,0.20936375,0.23339863,0.25724834,0.28627492,0.30415226,0.36950799,0.37612393,0.41185423,0.47213625,0.47229205,0.51221166,0.53044038,0.50607193,0.51211191,0.50134675,0.44520507,0.46339270,0.39957454,0.35474204,0.35451241,0.32765478,0.28878627,0.27135031,0.25841701,0.24225645,0.23652837,0.24934988,0.24982841,0.27815419,0.29023715,0.32297552,0.34238664,0.36501854,0.40941599,0.44613066,0.45523592,0.49836356,0.47998186,0.52015899,0.53245049,0.57996993,0.55273484,0.51551233,0.53663622,0.51638059,0.49898825,0.46482100,0.40589305,0.35984747,0.35981095,0.35368766,0.31563501,0.27359085,0.27665348,0.27363037,0.28795266,0.27636921,0.24965072,0.28100894,0.27449228,0.27021188,0.26394851,0.27212279,0.24884248,0.22946002,0.24335576,0.21144579,0.22677066,0.20824401,0.22073215,0.23614737,0.24212462,0.27360621,0.28866712,0.32423254,0.36596904,0.40029454,0.44685972,0.46806474,0.48909047,0.54077503,0.55387155,0.52762843,0.52067005,0.54627256,0.54904381,0.47850842,0.49280889,0.48346883,0.50942116,0.51336369,0.50401071,0.46668371,0.44861656,0.41721470,0.39896468,0.36528078,0.33734342,0.28446722,0.25948471,0.22411136,0.21136584,0.20786299,0.19415885,0.21744995,0.20704937,0.22650030,0.20496889,0.20717417,0.24339114,0.24569172,0.24100156,0.23554071,0.25578013,0.25959635,0.25829870,0.27524437,0.29389020,0.28781752,0.32046733,0.29379359,0.29334996,0.31353130,0.32349909,0.30879016
-0.02766908,-0.03357777,-0.01574457,-0.02503208,-0.02333931,-0.01142447,-0.03058671,-0.02507559,-0.02368344,-0.02441656,-0.02648361,-0.01916836,-0.03637468,-0.04513245,-0.02937197,-0.02600769,-0.02680636,-0.01794069,-0.02833631,-0.03634324,-0.03833846,-0.03228025,-0.00819393,-0.01825498,-0.01872364,-0.00195768,-0.00794412,-0.00818218,-0.00742878,-0.01548451,-0.00370016,0.00374056,-0.00817725,0.00432962,0.02084192,0.04140501,0.03749044,0.05644165,0.07773363,0.10954412,0.11671152,0.13458540,0.13098148,0.13729107,0.13323227,0.09052749,0.07375536,0.06364300,0.04254691,0.02359773,0.01323947,0.00852515,-0.00290518,0.00639548,0.00752255,-0.00493965,-0.01485669,0.00446962,0.00065991,-0.01149278,-0.01124005,-0.00694853,0.00245855,-0.01623517,-0.00573751,0.00157315,-0.01193939,-0.00119874,-0.00408579,-0.00446800,0.00589610,0.02343592,0.03246631,0.03524632,0.06973973,0.08921589,0.09535601,0.11961175,0.13680830,0.14370486,0.13274116,0.13406712,0.13530261,0.13575309,0.14497469,0.15542162,0.19097840,0.23103987,0.25798551,0.32326075,0.36682332,0.36924549,0.44439152,0.50345861,0.51846010,0.53019785,0.53109274,0.54993109,0.52177795,0.55224521,0.45318004,0.42190118,0.35665578,0.29255870,0.24524910,0.19010347,0.15630964,0.11777976,0.10323935,0.09069963,0.11701630,0.11255055,0.11414380,0.14169188,0.14343727,0.14209587,0.17119972,0.17940481,0.13682999,0.14520376,0.13068116,0.09878394,0.08886699,0.06898849,0.06056173,0.04589305,0.05181306,0.04349625,0.05855395,0.05892598,0.06865449,0.06627041,0.08579615,0.09245223,0.11078057,0.12461279,0.12536422,0.16584991,0.20498256,0.22621313,0.23347686,0.25132632,0.25653277,0.28135390,0.29264374,0.29513547,0.27979503,0.25220407,0.22923244,0.26042596,0.26326023,0.27713538,0.26410164,0.28372558,0.33592053,0.33923832,0.31396196,0.32031103,0.29010511,0.26345445,0.18547179,0.17498664,0.12838195,0.12556205,0.08472763,0.07367001,0.06749152,0.07340559,0.06220922,0.05754501,0.05418972,0.06091967,0.05481797,0.06370671,0.06553352,0.04830602,0.07382813,0.07475402,0.05769926,0.09491346,0.09283984,0.10043668,0.09750619,0.11388780,0.13488820,0.13163160,0.13968813,0.14225596,0.12884900,0.12282587,0.13739253,0.13169397,0.14071967,0.12242732,0.12346801,0.10958276,0.09634900,0.11100529,0.11396797,0.10365522,0.10076258,0.11068381,0.11528910,0.13751841,0.15684452,0.18074666,0.20383834,0.23675815,0.29645840,0.33580558,0.37932105,0.43515378,0.50529020,0.60385981,0.61483095,0.70990729,0.73325630,0.81287626,0.80418324,0.78242748,0.75775432,0.76544033,0.71225217,0.65112845,0.58643686,0.53779938,0.46352908,0.41861420,0.34904313,0.28844575,0.24993364,0.24485002,0.21346894,0.19251534,0.16976541,0.15360496,0.16150989,0.15390367,0.14594724,0.15402467,0.13013364,0.13782115,0.14794167,0.15042578,0.16679016,0.18072936,0.19139259,0.23321414,0.26841685,0.34749844,0.38302805,0.44896467,0.51164126,0.55202412,0.63229542,0.69010031,0.74468252,0.70846132,0.71822259,0.73026752,0.70702047,0.67906114,0.67287933,0.62564020,0.60506142,0.61368071,0.63906535,0.61125039,0.62746520,0.61375779,0.58819126,0.53250676,0.46694940,0.39447810,0.35265023,0.26778229,0.21641826,0.17681474,0.15815825,0.13294791,0.13351209,0.13561311,0.10992065,0.13485858,0.12893121,0.12006206,0.08720016,0.12140588,0.10942978,0.11031876,0.11604682,0.13595075,0.12399881,0.13825882,0.12578366,0.12440393,0.13599170,0.13500224,0.14429347,0.12823509,0.14890010
0.03147668,0.04398942,0.04496121,0.04464033,0.05963762,0.06842416,0.06480487,0.06018024,0.06298956,0.07662143,0.04661409,0.04022181,0.03390988,0.04064458,0.02396125,0.01874135,0.02283749,0.01845032,0.02926497,0.03344019,0.03018315,0.03231242,0.03261286,0.04417205,0.04714028,0.06386756,0.06066460,0.05412792,0.07125924,0.07360025,0.07593726,0.08117631,0.05064315,0.06836006,0.07179251,0.07167995,0.13193483,0.15419926,0.18903506,0.23719135,0.28345074,0.30307994,0.31497952,0.32598489,0.33081630,0.27985928,0.23388588,0.19221423,0.15477912,0.11065377,0.09113900,0.06304722,0.05626227,0.03486846,0.03266362,0.02747222,0.03324590,0.02086431,0.00739698,0.02343969,0.02195569,0.01973286,0.02848882,0.01819506,0.02174885,-0.00011813,0.02569688,0.02221753,0.02181837,0.02500977,0.03039291,0.04664358,0.06203562,0.05842259,0.10770977,0.15508844,0.17944484,0.22573453,0.26605962,0.27299392,0.23680333,0.20317664,0.18275674,0.13410348,0.12883388,0.12883066,0.12897175,0.13345165,0.18244470,0.17657952,0.19382387,0.22130852,0.22055653,0.20286663,0.23079263,0.26482648,0.25115373,0.27025368,0.27064325,0.27502389,0.27420571,0.27984760,0.25840633,0.25980730,0.26253177,0.21443728,0.18955939,0.14611477,0.12900672,0.12642408,0.07054855,0.10023746,0.09467015,0.09680813,0.11811723,0.11027615,0.08878893,0.11320241,0.12478148,0.10650693,0.09187331,0.09123349,0.07298299,0.05804704,0.05620850,0.04540891,0.03971189,0.04925299,0.07380048,0.09287480,0.11271699,0.11096951,0.15106514,0.15597103,0.23000992,0.26059514,0.30626272,0.34724088,0.37086278,0.40641518,0.45087279,0.46613272,0.50493492,0.53925854,0.51978995,0.50287058,0.52216682,0.45231014,0.38714891,0.34573270,0.31457324,0.25914663,0.22418411,0.18637628,0.16987860,0.13580708,0.10725881,0.08737685,0.08958106,0.06383309,0.04440960,0.03387523,0.03202419,0.04380498,0.03088429,0.01157990,0.01991042,0.02502255,0.02286825,0.03210233,0.03578156,0.03272141,0.02435130,0.02651284,0.01929906,0.02985016,0.03516500,0.03324809,0.04274851,0.03031112,0.05088415,0.03862210,0.05895548,0.04509086,0.04521893,0.04147688,0.06030305,0.04745439,0.05324867,0.04972936,0.04363518,0.05637872,0.03929020,0.05525408,0.04607516,0.06130094,0.04356906,0.05098519,0.06580303,0.08678025,0.08127328,0.10856503,0.11165950,0.13410001,0.15913888,0.19341127,0.20558959,0.25369086,0.24090574,0.29879683,0.32979486,0.32254545,0.33824142,0.35619896,0.36649830,0.38485165,0.37159786,0.38699946,0.37174622,0.36969479,0.36888845,0.34541506,0.29528315,0.27748605,0.25247583,0.24239422,0.20295537,0.21657381,0.21774421,0.20081531,0.17886638,0.20889973,0.20050394,0.20752879,0.22238703,0.21521900,0.21447960,0.21364175,0.21315046,0.18620281,0.18512565,0.18058585,0.16497245,0.13968989,0.13209731,0.12004067,0.11641122,0.11657461,0.13550634,0.14755137,0.15570898,0.17523807,0.20324312,0.24543142,0.28909561,0.33534742,0.38237076,0.43344082,0.48702035,0.56199387,0.58059326,0.62349051,0.63547855,0.59944693,0.60587650,0.60149299,0.58204927,0.56281305,0.49809945,0.51882726,0.48960273,0.43570364,0.37847644,0.33258094,0.27805852,0.24893465,0.16170038,0.13714638,0.09950056,0.08696634,0.06349180,0.06082441,0.04438787,0.04420463,0.04614074,0.05244041,0.02591693,0.03219954,0.03469812,0.04646831,0.03869938,0.04805709,0.05156193,0.02243218,0.06484258,0.03582686,0.04790431,0.04992655,0.05025577,0.04592502,0.05561823
0.05827277,0.07647570,0.06870649,0.11592227,0.09789759,0.11440087,0.10851257,0.13181132,0.11745697,0.12305282,0.09109389,0.07750515,0.07739197,0.07779404,0.04817932,0.05579623,0.04014299,0.04544348,0.05549175,0.03185260,0.06741048,0.06381633,0.07204624,0.08010195,0.08756848,0.11588911,0.13040717,0.13408910,0.16472623,0.14216436,0.15198346,0.14532302,0.12683827,0.12079096,0.10554075,0.11350441,0.13644529,0.13289118,0.18045270,0.20679645,0.23133864,0.24479136,0.26926808,0.25836728,0.25832383,0.23565842,0.21626293,0.19489048,0.16956448,0.12800502,0.11720643,0.09776270,0.08804228,0.08512146,0.08803647,0.07802841,0.07935347,0.07953630,0.05859227,0.09228709,0.07617772,0.07561146,0.07876056,0.07699228,0.06895866,0.07104112,0.07996148,0.07999173,0.08079152,0.08407659,0.08818046,0.08937071,0.10707090,0.11153764,0.14197926,0.15772584,0.20283972,0.21059547,0.23344569,0.24350472,0.26207019,0.22355025,0.20555587,0.19104326,0.16539338,0.19052259,0.18914548,0.19929606,0.22679273,0.22290339,0.26958060,0.28192805,0.30287468,0.33760721,0.34485512,0.39116289,0.41798662,0.43456248,0.49179979,0.54361704,0.56943403,0.59050509,0.59625975,0.56882125,0.51908030,0.50465235,0.42423814,0.37228178,0.29826468,0.27432287,0.22678702,0.20631877,0.18833744,0.19019954,0.19897263,0.22170644,0.21948784,0.21330275,0.20449944,0.21779873,0.18063826,0.17158941,0.16353331,0.17757883,0.15414404,0.15101137,0.18441909,0.18753536,0.18687440,0.21751364,0.23365774,0.29379692,0.35088924,0.36753048,0.41347186,0.47794006,0.49456240,0.53257541,0.54907826,0.56105731,0.57991491,0.57839925,0.56582764,0.56860291,0.52633525,0.50779052,0.49603340,0.46724009,0.41792391,0.38068193,0.33088739,0.30164557,0.28384619,0.25196948,0.25149428,0.22953228,0.22637316,0.20345262,0.18812546,0.19352491,0.16794670,0.17284372,0.14646716,0.15546444,0.14581922,0.11681343,0.12749137,0.11230143,0.13359098,0.12356343,0.11087363,0.12586770,0.10636605,0.12672294,0.11748549,0.12122272,0.12535466,0.12016934,0.12936405,0.12147435,0.12079486,0.13478435,0.12083794,0.13355538,0.13883002,0.13677694,0.13689953,0.13904051,0.13639247,0.14070891,0.14825084,0.12763778,0.14246699,0.13271429,0.13707516,0.14691071,0.18255546,0.17178936,0.20240161,0.23178012,0.26864276,0.27714057,0.31181381,0.36091109,0.40846578,0.46945529,0.48598714,0.56043314,0.59829848,0.63067693,0.63235226,0.70049001,0.73128252,0.75043913,0.72625293,0.71990233,0.72882710,0.70242518,0.67472747,0.64462157,0.64871562,0.60301884,0.56439227,0.54505874,0.48040839,0.46558299,0.43346879,0.41165718,0.38965042,0.40082184,0.38038531,0.42338034,0.45418258,0.47354373,0.49749126,0.53096577,0.52760329,0.55056135,0.56241418,0.54308551,0.44949940,0.48503991,0.42200286,0.34352039,0.35897885,0.30106246,0.30068249,0.26990101,0.26467885,0.25289493,0.29486840,0.30693462,0.33604265,0.37762553,0.44414444,0.50052895,0.55310679,0.61551548,0.64972007,0.65841061,0.72209601,0.73412161,0.75448817,0.74816484,0.68258262,0.69235053,0.65213837,0.59732201,0.57831077,0.52838508,0.51299340,0.49529875,0.45599441,0.39764954,0.34831628,0.31329755,0.25293116,0.22480996,0.21796157,0.17487782,0.16670846,0.13020664,0.14915562,0.13526921,0.15296377,0.14797824,0.14971711,0.14838617,0.16121375,0.14202446,0.14270269,0.13871531,0.13763808,0.14325213,0.15477654,0.14050242,0.14955215,0.15630435,0.14831863,0.15055073,0.14731021
0.03295700,0.02562756,0.03291402,0.01440207,0.00349394,0.02913644,0.01829954,0.02304961,0.01141614,0.02268507,0.00459388,0.01329825,-0.00399881,0.00418434,-0.00042519,0.00292260,0.00115378,0.01240270,0.01872135,0.00982223,0.00073693,-0.00476120,0.01201053,0.00271366,0.01597417,0.01625563,0.03127343,0.01371559,0.00901099,0.03101509,0.02352739,0.01617638,0.01855774,0.02417748,0.01949474,0.02520394,0.04049890,0.03554433,0.06247325,0.04879066,0.08290879,0.08598215,0.07483801,0.06251071,0.05769771,0.05716112,0.04869626,0.06200506,0.04850110,0.02826077,0.01263182,0.02290514,0.01135394,0.00392767,-0.00009182,0.00892675,0.02173994,0.00559137,0.00586179,0.01314964,0.01442819,0.01411530,0.00900268,-0.00867695,-0.00374608,0.01463788,0.01220200,0.01091496,0.01329980,0.01519829,0.01964638,0.01610975,0.02510901,0.02204696,0.06360557,0.04806587,0.06498734,0.07028716,0.09010382,0.10273990,0.12099854,0.13638559,0.13544870,0.17304848,0.19620272,0.24722531,0.29481014,0.29870713,0.34404417,0.34196615,0.38028237,0.40750193,0.44342402,0.44090030,0.42798918,0.42062751,0.40023964,0.40741643,0.38504263,0.33175754,0.29610221,0.25295563,0.24628686,0.19955148,0.15421254,0.12581201,0.08468051,0.07631171,0.06880448,0.05696256,0.04650184,0.04409739,0.04859119,0.02292532,0.04766379,0.05183629,0.03170964,0.05093652,0.03506173,0.04413900,0.03100209,0.03568302,0.02335281,0.01780601,0.01998809,0.01275036,0.02700067,0.03425506,0.04323270,0.03059437,0.02828756,0.06416245,0.07069812,0.07330243,0.06047773,0.08269185,0.07138193,0.08057148,0.12185240,0.10960438,0.10321539,0.13270316,0.13257881,0.12694408,0.13053123,0.11202674,0.12279817,0.11817295,0.10056279,0.13012277,0.12486672,0.12584773,0.16355176,0.15985264,0.19516524,0.20390260,0.17978553,0.17464233,0.15162535,0.11931427,0.11195231,0.07421053,0.06224270,0.04110326,0.04037986,0.02420224,0.03094170,0.02757390,0.01633755,0.02220157,0.03295089,0.02404515,0.01652455,0.04375496,0.05843406,0.06345939,0.08682930,0.08329288,0.11601960,0.15202173,0.19280687,0.19942757,0.24936429,0.26429297,0.29446646,0.30484471,0.30565910,0.32783577,0.33338806,0.33083934,0.32659304,0.27946996,0.25069636,0.23732452,0.21200302,0.18591938,0.17301048,0.13272736,0.10863500,0.11121857,0.09300896,0.08324885,0.07899284,0.09800659,0.08422010,0.10978475,0.13486220,0.13603401,0.17111526,0.18327636,0.21327147,0.28013822,0.31552659,0.32428101,0.33437486,0.39718404,0.38238717,0.40221426,0.37823118,0.39299373,0.34017257,0.35116507,0.32079035,0.28203905,0.23878100,0.21037114,0.18847192,0.14208518,0.11678440,0.11313427,0.08226761,0.10322954,0.08333911,0.07580441,0.07771618,0.07073913,0.08229948,0.07278236,0.05754284,0.04978302,0.05884900,0.04213470,0.04938737,0.05000898,0.07217670,0.07158744,0.08971591,0.10211208,0.11929475,0.14783251,0.17692500,0.23168749,0.26423316,0.28867398,0.33778111,0.32939094,0.36807317,0.36888485,0.36850018,0.31079215,0.33438270,0.32599542,0.34029224,0.31806997,0.32918551,0.33281415,0.31960797,0.32139704,0.33100354,0.31172876,0.27207526,0.23998094,0.18686542,0.17023262,0.11244828,0.10312474,0.07313882,0.05274179,0.05523872,0.04120803,0.05838469,0.04947556,0.04771400,0.05943962,0.06440326,0.07522510,0.05738969,0.07270581,0.07396103,0.07838990,0.07843760,0.09729949,0.09905472,0.11340035,0.12170805,0.11094302,0.12719008,0.11746290,0.12689333,0.11403557,0.11394637
-0.00291351,-0.00207090,0.00824942,0.02504370,0.02801359,0.03114375,0.01775740,0.02587965,0.02596341,0.03960896,0.02852995,0.01138976,0.01613030,0.00698982,0.00149439,-0.00014268,-0.01213586,0.01461365,0.00340400,-0.00647893,0.00069160,0.00183001,0.00867103,0.01131850,0.03604810,0.01627703,0.04781448,0.04389575,0.05646447,0.04268871,0.03525631,0.04117593,0.05493347,0.02695037,0.04924896,0.06606973,0.07320910,0.08657405,0.12812280,0.12927308,0.15421278,0.15994418,0.16742353,0.15270457,0.13919459,0.14267471,0.11115739,0.09586516,0.06148251,0.06446039,0.05539315,0.03635790,0.01541273,0.03170664,0.00929099,0.02679573,0.02859151,0.01083322,0.01586816,0.01035655,0.01505798,0.01083782,0.00912176,0.00918475,0.03003349,0.02668764,0.03510283,0.02393083,0.03977007,0.01951487,0.03334606,0.03815886,0.04044102,0.05726298,0.07239739,0.10655906,0.11967662,0.14703524,0.15386545,0.14671773,0.13195841,0.12282122,0.12160908,0.10805509,0.10108518,0.10692996,0.13774093,0.13082369,0.14949290,0.17823648,0.18687839,0.19746681,0.22635160,0.25383691,0.28126395,0.30211897,0.31425251,0.34642566,0.36810879,0.34839445,0.39230221,0.33779896,0.35155870,0.31958179,0.28250221,0.24184323,0.18252952,0.15619617,0.14345844,0.10917660,0.11356031,0.09014496,0.08741629,0.10154867,0.09849426,0.10899428,0.10059238,0.08969696,0.10590851,0.08502110,0.08787522,0.09768259,0.09628386,0.07560532,0.07761600,0.08380170,0.09753859,0.11053164,0.10641339,0.11790037,0.13218396,0.15404272,0.18953105,0.18207628,0.20644636,0.21982257,0.26555531,0.29709011,0.30213647,0.30821378,0.33511911,0.34681791,0.36013527,0.35082405,0.32992839,0.33283157,0.33168879,0.28162378,0.27310099,0.25191811,0.23493541,0.19593742,0.23029806,0.20810304,0.21574907,0.19407045,0.19982438,0.18428927,0.18568904,0.17664072,0.15279805,0.13603063,0.12199881,0.11541154,0.10125445,0.09929837,0.08217042,0.09442233,0.08203910,0.08856817,0.06674690,0.08554338,0.09675132,0.09080080,0.08360937,0.10412325,0.08605385,0.09974456,0.10413483,0.10559022,0.12395304,0.10866326,0.13644627,0.14037524,0.13581512,0.14116968,-1.11721704,0.13445737,0.14935842,0.14784313,0.15643865,0.14088077,0.14947798,0.12942300,0.14870010,0.14933301,0.15325748,0.14056387,0.14363194,0.16153074,0.17800840,0.20458047,0.22151385,0.23435870,0.22581152,0.30731008,0.32916524,0.34481046,0.37619600,0.39525985,0.42142928,0.44347980,0.45665539,0.51189042,0.47745044,0.51119583,0.47896961,0.51593722,0.50709261,0.46521529,0.48978401,0.44267262,0.43369837,0.39320388,0.33985243,0.31817950,0.32194492,0.26655560,0.30209938,0.28416168,0.27213214,0.27235312,0.30053849,0.27009183,0.31031155,0.27893065,0.31490507,0.30817160,0.28822478,0.26977559,0.25649981,0.25189422,0.23496251,0.21348362,0.21279341,0.21009653,0.22451708,0.20962759,0.23522305,0.23709146,0.29351256,0.29971239,0.35006528,0.39934886,0.43074881,0.45677730,0.49121251,0.55085072,0.57615564,0.56472054,0.62199113,0.57856090,0.58187114,0.58258703,0.56943490,0.55522806,0.52623824,0.53910398,0.49986943,0.48290309,0.44856164,0.42316162,0.38844812,0.34550591,0.29592632,0.27182256,0.23840739,0.21208054,0.19153740,0.15628499,0.18314489,0.16227424,0.16588486,0.17018707,0.17335468,0.16822190,0.17474530,0.16987836,0.15974320,0.16825099,0.16504588,0.15820439,0.17813781,0.18563330,0.18026375,0.16933172,0.17883166,0.18949269,0.16888361,0.17630859,0.18173986
-0.03793492,-0.00491462,-0.03235724,-0.02529215,-0.02123315,-0.02536088,-0.03520463,-0.02600192,-0.03525033,-0.03268981,-0.02667172,-0.05163343,-0.04197404,-0.02917468,-0.04449435,-0.03969402,-0.02764811,-0.03356801,-0.03850903,-0.02820099,-0.02215267,-0.04256100,-0.01868661,-0.02635480,-0.01616096,-0.03756856,-0.01717295,-0.01043393,-0.01835953,-0.01133091,-0.02575752,-0.01179410,-0.01481027,0.01089341,0.02587926,0.04341114,0.05363522,0.07494576,0.10971175,0.15751552,0.18017112,0.20897814,0.22944937,0.23156863,0.23463147,0.17942168,0.16312627,0.09211747,0.07580356,0.05287666,0.01851631,0.00225947,0.00324992,0.00154197,-0.01067654,-0.00512785,-0.00241924,-0.01083197,-0.01187793,-0.00868475,-0.01335983,-0.01226987,-0.00749913,-0.01257094,-0.00429635,0.00180193,-0.00838063,-0.01512430,-0.01505721,-0.01152951,-0.00920263,0.00326118,0.01075031,0.05738831,0.07064032,0.10540039,0.13208442,0.17497092,0.20465110,0.20707280,0.19427118,0.18279305,0.17819873,0.17382242,0.18761117,0.18873435,0.19864155,0.27484496,0.30532621,0.34089331,0.34936054,0.36477067,0.39672997,0.41096056,0.36986246,0.38389756,0.34497107,0.30685686,0.30259477,0.26113209,0.22993077,0.22281396,0.18334065,0.18606041,0.12948622,0.10790960,0.10610077,0.06726607,0.08527212,0.07589791,0.06898101,0.10094168,0.10811240,0.12667593,0.14627472,0.15608105,0.17261744,0.17105729,0.14871338,0.14221701,0.13785912,0.09151019,0.08355007,0.06036447,0.06795720,0.03266828,0.05465772,0.04690323,0.04019262,0.06150251,0.05729660,0.07037836,0.08817388,0.11803088,0.13666186,0.17246298,0.18614658,0.22441209,0.27148331,0.32847338,0.37240613,0.39536629,0.39197018,0.44091903,0.45290655,0.46326090,0.42555899,0.39225641,0.37007690,0.29780424,0.26400808,0.23625757,0.18878308,0.15924160,0.14247545,0.14995775,0.10032203,0.11462557,0.08567004,0.09341000,0.08247362,0.07630417,0.05954949,0.06919068,0.04033256,0.04802693,0.04796813,0.03399595,0.03990852,0.04177854,0.03964819,0.04419459,0.06097574,0.05703000,0.05123526,0.04540593,0.06512368,0.07571791,0.09702878,0.09142480,0.12389163,0.13592843,0.12667485,0.14093091,0.17610884,0.19348378,0.18704824,0.19325123,0.20322055,0.21477934,0.21675958,0.21876977,0.18819245,0.18490014,0.15173538,0.14823887,0.13470846,0.12562170,0.11457762,0.10575949,0.10848619,0.11488998,0.12077866,0.12911633,0.13257633,0.15149408,0.15637971,0.16784764,0.19885868,0.22093174,0.25118532,0.29653237,0.30963319,0.34562334,0.35823646,0.40225565,0.43341992,0.44815863,0.44290577,0.43940277,0.48271288,0.46085514,0.41821294,0.44926232,0.38158803,0.35311248,0.31931475,0.28054828,0.25311360,0.25080477,0.20913992,0.19713001,0.18731382,0.16641644,0.15250478,0.16886665,0.17546932,0.14504764,0.16086455,0.15102012,0.13547569,0.15231623,0.13080459,0.12539170,0.14870655,0.12339555,0.15104614,0.16209113,0.18584878,0.21316389,0.23341089,0.27700174,0.32472257,0.35386305,0.39269898,0.44099612,0.46367519,0.49382000,0.49720983,0.54707905,0.56198559,0.60696895,0.60549206,0.58257690,0.60379347,0.55325446,0.54151656,0.53582013,0.47787762,0.51240272,0.48876240,0.44005235,0.39592181,0.35829947,0.26957461,0.25418615,0.20326596,0.15906703,0.15716291,0.13295528,0.09816429,0.09949197,0.10116479,0.09109986,0.09116071,0.09777379,0.12451835,0.12041785,0.11596845,0.10936829,0.12065553,0.12209686,0.12787270,0.12397239,0.12225440,0.11018364,0.11717256,0.14401260,0.11752459,0.12079577,0.14048885
-0.11579937,-0.11918117,-0.11075805,-0.09695371,-0.11074238,-0.11105748,-0.11972645,-0.11657267,-0.10563452,-0.12598770,-0.13144477,-0.13503334,-0.13556041,-0.14634036,-0.15311045,-0.15323034,-0.15741799,-0.13910292,-0.13811936,-0.14787788,-0.15129579,-0.12761899,-0.14355264,-0.12712140,-0.12120156,-0.12234551,-0.08146020,-0.08121019,-0.09493633,-0.11373431,-0.09476609,-0.09399956,-0.11577135,-0.12322671,-0.12599238,-0.11966700,-0.10814812,-0.12386924,-0.10733999,-0.12797504,-0.10971197,-0.11642032,-0.09027094,-0.10739107,-0.11641843,-0.12266013,-0.11715816,-0.12189174,-0.14009830,-0.11169121,-0.11935683,-0.11313832,-0.08615718,-0.11415600,-0.11542921,-0.11718655,-0.11521583,-0.13691667,-0.12382827,-0.12192810,-0.12456852,-0.11581240,-0.11503416,-0.12152571,-0.11489186,-0.09862011,-0.11766469,-0.11470686,-0.11229232,-0.11571790,-0.10155121,-0.11374521,-0.09820279,-0.08403006,-0.09671919,-0.08607360,-0.06625722,-0.05931408,-0.05883274,-0.03978466,-0.02000860,-0.00722909,0.02619863,0.07273699,0.11160288,0.15894011,0.21963150,0.26078179,0.29756782,0.31844352,0.34767230,0.37171874,0.41562467,0.38285958,0.42487170,0.42345106,0.43089183,0.43856803,0.42612348,0.38917933,0.35849781,0.32094054,0.28630272,0.22801485,0.18975001,0.13983290,0.07855977,0.03730547,0.02242963,0.00777011,-0.00122670,-0.00889868,0.01299953,0.02630720,0.02612774,0.03517856,0.01133530,0.01355313,0.00730152,-0.01705110,-0.03933644,-0.03983942,-0.03736340,-0.04360571,-0.03790385,-0.03948456,-0.02007777,-0.02031789,-0.01228213,0.02238867,0.04011992,0.05827804,0.08242649,0.08498042,0.07814222,0.09537119,0.09005533,0.09591662,0.10528663,0.09430289,0.08204676,0.04237431,0.02538046,0.02721480,-0.00357113,0.00115678,-0.00040375,0.00731428,0.00043255,0.01112337,0.02680241,0.04206518,0.07615055,0.08738516,0.11631928,0.11137034,0.09186528,0.07227666,0.07058198,0.04723770,0.02373512,-0.01005295,-0.01994207,-0.02912490,-0.04160602,-0.03403888,-0.04592285,-0.05418339,-0.03366905,-0.04438934,-0.03876457,-0.03738346,-0.04062402,-0.02508725,-0.01366465,-0.01015642,0.00124260,0.02910414,0.05971796,0.07803921,0.11549210,0.12078845,0.15845479,0.17970507,0.18885616,0.21815935,0.20289523,0.21698335,0.20657236,0.20637577,0.21345981,0.19401340,0.16785414,0.14093768,0.11208799,0.10974108,0.10651292,0.07976996,0.07399776,0.09544564,0.08566220,0.13297946,0.13892916,0.17268146,0.19155287,0.21675941,0.27832346,0.30893393,0.36353564,0.40114775,0.44328644,0.47135873,0.53963313,0.54313605,0.53932914,0.56077597,0.55215465,0.55732374,0.55832903,0.51646817,0.46988330,0.41280657,0.38163222,0.30525119,0.28847804,0.25081746,0.21516734,0.19381284,0.20704057,0.19576760,0.18434326,0.18998594,0.22227669,0.20247297,0.21916347,0.20039780,0.19258172,0.19641179,0.16370348,0.13429315,0.12578504,0.09788674,0.08552711,0.06985070,0.07293425,0.09001196,0.10075541,0.12846482,0.16271772,0.19725267,0.23585292,0.29324937,0.33264953,0.36930016,0.40689745,0.42308791,0.41407376,0.40264455,0.40419957,0.38178652,0.34495609,0.33008147,0.28595233,0.26516204,0.26816877,0.26454845,0.25361149,0.23578372,0.20360218,0.18941565,0.14395247,0.12177175,0.09927164,0.05520701,0.04029872,0.01280809,0.02003668,-0.01114804,-0.01986010,-0.00661743,-0.00254262,-0.00487990,0.00295013,0.00070155,0.01203046,0.01289005,0.00630687,0.00399459,0.02211750,0.02247320,0.04036572,0.04838402,0.04229289,0.04002433,0.06442164,0.05689933,0.03803416,0.04980589,0.04186608,0.07047890,0.05386165
0.04216804,0.04632854,0.05052034,0.04829956,0.05350015,0.04908448,0.06208532,0.04320184,0.05109987,0.03685423,0.04814660,0.05752342,0.03835389,0.03236080,0.03744401,0.03377719,0.02053711,0.02613007,0.03219305,0.04199537,0.03651211,0.05860524,0.02456036,0.03538447,0.04434937,0.04944284,0.03956991,0.02860734,0.04843512,0.04602500,0.04986477,0.04381922,0.05365096,0.07899188,0.07336924,0.10659999,0.11754158,0.13631570,0.18048345,0.21053804,0.22838909,0.25795426,0.24728306,0.24127285,0.24730532,0.22407037,0.15068494,0.15794091,0.11391555,0.11737525,0.07026493,0.05595565,0.04960868,0.04604036,0.05543896,0.02712431,0.05209719,0.02572384,0.03375924,0.04572626,0.03122658,0.03838901,0.03831077,0.04393196,0.04674280,0.04305798,0.04888996,0.05957984,0.03849795,0.04730372,0.02630839,0.05083981,0.06949590,0.08850215,0.11563563,0.15179055,0.18772746,0.18916449,0.20715092,0.20526238,0.18656266,0.18385232,0.17497930,0.18382663,0.17358135,0.20507276,0.23631965,0.25679010,0.28867146,0.34253066,0.35041782,0.37755187,0.38369579,0.40006768,0.39966353,0.41149881,0.39321529,0.35347929,0.34985946,0.31982557,0.28905403,0.26367864,0.22622145,0.18392365,0.14853159,0.13401589,0.12826939,0.11322658,0.10190300,0.10287440,0.12821239,0.14101171,0.17118099,0.16567054,0.19373457,0.18649996,0.19369632,0.20617370,0.17940501,0.16267574,0.14046561,0.12619448,0.11535275,0.08944503,0.08612433,0.06563700,0.07116644,0.06665793,0.06540838,0.07834031,0.07830414,0.08710637,0.08818585,0.12254544,0.12983501,0.16654180,0.19707179,0.22760925,0.26352306,0.27386153,0.31617201,0.33886830,0.35866394,0.37854315,0.38516861,0.38291091,0.39654019,0.33382584,0.33234728,0.26636016,0.25217048,0.23825333,0.22449949,0.20925644,0.21054485,0.17427986,0.18795177,0.15376449,0.15534761,0.11190024,0.11466511,0.08611600,0.06679417,0.07875234,0.06421340,0.04706020,0.03869973,0.04894882,0.05264153,0.06709201,0.05092535,0.05576268,0.05518433,0.05175777,0.05292831,0.06373919,0.05507075,0.04799674,0.06640726,0.05957883,0.09009899,0.08763121,0.08967755,0.08435678,0.07815956,0.09744176,0.10119236,0.10760825,0.09610904,0.10613857,0.10591684,0.09486222,0.09389588,0.08291521,0.08890100,0.08852201,0.08575761,0.09549620,0.07813376,0.08073765,0.09615739,0.07688593,0.08640992,0.10144294,0.12629941,0.12558996,0.14555228,0.15755397,0.20114578,0.20617360,0.24794244,0.28271137,0.34036172,0.38144073,0.43755516,0.47769165,0.49764551,0.49280195,0.54689419,0.55013681,0.51361237,0.50822427,0.51519907,0.45988661,0.44695380,0.42706626,0.32493577,0.28915977,0.26324688,0.21949794,0.21056782,0.18692724,0.16563286,0.14049597,0.14336167,0.11813206,0.11672869,0.11477974,0.10228736,0.11451118,0.09810828,0.10950365,0.10086095,0.10775119,0.12371993,0.15804908,0.13935536,0.17349018,0.21148145,0.22791399,0.29682062,0.33021160,0.37833131,0.41489629,0.45196536,0.50354376,0.52986200,0.55655868,0.53394438,0.55367829,0.56225883,0.56234701,0.54890908,0.57356506,0.54197106,0.53750277,0.54468708,0.49542361,0.47168854,0.48074031,0.48769470,0.42529782,0.37123009,0.33956315,0.26469534,0.22274347,0.18400290,0.13952034,0.11897904,0.10558703,0.10573985,0.08605169,0.08461567,0.08645827,0.08309237,0.06432374,0.09199254,0.06981761,0.07201328,0.07666563,0.08090319,0.08606431,0.05906872,0.08143153,0.09129910,0.09182563,0.08261967,0.08983059,0.08282987,0.09629858,0.08648624
-0.10207081,-0.11343374,-0.12180989,-0.09284960,-0.10562617,-0.09839208,-0.09367683,-0.09362526,-0.09779274,-0.09576090,-0.11348948,-0.10437268,-0.10988823,-0.09931606,-0.09585285,-0.11572221,-0.11016929,-0.10175102,-0.09266199,-0.10063181,-0.10073653,-0.10266756,-0.08944069,-0.08733190,-0.08596226,-0.07977629,-0.07420082,-0.08127131,-0.08385586,-0.06454973,-0.06871502,-0.08062758,-0.07765439,-0.06509193,-0.04170084,-0.03474767,0.00618114,0.04879209,0.08476950,0.10821210,0.15741735,0.18746638,0.18680341,0.17554683,0.16602027,0.15462492,0.11197168,0.05749097,0.01836016,-0.01298777,-0.01204039,-0.04649625,-0.04550819,-0.05741846,-0.06812224,-0.05114052,-0.05352547,-0.06898189,-0.05784211,-0.06338188,-0.07032380,-0.06246626,-0.08181216,-0.06262890,-0.06719783,-0.06577678,-0.05437115,-0.06952519,-0.05172352,-0.07333865,-0.05034084,-0.03689042,-0.04416194,-0.00782002,0.02105849,0.05344308,0.09865917,0.14748108,0.15249849,0.16798572,0.14657714,0.13006271,0.12665516,0.08846061,0.10783833,0.11174309,0.13485337,0.15219180,0.18630009,0.22128115,0.25283210,0.31537167,0.29752819,0.35612625,0.34699082,0.33797994,0.29723534,0.32756841,0.26921197,0.26114234,0.24184876,0.17295725,0.13875736,0.12925214,0.07850711,0.05749441,0.03701313,0.03793309,0.03791941,0.01515561,0.02084965,0.04082497,0.06150978,0.07073357,0.10204212,0.11910294,0.12637052,0.10654431,0.08954779,0.09036244,0.09068572,0.04259562,0.02233716,0.00794937,-0.00809817,-0.01951613,-0.01620341,-0.01916832,-0.02057158,-0.00848496,-0.00797381,0.00465191,0.00534787,0.03714159,0.04602093,0.08048717,0.11879546,0.15152509,0.17319920,0.23991741,0.28614084,0.30549995,0.36620701,0.40100805,0.39566407,0.41550830,0.40709249,0.35281018,0.33765887,0.27546527,0.25555745,0.23244412,0.19636067,0.14788304,0.16764523,0.14829120,0.11086914,0.11570093,0.10215216,0.09784445,0.06641271,0.05897424,0.03619110,0.01360917,-0.00709651,0.00181671,-0.01458311,-0.01726821,-0.01338286,-0.00337679,-0.00214734,0.00883562,-0.01200403,-0.01268557,-0.00148226,0.00236778,-0.00586584,-0.00393616,0.02601768,0.00959658,0.02099421,0.03034850,0.03214057,0.05565589,0.04790713,0.05012836,0.06396006,0.07414838,0.07537390,0.06970660,0.05298719,0.06862453,0.04160121,0.05039228,0.04670168,0.06883852,0.03765778,0.04306957,0.02853534,0.04459590,0.00913474,0.04055451,0.02666939,0.03572517,0.04909648,0.04921515,0.06632055,0.08290716,0.11103873,0.14203739,0.18668912,0.20969734,0.25467915,0.29432051,0.34553584,0.38987373,0.41999731,0.46568434,0.45676557,0.49490017,0.49266886,0.49073830,0.45395436,0.45040546,0.40064760,0.34497602,0.29588181,0.26088520,0.24411185,0.16760696,0.16286657,0.13257137,0.09984949,0.07612682,0.07478088,0.07426111,0.05816940,0.04014185,0.04857644,0.04730780,0.04926211,0.04613881,0.05105080,0.04164892,0.07920688,0.08821509,0.09892573,0.10749911,0.14459414,0.17588983,0.22496448,0.25721275,0.32398067,0.35935981,0.38193957,0.42458787,0.46802297,0.50997665,0.53695131,0.57300086,0.56718351,0.56998096,0.61663489,0.59142869,0.59789880,0.58739708,0.57713449,0.56337091,0.55093793,0.50051432,0.48983310,0.46058014,0.40973918,0.37317085,0.26955473,0.22807501,0.17109082,0.12804897,0.08583148,0.06102651,0.05734414,0.04304899,0.03221503,0.05423271,0.04534591,0.02854701,0.03857089,0.04152392,0.03415981,0.04229084,0.04085991,0.03756122,0.04545853,0.03668209,0.05100316,0.05198258,0.06094393,0.04858117,0.04974868,0.05247922,0.04995868
0.02180037,0.00874063,0.00107963,0.01362790,0.02570471,0.00932978,0.03710761,0.02082452,0.00578673,0.01385910,0.00428616,0.01006823,-0.00681919,-0.00111627,-0.01368720,-0.02224143,-0.00146474,-0.01257708,-0.02189748,-0.01412757,-0.00596211,-0.00380100,-0.00559919,-0.00510800,-0.00229564,0.00378213,0.01204802,0.02211770,0.01925849,0.01281652,0.01211327,0.00976857,-0.00044855,-0.00279454,0.02318278,-0.00811386,0.01715379,0.03527986,0.04472393,0.04921503,0.07276124,0.07649287,0.07822077,0.06360219,0.05983418,0.06234080,0.04614168,0.01364579,0.01417757,-0.01138053,0.00037730,-0.03624792,-0.03884388,-0.02403469,-0.02927019,-0.02680462,-0.02142183,-0.01903041,-0.03398346,-0.03453294,-0.03349709,-0.03203615,-0.03398058,0.00220344,-0.01126119,-0.02495449,-0.01703436,-0.02938284,-0.02848844,-0.04182732,-0.03195037,-0.01222379,-0.01266858,-0.00544256,-0.00114602,0.01591293,0.02507877,0.05369274,0.05296954,0.06599097,0.04911677,0.06649006,0.06383757,0.10048839,0.11264029,0.12342535,0.16313542,0.18585452,0.23273579,0.24881519,0.26125430,0.28729414,0.30820034,0.31987723,0.31662596,0.31900736,0.32918457,0.30727664,0.29157764,0.29163807,0.27523083,0.24319063,0.22842387,0.18126481,0.14423296,0.12228741,0.09189111,0.07534691,0.02445139,0.02418517,0.01809944,0.01584860,0.01461016,0.02102873,0.01423336,0.02908005,0.02880979,0.02427026,0.00680326,0.00569938,0.00458932,-0.01002602,-0.01557081,-0.01418709,-0.00651830,-0.03046664,-0.03366751,-0.02493061,0.00169581,0.00467181,0.01961847,0.01820041,0.05567386,0.06377534,0.06355736,0.08911899,0.08847898,0.11127198,0.14332839,0.15588376,-0.98997974,0.11923847,0.13760783,0.12557295,0.14199097,0.11483833,0.10974181,0.08273218,0.08078885,0.06859978,0.05708911,0.05104911,0.04844264,0.06313855,0.06493927,0.05725113,0.05700142,0.03729699,0.04285899,0.02070544,0.01022875,-0.01392227,-1.36627659,-0.03935110,-0.04511622,-0.04676454,-0.06163428,-0.06479438,-0.06370161,-0.02828560,-0.04225764,-0.03863406,-0.05611913,-0.03251491,-0.03964845,-0.04336364,-0.01962651,-0.00545831,0.00429132,0.02406670,0.02745636,0.04332995,0.07557745,0.10373664,0.12082192,0.11739298,0.12032809,0.14926462,0.14388995,0.13082705,0.11978216,0.12376469,0.11448514,0.08376289,0.07292152,0.05445510,0.04513598,0.04769903,0.03727119,0.01464364,0.01717081,0.02525637,0.03916612,0.05098293,0.05058332,0.09259323,0.10941827,0.12686169,0.15380492,0.19651126,0.20940703,0.22537075,0.25040555,-0.58671100,0.29715677,0.28514356,0.30533342,0.31654895,0.29959122,0.29075720,0.28515819,0.27517170,0.23687079,0.20771772,0.16275143,0.15674415,0.12103821,0.10865520,0.08465226,0.06956820,0.06461884,0.06725240,0.07476459,0.05886016,0.08510697,0.08071243,0.09320574,0.07282447,0.06650117,0.04296437,0.05463281,0.02323482,0.02207469,0.00137696,-0.00566013,0.01297377,0.00254718,0.02009145,0.03876054,0.04127654,0.07812439,0.10841846,0.12944603,0.16768273,0.19939094,0.24667170,0.24501761,0.27523745,0.27521115,0.28351820,0.25941169,0.27511902,0.26589275,0.24652439,0.22586205,0.22157525,0.22491346,0.22675893,0.20065808,0.18249187,0.15591628,0.12681626,0.10119725,0.06511089,0.02987663,0.00287526,-0.02118286,-0.02563882,-0.04368887,-0.05898158,-0.06750970,-0.04210436,-0.04355617,-0.05478678,-0.05790962,-0.04788531,-0.04326922,-0.06216966,-0.04851212,-0.05178693,-0.04665956,-0.02933049,-0.02461368,-0.01574247,-0.01780155,-0.01607829,-0.02663404,-0.01130409,-0.01992909,-0.01223245,-0.01687553
0.07461393,0.06452979,0.08182027,0.06019438,0.07996865,0.09422555,0.07529606,0.08757737,0.09004604,0.06856516,0.05733653,0.06741485,0.07047155,0.05876216,0.04434380,0.06107409,0.03892533,0.05817557,0.06562855,0.06064190,0.04854737,0.07636406,0.07011023,0.07304063,0.08939672,0.08026227,0.08843910,0.10587075,0.09603877,0.07851533,0.08740878,0.09569894,0.08479888,0.07807138,0.10400437,0.10609669,0.12739855,0.14876381,0.16640208,0.16918782,0.16650926,0.19560232,0.19992259,0.19372667,0.18820564,0.16257322,0.15533649,0.13239029,0.09648467,0.09661439,0.09045706,0.07784701,0.06079220,0.05073147,0.06975485,0.08839833,0.06584748,0.07455514,0.07224767,0.05169462,0.07156229,0.08264263,0.07269789,0.07782485,0.06506431,0.08004066,0.07264933,0.08123953,0.06245676,0.08133784,0.09735459,0.07541153,0.09294737,0.11669552,0.13060216,0.16310506,0.16593475,0.18590262,0.20809830,0.20508287,0.18500634,0.19802147,0.20862821,0.19253813,0.20996735,0.22511115,0.25882543,0.29945027,0.32537304,0.37782903,0.36763103,0.38532990,0.40187898,0.39248829,0.42060697,0.42551515,0.44735555,0.42877030,0.43630344,0.43969277,0.42062347,0.39521422,0.34611560,0.31543343,0.28467162,0.24812332,0.22339826,0.18960594,0.18689046,0.16414994,0.13338935,0.16359748,0.15664857,0.17738143,0.18172856,0.17272562,0.18511175,0.18235941,0.15744450,0.16244722,0.14861223,0.14058122,0.14010125,0.11672472,0.11449579,0.10998437,0.13520863,0.13502860,0.13293793,0.14893414,0.17918013,0.18263112,0.21486154,0.22371009,0.25170731,0.28788606,0.29049998,0.31051843,0.32104137,0.32888137,0.36114952,0.39809578,0.35715233,0.35905392,0.33786272,0.33706212,0.32058026,0.26605406,0.29064513,0.27691551,0.23903700,0.23994694,0.25434117,0.22317168,0.22164820,0.21989822,0.23987484,0.22312114,0.18578703,0.19507974,0.16453300,0.14697201,0.13755163,0.13792256,0.12684070,0.10926327,0.11430494,0.10296861,0.10569875,0.12292810,0.09927042,0.09608004,0.11716295,0.11632663,0.12710196,0.13664620,0.15582315,0.15137118,0.14786319,0.18323063,0.19380883,0.20173581,0.18824675,0.22965614,0.25253879,0.25541345,0.26960419,0.27023258,0.26385066,0.27684971,0.24441647,0.23079887,0.24619692,0.24614735,0.23138371,0.20225585,0.19916518,0.19619212,0.20407650,0.21298233,0.19145823,0.21361054,0.25227620,0.27508934,0.27346761,0.29965760,0.31297433,0.37421493,0.39837353,0.42259000,0.45852627,0.47992467,0.51835160,0.51622720,0.55809464,0.56238586,0.55884348,0.54459375,0.54880103,0.53634833,0.51544018,0.47112334,0.44241963,0.43245632,0.37981727,0.36334523,0.36424081,0.29676199,0.32412021,0.28486536,0.31460477,0.30259184,0.31808916,0.27429476,0.32752056,0.30414010,0.31521463,0.29793607,0.27594820,0.28422301,0.25352209,0.24687841,0.22429286,0.22729193,0.22426038,0.21313873,0.23855685,0.25647947,0.28538863,0.28952930,0.34899413,0.36710665,0.38730422,0.42289424,0.45837500,0.50405808,0.53385081,0.55346511,0.58101544,0.59516324,0.57974919,0.58491386,0.54924169,0.54342846,0.52953031,0.54215367,0.50347043,0.49752697,0.47417766,0.45281774,0.44250607,0.40921143,0.36378898,0.33174662,0.27921033,0.22625653,0.22870583,0.19477353,0.19366169,0.15550821,0.18902722,0.18434294,0.17443233,0.18878696,0.18178889,0.18439349,0.17756901,0.18237964,0.18431597,0.21738526,0.19932835,0.19955861,0.18354361,0.19582040,0.19975048,0.20675599,0.22348424,0.22267434,0.21418564,0.21751456,0.20497677
0.00178865,0.00312409,-0.00101152,0.01814532,0.02133923,0.01750732,0.03095178,0.02396358,0.03136330,0.01996989,0.00013201,0.00141985,0.00838137,-0.00634807,-0.00733605,0.00185218,-0.02113078,-0.01852299,-0.00486395,-0.00703171,0.00649104,-0.00831573,-0.00227594,0.00221638,0.03159638,0.06269764,0.05633068,0.07570808,0.05734380,0.04750105,0.06668220,0.04166400,0.03478061,0.03542929,0.03691201,0.03400336,0.04614924,0.04759815,0.04917664,0.07375241,0.07055892,0.08647461,0.07072149,0.07255663,0.06486806,0.07601218,0.06416111,0.04540366,0.04380410,0.03928659,0.05195252,0.02827179,0.02145325,0.03465832,0.01372241,0.03365603,0.03120673,0.01435822,0.02343485,0.04375201,0.04452418,0.04421772,0.02976427,0.03871375,0.02924742,0.05052715,0.03213585,0.04606372,0.05306581,0.06100141,0.05607538,0.06751655,0.07315055,0.06844318,0.07440339,0.08648127,0.10902623,0.09270282,0.14929546,0.13283572,0.13334429,0.12930615,0.13928056,0.15726368,0.16062584,0.16945295,0.21486618,0.21522515,0.24971567,0.26357573,0.27802888,0.27777218,0.34868690,0.34360835,0.39266835,0.40635486,0.46022602,0.47363570,0.46774425,0.49234246,0.52108736,0.48362604,0.46937936,0.41119433,0.38408795,0.29770908,0.27250904,0.22179084,0.18339865,0.14698885,0.11877230,0.13130840,0.12363579,0.10246393,0.11112609,0.11535449,0.11923631,0.10921172,0.11043998,0.11801008,0.11560705,0.10484284,0.12557959,0.11944124,0.13450652,0.14425675,0.15858516,0.16011845,0.18443739,0.21714664,0.19795007,0.24558416,0.25335342,0.29571959,0.31461466,0.34030971,0.35939164,0.34318033,0.36611612,0.32945696,0.34137022,0.33563351,0.32836332,0.27121581,0.30322248,0.28394404,0.24876119,0.24128686,0.22924808,0.22688986,0.25671705,0.24085285,0.25288456,0.28424038,0.28876714,0.31176970,0.28499122,0.28666824,0.25904208,0.25593464,0.22295279,0.21039546,0.18130037,0.16775753,0.14492960,0.16859869,0.15149149,0.15655661,0.17145485,0.15491333,0.15521966,0.15345947,0.18151284,0.17756186,0.19305694,0.18372805,0.18881857,0.21842964,0.21694003,0.21304100,0.25744695,0.26672029,0.28643260,0.31736353,0.31409012,0.31140440,0.32150231,0.32426084,0.34070551,0.35073451,0.33364393,0.30062190,0.30232790,0.28770934,0.28993465,0.27699062,0.27858766,0.27925852,0.27833203,0.27439117,0.31944867,0.33373647,0.37776509,0.40393027,0.42063954,0.43536677,0.48747889,0.50674195,0.54994712,0.56570289,0.62983101,0.61320021,0.64257020,0.61741761,0.64160738,0.65753996,0.62458395,0.59176080,0.59029827,0.55399381,0.53433061,0.50472932,0.45071932,0.45338368,0.42048414,0.38937160,0.35748386,0.37988169,0.36616747,0.38292528,0.39165957,0.37894295,0.44067872,0.42726977,0.45114561,0.45416253,0.46477901,0.43518326,0.42296086,0.41520153,0.38009556,0.34232943,0.31517843,0.31295220,0.31003429,0.29091512,0.28374473,0.29681785,0.33506564,0.32063355,0.36299901,0.39090081,0.44522084,0.49454709,0.52799946,0.56292581,0.56965907,0.61726325,0.64065060,0.61217541,0.65951061,0.61558581,0.60463876,0.60220783,0.53373140,0.57508586,0.56583820,0.51833529,0.53497719,0.51282365,0.45811191,0.46620481,0.41095362,0.36787708,0.32150805,0.31180256,0.29717498,0.28381071,0.25218713,0.26291661,0.27063260,0.25930762,0.26559289,0.27523544,0.27106384,0.26477209,0.26054837,0.30196976,0.29399189,0.29951448,0.29469046,0.29684936,0.31267409,0.31620576,0.29959338,0.29646124,0.32102472,0.29087227,0.32286214,0.30227352,0.30070909
0.13306459,0.11575535,0.11722107,0.11791915,0.14393862,0.15283527,0.14166049,0.16360228,0.14515017,0.15021293,0.15018066,0.13114178,0.13127122,0.13521624,0.13194433,0.09424657,0.09972308,0.11457287,0.12529814,0.10365208,0.11424473,0.13021726,0.12749424,0.13223015,0.14016995,0.14506442,0.17687161,0.20338285,0.18045341,0.18590357,0.18374366,0.17287205,0.15715807,0.16783293,0.14451550,0.15487407,0.17732946,0.19454395,0.22930529,0.23961465,0.24170666,0.27091817,0.27864723,0.26761354,0.26038913,0.26242156,0.20736188,0.20243070,0.17711954,0.17836803,0.15684222,0.17302052,0.15232487,0.13672828,0.14679563,0.12888378,0.16066540,0.14831302,0.14212729,0.13712577,0.14895519,0.13512771,0.14381764,0.14244170,0.15017272,0.13688998,0.14128860,0.16670898,0.15564312,0.16082849,0.15014275,0.17101403,0.17047556,0.18441848,0.22197306,0.22324206,0.25316857,0.28601658,0.28602974,0.26582495,0.30454954,0.28723370,0.26137917,0.28930007,0.31741282,0.35318372,0.38394835,0.43603669,0.46163301,0.50388571,0.54652031,0.56263688,0.60529846,0.57800827,0.59768908,0.59664851,0.57846312,0.55965394,0.53764378,0.53789885,0.53244101,0.50542427,0.51300185,0.46259832,0.44225789,0.39504879,0.34562643,0.34016999,0.31000807,0.30835963,0.29828997,0.31676646,0.33952881,0.38293993,0.38204254,0.39687380,0.39579886,0.39356079,0.38374915,0.33919159,0.32702725,0.31176550,0.27048020,0.26319527,0.21897840,0.24116838,0.22403391,0.23179876,0.27237669,0.25669861,0.31200847,0.31021049,0.32072140,0.35813306,0.42985553,0.43368231,0.45004204,0.45473523,0.49117784,0.45812773,0.50046163,0.50178808,0.49198121,0.51585279,0.49084068,0.42172942,0.45216095,0.43763366,0.37158038,0.32596675,0.30143387,0.29653945,0.26705678,0.23903294,0.23825129,0.20967531,0.22265712,0.21764276,0.17876304,0.19831484,0.19163700,0.19910179,0.19860081,0.20117281,0.17430839,0.21536366,0.18470815,0.18314006,0.16978970,0.16855503,0.19584312,0.18200557,0.19409103,0.16979097,0.20153262,0.20037607,0.19533703,0.17921606,0.20720438,0.20648701,0.20182417,0.19476442,0.18707771,0.18423590,0.19850356,0.21162456,0.21081076,0.19407590,0.19618167,0.20702841,0.22057509,0.22516741,0.21705731,0.21453408,0.21243063,0.22567617,0.25766950,0.25876567,0.26779891,0.26296398,0.28785207,0.31356604,0.35848721,0.38818503,0.41085840,0.44422995,0.49806156,0.55302853,0.58676723,0.61189808,0.66804269,0.65789200,0.71590726,0.77592972,0.76554757,0.76961607,0.79024683,0.80059266,0.77089359,0.77317439,0.74920651,0.71668271,0.72133131,0.70024701,0.63653769,0.59109099,0.57041157,0.54490767,0.50151538,0.49104109,0.48075924,0.48337662,0.49277451,0.46793156,0.48280820,0.51376940,0.49048953,0.45335408,0.45366851,0.45905748,0.41711458,0.39039540,0.37585735,0.35090986,0.36571647,0.37665722,0.36254867,0.36990826,0.40789213,0.45210573,0.48330452,0.51150510,0.57744448,0.62155025,0.66067376,0.66827196,0.69947492,0.74106272,0.73030653,0.74903486,0.71136585,0.71185953,0.70360876,0.59344747,0.59202154,0.55071474,0.54379199,0.49729160,0.47158072,0.46463138,0.43234264,0.40341922,0.38855941,0.33551876,0.32026687,0.31346376,0.27273874,0.24625519,0.25530056,0.23754165,0.20865764,0.23067753,0.22971591,0.21548424,0.23307756,0.22751426,0.22869203,0.23731240,0.23070192,0.21716209,0.22794803,0.22333961,0.23052892,0.22629818,0.21670047,0.23518002,0.22639319,0.24526774,0.21349378,0.24051512,0.24344797
0.01237222,0.02999969,0.01650140,0.02180701,0.02834705,0.01929844,0.01509132,0.01752603,0.01400873,0.01717042,0.01692802,0.00525896,0.00382136,0.00200987,-0.00849160,0.00006280,-0.02038086,0.00351682,-0.01581366,-0.02073083,-0.00240453,0.00367831,-0.00145896,0.01114832,0.00677953,0.03066408,0.02818705,0.03684710,0.03521117,0.05454459,0.03243376,0.01877503,0.01809449,0.05155253,0.04301082,0.07947348,0.10210103,0.12036907,0.13973687,0.16816787,0.18480052,0.19304281,0.20605392,0.18894498,0.17460695,0.12103455,0.11570277,0.08395541,0.06297293,0.03869131,0.01240699,0.01113984,0.00936535,-0.00114459,0.00588394,-0.01846315,-0.00773180,-0.01855763,-0.01942244,-0.00482219,-0.00220989,-0.00517159,0.00166279,0.00402205,-0.00403139,-0.00392058,-0.01864127,-0.00463510,-0.00262704,0.00342082,0.02019091,0.02877990,0.02920333,0.07124470,0.08826346,0.15004051,0.15846261,0.16570602,0.16068127,0.17870657,0.14074762,0.14013762,0.14005589,0.13679290,0.15357426,0.18340315,0.19634182,0.22811726,0.26934574,0.26640676,0.31101515,0.31918796,0.34771763,0.39800127,0.40196748,0.39807110,0.42557006,0.42480229,0.39233112,0.41981395,0.35330305,0.35307995,0.29483072,0.24720974,0.21749513,0.18558844,0.12320652,0.07910241,0.07158057,0.06746453,0.07067406,0.05984918,0.06625571,0.07533677,0.06884372,0.09234739,0.06964091,0.07694655,0.07387383,0.04772524,0.06027164,0.02972871,0.04063184,0.02064225,0.04190453,0.04046323,0.04051199,0.07265794,0.07013739,0.09267416,0.12308958,0.12875956,0.15505602,0.19530245,0.21125116,0.25072172,0.28609524,0.30530740,0.33575390,0.35488726,0.35584628,0.37155892,0.37276666,0.35941205,0.37602431,0.32685115,0.30516175,0.28237504,0.23943815,0.21742449,0.23037841,0.21798835,0.22389873,0.20601724,0.20747494,0.18955442,0.15202891,0.16378192,0.13121448,0.11010576,0.07718368,0.07021872,0.03998144,0.04291580,0.03881320,0.01583352,0.03032818,0.03060274,0.02097876,0.02783647,0.02684975,0.03644934,0.03682849,0.04636826,0.04336907,0.07279321,0.06279549,0.09105615,0.09233217,0.10386788,0.10490911,0.11311180,0.12180372,0.13991982,0.15104382,0.16575246,0.16593631,0.18046894,0.15503833,0.16173809,0.17331478,0.15830470,0.13061921,0.12551509,0.13370656,0.12570785,0.09550717,0.10812407,0.10931304,0.11287754,0.14338705,0.15204282,0.16824337,0.20007255,0.20779493,0.24345049,0.30708905,0.31195971,0.35425115,0.37736952,0.44951389,0.44841598,0.48158474,0.48742131,0.52308083,0.51306212,0.49653050,0.51705848,0.49428918,0.45176104,0.44649074,0.40093026,0.38719923,0.33496579,0.28202723,0.27141626,0.24378932,0.23287562,0.21993035,0.19562936,0.21599541,0.21014209,0.22210051,0.22752485,0.23695899,0.21696802,0.20300293,0.19092696,0.17880303,0.15912586,0.13686482,0.13638654,0.11941168,0.11654140,0.13031585,0.12875640,0.15318249,0.17537809,0.20044190,0.25605206,0.30532358,0.36061773,0.41793601,0.43740735,0.46659705,0.51040802,0.54428327,0.59216246,0.63076210,0.59407859,0.58679585,0.58632980,0.57525358,0.61701635,0.57761468,0.54162895,0.55570374,0.50813552,0.49142409,0.44915967,0.40631275,0.34223107,0.29629028,0.24414288,0.18811618,0.14929967,0.10361687,0.08806955,0.07853975,0.06621709,0.07925841,0.04987350,0.06444254,0.07308913,0.07505044,0.06978925,0.07749431,0.07188150,0.06430963,0.08654088,0.07510423,0.07991588,0.08298792,0.08155570,0.08832908,0.08098096,0.08811412,0.08856518,0.10279846,0.09162430,0.09461966
-0.01667490,-0.01047056,-0.00308315,-0.00919858,0.00651894,0.00429692,0.00667282,0.01941751,-0.00599769,-0.00759367,-0.00202737,-0.01094524,-0.01487605,-0.01505624,-0.00698088,-0.01026359,-0.01297564,-0.01173999,-0.00595381,-0.01631498,-0.02708543,-0.00068141,-0.00517733,-0.00772748,0.00606428,0.00399365,0.00543871,0.01551924,0.02394581,0.00378772,0.02322899,0.01109162,0.01278224,0.04622959,0.02344823,0.05180685,0.06613236,0.07477179,0.11147828,0.12123938,0.15403885,0.17245026,0.17321861,0.18171068,0.18030509,0.17087095,0.13806608,0.12299130,0.08539093,0.06746740,0.03183554,0.03588051,0.01900118,0.01406187,0.01283830,0.02254222,-0.00138663,0.01211112,0.02048906,0.01104609,0.00364006,0.01386433,0.02240973,0.01862326,0.00806198,0.02610277,0.00874320,-0.00079386,0.02450452,0.01606089,0.03398775,0.02601849,0.02509035,0.05664810,0.07740163,0.09018470,0.12204982,0.15461548,0.15245652,0.17989234,0.14068870,0.14593491,0.10960639,0.11662718,0.11075245,0.09923384,0.10226573,0.11431064,0.13770163,0.15294344,0.18202909,0.20109331,0.23011896,0.26806581,0.27453109,0.34074323,0.36724820,0.39438235,0.39545826,0.41894420,0.41884884,0.38182957,0.36367412,0.35697230,0.29350090,0.25801623,0.18700145,0.17875975,0.16334600,0.11792100,0.10434938,0.08115361,0.10386610,0.08272936,0.08606050,0.09357001,0.09067144,0.10526677,0.07891493,0.09854502,0.07392056,0.06496807,0.06318794,0.06996497,0.06680195,0.05896775,0.03901278,0.08826633,0.07882753,0.07907722,0.09891802,0.10445788,0.12799976,0.16196282,0.15870541,0.19376831,0.20769671,0.22916336,0.25781167,0.29809113,0.31863678,0.32094647,0.36581526,0.36240088,0.37902507,0.37160166,0.37728158,0.32699516,0.32260262,0.30487063,0.27570303,0.23647046,0.25619734,0.25792463,0.26819745,0.27043306,0.25943623,0.27400229,0.27062299,0.22239971,0.20248734,0.18051296,0.15974908,0.14736283,0.09942088,0.08121852,0.07981209,0.06943237,0.07340810,0.07110127,0.06159379,0.06874678,0.07227510,0.06756329,0.06490779,0.08090781,0.06480990,0.07430436,0.09412142,0.06826307,0.06996344,0.07211076,0.08902282,0.09315430,0.09835333,0.09791761,0.09339618,0.09490572,0.10146830,0.09973078,0.10036072,0.10106262,0.11872105,0.10716260,0.10867826,0.11278936,0.11167432,0.11727513,0.11265847,0.11597949,0.12553444,0.13318563,0.14682371,0.16707900,0.18162887,0.21055078,0.23341179,0.22642779,0.28056314,0.31516650,0.36277390,0.38005681,0.44963157,0.45068591,0.49617778,0.49751082,0.54792907,0.55007422,0.60281911,0.54743500,0.54324102,0.54578894,0.51396216,0.47739346,0.43505112,0.38749772,0.34253932,0.32214488,0.26866626,0.24286467,0.22259094,0.21102787,0.22600285,0.23175738,0.23202537,0.23414759,0.22797190,0.20926426,0.21549926,0.23238640,0.19330620,0.20604525,0.17023748,0.18485096,0.17930679,0.17855001,0.14552059,0.17480401,0.19429283,0.22953934,0.24808595,0.29084339,0.34665321,0.38286862,0.44578585,0.51944931,0.53568321,0.56219068,0.61927539,0.62254583,0.63581775,0.64527378,0.65860393,0.64012754,0.65034193,0.63065828,0.59777226,0.64136595,0.58336606,0.61483037,0.59610052,0.53364305,0.52506427,0.45841190,0.39694133,0.32505607,0.24041350,0.21648567,0.19188553,0.16651056,0.15268420,0.12268856,0.13584211,0.13224231,0.10396467,0.12382364,0.11848468,0.09943013,0.12535862,0.10205277,0.10947506,0.11770605,0.13462778,0.12361942,0.10605795,0.12060835,0.11446900,0.11612695,0.11594614,0.13674029,0.12057698
-0.05433584,-0.07394717,-0.07668009,-0.06822012,-0.06245399,-0.06410349,-0.06323811,-0.06304514,-0.06930224,-0.07800431,-0.06611394,-0.05768892,-0.09217342,-0.07217614,-0.09388971,-0.09326068,-0.07229537,-0.08411895,-0.10574399,-0.08551377,-0.08295301,-0.07434641,-0.08119829,-0.08147345,-0.06529187,-0.06667536,-0.05645137,-0.02233324,-0.03387371,-0.04521768,-0.04847120,-0.05919392,-0.04788466,-0.06338045,-0.05366464,-0.05806064,-0.04345057,-0.04988745,-0.01554462,-0.02585396,-0.00682310,-0.00030750,-0.01286094,0.01702501,0.00980314,-0.01061978,-0.02388205,-0.04768429,-0.04911338,-0.06301724,-0.05249920,-0.06258579,-0.05527930,-0.05516686,-0.05602553,-0.06184696,-0.07447911,-0.06455134,-0.05767309,-0.05027483,-0.04580166,-0.06800103,-0.05254053,-0.06640609,-0.05835395,-0.03771995,-0.04389890,-0.06100071,-0.04668774,-0.05373036,-0.03252384,-0.04404146,-0.04509731,-0.03416624,-0.03746096,-0.01582920,0.01329267,0.02569468,0.03830762,0.02999823,0.05257567,0.06788540,0.07786574,0.08953168,0.13636225,0.14975394,0.21225586,0.25489003,0.26396303,0.30580157,0.35655819,0.35398733,0.36417122,0.37479776,0.37889097,0.37525675,0.37015309,0.37203327,0.38092816,0.34914169,0.34754919,0.31462591,0.31433644,0.25432870,0.23810922,0.21376952,0.14993265,0.11590068,0.08901224,0.05423920,0.05554537,0.03836720,0.05308857,0.04034663,0.05516537,0.06629616,0.03965886,0.04247862,0.06504837,0.04824220,0.02540253,0.02136261,0.02023984,0.01490124,0.01222068,0.01871770,0.01732136,0.02263109,0.02522272,0.04773741,0.06322259,0.09630604,0.12408670,0.12971215,0.15350344,0.16546758,0.17419596,0.20188988,0.19394795,0.20064864,0.18782313,0.20455159,0.18435524,0.18234668,0.19076890,0.17411967,0.12768198,0.13403288,0.11585205,0.10896498,0.09165552,0.11504289,0.10360698,0.09989171,0.11757792,0.11678188,0.12229758,0.10573999,0.10714548,0.08089197,0.07648467,0.05974880,0.04635433,0.02607739,0.04102053,0.02529762,0.02206721,0.01702883,0.02171985,0.02578188,0.01609482,0.03180256,0.02834202,0.04409942,0.04258430,0.06160462,0.06000356,0.08822252,0.10589360,0.12341572,0.13601549,0.17488550,0.21457751,0.23052740,0.25246839,0.27154583,0.28978923,0.30148809,0.30300370,0.28921716,0.31284383,0.28917779,0.25532882,0.26290594,0.22185411,0.20519946,0.20105369,0.17765268,0.15756918,0.16121192,0.15031762,0.16777031,0.18402017,0.20979764,0.23353608,0.26028676,0.30536886,0.32228580,0.34992200,0.37551336,0.39705772,0.44085656,0.46682243,0.49389456,0.47366588,0.47514418,0.50087840,0.50021709,0.48336683,0.49668847,0.47099500,0.44834265,0.40304063,0.37164454,0.31962691,0.30628105,0.28577181,0.26044612,0.25879324,0.22941056,0.24387218,0.23517644,0.24829019,0.26601321,0.28975578,0.29477722,0.27936988,0.29244726,0.25885647,0.25784610,0.25946011,0.20283916,0.19374838,0.17100924,0.17050534,0.14460276,0.15250697,0.17043944,0.17407426,0.23028164,0.24018008,0.25160493,0.30600631,0.34181316,0.33020419,0.37097000,0.43906315,0.44453471,0.48004245,0.44968008,0.47368104,0.45953319,0.42333479,0.43288957,0.40675898,0.38690174,0.42029305,0.36365309,0.35916963,0.32967455,0.33517936,0.28781206,0.25694233,0.24366238,0.20339146,0.17345624,0.14751953,0.16965798,0.14840763,0.12615435,0.13694049,0.11503852,0.12831193,0.13444318,0.12420981,0.14840798,0.15841202,0.16213894,0.14465758,0.15759073,0.14510650,0.16294579,0.19777348,0.17097939,0.16780765,0.19627869,0.19865162,0.22121982,0.21052059,0.20060251,0.20183253
-0.06930356,-0.07335081,-0.03300324,-0.04873881,-0.03891157,-0.02880342,-0.03701647,-0.05254350,-0.05278099,-0.03177733,-0.04547717,-0.05879911,-0.04616446,-0.07926678,-0.05750381,-0.07561398,-0.06254582,-0.07050547,-0.06628777,-0.08105492,-0.06644619,-0.06046061,-0.05778077,-0.03149941,-0.03102331,-0.03420084,-0.03065133,-0.00924159,-0.01000385,-0.03356323,-0.01019084,-0.02697653,-0.03845640,-0.01574739,-0.00661772,0.00388387,0.04552331,0.05294774,0.08245260,0.10259052,0.13084301,0.13576328,0.13326304,0.14328080,0.10979878,0.09535080,0.05262818,0.02510820,0.00517336,-0.01325600,-0.01211205,-0.03817476,-0.02957601,-0.03826187,-0.04061784,-0.04459365,-0.04492920,-0.03228388,-0.04689630,-0.02483332,-0.04069927,-0.02414317,-0.03291062,-0.03965431,-0.03312097,-0.04140159,-0.04560549,-0.02921031,-0.03269257,-0.02630593,-0.03560283,-0.02057291,-0.01913529,0.01923931,0.05073353,0.08862846,0.10060193,0.10901926,0.12946347,0.12753503,0.09028228,0.06874220,0.04642597,0.03574829,0.02093265,0.03568307,0.04204641,0.05523063,0.06556515,0.10613257,0.12422644,0.12531631,0.14547791,0.18611811,0.21412816,0.22245276,0.21226771,0.26529713,0.28356829,0.29625081,0.29571287,0.27292626,0.23546786,0.20936566,0.18197894,0.13226007,0.11398625,0.08146882,0.05401842,0.04564259,0.02391267,0.02395438,0.03826549,0.02964718,0.02362961,0.02546755,0.02713569,0.02757624,0.01020352,0.02004747,0.01099682,0.00334225,-0.00159887,0.02627747,0.00184860,0.00709043,0.02875843,0.03989885,0.03696733,0.06357279,0.09206830,0.09832772,0.14078709,0.14999397,0.18083923,0.20496156,0.25979777,0.27326756,0.27947619,0.32817688,0.33135517,0.34565136,0.36067939,0.35848820,0.34425140,0.29594109,0.29046152,0.26966994,0.23684054,0.21383982,0.19561355,0.15605472,0.17815504,0.13803704,0.13313067,0.13637351,0.13868283,0.10987099,0.10924218,0.10805466,0.06785409,0.03926562,0.05049122,0.02574221,0.01948501,-0.00427835,-0.00376215,0.01184204,0.02261778,0.01206539,0.00686607,0.01128693,0.00181206,0.02439165,0.01316632,0.00791139,0.01959154,0.02482377,0.02974413,0.02006351,0.02764967,0.01485343,0.01582448,0.02676969,0.05884278,0.03312330,0.05438520,0.05534389,0.06558759,0.03115620,0.05678313,0.05162783,0.03822059,0.04486872,0.04360127,0.04731804,0.04494864,0.05973661,0.06927095,0.07811761,0.09868967,0.11580381,0.13173383,0.15914520,0.19454786,0.22647020,0.24211562,0.24411096,0.29144139,0.33171918,0.33285387,0.33381933,0.38647999,0.41781444,0.37712968,0.38544490,0.40052414,0.38610046,0.36175527,0.35377196,0.32725222,0.32651937,0.26917455,0.24293005,0.23529569,0.21207144,0.18169078,0.17255868,0.17389335,0.15606930,0.17735404,0.18340110,0.20072295,0.20169618,0.21531265,0.21830315,0.21437788,0.18302320,0.18372161,0.17120484,0.16261620,0.13477049,0.12141360,0.10382200,0.10021628,0.10061406,0.10292749,0.10896449,0.12127903,0.14599124,0.20074759,0.22030188,0.26119551,0.29695566,0.33178227,0.36940075,0.41419366,0.46474462,0.47049556,0.53282775,0.53321395,0.54191424,0.50059156,0.51399113,0.53319855,0.52484416,0.47769095,0.45985147,0.45784817,0.42974467,0.39381434,0.32221373,0.32498685,0.22888854,0.18236239,0.13629722,0.12638172,0.08990148,0.06356680,0.05974333,0.05733760,0.04557049,0.03198172,0.04385464,0.05611507,0.03523844,0.03939254,0.05463720,0.04416194,0.04518569,0.05767681,0.04831104,0.04874072,0.04251451,0.06781849,0.04724859,0.04416342,0.04421427,0.06135930,0.04427291,0.04418955
0.01434955,0.02519473,0.02639744,0.01747989,0.04923473,0.04250661,0.03307115,0.03433192,0.02194009,0.01210329,0.01381168,-0.00806192,-0.00003718,-0.00703550,-0.00689323,-0.01374735,-0.02032044,-0.01590140,-0.02348495,-0.02016256,-0.02525065,-0.01827125,-0.00822136,-0.00614142,0.01173530,0.02200338,0.05028244,0.04890087,0.03833839,0.03789088,0.03192007,0.02905247,0.01967543,0.00432102,0.00159513,-0.00550095,0.01398308,0.01439775,0.01567969,0.02259059,0.03432325,0.03006968,0.03425118,0.03556573,0.04715325,0.02327300,0.01194129,0.02602398,0.00810113,0.00775359,0.01145129,-0.01261351,0.00318439,0.00014610,-0.00853001,-0.02599703,-0.01184267,0.00387894,0.00080021,-0.00492953,0.00757405,-0.00295486,-0.00992134,0.00541402,0.00142947,-0.00722654,0.00052491,-0.00490269,-0.00700890,0.00690910,-0.00307153,0.00045902,0.01406628,0.01719945,0.01830767,0.04628590,0.03530957,0.06717915,0.08211847,0.07357632,0.09634530,0.11879226,0.14106434,0.15080921,0.18729229,0.21687302,0.27111100,0.28096792,0.32310739,0.34190014,0.39861860,0.38328479,0.40136998,0.42426316,0.42359178,0.42338192,0.43035712,0.47120669,0.44797223,0.48015582,0.47645446,0.46444168,0.42000511,0.39424651,0.34480982,0.28618939,0.25037163,0.19756723,0.14680118,0.10375263,0.08708163,0.08148517,0.05605835,0.05629006,0.04615195,0.04970556,0.06004030,0.05538083,0.04374118,0.04959879,0.04527122,0.04610002,0.04087509,0.05392207,0.03470412,0.06524347,0.07010985,0.07861286,0.09418200,0.13779189,0.17562131,0.18649344,0.23340446,0.25979054,0.28194046,0.29245902,0.30686187,0.30360347,0.27963341,0.29882754,0.26693354,0.26094373,0.22375913,0.21967425,0.18207797,0.16603984,0.16881182,0.12186285,0.14432684,0.11856266,0.12277980,0.10286388,0.11232512,0.11494355,0.12585235,0.14448272,0.12899740,0.11710025,0.12042571,0.09165247,0.09132840,0.09424663,0.07874498,0.05809162,0.04991212,0.05229256,0.05312045,0.06103886,0.05571271,0.05358826,0.04380798,0.04527603,0.06396936,0.08608485,0.07529323,0.08959194,0.09378652,0.13714602,0.15208508,0.17363992,0.22074144,0.26732824,0.29656628,0.32293645,0.33335808,0.37060543,0.40342111,0.38754715,0.40706820,0.41385309,0.39669070,0.36313293,0.34276103,0.31716011,0.29787241,0.26652983,0.24754178,0.23695936,0.20630610,0.22823247,0.22685746,0.26443575,0.27178924,0.29867319,0.34389940,0.36439874,0.40973886,0.44173156,0.48285337,0.51956379,0.51534780,0.52359260,0.50730752,0.54724583,0.50981927,0.51517081,0.46532604,0.45898962,0.42599283,0.42587500,0.38115927,0.36333520,0.32622698,0.28414404,0.27531892,0.25359314,0.23796702,0.23611154,0.24885782,0.25724730,0.30564342,0.30407586,0.30871988,0.34304043,0.37867821,0.37220109,0.37973415,0.38695400,0.35647164,0.32732484,0.31692904,0.26193029,0.22353923,0.19506368,0.18702300,0.15396155,0.14176730,0.13450187,0.15167157,0.19430451,0.18578461,0.22426186,0.25674617,0.30231994,0.31680390,0.35685201,0.38197704,0.41590385,0.43575831,0.43862089,0.42301121,0.43968145,0.43286432,0.41624139,0.40449462,0.35374764,0.31089481,0.26876240,0.29817151,0.28570848,0.25479982,0.21798877,0.20477690,0.17411942,0.14609707,0.14872068,0.13121709,0.10143909,0.10352937,0.09341337,0.10516200,0.11218410,0.11522505,0.09678408,0.11121998,0.11895726,0.11676044,0.13446441,0.15082131,0.14139533,0.14456775,0.15258719,0.14582187,0.16575741,0.16153386,0.17606584,0.19004342,0.18628880,0.18600533,0.19346512,0.17916640
-0.01007003,-0.01836116,-0.02053602,-0.02820728,-0.01884543,-0.02281063,-0.01761479,-0.02426635,-0.02037359,-0.01155121,-0.02112325,-0.01388932,-0.01451494,-0.02184051,-0.02684997,-0.01995454,-0.03167346,-0.02496889,-0.01468438,-0.01994892,-0.02358252,-0.01699587,-0.00862667,-0.02072266,-0.02792703,-0.00613841,0.00225187,-0.01435527,-0.00579190,-0.00714011,-0.01719555,-0.00699851,0.00080919,0.00546262,0.01886676,0.01588823,0.06766897,0.09322870,0.11184408,0.15607732,0.15581860,0.17949409,0.19451186,0.18722406,0.15895335,0.15269666,0.13331801,0.09539597,0.07256653,0.05002301,0.03391233,0.02450572,0.00242507,0.00241278,0.00212257,-0.00818223,-0.00995977,-0.01014987,-0.00192785,-0.00481886,-0.02184696,-0.01468813,-0.00258964,0.00808576,-0.00477061,-0.00598466,-0.01391870,-0.01144286,0.00041904,-0.00966355,0.00625375,0.00898935,0.02470964,0.03296766,0.05701766,0.08387125,0.13754373,0.15586983,0.16876117,0.13916972,0.16218004,0.14724714,0.14481690,0.12252428,0.13829209,0.17288804,0.18419903,0.22478318,0.23914873,0.28346312,0.30335220,0.34877850,0.34441685,0.35197203,0.34771832,0.33144702,0.31423950,0.32042854,0.28184981,0.25687139,0.20498519,0.16935883,0.13367590,0.13905042,0.09221925,0.08722213,0.07228587,0.05665757,0.07671445,0.07283548,0.07897741,0.08003320,0.11770718,0.12256220,0.13873071,0.14469594,0.14713599,0.13398126,0.12541214,0.12532386,0.10855782,0.08685724,0.05892452,0.06222355,0.04111610,0.03636208,0.03086540,0.03162801,0.01439341,0.03016818,0.02280530,0.03836837,0.05767816,0.06994648,0.07691945,0.09770573,0.12711758,0.15880314,0.18252472,0.21852654,0.22715986,0.28566644,0.29081267,0.31922688,0.32465695,0.33693746,0.30423382,0.28941568,0.28344889,0.23356224,0.21170106,0.19797859,0.16772112,0.14587034,0.12854822,0.13411714,0.13114437,0.10574847,0.09964358,0.08878705,0.06443701,0.06634749,0.06936548,0.04302893,0.03815500,0.03571540,0.02852373,0.02184800,0.02626297,0.03443836,0.02388476,0.02520268,0.02345783,0.04503229,0.02960696,0.03740004,0.04696298,0.05072748,0.06085026,0.05409079,0.05994270,0.08416296,0.08477807,0.08663659,0.08434502,0.09972638,0.11060050,0.11369648,0.11754216,0.11641192,0.11851667,0.11384841,0.11671556,0.10536095,0.09038164,0.09078933,0.06657192,0.08605204,0.07182960,0.07019306,0.07684892,0.07903763,0.09274701,0.10006522,0.08191288,0.09179860,0.11620236,0.12011178,0.13247110,0.17250923,0.18121612,0.24116068,0.24414185,0.30705377,0.35046953,0.41115684,0.40844132,0.43652744,0.44028347,0.49120163,0.45035432,0.45188944,0.50054258,0.42308092,0.39773452,0.35804394,0.32452479,0.28144029,0.22635554,0.19588105,0.17931279,0.16799305,0.14435916,0.13745317,0.11001147,0.10863051,0.10073297,0.10823592,0.11867689,0.09508561,0.09624979,0.09539500,0.11615905,0.09716087,0.10632273,0.12349374,0.14129430,0.17753428,0.21579111,0.22646166,0.26327591,0.31735082,0.30433264,0.37886739,0.38582575,0.43294193,0.45694087,0.48281649,0.49978087,0.47731736,0.52361172,0.50304008,0.48566934,0.50995706,0.46557765,0.48779530,0.47853037,0.47777049,0.46096250,0.44004017,0.42622604,0.39275256,0.34189908,0.30861271,0.28463329,0.20332588,0.20024695,0.16289369,0.12590139,0.11571992,0.12025868,0.09301886,0.10242591,0.09502411,0.10789531,0.13002469,0.10664276,0.12283514,0.11394904,0.10133890,0.13197600,0.11588532,0.11118903,0.11762600,0.14861108,0.12810268,0.13816823,0.14390618,0.13982723,0.14125646,0.14367147
0.02163823,0.00820363,0.01725874,0.01334794,0.02271548,0.00028824,0.01296932,0.00455305,0.00299726,-0.00453261,0.01011762,0.00785975,0.01730487,-0.00647530,0.00075436,0.00258894,-0.00733459,-0.01343152,-0.00506390,-0.01221285,-0.00368194,-0.00555633,-0.01145725,0.01093048,0.02142767,0.00934571,0.01139496,0.02928111,0.01206459,0.01352168,0.01430282,0.02583326,0.02757905,0.01946133,0.02759974,0.03941846,0.03491017,0.06727303,0.06807671,0.07661533,0.10242801,0.12088074,0.10576180,0.10922797,0.10037800,0.09721946,0.07097638,0.06419537,0.06156906,0.04685544,0.03735975,0.03534713,0.02516347,0.03097944,0.02738639,0.02376512,0.00294299,0.01439381,0.04178031,0.01841380,0.02573481,0.03096704,0.01546756,0.02964782,0.03065249,0.04316057,0.01668651,0.02957453,0.01858393,0.03978663,0.02543798,0.04006684,0.04275137,0.04494297,0.06528620,0.08718173,0.10364815,0.11147161,0.11849623,0.12935380,0.14033623,0.12145811,0.11953319,0.12796226,0.14738703,0.16623769,0.18414586,0.19930731,0.27084076,0.29535193,0.31603962,0.35083221,0.36073814,0.40943529,0.43610729,0.44259481,0.49884199,0.49057449,0.45993248,0.46442900,0.42062541,0.39232024,0.34933799,0.33625087,0.26528579,0.21702086,0.18517309,0.14916521,0.12879578,0.12588320,0.12411259,0.10790697,0.11225938,0.12296548,0.12251111,0.12719165,0.13707827,0.13071201,0.13163904,0.11459193,0.10587908,0.09453207,0.07409910,0.09715492,0.06869434,0.07023472,0.07323781,0.07033995,0.07556136,0.08904400,0.09292167,0.09126641,0.11062786,0.13756453,0.12357730,0.13908732,0.17118919,0.18867497,0.20206184,0.19984391,0.22170481,0.24888534,0.24120495,0.25549364,0.26552319,0.28368111,0.24768891,0.22910849,0.22824331,0.21798744,0.21397254,0.20727862,0.22742150,0.27524541,0.27243304,0.27725729,0.28904835,0.26469184,0.25193789,0.24593606,0.22361499,0.18077102,0.15879851,0.14824088,0.11576534,0.10841935,0.08000169,0.08824810,0.07633195,0.07680136,0.09447696,0.08606026,0.07652788,0.10346938,0.09682563,0.09972600,0.10778333,0.11444315,0.11180918,0.13729131,0.14541324,0.13499078,0.17181517,0.17201231,0.18570980,0.19234369,0.22060624,0.21062034,0.20979765,0.21567298,0.21862051,0.20291978,0.20366068,0.18393111,0.18347540,0.16244982,0.15330141,0.14528420,0.12816799,0.16655073,0.15811077,0.16922056,0.16484987,0.16846710,0.20003339,0.20953416,0.24839574,0.24808161,0.29112335,0.31708101,0.36675962,0.39225867,0.43087254,0.49011152,0.53579772,0.57508493,0.64098301,0.63173268,0.65571642,0.66791164,0.65303427,0.61248011,0.58429158,0.56428682,0.49287761,0.44774386,0.41108714,0.34522210,0.32921629,0.28303009,0.24032252,0.24676603,0.23392625,0.22517216,0.20486795,0.20493099,0.21098675,0.20080905,0.20505833,0.18547057,0.19250314,0.20229572,0.18352770,0.18813657,0.17775437,0.19181137,0.20091701,0.19355069,0.25330227,0.26583194,0.30340518,0.34430550,0.42429892,0.47670984,0.48940487,0.56082237,0.58752146,0.58441238,0.60749113,0.58447674,0.59989301,0.59256626,0.60640571,0.55188144,0.55485304,0.57388898,0.56302003,0.56226638,0.55612738,0.53072372,0.48346680,0.48346294,0.39141928,0.39076876,0.33172248,0.24952177,0.22928623,0.21977260,0.17286430,0.15738253,0.16680010,0.14504063,0.14816283,0.14467183,0.14978363,0.15039020,0.13593203,0.18016101,0.16374937,0.14439563,0.16694192,0.17609124,0.15640000,0.18475542,0.17846740,0.17325484,0.17534493,0.17941078,0.19029087,0.19478446,0.20188413
0.08025135,0.07157381,0.07931269,0.08404929,0.06208660,0.06064511,0.05800658,0.06512431,0.05550189,0.05765651,0.06566760,0.04393090,0.05333505,0.05565712,0.06820910,0.06450699,0.04714040,0.06665411,0.04207627,0.04608640,0.04177419,0.07137657,0.05059727,0.05473442,0.04794260,0.06932760,0.07486591,0.07605631,0.06298309,0.07824555,0.06847558,0.04592253,0.07207368,0.07203610,0.08732033,0.10974112,0.13299471,0.14986431,0.13889023,0.17461719,0.17487499,0.20447508,0.18424518,0.17503897,0.15665408,0.15848396,0.13728631,0.10903988,0.08809850,0.08905765,0.06587769,0.05370600,0.05644211,0.05939717,0.05572029,0.05457435,0.04846884,0.06316489,0.04439494,0.05630126,0.06880154,0.05253011,0.05115963,0.04332524,0.04992972,0.04671675,0.05138981,0.05953488,0.05235080,0.06962394,0.05657310,0.05497426,0.08471420,0.09777672,0.11419421,0.14229843,0.17561227,0.18381248,0.20239668,0.20083194,0.19611942,0.23156717,0.23911753,0.25601427,0.28770192,0.33615642,0.36584569,0.44661029,0.44092821,0.46105600,0.48614788,0.48509266,0.50468966,0.45183349,0.39061619,0.36398954,0.33120168,0.27774466,0.24471793,0.22338768,0.20818252,0.16228334,0.12722898,0.14433432,0.10349021,0.09538260,0.10262846,0.09027405,0.09463288,0.10798948,0.12750295,0.12685914,0.14154177,0.14983418,0.16670862,0.18067131,0.14253259,0.14561014,0.13945469,0.11483026,0.10526027,0.08961446,0.08526606,0.07633516,0.06635025,0.05158445,0.06092761,0.05565219,0.07838431,0.07701395,0.09662254,0.08419146,0.10597542,0.12203885,0.11552889,0.16397824,0.18100378,0.19318787,0.21515412,0.25622889,0.26861999,0.28206474,0.27217253,0.27438110,0.27144316,0.28713064,0.24559820,0.19560329,0.17544135,0.15684168,0.13836781,0.12454727,0.12090577,0.11027353,0.08168407,0.10658809,0.07061040,0.06562888,0.07345291,0.05982966,0.07052004,0.05347433,0.04524973,0.05577339,0.04026948,0.06227871,0.06372340,0.04516004,0.05859000,0.06651564,0.06937523,0.07243345,0.07846549,0.08741346,0.10028003,0.11596237,0.14564261,0.15420019,0.17035130,0.22321468,0.22527328,0.26203948,0.30517143,0.29926655,0.33429687,0.34648891,0.35418690,0.35575702,0.34633481,0.34234845,0.29871547,0.27589921,0.26515589,0.25430875,0.23817209,0.18857864,0.17847014,0.15045406,0.13739467,0.12138790,0.11238634,0.12248255,0.11838782,0.11818387,0.12294899,0.15559691,0.14763185,0.16344628,0.16839588,0.19392133,0.24105298,0.25061017,0.26848755,0.27559441,0.31415841,0.34485056,0.34012129,0.36213149,0.35339939,0.37220498,0.31466031,0.31887782,0.28687907,0.27443650,0.23808833,0.21429756,0.18644365,0.17852211,0.16401240,0.15971788,0.13767976,0.11907035,0.12105874,0.12797294,0.12538657,0.11746567,0.10905880,0.10712025,0.09672332,0.11064006,0.10208331,0.08843518,0.10137127,0.09991740,0.10749241,0.13764313,0.13449602,0.17055225,0.19247584,0.21404142,0.25018011,0.26693545,0.29601218,0.28198086,0.30633569,0.33012722,0.33853022,0.36194028,0.37759151,0.39141749,0.32816160,0.35104164,0.33743397,0.31810427,0.33175844,0.31962618,0.29288909,0.28817369,0.28141780,0.25616003,0.23435384,0.21277810,0.17418037,0.16498939,0.12774156,0.10399705,0.08208760,0.09754699,0.08299658,0.09595218,0.07406832,0.09072680,0.10110054,0.11078123,0.09912736,0.10579192,0.12317307,0.12233488,0.12138762,0.10632765,0.13776511,0.12558012,0.15200213,0.13869541,0.13870307,0.16681249,0.18052969,0.15224507,0.15314216,0.15017026,0.16288263
0.04461265,0.05197566,0.06024403,0.07737429,0.08655319,0.08939366,0.10165510,0.08385749,0.08932917,0.08560447,0.07341852,0.06696750,0.04766864,0.03473091,0.02893536,0.02712130,0.03309176,0.02381875,0.02885162,0.03718187,0.02880967,0.02826671,0.03083177,0.03857785,0.07582441,0.06339778,0.08729501,0.09617152,0.09626663,0.10715509,0.08880054,0.07507556,0.07273317,0.05534263,0.05969911,0.03440100,0.02738325,0.04379642,0.04632858,0.03107312,0.04276340,0.06274052,0.06506371,0.04504997,0.04347010,0.04405967,0.05262999,0.03404504,0.03351546,0.03173770,0.02869225,0.01502249,0.02133666,0.03062788,0.03349820,0.02036004,0.04058453,0.01599114,0.03220021,0.03025762,0.01731220,0.01831168,0.03009981,0.03311138,0.01955318,0.03384034,0.01489981,0.01342727,0.02487152,0.02548928,0.02054251,0.02766518,0.04023715,0.03157864,0.03612980,0.03975124,0.05809562,0.03832973,0.04508459,0.04061738,0.05921681,0.06185803,0.07725921,0.06855093,0.09244640,0.10348438,0.14289294,0.14361290,0.18791457,0.21623547,0.22816208,0.28861213,0.26942365,0.34077750,0.36837900,0.41488696,0.45585815,0.51846694,0.55698341,0.56628752,0.58683445,0.61996132,0.60499491,0.53448018,0.49326122,0.45151167,0.37942484,0.29870828,0.25614142,0.19746878,0.17073389,0.14048172,0.11745764,0.12388336,0.10683588,0.11088703,0.12801330,0.13901114,0.10100007,0.11062457,0.11570735,0.10954906,0.08695730,0.08777831,0.05893068,0.07113068,0.06548936,0.08002065,0.11539212,0.13439126,0.15131743,0.17074302,0.20740003,0.25324623,0.26590470,0.29470861,0.31718641,0.31935059,0.31732215,0.32795333,0.29937538,0.28491795,0.24145208,0.21014310,0.20970514,0.17837796,0.14132314,0.12234050,0.12246170,0.10777916,0.11649543,0.10195313,0.12529142,0.14412112,0.17411458,0.17028712,0.20522351,0.21142573,0.18595419,0.16478286,0.13481453,0.13188043,0.09736126,0.08196446,0.05048347,0.05879035,0.02450897,0.03192713,0.01542564,0.01295197,0.02618623,0.03188310,0.01664890,0.02639379,0.02224865,0.02648406,0.01982311,0.03107546,0.01499754,0.04289128,0.03588216,0.02657254,0.03840374,0.03558479,0.03329598,0.03376111,0.04720037,0.04560200,0.03553340,0.03764515,0.04586495,0.05743562,0.03927840,0.05168570,0.04461498,0.05691389,0.05596402,0.06133471,0.08699295,0.09130313,0.11712119,0.15416004,0.18286880,0.24018864,0.24904036,0.31874079,0.35015701,0.40164155,0.44144932,0.47137441,0.57457069,0.59435250,0.63732450,0.70018083,0.71290779,0.73875590,0.73199044,0.71691283,0.72315694,0.67499618,0.65160598,0.63249344,0.57967082,0.53926887,0.50525161,0.44404360,0.39209594,0.35050704,0.32768367,0.30617426,0.28963118,0.32662705,0.33794217,0.34073431,0.33907597,0.37917731,0.39777301,0.36483385,0.37628148,0.36960679,0.31156202,0.32243306,0.28235979,0.23340916,0.21028926,0.18522836,0.15507050,0.17409982,0.15868006,0.17551979,0.21367151,0.23108495,0.28705741,0.32424294,0.38301233,0.42599220,0.48424898,0.49695677,0.54506029,0.56082090,0.53026418,0.57220854,0.54103776,0.47112910,0.44960264,0.44713830,0.40142869,0.36694654,0.35141982,0.31985618,0.27424289,0.28519198,0.24583411,0.19185508,0.15941685,0.12030490,0.10144709,0.08305381,0.05535535,0.04424386,0.03307869,0.02340033,0.03543581,0.01922656,0.02936907,0.01227376,0.01298344,0.02141971,0.02304269,0.01771676,0.01033668,-0.00780010,0.02399261,0.01750544,0.01546965,0.01479459,0.03031065,0.02896769,0.00701999,0.01470880,0.02645281
-0.08062035,-0.08819853,-0.07702693,-0.08031873,-0.06603129,-0.07628441,-0.04460711,-0.05137530,-0.06631501,-0.07848548,-0.07615853,-0.09933930,-0.08345454,-0.10724739,-0.10616399,-0.08791609,-0.08690926,-0.10099166,-0.10520365,-0.11242545,-0.09963013,-0.08860191,-0.09881809,-0.08418349,-0.05885219,-0.07331050,-0.04613840,-0.01958276,-0.03245407,-0.02678594,-0.04811221,-0.06318626,-0.05672007,-0.06028580,-0.05704042,-0.04753859,-0.02986411,-0.01091821,0.00945089,0.01033689,0.02782428,0.03316731,0.02984093,0.03708660,0.02947942,0.00263467,-0.00566242,-0.03481231,-0.02901743,-0.05191910,-0.04859176,-0.06936657,-0.05476843,-0.06427109,-0.06465495,-0.07013596,-0.07494839,-0.08056666,-0.07486286,-0.07468089,-0.06367190,-0.07339005,-0.06876151,-0.07672955,-0.05397025,-0.06780492,-0.06530575,-0.06114455,-0.04787720,-0.04083391,-0.05091250,-0.04612647,-0.04569904,-0.02550255,-0.01309599,0.02579746,0.02277425,0.03037324,0.05802202,0.05286979,0.06248389,0.06081755,0.07917384,0.08287638,0.13141679,0.15632478,0.19743017,0.23197542,0.28404906,0.30417694,0.33507625,0.36184387,0.37793027,0.38749892,0.41497898,0.39958457,0.38522120,0.39415480,0.38907246,0.39581465,0.37123817,0.33876497,0.30863021,0.26817798,0.22514767,0.18398900,0.14068042,0.12939206,0.07907750,0.07449564,0.08121373,0.08187039,0.08743226,0.10156916,0.11220713,0.12357014,0.12931390,0.12342077,0.10921000,0.09444683,0.06973483,0.03357602,0.03911266,0.02116925,0.00416126,0.01717452,0.00928743,0.03363827,0.05171425,0.06027611,0.07937828,0.11358665,0.13936464,0.17237841,0.19187569,0.19660542,0.21965855,0.22083778,0.25129946,0.26372575,0.25173781,0.24978253,0.25469398,0.23833569,0.21136922,0.22026749,0.17847905,0.16794661,0.13450364,0.12468679,0.11016641,0.09903279,0.09499556,0.10930808,0.10135337,0.06822686,0.07021027,0.07178781,0.05842218,0.03611200,0.01806963,0.01859952,0.01342835,0.00967777,0.00127907,-0.00369346,-0.00062591,-0.01082196,-0.00330967,-0.00031603,-0.00408476,-0.01276997,-0.00596989,0.00533416,0.02093820,0.02017224,0.01849458,0.03422627,0.04297476,0.04881275,0.04197299,0.08187037,0.08954807,0.08700778,0.10268388,0.12107498,0.12839035,0.11420918,0.11654196,0.12048205,0.12494128,0.11116660,0.11233444,0.09974432,0.09652124,0.11304719,0.09355726,0.09505050,0.10269269,0.09526079,0.13261551,0.12802786,0.17596993,0.20818034,0.24048376,0.25591624,0.29624576,0.36986730,0.38495174,0.43538447,0.45896968,0.50503788,0.51226494,0.54828333,0.57526581,0.58877613,0.58721428,0.61846970,0.59504409,0.57074738,0.53344128,0.53086445,0.45789449,0.45092739,0.41927725,0.33803238,0.32770015,0.29706990,0.26431911,0.26364287,0.27125203,0.27062517,0.23983174,0.25915660,0.28715146,0.27140979,0.26711483,0.25536310,0.23580037,0.22081997,0.22297742,0.18982491,0.15565893,0.14141537,0.13969252,0.14806122,0.15061374,0.16770322,0.22775362,0.24768108,0.27410870,0.33652518,0.38171122,0.39828710,0.44899248,0.46682260,0.49904045,0.51846575,0.52437931,0.49158147,0.49527466,0.48855472,0.43404780,0.41785360,0.37331352,0.35705088,0.35139445,0.34479771,0.32806505,0.26614704,0.28542519,0.22597599,0.20305820,0.15318023,0.12533851,0.10727918,0.06963981,0.07199154,0.07020623,0.05761780,0.05423982,0.04929094,0.05750134,0.04780961,0.04167449,0.04874605,0.05834368,0.05162527,0.06795355,0.07694815,0.04986791,0.04809795,0.06161560,0.07223087,0.07611574,0.06512476,0.07871280,0.08057714,0.06894509,0.06275196,0.07969171
0.02063948,0.04703272,0.04579925,0.04407897,0.04446329,0.04904775,0.06098770,0.05144792,0.04194790,0.04171118,0.05469470,0.02472378,0.04106564,0.04287992,0.02115268,0.01563022,0.04526654,0.03717453,0.04347389,0.03697662,0.05339810,0.04547707,0.06476132,0.04504588,0.05766460,0.06623458,0.08901300,0.07561433,0.08655996,0.08464898,0.09092029,0.08484132,0.07812618,0.07917878,0.09135705,0.08590708,0.09425241,0.09526870,0.10407305,0.12269181,0.12402680,0.13909099,0.14977560,0.14592656,0.13251698,0.14318980,0.11646947,0.11791317,0.10668287,0.08281964,0.10191685,0.08075752,0.08295247,0.08053160,0.06493119,0.07913142,0.08219016,0.06416629,0.08761328,0.07976112,0.08022556,0.08092806,0.10098416,0.09380153,0.09049269,0.09358769,0.09666347,0.09446839,0.10185638,0.10386907,0.09130598,0.09545814,0.10599147,0.11936172,0.13601054,0.14750049,0.15940601,0.15955269,0.17766600,0.17146131,0.16926461,0.18256329,0.18397740,0.16639606,0.18150804,0.18125113,0.22117620,0.24125005,0.28386360,0.29911675,0.34238891,0.38838367,0.43196118,0.47649600,0.52964472,0.59345925,0.62680156,0.64549490,0.67703489,0.67303256,0.68721457,0.62446141,0.59488241,0.54913493,0.46976641,0.39459592,0.36297882,0.29022640,0.26937147,0.22393549,0.21436231,0.20697547,0.20808948,0.18039054,0.17945066,0.18902384,0.19996493,0.21314866,0.21328590,0.20791616,0.17950200,0.18038678,0.18011589,0.16791680,0.18313160,0.20074886,0.18839014,0.19438245,0.19533903,0.21521577,0.22212985,0.24503859,0.25391446,0.26601096,0.31023220,0.31258294,0.29724161,0.34533935,0.32404493,0.33957185,0.36123027,0.35449016,0.32612155,0.34036748,0.33602109,0.34134592,0.35532758,0.31998972,0.31399137,0.31909912,0.34161159,0.34778248,0.38790242,0.43621013,0.45130830,0.47404419,0.48765992,0.47204656,0.45136061,0.40840870,0.39746505,0.33148907,0.29775973,0.26540137,0.25178610,0.20172940,0.22368495,0.19098976,0.19342059,0.19460306,0.20274466,0.19884982,0.18622009,0.20264657,0.20995232,0.19735953,0.22077440,0.21722342,0.21445845,0.22162312,0.23929255,0.22738030,0.21331568,0.24188271,0.25538951,0.24377213,0.24288054,0.25307081,0.26567532,0.25754014,0.24296513,0.27322262,0.26247897,0.25419897,0.23900037,0.24794852,0.24439104,0.25977658,0.26900858,0.27856224,0.28728956,0.29107301,0.30499109,0.30862714,0.38619592,0.41094761,0.42072285,0.45155878,0.52905292,0.56494906,0.62236182,0.64882742,0.71653501,0.75253925,0.86310790,0.86822570,0.90437846,0.89136566,0.89181030,0.86999865,0.86622833,0.80056701,0.76394135,0.73075691,0.67331564,0.60431936,0.56877375,0.49475466,0.49674377,0.45095481,0.38546837,0.40134546,0.40856609,0.39365830,0.43598337,0.39157259,0.41066866,0.40291699,0.36797971,0.39347301,0.37623219,0.34944239,0.34219880,0.30568540,0.30687520,0.31627116,0.32321585,0.36889180,0.38302481,0.40528054,0.44445726,0.52386775,0.56663561,0.68374744,0.72685556,0.78630826,0.77531727,0.84271848,0.80921434,0.82433327,0.82240016,0.79056542,0.76224718,0.72728158,0.76981879,0.75285849,0.71469351,0.76255906,0.73946363,0.69341821,0.69071546,0.61425442,0.57389800,0.54390329,0.44466741,0.40094348,0.33941436,0.32425082,0.28742473,0.26764281,0.26897380,0.24750719,0.25707806,0.27900569,0.25698996,0.25107642,0.25245494,0.25331579,0.25753186,0.26460858,0.26850829,0.27060998,0.26488836,0.26566950,0.27763777,0.26946467,0.28203532,0.27001103,0.30214639,0.27389865,0.28648869
0.03658523,0.02839360,0.04210154,0.03106745,0.05322147,0.03909022,0.04195873,0.03085332,0.04356680,0.03953704,0.03293249,0.02356297,0.02817112,0.01838846,0.02425539,-0.00126200,0.01159673,0.01989522,0.02038567,0.02097893,0.00743840,0.02368920,0.01507043,0.01306080,0.03786755,0.02191820,0.05327672,0.02889368,0.04359686,0.05175893,0.03536164,0.04647116,0.02625221,0.02974263,0.03709709,0.03542820,0.05012121,0.06549278,0.07241023,0.07819978,0.10302808,0.09417154,0.07886648,0.08608584,0.09289318,0.07426695,0.06143128,0.05473559,0.05011809,0.04960248,0.03081712,0.02217049,0.03757837,0.02874468,0.02693470,0.01514491,0.01402643,0.02091461,0.02532761,0.02093050,0.01633636,0.01278386,0.01351293,0.01211235,0.00824188,0.00774145,0.02353315,0.01475818,0.03672562,0.02333553,0.02517246,0.02631488,0.03040935,0.04931728,0.04201574,0.05911808,0.08153951,0.09369717,0.11331021,0.09125222,0.13144137,0.13070481,0.13593174,0.17398960,0.18935300,0.22159255,0.26971007,0.30979371,0.35701859,0.38020837,0.42741157,0.42564937,0.46004284,0.45538030,0.45132749,0.46825560,0.44528658,0.42018373,0.41644782,0.37771398,0.34213265,0.31516113,0.27913230,0.26277277,0.20924890,0.20388473,0.15418745,0.13325347,0.11368258,0.10624900,0.08121711,0.10198808,0.10196319,0.10384263,0.12860719,0.13359672,0.14792863,0.12843246,0.13021087,0.11464903,0.12220295,0.08914960,0.06890639,0.05230411,0.04790649,0.05972393,0.06232140,0.02832984,0.04769701,0.06137724,0.07667147,0.10321463,0.08228007,0.09456249,0.11054806,0.13976230,0.14739843,0.15723361,0.15482825,0.17441028,0.17891813,0.18431221,0.19030345,0.17790189,0.15314114,0.14630992,0.14591726,0.13955588,0.13704623,0.12651315,0.12478404,0.12060969,0.12116192,0.13700638,0.14291680,0.14484448,0.11749813,0.11095862,0.11699576,0.10925082,0.07505606,0.07377688,0.05252468,0.04297563,0.04406458,0.02892090,0.03207844,0.02639612,0.00866935,0.02586398,0.02827448,0.02881472,0.03304261,0.03287939,0.04367649,0.05649771,0.05501711,0.07033059,0.10406313,0.10960561,0.11961106,0.12049697,0.15985860,0.18316776,0.21065807,0.19511651,0.21455364,0.25641604,0.24527500,0.24006724,0.25999783,0.24144941,0.20850156,0.18702207,0.18502323,0.15610435,0.14610783,0.11145791,0.13717176,0.12993506,0.12059456,0.12422479,0.11463696,0.13562846,0.16177287,0.17254025,0.18049977,0.22523054,0.23460044,0.27091240,0.29416814,0.35292614,0.35629022,0.39246145,0.43265268,0.47382208,0.47298251,0.48157411,0.54313501,0.47944606,0.49215608,0.46270572,0.42703644,0.35683568,0.37708458,0.31440767,0.27582655,0.24098928,0.23142740,0.19721301,0.20474926,0.18794237,0.16420586,0.15998119,0.14564507,0.16450477,0.18384182,0.15712410,0.13820688,0.12387689,0.11305755,0.12659500,0.10497143,0.09007173,0.10873092,0.11095831,0.10866675,0.11079927,0.16172904,0.19467114,0.21221809,0.25921759,0.31433474,0.32218223,0.39532253,0.37792403,0.40234290,0.40907604,0.42441691,0.40922104,0.38007747,0.39171816,0.37292849,0.37244034,0.32876786,0.28742233,0.33570294,0.30708782,0.28670799,0.27772873,0.26601543,0.23228125,0.20059003,0.17848012,0.12798297,0.12193750,0.09983114,0.08443664,0.06517920,0.06078698,0.05594896,0.05488641,0.03960854,0.07337059,0.04936010,0.06224316,0.06320673,0.05880108,0.06541727,0.06663440,0.09147577,0.08502825,0.11024476,0.10531556,0.09538617,0.10611246,0.10296791,0.10239869,0.10867266,0.11458385,0.11562108
-0.06395572,-0.05810078,-0.04633085,-0.06005150,-0.05662107,-0.06011913,-0.05528783,-0.05901492,-0.06317928,-0.04482315,-0.04684923,-0.06143869,-0.06421720,-0.07480387,-0.06488190,-0.05845661,-0.04920823,-0.06447927,-0.07560252,-0.07487073,-0.07644471,-0.06696403,-0.08472063,-0.05052603,-0.05935102,-0.03616045,-0.05259775,-0.03126706,-0.03912385,-0.03893925,-0.04158065,-0.02477932,-0.02283916,-0.03528282,-0.00395833,0.00000236,0.02605883,0.06526535,0.08319619,0.12455266,0.12647157,0.13061502,0.14371462,0.12071414,0.10531609,0.07696028,0.05684071,0.03150844,-0.01102030,-0.00882312,-0.02805339,-0.03345357,-0.04377009,-0.04187447,-0.04829720,-0.06833885,-0.05189157,-0.06059835,-0.05161353,-0.05558161,-0.03920565,-0.06657384,-0.04450821,-0.04638717,-0.06236161,-0.04379101,-0.05032726,-0.04528444,-0.04119768,-0.04036114,-0.03608780,-0.01510525,0.00036335,0.03375940,0.04833450,0.07988348,0.10749607,0.12596716,0.10425948,0.08853626,0.08259295,0.06399249,0.04455573,0.05588665,0.04926033,0.09779253,0.11055120,0.11508001,0.15825749,0.18874421,0.22846237,0.26546400,0.32046380,0.32790763,0.37321565,0.42212020,0.45061171,0.43831871,0.44670467,0.41839743,0.37016610,0.31328838,0.26912058,0.23410140,0.15609072,0.11419561,0.07896221,0.04181178,0.03397569,0.01401650,0.03743984,0.01803063,0.02197456,0.03018045,0.04284644,0.04272285,0.02687559,0.02137994,0.02369524,0.01968824,0.00225943,0.00421751,-0.00897873,-0.00018163,0.01745320,0.00542123,0.01111658,0.01383037,0.01425310,0.02350162,0.05678340,0.06823877,0.09666924,0.11757738,0.15303976,0.17210955,0.18966590,0.22353840,0.26204364,0.28631547,0.30153581,0.31955434,0.31130209,0.31474000,0.31306954,0.29221646,0.27447395,0.27537001,0.21804640,0.23626409,0.25246565,0.22850125,0.24503958,0.26195032,0.28957955,0.24590371,0.24319039,0.18771507,0.18498844,0.13659820,0.10343688,0.05977578,0.04652173,0.02797122,0.01563220,0.02028035,0.01139630,0.00936735,-0.00953492,-0.00033697,0.00303681,-0.00895426,-0.00685717,0.00565384,0.01558706,0.02255906,0.01420719,0.02175045,0.01513628,0.04697547,0.03754429,0.05352690,0.05999270,0.06983235,0.07514744,0.06828863,0.06304797,0.07988667,0.07021436,0.08465172,0.07175174,0.07334930,0.07691507,0.05311063,0.06051353,0.05383378,0.03791945,0.05581233,0.05407711,0.06080670,0.07234202,0.08399864,0.11551701,0.16096350,0.16193332,0.19642762,0.24105698,0.28824335,0.31431489,0.36849051,0.41873773,0.45822740,0.54671906,0.56821697,0.56929883,0.62527423,0.60234927,0.58975791,0.61786175,0.56807131,0.51894918,0.46523992,0.43165931,0.37486155,0.32012114,0.29260577,0.23023752,0.22059821,0.19556240,0.19705549,0.14378338,0.13479599,0.14164960,0.14313399,0.15238191,0.14180465,0.14752342,0.13855506,0.13445129,0.11159920,0.09562968,0.10206097,0.09712043,0.11163736,0.11156612,0.11598633,0.15700300,0.17950854,0.25016849,0.28902387,0.34907464,0.42788803,0.48111369,0.54370002,0.57636837,0.63065878,0.63243727,0.66163330,0.65657090,0.68638819,0.66256152,0.67436690,0.67988972,0.64760735,0.65984124,0.65414862,0.61215615,0.63405224,0.59007367,0.54014363,0.45371612,0.38822221,0.31848157,0.24624568,0.20630041,0.15023493,0.13057933,0.09107913,0.10079410,0.07775327,0.05667433,0.06087879,0.05936544,0.07088583,0.07613509,0.05218158,0.06194794,0.08268767,0.07467499,0.06807860,0.05708700,0.06571505,0.06870206,0.09285481,0.07621147,0.09271316,0.09077169,0.08711339,0.08527625,0.08511346,0.08724287
-0.03281298,-0.04706941,-0.02303950,-0.02783792,-0.03954501,-0.00646960,-0.01388723,-0.01387531,-0.00403475,-0.02349701,-0.02549182,-0.03789774,-0.05175219,-0.03942913,-0.04893423,-0.06275792,-0.05952244,-0.06070606,-0.07560640,-0.06927862,-0.07529309,-0.06514417,-0.07181509,-0.05145281,-0.03477693,-0.02375480,-0.02513936,-0.02394644,0.00147420,0.02085077,0.00378867,-0.00119490,-0.03277291,-0.04612145,-0.03029060,-0.03013306,-0.05075303,-0.02526141,-0.01315849,-0.01202482,0.01471482,0.00245357,0.02490532,0.04021817,0.02057510,0.03217106,0.00940705,-0.01701446,-0.02862804,-0.04916852,-0.03098961,-0.03970428,-0.06145670,-0.05293330,-0.06269207,-0.06724414,-0.07877766,-0.04579383,-0.06919393,-0.06818215,-0.06994761,-0.07572933,-0.07383416,-0.07019087,-0.05280476,-0.04723975,-0.07628435,-0.07501406,-0.07303973,-0.05882529,-0.05553823,-0.05253925,-0.05999066,-0.04311109,-0.03124730,-0.03902259,-0.01525217,0.01093912,0.00537107,0.03245277,0.01002212,-0.00189901,-0.00203400,-0.00219961,0.01309584,-0.00105062,0.03271934,0.01645584,0.06085964,0.07420110,0.11372262,0.13266906,0.15929696,0.19152021,0.22284403,0.26361074,0.31662912,0.31683342,0.35990391,0.37427738,0.35330734,0.42616940,0.39639427,0.39055910,0.33393604,0.28188007,0.23807994,0.15603265,0.11619831,0.07278900,0.03812412,0.01938340,-0.00093572,0.00810507,-0.00309366,-0.00461880,0.00593541,0.00979638,-0.00595313,-0.00439660,-0.01606207,-0.02200912,-0.02948705,-0.05067914,-0.02616706,-0.04038465,-0.03146725,-0.02288903,0.00393651,0.02816856,0.04294499,0.05400060,0.10114025,0.12904168,0.13529220,0.16699687,0.18894464,0.22700289,0.20738768,0.23063386,0.20390809,0.22028399,0.20473939,0.17964464,0.17327709,0.18287754,0.13653519,0.11672752,0.09178140,0.08376537,0.07028532,0.05491445,0.07084565,0.07296004,0.07230523,0.08882216,0.08031013,0.09130168,0.07659986,0.04638385,0.02958306,0.02657513,0.00177572,-0.03153578,-0.04379983,-0.05649883,-0.07028044,-0.05695350,-0.08528567,-0.06242259,-0.09383973,-0.07692188,-0.06701097,-0.07100982,-0.06843781,-0.06766794,-0.06322550,-0.06661013,-0.05449718,-0.07025050,-0.06245489,-0.05074520,-0.03085387,-0.04550445,-0.01365581,-0.03880661,-0.01778235,-0.02252065,-0.01829925,-0.01965451,-0.01119518,-0.01348413,-0.02268772,-0.02306806,-0.02330880,-0.03535451,-0.02344383,-0.01412731,-0.01337776,0.01747375,0.03810656,0.04299032,0.06896219,0.12705163,0.14961206,0.17720941,0.22036709,0.27283122,0.29280582,0.35386589,0.41066442,0.41537390,0.46303297,0.47017454,0.51278457,0.49446208,0.48119539,0.51993079,0.46225387,0.45320707,0.41711777,0.40952068,0.36353013,0.28239820,0.27961616,0.24315181,0.20373116,0.17721463,0.16561144,0.14539506,0.15027998,0.15554608,0.15859844,0.18288982,0.22804338,0.22821431,0.23636908,0.24048382,0.23009991,0.19701540,0.18406702,0.16028311,0.13266348,0.08347897,0.07374422,0.05355153,0.03333421,0.03625741,0.06125891,0.06068215,0.08540396,0.09590223,0.15565782,0.18882582,0.24380957,0.28681758,0.33263504,0.36913401,0.41117119,0.43721956,0.41114901,0.43398633,0.40611845,0.41599624,0.36235931,0.35435469,0.32987092,0.32659909,0.29266507,0.27119774,0.24336697,0.22156379,0.19733751,0.16563616,0.12956942,0.07078633,0.02461112,-0.00696928,-0.03420154,-0.04243348,-0.04000899,-0.05114239,-0.06802927,-0.05831190,-0.06254911,-0.06988860,-0.07280215,-0.04943988,-0.07910188,-0.06509456,-0.07456633,-0.05402323,-0.06466609,-0.06613906,-0.05499488,-0.05279553,-0.05102419,-0.06051382,-0.06336580,-0.04815468,-0.05248061
-0.04476952,-0.01466865,-0.03532803,-0.02498906,-0.02827030,-0.01997519,-0.03626505,-0.03062243,-0.04659486,-0.04200463,-0.03957411,-0.02655703,-0.03830778,-0.03084399,-0.03010791,-0.01994891,-0.01445340,-0.04675939,-0.03271333,-0.04105687,-0.03298013,-0.02335968,-0.01734494,-0.04054474,-0.03311119,-0.02095194,-0.02570950,-0.03913337,-0.00316992,-0.01932045,-0.01055822,-0.03787098,-0.02841749,-0.01047669,-0.02083621,0.00127745,0.00920129,0.00733642,0.03273580,0.02369119,0.04329271,0.04179926,0.05114116,0.02926880,0.03236899,0.03740027,0.01776560,-0.00697100,0.00360569,-0.00563924,-0.01966899,-0.01560987,-0.01025325,-0.03586719,-0.01869042,-0.00715398,-0.00956714,-0.02030465,-0.00995751,-0.01748653,-0.01994190,-0.00866514,-0.02383731,-0.00629774,-0.01032865,-0.01809535,-0.01396000,-0.00600085,-0.01756226,-0.00754559,0.00353891,0.00555330,0.00700625,0.00784584,0.02824134,0.03769416,0.05381120,0.07145063,0.07787756,0.08859552,0.09005804,0.10676871,0.13320033,0.15885720,0.18570525,0.22627320,0.28553449,0.32786408,0.33632478,0.38726308,0.41196788,0.40834458,0.41201576,0.38685596,0.39047389,0.35465240,0.33651986,0.31272955,0.28317006,0.25450207,0.20468609,0.16689509,0.17638691,0.13884256,0.10800539,0.10884587,0.09256807,0.06925452,0.07950491,0.05929472,0.08247063,0.10533427,0.14553919,0.13024531,0.14913403,0.16574283,0.16484725,0.14361119,0.13627850,0.11720139,0.09604916,0.08337003,0.05976524,0.05297474,0.04203081,0.04131531,0.04853979,0.04236138,0.03896032,0.05768038,0.06288527,0.07138763,0.07764256,0.09281354,0.09304191,0.10565762,0.11220864,0.12317342,0.14182673,0.13481771,0.14737844,0.16056314,0.14810298,0.14093128,0.15166671,0.13223235,0.12802949,0.12138337,0.12380702,0.11138763,0.11698888,0.09929956,0.11415990,0.09546178,0.09218811,0.08855581,0.09021090,0.08548030,0.09084127,0.07321750,0.07654868,0.05114505,0.05638289,0.06560928,0.06741625,0.05085186,0.05182031,0.06498607,0.06283793,0.06136254,0.05932565,0.05092210,0.07781718,0.07549022,0.07979782,0.10258163,0.09128059,0.12768228,0.13574760,0.13865163,0.17275651,0.17742111,0.21879754,0.24223038,0.26038802,0.26210597,0.24202280,0.28100057,0.28622681,0.27279984,0.26277612,0.24226391,0.24087915,0.21259906,0.20553474,0.21248182,0.16634112,0.16047306,0.15055750,0.17259674,0.14008450,0.15057813,0.16115845,0.16763225,0.16762367,0.18239193,0.20106655,0.23362790,0.25801661,0.27581208,0.29513266,0.31595642,0.34181396,0.37366633,0.40908104,0.43168132,0.42803299,0.43514966,0.46745057,0.44262185,0.42431062,0.44431736,0.41426559,0.37489203,0.37486575,0.32757997,0.31805893,0.27689244,0.25534404,0.23603147,0.23264551,0.21036314,0.21491922,0.21775306,0.19706931,0.18812905,0.16927261,0.18027635,0.18185638,0.16844835,0.17324289,0.15888634,0.17158492,0.16738968,0.17652583,0.19819474,0.20798465,0.23711696,0.23946285,0.29020406,0.31249898,0.33655922,0.37907075,0.40063304,0.40365347,0.42850730,0.42766728,0.40004669,0.43008659,0.38273147,0.38847775,0.36661905,0.35082391,0.32164146,0.31487790,0.28879700,0.29234453,0.26570725,0.24990909,0.26419467,0.24763816,0.23695846,0.21245584,0.21577868,0.21120512,0.17235026,0.16434209,0.15486324,0.16694546,0.14749526,0.17899576,0.16402726,0.16274248,0.17030101,0.16989124,0.18150027,0.16780033,0.17812792,0.18557502,0.20274648,0.19251591,0.19583688,0.20438897,0.20830005,0.22080854,0.22186084,0.21336778,0.22254973,0.23880841,0.23004989,0.21725285
0.07235056,0.06676818,0.06711866,0.06273275,0.05958380,0.05752033,0.05024164,0.04864857,0.05300627,0.05908773,0.04598741,0.05266821,0.04592680,0.06772264,0.07342775,0.06560962,0.05054039,0.05628211,0.06554682,0.05198376,0.06289575,0.05486423,0.05172349,0.06976166,0.05876579,0.07113165,0.06942906,0.07681048,0.08915573,0.08462173,0.05624014,0.06975386,0.06361382,0.07875163,0.09799229,0.09976951,0.10395180,0.12903528,0.12352404,0.14378920,0.15154776,0.17557156,0.15584864,0.15233068,0.15021481,0.12990050,0.12715300,0.10304829,0.08863028,0.08502285,0.08512457,0.06451386,0.07317753,0.06210154,0.05672576,0.07619484,0.07244923,0.06796041,0.07430734,0.05915422,0.06351466,0.07060470,0.07216189,0.06647410,0.07798647,0.06088699,0.06708149,0.08016958,0.06273123,0.07480756,0.09225242,0.08330787,0.11106496,0.11364338,0.13133091,0.14551945,0.17023105,0.17608269,0.16676444,0.17976031,0.17164316,0.18593350,0.19153539,0.21919693,0.26619544,0.28262232,0.27771731,0.34812904,0.34479559,0.40232939,0.39245997,0.43047898,0.45504271,0.46683579,0.46662282,0.45190120,0.43484203,0.42827470,0.40749316,0.36772219,0.34277611,0.31408460,0.26046831,0.23952072,0.20008085,0.19604327,0.16084798,0.15163975,0.14460914,0.14718130,0.13302922,0.15599620,0.16573406,0.16540400,0.18976465,0.20921130,0.17902625,0.18338177,0.16233718,0.15996897,0.11898648,0.12993376,0.11340973,0.10819608,0.10910958,0.09435103,0.11186264,0.11672519,0.10828122,0.10926374,0.12689289,0.13652119,0.15502583,0.16257373,0.18129659,0.18262473,0.19173156,0.21623298,0.23035664,0.24353033,0.26882117,0.25933276,0.25485986,0.26555738,0.25755697,0.22323816,0.23866440,0.23373183,0.24369579,0.21725743,0.24098350,0.21040262,0.22779694,0.24179317,0.25352317,0.23755438,0.23952431,0.20847962,0.15832676,0.17143401,0.13686511,0.13585693,0.12142750,0.12750797,0.09930363,0.10347781,0.09602255,0.09518268,0.09375702,0.09985661,0.10501497,0.10013832,0.08966869,0.10176966,0.11265974,0.11310357,0.13852937,0.14929511,0.16367965,0.15949238,0.19513601,0.19926215,0.21587855,0.18863353,0.24336563,0.23804993,0.23858948,0.25159883,0.23745365,0.25021380,0.26007250,0.21517619,0.22458240,0.18843941,0.18814866,0.16642530,0.15464085,0.15265855,0.14478122,0.14760060,0.15948260,0.15041414,0.16002144,0.17237535,0.20381046,0.21282876,0.23177023,0.27289904,0.30273484,0.32732584,0.36104877,0.40600250,0.44702957,0.46618382,0.51131010,0.53283976,0.54396884,0.57444381,0.53562735,0.52918554,0.50591217,0.47358118,0.46280967,0.38437881,0.33209598,0.33495224,0.28570580,0.26615292,0.22938860,0.21138311,0.20535735,0.21059520,0.18345426,0.18152065,0.18078295,0.19263668,0.15937872,0.13917799,0.17178925,0.14252819,0.13902835,0.15458958,0.16090482,0.17494844,0.16044685,0.20237616,0.22194513,0.23495131,0.28554613,0.31357776,0.37325110,0.41509535,0.42428685,0.46402866,0.49431455,0.49462400,0.49321221,0.49023790,0.50531274,0.53149282,0.44868246,0.45240732,0.44105898,0.43442574,0.43179458,0.42898969,0.42535523,0.44057216,0.39942292,0.34311397,0.31842796,0.29758770,0.25615980,0.21509204,0.18335535,0.13908147,0.14725160,0.12348978,0.12644534,0.11688466,0.12287579,0.12086203,0.12518880,0.11472418,0.12105361,0.13499561,0.12573996,0.13745824,0.14687251,0.12210462,0.16310536,0.14850375,0.14470446,0.14935889,0.14568888,0.14956212,0.16774154,0.17137653,0.14636233,0.17084549,0.15889275
-0.08634017,-0.08003682,-0.10064658,-0.08676143,-0.09203620,-0.08143001,-0.08304572,-0.09169609,-0.09653664,-0.10225139,-0.11808832,-0.10054903,-0.11772085,-0.10332956,-0.10734291,-0.11161479,-0.11507395,-0.11254203,-0.11774661,-0.11930328,-0.08803774,-0.10334143,-0.08344921,-0.09864822,-0.09057240,-0.09636235,-0.07678126,-0.06841944,-0.06272584,-0.06794041,-0.07184424,-0.06632721,-0.07234703,-0.05405940,-0.04080305,-0.02913235,-0.01425580,0.01495915,0.04889959,0.07086472,0.07187837,0.09746226,0.07646712,0.09041467,0.06966647,0.03109646,0.02660326,-0.00301959,-0.01336581,-0.03443054,-0.03775980,-0.04947574,-0.07723972,-0.07537005,-0.07725156,-0.08905963,-0.08361338,-0.08310743,-0.09103042,-0.07753370,-0.08768185,-0.08813649,-0.07877269,-0.07750510,-0.07161485,-0.07986122,-0.06374804,-0.06315835,-0.07201024,-0.04440852,-0.06631067,-0.04484396,-0.01696368,-0.01549025,0.01541389,0.04098924,0.07560422,0.10123217,0.10622348,0.11132473,0.11410453,0.11949507,0.12513990,0.14808225,0.18409411,0.21319202,0.25421289,0.29255643,0.35776257,0.40362853,0.39996392,0.42857019,0.41596019,0.40818542,0.38716669,0.36568404,0.32124299,0.30644434,0.26110870,0.26314533,0.22711501,0.17938180,0.13664573,0.11496297,0.09985842,0.09564697,0.06521774,0.04981643,0.02881914,0.02659314,0.02342630,0.04137028,0.06829020,0.05767525,0.07825374,0.07655333,0.07983533,0.09043173,0.09006103,0.06244815,0.04670407,0.02734015,-0.00735837,0.00350563,-0.00654221,0.00529749,-0.00422101,0.01211867,0.01376653,0.00440738,0.02664608,0.04628657,0.05909777,0.08410762,0.09020996,0.13366558,0.16019303,0.19982977,0.20012948,0.22664849,0.27299531,0.27921134,0.27176666,0.28360266,0.26511508,0.28049931,0.24226907,0.21364377,0.18777827,0.15685555,0.13914797,0.10436348,0.08436311,0.07177042,0.05654948,0.06608672,0.05336625,0.03464954,0.01478501,0.03390347,0.01346417,-0.00424129,0.00459660,-0.01647534,-0.00264547,-0.00721348,-0.01259293,-0.02497979,-0.00582805,-0.00805190,0.00377400,-0.00695929,-0.00351119,0.02054767,0.03146681,0.03615918,0.04606657,0.05616542,0.09114159,0.09641490,0.12013691,0.14480757,0.19705881,0.20257956,0.23838738,0.24503494,0.26705502,0.28200937,0.27028744,0.25982128,0.24875191,0.24652398,0.23033584,0.20181406,0.15705930,0.15354211,0.13552826,0.09291537,0.10455730,0.09022383,0.09456720,0.10618133,0.08968769,0.10227194,0.11709964,0.11571075,0.15791030,0.17240823,0.21467201,0.21340352,0.26755043,0.25754360,0.29243857,0.31805795,0.36986576,0.36763052,0.40531532,0.40473432,0.38664831,0.38040826,0.40211859,0.36497624,0.36470824,0.30104031,0.27780576,0.24747676,0.20685163,0.18049974,0.15819668,0.15506479,0.14082025,0.13197373,0.12816792,0.14173500,0.12896190,0.14302697,0.13745666,0.11710008,0.09890773,0.11799926,0.08461063,0.06217785,0.07655334,0.08533279,0.07727494,0.07649361,0.10960849,0.11302011,0.14477180,0.17907097,0.22484445,0.22590398,0.25357301,0.31646032,0.29344618,0.34971207,0.39724052,0.39513834,0.42209499,0.44419819,0.42488156,0.44559828,0.42519845,0.40562680,0.40069407,0.39944531,0.37524694,0.37584607,0.33697512,0.31836437,0.28570261,0.25188812,0.19880852,0.17940810,0.12844162,0.08633119,0.06704914,0.07232975,0.04509001,0.02844936,0.03655897,0.03059459,0.02789038,0.03889392,0.05195567,0.03172673,0.04580735,0.05270197,0.06196993,0.06278567,0.07526121,0.07686173,0.08636370,0.08231344,0.08149318,0.07506441,0.08143921,0.08875366,0.09208435,0.09136952,0.10852559
