1000,1008,1016,1024,1032,1040,1048,1056,1064,1072,1080,1088,1096,1104,1112,1120,1128,1136,1144,1152,1160,1168,1176,1184,1192,1200,1208,1216,1224,1232,1240,1248,1256,1264,1272,1280,1288,1296,1304,1312,1320,1328,1336,1344,1352,1360,1368,1376,1384,1392,1400,1408,1416,1424,1432,1440,1448,1456,1464,1472,1480,1488,1496,1504,1512,1520,1528,1536,1544,1552,1560,1568,1576,1584,1592,1600,1608,1616,1624,1632,1640,1648,1656,1664,1672,1680,1688,1696,1704,1712,1720,1728,1736,1744,1752,1760,1768,1776,1784,1792,1800,1808,1816,1824,1832,1840,1848,1856,1864,1872,1880,1888,1896,1904,1912,1920,1928,1936,1944,1952,1960,1968,1976,1984,1992,2000,2008,2016,2024,2032,2040,2048,2056,2064,2072,2080,2088,2096,2104,2112,2120,2128,2136,2144,2152,2160,2168,2176,2184,2192,2200,2208,2216,2224,2232,2240,2248,2256,2264,2272,2280,2288,2296,2304,2312,2320,2328,2336,2344,2352,2360,2368,2376,2384,2392,2400
0.49895385,0.50258102,0.50343475,0.50429340,0.50480811,0.50517026,0.50541694,0.50568812,0.50594764,0.50595445,0.50557208,0.50490374,0.50386804,0.50258329,0.50110134,0.49926705,0.49655337,0.49181404,0.48426166,0.47604711,0.47012243,0.46682814,0.46481378,0.46308818,0.46149403,0.46057407,0.46036405,0.46089666,0.46216040,0.46330194,0.46418305,0.46481982,0.46513141,0.46506671,0.46460326,0.46378681,0.46241755,0.46043330,0.45737486,0.45278641,0.44668144,0.43895448,0.42993099,0.42076450,0.41255939,0.40489451,0.39484508,0.37872417,0.35125842,0.31009899,0.26400225,0.22457742,0.19733357,0.18044455,0.17042479,0.16495964,0.16258880,0.16224528,0.16414091,0.16915821,0.17686524,0.18621189,0.19629868,0.20666999,0.21703495,0.22709365,0.23669548,0.24572142,0.25407563,0.26182711,0.26886685,0.27529257,0.28123707,0.28664157,0.29166387,0.29632590,0.30063490,0.30441191,0.30763400,0.31019828,0.31172947,0.31184946,0.31154339,0.31276452,0.31447336,0.31453906,0.31288753,0.31018852,0.30714119,0.30368153,0.29996779,0.29632013,0.29372140,0.29103458,0.28674355,0.28190509,0.27773460,0.27483831,0.27295112,0.27219182,0.27235242,0.27389748,0.27480867,0.27534130,0.27508159,0.27284393,0.26703700,0.25560923,0.23611207,0.20552060,0.16352125,0.11882375,0.08203363,0.06013648,0.05000209,0.04574515,0.04421589,0.04430536,0.04558608,0.04782785,0.05080231,0.05447862,0.05876432,0.06359921,0.06888420,0.07442391,0.08012387,0.08572738,0.09106396,0.09605657,0.10062164,0.10472812,0.10865176,0.11263251,0.11668086,0.12057193,0.12427614,0.12777006,0.13101725,0.13399125,0.13645187,0.13870995,0.14119593,0.14398507,0.14692519,0.14950345,0.15170636,0.15408207,0.15661876,0.15912613,0.16152947,0.16381586,0.16581579,0.16701322,0.16671520,0.16454268,0.16069630,0.15642710,0.15260800,0.14883729,0.14555228,0.14211970,0.13809185,0.13285943,0.12788018,0.12583344,0.12362649,0.12014070,0.11643815,0.11291269,0.11053691,0.10758866,0.10383301,0.09976938,0.09558403,0.09171035
0.49728527,0.49941772,0.50021632,0.50093713,0.50164484,0.50198776,0.50231916,0.50262814,0.50283101,0.50281823,0.50239600,0.50175965,0.50069294,0.49949824,0.49806707,0.49625307,0.49354290,0.48901925,0.48174621,0.47371996,0.46780251,0.46432497,0.46217249,0.46025023,0.45852573,0.45745925,0.45720635,0.45777156,0.45891288,0.46014424,0.46111785,0.46187018,0.46220152,0.46219805,0.46180005,0.46098371,0.45973714,0.45776959,0.45464678,0.45018982,0.44418344,0.43655827,0.42767986,0.41855993,0.41020104,0.40221270,0.39250027,0.37696528,0.34976983,0.30890603,0.26253710,0.22241797,0.19407888,0.17600411,0.16482011,0.15831670,0.15516615,0.15431541,0.15585375,0.16062372,0.16815512,0.17738734,0.18753424,0.19799498,0.20845633,0.21864672,0.22843364,0.23761637,0.24615005,0.25409416,0.26133306,0.26791949,0.27394358,0.27947250,0.28469452,0.28951274,0.29393055,0.29785155,0.30125800,0.30396737,0.30563740,0.30574493,0.30555338,0.30686058,0.30878629,0.30893537,0.30723293,0.30462965,0.30169312,0.29828543,0.29473748,0.29114964,0.28856640,0.28594633,0.28183112,0.27703299,0.27298068,0.27019836,0.26856550,0.26798149,0.26818218,0.26905043,0.27015380,0.27079739,0.27056156,0.26842762,0.26296323,0.25195810,0.23242409,0.20155570,0.15936146,0.11355167,0.07503961,0.05163018,0.04045307,0.03561417,0.03378429,0.03368476,0.03491142,0.03717175,0.04021684,0.04397346,0.04831687,0.05323699,0.05857765,0.06423922,0.07004931,0.07576884,0.08120783,0.08631002,0.09093849,0.09514580,0.09917104,0.10325045,0.10738564,0.11143737,0.11520611,0.11877121,0.12214937,0.12519746,0.12771412,0.12997398,0.13254995,0.13549073,0.13859745,0.14134134,0.14366005,0.14615852,0.14890714,0.15168887,0.15429872,0.15667138,0.15879803,0.16016777,0.15991976,0.15760540,0.15364079,0.14924060,0.14517096,0.14135257,0.13788387,0.13446723,0.13025634,0.12483916,0.11975235,0.11738778,0.11522957,0.11161357,0.10771058,0.10427689,0.10182467,0.09866892,0.09493545,0.09063054,0.08640993,0.08243713
0.50285920,0.50719742,0.50801649,0.50875653,0.50940187,0.50979119,0.51003869,0.51025296,0.51039923,0.51031154,0.50997326,0.50934426,0.50844129,0.50730993,0.50601076,0.50424366,0.50177418,0.49762532,0.49084547,0.48360972,0.47802599,0.47483231,0.47283484,0.47106986,0.46949167,0.46846456,0.46811466,0.46870280,0.46990481,0.47110682,0.47197921,0.47268604,0.47301577,0.47301869,0.47265678,0.47188275,0.47071119,0.46884685,0.46590391,0.46178881,0.45621836,0.44907479,0.44078736,0.43230218,0.42432683,0.41678837,0.40757499,0.39291487,0.36708303,0.32788591,0.28272261,0.24290486,0.21440653,0.19629115,0.18523225,0.17901767,0.17612088,0.17548663,0.17722379,0.18218978,0.18991820,0.19930688,0.20946868,0.21988708,0.23017475,0.24010459,0.24956138,0.25831964,0.26642274,0.27396509,0.28083700,0.28699261,0.29267857,0.29792326,0.30285768,0.30739017,0.31153857,0.31529160,0.31851988,0.32111070,0.32250949,0.32226338,0.32177982,0.32308445,0.32500106,0.32504057,0.32325168,0.32059336,0.31756872,0.31408399,0.31047367,0.30691499,0.30458688,0.30226274,0.29828408,0.29371488,0.28993130,0.28740266,0.28582601,0.28528505,0.28552845,0.28826714,0.28905439,0.28955684,0.28935466,0.28744792,0.28225731,0.27162515,0.25276337,0.22245940,0.18011991,0.13284238,0.09174230,0.06581269,0.05307094,0.04760915,0.04553349,0.04558131,0.04715790,0.04989456,0.05350073,0.05785168,0.06287459,0.06848383,0.07454813,0.08083104,0.08721154,0.09337855,0.09922224,0.10447094,0.10914227,0.11325155,0.11712819,0.12111802,0.12508620,0.12889937,0.13248591,0.13588775,0.13891438,0.14169962,0.14384942,0.14582262,0.14813613,0.15094770,0.15397559,0.15665573,0.15899764,0.16147571,0.16426156,0.16716780,0.16985787,0.17243393,0.17476493,0.17631812,0.17614367,0.17379916,0.16954054,0.16495466,0.16081197,0.15692861,0.15354172,0.15011494,0.14582857,0.14028101,0.13508617,0.13313941,0.13108686,0.12743614,0.12373080,0.12016894,0.11802387,0.11505119,0.11121555,0.10679007,0.10242239,0.09805086
0.50621266,0.50839972,0.50916395,0.51003043,0.51059385,0.51103821,0.51137988,0.51169251,0.51183964,0.51166942,0.51123173,0.51057294,0.50967568,0.50859451,0.50725919,0.50563246,0.50311370,0.49882447,0.49179098,0.48405783,0.47835730,0.47521139,0.47331521,0.47155784,0.46993312,0.46894015,0.46863026,0.46913625,0.47045997,0.47165184,0.47257911,0.47323860,0.47348458,0.47350966,0.47309200,0.47236705,0.47103527,0.46910580,0.46616808,0.46180184,0.45605530,0.44874129,0.44021481,0.43154593,0.42390708,0.41686961,0.40724734,0.39178851,0.36551169,0.32526827,0.27933575,0.23909785,0.21054825,0.19260867,0.18178605,0.17583317,0.17312408,0.17268963,0.17456930,0.17967490,0.18757308,0.19709273,0.20739046,0.21794076,0.22834735,0.23840712,0.24792258,0.25674757,0.26485489,0.27238803,0.27921204,0.28537652,0.29113574,0.29649203,0.30146433,0.30619204,0.31060185,0.31452689,0.31793419,0.32069533,0.32235812,0.32258178,0.32241690,0.32369728,0.32545955,0.32547049,0.32352570,0.32060929,0.31735107,0.31392528,0.31036204,0.30667074,0.30423179,0.30172682,0.29766727,0.29287494,0.28883109,0.28620219,0.28456072,0.28416285,0.28468054,0.28563712,0.28698048,0.28781283,0.28795496,0.28624020,0.28079899,0.26978036,0.25055283,0.22004946,0.17686114,0.12982453,0.08995139,0.06535846,0.05353605,0.04846305,0.04655979,0.04664352,0.04814060,0.05077078,0.05432144,0.05853565,0.06346096,0.06894931,0.07489515,0.08108359,0.08735314,0.09339524,0.09907897,0.10420404,0.10878788,0.11289917,0.11665180,0.12044109,0.12417973,0.12777649,0.13116904,0.13443064,0.13754203,0.14042458,0.14284777,0.14514746,0.14774982,0.15077778,0.15407029,0.15694516,0.15944835,0.16213710,0.16490195,0.16772279,0.17047743,0.17299145,0.17513560,0.17653033,0.17618586,0.17380935,0.16952249,0.16446319,0.15980002,0.15533267,0.15119461,0.14765745,0.14352862,0.13806325,0.13262316,0.13078030,0.12904147,0.12577517,0.12216628,0.11890958,0.11676773,0.11374813,0.11011782,0.10598996,0.10183995,0.09757590
0.50660305,0.50787793,0.50856954,0.50930816,0.51004557,0.51048370,0.51078736,0.51101908,0.51109182,0.51094116,0.51055385,0.50995123,0.50902160,0.50801983,0.50671380,0.50505011,0.50267678,0.49851192,0.49195702,0.48456250,0.47911527,0.47586541,0.47386474,0.47206963,0.47040500,0.46928676,0.46899680,0.46950873,0.47078043,0.47207886,0.47303873,0.47377867,0.47410564,0.47412343,0.47374317,0.47299374,0.47178793,0.46999810,0.46717359,0.46304963,0.45752278,0.45051399,0.44233964,0.43385428,0.42600007,0.41849798,0.40939111,0.39488188,0.36944203,0.33055553,0.28547971,0.24557266,0.21677968,0.19827710,0.18685732,0.18034858,0.17725761,0.17647508,0.17810504,0.18302418,0.19072999,0.20008571,0.21026781,0.22070686,0.23102786,0.24099969,0.25037948,0.25911062,0.26713797,0.27457870,0.28133323,0.28750857,0.29317785,0.29840361,0.30336896,0.30806352,0.31247585,0.31640783,0.31979101,0.32258624,0.32426358,0.32443187,0.32427023,0.32559922,0.32746959,0.32747112,0.32552621,0.32258787,0.31938088,0.31602778,0.31252851,0.30895795,0.30657710,0.30430382,0.30032984,0.29569297,0.29182661,0.28926021,0.28782136,0.28749881,0.28798717,0.28841090,0.28964274,0.29037313,0.29036356,0.28864150,0.28366280,0.27324214,0.25446045,0.22422508,0.18199961,0.13478854,0.09371353,0.06778092,0.05504671,0.04942674,0.04725345,0.04723763,0.04878094,0.05151089,0.05512994,0.05954982,0.06465111,0.07029508,0.07643070,0.08278115,0.08915103,0.09535483,0.10105917,0.10626382,0.11084358,0.11479826,0.11857342,0.12233736,0.12608660,0.12973145,0.13316412,0.13635254,0.13943744,0.14219850,0.14458888,0.14688437,0.14951079,0.15251571,0.15579175,0.15875023,0.16128183,0.16405302,0.16694263,0.16977528,0.17263875,0.17523361,0.17742912,0.17879606,0.17862395,0.17615955,0.17174778,0.16661420,0.16180402,0.15726671,0.15308756,0.14944157,0.14531421,0.13960728,0.13407465,0.13230568,0.13069630,0.12739683,0.12374884,0.12025252,0.11834383,0.11549927,0.11175034,0.10751270,0.10315624,0.09884885
0.50696669,0.51042570,0.51110822,0.51179720,0.51248571,0.51297662,0.51325562,0.51352712,0.51356046,0.51331123,0.51287033,0.51230042,0.51154604,0.51055049,0.50940773,0.50783001,0.50566868,0.50201130,0.49589627,0.48931173,0.48418165,0.48117565,0.47928142,0.47754232,0.47590862,0.47479131,0.47441942,0.47490890,0.47623534,0.47753077,0.47843573,0.47909823,0.47939797,0.47945131,0.47910781,0.47841034,0.47733035,0.47556066,0.47282475,0.46898691,0.46390311,0.45732810,0.44973301,0.44186271,0.43444949,0.42740261,0.41886576,0.40548049,0.38176705,0.34506178,0.30159634,0.26200133,0.23281939,0.21379446,0.20210632,0.19547212,0.19239255,0.19169038,0.19336936,0.19825215,0.20601989,0.21542353,0.22548776,0.23580822,0.24586272,0.25551284,0.26455138,0.27283587,0.28041609,0.28742078,0.29377542,0.29953510,0.30479576,0.30976920,0.31450886,0.31906016,0.32326306,0.32713243,0.33043065,0.33304032,0.33455484,0.33440727,0.33399216,0.33535885,0.33728362,0.33721971,0.33514607,0.33205529,0.32877720,0.32532202,0.32191474,0.31842483,0.31634730,0.31440201,0.31067691,0.30639762,0.30282996,0.30063752,0.29940756,0.29927604,0.29986410,0.30072125,0.30167499,0.30236235,0.30252933,0.30111381,0.29656058,0.28677400,0.26889494,0.23959798,0.19758309,0.14899207,0.10499623,0.07588822,0.06105875,0.05436564,0.05187445,0.05190284,0.05378336,0.05709847,0.06142000,0.06652448,0.07237132,0.07879904,0.08565948,0.09269648,0.09963066,0.10625817,0.11220830,0.11747894,0.12189775,0.12564866,0.12903067,0.13246819,0.13591715,0.13922154,0.14232793,0.14527203,0.14796630,0.15046881,0.15244351,0.15431202,0.15672522,0.15964703,0.16291201,0.16591686,0.16854393,0.17132612,0.17442043,0.17763270,0.18079006,0.18369663,0.18631978,0.18793927,0.18779841,0.18517523,0.18044990,0.17495404,0.16980161,0.16507132,0.16084241,0.15722540,0.15313452,0.14736095,0.14163711,0.14003536,0.13863672,0.13537334,0.13182164,0.12869082,0.12679120,0.12416006,0.12049933,0.11600568,0.11172943,0.10719968
0.49857564,0.50051193,0.50123742,0.50192518,0.50257580,0.50290369,0.50314085,0.50325616,0.50337033,0.50327174,0.50290739,0.50231212,0.50133116,0.50030705,0.49894341,0.49727919,0.49477977,0.49060645,0.48383800,0.47637021,0.47092886,0.46771701,0.46580435,0.46408066,0.46248946,0.46153370,0.46132220,0.46177538,0.46285532,0.46394924,0.46481143,0.46546089,0.46577635,0.46571992,0.46522334,0.46439199,0.46306105,0.46121529,0.45836907,0.45426992,0.44875801,0.44172125,0.43348423,0.42493241,0.41705191,0.40949415,0.40016324,0.38534379,0.35948820,0.32045334,0.27585825,0.23701861,0.20947081,0.19205049,0.18139292,0.17539667,0.17260259,0.17202226,0.17371465,0.17857294,0.18616038,0.19536125,0.20538031,0.21563975,0.22578469,0.23566521,0.24500440,0.25373793,0.26179004,0.26921751,0.27596304,0.28216504,0.28774035,0.29293802,0.29768280,0.30221956,0.30639896,0.31008309,0.31327916,0.31577686,0.31727005,0.31725891,0.31691755,0.31823689,0.32018901,0.32032440,0.31866031,0.31606742,0.31322760,0.30997693,0.30657850,0.30300596,0.30040341,0.29797036,0.29387686,0.28920997,0.28512512,0.28239945,0.28062912,0.28011565,0.28030076,0.28235419,0.28333988,0.28394563,0.28368801,0.28163871,0.27639582,0.26580405,0.24713537,0.21732294,0.17614172,0.13079928,0.09196646,0.06784895,0.05624419,0.05122438,0.04935561,0.04942380,0.05083158,0.05334655,0.05676184,0.06083083,0.06556438,0.07084072,0.07654233,0.08251594,0.08856347,0.09447760,0.10004964,0.10519739,0.10984357,0.11399070,0.11790118,0.12182567,0.12575301,0.12951610,0.13305171,0.13634755,0.13951301,0.14235459,0.14468347,0.14689181,0.14943648,0.15239451,0.15548394,0.15823623,0.16055339,0.16300497,0.16556620,0.16814499,0.17062262,0.17290488,0.17491702,0.17613740,0.17595519,0.17365805,0.16968064,0.16511946,0.16085827,0.15696525,0.15324609,0.14985596,0.14576086,0.14025722,0.13473980,0.13264208,0.13076261,0.12731951,0.12355731,0.11993702,0.11789304,0.11477953,0.11090542,0.10653759,0.10223171,0.09801410
0.48771335,0.49922939,0.49998445,0.50090453,0.50142294,0.50172878,0.50197180,0.50221583,0.50230424,0.50213377,0.50185933,0.50119768,0.50039359,0.49929581,0.49800807,0.49637009,0.49397356,0.48990222,0.48336172,0.47602026,0.47072950,0.46755801,0.46570829,0.46413829,0.46262293,0.46168908,0.46143063,0.46195455,0.46299833,0.46414772,0.46502460,0.46565673,0.46592161,0.46585144,0.46551130,0.46469359,0.46338705,0.46152975,0.45876071,0.45477091,0.44933425,0.44238895,0.43432036,0.42594589,0.41817882,0.41068377,0.40154052,0.38698262,0.36144429,0.32272460,0.27829692,0.23931609,0.21157987,0.19408553,0.18347054,0.17751934,0.17481203,0.17424231,0.17600559,0.18093593,0.18865079,0.19795368,0.20803350,0.21833814,0.22853709,0.23836753,0.24770854,0.25639449,0.26438581,0.27174832,0.27843805,0.28459143,0.29015481,0.29527466,0.30006304,0.30452929,0.30863809,0.31231674,0.31550710,0.31797489,0.31943387,0.31942087,0.31901964,0.32036325,0.32228602,0.32247664,0.32072824,0.31807621,0.31517840,0.31189206,0.30848775,0.30495035,0.30249689,0.30011722,0.29606204,0.29140364,0.28749936,0.28476615,0.28309439,0.28253887,0.28286117,0.28494849,0.28574832,0.28617496,0.28588192,0.28387297,0.27861339,0.26801840,0.24934176,0.21946839,0.17798854,0.13221506,0.09279141,0.06820727,0.05630986,0.05120837,0.04935723,0.04946930,0.05099315,0.05361446,0.05716515,0.06136992,0.06624261,0.07175060,0.07764208,0.08381288,0.08997070,0.09600539,0.10172349,0.10687690,0.11151550,0.11566150,0.11955416,0.12336679,0.12719826,0.13087940,0.13439335,0.13763599,0.14073660,0.14350017,0.14581288,0.14793930,0.15046930,0.15331644,0.15640497,0.15921528,0.16154743,0.16399866,0.16661191,0.16928835,0.17183018,0.17416737,0.17626781,0.17753989,0.17733287,0.17508836,0.17090121,0.16633486,0.16209429,0.15802148,0.15421563,0.15074667,0.14670562,0.14123021,0.13562505,0.13355733,0.13175962,0.12831242,0.12454626,0.12099584,0.11884124,0.11600808,0.11204586,0.10788830,0.10345897,0.09910321
0.49415615,0.49715202,0.49788933,0.49861254,0.49913118,0.49967296,0.49996229,0.50010148,0.50023517,0.49995415,0.49959235,0.49911334,0.49837964,0.49733471,0.49628986,0.49473071,0.49260915,0.48894329,0.48304616,0.47647019,0.47150158,0.46846867,0.46664321,0.46496156,0.46344849,0.46246521,0.46205039,0.46243075,0.46361370,0.46474111,0.46555594,0.46616553,0.46643604,0.46649212,0.46618197,0.46549344,0.46433333,0.46256737,0.45992513,0.45615908,0.45119136,0.44473579,0.43723164,0.42947341,0.42228298,0.41547714,0.40714231,0.39384569,0.37021062,0.33367919,0.29067362,0.25182923,0.22320256,0.20445362,0.19272709,0.18585766,0.18247415,0.18146129,0.18289682,0.18753230,0.19503381,0.20415460,0.21400671,0.22413133,0.23416263,0.24374763,0.25282801,0.26119405,0.26893103,0.27605390,0.28255338,0.28836026,0.29369652,0.29870570,0.30344211,0.30785195,0.31194420,0.31562120,0.31877272,0.32126643,0.32257924,0.32231934,0.32189269,0.32333140,0.32539422,0.32559368,0.32383599,0.32111615,0.31828750,0.31511703,0.31176191,0.30838870,0.30619250,0.30411632,0.30048212,0.29611111,0.29258264,0.29023358,0.28883905,0.28854747,0.28902373,0.29062925,0.29161515,0.29230460,0.29238917,0.29083359,0.28613384,0.27629808,0.25842728,0.22944416,0.18817518,0.14080155,0.09823202,0.07021292,0.05590635,0.04944522,0.04696182,0.04685682,0.04852025,0.05151944,0.05545253,0.06015979,0.06555157,0.07159781,0.07804574,0.08466734,0.09131047,0.09772249,0.10360572,0.10893548,0.11358478,0.11761800,0.12132038,0.12507342,0.12883606,0.13242134,0.13574560,0.13883243,0.14175769,0.14434235,0.14639286,0.14831906,0.15072959,0.15367849,0.15689197,0.15976704,0.16233707,0.16497669,0.16789248,0.17089927,0.17383847,0.17661581,0.17903114,0.18071442,0.18061591,0.17817261,0.17382804,0.16885348,0.16442395,0.16020590,0.15635157,0.15295489,0.14875992,0.14303075,0.13730265,0.13533709,0.13358718,0.13020036,0.12662810,0.12314962,0.12104578,0.11806000,0.11415737,0.10985340,0.10528777,0.10089505
0.49046302,0.49518315,0.49606308,0.49690218,0.49770687,0.49817962,0.49848641,0.49883898,0.49898424,0.49893538,0.49857002,0.49802344,0.49704262,0.49603531,0.49474401,0.49308555,0.49061198,0.48620766,0.47911432,0.47140687,0.46586227,0.46265277,0.46077345,0.45911020,0.45760386,0.45671334,0.45656366,0.45713717,0.45823118,0.45932802,0.46032645,0.46107506,0.46145070,0.46146019,0.46109032,0.46034809,0.45900455,0.45708225,0.45413982,0.44983639,0.44402546,0.43670573,0.42822794,0.41950707,0.41146729,0.40378051,0.39434077,0.37910661,0.35258818,0.31278397,0.26781263,0.22925207,0.20223436,0.18518890,0.17477925,0.16888586,0.16610796,0.16550597,0.16714448,0.17198465,0.17952592,0.18870424,0.19870455,0.20901562,0.21926653,0.22927832,0.23883604,0.24784144,0.25612846,0.26386112,0.27095395,0.27740302,0.28325035,0.28863472,0.29374150,0.29839212,0.30272850,0.30656095,0.30986266,0.31256783,0.31425056,0.31455801,0.31455753,0.31586115,0.31759021,0.31767490,0.31599572,0.31342693,0.31064524,0.30748859,0.30414244,0.30072236,0.29806875,0.29539780,0.29126783,0.28657226,0.28249546,0.27975372,0.27801905,0.27746416,0.27774720,0.27892998,0.27999114,0.28055052,0.28021038,0.27807906,0.27259403,0.26160332,0.24229658,0.21181674,0.17036560,0.12556235,0.08818275,0.06575376,0.05523613,0.05077780,0.04915229,0.04917539,0.05046525,0.05274079,0.05582618,0.05951813,0.06386757,0.06872979,0.07409498,0.07978932,0.08553195,0.09125823,0.09669129,0.10180799,0.10646201,0.11069102,0.11471628,0.11879030,0.12297207,0.12699531,0.13078231,0.13439109,0.13783080,0.14097787,0.14366335,0.14615956,0.14884034,0.15175032,0.15491798,0.15757798,0.15988110,0.16233809,0.16499485,0.16753889,0.17001608,0.17226782,0.17421326,0.17536577,0.17497962,0.17275657,0.16867672,0.16415108,0.15988918,0.15588023,0.15222467,0.14878794,0.14465104,0.13923707,0.13403477,0.13164755,0.12937081,0.12578598,0.12180317,0.11825178,0.11594015,0.11267809,0.10879564,0.10460594,0.10025111,0.09598489
0.49172035,0.49490113,0.49567297,0.49673263,0.49738173,0.49779844,0.49810561,0.49846870,0.49862457,0.49854472,0.49823613,0.49761064,0.49676812,0.49565069,0.49439764,0.49271141,0.49027103,0.48606707,0.47922859,0.47161729,0.46615091,0.46294756,0.46103494,0.45941462,0.45781435,0.45689706,0.45672135,0.45731755,0.45836059,0.45953722,0.46048885,0.46117423,0.46152832,0.46156364,0.46127660,0.46047023,0.45923687,0.45730738,0.45441883,0.45018706,0.44455813,0.43738180,0.42901257,0.42047176,0.41258545,0.40504900,0.39584274,0.38102761,0.35489791,0.31548706,0.27067102,0.23176122,0.20421501,0.18664377,0.17576675,0.16946166,0.16642962,0.16560159,0.16718143,0.17197031,0.17950554,0.18865426,0.19865786,0.20901772,0.21935332,0.22944051,0.23901526,0.24802858,0.25638054,0.26409572,0.27117828,0.27761887,0.28347199,0.28888122,0.29395512,0.29866486,0.30300156,0.30687514,0.31020949,0.31283832,0.31457645,0.31487108,0.31479680,0.31615013,0.31790423,0.31807243,0.31637208,0.31386219,0.31106895,0.30795666,0.30461282,0.30117355,0.29863401,0.29604525,0.29193800,0.28736684,0.28339814,0.28064644,0.27905631,0.27862258,0.27905738,0.28064324,0.28161673,0.28213180,0.28183712,0.27973098,0.27429952,0.26339828,0.24412395,0.21355825,0.17167004,0.12603127,0.08750743,0.06402493,0.05287573,0.04806199,0.04622855,0.04623655,0.04755163,0.04986000,0.05301887,0.05686874,0.06132976,0.06639331,0.07195331,0.07775854,0.08366953,0.08952119,0.09508882,0.10024008,0.10499376,0.10919755,0.11327962,0.11746253,0.12167434,0.12575399,0.12959332,0.13320104,0.13662563,0.13979961,0.14248182,0.14491414,0.14766867,0.15063530,0.15381869,0.15661145,0.15895721,0.16146922,0.16411811,0.16683087,0.16947968,0.17181100,0.17383870,0.17513284,0.17478822,0.17251606,0.16847938,0.16387736,0.15957091,0.15555519,0.15178270,0.14827467,0.14419495,0.13874965,0.13339387,0.13104563,0.12878240,0.12502187,0.12114008,0.11750142,0.11524156,0.11201691,0.10802198,0.10368396,0.09928900,0.09500421
0.49524313,0.49898818,0.49978898,0.50057678,0.50127639,0.50185128,0.50204799,0.50226807,0.50238241,0.50223775,0.50185757,0.50133308,0.50049547,0.49951212,0.49829612,0.49670083,0.49441090,0.49040740,0.48384539,0.47676469,0.47157360,0.46866443,0.46684210,0.46520493,0.46376339,0.46289187,0.46265750,0.46320636,0.46439238,0.46558177,0.46639258,0.46715737,0.46750944,0.46761652,0.46735356,0.46664710,0.46548125,0.46361680,0.46074954,0.45673350,0.45135711,0.44446905,0.43647783,0.42832920,0.42073088,0.41346544,0.40456689,0.39027952,0.36508126,0.32679413,0.28281096,0.24413308,0.21653782,0.19887120,0.18808743,0.18195481,0.17909047,0.17842443,0.18012999,0.18502659,0.19267908,0.20196513,0.21201718,0.22233895,0.23249253,0.24238293,0.25176661,0.26042402,0.26848036,0.27590408,0.28266510,0.28879223,0.29444203,0.29968093,0.30454822,0.30913447,0.31331213,0.31708695,0.32030020,0.32294696,0.32447026,0.32452191,0.32425851,0.32563964,0.32743470,0.32745332,0.32567127,0.32310892,0.32025567,0.31706509,0.31372401,0.31033034,0.30800339,0.30555160,0.30161588,0.29714074,0.29342509,0.29090507,0.28941308,0.28906531,0.28940655,0.29096394,0.29188261,0.29246789,0.29226110,0.29034397,0.28531859,0.27472749,0.25597432,0.22584411,0.18391975,0.13718062,0.09666281,0.07124266,0.05888143,0.05349901,0.05156180,0.05161267,0.05314527,0.05586646,0.05946560,0.06378118,0.06873790,0.07437009,0.08044972,0.08671469,0.09308823,0.09926113,0.10509228,0.11042096,0.11507897,0.11928520,0.12322409,0.12726693,0.13132924,0.13519508,0.13891854,0.14237493,0.14562237,0.14852052,0.15092394,0.15310283,0.15563828,0.15856415,0.16166038,0.16444257,0.16679410,0.16934594,0.17219161,0.17505969,0.17777889,0.18034524,0.18252841,0.18394262,0.18371668,0.18134764,0.17706080,0.17219905,0.16788836,0.16370591,0.15995154,0.15654068,0.15233313,0.14671549,0.14138146,0.13918420,0.13697655,0.13346156,0.12962046,0.12613608,0.12371116,0.12066025,0.11666559,0.11231250,0.10792473,0.10358818
0.57488932,0.57919306,0.58149048,0.58362996,0.58562713,0.58725184,0.58873966,0.58967907,0.59054569,0.59102106,0.59112398,0.59081302,0.59005224,0.58890928,0.58760534,0.58578609,0.58229438,0.57484572,0.56290897,0.55070824,0.54255941,0.53826021,0.53577229,0.53360104,0.53185915,0.53146895,0.53240116,0.53442727,0.53698265,0.53937150,0.54148708,0.54330711,0.54460833,0.54530664,0.54530337,0.54453830,0.54289032,0.54004867,0.53559561,0.52889100,0.51977539,0.50822068,0.49491597,0.48147462,0.46919640,0.45738095,0.44276273,0.41959303,0.38043417,0.32539157,0.26802033,0.22279242,0.19348682,0.17595327,0.16568165,0.16012703,0.15785659,0.15767605,0.15994810,0.16563031,0.17422426,0.18462270,0.19607599,0.20822748,0.22065579,0.23300015,0.24507206,0.25665657,0.26766827,0.27817273,0.28784224,0.29673451,0.30503024,0.31292304,0.32027755,0.32724543,0.33375741,0.33965009,0.34488333,0.34934887,0.35328340,0.35638288,0.35827563,0.35877928,0.35811268,0.35591989,0.35240243,0.34837726,0.34424409,0.33974478,0.33523078,0.33101227,0.32715508,0.32278385,0.31728121,0.31156731,0.30677734,0.30328304,0.30129055,0.30085410,0.30167176,0.30562000,0.30704073,0.30768340,0.30686794,0.30347948,0.29525788,0.27917538,0.25229082,0.21219720,0.16171715,0.11204575,0.07406713,0.05257212,0.04272607,0.03848097,0.03681046,0.03676867,0.03796769,0.04010313,0.04307072,0.04668014,0.05095625,0.05576632,0.06107084,0.06669949,0.07251169,0.07831479,0.08396003,0.08933017,0.09431079,0.09889317,0.10357304,0.10872814,0.11430021,0.11981927,0.12513611,0.13022250,0.13520685,0.14012118,0.14484723,0.14923290,0.15303665,0.15638805,0.15945869,0.16205688,0.16448231,0.16727874,0.17033818,0.17345767,0.17616492,0.17814308,0.17917304,0.17887670,0.17685345,0.17330329,0.16891152,0.16348547,0.15746318,0.15168604,0.14645975,0.14178166,0.13689406,0.13173487,0.12758481,0.12475826,0.12132253,0.11712769,0.11240197,0.10834789,0.10475844,0.10103611,0.09714697,0.09307295,0.08896342,0.08472718
0.58234932,0.58494988,0.58706666,0.58917649,0.59121866,0.59289625,0.59426298,0.59521467,0.59599335,0.59644220,0.59657974,0.59625636,0.59555285,0.59451077,0.59321838,0.59140992,0.58802150,0.58072830,0.56899637,0.55705472,0.54905980,0.54484658,0.54240057,0.54029186,0.53859952,0.53824886,0.53915324,0.54109719,0.54364091,0.54596731,0.54802040,0.54977933,0.55110546,0.55179614,0.55173160,0.55101261,0.54933231,0.54651113,0.54217629,0.53561543,0.52666987,0.51534282,0.50222891,0.48894112,0.47682934,0.46514135,0.45073686,0.42779622,0.38890520,0.33393324,0.27623717,0.23053778,0.20076148,0.18296066,0.17255179,0.16695356,0.16466877,0.16448686,0.16679260,0.17259602,0.18138064,0.19196823,0.20363079,0.21591833,0.22851114,0.24101099,0.25319700,0.26488687,0.27600596,0.28656911,0.29624970,0.30513223,0.31353560,0.32145937,0.32890921,0.33593662,0.34244175,0.34841841,0.35358219,0.35799925,0.36200301,0.36510363,0.36698572,0.36745202,0.36676041,0.36454398,0.36092339,0.35684754,0.35264454,0.34816404,0.34358851,0.33939068,0.33570193,0.33133768,0.32585022,0.32025506,0.31538677,0.31199718,0.31009866,0.30968865,0.31057386,0.31412592,0.31558860,0.31631296,0.31559120,0.31219921,0.30398671,0.28785718,0.26063809,0.21994768,0.16848384,0.11754364,0.07829483,0.05596718,0.04568729,0.04119708,0.03940207,0.03939307,0.04068076,0.04301490,0.04617840,0.05000726,0.05446738,0.05958161,0.06511826,0.07099167,0.07705334,0.08311540,0.08897615,0.09453802,0.09957383,0.10431437,0.10918757,0.11444523,0.12010514,0.12574551,0.13118223,0.13644288,0.14154240,0.14652220,0.15134592,0.15584322,0.15972917,0.16307945,0.16617488,0.16883270,0.17137734,0.17424275,0.17743026,0.18062485,0.18338244,0.18547585,0.18650957,0.18621005,0.18411343,0.18056272,0.17593547,0.17034988,0.16419339,0.15815377,0.15282092,0.14799377,0.14299228,0.13775627,0.13359322,0.13069186,0.12724730,0.12284516,0.11798766,0.11380083,0.11038655,0.10643257,0.10251423,0.09830652,0.09399611,0.08970431
0.58569352,0.58812672,0.59026690,0.59236384,0.59436978,0.59608088,0.59751126,0.59855730,0.59938543,0.59982698,0.59997763,0.59968430,0.59900852,0.59802986,0.59679544,0.59509398,0.59179482,0.58472059,0.57340390,0.56166673,0.55369130,0.54928757,0.54663060,0.54433702,0.54250406,0.54201947,0.54282727,0.54478848,0.54728203,0.54957078,0.55161262,0.55334243,0.55462786,0.55541891,0.55541784,0.55478638,0.55324321,0.55054730,0.54632090,0.53994808,0.53122768,0.52012251,0.50728287,0.49428819,0.48243731,0.47111716,0.45708296,0.43463556,0.39643265,0.34189138,0.28417122,0.23796669,0.20738849,0.18863758,0.17732528,0.17097248,0.16811558,0.16753295,0.16956543,0.17510017,0.18367642,0.19405054,0.20559269,0.21779106,0.23032572,0.24274370,0.25490599,0.26652328,0.27760914,0.28816543,0.29784943,0.30676054,0.31505669,0.32302866,0.33047640,0.33754778,0.34408826,0.35008090,0.35528631,0.35976964,0.36381242,0.36694186,0.36883479,0.36931407,0.36864630,0.36645521,0.36290560,0.35889090,0.35466427,0.35020472,0.34580183,0.34164506,0.33802081,0.33389692,0.32858261,0.32304290,0.31850051,0.31524286,0.31355505,0.31326074,0.31434384,0.31780121,0.31959050,0.32043574,0.31999561,0.31695976,0.30900423,0.29320114,0.26637424,0.22590824,0.17411237,0.12221126,0.08158662,0.05798661,0.04683588,0.04178257,0.03970341,0.03948980,0.04073110,0.04306201,0.04623164,0.05015248,0.05473763,0.05989421,0.06554823,0.07151914,0.07764696,0.08379279,0.08971607,0.09531055,0.10045415,0.10516392,0.11000192,0.11537729,0.12115070,0.12692011,0.13239731,0.13768688,0.14285879,0.14795190,0.15285569,0.15742365,0.16132441,0.16468109,0.16787504,0.17058347,0.17318555,0.17617060,0.17943681,0.18273119,0.18569427,0.18788295,0.18906024,0.18876199,0.18665917,0.18307957,0.17830425,0.17272705,0.16650201,0.16040059,0.15495371,0.15012181,0.14512476,0.13978889,0.13558856,0.13274457,0.12936321,0.12474356,0.11998185,0.11576798,0.11239019,0.10847865,0.10447754,0.10032905,0.09589326,0.09142163
0.48085736,0.48388276,0.48580918,0.48775005,0.48954037,0.49122421,0.49241748,0.49332696,0.49387745,0.49400686,0.49399906,0.49366454,0.49285236,0.49181657,0.49043741,0.48849396,0.48498216,0.47795368,0.46664182,0.45486382,0.44688377,0.44249235,0.43971611,0.43697910,0.43495282,0.43448321,0.43542207,0.43741059,0.44031468,0.44305492,0.44521863,0.44699927,0.44821345,0.44895094,0.44902830,0.44839347,0.44672677,0.44391625,0.43967805,0.43344393,0.42502552,0.41436287,0.40215173,0.38976705,0.37838957,0.36759102,0.35433476,0.33394651,0.30067458,0.25532769,0.20958024,0.17451528,0.15256407,0.14002317,0.13303229,0.12943283,0.12795747,0.12788182,0.12940895,0.13325262,0.13929823,0.14659333,0.15477358,0.16343941,0.17235649,0.18132099,0.19010960,0.19858227,0.20668448,0.21441565,0.22158970,0.22829203,0.23451685,0.24033699,0.24592221,0.25124046,0.25617891,0.26064032,0.26440045,0.26752193,0.27012229,0.27179949,0.27209251,0.27174489,0.27093845,0.26817787,0.26341146,0.25828462,0.25362137,0.24963891,0.24630044,0.24356289,0.24148947,0.23857944,0.23438843,0.23008449,0.22690110,0.22487797,0.22364935,0.22328780,0.22381259,0.22401863,0.22502646,0.22546790,0.22489977,0.22248469,0.21656780,0.20518109,0.18625918,0.15873680,0.12527758,0.09410398,0.07134837,0.05873985,0.05289226,0.05037077,0.04938161,0.04940435,0.05015388,0.05147683,0.05322905,0.05539833,0.05791887,0.06071379,0.06369094,0.06685077,0.07010277,0.07344158,0.07672539,0.07976908,0.08262585,0.08524348,0.08773868,0.09040210,0.09309105,0.09578027,0.09851402,0.10114006,0.10362903,0.10606507,0.10835072,0.11053748,0.11250588,0.11439525,0.11639298,0.11820592,0.11980733,0.12150926,0.12331232,0.12506311,0.12662514,0.12788889,0.12874589,0.12868529,0.12738258,0.12450361,0.12044082,0.11565272,0.11106681,0.10704192,0.10374749,0.10066654,0.09720573,0.09396469,0.09202900,0.09164488,0.09054480,0.08832045,0.08578242,0.08376535,0.08243491,0.08077197,0.07889645,0.07683065,0.07467415,0.07239133
0.47150387,0.47555000,0.47744496,0.47927184,0.48111017,0.48251830,0.48385508,0.48487351,0.48542120,0.48566045,0.48569243,0.48541476,0.48486268,0.48390301,0.48269128,0.48087510,0.47758974,0.47100999,0.46040960,0.44918422,0.44140641,0.43693450,0.43403107,0.43122761,0.42914575,0.42861894,0.42951726,0.43155027,0.43453662,0.43720928,0.43955489,0.44129285,0.44261646,0.44342825,0.44362054,0.44309806,0.44164593,0.43907221,0.43504697,0.42918973,0.42120635,0.41098470,0.39927483,0.38735023,0.37634987,0.36584184,0.35317543,0.33357323,0.30110209,0.25640488,0.21066515,0.17515068,0.15238832,0.13904185,0.13143129,0.12728857,0.12551003,0.12523397,0.12663696,0.13036230,0.13625634,0.14353216,0.15162339,0.16023287,0.16915081,0.17809502,0.18688428,0.19532853,0.20345791,0.21110995,0.21830528,0.22492607,0.23118321,0.23705314,0.24260157,0.24789495,0.25286065,0.25738690,0.26119425,0.26439656,0.26703397,0.26866455,0.26906876,0.26886162,0.26803014,0.26528536,0.26053591,0.25543595,0.25086158,0.24688715,0.24365384,0.24103533,0.23908191,0.23642876,0.23232895,0.22828520,0.22521843,0.22348364,0.22243942,0.22221102,0.22281945,0.22462769,0.22563085,0.22618949,0.22578322,0.22355445,0.21796228,0.20682921,0.18809613,0.16057515,0.12668534,0.09455441,0.07060566,0.05706631,0.05076981,0.04798963,0.04686004,0.04683702,0.04757776,0.04891202,0.05075999,0.05294521,0.05552064,0.05837249,0.06143835,0.06469388,0.06806092,0.07146892,0.07479900,0.07798248,0.08085579,0.08352859,0.08606626,0.08874361,0.09155039,0.09430979,0.09709078,0.09979524,0.10233932,0.10481266,0.10713461,0.10935607,0.11136326,0.11337633,0.11544979,0.11730181,0.11895370,0.12071360,0.12268225,0.12444027,0.12612279,0.12758263,0.12851699,0.12848907,0.12714622,0.12421360,0.12006591,0.11515772,0.11039991,0.10622057,0.10288285,0.09982541,0.09620539,0.09290807,0.09110091,0.09085178,0.08961852,0.08741118,0.08483417,0.08289551,0.08160556,0.07994817,0.07801456,0.07582080,0.07377354,0.07139343
0.49260437,0.49694568,0.49874304,0.50036889,0.50203438,0.50341134,0.50450917,0.50541789,0.50604000,0.50635097,0.50640464,0.50612067,0.50547814,0.50471825,0.50351193,0.50181568,0.49875201,0.49264574,0.48277898,0.47228799,0.46479970,0.46037975,0.45746497,0.45464238,0.45256131,0.45209808,0.45290744,0.45501647,0.45797619,0.46077203,0.46297752,0.46477444,0.46603946,0.46684185,0.46706043,0.46659317,0.46540483,0.46307027,0.45938376,0.45397632,0.44649332,0.43687545,0.42575925,0.41422669,0.40354673,0.39324360,0.38096044,0.36210038,0.33057360,0.28630414,0.23946291,0.20167451,0.17669890,0.16179530,0.15323391,0.14866093,0.14670203,0.14641971,0.14800163,0.15217598,0.15866859,0.16667257,0.17544457,0.18467937,0.19409471,0.20340850,0.21250257,0.22116810,0.22940708,0.23716717,0.24431489,0.25096202,0.25714961,0.26298891,0.26848794,0.27379644,0.27877351,0.28330034,0.28704021,0.29019461,0.29280004,0.29431567,0.29456246,0.29407264,0.29300398,0.28998862,0.28481904,0.27927626,0.27431426,0.27009163,0.26680070,0.26421099,0.26249910,0.26002375,0.25612726,0.25221961,0.24943844,0.24782363,0.24696286,0.24686343,0.24743281,0.24905091,0.25010737,0.25077136,0.25047911,0.24839285,0.24297820,0.23197348,0.21300341,0.18430310,0.14776545,0.11134194,0.08263563,0.06557833,0.05731478,0.05362475,0.05221286,0.05221936,0.05328519,0.05514160,0.05754130,0.06044517,0.06377217,0.06743461,0.07134311,0.07539566,0.07957483,0.08370125,0.08765682,0.09133121,0.09458032,0.09746902,0.10023617,0.10315874,0.10612846,0.10913182,0.11207071,0.11487949,0.11755201,0.12011037,0.12249865,0.12474246,0.12685616,0.12891668,0.13107344,0.13303022,0.13478557,0.13671908,0.13879660,0.14090321,0.14279258,0.14432428,0.14543569,0.14559656,0.14399414,0.14067091,0.13585669,0.13024204,0.12476428,0.12009207,0.11642235,0.11289670,0.10887975,0.10499162,0.10312665,0.10301224,0.10186986,0.09941450,0.09666614,0.09450497,0.09321025,0.09148935,0.08931926,0.08691744,0.08453821,0.08192732
0.45485709,0.45844398,0.46045682,0.46248827,0.46444250,0.46600039,0.46738922,0.46844973,0.46919530,0.46963104,0.46974386,0.46955594,0.46904565,0.46813540,0.46720021,0.46557884,0.46244205,0.45601013,0.44565906,0.43478816,0.42729382,0.42310217,0.42037050,0.41773147,0.41575946,0.41550564,0.41648398,0.41862817,0.42153811,0.42435294,0.42661377,0.42838844,0.42974440,0.43064547,0.43089496,0.43035391,0.42892733,0.42641196,0.42241049,0.41661288,0.40871184,0.39867591,0.38707929,0.37524441,0.36427889,0.35378741,0.34104023,0.32119968,0.28852379,0.24350947,0.19760876,0.16214427,0.13972668,0.12679519,0.11947935,0.11563622,0.11398654,0.11385860,0.11533004,0.11913002,0.12508138,0.13240351,0.14061203,0.14936764,0.15839366,0.16746276,0.17635194,0.18490708,0.19310484,0.20088535,0.20817349,0.21493232,0.22123683,0.22721896,0.23285321,0.23826737,0.24332703,0.24787345,0.25172104,0.25493747,0.25765967,0.25938706,0.25990783,0.25967202,0.25870383,0.25565143,0.25052244,0.24509511,0.24048573,0.23675292,0.23370667,0.23113413,0.22915060,0.22634236,0.22215752,0.21814157,0.21496335,0.21301959,0.21199609,0.21185658,0.21239670,0.21496861,0.21588793,0.21630864,0.21583192,0.21344370,0.20767106,0.19625511,0.17716106,0.14922944,0.11527031,0.08395100,0.06171447,0.05002614,0.04495261,0.04280257,0.04196354,0.04198986,0.04256995,0.04367292,0.04511093,0.04693276,0.04904756,0.05147820,0.05411052,0.05697084,0.06004999,0.06314889,0.06616775,0.06906250,0.07180195,0.07426991,0.07668869,0.07920086,0.08184940,0.08452891,0.08713230,0.08973009,0.09221855,0.09465950,0.09698654,0.09918520,0.10126640,0.10331398,0.10545856,0.10740088,0.10909378,0.11092926,0.11291728,0.11480147,0.11639397,0.11774850,0.11859292,0.11852267,0.11712449,0.11413656,0.10984061,0.10493275,0.09998329,0.09579406,0.09244516,0.08957228,0.08613935,0.08289647,0.08106936,0.08065077,0.07958264,0.07753360,0.07528471,0.07345834,0.07209601,0.07049775,0.06869431,0.06684691,0.06482845,0.06274375
0.44938633,0.45292307,0.45496946,0.45684562,0.45860074,0.46012233,0.46150475,0.46257050,0.46333919,0.46383041,0.46399908,0.46383652,0.46344990,0.46268374,0.46172750,0.46020481,0.45732062,0.45131415,0.44168374,0.43137494,0.42406535,0.41994459,0.41716364,0.41445031,0.41248982,0.41209859,0.41304430,0.41512593,0.41805528,0.42086465,0.42308323,0.42493801,0.42632668,0.42719188,0.42746284,0.42706334,0.42579543,0.42351113,0.41976878,0.41433723,0.40684514,0.39726886,0.38621754,0.37488535,0.36442831,0.35439349,0.34216441,0.32317363,0.29148780,0.24718722,0.20125416,0.16514439,0.14184161,0.12804306,0.12002879,0.11568226,0.11372671,0.11336840,0.11471073,0.11847510,0.12443444,0.13179644,0.14004736,0.14884041,0.15799311,0.16708211,0.17604650,0.18469998,0.19294263,0.20071286,0.20802285,0.21480240,0.22112382,0.22709248,0.23275080,0.23820065,0.24327446,0.24787097,0.25172632,0.25500802,0.25775347,0.25956410,0.26012836,0.25995342,0.25900581,0.25604981,0.25087131,0.24550337,0.24095659,0.23722644,0.23432344,0.23183613,0.23001267,0.22734071,0.22335069,0.21937869,0.21638812,0.21468034,0.21381265,0.21383520,0.21457235,0.21700077,0.21814652,0.21870012,0.21836344,0.21617728,0.21063480,0.19951345,0.18052636,0.15235829,0.11764632,0.08501575,0.06145075,0.04890627,0.04331005,0.04091900,0.04003524,0.03999495,0.04062379,0.04175450,0.04326820,0.04516279,0.04738336,0.04991869,0.05269785,0.05568820,0.05891381,0.06210179,0.06522914,0.06825796,0.07100774,0.07361004,0.07615563,0.07878501,0.08152789,0.08428059,0.08699755,0.08970044,0.09230575,0.09482343,0.09718285,0.09951703,0.10168711,0.10382804,0.10607588,0.10812300,0.10993977,0.11189983,0.11400939,0.11600280,0.11775211,0.11920866,0.12007239,0.12022614,0.11881539,0.11576189,0.11138295,0.10627218,0.10109537,0.09671270,0.09335359,0.09021803,0.08686949,0.08342339,0.08163684,0.08117877,0.08005126,0.07805664,0.07568149,0.07378647,0.07254763,0.07077361,0.06898350,0.06698613,0.06481194,0.06264437
0.46960850,0.47357455,0.47544188,0.47720234,0.47878798,0.48012640,0.48148405,0.48252170,0.48331336,0.48374993,0.48402693,0.48395874,0.48347370,0.48293285,0.48197806,0.48056778,0.47796262,0.47243124,0.46352524,0.45388121,0.44701087,0.44288202,0.44010797,0.43737099,0.43541468,0.43505254,0.43600183,0.43816226,0.44111127,0.44386952,0.44608857,0.44787780,0.44913926,0.45002342,0.45035943,0.45000850,0.44891854,0.44689250,0.44356150,0.43856980,0.43166472,0.42270933,0.41228252,0.40142995,0.39132177,0.38152663,0.36978527,0.35163047,0.32113425,0.27760644,0.23084416,0.19258519,0.16688347,0.15142766,0.14242363,0.13761048,0.13549200,0.13510379,0.13662542,0.14081720,0.14741178,0.15549970,0.16446394,0.17383687,0.18343544,0.19290733,0.20208304,0.21076897,0.21901441,0.22676589,0.23392783,0.24060547,0.24678157,0.25263526,0.25821046,0.26354701,0.26861750,0.27311850,0.27690688,0.28004133,0.28266783,0.28424930,0.28454025,0.28403477,0.28287293,0.27945653,0.27366280,0.26767335,0.26267149,0.25870177,0.25569966,0.25332055,0.25170726,0.24937187,0.24554654,0.24171990,0.23894092,0.23759955,0.23691399,0.23696884,0.23776829,0.24084466,0.24202517,0.24274068,0.24252357,0.24060909,0.23534205,0.22435479,0.20528013,0.17613437,0.13864473,0.10120209,0.07213284,0.05540449,0.04759191,0.04421807,0.04294718,0.04297076,0.04393730,0.04561405,0.04780114,0.05048594,0.05352372,0.05697798,0.06075371,0.06472005,0.06880977,0.07285380,0.07672293,0.08028105,0.08341746,0.08627663,0.08900476,0.09175863,0.09462568,0.09753809,0.10039546,0.10313629,0.10579428,0.10826758,0.11065337,0.11296354,0.11511288,0.11726996,0.11961386,0.12174170,0.12367430,0.12580453,0.12811396,0.13034078,0.13232721,0.13405939,0.13514633,0.13516926,0.13362981,0.13008860,0.12497448,0.11897061,0.11299512,0.10793742,0.10408551,0.10068717,0.09673745,0.09296541,0.09092722,0.09062912,0.08956439,0.08742807,0.08480280,0.08271832,0.08141524,0.07974887,0.07774839,0.07531451,0.07276718,0.07024103
0.46243797,0.46207498,0.46426345,0.46669910,0.46890246,0.47070017,0.47221910,0.47334362,0.47408998,0.47455539,0.47453293,0.47405332,0.47307230,0.47165297,0.46980330,0.46734449,0.46285998,0.45356500,0.43877573,0.42357412,0.41312774,0.40678244,0.40194803,0.39715487,0.39378029,0.39317554,0.39501186,0.39860732,0.40338993,0.40779273,0.41119373,0.41391322,0.41586613,0.41699926,0.41717373,0.41645998,0.41453512,0.41124448,0.40614812,0.39875627,0.38874692,0.37638338,0.36229192,0.34812968,0.33490687,0.32220634,0.30737039,0.28490830,0.24949594,0.20328506,0.15911009,0.12718204,0.10779965,0.09669679,0.09028880,0.08680886,0.08522181,0.08492857,0.08610924,0.08931194,0.09433192,0.10063979,0.10790733,0.11578750,0.12418661,0.13283406,0.14154186,0.15012889,0.15853586,0.16665072,0.17437838,0.18161266,0.18839587,0.19482348,0.20091814,0.20658975,0.21186650,0.21656268,0.22044530,0.22346061,0.22662228,0.22921996,0.23028794,0.22996464,0.22800483,0.22285980,0.21526860,0.20720899,0.20080706,0.19641982,0.19387669,0.19178815,0.19036281,0.18791957,0.18368869,0.18027891,0.17830611,0.17729723,0.17691641,0.17732295,0.17831002,0.17748173,0.17890720,0.17937576,0.17886173,0.17639972,0.17069437,0.15963845,0.14139924,0.11582800,0.08666170,0.06100326,0.04378287,0.03514289,0.03143538,0.02987989,0.02927036,0.02919227,0.02961030,0.03032535,0.03138168,0.03268363,0.03421962,0.03597803,0.03792650,0.04011489,0.04245968,0.04483301,0.04726251,0.04963857,0.05193828,0.05415073,0.05641966,0.05884461,0.06148686,0.06414271,0.06680382,0.06942488,0.07198523,0.07440070,0.07668421,0.07889112,0.08087964,0.08265887,0.08444785,0.08596539,0.08733996,0.08883302,0.09035632,0.09181019,0.09301383,0.09370976,0.09392776,0.09346187,0.09207194,0.08941742,0.08556711,0.08097296,0.07635792,0.07248287,0.06954411,0.06673827,0.06322710,0.06024794,0.05907703,0.05931479,0.05859252,0.05692370,0.05465140,0.05303949,0.05231437,0.05116605,0.04982436,0.04829086,0.04693349,0.04538655
0.47427287,0.47323880,0.47521529,0.47765720,0.47967327,0.48135706,0.48281677,0.48394802,0.48472163,0.48523034,0.48521416,0.48474729,0.48386381,0.48248263,0.48076182,0.47839973,0.47410304,0.46522326,0.45113561,0.43655481,0.42634611,0.41997699,0.41509903,0.41022155,0.40680301,0.40620675,0.40801963,0.41166229,0.41646205,0.42093909,0.42434280,0.42705383,0.42900396,0.43010995,0.43029530,0.42965841,0.42792098,0.42485830,0.42002606,0.41293030,0.40338491,0.39138961,0.37776380,0.36392609,0.35085622,0.33828465,0.32361230,0.30152968,0.26627171,0.21967646,0.17421998,0.14060224,0.11977038,0.10765273,0.10062052,0.09671908,0.09494451,0.09461108,0.09584861,0.09926907,0.10468958,0.11145861,0.11920508,0.12752945,0.13639130,0.14539765,0.15447233,0.16332018,0.17196380,0.18032663,0.18818175,0.19552198,0.20237484,0.20885987,0.21500059,0.22083388,0.22613203,0.23087453,0.23474289,0.23780008,0.24094622,0.24357146,0.24455110,0.24410507,0.24188475,0.23643056,0.22833023,0.21977493,0.21303174,0.20843452,0.20587952,0.20379771,0.20255574,0.20027295,0.19610177,0.19283059,0.19109268,0.19030613,0.19006019,0.19059956,0.19168670,0.19064483,0.19228942,0.19285069,0.19244888,0.19010386,0.18449513,0.17336159,0.15471927,0.12796528,0.09674657,0.06843755,0.04874967,0.03846422,0.03399252,0.03203655,0.03126921,0.03122381,0.03171375,0.03263684,0.03389851,0.03543320,0.03728641,0.03941792,0.04179838,0.04434855,0.04707808,0.04986075,0.05262646,0.05529067,0.05787365,0.06032058,0.06282455,0.06545357,0.06836533,0.07124348,0.07417808,0.07697099,0.07967421,0.08225715,0.08472055,0.08707216,0.08911887,0.09098723,0.09287410,0.09450635,0.09587542,0.09748142,0.09913780,0.10083407,0.10214910,0.10294737,0.10321972,0.10283606,0.10125628,0.09827674,0.09404676,0.08893808,0.08373794,0.07950115,0.07642572,0.07316946,0.06931533,0.06598878,0.06478730,0.06515055,0.06452813,0.06270237,0.06025073,0.05859674,0.05770644,0.05648219,0.05505282,0.05356890,0.05183413,0.05028031
0.50702773,0.51290688,0.51481367,0.51683669,0.51876169,0.52034169,0.52155818,0.52244650,0.52306928,0.52339916,0.52345818,0.52311511,0.52233966,0.52120756,0.51961081,0.51747299,0.51358296,0.50549809,0.49270527,0.47910180,0.46918937,0.46268489,0.45754070,0.45238739,0.44875571,0.44816771,0.45005720,0.45387738,0.45895980,0.46369273,0.46726779,0.47004246,0.47202007,0.47322464,0.47356988,0.47316904,0.47167304,0.46898508,0.46470868,0.45840842,0.44968930,0.43865309,0.42587718,0.41277488,0.40022933,0.38800068,0.37388452,0.35287402,0.31898900,0.27283327,0.22571646,0.18857448,0.16412300,0.14928443,0.14040609,0.13540738,0.13313026,0.13260850,0.13399366,0.13798251,0.14429414,0.15205563,0.16080185,0.17010194,0.17978925,0.18949999,0.19910734,0.20829858,0.21716682,0.22562953,0.23356688,0.24084328,0.24762855,0.25409504,0.26023678,0.26604745,0.27142611,0.27612000,0.27997859,0.28297314,0.28609406,0.28860764,0.28935531,0.28852850,0.28574400,0.27927687,0.26986762,0.26003941,0.25220028,0.24704142,0.24432745,0.24236764,0.24186991,0.24011623,0.23623104,0.23330629,0.23240207,0.23237167,0.23267585,0.23354688,0.23481374,0.23630794,0.23771248,0.23846665,0.23825796,0.23625347,0.23082998,0.21971718,0.20050215,0.17173848,0.13569038,0.09976260,0.07167623,0.05501263,0.04685062,0.04308789,0.04154566,0.04140360,0.04232464,0.04402610,0.04633159,0.04905612,0.05223944,0.05582170,0.05966739,0.06377162,0.06789809,0.07202693,0.07596777,0.07961959,0.08294407,0.08600832,0.08905114,0.09236362,0.09589343,0.09948393,0.10290919,0.10616218,0.10927538,0.11216984,0.11489488,0.11741784,0.11967943,0.12164763,0.12370820,0.12553604,0.12710917,0.12891477,0.13096787,0.13297976,0.13461185,0.13569969,0.13602432,0.13548918,0.13346166,0.12948559,0.12394971,0.11732275,0.11053675,0.10502711,0.10073450,0.09663798,0.09141605,0.08716990,0.08593881,0.08695519,0.08656665,0.08420816,0.08087429,0.07879381,0.07788013,0.07655178,0.07491986,0.07285496,0.07069104,0.06848785
0.47487213,0.47214080,0.47471693,0.47766102,0.48039520,0.48256106,0.48448880,0.48568929,0.48649176,0.48681917,0.48660879,0.48602987,0.48499303,0.48350762,0.48159891,0.47894947,0.47395942,0.46351733,0.44710518,0.43044359,0.41927673,0.41295768,0.40843562,0.40393027,0.40070609,0.40003837,0.40161662,0.40517793,0.41013304,0.41477453,0.41838758,0.42134423,0.42344612,0.42465047,0.42479467,0.42392963,0.42170541,0.41797493,0.41224491,0.40403677,0.39317015,0.37974946,0.36471178,0.34965354,0.33579361,0.32248458,0.30706532,0.28388228,0.24763894,0.20165475,0.15877849,0.12842422,0.11033216,0.10012006,0.09434475,0.09124836,0.08992818,0.08977808,0.09102378,0.09423130,0.09921054,0.10538574,0.11242347,0.12012179,0.12827042,0.13666533,0.14516204,0.15359071,0.16184811,0.16988873,0.17752903,0.18471175,0.19145076,0.19783422,0.20390270,0.20959815,0.21482856,0.21952995,0.22347378,0.22668394,0.22976870,0.23221041,0.23318991,0.23292412,0.23121311,0.22676164,0.22009686,0.21269693,0.20628413,0.20145692,0.19834263,0.19582098,0.19436508,0.19202306,0.18760777,0.18387197,0.18156364,0.18029761,0.17956393,0.17970580,0.18039751,0.17926406,0.18058913,0.18093644,0.18022611,0.17762907,0.17186126,0.16090417,0.14307221,0.11826189,0.09029468,0.06561847,0.04875850,0.04005790,0.03628915,0.03474208,0.03417843,0.03417848,0.03464325,0.03547975,0.03659613,0.03803174,0.03967015,0.04156865,0.04365126,0.04592082,0.04830386,0.05076982,0.05323087,0.05560275,0.05790681,0.06012835,0.06241357,0.06488541,0.06757091,0.07026301,0.07297261,0.07558894,0.07812432,0.08045890,0.08276398,0.08488867,0.08678182,0.08843301,0.09010775,0.09159438,0.09283120,0.09418962,0.09569434,0.09706985,0.09821104,0.09893976,0.09920844,0.09879050,0.09735410,0.09476978,0.09123575,0.08699914,0.08262339,0.07895665,0.07609154,0.07308393,0.06940323,0.06630978,0.06523986,0.06554853,0.06487181,0.06299038,0.06053264,0.05891460,0.05816904,0.05700976,0.05568458,0.05414123,0.05268188,0.05100441
0.48046488,0.48333086,0.48601139,0.48880310,0.49148879,0.49375160,0.49556100,0.49671827,0.49749359,0.49788665,0.49781040,0.49727310,0.49627734,0.49482088,0.49303939,0.49041977,0.48561188,0.47554120,0.45952423,0.44313900,0.43198064,0.42533920,0.42052434,0.41575885,0.41226889,0.41145850,0.41298714,0.41652966,0.42154782,0.42632551,0.43001925,0.43296218,0.43511496,0.43644905,0.43668893,0.43587968,0.43386590,0.43015692,0.42459397,0.41657417,0.40594345,0.39263367,0.37779744,0.36294653,0.34915212,0.33601507,0.32069383,0.29768128,0.26137605,0.21469103,0.17061832,0.13888767,0.11956770,0.10837974,0.10185685,0.09824936,0.09656266,0.09624045,0.09738311,0.10061201,0.10566522,0.11200897,0.11920861,0.12708418,0.13543263,0.14399760,0.15267315,0.16127626,0.16964711,0.17783363,0.18563011,0.19291070,0.19972383,0.20620636,0.21233511,0.21808992,0.22341036,0.22821341,0.23222890,0.23552708,0.23869533,0.24113209,0.24213591,0.24184567,0.24005162,0.23555626,0.22857100,0.22098968,0.21437345,0.20943504,0.20627469,0.20380717,0.20257930,0.20030007,0.19598048,0.19231395,0.19023319,0.18915484,0.18860247,0.18879881,0.18965926,0.19125654,0.19226357,0.19261410,0.19196333,0.18933110,0.18347889,0.17223211,0.15389219,0.12811908,0.09851615,0.07186101,0.05311515,0.04311952,0.03865934,0.03671863,0.03592119,0.03589827,0.03640498,0.03734497,0.03862383,0.04018497,0.04202983,0.04411312,0.04642552,0.04890700,0.05152443,0.05418871,0.05685784,0.05945530,0.06193531,0.06428774,0.06672099,0.06939075,0.07226678,0.07510808,0.07797914,0.08073192,0.08342533,0.08595500,0.08832263,0.09061054,0.09259057,0.09436244,0.09607664,0.09764295,0.09899071,0.10047380,0.10204726,0.10361646,0.10487696,0.10569721,0.10603718,0.10561936,0.10420219,0.10140961,0.09754780,0.09297593,0.08834752,0.08430459,0.08119219,0.07804522,0.07399976,0.07067329,0.06962867,0.07005390,0.06945769,0.06736906,0.06475347,0.06302685,0.06222443,0.06092878,0.05946559,0.05792903,0.05629469,0.05480857
0.49407049,0.49834490,0.50064730,0.50309639,0.50544628,0.50738399,0.50888190,0.51019883,0.51093570,0.51141543,0.51152021,0.51108546,0.51018870,0.50890507,0.50712241,0.50479689,0.50040404,0.49124434,0.47678580,0.46175063,0.45100795,0.44422209,0.43909594,0.43412464,0.43049712,0.42951938,0.43085902,0.43426363,0.43912080,0.44379294,0.44736435,0.45018899,0.45229714,0.45358061,0.45389896,0.45333619,0.45156394,0.44838153,0.44342692,0.43621637,0.42634392,0.41412165,0.40019920,0.38625363,0.37337002,0.36106635,0.34656015,0.32448832,0.28915704,0.24221185,0.19628486,0.16175845,0.13982143,0.12657933,0.11851241,0.11380871,0.11145830,0.11071658,0.11174459,0.11508451,0.12050030,0.12723311,0.13498878,0.14340863,0.15231315,0.16139785,0.17053120,0.17951543,0.18826571,0.19675328,0.20479838,0.21222999,0.21918334,0.22580780,0.23204680,0.23789673,0.24330561,0.24812128,0.25217587,0.25551992,0.25870539,0.26117156,0.26220985,0.26181449,0.25982954,0.25489314,0.24751145,0.23946227,0.23250995,0.22733379,0.22421149,0.22186847,0.22099378,0.21907184,0.21496250,0.21149312,0.20977975,0.20908903,0.20894903,0.20947082,0.21058126,0.21192299,0.21317433,0.21381755,0.21342796,0.21109220,0.20529908,0.19395094,0.17497026,0.14754802,0.11474094,0.08383092,0.06113815,0.04850359,0.04259118,0.03985013,0.03870543,0.03852260,0.03908848,0.04022880,0.04178680,0.04369352,0.04592015,0.04850886,0.05131433,0.05430872,0.05745451,0.06061177,0.06375067,0.06675376,0.06957779,0.07226657,0.07504531,0.07806186,0.08132194,0.08467601,0.08795931,0.09103549,0.09404493,0.09688378,0.09950456,0.10200489,0.10417902,0.10603362,0.10802252,0.10972651,0.11114219,0.11284839,0.11467309,0.11651069,0.11800000,0.11898178,0.11941948,0.11905803,0.11746318,0.11424432,0.10977261,0.10455204,0.09910559,0.09449597,0.09099798,0.08736312,0.08268536,0.07890477,0.07761241,0.07835070,0.07782284,0.07547540,0.07261221,0.07057595,0.06965407,0.06823117,0.06669071,0.06474407,0.06295335,0.06117645
0.43280652,0.43668316,0.43859007,0.44053836,0.44210493,0.44365756,0.44484870,0.44570425,0.44623996,0.44646435,0.44634364,0.44581876,0.44511972,0.44411410,0.44285932,0.44116194,0.43778164,0.43075636,0.41978350,0.40891224,0.40191391,0.39810554,0.39539079,0.39274381,0.39097843,0.39082989,0.39202630,0.39425268,0.39714467,0.39976335,0.40187780,0.40362863,0.40486347,0.40557636,0.40574042,0.40500673,0.40322562,0.40026615,0.39590243,0.38966119,0.38130001,0.37085710,0.35903367,0.34714409,0.33611715,0.32545738,0.31207077,0.29072927,0.25562293,0.20867108,0.16298431,0.12992462,0.11025727,0.09927434,0.09312681,0.08993098,0.08865262,0.08867021,0.09031672,0.09418158,0.10009214,0.10741036,0.11573536,0.12480806,0.13434334,0.14412698,0.15391549,0.16348778,0.17280463,0.18176999,0.19026841,0.19816514,0.20548953,0.21231911,0.21867522,0.22461334,0.23002131,0.23479395,0.23887374,0.24241677,0.24556026,0.24783196,0.24880482,0.24853874,0.24712343,0.24411735,0.23960012,0.23443485,0.22988943,0.22610185,0.22299573,0.21980831,0.21670830,0.21260533,0.20740936,0.20299087,0.19986250,0.19752047,0.19602578,0.19545031,0.19579131,0.19723943,0.19797849,0.19816679,0.19706579,0.19376465,0.18666159,0.17353218,0.15248643,0.12304714,0.08990813,0.06230220,0.04501091,0.03687113,0.03343850,0.03193737,0.03132383,0.03131608,0.03175891,0.03254717,0.03363413,0.03494643,0.03652007,0.03823161,0.04025668,0.04245255,0.04485115,0.04736125,0.04994355,0.05252241,0.05516884,0.05774030,0.06040732,0.06328696,0.06628478,0.06936731,0.07254765,0.07568532,0.07881705,0.08184910,0.08477519,0.08753728,0.09007863,0.09246017,0.09474225,0.09695932,0.09898424,0.10089186,0.10267797,0.10427172,0.10557121,0.10635828,0.10665749,0.10629760,0.10501607,0.10234504,0.09848096,0.09362489,0.08883413,0.08455054,0.08130461,0.07768447,0.07360957,0.07039851,0.06923983,0.06880721,0.06732633,0.06494545,0.06221552,0.06009139,0.05867808,0.05705386,0.05524669,0.05351008,0.05169981,0.04986296
0.43786183,0.44081423,0.44267903,0.44461116,0.44626234,0.44775131,0.44893371,0.44979244,0.45041452,0.45048773,0.45044103,0.45001951,0.44933396,0.44834145,0.44719460,0.44553859,0.44221072,0.43528418,0.42447816,0.41374905,0.40680547,0.40310235,0.40050034,0.39781971,0.39609682,0.39601290,0.39732174,0.39958404,0.40253727,0.40515969,0.40734987,0.40906311,0.41033724,0.41108340,0.41113959,0.41043727,0.40870996,0.40588578,0.40153974,0.39538061,0.38714313,0.37683322,0.36512529,0.35324344,0.34228973,0.33159769,0.31818807,0.29681024,0.26162995,0.21441818,0.16825824,0.13464826,0.11457021,0.10343820,0.09729368,0.09419544,0.09307363,0.09325127,0.09506676,0.09919721,0.10546786,0.11314611,0.12182569,0.13122706,0.14107170,0.15107089,0.16105523,0.17079406,0.18022376,0.18924181,0.19775874,0.20562369,0.21298436,0.21982097,0.22615844,0.23207527,0.23745298,0.24223607,0.24631274,0.24983417,0.25289756,0.25511658,0.25598586,0.25558689,0.25404041,0.25080089,0.24600657,0.24056752,0.23576937,0.23186323,0.22865814,0.22547978,0.22247696,0.21845242,0.21325818,0.20889261,0.20590320,0.20363223,0.20213423,0.20161604,0.20185695,0.20329324,0.20408894,0.20424674,0.20312765,0.19984473,0.19274738,0.17953585,0.15818571,0.12822047,0.09409832,0.06533420,0.04704557,0.03828742,0.03466821,0.03312585,0.03252394,0.03257424,0.03308268,0.03398587,0.03519685,0.03658141,0.03831143,0.04027659,0.04249080,0.04495156,0.04758506,0.05031942,0.05312261,0.05593248,0.05874400,0.06150361,0.06431098,0.06728716,0.07045715,0.07370468,0.07693001,0.08015441,0.08337519,0.08653816,0.08951165,0.09227151,0.09480734,0.09715677,0.09950932,0.10169395,0.10374556,0.10568371,0.10752221,0.10912550,0.11048980,0.11127836,0.11156248,0.11117315,0.10975083,0.10701048,0.10286594,0.09780030,0.09275656,0.08835494,0.08474305,0.08112073,0.07669214,0.07344187,0.07240446,0.07205923,0.07061770,0.06818338,0.06532670,0.06316728,0.06171995,0.05991881,0.05821070,0.05643698,0.05449765,0.05252644
0.48876130,0.49214984,0.49365038,0.49515829,0.49661342,0.49792654,0.49883223,0.49944054,0.49990664,0.50002041,0.50000465,0.49968838,0.49902406,0.49812661,0.49702323,0.49548217,0.49248428,0.48646127,0.47699335,0.46741904,0.46085357,0.45701310,0.45413191,0.45121047,0.44925771,0.44902990,0.45018255,0.45237314,0.45527752,0.45787114,0.45994130,0.46147196,0.46269839,0.46336056,0.46349094,0.46290533,0.46143830,0.45897563,0.45523041,0.44986107,0.44259037,0.43337784,0.42271884,0.41183120,0.40150337,0.39149450,0.37907208,0.35921759,0.32581455,0.27925563,0.23090800,0.19315867,0.16896011,0.15468872,0.14645201,0.14205241,0.14028442,0.14024433,0.14226816,0.14715293,0.15449706,0.16342087,0.17335132,0.18384150,0.19466449,0.20542860,0.21595365,0.22608139,0.23577226,0.24485938,0.25338177,0.26119954,0.26846263,0.27516618,0.28147017,0.28731926,0.29263423,0.29733664,0.30130542,0.30467919,0.30766136,0.30971653,0.31025744,0.30947306,0.30743841,0.30352244,0.29800920,0.29183449,0.28639605,0.28207935,0.27880722,0.27569445,0.27312305,0.26951771,0.26458528,0.26066962,0.25815599,0.25647927,0.25531398,0.25500037,0.25550955,0.25782025,0.25876745,0.25920758,0.25838087,0.25539858,0.24867488,0.23563240,0.21360211,0.18090621,0.14049390,0.10204980,0.07363952,0.05779592,0.05031387,0.04694438,0.04560284,0.04560842,0.04665443,0.04847414,0.05086955,0.05370433,0.05699315,0.06063744,0.06464708,0.06883340,0.07319638,0.07754915,0.08180903,0.08590550,0.08982723,0.09360289,0.09733743,0.10125084,0.10528946,0.10933553,0.11333254,0.11723083,0.12099892,0.12468860,0.12808729,0.13126523,0.13407718,0.13668291,0.13932095,0.14184366,0.14418553,0.14653901,0.14866780,0.15068283,0.15231378,0.15334241,0.15372329,0.15325823,0.15149448,0.14779325,0.14249637,0.13594129,0.12921740,0.12345024,0.11880402,0.11379048,0.10793642,0.10350663,0.10243101,0.10278158,0.10121839,0.09794367,0.09406386,0.09133865,0.08967889,0.08751589,0.08514082,0.08258549,0.07982931,0.07720422
0.43506256,0.43859894,0.44049810,0.44247320,0.44402373,0.44558405,0.44684093,0.44770961,0.44819524,0.44839155,0.44816543,0.44765311,0.44681301,0.44578095,0.44446893,0.44273262,0.43928739,0.43220277,0.42110596,0.41009790,0.40306673,0.39923342,0.39644887,0.39375717,0.39195250,0.39177373,0.39288345,0.39507858,0.39789421,0.40044739,0.40249614,0.40420965,0.40537626,0.40602885,0.40615503,0.40532414,0.40345711,0.40040735,0.39588040,0.38952245,0.38103059,0.37043503,0.35851796,0.34656405,0.33554521,0.32484929,0.31139549,0.28988626,0.25447969,0.20723065,0.16137802,0.12831369,0.10861370,0.09758375,0.09135485,0.08806007,0.08671892,0.08671015,0.08830364,0.09213896,0.09801280,0.10530935,0.11363294,0.12266711,0.13220656,0.14201976,0.15187226,0.16149937,0.17092276,0.17998866,0.18853881,0.19649636,0.20391221,0.21077896,0.21716723,0.22307655,0.22842015,0.23319605,0.23729253,0.24077798,0.24389806,0.24623109,0.24732323,0.24711532,0.24580194,0.24282668,0.23848537,0.23351850,0.22897046,0.22515406,0.22203583,0.21873760,0.21561893,0.21141870,0.20614464,0.20163528,0.19840960,0.19604747,0.19445572,0.19389104,0.19415022,0.19613776,0.19686859,0.19700008,0.19584593,0.19243697,0.18520514,0.17195542,0.15069663,0.12117022,0.08792897,0.06033132,0.04305184,0.03499515,0.03165845,0.03025647,0.02972414,0.02967608,0.03007596,0.03080988,0.03183292,0.03308156,0.03457174,0.03631349,0.03822279,0.04041829,0.04281246,0.04530783,0.04789159,0.05054329,0.05316976,0.05584510,0.05859252,0.06157902,0.06470893,0.06792906,0.07118144,0.07444611,0.07768691,0.08085073,0.08387806,0.08672965,0.08930632,0.09169306,0.09394958,0.09606736,0.09810474,0.09994769,0.10175008,0.10329629,0.10458674,0.10538378,0.10569653,0.10543633,0.10418918,0.10166104,0.09792939,0.09328191,0.08852269,0.08435142,0.08095664,0.07734351,0.07309216,0.06993077,0.06878011,0.06824515,0.06672023,0.06417243,0.06128963,0.05916776,0.05767073,0.05596367,0.05411654,0.05232610,0.05039860,0.04855976
0.43501930,0.43835149,0.44024539,0.44223402,0.44371389,0.44525364,0.44642152,0.44728924,0.44790257,0.44799597,0.44791130,0.44748485,0.44674194,0.44573871,0.44454621,0.44285085,0.43958030,0.43276304,0.42208862,0.41146091,0.40446140,0.40055145,0.39778095,0.39503215,0.39316015,0.39293920,0.39411077,0.39628938,0.39914419,0.40173237,0.40379779,0.40552331,0.40678847,0.40750567,0.40758593,0.40688419,0.40519058,0.40231215,0.39800629,0.39184856,0.38361104,0.37335361,0.36176985,0.35007556,0.33930508,0.32887808,0.31578909,0.29474876,0.25997302,0.21311708,0.16726144,0.13380508,0.11358984,0.10210260,0.09554212,0.09201961,0.09055086,0.09046208,0.09204292,0.09593757,0.10186549,0.10921716,0.11761393,0.12671050,0.13627843,0.14613251,0.15594845,0.16561819,0.17503579,0.18407620,0.19258756,0.20050735,0.20791424,0.21474783,0.22109863,0.22697080,0.23231347,0.23708372,0.24112914,0.24464800,0.24778408,0.25006014,0.25106213,0.25088137,0.24950576,0.24647524,0.24207452,0.23694979,0.23231591,0.22845353,0.22531687,0.22218456,0.21928431,0.21529688,0.21008010,0.20575374,0.20276218,0.20055126,0.19912216,0.19859080,0.19903626,0.20096746,0.20183904,0.20204914,0.20104074,0.19774373,0.19069144,0.17763202,0.15649545,0.12686749,0.09303680,0.06438589,0.04605617,0.03733075,0.03367758,0.03207935,0.03145188,0.03142100,0.03185933,0.03265870,0.03377286,0.03512160,0.03667854,0.03857277,0.04069520,0.04302478,0.04551140,0.04817512,0.05091615,0.05366451,0.05639894,0.05920406,0.06203318,0.06510598,0.06833255,0.07165314,0.07501583,0.07833535,0.08163997,0.08487688,0.08798621,0.09082644,0.09341487,0.09577849,0.09814837,0.10031367,0.10230897,0.10427697,0.10611081,0.10771671,0.10910147,0.10997247,0.11026988,0.11000523,0.10880929,0.10618139,0.10225870,0.09739917,0.09243961,0.08816156,0.08463468,0.08090756,0.07654447,0.07318597,0.07208364,0.07179604,0.07020627,0.06767183,0.06460917,0.06258410,0.06099409,0.05917486,0.05745440,0.05550548,0.05351143,0.05180739
0.45029453,0.45385975,0.45555805,0.45730613,0.45897034,0.46029604,0.46145249,0.46232412,0.46275650,0.46295697,0.46291258,0.46255897,0.46188848,0.46092018,0.45983276,0.45824465,0.45514388,0.44873911,0.43874301,0.42876307,0.42197465,0.41812483,0.41525296,0.41240616,0.41047999,0.41022025,0.41130458,0.41343552,0.41630297,0.41889053,0.42092086,0.42253920,0.42379203,0.42455019,0.42467023,0.42399606,0.42243519,0.41973247,0.41563280,0.40989932,0.40214078,0.39241922,0.38129418,0.37004497,0.35960982,0.34949737,0.33683359,0.31643303,0.28230435,0.23546017,0.18849765,0.15314192,0.13117474,0.11839251,0.11095693,0.10689215,0.10512988,0.10494027,0.10659353,0.11078283,0.11719790,0.12513333,0.13406368,0.14371226,0.15379270,0.16406840,0.17426937,0.18420261,0.19380189,0.20292714,0.21150080,0.21946871,0.22687930,0.23369017,0.24006066,0.24591391,0.25123695,0.25597303,0.26005478,0.26352265,0.26661185,0.26885793,0.26970964,0.26935990,0.26784470,0.26454742,0.25976024,0.25435542,0.24939493,0.24538994,0.24228110,0.23911358,0.23637238,0.23257490,0.22750601,0.22329828,0.22050610,0.21852485,0.21718355,0.21680550,0.21733664,0.21984848,0.22074620,0.22106679,0.22013568,0.21703028,0.21006875,0.19694181,0.17535860,0.14435634,0.10783216,0.07542382,0.05352132,0.04250303,0.03775989,0.03571775,0.03485476,0.03480847,0.03535012,0.03632758,0.03771819,0.03943829,0.04148974,0.04386097,0.04648033,0.04937578,0.05242885,0.05562240,0.05885530,0.06207210,0.06530180,0.06849150,0.07170921,0.07512779,0.07877431,0.08243996,0.08611097,0.08976643,0.09336178,0.09684663,0.10015347,0.10321108,0.10596767,0.10848590,0.11094583,0.11328059,0.11542434,0.11756371,0.11953650,0.12135435,0.12280501,0.12377672,0.12416585,0.12381457,0.12246735,0.11956909,0.11519558,0.10972693,0.10423756,0.09943278,0.09546251,0.09119020,0.08640149,0.08260274,0.08148660,0.08141345,0.07980224,0.07684610,0.07353477,0.07115744,0.06949181,0.06752872,0.06548615,0.06343606,0.06110446,0.05902298
0.41382167,0.42402197,0.42594999,0.42782282,0.42947630,0.43096235,0.43213240,0.43305767,0.43352516,0.43374816,0.43352642,0.43307695,0.43234972,0.43134199,0.43006558,0.42834400,0.42501390,0.41808269,0.40726602,0.39646567,0.38953774,0.38577048,0.38307848,0.38037997,0.37861676,0.37843720,0.37959738,0.38185651,0.38475336,0.38737430,0.38947595,0.39118795,0.39236850,0.39301150,0.39315838,0.39236970,0.39060645,0.38772128,0.38337376,0.37726104,0.36904713,0.35878973,0.34725071,0.33557233,0.32476305,0.31434595,0.30131146,0.28061635,0.24681629,0.20192718,0.15846674,0.12716121,0.10861978,0.09831774,0.09262055,0.08968788,0.08859265,0.08868612,0.09028788,0.09401630,0.09962273,0.10658981,0.11448326,0.12307345,0.13211565,0.14137341,0.15064230,0.15973075,0.16859101,0.17711249,0.18510351,0.19263229,0.19961393,0.20612630,0.21220948,0.21784833,0.22303013,0.22762999,0.23158415,0.23499015,0.23800543,0.24031913,0.24130317,0.24104557,0.23962991,0.23653922,0.23203658,0.22685378,0.22226455,0.21851230,0.21556062,0.21256034,0.20971820,0.20583019,0.20091310,0.19671773,0.19378251,0.19172909,0.19033520,0.18986288,0.19019667,0.19088785,0.19160771,0.19171256,0.19065368,0.18753706,0.18078669,0.16837927,0.14850506,0.12073799,0.08946058,0.06332492,0.04679055,0.03879210,0.03545475,0.03400604,0.03344852,0.03349215,0.03392752,0.03473155,0.03577335,0.03704874,0.03860542,0.04040933,0.04241112,0.04458293,0.04690396,0.04938190,0.05188129,0.05440415,0.05689400,0.05942000,0.06197295,0.06469058,0.06754247,0.07053060,0.07352133,0.07650181,0.07943435,0.08230724,0.08509002,0.08771617,0.09006752,0.09228076,0.09440068,0.09639416,0.09824035,0.09997159,0.10166635,0.10312457,0.10433569,0.10506029,0.10527752,0.10501281,0.10376006,0.10123970,0.09754601,0.09288427,0.08821741,0.08425380,0.08111935,0.07779081,0.07385713,0.07091909,0.06994588,0.06962548,0.06836572,0.06609009,0.06342545,0.06159825,0.06020990,0.05876282,0.05711680,0.05541667,0.05376041,0.05208630
0.43232341,0.43584534,0.43782603,0.43977939,0.44142120,0.44299437,0.44411336,0.44503807,0.44574604,0.44596097,0.44588452,0.44551713,0.44484478,0.44386864,0.44271911,0.44105568,0.43782489,0.43097347,0.42029349,0.40959498,0.40252082,0.39851942,0.39563504,0.39277108,0.39088846,0.39072802,0.39194277,0.39426409,0.39731529,0.40004573,0.40223654,0.40402930,0.40534578,0.40612212,0.40624231,0.40558829,0.40397152,0.40119672,0.39699356,0.39094714,0.38278342,0.37258060,0.36097603,0.34924339,0.33845139,0.32794982,0.31487074,0.29404940,0.25976477,0.21378000,0.16870122,0.13578252,0.11590105,0.10468979,0.09834837,0.09498579,0.09362455,0.09362798,0.09523263,0.09908163,0.10492383,0.11215086,0.12034336,0.12924631,0.13864593,0.14824987,0.15778163,0.16719000,0.17628117,0.18499083,0.19325241,0.20093563,0.20812230,0.21476754,0.22099980,0.22679216,0.23205687,0.23679908,0.24078161,0.24426400,0.24734498,0.24962884,0.25055765,0.25022540,0.24868093,0.24533400,0.24052882,0.23499985,0.23015266,0.22622728,0.22311478,0.22011954,0.21735669,0.21357910,0.20860318,0.20447676,0.20170904,0.19968811,0.19842016,0.19796271,0.19838215,0.20058164,0.20148015,0.20176804,0.20084917,0.19778953,0.19102528,0.17845460,0.15800198,0.12920100,0.09626187,0.06816174,0.04996454,0.04109426,0.03730989,0.03568541,0.03499950,0.03498297,0.03545716,0.03631061,0.03748958,0.03893554,0.04067473,0.04262313,0.04481836,0.04718619,0.04973416,0.05242058,0.05508034,0.05778040,0.06046845,0.06310850,0.06582954,0.06872440,0.07175206,0.07486208,0.07802087,0.08117182,0.08424898,0.08731347,0.09019133,0.09289887,0.09537575,0.09762619,0.09983988,0.10192437,0.10390001,0.10577682,0.10755612,0.10909268,0.11038766,0.11126170,0.11153419,0.11121078,0.10988958,0.10723892,0.10318960,0.09823937,0.09320786,0.08903453,0.08559669,0.08211932,0.07790716,0.07473463,0.07379983,0.07362601,0.07221790,0.06988192,0.06706384,0.06509451,0.06379211,0.06216288,0.06043048,0.05865932,0.05680649,0.05511476
0.46316425,0.46483313,0.46667590,0.46855619,0.47028554,0.47185283,0.47309259,0.47414237,0.47478552,0.47526380,0.47545955,0.47536455,0.47489656,0.47418151,0.47322180,0.47183041,0.46908111,0.46316654,0.45385278,0.44442815,0.43787064,0.43394907,0.43096476,0.42805264,0.42609786,0.42589910,0.42708536,0.42938684,0.43248268,0.43522415,0.43739175,0.43912077,0.44040377,0.44123564,0.44150237,0.44099659,0.43968905,0.43731110,0.43359889,0.42822295,0.42094443,0.41170514,0.40103539,0.39017195,0.37999036,0.37017775,0.35802819,0.33855415,0.30576989,0.26020751,0.21348091,0.17733940,0.15417851,0.14037959,0.13222372,0.12772661,0.12572793,0.12547916,0.12716549,0.13149925,0.13814133,0.14627749,0.15541767,0.16525603,0.17544516,0.18568776,0.19580869,0.20558275,0.21494601,0.22382946,0.23219341,0.23990373,0.24705255,0.25373398,0.25996531,0.26573286,0.27100772,0.27570896,0.27971541,0.28309944,0.28619482,0.28838837,0.28915617,0.28857584,0.28671744,0.28291836,0.27754885,0.27156918,0.26618687,0.26202484,0.25894852,0.25597941,0.25354836,0.25004002,0.24519050,0.24144231,0.23906070,0.23744378,0.23639970,0.23612940,0.23675286,0.23820230,0.23931045,0.23981682,0.23918106,0.23648225,0.23005173,0.21757864,0.19666478,0.16575078,0.12800433,0.09279289,0.06728495,0.05340558,0.04693703,0.04399499,0.04274466,0.04264515,0.04339908,0.04482338,0.04679812,0.04916287,0.05188039,0.05494296,0.05833128,0.06193568,0.06567987,0.06945185,0.07326771,0.07688262,0.08042602,0.08384043,0.08729500,0.09087414,0.09462875,0.09839879,0.10220055,0.10590926,0.10952080,0.11302454,0.11629353,0.11936414,0.12218099,0.12470245,0.12722610,0.12966491,0.13182796,0.13400740,0.13611203,0.13803382,0.13961138,0.14054902,0.14102007,0.14062814,0.13905141,0.13572684,0.13075118,0.12467257,0.11835429,0.11309924,0.10889277,0.10437211,0.09899674,0.09504315,0.09415718,0.09425344,0.09277540,0.08994050,0.08631321,0.08380570,0.08234028,0.08031436,0.07807045,0.07574732,0.07339206,0.07102506
0.44033574,0.44411246,0.44607588,0.44806713,0.44983979,0.45142266,0.45263655,0.45356400,0.45408318,0.45432250,0.45404852,0.45350020,0.45266424,0.45153252,0.45011004,0.44819945,0.44453418,0.43686380,0.42495609,0.41320139,0.40583943,0.40203706,0.39938010,0.39674502,0.39502947,0.39503814,0.39637585,0.39873571,0.40174589,0.40443271,0.40662765,0.40843921,0.40963043,0.41029915,0.41038440,0.40946267,0.40746646,0.40422617,0.39944860,0.39266458,0.38370233,0.37253532,0.35993269,0.34725767,0.33555662,0.32417596,0.30989774,0.28733314,0.25070638,0.20262032,0.15674758,0.12429901,0.10547822,0.09523721,0.08971020,0.08694323,0.08597191,0.08622037,0.08797793,0.09193344,0.09787479,0.10522453,0.11357780,0.12266478,0.13224467,0.14209496,0.15200765,0.16171841,0.17121936,0.18038534,0.18900267,0.19703940,0.20452087,0.21151648,0.21794685,0.22398422,0.22944315,0.23431989,0.23842870,0.24201992,0.24516462,0.24750718,0.24855144,0.24825222,0.24669806,0.24340231,0.23875711,0.23341858,0.22868951,0.22476223,0.22155805,0.21815691,0.21491813,0.21059478,0.20519294,0.20055561,0.19714484,0.19463195,0.19289693,0.19215356,0.19233530,0.19384397,0.19449985,0.19447409,0.19316401,0.18957021,0.18215452,0.16863568,0.14726068,0.11793670,0.08558824,0.05929781,0.04310158,0.03555066,0.03238936,0.03104729,0.03053597,0.03054575,0.03100612,0.03179098,0.03283578,0.03407993,0.03558972,0.03732439,0.03929241,0.04142645,0.04372417,0.04618405,0.04872052,0.05124417,0.05377364,0.05630642,0.05893782,0.06178222,0.06477404,0.06787879,0.07098521,0.07407502,0.07716707,0.08019387,0.08304383,0.08568959,0.08812183,0.09035892,0.09243990,0.09443242,0.09624728,0.09805683,0.09977221,0.10125593,0.10249606,0.10322088,0.10346967,0.10308230,0.10186024,0.09932481,0.09545966,0.09088091,0.08620214,0.08218647,0.07895665,0.07540406,0.07139321,0.06832721,0.06717058,0.06677185,0.06537212,0.06297648,0.06024960,0.05820880,0.05686728,0.05527342,0.05352487,0.05180042,0.05019158,0.04845969
0.44013883,0.44350304,0.44553180,0.44756709,0.44930296,0.45089512,0.45210976,0.45303782,0.45370888,0.45385101,0.45373487,0.45330298,0.45255113,0.45149511,0.45023377,0.44848959,0.44498565,0.43765058,0.42618937,0.41490950,0.40767056,0.40386253,0.40118806,0.39848769,0.39670230,0.39671227,0.39805785,0.40046742,0.40350107,0.40624303,0.40844292,0.41025582,0.41158027,0.41231453,0.41239176,0.41158178,0.40976181,0.40673837,0.40217664,0.39568389,0.38700485,0.37619773,0.36401401,0.35162898,0.34024498,0.32916090,0.31528722,0.29319219,0.25721652,0.20949715,0.16349618,0.13055093,0.11114576,0.10048462,0.09463683,0.09168622,0.09062315,0.09080696,0.09255465,0.09658632,0.10265269,0.11011251,0.11858335,0.12777536,0.13745988,0.14738294,0.15730990,0.16708221,0.17656369,0.18570832,0.19433923,0.20233603,0.20980594,0.21673426,0.22314036,0.22912230,0.23456787,0.23941934,0.24351720,0.24708851,0.25023046,0.25255288,0.25353972,0.25320529,0.25161033,0.24825573,0.24350178,0.23803492,0.23319573,0.22928998,0.22603835,0.22279577,0.21970262,0.21558028,0.21024534,0.20579428,0.20265084,0.20030182,0.19875273,0.19810562,0.19836841,0.19959123,0.20031912,0.20041941,0.19930336,0.19584077,0.18858615,0.17527360,0.15399456,0.12447585,0.09136897,0.06395526,0.04667744,0.03839113,0.03493067,0.03340957,0.03285258,0.03286619,0.03338887,0.03422813,0.03537936,0.03673322,0.03838120,0.04024583,0.04238757,0.04467741,0.04719980,0.04979366,0.05248594,0.05509251,0.05777956,0.06039863,0.06315943,0.06608156,0.06918574,0.07237632,0.07557537,0.07877585,0.08192921,0.08500254,0.08790585,0.09062526,0.09309077,0.09528812,0.09744469,0.09946549,0.10133519,0.10314704,0.10488140,0.10644701,0.10776461,0.10855561,0.10881866,0.10844880,0.10722747,0.10454685,0.10058403,0.09575503,0.09085264,0.08671032,0.08328279,0.07972887,0.07547944,0.07228961,0.07124337,0.07096153,0.06950066,0.06703368,0.06428224,0.06223295,0.06081672,0.05922002,0.05749538,0.05573592,0.05397197,0.05220257
0.47656960,0.48015284,0.48174408,0.48346204,0.48502049,0.48637818,0.48745455,0.48819187,0.48871024,0.48893703,0.48885909,0.48857965,0.48787995,0.48700361,0.48586852,0.48426518,0.48115997,0.47473959,0.46473705,0.45464682,0.44779210,0.44364462,0.44059989,0.43750177,0.43542356,0.43519362,0.43635831,0.43863487,0.44156762,0.44426158,0.44633316,0.44801369,0.44926978,0.45004459,0.45015908,0.44951305,0.44801863,0.44538346,0.44138279,0.43571576,0.42802869,0.41832283,0.40722078,0.39586929,0.38523642,0.37492517,0.36214475,0.34170274,0.30745810,0.26011465,0.21197995,0.17512095,0.15176236,0.13791867,0.12976080,0.12526285,0.12326224,0.12299759,0.12471427,0.12905845,0.13578663,0.14406781,0.15336345,0.16339278,0.17384556,0.18440872,0.19484754,0.20500235,0.21473956,0.22400735,0.23273655,0.24079349,0.24825732,0.25515633,0.26168113,0.26764831,0.27309201,0.27792779,0.28205661,0.28553509,0.28873776,0.29099351,0.29181631,0.29121606,0.28936972,0.28557561,0.28024137,0.27433434,0.26908944,0.26499696,0.26179053,0.25866693,0.25601242,0.25231601,0.24726374,0.24325100,0.24061139,0.23876163,0.23757580,0.23721436,0.23781304,0.23976857,0.24078115,0.24121178,0.24040960,0.23741451,0.23053663,0.21734727,0.19548778,0.16352655,0.12510148,0.08970398,0.06453508,0.05096751,0.04466213,0.04179301,0.04055823,0.04043238,0.04116737,0.04259756,0.04441945,0.04669074,0.04934261,0.05231357,0.05556935,0.05907270,0.06274228,0.06645345,0.07014807,0.07377749,0.07731413,0.08071548,0.08417622,0.08788986,0.09171851,0.09565359,0.09957934,0.10339321,0.10707549,0.11071793,0.11406666,0.11718657,0.11993738,0.12247077,0.12489265,0.12721014,0.12932308,0.13149855,0.13365873,0.13561644,0.13722937,0.13825823,0.13862892,0.13835978,0.13685710,0.13353859,0.12867884,0.12262322,0.11651256,0.11132108,0.10702367,0.10246574,0.09696484,0.09300155,0.09197231,0.09191559,0.09040751,0.08733975,0.08362689,0.08116125,0.07962864,0.07754414,0.07534686,0.07296657,0.07066681,0.06829572
0.43975163,0.44382840,0.44573812,0.44785087,0.44946151,0.45101820,0.45223838,0.45312499,0.45371099,0.45398603,0.45383572,0.45336565,0.45258411,0.45144091,0.45000631,0.44807992,0.44439059,0.43672794,0.42485669,0.41296398,0.40539193,0.40131407,0.39838356,0.39547058,0.39358390,0.39351743,0.39485264,0.39735561,0.40055425,0.40342147,0.40574060,0.40762862,0.40890762,0.40963519,0.40971211,0.40887121,0.40701657,0.40391803,0.39929151,0.39268258,0.38378777,0.37263960,0.36006092,0.34731020,0.33546368,0.32400756,0.30981005,0.28755496,0.25148537,0.20397278,0.15837382,0.12587017,0.10684634,0.09643024,0.09079925,0.08798591,0.08700702,0.08719276,0.08889574,0.09274550,0.09857159,0.10578999,0.11392019,0.12278428,0.13214634,0.14172776,0.15132676,0.16073402,0.16995301,0.17882070,0.18712965,0.19493731,0.20216836,0.20893205,0.21527340,0.22126696,0.22681535,0.23166505,0.23585027,0.23944674,0.24261528,0.24495007,0.24595001,0.24552901,0.24377489,0.24016514,0.23513179,0.22949032,0.22464631,0.22061784,0.21739772,0.21414599,0.21113597,0.20702766,0.20180478,0.19750981,0.19442007,0.19219857,0.19066594,0.19003843,0.19032509,0.19194394,0.19266788,0.19275964,0.19162823,0.18835573,0.18127904,0.16824574,0.14748670,0.11869007,0.08668303,0.06042274,0.04413011,0.03649770,0.03329570,0.03192352,0.03139290,0.03141526,0.03188366,0.03265624,0.03369089,0.03496838,0.03648498,0.03817579,0.04009014,0.04225220,0.04452489,0.04694934,0.04939170,0.05185975,0.05426976,0.05668613,0.05915775,0.06184438,0.06464261,0.06753564,0.07042859,0.07332170,0.07623943,0.07904036,0.08175609,0.08425992,0.08655330,0.08861821,0.09069676,0.09263530,0.09442823,0.09622327,0.09790921,0.09940091,0.10061054,0.10139263,0.10160155,0.10116240,0.09985889,0.09716610,0.09326847,0.08841505,0.08370400,0.07982403,0.07677509,0.07347129,0.06974496,0.06684893,0.06569049,0.06531060,0.06410504,0.06178676,0.05929058,0.05751097,0.05630875,0.05468495,0.05320414,0.05159203,0.04994753,0.04817965
0.43976276,0.44379181,0.44573542,0.44772296,0.44940717,0.45081009,0.45182233,0.45275009,0.45351687,0.45374789,0.45375451,0.45338638,0.45263843,0.45162496,0.45033071,0.44854770,0.44499780,0.43776430,0.42648418,0.41519591,0.40779029,0.40371228,0.40074664,0.39776781,0.39584486,0.39578791,0.39718224,0.39972530,0.40297494,0.40591511,0.40826430,0.41016830,0.41156204,0.41234628,0.41243602,0.41173884,0.41005334,0.40725736,0.40296881,0.39670451,0.38820782,0.37753720,0.36542166,0.35307666,0.34164139,0.33048744,0.31671081,0.29505060,0.25967137,0.21248815,0.16655049,0.13321161,0.11337839,0.10241775,0.09640620,0.09336710,0.09228340,0.09245980,0.09421657,0.09822404,0.10425253,0.11165180,0.12004403,0.12911358,0.13864530,0.14838522,0.15809265,0.16757975,0.17682058,0.18567401,0.19403013,0.20176496,0.20901802,0.21573152,0.22208536,0.22803275,0.23353383,0.23840679,0.24254070,0.24612970,0.24930004,0.25160119,0.25252660,0.25204704,0.25015932,0.24640783,0.24107422,0.23518802,0.23015437,0.22604927,0.22279930,0.21967480,0.21688975,0.21306809,0.20804969,0.20386731,0.20110689,0.19910984,0.19774486,0.19722036,0.19766367,0.19924281,0.20007212,0.20031853,0.19935882,0.19623480,0.18938860,0.17651877,0.15569897,0.12654245,0.09342977,0.06567804,0.04817915,0.03983184,0.03643893,0.03495353,0.03440098,0.03439851,0.03485721,0.03574052,0.03680325,0.03819963,0.03980049,0.04168273,0.04374054,0.04601863,0.04852552,0.05108022,0.05372032,0.05632057,0.05888901,0.06141369,0.06401703,0.06679218,0.06975189,0.07276600,0.07583309,0.07884392,0.08180838,0.08469650,0.08740917,0.09001956,0.09232943,0.09443054,0.09655091,0.09851644,0.10031679,0.10218094,0.10387040,0.10547271,0.10680327,0.10763349,0.10794352,0.10757974,0.10619785,0.10332674,0.09917739,0.09402777,0.08906208,0.08483786,0.08166961,0.07827451,0.07426075,0.07123369,0.07020325,0.07000677,0.06871431,0.06645422,0.06388091,0.06196315,0.06077998,0.05926507,0.05774614,0.05601010,0.05425879,0.05266792
0.48258114,0.48726545,0.48900460,0.49054588,0.49194139,0.49324617,0.49425995,0.49506435,0.49568954,0.49611367,0.49616738,0.49582971,0.49522872,0.49421554,0.49313208,0.49147543,0.48833103,0.48179375,0.47180331,0.46162687,0.45453371,0.45027443,0.44693457,0.44368742,0.44156842,0.44132880,0.44262958,0.44504450,0.44828090,0.45118769,0.45348840,0.45530317,0.45658459,0.45732174,0.45750275,0.45690469,0.45555878,0.45310992,0.44935613,0.44376109,0.43616453,0.42646724,0.41528406,0.40379364,0.39301804,0.38249913,0.36956419,0.34923122,0.31535207,0.26849454,0.22046254,0.18332558,0.15965766,0.14572877,0.13762088,0.13331536,0.13153063,0.13144190,0.13327613,0.13778846,0.14463107,0.15298479,0.16236135,0.17234288,0.18267786,0.19302979,0.20328077,0.21315144,0.22258510,0.23161989,0.24001742,0.24780208,0.25497255,0.26163139,0.26796264,0.27391408,0.27944909,0.28434468,0.28844246,0.29192934,0.29502909,0.29730609,0.29803182,0.29721865,0.29499422,0.29063338,0.28466832,0.27814334,0.27255638,0.26817660,0.26485202,0.26174917,0.25939197,0.25597282,0.25116885,0.24733018,0.24508702,0.24364197,0.24255708,0.24240436,0.24297729,0.24562694,0.24669526,0.24721402,0.24657640,0.24378452,0.23725062,0.22447829,0.20303831,0.17147644,0.13289047,0.09674909,0.07050826,0.05607509,0.04937143,0.04628408,0.04504041,0.04497830,0.04583316,0.04742050,0.04949641,0.05196424,0.05482945,0.05811962,0.06163420,0.06540095,0.06928820,0.07321925,0.07706481,0.08075942,0.08424215,0.08756421,0.09089894,0.09447052,0.09817061,0.10193726,0.10568747,0.10929166,0.11282469,0.11619604,0.11932447,0.12221745,0.12481516,0.12714740,0.12951463,0.13168158,0.13379466,0.13593155,0.13804797,0.13995444,0.14154544,0.14257050,0.14300731,0.14262816,0.14093714,0.13739706,0.13201274,0.12555520,0.11914978,0.11377305,0.10963697,0.10527312,0.10001644,0.09596734,0.09500929,0.09528744,0.09395711,0.09093129,0.08737147,0.08500299,0.08377649,0.08187319,0.07975124,0.07743789,0.07514117,0.07276350
0.39312522,0.41349273,0.41534200,0.41718060,0.41858793,0.42004116,0.42113713,0.42190252,0.42243741,0.42264520,0.42247671,0.42204610,0.42132961,0.42024706,0.41900670,0.41724643,0.41387978,0.40710350,0.39656405,0.38597672,0.37908599,0.37523722,0.37244101,0.36967835,0.36788973,0.36770202,0.36881148,0.37094566,0.37370143,0.37622450,0.37823366,0.37987437,0.38098237,0.38161445,0.38171134,0.38093440,0.37925480,0.37645473,0.37224770,0.36627278,0.35827788,0.34823836,0.33687980,0.32540644,0.31469758,0.30437218,0.29157517,0.27146868,0.23854138,0.19450745,0.15158266,0.12042356,0.10183484,0.09144072,0.08565438,0.08265425,0.08145993,0.08144489,0.08290396,0.08639732,0.09175340,0.09842328,0.10605451,0.11432528,0.12303471,0.13193387,0.14081342,0.14951393,0.15800118,0.16615386,0.17378239,0.18094853,0.18760900,0.19375533,0.19955457,0.20502843,0.20999824,0.21441495,0.21817596,0.22139102,0.22425866,0.22630934,0.22703355,0.22649204,0.22502141,0.22199487,0.21759550,0.21269241,0.20841297,0.20496972,0.20216079,0.19930219,0.19657678,0.19277932,0.18807610,0.18412408,0.18130400,0.17925840,0.17791073,0.17743146,0.17782749,0.18294194,0.18366967,0.18378676,0.18282005,0.17981841,0.17332924,0.16122580,0.14175548,0.11444291,0.08355984,0.05779832,0.04173956,0.03441044,0.03140051,0.03015720,0.02965455,0.02964012,0.03000283,0.03065280,0.03152741,0.03261969,0.03396979,0.03547869,0.03722883,0.03920066,0.04130537,0.04356238,0.04588385,0.04826988,0.05060257,0.05292688,0.05526707,0.05782172,0.06046203,0.06315751,0.06594746,0.06868307,0.07138704,0.07403755,0.07661741,0.07900336,0.08121026,0.08326968,0.08528101,0.08728855,0.08912038,0.09087799,0.09253119,0.09403267,0.09512414,0.09586389,0.09612659,0.09582810,0.09453830,0.09197742,0.08827577,0.08368944,0.07915089,0.07550790,0.07254463,0.06943159,0.06587486,0.06301106,0.06190627,0.06137597,0.06013186,0.05799233,0.05568352,0.05386223,0.05255797,0.05117370,0.04964829,0.04799977,0.04656659,0.04488742
0.43478471,0.43818509,0.44015379,0.44203932,0.44371952,0.44517042,0.44623996,0.44720621,0.44784662,0.44818360,0.44816596,0.44771852,0.44701631,0.44606560,0.44480729,0.44307784,0.43966040,0.43264320,0.42175329,0.41082193,0.40359062,0.39945992,0.39649074,0.39356630,0.39161661,0.39151768,0.39274334,0.39513636,0.39813808,0.40091368,0.40317376,0.40500881,0.40633749,0.40711962,0.40728221,0.40657567,0.40498140,0.40219251,0.39791928,0.39179966,0.38353891,0.37313679,0.36124092,0.34920655,0.33804019,0.32721171,0.31380170,0.29264136,0.25792270,0.21122040,0.16536026,0.13183984,0.11164254,0.10026127,0.09387571,0.09048897,0.08916779,0.08914493,0.09072883,0.09452732,0.10034050,0.10756654,0.11579614,0.12466592,0.13405907,0.14362862,0.15319934,0.16257290,0.17162248,0.18035394,0.18857195,0.19624413,0.20337743,0.21002376,0.21625501,0.22205933,0.22744618,0.23221990,0.23627404,0.23973509,0.24282005,0.24503859,0.24585650,0.24527555,0.24367671,0.24037764,0.23559689,0.23019405,0.22551504,0.22183790,0.21887503,0.21585841,0.21297658,0.20909394,0.20414987,0.20001991,0.19710650,0.19507109,0.19370565,0.19326664,0.19372863,0.19598769,0.19684346,0.19711084,0.19618293,0.19318241,0.18650331,0.17389136,0.15340504,0.12449529,0.09144906,0.06354966,0.04592179,0.03765443,0.03427509,0.03282404,0.03228913,0.03225937,0.03265238,0.03340321,0.03443200,0.03566816,0.03712633,0.03887354,0.04084281,0.04305671,0.04544459,0.04794798,0.05050565,0.05310476,0.05560100,0.05818145,0.06079495,0.06355140,0.06642653,0.06937571,0.07234685,0.07532854,0.07831232,0.08114715,0.08386898,0.08645551,0.08880533,0.09104403,0.09328238,0.09541103,0.09742690,0.09932170,0.10111236,0.10272047,0.10401937,0.10489498,0.10518612,0.10491721,0.10359566,0.10087265,0.09677496,0.09170501,0.08682093,0.08273890,0.07971291,0.07641723,0.07238361,0.06939428,0.06823096,0.06778849,0.06645819,0.06413151,0.06158532,0.05965783,0.05832698,0.05685243,0.05520832,0.05356747,0.05172627,0.05001883
0.45210328,0.45578442,0.45763477,0.45923960,0.46086667,0.46212885,0.46320787,0.46403852,0.46458104,0.46491950,0.46486353,0.46457305,0.46390159,0.46290073,0.46177753,0.46006808,0.45685227,0.45022664,0.44003024,0.42961714,0.42271728,0.41870628,0.41569819,0.41272064,0.41071012,0.41056012,0.41186763,0.41423281,0.41729664,0.42004967,0.42224385,0.42396145,0.42527268,0.42600469,0.42615202,0.42551881,0.42398967,0.42143979,0.41744263,0.41168506,0.40388558,0.39397106,0.38261016,0.37102542,0.36010049,0.34952274,0.33650531,0.31599388,0.28192888,0.23528426,0.18836788,0.15294541,0.13103350,0.11846707,0.11131916,0.10762446,0.10617907,0.10617755,0.10795675,0.11218147,0.11862515,0.12654474,0.13539992,0.14495794,0.15486444,0.16489465,0.17480951,0.18440132,0.19362717,0.20237103,0.21060992,0.21826865,0.22533451,0.23190923,0.23812074,0.24391444,0.24924239,0.25401034,0.25801280,0.26137973,0.26444078,0.26654541,0.26711580,0.26637611,0.26448803,0.26084740,0.25561702,0.24981341,0.24484462,0.24097015,0.23793754,0.23489980,0.23220649,0.22851247,0.22360128,0.21962304,0.21701211,0.21512462,0.21392477,0.21355575,0.21398953,0.21632886,0.21724641,0.21755169,0.21672994,0.21381075,0.20725202,0.19461641,0.17375705,0.14354304,0.10777572,0.07592372,0.05435112,0.04353548,0.03887744,0.03693409,0.03618625,0.03618773,0.03672233,0.03779132,0.03923308,0.04095928,0.04299050,0.04536337,0.04799443,0.05088992,0.05392162,0.05710785,0.06026121,0.06339139,0.06643326,0.06939515,0.07235107,0.07548953,0.07869863,0.08196448,0.08526311,0.08847042,0.09170026,0.09476408,0.09767940,0.10036611,0.10282522,0.10519624,0.10750806,0.10974047,0.11188128,0.11390664,0.11582392,0.11755169,0.11895099,0.11990895,0.12021332,0.11987880,0.11841066,0.11534935,0.11076995,0.10509381,0.09947504,0.09489967,0.09140002,0.08759034,0.08328487,0.07976498,0.07853805,0.07828981,0.07684589,0.07435759,0.07134353,0.06935030,0.06781272,0.06608185,0.06426425,0.06222917,0.06017271,0.05820204
0.54900967,0.55313621,0.55620211,0.55911993,0.56185433,0.56406927,0.56596454,0.56759036,0.56857975,0.56907725,0.56916815,0.56866604,0.56768343,0.56632146,0.56464300,0.56195140,0.55689318,0.54729843,0.53295611,0.51797457,0.50704250,0.50081533,0.49683344,0.49338749,0.49062923,0.48940269,0.49007665,0.49237542,0.49569307,0.49892047,0.50159701,0.50386773,0.50554876,0.50657448,0.50687403,0.50621864,0.50434736,0.50097235,0.49542438,0.48748008,0.47672488,0.46310638,0.44754596,0.43193904,0.41802220,0.40520917,0.39002380,0.36693924,0.32876994,0.27581664,0.22126722,0.17831285,0.15019399,0.13325175,0.12323351,0.11776200,0.11530025,0.11475301,0.11613234,0.12012130,0.12656895,0.13460338,0.14363869,0.15324939,0.16311670,0.17302172,0.18264726,0.19194166,0.20072758,0.20907402,0.21692244,0.22424328,0.23122539,0.23799194,0.24455853,0.25091934,0.25691752,0.26255033,0.26758486,0.27198641,0.27574554,0.27822204,0.27875897,0.27811343,0.27780535,0.27734127,0.27539967,0.27250086,0.26910975,0.26490148,0.26050755,0.25621422,0.25252391,0.24853328,0.24403212,0.23956650,0.23589587,0.23316265,0.23169033,0.23155012,0.23250705,0.23408824,0.23566967,0.23662028,0.23662624,0.23454529,0.22883057,0.21685351,0.19612216,0.16509010,0.12604627,0.08811021,0.06015110,0.04545233,0.03943721,0.03707547,0.03620456,0.03612030,0.03659786,0.03756174,0.03895909,0.04072355,0.04295240,0.04561216,0.04856767,0.05183944,0.05529951,0.05880512,0.06220705,0.06536270,0.06821860,0.07084131,0.07340134,0.07604158,0.07876561,0.08148252,0.08417841,0.08682336,0.08952132,0.09224112,0.09491972,0.09742969,0.09978306,0.10220821,0.10493342,0.10774937,0.11062504,0.11350582,0.11643090,0.11943412,0.12211874,0.12438278,0.12613007,0.12709917,0.12678424,0.12464236,0.12091163,0.11598629,0.11061679,0.10537948,0.10096827,0.09758266,0.09461151,0.09130637,0.08887245,0.08733574,0.08528577,0.08247012,0.07934876,0.07677848,0.07481752,0.07249101,0.07013129,0.06759812,0.06503874,0.06250452
0.55386857,0.55656690,0.55926254,0.56224578,0.56489325,0.56723646,0.56930279,0.57084969,0.57174238,0.57229835,0.57242329,0.57193915,0.57112625,0.56989242,0.56822347,0.56564637,0.56083234,0.55170127,0.53815417,0.52369869,0.51298156,0.50648823,0.50224433,0.49861546,0.49572155,0.49444713,0.49503165,0.49733749,0.50049265,0.50369097,0.50632223,0.50867263,0.51038998,0.51155029,0.51189715,0.51151292,0.50993375,0.50670849,0.50150789,0.49389362,0.48353006,0.47042540,0.45533459,0.44014194,0.42652842,0.41393176,0.39929295,0.37693085,0.33945075,0.28664654,0.23118569,0.18658175,0.15674570,0.13827958,0.12708633,0.12071954,0.11763671,0.11673426,0.11789977,0.12178063,0.12821198,0.13634789,0.14550444,0.15524732,0.16534976,0.17541195,0.18527377,0.19471572,0.20371118,0.21212239,0.22009383,0.22757136,0.23470603,0.24154988,0.24820265,0.25464163,0.26073742,0.26642882,0.27147111,0.27597512,0.27974417,0.28221895,0.28271680,0.28195695,0.28164046,0.28126349,0.27931373,0.27649489,0.27307889,0.26886431,0.26442676,0.26018865,0.25665941,0.25296039,0.24862692,0.24436700,0.24085287,0.23841317,0.23706818,0.23710267,0.23823433,0.23945754,0.24128242,0.24242369,0.24262375,0.24079696,0.23518555,0.22336565,0.20255449,0.17083581,0.13055026,0.09058359,0.06032251,0.04392178,0.03691998,0.03402108,0.03292160,0.03280040,0.03331117,0.03440569,0.03591743,0.03788744,0.04035771,0.04326455,0.04651293,0.04999733,0.05371947,0.05739686,0.06101911,0.06436142,0.06744146,0.07023740,0.07296481,0.07579710,0.07869906,0.08159799,0.08449396,0.08732262,0.09011774,0.09298408,0.09575342,0.09837530,0.10080283,0.10335834,0.10616341,0.10924747,0.11226168,0.11535243,0.11847739,0.12162469,0.12457027,0.12705470,0.12893132,0.12988680,0.12954929,0.12738392,0.12349047,0.11841766,0.11290101,0.10740860,0.10279895,0.09917119,0.09587490,0.09237058,0.09001850,0.08841740,0.08628136,0.08334533,0.07984433,0.07728236,0.07523536,0.07279564,0.07024681,0.06761133,0.06495953,0.06216030
0.56252459,0.56665205,0.56921562,0.57191900,0.57443524,0.57659088,0.57844461,0.57993874,0.58092615,0.58153649,0.58156343,0.58116168,0.58039191,0.57918610,0.57767246,0.57525699,0.57061184,0.56206640,0.54939873,0.53582360,0.52532473,0.51888809,0.51467001,0.51093265,0.50808608,0.50680466,0.50731292,0.50949819,0.51276198,0.51585446,0.51852442,0.52079708,0.52249241,0.52364862,0.52412112,0.52375995,0.52233083,0.51936796,0.51453715,0.50739841,0.49753587,0.48487059,0.47023929,0.45547400,0.44216659,0.42986208,0.41549152,0.39370106,0.35694459,0.30424250,0.24779569,0.20131385,0.16955510,0.14959614,0.13739844,0.13044870,0.12711059,0.12611241,0.12725907,0.13131614,0.13804616,0.14654659,0.15611151,0.16623113,0.17662310,0.18696744,0.19701399,0.20659249,0.21563145,0.22414615,0.23212820,0.23966208,0.24677570,0.25365613,0.26028523,0.26673845,0.27284693,0.27851420,0.28359522,0.28808848,0.29180890,0.29426422,0.29450688,0.29350858,0.29305160,0.29260290,0.29052067,0.28770985,0.28420430,0.27965312,0.27497178,0.27064410,0.26730063,0.26381810,0.25965917,0.25555713,0.25234226,0.25010187,0.24890479,0.24892632,0.25023543,0.25212574,0.25390796,0.25515786,0.25547445,0.25377303,0.24823535,0.23646550,0.21557249,0.18326158,0.14107764,0.09801906,0.06415829,0.04499819,0.03639084,0.03277725,0.03134452,0.03115953,0.03182153,0.03316005,0.03507101,0.03746515,0.04039671,0.04386510,0.04765374,0.05171511,0.05587663,0.06010879,0.06406263,0.06767921,0.07092235,0.07382635,0.07661435,0.07953238,0.08253845,0.08552947,0.08843846,0.09131001,0.09423414,0.09717000,0.09995304,0.10259512,0.10504683,0.10766147,0.11064757,0.11385417,0.11709380,0.12035294,0.12371674,0.12715966,0.13033975,0.13300736,0.13505948,0.13622117,0.13578179,0.13328607,0.12922874,0.12376557,0.11772429,0.11193754,0.10712283,0.10344257,0.09981688,0.09614720,0.09375157,0.09227786,0.08991788,0.08662996,0.08286378,0.07999655,0.07789622,0.07533011,0.07269828,0.06975076,0.06655918,0.06351775
0.54545110,0.54997042,0.55260014,0.55512347,0.55753664,0.55941683,0.56091520,0.56220592,0.56311050,0.56357721,0.56363293,0.56316193,0.56227269,0.56103515,0.55944653,0.55704539,0.55247730,0.54384293,0.53089176,0.51721975,0.50707504,0.50120629,0.49743724,0.49405597,0.49140199,0.49019972,0.49082694,0.49305675,0.49626545,0.49932697,0.50191457,0.50403821,0.50564493,0.50660311,0.50686925,0.50628664,0.50467971,0.50164025,0.49657226,0.48921521,0.47919094,0.46642481,0.45175967,0.43693406,0.42360030,0.41118998,0.39653352,0.37417869,0.33675116,0.28414870,0.22911650,0.18515332,0.15598023,0.13817317,0.12755451,0.12171201,0.11904096,0.11848213,0.11986202,0.12398420,0.13063568,0.13893442,0.14827783,0.15818922,0.16836144,0.17846516,0.18831132,0.19773829,0.20664849,0.21509478,0.22300584,0.23038860,0.23747156,0.24425998,0.25090080,0.25741919,0.26356591,0.26931214,0.27450521,0.27909397,0.28297836,0.28559217,0.28623677,0.28569177,0.28545376,0.28499206,0.28289194,0.27989715,0.27635414,0.27224160,0.26798115,0.26378492,0.26010463,0.25595757,0.25126038,0.24677613,0.24302178,0.24026786,0.23880506,0.23880344,0.23995529,0.24190265,0.24343538,0.24445243,0.24448589,0.24248149,0.23671087,0.22455411,0.20331729,0.17129245,0.13063120,0.09067853,0.06071527,0.04459691,0.03782436,0.03512135,0.03410598,0.03399887,0.03455267,0.03564714,0.03720528,0.03923811,0.04168611,0.04461747,0.04792174,0.05151065,0.05528326,0.05904121,0.06269837,0.06603919,0.06910143,0.07186163,0.07452115,0.07727427,0.08001187,0.08280578,0.08556389,0.08830771,0.09108697,0.09395675,0.09669965,0.09932696,0.10184764,0.10454232,0.10750401,0.11056851,0.11365484,0.11670660,0.11989920,0.12302966,0.12589483,0.12830215,0.13022736,0.13122765,0.13082188,0.12852380,0.12448341,0.11909072,0.11325959,0.10761724,0.10270360,0.09906134,0.09603207,0.09256027,0.08997315,0.08822168,0.08608437,0.08322035,0.07998584,0.07740267,0.07529285,0.07290838,0.07043063,0.06772527,0.06481345,0.06214066
0.54789982,0.55423161,0.55678858,0.55942773,0.56179326,0.56392076,0.56554080,0.56689433,0.56776100,0.56834038,0.56843366,0.56799746,0.56722141,0.56608891,0.56456965,0.56235509,0.55796405,0.54946442,0.53691418,0.52345238,0.51339015,0.50753470,0.50374784,0.50039288,0.49780082,0.49661607,0.49730197,0.49955724,0.50286665,0.50601980,0.50868456,0.51088256,0.51242673,0.51346301,0.51379557,0.51340627,0.51179297,0.50875839,0.50395668,0.49684138,0.48706943,0.47462910,0.46017325,0.44560879,0.43253058,0.42048857,0.40595408,0.38376994,0.34682363,0.29449473,0.23911059,0.19423564,0.16417956,0.14577521,0.13481709,0.12878658,0.12611904,0.12560899,0.12709002,0.13142519,0.13835805,0.14699349,0.15661951,0.16678032,0.17711232,0.18738912,0.19732407,0.20679854,0.21569065,0.22405727,0.23190285,0.23926762,0.24625627,0.25303838,0.25966055,0.26611869,0.27230715,0.27804024,0.28321770,0.28780432,0.29163329,0.29422824,0.29473581,0.29397840,0.29359167,0.29299327,0.29080739,0.28753686,0.28381401,0.27954412,0.27518082,0.27098205,0.26734107,0.26340480,0.25887236,0.25444835,0.25090761,0.24833003,0.24697038,0.24698719,0.24829830,0.25162026,0.25288248,0.25397874,0.25413495,0.25225380,0.24633543,0.23405213,0.21270214,0.18010864,0.13802568,0.09596053,0.06372619,0.04594707,0.03821375,0.03504817,0.03386849,0.03377607,0.03446080,0.03581060,0.03772569,0.04009186,0.04302164,0.04643664,0.05022377,0.05426078,0.05849753,0.06270116,0.06667172,0.07026114,0.07352119,0.07637911,0.07914906,0.08194212,0.08482657,0.08773167,0.09055729,0.09333204,0.09616875,0.09911010,0.10187835,0.10460144,0.10719137,0.10994795,0.11295654,0.11619252,0.11940651,0.12258474,0.12585371,0.12919398,0.13224784,0.13481733,0.13673998,0.13776343,0.13730534,0.13485737,0.13051209,0.12490061,0.11869864,0.11266345,0.10760432,0.10376096,0.10043912,0.09688914,0.09423551,0.09271643,0.09051463,0.08740226,0.08404268,0.08142161,0.07923898,0.07680436,0.07414137,0.07140809,0.06850511,0.06546565
0.56330737,0.56655370,0.56902622,0.57144995,0.57358080,0.57549635,0.57714200,0.57850544,0.57954985,0.57992475,0.58006520,0.57964303,0.57889530,0.57776824,0.57630686,0.57405281,0.56978471,0.56179579,0.54994897,0.53706562,0.52716941,0.52115087,0.51721878,0.51372480,0.51103405,0.50979009,0.51036681,0.51258249,0.51580914,0.51890865,0.52156556,0.52367667,0.52524710,0.52629550,0.52674740,0.52638090,0.52507635,0.52237138,0.51784531,0.51110916,0.50173916,0.48962632,0.47557414,0.46120931,0.44812723,0.43597438,0.42175638,0.40025954,0.36395377,0.31161110,0.25503121,0.20804330,0.17581041,0.15562218,0.14339868,0.13658415,0.13341596,0.13260683,0.13400719,0.13834621,0.14545752,0.15433258,0.16425908,0.17470101,0.18539836,0.19596827,0.20609089,0.21572851,0.22480694,0.23332075,0.24123082,0.24868475,0.25578617,0.26263493,0.26934050,0.27589121,0.28215905,0.28796475,0.29316266,0.29779947,0.30160502,0.30418729,0.30452084,0.30360550,0.30319183,0.30250932,0.30026372,0.29708249,0.29336517,0.28883631,0.28422392,0.27999972,0.27655680,0.27282646,0.26848052,0.26430064,0.26094423,0.25867070,0.25738551,0.25747167,0.25874667,0.26070203,0.26252974,0.26380950,0.26407085,0.26240162,0.25689805,0.24498472,0.22368561,0.19054045,0.14710680,0.10240965,0.06689376,0.04652611,0.03731226,0.03341065,0.03186418,0.03171201,0.03249767,0.03402422,0.03618068,0.03894955,0.04226248,0.04607521,0.05029455,0.05469314,0.05930961,0.06384228,0.06806637,0.07188948,0.07524159,0.07818513,0.08104586,0.08391322,0.08692744,0.08992236,0.09281998,0.09569744,0.09861486,0.10162409,0.10449797,0.10725096,0.10983425,0.11265335,0.11585536,0.11919235,0.12257238,0.12597206,0.12948170,0.13307084,0.13636412,0.13912894,0.14136298,0.14255050,0.14205679,0.13948790,0.13490645,0.12893304,0.12243331,0.11617744,0.11105853,0.10712627,0.10349722,0.09967919,0.09695119,0.09546220,0.09313966,0.08979983,0.08617689,0.08318136,0.08086282,0.07825903,0.07558238,0.07252946,0.06933789,0.06612667
0.56462871,0.56963260,0.57240103,0.57497170,0.57725797,0.57917500,0.58075579,0.58214723,0.58311802,0.58356837,0.58355122,0.58315857,0.58229659,0.58105602,0.57961444,0.57729130,0.57284923,0.56440105,0.55151178,0.53790323,0.52799935,0.52251172,0.51899136,0.51583749,0.51330512,0.51218679,0.51283129,0.51513701,0.51838370,0.52155511,0.52414370,0.52630928,0.52783513,0.52878558,0.52903518,0.52844790,0.52692644,0.52388781,0.51884153,0.51158611,0.50168838,0.48899493,0.47441240,0.45962579,0.44622976,0.43371355,0.41887984,0.39633762,0.35860321,0.30536097,0.24930025,0.20409041,0.17414422,0.15606849,0.14554403,0.14002894,0.13777580,0.13757632,0.13935394,0.14399911,0.15131444,0.16036886,0.17039702,0.18091208,0.19156830,0.20210677,0.21230780,0.22194942,0.23103479,0.23958107,0.24757269,0.25499996,0.26210659,0.26896429,0.27567172,0.28219673,0.28846509,0.29430442,0.29954314,0.30419078,0.30806427,0.31062190,0.31125942,0.31069197,0.31032175,0.30973049,0.30751064,0.30417091,0.30025971,0.29583567,0.29125075,0.28681007,0.28300331,0.27883400,0.27402050,0.26935953,0.26554714,0.26273952,0.26112754,0.26100185,0.26194790,0.26400700,0.26551128,0.26649215,0.26647027,0.26442467,0.25849128,0.24597020,0.22414933,0.19090209,0.14824850,0.10570234,0.07310200,0.05509526,0.04727663,0.04409646,0.04295879,0.04293257,0.04376105,0.04524648,0.04730990,0.04989745,0.05299940,0.05657184,0.06057150,0.06485074,0.06926800,0.07358470,0.07773273,0.08146368,0.08480745,0.08775988,0.09053824,0.09333850,0.09615948,0.09899865,0.10183973,0.10461618,0.10751019,0.11044603,0.11340064,0.11624465,0.11895366,0.12181810,0.12498123,0.12835542,0.13166959,0.13493569,0.13830554,0.14157113,0.14461915,0.14714141,0.14901653,0.14999377,0.14939546,0.14683992,0.14238521,0.13665823,0.13039635,0.12431127,0.11911161,0.11523778,0.11162706,0.10798129,0.10535976,0.10360469,0.10131319,0.09820009,0.09473375,0.09204257,0.08976833,0.08713371,0.08452018,0.08166352,0.07865849,0.07542452
0.56631480,0.57035162,0.57276391,0.57522985,0.57768669,0.57957971,0.58136334,0.58276407,0.58369183,0.58421393,0.58425925,0.58383768,0.58309461,0.58201568,0.58054989,0.57824509,0.57405452,0.56592771,0.55376286,0.54048329,0.53052886,0.52446424,0.52042246,0.51695419,0.51409571,0.51281812,0.51329836,0.51553392,0.51865174,0.52177152,0.52439462,0.52659774,0.52821250,0.52927672,0.52963855,0.52929839,0.52796543,0.52510741,0.52040161,0.51347679,0.50394089,0.49172770,0.47754407,0.46314033,0.45009670,0.43797055,0.42380654,0.40219363,0.36567536,0.31331723,0.25706180,0.21070712,0.17900527,0.15908445,0.14691258,0.14002346,0.13676352,0.13585851,0.13715867,0.14139600,0.14837624,0.15718968,0.16701697,0.17739398,0.18802483,0.19853619,0.20875121,0.21848140,0.22757442,0.23609144,0.24409214,0.25157680,0.25876360,0.26567235,0.27234944,0.27891464,0.28519943,0.29099257,0.29624159,0.30089502,0.30478094,0.30739969,0.30810451,0.30751503,0.30729835,0.30680678,0.30471369,0.30143944,0.29765525,0.29321937,0.28869865,0.28452663,0.28094490,0.27707023,0.27253757,0.26820305,0.26472933,0.26221013,0.26092981,0.26103877,0.26229851,0.26437519,0.26608236,0.26731882,0.26761966,0.26588605,0.26028478,0.24827209,0.22688626,0.19389368,0.15077393,0.10663807,0.07166952,0.05157953,0.04241824,0.03850210,0.03696237,0.03678867,0.03753985,0.03902398,0.04115210,0.04385936,0.04710910,0.05092606,0.05506353,0.05939747,0.06398233,0.06849707,0.07278721,0.07666503,0.08013189,0.08329441,0.08624381,0.08922835,0.09230871,0.09536697,0.09841232,0.10140781,0.10444948,0.10754598,0.11059810,0.11354966,0.11634178,0.11938637,0.12271664,0.12618622,0.12972011,0.13315110,0.13664267,0.14012734,0.14336433,0.14611537,0.14810536,0.14913106,0.14859012,0.14592568,0.14151126,0.13572469,0.12938396,0.12319271,0.11792378,0.11386698,0.11022535,0.10629172,0.10360845,0.10193765,0.09966393,0.09632675,0.09273458,0.08976662,0.08751408,0.08474099,0.08190046,0.07885764,0.07603308,0.07260804
0.57361396,0.57776065,0.58033540,0.58269331,0.58488697,0.58686335,0.58842626,0.58984589,0.59091286,0.59131778,0.59144794,0.59101309,0.59027572,0.58916844,0.58775814,0.58554140,0.58139660,0.57343516,0.56165936,0.54879701,0.53897668,0.53303605,0.52916412,0.52577001,0.52308272,0.52181180,0.52233780,0.52455789,0.52776579,0.53094598,0.53353499,0.53568389,0.53723342,0.53826349,0.53874864,0.53841358,0.53707950,0.53438871,0.52986816,0.52308447,0.51370148,0.50166297,0.48769420,0.47341164,0.46041593,0.44837526,0.43420633,0.41273809,0.37639586,0.32386194,0.26692652,0.21952287,0.18691809,0.16650550,0.15414374,0.14727148,0.14416176,0.14341387,0.14489970,0.14939048,0.15672658,0.16587321,0.17611148,0.18681335,0.19769684,0.20851097,0.21881891,0.22860833,0.23778185,0.24637658,0.25440721,0.26193548,0.26914580,0.27604133,0.28276642,0.28936102,0.29565858,0.30155311,0.30681849,0.31152697,0.31542230,0.31796111,0.31846684,0.31772836,0.31745613,0.31681675,0.31454419,0.31125738,0.30732629,0.30266404,0.29801455,0.29370383,0.29023678,0.28641875,0.28187233,0.27758930,0.27413479,0.27172787,0.27045604,0.27048621,0.27177122,0.27332608,0.27508330,0.27636183,0.27663083,0.27487073,0.26936597,0.25724667,0.23563510,0.20194835,0.15773672,0.11200995,0.07535976,0.05406625,0.04426577,0.04006896,0.03841590,0.03828068,0.03917743,0.04091000,0.04328269,0.04631922,0.04992543,0.05398833,0.05850427,0.06322049,0.06811026,0.07293427,0.07741851,0.08145260,0.08504414,0.08819771,0.09115603,0.09417909,0.09719751,0.10023946,0.10326133,0.10622727,0.10922336,0.11234332,0.11535084,0.11825549,0.12113117,0.12413998,0.12752843,0.13110111,0.13468768,0.13821715,0.14181065,0.14541740,0.14876576,0.15155715,0.15367215,0.15483864,0.15421859,0.15152599,0.14679354,0.14078370,0.13417128,0.12769598,0.12226876,0.11821161,0.11433905,0.11045514,0.10772748,0.10602584,0.10366366,0.10023842,0.09633344,0.09360505,0.09117205,0.08834985,0.08550001,0.08241826,0.07905911,0.07579764
0.54998685,0.55548364,0.55805910,0.56044954,0.56258394,0.56432246,0.56571924,0.56703699,0.56797792,0.56860262,0.56870041,0.56830167,0.56749501,0.56625896,0.56471786,0.56238730,0.55808081,0.54999427,0.53776115,0.52474060,0.51497019,0.50922868,0.50553572,0.50224041,0.49957611,0.49839680,0.49891765,0.50107484,0.50418741,0.50718590,0.50968156,0.51170453,0.51313918,0.51398535,0.51425847,0.51372604,0.51230822,0.50947486,0.50470743,0.49771347,0.48812265,0.47582959,0.46163055,0.44720133,0.43421465,0.42210983,0.40778385,0.38596704,0.34928579,0.29717431,0.24184558,0.19686138,0.16660121,0.14800746,0.13688960,0.13079516,0.12810955,0.12753390,0.12900335,0.13331874,0.14021921,0.14885946,0.15853117,0.16873916,0.17910520,0.18935726,0.19929190,0.20876319,0.21764967,0.22601692,0.23384668,0.24116074,0.24809980,0.25486360,0.26142680,0.26786947,0.27403866,0.27979845,0.28499860,0.28960834,0.29344905,0.29601150,0.29661139,0.29607349,0.29590588,0.29550368,0.29348254,0.29042171,0.28678625,0.28252326,0.27815424,0.27389315,0.27010168,0.26608100,0.26142275,0.25687278,0.25314206,0.25038252,0.24887690,0.24888581,0.25002849,0.25199216,0.25361431,0.25466408,0.25481499,0.25295386,0.24737443,0.23537594,0.21422451,0.18187578,0.14010075,0.09819221,0.06586479,0.04786230,0.04003500,0.03677418,0.03558039,0.03543956,0.03617909,0.03750005,0.03941596,0.04179425,0.04469019,0.04809577,0.05187987,0.05595527,0.06014977,0.06436486,0.06828737,0.07186896,0.07509948,0.07795368,0.08065542,0.08339046,0.08618739,0.08890276,0.09163867,0.09433399,0.09710335,0.10000844,0.10279505,0.10551393,0.10816854,0.11097796,0.11415646,0.11752664,0.12080593,0.12415643,0.12749173,0.13075032,0.13375464,0.13630337,0.13829116,0.13930402,0.13890745,0.13647800,0.13218834,0.12661215,0.12047215,0.11448206,0.10934119,0.10541354,0.10219963,0.09857179,0.09576426,0.09401777,0.09185408,0.08882376,0.08567143,0.08286979,0.08056597,0.07806992,0.07551005,0.07257849,0.06955572,0.06657428
0.54632449,0.55388445,0.55616751,0.55857414,0.56086104,0.56272964,0.56421089,0.56538912,0.56630036,0.56691403,0.56701533,0.56664300,0.56588354,0.56473500,0.56329757,0.56116297,0.55706201,0.54908079,0.53721535,0.52428988,0.51474131,0.50925233,0.50583470,0.50276767,0.50029260,0.49920451,0.49986791,0.50209272,0.50531830,0.50838140,0.51094226,0.51302031,0.51444631,0.51542791,0.51567500,0.51529367,0.51379528,0.51100461,0.50646206,0.49971495,0.49039543,0.47846829,0.46456937,0.45042699,0.43775217,0.42592737,0.41170317,0.38993253,0.35385756,0.30231708,0.24727124,0.20219040,0.17184447,0.15333959,0.14256517,0.13680792,0.13445002,0.13422137,0.13598591,0.14064796,0.14796410,0.15695911,0.16694040,0.17739480,0.18792879,0.19827385,0.20823478,0.21761648,0.22638491,0.23458436,0.24224340,0.24944845,0.25634819,0.26298697,0.26943579,0.27579441,0.28190238,0.28764405,0.29276003,0.29726749,0.30101560,0.30349039,0.30399837,0.30324406,0.30290825,0.30231440,0.30007045,0.29670942,0.29291362,0.28848132,0.28399862,0.27969495,0.27612347,0.27209068,0.26743556,0.26303201,0.25946976,0.25677360,0.25536042,0.25522998,0.25635923,0.26024418,0.26143580,0.26240764,0.26251273,0.26064013,0.25481656,0.24263191,0.22129295,0.18851132,0.14569817,0.10219738,0.06823541,0.04902384,0.04046050,0.03694295,0.03565172,0.03565070,0.03659144,0.03826986,0.04055831,0.04338460,0.04681725,0.05075961,0.05506260,0.05964878,0.06435976,0.06891539,0.07320282,0.07701981,0.08036558,0.08332167,0.08610049,0.08887730,0.09166067,0.09439507,0.09710658,0.09982932,0.10264628,0.10552774,0.10830689,0.11105293,0.11377030,0.11664210,0.11980586,0.12317468,0.12661141,0.12994576,0.13340021,0.13676545,0.13985658,0.14244898,0.14449211,0.14543207,0.14487869,0.14231494,0.13784143,0.13199563,0.12554351,0.11935576,0.11399919,0.11009605,0.10655624,0.10293352,0.10017763,0.09855883,0.09633789,0.09324262,0.08996523,0.08722260,0.08501067,0.08235086,0.07956812,0.07669414,0.07354640,0.07032279
0.56103632,0.56533874,0.56763403,0.56983041,0.57169691,0.57342379,0.57481914,0.57608555,0.57720257,0.57771597,0.57792089,0.57751692,0.57679581,0.57574114,0.57437227,0.57234465,0.56837946,0.56114814,0.55032441,0.53840833,0.52901804,0.52298709,0.51894967,0.51542332,0.51266292,0.51128601,0.51166445,0.51375752,0.51682302,0.51977688,0.52225820,0.52422411,0.52571894,0.52665282,0.52713396,0.52693027,0.52581839,0.52340727,0.51931114,0.51308261,0.50437615,0.49310264,0.47994457,0.46645694,0.45412497,0.44273548,0.42944744,0.40933673,0.37483100,0.32426509,0.26847675,0.22115106,0.18775244,0.16621674,0.15274981,0.14495946,0.14111002,0.13983836,0.14088201,0.14496946,0.15188716,0.16068002,0.17053701,0.18094011,0.19155166,0.20204415,0.21214586,0.22164965,0.23059302,0.23893655,0.24673925,0.25407552,0.26106103,0.26781356,0.27438615,0.28087852,0.28709840,0.29290477,0.29813716,0.30287884,0.30668791,0.30920857,0.30972946,0.30901961,0.30884083,0.30838800,0.30626757,0.30316574,0.29952867,0.29511569,0.29069535,0.28650670,0.28313679,0.27953730,0.27522569,0.27114620,0.26794360,0.26569488,0.26459968,0.26485574,0.26624319,0.26846836,0.27046772,0.27188295,0.27238225,0.27100469,0.26588782,0.25443232,0.23366056,0.20085311,0.15710773,0.11091825,0.07309119,0.05045411,0.03970119,0.03494180,0.03294495,0.03263342,0.03343230,0.03512030,0.03753073,0.04054402,0.04417212,0.04830769,0.05279257,0.05758447,0.06244713,0.06724600,0.07174400,0.07573661,0.07924839,0.08235898,0.08525319,0.08817466,0.09119742,0.09415336,0.09708858,0.09994779,0.10289698,0.10594249,0.10892535,0.11177222,0.11456457,0.11762032,0.12110724,0.12474546,0.12844190,0.13213675,0.13585721,0.13960736,0.14305434,0.14604679,0.14835612,0.14960250,0.14912860,0.14658845,0.14175807,0.13560093,0.12875879,0.12221276,0.11663516,0.11248704,0.10878933,0.10472363,0.10184411,0.10027835,0.09787126,0.09444180,0.09075619,0.08778404,0.08551244,0.08264862,0.07989794,0.07665527,0.07325165,0.06978841
0.52823389,0.52998532,0.53211411,0.53416527,0.53599215,0.53753003,0.53897203,0.54003201,0.54105354,0.54179500,0.54204058,0.54198693,0.54160111,0.54068527,0.53968474,0.53822343,0.53525478,0.52878938,0.51864057,0.50848189,0.50175949,0.49806553,0.49582320,0.49387269,0.49224763,0.49181264,0.49258673,0.49411458,0.49606719,0.49784190,0.49963181,0.50121690,0.50246850,0.50325500,0.50347765,0.50291321,0.50157775,0.49933570,0.49568023,0.49010447,0.48239349,0.47245918,0.46121401,0.44985194,0.43954899,0.42966583,0.41727945,0.39699939,0.36215280,0.31262564,0.26064351,0.21952658,0.19249808,0.17597748,0.16602756,0.16057604,0.15812617,0.15776080,0.15957181,0.16443031,0.17196335,0.18117005,0.19154680,0.20253905,0.21392514,0.22543103,0.23669962,0.24758678,0.25800486,0.26788570,0.27712517,0.28564669,0.29355442,0.30114110,0.30814283,0.31473636,0.32083209,0.32624430,0.33105255,0.33537211,0.33909185,0.34212832,0.34421373,0.34526248,0.34567529,0.34487831,0.34285942,0.34027526,0.33748133,0.33447980,0.33108681,0.32725262,0.32331077,0.31894721,0.31375543,0.30824049,0.30329421,0.29985293,0.29795998,0.29752617,0.29833524,0.30445263,0.30574864,0.30640904,0.30567444,0.30211505,0.29425187,0.27935857,0.25433655,0.21710142,0.17115732,0.12755625,0.09642627,0.08014005,0.07309350,0.07023484,0.06900441,0.06875512,0.06941736,0.07095895,0.07318890,0.07569216,0.07856287,0.08211855,0.08619377,0.09053050,0.09501471,0.09962065,0.10450015,0.10915179,0.11340684,0.11755884,0.12203484,0.12692364,0.13197253,0.13682211,0.14172440,0.14666565,0.15162092,0.15651626,0.16114335,0.16541478,0.16917470,0.17252406,0.17567287,0.17834764,0.18108711,0.18408136,0.18704300,0.18977876,0.19211246,0.19424080,0.19582819,0.19661428,0.19595809,0.19350355,0.18967548,0.18483133,0.17931101,0.17403384,0.16981328,0.16592587,0.16179900,0.15690146,0.15233707,0.14897141,0.14559699,0.14134364,0.13687450,0.13288451,0.12943175,0.12581159,0.12182186,0.11782328,0.11411440,0.11035260
0.55111066,0.55282579,0.55488137,0.55680560,0.55851002,0.56041542,0.56157726,0.56245008,0.56359204,0.56427821,0.56459943,0.56462592,0.56427250,0.56358501,0.56263236,0.56121682,0.55853172,0.55270369,0.54341852,0.53396887,0.52743850,0.52352878,0.52108597,0.51880941,0.51707583,0.51659849,0.51710643,0.51863477,0.52056824,0.52246750,0.52413657,0.52582637,0.52711093,0.52794975,0.52812473,0.52777356,0.52672841,0.52473834,0.52136217,0.51621301,0.50908242,0.49985495,0.48914248,0.47839161,0.46861361,0.45920271,0.44755083,0.42842222,0.39500543,0.34613844,0.29340238,0.25003258,0.22028329,0.20128452,0.18934201,0.18241549,0.17891601,0.17786398,0.17934086,0.18406682,0.19168874,0.20110450,0.21177010,0.22311436,0.23477679,0.24658785,0.25803540,0.26906781,0.27962945,0.28959518,0.29892466,0.30743996,0.31548970,0.32306826,0.33015710,0.33685454,0.34310507,0.34864138,0.35356551,0.35807825,0.36182057,0.36493412,0.36705070,0.36807261,0.36841062,0.36754240,0.36536012,0.36255847,0.35956420,0.35654972,0.35323765,0.34935670,0.34581655,0.34182279,0.33682966,0.33149941,0.32700533,0.32403303,0.32253409,0.32238872,0.32345034,0.32941097,0.33101066,0.33189363,0.33160798,0.32857199,0.32109976,0.30667968,0.28168077,0.24356971,0.19493256,0.14680162,0.11043603,0.09032239,0.08105353,0.07702998,0.07527494,0.07485933,0.07562439,0.07749034,0.08005456,0.08305731,0.08650184,0.09068524,0.09546252,0.10041892,0.10554931,0.11076699,0.11611068,0.12109023,0.12572490,0.13012672,0.13477732,0.14001385,0.14541818,0.15055589,0.15574068,0.16097754,0.16615197,0.17129679,0.17613575,0.18069534,0.18474262,0.18816610,0.19143618,0.19435670,0.19732070,0.20072073,0.20410639,0.20717957,0.21005935,0.21258833,0.21460506,0.21556704,0.21492830,0.21229504,0.20802789,0.20261293,0.19645166,0.19067302,0.18590179,0.18186775,0.17748325,0.17221360,0.16734272,0.16414128,0.16059383,0.15628976,0.15152643,0.14725592,0.14369280,0.13975158,0.13594170,0.13162134,0.12750686,0.12331845
0.56947645,0.57103905,0.57274654,0.57445721,0.57622615,0.57775149,0.57892488,0.57987889,0.58077483,0.58145816,0.58174263,0.58171654,0.58138571,0.58079441,0.57981056,0.57870353,0.57623860,0.57075069,0.56220893,0.55339432,0.54722662,0.54362100,0.54146566,0.53949505,0.53784904,0.53737675,0.53808984,0.53957620,0.54151460,0.54336811,0.54504381,0.54662896,0.54780771,0.54857233,0.54878195,0.54850984,0.54760523,0.54580845,0.54266561,0.53784628,0.53122127,0.52247024,0.51234751,0.50201404,0.49262287,0.48354699,0.47234178,0.45375891,0.42133071,0.37296412,0.31960875,0.27467463,0.24351772,0.22372788,0.21147049,0.20466791,0.20151375,0.20079750,0.20262185,0.20793381,0.21628327,0.22642594,0.23775588,0.24965781,0.26188292,0.27392248,0.28561108,0.29672615,0.30727891,0.31717552,0.32634484,0.33454695,0.34244175,0.34990758,0.35690717,0.36353886,0.36964691,0.37521760,0.38013130,0.38444336,0.38817404,0.39123279,0.39310545,0.39390939,0.39397237,0.39277061,0.39030063,0.38714618,0.38402508,0.38069008,0.37715591,0.37330592,0.36968559,0.36594413,0.36112268,0.35604686,0.35172896,0.34894366,0.34752529,0.34726739,0.34832689,0.35296963,0.35474820,0.35589205,0.35559305,0.35284264,0.34555658,0.33118908,0.30604048,0.26706209,0.21595670,0.16379399,0.12318121,0.09999978,0.08917736,0.08440558,0.08243072,0.08212584,0.08325638,0.08558595,0.08878920,0.09259034,0.09695990,0.10206559,0.10781138,0.11368530,0.11961774,0.12570745,0.13163892,0.13714489,0.14204293,0.14660200,0.15145210,0.15684373,0.16244933,0.16781111,0.17308740,0.17836730,0.18354365,0.18880958,0.19370053,0.19830805,0.20238179,0.20581910,0.20902217,0.21193703,0.21491027,0.21838222,0.22200054,0.22541848,0.22861044,0.23138668,0.23347101,0.23463559,0.23401568,0.23095046,0.22634576,0.22028212,0.21360631,0.20727522,0.20236104,0.19829131,0.19375294,0.18820508,0.18321853,0.18012491,0.17649269,0.17206988,0.16700959,0.16264011,0.15914244,0.15497144,0.15088424,0.14634336,0.14190399,0.13731221
0.55312270,0.55696597,0.55905989,0.56103746,0.56290926,0.56459279,0.56575311,0.56679236,0.56782235,0.56833210,0.56862966,0.56858650,0.56807238,0.56721212,0.56617652,0.56464033,0.56164455,0.55512396,0.54490388,0.53480796,0.52815472,0.52457576,0.52246226,0.52056526,0.51906453,0.51875645,0.51945488,0.52096776,0.52288980,0.52478761,0.52641494,0.52803713,0.52925814,0.52996875,0.53007492,0.52950226,0.52823508,0.52587982,0.52209742,0.51638794,0.50854449,0.49849349,0.48693441,0.47531270,0.46472015,0.45455257,0.44163961,0.42050718,0.38406617,0.33226195,0.27804342,0.23534950,0.20750532,0.19073447,0.18070220,0.17531869,0.17293602,0.17263133,0.17467131,0.17980450,0.18772576,0.19745660,0.20836047,0.21996088,0.23197408,0.24405269,0.25596434,0.26747985,0.27846451,0.28890889,0.29871533,0.30766318,0.31613529,0.32405040,0.33137927,0.33826067,0.34456887,0.35021502,0.35526821,0.35974082,0.36347530,0.36650289,0.36860109,0.36969617,0.36999147,0.36933286,0.36753047,0.36499950,0.36218958,0.35902884,0.35544361,0.35144988,0.34741999,0.34285037,0.33722726,0.33126788,0.32609980,0.32244106,0.32036596,0.31978491,0.32052085,0.32516644,0.32647946,0.32701065,0.32609679,0.32222214,0.31382497,0.29819450,0.27191944,0.23290112,0.18527360,0.14063113,0.10907114,0.09254307,0.08534014,0.08240949,0.08121405,0.08105522,0.08184081,0.08363648,0.08597930,0.08867520,0.09180754,0.09552516,0.09987997,0.10436967,0.10908712,0.11388954,0.11888600,0.12370385,0.12821586,0.13254310,0.13720932,0.14233534,0.14764312,0.15270519,0.15774000,0.16283208,0.16799120,0.17304701,0.17784302,0.18226048,0.18626430,0.18956145,0.19278158,0.19564149,0.19842286,0.20148165,0.20444251,0.20709238,0.20946039,0.21165792,0.21323120,0.21392976,0.21317383,0.21063079,0.20670616,0.20173139,0.19618836,0.19092320,0.18638397,0.18223842,0.17794480,0.17284164,0.16820446,0.16475053,0.16098016,0.15645063,0.15186621,0.14763933,0.14390985,0.14004486,0.13614243,0.13194741,0.12804164,0.12404710
0.56847214,0.57187712,0.57368669,0.57587712,0.57765233,0.57914024,0.58040099,0.58146199,0.58231498,0.58299725,0.58345566,0.58340873,0.58287079,0.58218750,0.58112076,0.57974615,0.57681659,0.57070458,0.56091337,0.55108243,0.54456834,0.54091252,0.53864585,0.53663742,0.53511584,0.53466789,0.53545163,0.53708929,0.53903263,0.54081868,0.54249775,0.54412605,0.54539483,0.54615553,0.54628218,0.54586230,0.54467937,0.54243455,0.53891186,0.53346815,0.52590448,0.51617572,0.50492944,0.49360136,0.48330433,0.47335473,0.46085307,0.44038920,0.40482010,0.35339767,0.29873338,0.25485151,0.22566436,0.20769960,0.19675834,0.19074240,0.18802393,0.18750188,0.18942130,0.19463719,0.20275863,0.21263806,0.22374766,0.23552630,0.24776867,0.25995497,0.27185090,0.28337132,0.29438558,0.30481783,0.31455231,0.32347222,0.33181516,0.33973647,0.34708007,0.35387293,0.36018891,0.36588183,0.37093918,0.37539945,0.37919324,0.38220522,0.38418200,0.38506727,0.38529469,0.38451686,0.38249484,0.37980345,0.37683386,0.37355601,0.37007162,0.36605797,0.36215117,0.35764912,0.35232311,0.34654161,0.34165517,0.33818342,0.33632214,0.33596723,0.33678899,0.34193647,0.34333753,0.34408442,0.34332470,0.33988321,0.33170291,0.31620901,0.28983385,0.25030124,0.20091329,0.15347121,0.11889376,0.10021200,0.09180899,0.08828450,0.08682648,0.08662333,0.08753327,0.08953137,0.09221192,0.09531196,0.09882172,0.10304774,0.10782170,0.11284631,0.11794127,0.12321562,0.12858345,0.13363901,0.13830129,0.14284972,0.14762911,0.15292498,0.15846977,0.16365197,0.16885533,0.17412025,0.17937262,0.18461239,0.18938372,0.19394586,0.19799346,0.20137617,0.20467146,0.20754370,0.21045819,0.21373066,0.21695714,0.21981743,0.22248209,0.22482434,0.22662434,0.22746080,0.22683069,0.22418675,0.22000008,0.21469816,0.20863566,0.20301213,0.19832414,0.19409626,0.18976257,0.18447046,0.17972689,0.17630563,0.17256936,0.16798456,0.16316500,0.15907716,0.15521596,0.15122388,0.14696589,0.14306729,0.13881978,0.13468708
0.57884412,0.58232706,0.58406122,0.58589454,0.58773212,0.58914972,0.59023211,0.59125745,0.59210045,0.59285676,0.59310139,0.59313197,0.59274684,0.59198878,0.59108402,0.58976755,0.58708320,0.58130909,0.57231482,0.56315760,0.55687463,0.55332467,0.55117789,0.54925931,0.54767633,0.54727782,0.54812160,0.54962649,0.55142057,0.55324298,0.55488695,0.55643322,0.55764539,0.55839121,0.55851256,0.55817088,0.55716287,0.55511013,0.55181305,0.54676958,0.53980319,0.53062481,0.52004255,0.50923481,0.49941444,0.49001270,0.47809185,0.45824178,0.42371655,0.37270373,0.31745787,0.27206355,0.24127473,0.22195507,0.21019058,0.20363333,0.20068620,0.20002576,0.20194387,0.20739820,0.21591718,0.22624594,0.23781224,0.25005398,0.26263948,0.27515500,0.28733400,0.29901558,0.31016441,0.32059891,0.33034714,0.33922456,0.34755557,0.35548414,0.36280024,0.36969963,0.37604120,0.38172655,0.38680784,0.39122615,0.39494306,0.39801772,0.39982002,0.40069579,0.40086541,0.39991558,0.39770269,0.39489047,0.39196780,0.38870444,0.38500943,0.38104218,0.37722254,0.37292933,0.36772555,0.36224844,0.35742933,0.35423793,0.35244973,0.35207096,0.35308290,0.35749569,0.35918505,0.36018528,0.35968596,0.35642196,0.34841625,0.33303606,0.30658565,0.26617627,0.21443655,0.16336099,0.12505615,0.10385453,0.09417035,0.08994674,0.08824610,0.08799153,0.08900495,0.09119717,0.09426731,0.09777781,0.10178716,0.10652455,0.11184458,0.11740220,0.12303492,0.12891115,0.13468634,0.14019304,0.14513102,0.14992709,0.15497069,0.16052852,0.16624402,0.17181303,0.17721576,0.18264663,0.18808165,0.19343990,0.19851304,0.20316950,0.20732455,0.21097386,0.21434369,0.21735632,0.22044704,0.22387298,0.22728825,0.23059504,0.23350425,0.23606105,0.23791356,0.23894442,0.23831167,0.23547883,0.23092262,0.22518944,0.21875865,0.21277286,0.20788479,0.20370895,0.19912248,0.19349684,0.18854565,0.18508982,0.18120133,0.17656372,0.17138411,0.16701560,0.16296861,0.15904493,0.15477884,0.15015673,0.14566891,0.14104844
0.50346503,0.50578436,0.50801067,0.51035056,0.51252585,0.51442072,0.51578124,0.51672511,0.51746215,0.51772714,0.51758621,0.51708632,0.51632719,0.51515358,0.51374008,0.51173780,0.50801597,0.49995561,0.48716663,0.47351158,0.46359689,0.45773419,0.45382040,0.45018495,0.44696429,0.44529265,0.44542453,0.44756876,0.45099071,0.45441859,0.45723632,0.45946573,0.46104323,0.46211941,0.46233429,0.46178127,0.46000322,0.45685672,0.45184153,0.44469733,0.43492926,0.42256767,0.40836363,0.39403918,0.38111199,0.36891591,0.35429611,0.33190714,0.29471678,0.24319912,0.19089128,0.15057307,0.12460675,0.10895113,0.09958997,0.09437602,0.09195934,0.09137702,0.09262331,0.09627577,0.10222496,0.10973406,0.11830647,0.12754675,0.13713829,0.14681476,0.15640924,0.16566074,0.17447931,0.18290678,0.19086626,0.19838199,0.20553805,0.21244945,0.21918095,0.22576001,0.23210919,0.23802942,0.24347051,0.24834605,0.25250513,0.25569196,0.25789710,0.25898814,0.25883069,0.25704896,0.25315084,0.24818805,0.24330452,0.23855086,0.23418345,0.23023385,0.22723004,0.22342754,0.21807035,0.21287383,0.20889877,0.20628389,0.20511158,0.20549701,0.20690261,0.20826280,0.20983883,0.21088971,0.21088958,0.20871004,0.20254989,0.18994185,0.16852719,0.13727234,0.09969924,0.06549986,0.04211201,0.03065274,0.02603339,0.02411589,0.02333986,0.02319300,0.02353202,0.02424154,0.02527735,0.02662966,0.02831147,0.03036786,0.03263704,0.03512594,0.03785829,0.04074265,0.04359805,0.04639649,0.04903964,0.05152203,0.05393444,0.05639742,0.05892179,0.06147794,0.06417577,0.06694227,0.06976761,0.07277524,0.07572608,0.07872610,0.08169266,0.08452119,0.08732379,0.09008282,0.09267965,0.09537577,0.09799278,0.10054481,0.10285327,0.10467735,0.10583775,0.10605098,0.10473837,0.10187503,0.09764870,0.09254145,0.08722722,0.08242144,0.07849411,0.07526442,0.07200970,0.06839579,0.06564024,0.06445144,0.06277147,0.06032783,0.05757356,0.05534805,0.05384340,0.05194008,0.05005464,0.04786814,0.04574710,0.04372806
0.51329736,0.51663867,0.51860255,0.52072645,0.52281681,0.52452253,0.52581580,0.52686084,0.52743034,0.52776313,0.52780513,0.52733365,0.52653875,0.52535137,0.52393820,0.52200921,0.51836987,0.51080389,0.49850075,0.48533432,0.47549996,0.46937748,0.46513378,0.46120206,0.45792389,0.45605221,0.45615595,0.45820457,0.46167733,0.46519002,0.46802034,0.47026853,0.47190578,0.47298020,0.47333044,0.47286499,0.47133735,0.46841010,0.46365373,0.45679433,0.44738631,0.43532668,0.42148036,0.40743141,0.39469922,0.38270026,0.36847400,0.34661927,0.30979339,0.25808367,0.20452695,0.16231216,0.13448542,0.11721253,0.10662023,0.10048858,0.09746955,0.09656416,0.09763218,0.10125654,0.10721722,0.11486396,0.12363205,0.13305902,0.14288228,0.15280374,0.16254117,0.17197778,0.18100734,0.18952488,0.19758800,0.20518774,0.21245863,0.21946736,0.22632268,0.23301923,0.23951406,0.24559761,0.25118063,0.25624322,0.26052400,0.26380810,0.26612941,0.26724228,0.26704627,0.26525577,0.26126176,0.25618447,0.25120047,0.24634167,0.24196266,0.23804444,0.23522564,0.23157765,0.22624375,0.22113947,0.21732850,0.21494157,0.21394278,0.21459056,0.21617678,0.21793215,0.21980480,0.22099146,0.22124308,0.21932164,0.21339783,0.20086692,0.17917971,0.14703729,0.10776164,0.07105791,0.04520753,0.03216017,0.02672741,0.02445001,0.02347489,0.02325924,0.02361701,0.02437615,0.02551050,0.02698163,0.02887111,0.03106742,0.03353164,0.03624645,0.03919452,0.04220018,0.04528463,0.04827375,0.05105270,0.05364948,0.05619520,0.05881021,0.06146418,0.06417404,0.06696338,0.06984736,0.07286206,0.07591840,0.07907878,0.08222847,0.08533675,0.08831439,0.09129521,0.09427929,0.09710187,0.09993407,0.10278338,0.10552240,0.10804181,0.11001175,0.11139263,0.11160707,0.11029608,0.10721961,0.10271549,0.09731817,0.09147602,0.08649737,0.08226192,0.07884896,0.07540616,0.07158431,0.06873641,0.06750801,0.06575342,0.06319493,0.06039985,0.05802549,0.05637234,0.05447895,0.05236827,0.05029194,0.04791863,0.04569895
0.52068301,0.52282523,0.52458423,0.52647810,0.52821792,0.52975691,0.53100240,0.53192418,0.53253572,0.53277816,0.53273243,0.53238176,0.53179460,0.53084446,0.52962450,0.52795369,0.52481040,0.51816810,0.50753762,0.49575672,0.48667002,0.48076981,0.47664161,0.47275932,0.46942683,0.46760911,0.46753599,0.46953991,0.47299724,0.47640540,0.47915141,0.48127288,0.48284856,0.48391142,0.48424085,0.48398250,0.48279718,0.48026212,0.47614635,0.47012458,0.46171889,0.45093893,0.43829749,0.42531831,0.41349296,0.40236248,0.38920283,0.36907905,0.33470979,0.28485809,0.23120922,0.18694735,0.15649419,0.13705261,0.12484106,0.11770612,0.11412043,0.11293300,0.11392183,0.11766805,0.12401206,0.13211331,0.14130951,0.15119331,0.16136127,0.17148184,0.18138887,0.19088737,0.19976598,0.20818082,0.21607327,0.22348158,0.23059219,0.23745347,0.24423975,0.25091075,0.25739613,0.26357103,0.26916687,0.27418620,0.27848629,0.28176889,0.28398363,0.28498436,0.28466927,0.28259294,0.27819987,0.27263334,0.26738149,0.26238304,0.25792890,0.25423522,0.25164774,0.24828428,0.24331162,0.23849699,0.23504210,0.23301823,0.23238567,0.23328266,0.23514145,0.23679238,0.23890556,0.24043648,0.24103610,0.23972608,0.23432661,0.22237375,0.20104304,0.16834172,0.12660362,0.08549416,0.05473290,0.03814993,0.03087814,0.02771185,0.02636460,0.02601194,0.02645116,0.02749124,0.02896557,0.03093616,0.03331203,0.03614981,0.03921337,0.04260835,0.04618928,0.04986275,0.05353505,0.05690965,0.05995784,0.06277073,0.06545108,0.06817184,0.07093794,0.07376675,0.07666480,0.07962325,0.08272385,0.08593448,0.08925366,0.09259058,0.09586208,0.09906984,0.10232836,0.10547914,0.10858597,0.11173137,0.11488408,0.11804544,0.12094830,0.12323541,0.12474840,0.12517074,0.12364529,0.12006008,0.11493271,0.10875311,0.10213221,0.09636647,0.09165405,0.08800093,0.08429001,0.08014671,0.07707136,0.07583624,0.07400149,0.07130185,0.06823005,0.06569472,0.06414045,0.06211411,0.05983009,0.05744698,0.05477553,0.05220840
0.45604043,0.45830464,0.45972546,0.46105871,0.46235563,0.46344778,0.46421409,0.46481008,0.46535681,0.46557921,0.46560294,0.46532895,0.46486524,0.46412523,0.46320746,0.46189700,0.45957953,0.45446534,0.44631537,0.43758932,0.43117135,0.42741515,0.42494228,0.42266894,0.42061572,0.41958280,0.41973403,0.42113567,0.42343283,0.42569156,0.42752093,0.42894962,0.43002034,0.43069152,0.43072142,0.43032883,0.42919747,0.42717118,0.42390492,0.41919402,0.41268489,0.40430090,0.39453193,0.38453872,0.37560237,0.36707975,0.35631130,0.33923493,0.30981426,0.26646672,0.21945710,0.18073244,0.15435418,0.13787299,0.12776254,0.12204744,0.11940703,0.11878718,0.12028611,0.12459537,0.13139826,0.13978413,0.14916476,0.15911486,0.16926312,0.17936112,0.18916686,0.19854897,0.20737023,0.21567380,0.22343695,0.23064851,0.23731908,0.24369168,0.24981564,0.25566594,0.26114025,0.26617271,0.27066550,0.27464057,0.27786195,0.28014141,0.28168160,0.28229228,0.28197815,0.28045523,0.27740552,0.27347024,0.26912523,0.26458791,0.26038110,0.25689480,0.25459143,0.25160226,0.24690226,0.24233342,0.23889246,0.23669367,0.23543504,0.23549555,0.23648711,0.23737296,0.23873156,0.23968930,0.23961950,0.23757318,0.23170288,0.21973974,0.19900655,0.16740181,0.12643390,0.08578038,0.05527214,0.03886967,0.03171787,0.02868847,0.02741575,0.02720670,0.02781062,0.02901011,0.03078617,0.03303095,0.03571012,0.03890096,0.04239700,0.04625060,0.05029265,0.05446308,0.05857406,0.06245199,0.06605080,0.06938891,0.07270584,0.07618194,0.07981040,0.08348021,0.08716304,0.09087741,0.09450922,0.09820310,0.10183634,0.10539042,0.10866668,0.11166329,0.11460315,0.11740107,0.11997034,0.12267993,0.12545319,0.12816874,0.13057853,0.13244584,0.13354011,0.13346377,0.13165434,0.12814501,0.12354950,0.11805581,0.11226808,0.10715053,0.10308311,0.09954411,0.09552400,0.09107056,0.08795496,0.08634618,0.08386988,0.08053325,0.07673957,0.07388110,0.07170706,0.06919363,0.06645932,0.06371558,0.06087879,0.05801170
0.46418011,0.46606574,0.46745159,0.46877881,0.46999354,0.47087714,0.47161360,0.47221693,0.47280115,0.47309121,0.47316214,0.47288847,0.47238346,0.47167966,0.47075624,0.46950303,0.46718208,0.46235447,0.45455816,0.44612679,0.43989630,0.43601212,0.43339543,0.43100758,0.42896830,0.42788060,0.42800452,0.42940161,0.43166369,0.43391688,0.43576099,0.43722657,0.43824222,0.43897080,0.43905847,0.43871140,0.43770921,0.43583665,0.43279284,0.42834115,0.42212297,0.41398419,0.40451497,0.39477250,0.38587208,0.37738209,0.36700904,0.35057396,0.32174272,0.27896034,0.23167298,0.19197038,0.16437581,0.14667780,0.13561694,0.12920418,0.12612393,0.12525131,0.12663431,0.13095470,0.13793090,0.14650147,0.15613303,0.16632200,0.17666482,0.18703237,0.19697128,0.20644775,0.21538945,0.22384093,0.23167309,0.23889937,0.24571120,0.25213074,0.25828953,0.26422366,0.26980150,0.27491350,0.27949851,0.28354167,0.28677531,0.28907763,0.29066916,0.29128876,0.29097027,0.28941114,0.28626065,0.28227654,0.27780967,0.27323345,0.26907611,0.26557566,0.26346356,0.26052069,0.25594868,0.25145881,0.24820409,0.24610148,0.24504010,0.24517993,0.24632926,0.24661680,0.24819127,0.24924739,0.24929480,0.24736923,0.24181746,0.23012440,0.20941030,0.17724566,0.13503007,0.09200598,0.05859253,0.03997281,0.03166892,0.02800175,0.02645886,0.02618417,0.02683958,0.02823051,0.03021504,0.03274539,0.03582466,0.03938974,0.04330232,0.04753118,0.05199249,0.05650084,0.06092562,0.06511480,0.06897839,0.07256242,0.07603906,0.07966529,0.08349606,0.08741074,0.09125935,0.09512144,0.09899883,0.10288015,0.10662111,0.11028593,0.11368528,0.11685067,0.11998736,0.12292623,0.12570622,0.12856452,0.13150523,0.13444102,0.13710949,0.13913742,0.14038248,0.14031389,0.13845287,0.13479447,0.12979920,0.12400203,0.11783407,0.11235816,0.10809607,0.10435242,0.10010135,0.09543382,0.09221339,0.09053246,0.08804267,0.08442212,0.08046266,0.07743749,0.07517258,0.07256223,0.06976233,0.06670440,0.06365642,0.06083115
0.47111837,0.47361218,0.47490519,0.47610767,0.47727778,0.47830205,0.47900283,0.47958206,0.48003985,0.48022226,0.48025022,0.48004560,0.47965770,0.47898588,0.47812474,0.47692302,0.47470404,0.47007372,0.46266292,0.45447967,0.44837253,0.44461335,0.44204548,0.43964294,0.43760975,0.43658337,0.43669543,0.43810442,0.44047389,0.44272724,0.44456128,0.44600892,0.44706325,0.44771175,0.44788118,0.44758851,0.44664810,0.44479474,0.44188456,0.43753664,0.43150919,0.42372788,0.41447084,0.40499429,0.39621081,0.38781466,0.37764096,0.36156563,0.33335647,0.29103335,0.24363989,0.20320741,0.17481244,0.15651036,0.14508040,0.13856270,0.13545672,0.13465923,0.13614723,0.14062178,0.14778825,0.15665190,0.16652193,0.17690886,0.18743764,0.19780809,0.20777378,0.21724144,0.22613013,0.23446767,0.24220779,0.24931795,0.25603344,0.26242168,0.26850729,0.27440827,0.28001920,0.28514098,0.28971160,0.29371366,0.29694253,0.29924936,0.30072648,0.30126590,0.30077782,0.29900664,0.29567543,0.29142422,0.28672596,0.28197410,0.27766913,0.27424952,0.27218417,0.26942039,0.26494011,0.26045276,0.25740259,0.25545849,0.25452445,0.25471687,0.25600872,0.25705737,0.25853359,0.25965169,0.25976119,0.25801986,0.25259574,0.24106376,0.22039085,0.18794517,0.14474168,0.09979141,0.06403780,0.04357043,0.03422980,0.03007490,0.02833591,0.02805623,0.02885451,0.03046496,0.03277361,0.03566720,0.03916156,0.04316430,0.04757434,0.05228750,0.05711373,0.06205658,0.06684892,0.07126795,0.07523157,0.07884968,0.08236495,0.08607988,0.08996399,0.09385160,0.09774678,0.10162008,0.10550357,0.10936617,0.11318032,0.11683832,0.12025774,0.12341094,0.12658596,0.12956804,0.13240181,0.13541128,0.13848005,0.14155965,0.14432347,0.14643174,0.14774219,0.14765600,0.14564842,0.14178378,0.13645227,0.13030593,0.12380123,0.11801123,0.11355923,0.10974330,0.10518365,0.10045439,0.09733020,0.09578145,0.09321021,0.08946039,0.08539933,0.08238073,0.08013423,0.07744076,0.07463426,0.07152247,0.06847879,0.06515981
0.47162342,0.47509510,0.47674774,0.47840036,0.47996744,0.48114494,0.48207244,0.48294737,0.48371693,0.48431322,0.48454075,0.48442570,0.48391540,0.48319090,0.48213539,0.48082503,0.47782009,0.47202922,0.46324224,0.45430082,0.44838047,0.44523403,0.44351514,0.44189501,0.44043793,0.43981105,0.44029496,0.44162782,0.44359304,0.44544834,0.44702042,0.44845153,0.44937872,0.44978933,0.44969067,0.44905947,0.44787698,0.44582283,0.44254167,0.43771360,0.43095649,0.42224867,0.41220522,0.40205708,0.39317637,0.38467274,0.37300928,0.35402891,0.32254428,0.27749114,0.23045689,0.19311975,0.16890073,0.15468408,0.14666415,0.14257623,0.14107868,0.14126814,0.14328810,0.14806838,0.15526302,0.16398734,0.17356827,0.18361541,0.19393155,0.20415220,0.21412724,0.22380680,0.23298122,0.24167529,0.24971874,0.25701868,0.26379667,0.27013169,0.27590924,0.28138993,0.28637207,0.29080711,0.29468750,0.29792909,0.30056287,0.30237286,0.30279045,0.30226580,0.30193664,0.30159068,0.29995540,0.29727669,0.29372595,0.28962622,0.28586727,0.28235961,0.27986976,0.27696211,0.27232969,0.26726225,0.26320206,0.26037339,0.25871619,0.25813081,0.25845490,0.26487821,0.26589698,0.26635710,0.26580853,0.26272066,0.25541694,0.24210232,0.22005874,0.18733034,0.14583343,0.10680582,0.07898256,0.06445489,0.05810709,0.05559725,0.05471032,0.05469050,0.05542274,0.05687064,0.05903006,0.06146483,0.06430482,0.06766667,0.07160162,0.07562612,0.07980186,0.08424126,0.08877140,0.09314000,0.09708043,0.10090231,0.10491105,0.10917533,0.11354885,0.11771239,0.12173418,0.12572989,0.12971209,0.13339345,0.13674083,0.13976353,0.14234182,0.14479439,0.14747332,0.15014383,0.15259976,0.15520818,0.15777711,0.16007193,0.16218902,0.16400617,0.16529829,0.16599064,0.16517388,0.16280534,0.15891051,0.15430893,0.14949493,0.14504032,0.14130553,0.13755455,0.13306689,0.12796519,0.12435558,0.12280456,0.12026971,0.11672578,0.11247277,0.10910291,0.10670455,0.10353134,0.10056039,0.09704245,0.09399934,0.09085891
0.48647288,0.48985617,0.49155105,0.49321178,0.49478507,0.49600986,0.49699566,0.49803769,0.49879839,0.49928914,0.49952782,0.49955666,0.49906674,0.49827681,0.49750467,0.49614029,0.49329014,0.48788052,0.47960643,0.47100828,0.46502957,0.46169066,0.45976785,0.45805560,0.45638301,0.45558638,0.45597584,0.45723685,0.45921710,0.46107893,0.46258213,0.46397602,0.46496920,0.46544103,0.46538689,0.46491263,0.46378228,0.46180743,0.45865991,0.45401093,0.44749810,0.43899486,0.42923904,0.41947215,0.41104371,0.40317266,0.39195244,0.37340405,0.34252091,0.29714658,0.24892436,0.20963371,0.18334927,0.16728567,0.15771758,0.15255713,0.15028643,0.14995233,0.15168818,0.15630400,0.16357177,0.17235471,0.18218585,0.19248799,0.20305750,0.21357652,0.22380066,0.23378142,0.24314504,0.25207418,0.26031523,0.26782300,0.27476649,0.28121289,0.28719126,0.29275951,0.29793089,0.30248842,0.30651418,0.30987906,0.31260807,0.31450124,0.31485014,0.31430052,0.31409490,0.31378134,0.31219698,0.30948361,0.30584050,0.30165702,0.29793883,0.29441555,0.29213401,0.28949851,0.28484567,0.27996194,0.27609457,0.27355125,0.27205194,0.27182988,0.27243001,0.27861319,0.27999697,0.28084800,0.28063325,0.27798065,0.27074650,0.25743008,0.23517256,0.20159829,0.15776484,0.11539760,0.08429413,0.06746974,0.05986791,0.05662061,0.05542223,0.05524487,0.05595381,0.05763467,0.05995688,0.06262174,0.06570298,0.06939550,0.07365983,0.07803199,0.08258466,0.08735957,0.09218566,0.09685979,0.10108914,0.10514002,0.10936581,0.11393041,0.11853332,0.12302710,0.12727816,0.13145223,0.13558323,0.13954320,0.14304850,0.14621248,0.14899556,0.15160302,0.15453098,0.15747839,0.16019944,0.16298283,0.16589236,0.16859172,0.17101184,0.17299277,0.17471431,0.17539103,0.17458343,0.17210900,0.16790257,0.16279662,0.15762229,0.15281912,0.14889487,0.14484570,0.14006328,0.13463980,0.13072356,0.12920075,0.12654892,0.12269994,0.11833909,0.11454974,0.11207411,0.10899276,0.10540548,0.10183311,0.09827016,0.09508561
0.51954146,0.52284170,0.52387546,0.52547810,0.52643818,0.52756497,0.52839090,0.52905862,0.52999933,0.53045907,0.53088872,0.53096571,0.53076610,0.53014887,0.52940206,0.52825927,0.52593820,0.52181356,0.51545724,0.50859386,0.50351274,0.50049873,0.49866732,0.49695452,0.49534971,0.49466772,0.49490990,0.49610967,0.49800150,0.49991629,0.50142745,0.50271374,0.50353280,0.50395931,0.50400503,0.50375929,0.50311706,0.50180563,0.49961735,0.49604438,0.49092024,0.48415538,0.47610367,0.46764434,0.45965517,0.45181388,0.44239699,0.42728985,0.40058049,0.36001466,0.31346353,0.27225383,0.24251829,0.22334611,0.21169212,0.20516506,0.20221612,0.20167356,0.20341031,0.20835767,0.21626817,0.22592374,0.23638393,0.24721629,0.25811302,0.26884849,0.27906631,0.28878277,0.29780093,0.30622066,0.31398433,0.32089373,0.32731812,0.33331695,0.33901017,0.34437320,0.34929038,0.35362648,0.35740698,0.36064419,0.36321340,0.36461969,0.36447217,0.36327397,0.36270888,0.36209994,0.36020793,0.35691963,0.35285787,0.34825726,0.34438170,0.34113754,0.33953916,0.33772201,0.33405083,0.32984150,0.32683796,0.32510013,0.32423478,0.32439545,0.32531549,0.33147286,0.33281491,0.33351401,0.33333244,0.33116555,0.32549348,0.31384208,0.29271913,0.25866974,0.21189799,0.16060623,0.11700304,0.08967137,0.07595330,0.06976640,0.06745755,0.06741661,0.06905067,0.07224854,0.07633803,0.08106285,0.08643654,0.09248600,0.09915074,0.10589945,0.11260958,0.11934522,0.12571873,0.13157217,0.13655902,0.14113594,0.14578054,0.15075730,0.15594295,0.16076672,0.16528052,0.16969139,0.17386369,0.17763830,0.18103548,0.18390248,0.18651833,0.18895012,0.19209059,0.19556090,0.19874464,0.20220784,0.20584908,0.20941600,0.21281458,0.21569972,0.21794155,0.21919853,0.21848811,0.21532427,0.20983151,0.20306677,0.19620036,0.19006499,0.18535638,0.18042665,0.17463646,0.16790098,0.16360247,0.16287291,0.16036617,0.15588221,0.15047269,0.14625395,0.14385794,0.14066496,0.13670957,0.13251197,0.12819206,0.12404878
0.47486376,0.47900129,0.48101012,0.48301465,0.48480186,0.48614465,0.48731595,0.48823606,0.48913086,0.48975773,0.48994067,0.48970335,0.48909636,0.48802830,0.48654299,0.48458377,0.48098976,0.47396490,0.46329921,0.45268093,0.44538837,0.44141962,0.43922491,0.43713238,0.43533664,0.43451127,0.43487963,0.43636663,0.43865768,0.44084963,0.44271153,0.44430349,0.44544995,0.44592863,0.44587012,0.44519662,0.44382508,0.44142476,0.43760673,0.43191259,0.42394257,0.41373654,0.40220149,0.39054936,0.37991744,0.36982511,0.35720399,0.33734692,0.30384197,0.25716205,0.20916026,0.17161896,0.14742278,0.13324492,0.12504670,0.12082536,0.11914444,0.11911338,0.12085162,0.12513174,0.13173159,0.13978402,0.14880697,0.15832652,0.16826197,0.17820962,0.18793184,0.19743458,0.20654441,0.21517917,0.22325035,0.23057440,0.23746868,0.24401998,0.24996315,0.25564353,0.26085405,0.26549924,0.26959204,0.27303649,0.27582745,0.27762316,0.27797100,0.27730372,0.27708277,0.27673485,0.27514893,0.27247241,0.26891940,0.26477130,0.26082385,0.25715972,0.25463135,0.25180340,0.24717423,0.24236749,0.23832719,0.23569662,0.23405204,0.23348282,0.23394069,0.23928405,0.24018598,0.24053138,0.23970031,0.23668315,0.22977465,0.21690000,0.19543052,0.16364788,0.12499882,0.08948463,0.06511111,0.05293333,0.04786709,0.04586059,0.04520342,0.04514692,0.04556453,0.04672662,0.04829024,0.05007574,0.05216647,0.05478449,0.05787919,0.06108226,0.06446402,0.06805416,0.07174787,0.07542161,0.07868347,0.08180619,0.08521344,0.08882689,0.09256337,0.09611766,0.09954734,0.10293960,0.10639761,0.10958774,0.11238581,0.11487855,0.11716216,0.11932229,0.12175547,0.12424043,0.12656604,0.12906502,0.13158416,0.13382105,0.13583546,0.13753548,0.13901260,0.13968029,0.13892591,0.13658141,0.13286476,0.12851627,0.12400977,0.11989405,0.11656007,0.11311039,0.10916858,0.10450895,0.10119362,0.09982218,0.09763685,0.09429970,0.09069378,0.08766537,0.08558373,0.08314426,0.08039162,0.07752694,0.07509494,0.07225263
0.48854536,0.49229473,0.49428723,0.49632518,0.49798787,0.49943937,0.50056651,0.50164931,0.50253275,0.50309571,0.50330279,0.50315035,0.50251014,0.50156111,0.50014883,0.49827549,0.49477759,0.48800556,0.47781915,0.46743413,0.46012268,0.45608791,0.45370306,0.45161458,0.44963386,0.44875345,0.44908742,0.45049999,0.45284573,0.45513561,0.45700466,0.45858659,0.45975187,0.46033762,0.46031420,0.45972813,0.45837849,0.45608902,0.45226929,0.44678977,0.43902301,0.42907781,0.41772061,0.40621534,0.39579026,0.38585150,0.37335905,0.35372218,0.32038354,0.27319538,0.22395104,0.18483342,0.15908648,0.14368286,0.13463442,0.12985678,0.12778117,0.12755364,0.12918041,0.13350386,0.14028125,0.14859223,0.15785906,0.16770878,0.17788041,0.18807489,0.19803460,0.20776744,0.21700066,0.22576383,0.23397277,0.24142308,0.24843595,0.25498995,0.26111377,0.26690935,0.27222668,0.27699454,0.28117446,0.28466758,0.28756590,0.28937537,0.28960619,0.28879819,0.28859228,0.28818916,0.28664481,0.28384781,0.28013974,0.27587805,0.27186222,0.26823648,0.26580133,0.26303086,0.25858256,0.25378698,0.24987567,0.24733164,0.24579518,0.24547068,0.24601111,0.25140088,0.25238508,0.25296573,0.25233744,0.24945068,0.24268774,0.22979871,0.20799596,0.17533452,0.13486830,0.09681145,0.06989683,0.05603801,0.05010088,0.04774374,0.04688498,0.04680205,0.04729550,0.04863471,0.05035092,0.05238754,0.05471686,0.05761752,0.06104311,0.06455637,0.06824650,0.07213246,0.07617303,0.08000103,0.08344073,0.08682552,0.09034184,0.09412732,0.09800938,0.10173642,0.10532639,0.10884427,0.11242388,0.11568397,0.11856670,0.12109798,0.12337738,0.12564058,0.12824239,0.13087166,0.13335921,0.13606742,0.13877701,0.14128735,0.14355750,0.14556842,0.14702448,0.14777641,0.14707876,0.14451981,0.14057454,0.13580638,0.13095760,0.12661218,0.12300146,0.11954187,0.11531228,0.11040141,0.10694983,0.10566744,0.10333391,0.09990174,0.09594868,0.09282927,0.09090481,0.08810947,0.08525343,0.08218783,0.07926708,0.07667831
0.51258801,0.51614780,0.51738639,0.51922970,0.52058702,0.52190517,0.52287771,0.52381438,0.52463501,0.52515730,0.52540139,0.52532157,0.52479754,0.52394007,0.52282970,0.52118709,0.51805189,0.51253604,0.50428360,0.49543451,0.48883993,0.48482325,0.48244220,0.48013283,0.47809133,0.47719668,0.47739029,0.47876058,0.48098583,0.48317353,0.48499512,0.48653471,0.48752838,0.48809960,0.48818842,0.48777591,0.48692006,0.48519366,0.48222799,0.47762113,0.47108721,0.46266750,0.45273821,0.44243964,0.43303517,0.42386035,0.41296616,0.39571289,0.36582392,0.32178156,0.27297583,0.23135032,0.20202507,0.18340670,0.17204483,0.16566168,0.16267626,0.16195874,0.16334701,0.16768745,0.17482041,0.18362250,0.19338567,0.20356023,0.21405712,0.22441894,0.23443005,0.24404472,0.25310847,0.26165313,0.26960053,0.27672233,0.28342635,0.28975637,0.29571496,0.30138005,0.30665671,0.31135414,0.31545414,0.31888790,0.32163197,0.32314878,0.32296585,0.32171548,0.32110803,0.32071537,0.31899410,0.31592146,0.31191289,0.30733319,0.30325832,0.29979320,0.29798856,0.29598146,0.29226100,0.28799992,0.28484218,0.28300671,0.28206005,0.28209733,0.28312061,0.28904195,0.29030238,0.29111344,0.29097325,0.28878166,0.28298574,0.27122250,0.25024400,0.21724541,0.17371357,0.12827108,0.09197634,0.07058259,0.06039824,0.05593243,0.05423982,0.05405638,0.05508526,0.05720061,0.06000241,0.06330115,0.06704183,0.07144080,0.07636735,0.08146400,0.08656933,0.09179179,0.09687036,0.10161700,0.10566718,0.10934959,0.11325406,0.11741761,0.12169240,0.12575481,0.12953037,0.13324298,0.13678093,0.14000201,0.14285338,0.14528377,0.14745755,0.14966323,0.15244167,0.15554095,0.15854034,0.16170971,0.16507437,0.16831387,0.17134685,0.17400623,0.17609106,0.17737878,0.17663768,0.17370887,0.16897590,0.16307401,0.15713815,0.15185933,0.14770713,0.14368832,0.13870966,0.13294291,0.12905924,0.12826947,0.12602694,0.12211891,0.11766029,0.11425265,0.11218245,0.10937570,0.10611461,0.10245457,0.09904302,0.09553406
0.48918937,0.49244117,0.49432497,0.49630193,0.49822289,0.49989567,0.50114748,0.50212801,0.50268275,0.50294564,0.50297704,0.50252853,0.50195221,0.50106095,0.49989405,0.49819074,0.49489278,0.48842789,0.47841114,0.46831715,0.46156338,0.45827110,0.45654797,0.45512282,0.45390084,0.45349663,0.45412661,0.45550980,0.45722570,0.45908576,0.46073250,0.46218479,0.46327683,0.46397709,0.46402293,0.46342091,0.46201852,0.45945148,0.45535057,0.44957286,0.44180690,0.43199023,0.42075697,0.40937372,0.39905432,0.38934506,0.37723475,0.35807447,0.32542320,0.27889738,0.22984370,0.19075821,0.16511969,0.14979123,0.14089705,0.13624482,0.13436908,0.13432499,0.13632275,0.14123974,0.14878233,0.15795260,0.16807879,0.17870636,0.18959747,0.20047449,0.21108448,0.22129078,0.23105635,0.24029451,0.24889916,0.25677450,0.26401527,0.27072383,0.27699709,0.28295620,0.28842706,0.29338811,0.29766895,0.30128126,0.30413204,0.30590561,0.30626815,0.30579522,0.30549019,0.30523733,0.30431359,0.30260790,0.30028347,0.29718102,0.29348590,0.28986586,0.28637438,0.28242846,0.27753502,0.27248049,0.26799827,0.26462522,0.26244857,0.26167594,0.26200082,0.26292086,0.26366578,0.26390401,0.26295752,0.25990964,0.25305500,0.23984665,0.21754059,0.18407667,0.14150100,0.09981328,0.06886698,0.05255357,0.04568456,0.04300593,0.04211517,0.04220253,0.04303456,0.04446928,0.04640191,0.04879613,0.05165569,0.05511789,0.05898437,0.06324945,0.06778029,0.07242866,0.07708985,0.08161018,0.08592373,0.09003714,0.09409925,0.09831827,0.10272774,0.10709140,0.11131003,0.11540611,0.11922157,0.12295775,0.12639960,0.12950428,0.13231293,0.13506982,0.13805784,0.14091667,0.14351907,0.14624794,0.14890717,0.15150747,0.15399531,0.15602883,0.15731176,0.15773900,0.15653373,0.15362170,0.14939888,0.14461996,0.14011182,0.13626609,0.13316840,0.13030932,0.12663607,0.12218575,0.11814248,0.11508199,0.11190658,0.10809808,0.10410463,0.10046449,0.09734962,0.09424078,0.09085274,0.08732923,0.08401024,0.08041868
0.49768818,0.50081446,0.50275270,0.50458031,0.50634885,0.50780497,0.50901597,0.50972564,0.51048330,0.51075196,0.51074819,0.51045028,0.50984896,0.50897396,0.50778619,0.50611748,0.50294676,0.49666292,0.48691747,0.47706794,0.47031566,0.46693120,0.46514765,0.46364994,0.46237397,0.46204027,0.46256428,0.46390553,0.46570748,0.46756682,0.46920937,0.47070123,0.47180007,0.47244155,0.47248444,0.47187987,0.47056777,0.46804650,0.46407026,0.45836470,0.45070195,0.44102500,0.42988656,0.41857411,0.40830828,0.39861541,0.38667528,0.36764867,0.33495449,0.28789815,0.23778665,0.19737671,0.17052318,0.15416931,0.14451003,0.13931522,0.13704972,0.13680250,0.13873541,0.14366111,0.15137492,0.16075410,0.17110955,0.18203559,0.19318920,0.20428486,0.21518361,0.22563591,0.23560816,0.24506843,0.25383889,0.26189712,0.26927231,0.27615185,0.28258468,0.28863490,0.29424746,0.29934279,0.30376756,0.30743493,0.31036488,0.31210135,0.31244779,0.31195463,0.31167870,0.31140974,0.31043044,0.30866499,0.30636119,0.30314549,0.29945973,0.29569448,0.29231959,0.28841607,0.28357999,0.27857869,0.27420366,0.27080925,0.26886496,0.26826660,0.26860342,0.26868112,0.26949776,0.26985919,0.26903789,0.26605525,0.25919636,0.24597589,0.22332150,0.18914490,0.14525245,0.10152613,0.06863089,0.05099015,0.04353547,0.04055753,0.03952614,0.03960422,0.04044916,0.04191682,0.04393968,0.04646602,0.04956372,0.05314058,0.05724563,0.06170058,0.06644152,0.07130433,0.07621657,0.08091247,0.08543034,0.08965752,0.09384128,0.09823351,0.10276734,0.10724969,0.11159424,0.11584385,0.11981505,0.12355938,0.12697725,0.13022048,0.13300522,0.13579896,0.13897636,0.14199454,0.14469058,0.14756627,0.15043715,0.15318315,0.15586556,0.15804876,0.15960632,0.16006564,0.15882842,0.15582400,0.15140681,0.14646678,0.14165952,0.13773471,0.13456250,0.13155274,0.12773948,0.12311783,0.11902507,0.11603021,0.11254783,0.10872604,0.10452622,0.10086769,0.09768867,0.09425657,0.09085423,0.08705585,0.08351424,0.07994565
0.51159001,0.51462959,0.51621369,0.51794148,0.51950479,0.52078801,0.52182309,0.52267402,0.52325424,0.52363790,0.52373504,0.52350669,0.52299114,0.52211882,0.52111020,0.51961952,0.51667958,0.51102110,0.50255556,0.49360675,0.48727920,0.48384912,0.48196544,0.48039198,0.47897818,0.47858654,0.47910733,0.48026453,0.48208254,0.48382739,0.48539103,0.48682364,0.48782336,0.48846699,0.48855341,0.48816803,0.48707382,0.48496011,0.48163791,0.47670354,0.46981788,0.46096628,0.45071864,0.44007127,0.43038438,0.42116544,0.40998312,0.39227568,0.36134522,0.31577111,0.26547077,0.22305159,0.19377760,0.17533487,0.16418921,0.15809664,0.15539956,0.15492704,0.15680430,0.16189916,0.16987582,0.17957145,0.19026328,0.20144596,0.21283165,0.22407303,0.23498905,0.24538888,0.25518716,0.26447013,0.27300348,0.28085400,0.28799255,0.29472317,0.30094392,0.30692543,0.31248667,0.31752229,0.32187411,0.32546574,0.32821605,0.32973748,0.32966259,0.32878383,0.32823219,0.32774884,0.32661230,0.32470008,0.32220846,0.31890696,0.31512447,0.31143636,0.30829754,0.30477758,0.30037874,0.29567474,0.29172345,0.28864707,0.28679507,0.28636097,0.28691826,0.28888759,0.28990467,0.29036372,0.28989219,0.28735728,0.28106369,0.26840741,0.24614724,0.21156077,0.16552413,0.11716943,0.07817523,0.05551124,0.04513293,0.04077016,0.03918947,0.03917907,0.04033985,0.04236746,0.04510060,0.04850860,0.05251856,0.05708809,0.06216671,0.06763476,0.07337966,0.07913976,0.08473732,0.08998862,0.09481507,0.09924900,0.10364265,0.10822026,0.11299766,0.11761736,0.12202734,0.12616286,0.13005262,0.13369495,0.13699619,0.13999957,0.14267120,0.14538655,0.14859381,0.15170802,0.15451097,0.15764913,0.16080019,0.16394332,0.16703811,0.16964143,0.17148305,0.17219169,0.17084813,0.16739713,0.16240303,0.15676518,0.15140476,0.14712472,0.14384536,0.14079036,0.13682337,0.13193450,0.12767169,0.12475283,0.12121048,0.11695059,0.11259488,0.10877210,0.10564032,0.10222998,0.09844012,0.09462988,0.09064607,0.08681895
0.46873923,0.47114965,0.47299164,0.47497485,0.47683440,0.47843537,0.47973056,0.48062283,0.48118463,0.48147040,0.48147684,0.48120268,0.48058907,0.47973885,0.47854823,0.47690401,0.47362569,0.46709870,0.45703806,0.44684672,0.44007581,0.43664902,0.43489074,0.43338729,0.43216342,0.43177229,0.43238579,0.43365279,0.43536383,0.43712541,0.43869519,0.44010571,0.44117680,0.44182753,0.44186619,0.44127847,0.43979171,0.43722971,0.43335501,0.42778656,0.42034322,0.41081802,0.39991386,0.38882923,0.37888424,0.36955779,0.35778645,0.33900016,0.30757325,0.26296377,0.21633471,0.17924706,0.15494365,0.14037887,0.13191401,0.12739115,0.12555051,0.12540108,0.12720765,0.13178259,0.13882642,0.14744656,0.15699794,0.16705485,0.17727835,0.18751387,0.19756831,0.20723914,0.21641940,0.22515471,0.23330942,0.24072533,0.24757033,0.25389324,0.25981991,0.26543876,0.27056078,0.27516340,0.27909325,0.28253353,0.28520329,0.28680158,0.28720508,0.28688625,0.28672745,0.28659447,0.28577573,0.28415750,0.28191363,0.27890947,0.27546377,0.27186900,0.26843218,0.26461915,0.25997025,0.25510082,0.25072098,0.24745363,0.24533651,0.24444987,0.24479398,0.24718929,0.24797785,0.24827268,0.24746101,0.24459740,0.23799125,0.22546211,0.20443258,0.17298011,0.13278345,0.09330687,0.06396146,0.04839446,0.04186555,0.03923388,0.03828830,0.03830506,0.03905254,0.04037141,0.04215427,0.04438737,0.04708666,0.05025691,0.05384766,0.05781842,0.06203878,0.06637919,0.07074307,0.07502813,0.07918634,0.08312446,0.08702699,0.09106207,0.09527844,0.09942403,0.10345205,0.10732447,0.11106347,0.11461456,0.11788677,0.12088800,0.12362209,0.12631716,0.12922591,0.13197942,0.13447394,0.13704450,0.13949614,0.14191595,0.14412845,0.14596571,0.14724344,0.14764804,0.14656326,0.14395010,0.14015340,0.13579479,0.13166544,0.12802774,0.12515112,0.12241651,0.11880711,0.11464410,0.11084978,0.10789628,0.10488132,0.10101338,0.09719935,0.09372426,0.09075666,0.08767512,0.08440543,0.08090818,0.07761432,0.07440850
0.48126251,0.48399876,0.48594076,0.48778071,0.48965083,0.49114207,0.49228321,0.49330212,0.49402062,0.49432051,0.49430919,0.49406651,0.49346371,0.49259781,0.49147866,0.48976496,0.48657762,0.48034163,0.47068166,0.46076185,0.45400698,0.45050700,0.44862065,0.44705132,0.44568966,0.44527464,0.44587490,0.44714942,0.44887285,0.45064482,0.45225922,0.45367262,0.45479800,0.45548094,0.45561788,0.45500154,0.45370327,0.45132197,0.44746202,0.44196526,0.43452043,0.42508575,0.41423627,0.40316753,0.39324124,0.38381808,0.37227317,0.35389168,0.32227949,0.27707085,0.22895215,0.19026193,0.16444962,0.14867152,0.13924852,0.13411621,0.13187727,0.13155242,0.13330811,0.13796040,0.14520946,0.15410383,0.16395928,0.17432674,0.18492630,0.19549301,0.20582995,0.21574270,0.22525471,0.23426040,0.24260539,0.25022308,0.25724936,0.26375941,0.26984218,0.27560948,0.28086713,0.28560379,0.28975698,0.29323415,0.29603717,0.29765829,0.29801047,0.29762314,0.29749271,0.29734231,0.29644106,0.29475711,0.29254082,0.28948380,0.28587451,0.28229552,0.27890571,0.27513624,0.27045735,0.26556101,0.26131618,0.25809320,0.25605265,0.25532978,0.25564715,0.25795569,0.25883677,0.25906689,0.25826970,0.25537264,0.24891332,0.23627519,0.21474578,0.18215859,0.14025292,0.09835251,0.06655385,0.04934678,0.04202188,0.03904647,0.03800637,0.03802686,0.03877984,0.04017994,0.04209512,0.04450202,0.04743381,0.05082235,0.05465945,0.05891939,0.06342993,0.06809256,0.07276718,0.07731947,0.08167445,0.08581170,0.08989898,0.09418814,0.09859896,0.10290591,0.10719161,0.11126419,0.11505628,0.11870664,0.12211223,0.12511620,0.12790539,0.13061080,0.13368376,0.13655641,0.13922449,0.14190000,0.14461161,0.14718068,0.14963727,0.15165287,0.15309665,0.15350037,0.15251761,0.14977268,0.14571980,0.14112402,0.13662629,0.13280211,0.12978244,0.12678564,0.12322317,0.11874747,0.11480739,0.11177593,0.10855606,0.10451969,0.10045861,0.09692233,0.09378493,0.09051601,0.08702341,0.08335589,0.07982597,0.07645467
0.49702475,0.49953210,0.50115930,0.50299416,0.50470025,0.50626951,0.50744535,0.50831521,0.50888082,0.50921477,0.50924584,0.50894210,0.50847981,0.50768766,0.50670837,0.50523495,0.50233983,0.49666686,0.48802325,0.47886896,0.47242081,0.46890787,0.46700981,0.46538622,0.46403964,0.46363006,0.46409416,0.46528829,0.46700066,0.46874151,0.47032241,0.47171834,0.47276556,0.47341147,0.47355557,0.47314320,0.47196169,0.46977413,0.46638604,0.46142298,0.45456476,0.44575782,0.43557203,0.42502355,0.41544812,0.40633351,0.39524624,0.37768689,0.34727496,0.30273636,0.25393446,0.21314123,0.18503612,0.16734699,0.15665217,0.15077824,0.14816327,0.14767354,0.14939124,0.15417457,0.16172344,0.17097669,0.18121364,0.19190377,0.20275126,0.21354374,0.22397890,0.23392520,0.24339765,0.25230609,0.26054865,0.26811234,0.27503193,0.28144922,0.28748260,0.29325800,0.29859524,0.30343544,0.30760916,0.31105290,0.31372181,0.31516241,0.31514311,0.31443310,0.31409097,0.31388068,0.31291738,0.31108046,0.30872826,0.30548418,0.30175211,0.29811878,0.29495702,0.29152637,0.28712072,0.28247332,0.27850466,0.27539185,0.27350713,0.27298390,0.27351100,0.27665136,0.27761238,0.27804335,0.27754641,0.27507407,0.26896775,0.25672373,0.23539590,0.20235704,0.15853749,0.11263876,0.07575750,0.05434731,0.04450823,0.04035548,0.03885695,0.03883651,0.03989968,0.04177147,0.04429786,0.04739747,0.05107557,0.05531281,0.06004709,0.06513542,0.07049093,0.07587222,0.08115109,0.08618391,0.09077012,0.09504437,0.09926989,0.10368011,0.10816174,0.11256739,0.11683226,0.12072568,0.12449241,0.12797842,0.13122032,0.13408811,0.13669427,0.13935983,0.14246035,0.14548967,0.14830296,0.15126957,0.15429601,0.15720404,0.16001080,0.16246184,0.16424056,0.16488646,0.16365586,0.16051987,0.15584463,0.15065838,0.14559395,0.14156112,0.13848744,0.13555854,0.13170545,0.12706141,0.12287320,0.12000106,0.11655663,0.11255723,0.10830269,0.10470710,0.10154294,0.09820208,0.09460731,0.09078679,0.08720916,0.08339498
0.49336565,0.49614524,0.49788487,0.49977845,0.50142165,0.50298279,0.50408181,0.50487579,0.50553790,0.50588479,0.50598455,0.50578739,0.50524197,0.50444026,0.50334531,0.50181533,0.49883895,0.49287081,0.48356940,0.47416408,0.46778732,0.46457854,0.46290190,0.46139034,0.46018763,0.45979530,0.46033636,0.46160214,0.46319135,0.46496620,0.46647087,0.46783751,0.46889173,0.46945997,0.46952602,0.46896219,0.46761626,0.46525076,0.46153103,0.45614165,0.44890297,0.43962934,0.42902268,0.41819218,0.40852640,0.39938877,0.38763381,0.36854422,0.33608680,0.28910656,0.23927084,0.19930404,0.17286165,0.15682641,0.14733678,0.14217555,0.13997445,0.13973936,0.14172574,0.14683499,0.15465293,0.16419305,0.17475688,0.18584520,0.19720576,0.20858297,0.21963431,0.23025676,0.24043858,0.25007815,0.25899382,0.26715708,0.27456660,0.28146353,0.28785573,0.29385953,0.29938410,0.30421671,0.30842768,0.31204481,0.31493225,0.31671887,0.31723611,0.31697114,0.31670237,0.31635933,0.31536185,0.31355438,0.31102393,0.30778862,0.30416261,0.30041658,0.29693910,0.29298239,0.28792984,0.28262633,0.27796226,0.27455508,0.27235408,0.27153264,0.27195659,0.27408483,0.27505041,0.27539320,0.27446140,0.27134734,0.26418246,0.25041219,0.22724804,0.19231806,0.14739618,0.10300354,0.06976103,0.05198344,0.04437064,0.04127362,0.04010162,0.04006947,0.04087058,0.04233280,0.04435224,0.04691977,0.05006667,0.05369975,0.05785431,0.06235996,0.06721089,0.07220796,0.07730011,0.08226697,0.08705372,0.09167054,0.09631383,0.10119594,0.10618187,0.11115339,0.11603680,0.12071346,0.12515463,0.12943434,0.13343328,0.13703159,0.14022861,0.14332169,0.14657409,0.14961925,0.15233971,0.15517318,0.15790826,0.16054140,0.16299847,0.16502489,0.16637092,0.16669681,0.16551507,0.16259050,0.15834313,0.15339779,0.14861903,0.14452518,0.14100467,0.13760067,0.13330595,0.12844113,0.12413440,0.12115411,0.11748976,0.11336958,0.10872814,0.10469777,0.10129210,0.09770513,0.09380481,0.08986144,0.08609755,0.08226504
0.50411775,0.50695217,0.50868300,0.51047218,0.51219387,0.51353478,0.51461929,0.51547963,0.51611994,0.51645913,0.51646906,0.51624432,0.51576401,0.51497282,0.51397828,0.51246584,0.50952650,0.50372848,0.49473629,0.48545910,0.47912521,0.47580007,0.47404168,0.47251060,0.47122158,0.47075311,0.47134121,0.47256672,0.47426701,0.47601442,0.47758622,0.47892192,0.47992471,0.48060176,0.48071170,0.48013581,0.47880061,0.47654508,0.47285815,0.46761867,0.46049242,0.45139328,0.44082841,0.43001231,0.42018463,0.41078925,0.39911615,0.38032819,0.34766062,0.30039217,0.24968574,0.20858455,0.18108283,0.16412931,0.15401308,0.14839907,0.14592683,0.14557460,0.14750669,0.15268915,0.16065150,0.17040150,0.18120783,0.19253540,0.20412556,0.21566106,0.22693941,0.23775224,0.24806559,0.25779854,0.26685305,0.27507214,0.28263082,0.28960755,0.29610534,0.30216124,0.30770657,0.31267017,0.31703042,0.32067070,0.32360913,0.32537692,0.32586419,0.32548302,0.32517294,0.32476300,0.32364036,0.32173839,0.31920597,0.31589199,0.31208999,0.30835046,0.30496912,0.30105700,0.29601933,0.29070646,0.28619784,0.28271746,0.28065462,0.27991678,0.28032638,0.28298402,0.28390705,0.28420187,0.28327039,0.28015546,0.27309031,0.25942696,0.23605306,0.20042766,0.15446201,0.10820070,0.07287236,0.05350413,0.04507679,0.04161773,0.04028015,0.04021155,0.04106269,0.04266615,0.04483297,0.04760433,0.05100817,0.05491231,0.05933590,0.06421414,0.06932091,0.07464846,0.07996675,0.08516022,0.09011564,0.09487218,0.09966476,0.10464618,0.10977118,0.11488976,0.11986988,0.12461325,0.12918544,0.13348196,0.13750951,0.14114118,0.14434569,0.14749217,0.15088825,0.15402874,0.15686756,0.15980365,0.16267537,0.16542466,0.16810757,0.17015757,0.17166406,0.17206548,0.17080972,0.16773453,0.16321889,0.15810759,0.15308960,0.14872570,0.14523518,0.14168469,0.13740649,0.13234617,0.12792718,0.12477126,0.12114833,0.11685552,0.11217799,0.10793381,0.10450900,0.10070908,0.09689982,0.09283586,0.08878962,0.08467294
0.51451210,0.51745761,0.51890601,0.52056064,0.52209230,0.52336922,0.52438529,0.52518912,0.52574982,0.52614909,0.52618999,0.52598090,0.52553734,0.52474542,0.52379797,0.52248218,0.51979013,0.51456127,0.50658879,0.49814117,0.49218738,0.48897545,0.48718042,0.48563610,0.48427881,0.48389345,0.48427476,0.48538649,0.48709960,0.48874174,0.49025458,0.49155223,0.49252018,0.49308333,0.49315484,0.49272800,0.49164344,0.48961347,0.48639164,0.48170042,0.47515843,0.46675277,0.45698916,0.44687051,0.43761807,0.42873995,0.41783783,0.40028208,0.36946087,0.32376505,0.27319519,0.23066293,0.20130290,0.18275542,0.17148454,0.16519325,0.16234002,0.16182435,0.16376252,0.16901467,0.17727564,0.18738493,0.19847877,0.21003907,0.22180060,0.23351254,0.24477209,0.25551599,0.26572446,0.27529881,0.28408548,0.29212873,0.29945660,0.30628852,0.31257976,0.31856880,0.32403631,0.32893608,0.33319065,0.33677300,0.33955580,0.34117488,0.34131181,0.34067130,0.34020415,0.33970745,0.33847488,0.33644112,0.33375748,0.33035053,0.32660884,0.32290811,0.31978083,0.31625084,0.31152214,0.30653042,0.30228221,0.29917133,0.29732424,0.29676671,0.29728090,0.30018943,0.30122191,0.30171647,0.30107309,0.29833536,0.29172920,0.27856755,0.25554420,0.21975772,0.17211606,0.12200824,0.08157958,0.05793653,0.04697607,0.04220306,0.04044859,0.04035814,0.04148506,0.04360469,0.04648678,0.05002145,0.05424592,0.05902898,0.06439749,0.07012713,0.07611968,0.08221518,0.08815311,0.09384742,0.09921570,0.10417629,0.10914346,0.11432628,0.11966173,0.12491438,0.12995637,0.13476726,0.13928688,0.14350567,0.14740720,0.15087791,0.15399381,0.15701724,0.16043142,0.16374440,0.16668332,0.16986239,0.17302869,0.17609859,0.17908811,0.18152359,0.18331004,0.18393776,0.18258553,0.17918357,0.17418034,0.16839890,0.16287872,0.15828742,0.15461088,0.15103690,0.14651558,0.14113826,0.13663465,0.13365368,0.12991044,0.12528710,0.12062244,0.11623234,0.11279174,0.10886071,0.10471685,0.10060461,0.09614916,0.09183381
0.49848310,0.50836563,0.51042194,0.51236184,0.51406157,0.51541512,0.51675521,0.51791202,0.51904645,0.51987176,0.52016610,0.52020156,0.51976487,0.51903033,0.51809663,0.51668594,0.51386069,0.50791148,0.49862100,0.48919449,0.48299441,0.47976855,0.47794830,0.47631686,0.47496889,0.47446843,0.47497465,0.47638204,0.47858303,0.48075035,0.48265211,0.48425888,0.48546435,0.48628235,0.48643724,0.48600409,0.48473346,0.48261212,0.47897263,0.47354232,0.46601729,0.45639637,0.44532553,0.43412595,0.42395177,0.41417115,0.40189404,0.38180402,0.34704683,0.29753802,0.24562353,0.20456036,0.17767171,0.16143670,0.15173241,0.14642898,0.14411374,0.14384063,0.14597083,0.15127333,0.15930890,0.16911968,0.17997838,0.19148758,0.20331929,0.21510287,0.22659378,0.23769558,0.24829619,0.25825023,0.26761259,0.27620459,0.28417873,0.29164472,0.29849789,0.30487125,0.31072946,0.31601154,0.32059302,0.32461770,0.32801223,0.33034785,0.33119197,0.33106633,0.33068535,0.33006756,0.32860840,0.32648710,0.32370619,0.32007219,0.31572459,0.31088458,0.30715984,0.30373386,0.29863539,0.29263020,0.28764597,0.28448123,0.28255329,0.28185536,0.28235454,0.28193596,0.28313699,0.28354073,0.28266612,0.27931476,0.27168728,0.25714009,0.23262083,0.19601235,0.14988101,0.10476623,0.07092617,0.05261394,0.04468955,0.04142032,0.04010574,0.04011167,0.04096632,0.04265493,0.04488410,0.04773616,0.05115341,0.05508431,0.05952659,0.06430803,0.06935894,0.07456805,0.07970026,0.08471301,0.08953779,0.09418567,0.09887095,0.10379670,0.10891067,0.11402238,0.11911669,0.12412770,0.12908559,0.13397751,0.13864379,0.14284719,0.14660414,0.15034550,0.15397343,0.15719279,0.16030216,0.16340201,0.16643183,0.16922895,0.17174395,0.17377518,0.17511915,0.17545446,0.17425226,0.17131144,0.16702388,0.16158273,0.15584472,0.15060312,0.14629263,0.14228634,0.13742185,0.13148129,0.12594913,0.12372914,0.12106390,0.11657575,0.11167123,0.10704544,0.10381896,0.10044018,0.09634358,0.09220519,0.08816749,0.08419868
0.52761471,0.53333273,0.53510409,0.53670630,0.53799751,0.53903934,0.54015206,0.54107963,0.54200731,0.54264404,0.54287278,0.54265174,0.54196004,0.54110081,0.54000890,0.53848392,0.53568535,0.52991803,0.52098857,0.51185989,0.50559211,0.50199306,0.49978149,0.49779832,0.49602994,0.49528123,0.49554891,0.49668668,0.49864690,0.50074517,0.50248444,0.50397050,0.50503215,0.50571489,0.50584430,0.50539437,0.50426300,0.50219540,0.49872152,0.49341911,0.48614800,0.47682466,0.46609448,0.45524872,0.44534647,0.43596901,0.42421301,0.40485808,0.37096480,0.32153098,0.26851728,0.22541074,0.19625342,0.17785543,0.16643979,0.15986950,0.15666935,0.15584086,0.15760520,0.16277482,0.17088420,0.18086375,0.19199181,0.20378559,0.21588144,0.22795023,0.23969316,0.25096509,0.26173758,0.27189098,0.28131594,0.29003689,0.29813538,0.30566773,0.31263676,0.31912575,0.32509004,0.33036759,0.33503213,0.33921821,0.34262684,0.34499679,0.34579657,0.34556323,0.34515690,0.34451337,0.34300925,0.34091397,0.33814850,0.33438364,0.33009656,0.32527810,0.32182481,0.31860335,0.31357367,0.30784300,0.30314949,0.30025931,0.29846268,0.29812220,0.29891073,0.30215849,0.30351244,0.30417629,0.30349627,0.30030958,0.29283627,0.27824358,0.25333567,0.21545986,0.16667550,0.11758333,0.07948453,0.05798612,0.04824081,0.04399445,0.04218619,0.04201707,0.04290285,0.04474256,0.04732227,0.05054932,0.05431943,0.05877699,0.06369655,0.06896074,0.07448366,0.08009280,0.08564095,0.09102361,0.09622427,0.10114131,0.10609850,0.11131015,0.11671596,0.12220114,0.12757905,0.13293679,0.13818294,0.14328881,0.14813623,0.15251702,0.15652581,0.16056808,0.16442760,0.16790934,0.17127560,0.17471831,0.17803377,0.18120158,0.18398322,0.18629876,0.18782511,0.18830393,0.18703125,0.18393064,0.17924256,0.17328621,0.16697318,0.16136660,0.15669622,0.15248985,0.14733890,0.14099255,0.13516555,0.13296324,0.13024015,0.12549686,0.12021882,0.11542322,0.11212583,0.10846367,0.10418068,0.09975315,0.09551072,0.09138729
0.53944649,0.55449642,0.55616658,0.55780092,0.55899728,0.56011485,0.56110827,0.56224887,0.56309170,0.56377781,0.56407810,0.56399338,0.56352278,0.56278065,0.56184326,0.56057091,0.55795599,0.55283876,0.54497129,0.53676621,0.53106572,0.52780834,0.52582413,0.52396735,0.52238138,0.52173436,0.52199907,0.52315491,0.52520886,0.52729108,0.52900574,0.53043867,0.53147477,0.53209205,0.53221815,0.53180122,0.53085331,0.52902170,0.52603339,0.52135550,0.51484768,0.50642467,0.49656965,0.48646610,0.47722974,0.46840984,0.45725123,0.43909731,0.40722987,0.35969743,0.30690904,0.26247527,0.23165004,0.21227013,0.20039766,0.19380238,0.19083659,0.19034579,0.19248537,0.19824273,0.20709252,0.21780399,0.22956259,0.24188320,0.25433319,0.26656284,0.27829580,0.28942835,0.29990017,0.30968101,0.31870521,0.32700627,0.33478573,0.34198378,0.34864334,0.35487928,0.36072454,0.36582903,0.37038576,0.37433990,0.37756020,0.37950875,0.37990407,0.37911346,0.37822314,0.37723868,0.37536182,0.37295112,0.36992385,0.36598482,0.36136618,0.35640363,0.35322217,0.35052082,0.34588824,0.34036910,0.33599815,0.33351992,0.33195009,0.33162012,0.33248864,0.33493466,0.33636476,0.33718800,0.33677160,0.33402331,0.32698073,0.31289357,0.28833271,0.25014669,0.19894047,0.14499618,0.10060241,0.07385575,0.06096095,0.05518990,0.05289161,0.05279030,0.05429805,0.05705462,0.06079578,0.06530200,0.07056770,0.07646913,0.08290383,0.08962627,0.09647967,0.10322912,0.10974127,0.11579465,0.12140785,0.12661613,0.13171953,0.13709938,0.14272238,0.14831429,0.15374520,0.15904715,0.16427677,0.16941699,0.17419769,0.17852975,0.18225517,0.18624705,0.19018894,0.19367281,0.19715670,0.20083711,0.20445511,0.20800868,0.21105248,0.21365265,0.21546991,0.21601472,0.21464922,0.21100134,0.20556328,0.19863447,0.19147515,0.18507310,0.18012167,0.17558799,0.17002551,0.16291612,0.15660058,0.15483402,0.15260742,0.14759780,0.14194038,0.13677605,0.13355256,0.12977809,0.12533348,0.12071251,0.11579871,0.11123169
0.52396567,0.53328887,0.53508190,0.53695632,0.53843116,0.53971090,0.54089588,0.54200312,0.54265179,0.54330475,0.54343704,0.54313438,0.54253564,0.54170875,0.54065422,0.53916691,0.53627699,0.53020709,0.52074082,0.51113656,0.50483753,0.50156558,0.49957760,0.49789755,0.49640521,0.49587265,0.49630020,0.49753101,0.49955812,0.50158931,0.50334876,0.50484658,0.50589781,0.50655982,0.50656492,0.50598609,0.50456576,0.50221198,0.49836771,0.49272554,0.48505769,0.47533178,0.46407985,0.45269305,0.44226411,0.43233855,0.41959877,0.39886180,0.36295236,0.31135087,0.25670293,0.21324230,0.18467931,0.16741968,0.15712058,0.15150152,0.14904594,0.14881384,0.15109636,0.15680297,0.16545640,0.17595901,0.18758089,0.19983364,0.21241356,0.22488298,0.23707022,0.24875773,0.25989494,0.27036670,0.28015643,0.28914705,0.29750409,0.30527215,0.31240773,0.31903533,0.32503953,0.33052152,0.33527279,0.33948398,0.34290376,0.34535727,0.34642152,0.34630684,0.34584362,0.34499876,0.34325158,0.34083305,0.33801494,0.33414483,0.32968598,0.32478408,0.32091254,0.31722239,0.31171173,0.30541807,0.30030472,0.29688612,0.29470346,0.29400915,0.29462858,0.29807870,0.29922840,0.29960899,0.29853681,0.29488303,0.28663059,0.27095607,0.24458467,0.20510674,0.15523109,0.10629088,0.06957974,0.04963267,0.04089756,0.03722266,0.03583801,0.03579720,0.03677930,0.03862532,0.04115452,0.04430744,0.04809638,0.05244042,0.05731206,0.06258165,0.06812671,0.07376748,0.07937691,0.08476763,0.08999199,0.09508292,0.10011817,0.10542793,0.11103731,0.11663812,0.12217721,0.12758361,0.13294874,0.13821631,0.14320319,0.14776637,0.15183124,0.15575415,0.15954124,0.16290689,0.16608001,0.16935206,0.17251090,0.17546518,0.17804675,0.18003743,0.18142471,0.18165629,0.18024165,0.17704102,0.17216896,0.16609327,0.15974142,0.15424949,0.14974466,0.14561199,0.14057515,0.13443034,0.12868820,0.12600266,0.12301330,0.11819598,0.11303370,0.10808905,0.10466220,0.10064850,0.09631756,0.09185766,0.08744519,0.08309365
0.53657621,0.54080464,0.54242516,0.54412392,0.54549909,0.54689914,0.54809614,0.54914320,0.54972524,0.55039434,0.55047694,0.55023719,0.54974116,0.54902638,0.54808907,0.54678356,0.54418264,0.53864900,0.53009363,0.52129808,0.51528982,0.51194487,0.50992785,0.50810409,0.50657705,0.50595941,0.50626442,0.50743211,0.50934043,0.51133780,0.51304526,0.51450622,0.51559940,0.51632079,0.51644622,0.51596295,0.51470655,0.51254404,0.50903370,0.50383072,0.49670048,0.48757179,0.47707904,0.46636522,0.45653391,0.44716841,0.43530488,0.41582896,0.38137218,0.33075072,0.27582424,0.23084536,0.20037144,0.18123334,0.16939087,0.16261505,0.15936392,0.15862895,0.16063881,0.16624597,0.17493084,0.18557910,0.19741918,0.20992265,0.22273434,0.23544938,0.24778534,0.25965085,0.27087321,0.28145973,0.29133725,0.30037982,0.30880398,0.31662049,0.32379102,0.33053501,0.33666113,0.34220100,0.34703038,0.35131497,0.35485207,0.35733629,0.35832698,0.35813815,0.35770460,0.35687748,0.35509550,0.35270677,0.34985546,0.34604355,0.34166163,0.33686100,0.33325427,0.32998835,0.32475845,0.31876941,0.31392643,0.31077392,0.30902657,0.30868945,0.30949503,0.31267232,0.31411203,0.31471430,0.31398487,0.31067271,0.30280591,0.28746928,0.26115418,0.22102363,0.16913249,0.11675733,0.07612405,0.05320005,0.04280056,0.03822590,0.03635558,0.03613565,0.03717933,0.03923296,0.04204501,0.04557608,0.04976458,0.05452593,0.05985805,0.06556132,0.07156276,0.07763151,0.08361119,0.08936931,0.09485906,0.10011566,0.10541434,0.11106136,0.11691212,0.12280963,0.12858724,0.13431266,0.13987363,0.14536644,0.15056751,0.15534917,0.15957594,0.16374729,0.16774603,0.17135461,0.17484450,0.17840098,0.18192972,0.18534868,0.18833429,0.19071802,0.19231705,0.19267576,0.19119654,0.18772100,0.18247709,0.17579975,0.16886593,0.16302097,0.15821990,0.15397906,0.14857557,0.14201059,0.13611978,0.13351221,0.13043369,0.12539575,0.11987080,0.11477089,0.11110712,0.10709190,0.10259182,0.09776124,0.09328567,0.08871603
0.55587259,0.56278459,0.56428073,0.56592068,0.56724480,0.56837293,0.56937000,0.57033050,0.57111168,0.57171874,0.57184897,0.57166045,0.57124014,0.57054600,0.56975303,0.56847575,0.56595296,0.56108531,0.55328134,0.54528318,0.53966357,0.53658445,0.53474164,0.53299931,0.53155573,0.53099124,0.53126284,0.53240790,0.53439252,0.53636294,0.53803269,0.53946576,0.54046804,0.54110753,0.54122569,0.54084184,0.53982403,0.53794711,0.53489579,0.53020384,0.52372199,0.51537875,0.50561877,0.49565653,0.48638165,0.47752099,0.46635134,0.44812017,0.41579227,0.36724575,0.31311788,0.26734529,0.23565236,0.21570628,0.20352695,0.19678602,0.19380961,0.19336211,0.19569481,0.20175677,0.21103136,0.22226254,0.23452929,0.24734080,0.26029684,0.27301895,0.28521097,0.29678012,0.30763495,0.31780607,0.32716702,0.33576834,0.34376850,0.35118163,0.35805033,0.36449129,0.37037953,0.37566787,0.38029278,0.38432331,0.38768460,0.38992005,0.39051689,0.38991886,0.38897497,0.38781059,0.38571075,0.38304286,0.37987873,0.37591843,0.37139715,0.36656551,0.36330296,0.36034692,0.35556699,0.34995666,0.34543810,0.34271169,0.34113977,0.34081007,0.34171960,0.34458043,0.34602594,0.34675382,0.34623157,0.34329100,0.33585407,0.32113627,0.29545895,0.25533540,0.20169909,0.14507076,0.09862178,0.07064121,0.05718214,0.05113809,0.04870301,0.04859239,0.05018101,0.05306467,0.05703331,0.06184801,0.06746101,0.07371228,0.08049771,0.08760724,0.09489622,0.10204782,0.10888502,0.11536215,0.12122102,0.12670608,0.13214647,0.13793453,0.14392387,0.14989855,0.15574738,0.16143013,0.16706051,0.17248031,0.17762698,0.18227231,0.18628888,0.19030516,0.19439120,0.19794471,0.20143585,0.20514328,0.20889030,0.21246307,0.21575841,0.21837913,0.22027494,0.22070324,0.21906875,0.21502464,0.20909200,0.20150370,0.19382743,0.18733465,0.18234078,0.17794043,0.17230345,0.16512643,0.15878010,0.15662740,0.15398362,0.14872282,0.14292874,0.13754269,0.13419966,0.13015693,0.12535729,0.12034058,0.11528444,0.11032858
0.49876778,0.50407080,0.50585040,0.50765688,0.50909624,0.51036943,0.51154487,0.51274998,0.51359999,0.51453289,0.51491665,0.51487730,0.51458696,0.51400473,0.51324809,0.51205364,0.50961933,0.50435444,0.49620011,0.48775646,0.48205400,0.47907473,0.47733184,0.47582245,0.47456046,0.47418687,0.47474718,0.47612678,0.47822920,0.48041141,0.48223439,0.48377525,0.48490673,0.48571196,0.48588975,0.48551115,0.48446607,0.48257202,0.47937646,0.47448372,0.46768773,0.45900967,0.44889254,0.43855514,0.42905155,0.41999183,0.40853940,0.38994900,0.35754665,0.31044902,0.25980257,0.21866211,0.19120844,0.17445506,0.16451873,0.15909626,0.15677103,0.15645804,0.15849753,0.16365983,0.17157834,0.18125740,0.19193501,0.20309013,0.21457569,0.22592721,0.23700824,0.24761772,0.25775076,0.26730061,0.27611568,0.28423954,0.29176190,0.29874552,0.30526620,0.31135501,0.31694884,0.32196088,0.32633829,0.33024949,0.33339134,0.33551377,0.33618428,0.33577624,0.33530423,0.33456555,0.33291623,0.33063387,0.32783741,0.32418332,0.32004716,0.31548819,0.31205078,0.30904420,0.30450424,0.29922203,0.29498007,0.29221730,0.29047063,0.29003673,0.29072265,0.29392932,0.29508637,0.29554565,0.29487063,0.29179185,0.28462879,0.27070758,0.24690347,0.21068907,0.16427212,0.11789629,0.08241051,0.06287619,0.05429613,0.05081076,0.04945679,0.04943794,0.05030528,0.05196350,0.05431516,0.05722414,0.06069786,0.06477601,0.06937202,0.07426526,0.07942848,0.08471994,0.08990073,0.09481052,0.09949196,0.10386340,0.10825864,0.11297778,0.11795466,0.12286488,0.12769130,0.13240660,0.13705120,0.14156835,0.14573674,0.14954438,0.15290320,0.15620117,0.15956478,0.16263073,0.16554427,0.16872358,0.17181222,0.17494219,0.17775612,0.18001695,0.18177413,0.18236539,0.18150620,0.17864999,0.17411499,0.16836320,0.16224525,0.15676465,0.15221519,0.14817008,0.14345719,0.13761551,0.13239675,0.13016689,0.12762322,0.12323410,0.11830616,0.11386672,0.11084497,0.10752192,0.10359000,0.09942832,0.09542768,0.09163797
0.50932803,0.51463585,0.51645419,0.51802843,0.51949383,0.52070820,0.52174969,0.52295370,0.52382646,0.52477455,0.52522729,0.52518655,0.52490654,0.52439039,0.52363278,0.52249005,0.52010522,0.51513376,0.50735307,0.49927013,0.49368151,0.49059935,0.48878204,0.48716717,0.48578877,0.48539524,0.48586405,0.48722617,0.48935232,0.49146538,0.49327866,0.49480314,0.49591740,0.49667527,0.49687142,0.49655748,0.49560084,0.49390907,0.49093135,0.48634659,0.47987026,0.47155347,0.46174296,0.45172297,0.44238787,0.43347678,0.42234804,0.40424536,0.37242917,0.32551093,0.27408397,0.23133024,0.20224395,0.18420680,0.17335623,0.16736284,0.16470201,0.16426855,0.16625404,0.17153512,0.17972350,0.18972185,0.20069425,0.21219281,0.22394565,0.23553430,0.24677366,0.25750519,0.26769606,0.27726997,0.28612800,0.29422207,0.30179145,0.30883324,0.31535063,0.32148212,0.32714339,0.33225756,0.33662374,0.34054315,0.34371557,0.34577830,0.34633848,0.34572405,0.34510211,0.34419926,0.34240055,0.33997148,0.33706577,0.33330344,0.32902339,0.32445058,0.32121593,0.31842281,0.31399143,0.30884194,0.30478495,0.30217532,0.30064233,0.30039298,0.30115924,0.30453396,0.30593281,0.30659792,0.30612786,0.30332318,0.29643282,0.28267268,0.25882402,0.22203305,0.17396959,0.12468564,0.08580581,0.06358255,0.05355165,0.04929121,0.04768237,0.04759168,0.04865333,0.05064287,0.05328938,0.05666144,0.06064355,0.06529352,0.07039382,0.07583836,0.08155003,0.08727338,0.09284114,0.09807467,0.10298919,0.10749185,0.11199419,0.11689774,0.12198634,0.12706918,0.13213937,0.13691385,0.14162085,0.14622010,0.15044307,0.15428601,0.15764139,0.16104160,0.16448163,0.16766427,0.17073434,0.17405690,0.17745471,0.18090769,0.18398113,0.18655012,0.18852831,0.18929081,0.18837335,0.18532023,0.18037042,0.17412967,0.16751037,0.16168410,0.15689522,0.15267180,0.14778028,0.14160242,0.13622449,0.13418121,0.13163361,0.12713719,0.12204955,0.11747633,0.11442780,0.11095680,0.10702480,0.10286088,0.09854106,0.09442650
0.52277713,0.52784745,0.52946038,0.53104968,0.53236595,0.53354524,0.53460345,0.53567570,0.53662132,0.53742656,0.53790092,0.53790260,0.53771222,0.53718004,0.53655074,0.53537107,0.53318429,0.52866030,0.52149506,0.51394622,0.50862343,0.50567173,0.50398533,0.50232778,0.50104396,0.50062428,0.50106432,0.50235508,0.50444270,0.50650377,0.50829023,0.50980810,0.51088378,0.51163043,0.51187952,0.51161053,0.51089467,0.50927102,0.50656952,0.50233371,0.49627986,0.48840320,0.47916589,0.46965023,0.46076356,0.45224846,0.44164545,0.42445177,0.39400018,0.34817258,0.29669528,0.25264946,0.22197807,0.20263139,0.19091717,0.18447505,0.18161801,0.18111565,0.18314959,0.18866795,0.19720534,0.20755773,0.21883652,0.23066483,0.24264026,0.25444864,0.26578142,0.27657022,0.28672586,0.29617347,0.30487768,0.31291497,0.32035134,0.32726023,0.33369818,0.33978467,0.34542565,0.35045063,0.35480226,0.35867388,0.36184088,0.36384977,0.36416902,0.36341201,0.36250009,0.36150989,0.35954643,0.35706926,0.35394353,0.35013535,0.34588968,0.34130448,0.33823197,0.33562623,0.33149086,0.32660050,0.32279040,0.32050336,0.31921613,0.31901731,0.32001807,0.32325954,0.32463505,0.32543381,0.32512810,0.32259742,0.31605101,0.30257742,0.27890838,0.24168614,0.19180847,0.13896142,0.09570552,0.06995163,0.05776861,0.05248208,0.05047324,0.05037327,0.05170445,0.05415093,0.05748705,0.06154959,0.06633818,0.07177821,0.07771794,0.08400169,0.09043980,0.09682651,0.10294471,0.10859741,0.11372587,0.11836308,0.12301895,0.12805508,0.13339304,0.13864331,0.14372740,0.14861021,0.15336769,0.15796079,0.16220896,0.16597852,0.16928691,0.17270382,0.17626316,0.17951828,0.18278172,0.18633467,0.18997729,0.19373960,0.19717823,0.20007981,0.20231796,0.20328816,0.20239022,0.19909284,0.19369960,0.18674902,0.17955293,0.17322402,0.16815857,0.16372883,0.15862524,0.15210930,0.14640266,0.14462686,0.14214122,0.13746779,0.13207547,0.12737508,0.12440648,0.12079346,0.11670100,0.11202718,0.10755221,0.10305178
0.41647014,0.43427778,0.43564884,0.43699640,0.43836925,0.43932685,0.44012190,0.44081601,0.44147821,0.44171013,0.44182907,0.44168223,0.44124973,0.44047694,0.43952639,0.43825846,0.43581269,0.43101634,0.42327965,0.41509017,0.40910780,0.40561982,0.40358993,0.40169018,0.40005703,0.39927271,0.39928779,0.40034752,0.40246369,0.40470349,0.40649163,0.40793493,0.40895004,0.40960729,0.40965617,0.40926418,0.40829766,0.40650795,0.40357474,0.39914210,0.39300452,0.38505004,0.37581987,0.36619331,0.35729212,0.34886459,0.33865252,0.32256306,0.29476305,0.25396822,0.20974372,0.17339366,0.14883943,0.13372224,0.12467827,0.11966938,0.11738530,0.11686772,0.11827876,0.12235337,0.12873456,0.13664265,0.14540717,0.15467020,0.16413488,0.17357466,0.18274660,0.19151896,0.19980601,0.20769559,0.21497609,0.22164483,0.22789002,0.23375639,0.23937313,0.24472225,0.24974861,0.25428416,0.25830693,0.26169061,0.26437963,0.26601150,0.26651034,0.26628821,0.26585339,0.26466307,0.26213583,0.25881752,0.25517297,0.25097089,0.24673283,0.24299301,0.24103977,0.23929056,0.23561156,0.23111976,0.22749747,0.22547584,0.22419108,0.22398169,0.22456779,0.23104712,0.23213784,0.23272456,0.23254373,0.23047149,0.22495786,0.21370186,0.19414011,0.16420536,0.12578032,0.08728347,0.05817308,0.04224794,0.03530266,0.03238867,0.03125384,0.03119679,0.03191045,0.03320727,0.03504007,0.03726109,0.04000385,0.04316797,0.04670502,0.05051152,0.05452021,0.05857237,0.06248836,0.06622168,0.06963761,0.07271614,0.07578597,0.07905356,0.08253578,0.08601609,0.08941060,0.09270151,0.09587787,0.09895827,0.10195186,0.10463528,0.10714628,0.10963695,0.11218277,0.11456936,0.11671197,0.11901991,0.12150277,0.12399931,0.12633124,0.12820989,0.12946644,0.12959701,0.12797016,0.12438692,0.11950928,0.11429643,0.10927490,0.10505681,0.10173864,0.09883682,0.09496655,0.09036376,0.08629416,0.08526443,0.08408751,0.08122636,0.07788189,0.07495622,0.07323982,0.07107735,0.06844964,0.06568935,0.06297525,0.06021526
0.43294687,0.43506618,0.43654909,0.43806562,0.43942396,0.44051337,0.44145217,0.44223394,0.44299977,0.44346676,0.44366909,0.44361854,0.44336489,0.44277526,0.44190641,0.44073113,0.43847589,0.43388199,0.42647783,0.41848241,0.41254737,0.40916942,0.40711560,0.40521786,0.40364462,0.40289688,0.40295596,0.40413829,0.40636565,0.40872750,0.41067207,0.41221391,0.41333174,0.41409179,0.41428963,0.41402527,0.41324110,0.41160816,0.40890409,0.40470572,0.39877795,0.39100996,0.38192981,0.37244421,0.36361508,0.35519371,0.34512715,0.32929050,0.30167861,0.26096342,0.21635422,0.17925457,0.15391495,0.13817903,0.12866196,0.12334309,0.12090776,0.12033388,0.12173285,0.12585473,0.13235537,0.14038799,0.14933964,0.15878045,0.16835517,0.17792238,0.18722787,0.19605515,0.20444713,0.21240929,0.21980308,0.22651497,0.23283748,0.23885315,0.24458302,0.25010579,0.25526642,0.26000570,0.26416593,0.26771347,0.27049601,0.27225466,0.27274668,0.27254793,0.27212358,0.27086013,0.26834438,0.26493399,0.26112685,0.25686476,0.25261379,0.24885685,0.24711488,0.24549845,0.24190346,0.23746300,0.23401752,0.23213039,0.23104427,0.23098280,0.23174262,0.23374874,0.23505151,0.23579383,0.23579219,0.23389738,0.22867261,0.21772870,0.19840612,0.16843593,0.12958162,0.09005662,0.05940936,0.04219253,0.03454782,0.03124703,0.02995446,0.02986983,0.03064148,0.03208356,0.03407720,0.03658739,0.03957908,0.04302180,0.04685108,0.05088981,0.05511248,0.05937501,0.06353897,0.06736908,0.07081697,0.07395245,0.07702179,0.08031260,0.08384786,0.08729872,0.09075106,0.09406590,0.09726507,0.10038804,0.10333075,0.10605733,0.10855620,0.11104123,0.11368148,0.11615821,0.11836326,0.12080827,0.12340854,0.12606612,0.12846577,0.13049361,0.13182521,0.13200035,0.13036796,0.12673296,0.12159293,0.11618129,0.11096440,0.10661646,0.10321525,0.10022956,0.09629890,0.09160406,0.08744841,0.08665890,0.08538543,0.08253707,0.07912771,0.07629296,0.07461521,0.07248291,0.06989028,0.06702333,0.06416840,0.06136190
0.47378624,0.47742736,0.47868703,0.48001214,0.48112624,0.48210312,0.48289800,0.48351279,0.48416748,0.48449975,0.48477490,0.48473139,0.48449723,0.48396288,0.48322348,0.48206452,0.47997045,0.47587911,0.46933545,0.46204558,0.45636455,0.45291883,0.45082580,0.44875484,0.44715283,0.44638035,0.44634191,0.44746104,0.44980879,0.45225761,0.45417776,0.45568821,0.45676462,0.45746407,0.45769571,0.45753958,0.45695140,0.45560186,0.45324977,0.44955485,0.44429342,0.43727806,0.42891482,0.42005204,0.41170957,0.40380689,0.39440439,0.37986274,0.35412266,0.31483855,0.26959565,0.22968503,0.20086975,0.18229558,0.17087908,0.16448337,0.16151599,0.16075739,0.16227563,0.16685826,0.17417006,0.18309966,0.19290995,0.20311018,0.21337993,0.22341628,0.23303750,0.24209645,0.25054904,0.25852075,0.26582415,0.27247377,0.27868081,0.28462200,0.29036306,0.29590084,0.30116053,0.30600167,0.31023892,0.31383443,0.31666151,0.31824972,0.31851591,0.31798487,0.31731158,0.31570462,0.31266898,0.30860300,0.30421520,0.29950245,0.29501455,0.29117623,0.28987706,0.28896360,0.28579376,0.28165344,0.27863274,0.27734876,0.27663064,0.27679700,0.27788475,0.28035758,0.28180148,0.28289676,0.28329102,0.28196607,0.27728760,0.26679356,0.24757146,0.21658587,0.17368979,0.12645416,0.08611185,0.06074897,0.04814161,0.04242583,0.04014922,0.04001478,0.04136053,0.04392687,0.04732982,0.05145767,0.05627156,0.06162659,0.06736883,0.07328676,0.07932011,0.08512632,0.09051662,0.09528697,0.09932178,0.10272850,0.10604061,0.10971471,0.11363987,0.11751161,0.12120819,0.12476343,0.12815924,0.13148407,0.13456949,0.13736768,0.13999145,0.14256896,0.14547537,0.14812247,0.15062765,0.15342792,0.15655554,0.15979251,0.16294100,0.16559991,0.16746183,0.16785184,0.16588261,0.16142567,0.15511105,0.14817218,0.14172676,0.13627147,0.13216208,0.12864917,0.12395415,0.11806605,0.11325900,0.11310375,0.11227405,0.10898904,0.10504541,0.10153071,0.10010913,0.09801483,0.09494866,0.09149004,0.08816592,0.08457751
0.42830555,0.43052700,0.43175846,0.43307166,0.43414658,0.43511928,0.43590734,0.43658131,0.43715433,0.43753875,0.43755274,0.43743928,0.43712643,0.43647062,0.43563713,0.43436853,0.43212582,0.42780198,0.42077977,0.41308937,0.40725365,0.40386834,0.40177584,0.39987331,0.39830172,0.39744541,0.39743386,0.39851306,0.40075812,0.40315705,0.40501036,0.40650031,0.40751691,0.40821994,0.40834005,0.40807961,0.40735059,0.40582134,0.40325343,0.39935650,0.39378945,0.38647217,0.37780012,0.36862324,0.36012903,0.35213514,0.34234785,0.32714422,0.30083478,0.26145189,0.21774288,0.18078776,0.15534251,0.13965004,0.13029072,0.12517549,0.12289570,0.12239115,0.12378902,0.12781044,0.13422948,0.14212372,0.15085753,0.16002870,0.16938203,0.17864279,0.18760263,0.19611653,0.20412670,0.21177658,0.21883367,0.22525975,0.23123955,0.23687888,0.24233232,0.24758891,0.25252986,0.25701053,0.26090252,0.26419173,0.26670314,0.26797699,0.26803867,0.26744019,0.26678081,0.26527540,0.26246229,0.25882295,0.25486295,0.25028242,0.24573183,0.24197694,0.24080568,0.23997471,0.23682837,0.23260886,0.22942924,0.22790879,0.22704122,0.22699488,0.22778284,0.22939208,0.23071991,0.23162664,0.23167356,0.23012618,0.22524432,0.21483490,0.19640643,0.16761979,0.12967124,0.09066165,0.06037633,0.04331538,0.03578887,0.03257287,0.03138378,0.03128157,0.03209261,0.03353139,0.03551966,0.03798947,0.04089341,0.04427627,0.04797277,0.05194096,0.05610875,0.06026882,0.06432338,0.06800526,0.07129955,0.07417295,0.07699698,0.08008861,0.08338489,0.08663456,0.08981071,0.09284391,0.09574254,0.09853431,0.10115268,0.10348896,0.10567090,0.10788049,0.11022366,0.11243195,0.11443289,0.11665313,0.11905514,0.12151053,0.12387195,0.12578129,0.12711344,0.12718116,0.12521706,0.12122217,0.11581944,0.11017892,0.10511932,0.10107994,0.09805754,0.09530096,0.09162836,0.08688034,0.08305647,0.08257809,0.08169480,0.07896902,0.07595299,0.07315608,0.07191071,0.07006304,0.06773761,0.06497719,0.06242059,0.05996732
0.42599967,0.42732461,0.42858503,0.42979702,0.43080845,0.43181601,0.43261332,0.43332486,0.43395883,0.43425973,0.43440435,0.43435882,0.43400454,0.43344259,0.43261135,0.43140924,0.42924972,0.42515583,0.41845330,0.41101505,0.40537317,0.40205064,0.39988153,0.39800315,0.39639683,0.39557202,0.39552797,0.39657916,0.39883754,0.40120335,0.40302760,0.40448438,0.40553999,0.40622107,0.40634975,0.40616832,0.40553644,0.40415058,0.40172388,0.39799874,0.39269789,0.38567554,0.37728802,0.36842675,0.36021976,0.35248522,0.34309155,0.32849060,0.30306270,0.26471159,0.22172109,0.18492380,0.15919688,0.14306331,0.13336970,0.12795175,0.12543919,0.12480428,0.12606835,0.12997363,0.13628124,0.14410996,0.15273835,0.16183586,0.17109396,0.18026229,0.18909206,0.19749167,0.20542549,0.21290251,0.21985172,0.22618230,0.23207491,0.23766329,0.24300055,0.24821982,0.25312207,0.25754817,0.26143703,0.26466621,0.26711632,0.26841933,0.26844718,0.26782370,0.26713552,0.26566007,0.26280303,0.25917520,0.25517979,0.25060568,0.24615939,0.24251317,0.24149493,0.24080375,0.23772618,0.23365567,0.23069796,0.22936815,0.22858233,0.22866972,0.22951145,0.23001124,0.23153983,0.23251607,0.23275627,0.23134974,0.22672172,0.21672670,0.19874849,0.17044705,0.13268856,0.09332172,0.06212287,0.04423692,0.03608645,0.03256808,0.03120367,0.03106006,0.03190250,0.03343108,0.03551517,0.03807180,0.04112120,0.04465252,0.04851614,0.05260581,0.05684656,0.06112798,0.06519153,0.06889019,0.07220957,0.07505025,0.07785220,0.08093687,0.08419494,0.08742501,0.09063017,0.09364791,0.09651474,0.09929364,0.10183496,0.10411886,0.10627874,0.10843496,0.11079399,0.11300228,0.11507323,0.11733062,0.11972564,0.12228020,0.12467701,0.12673247,0.12805045,0.12816326,0.12626319,0.12214975,0.11667607,0.11094509,0.10580588,0.10163546,0.09860868,0.09593413,0.09215884,0.08738006,0.08362829,0.08327903,0.08239464,0.07968934,0.07662876,0.07397494,0.07269103,0.07077170,0.06860714,0.06584425,0.06327103,0.06076190
0.43674970,0.43989522,0.44111098,0.44224005,0.44328103,0.44425590,0.44487329,0.44557921,0.44604913,0.44638120,0.44650925,0.44649982,0.44628819,0.44574322,0.44500266,0.44393749,0.44191384,0.43815892,0.43199639,0.42509308,0.41964755,0.41637171,0.41435821,0.41251436,0.41098194,0.41020973,0.41018710,0.41123878,0.41359093,0.41599833,0.41785327,0.41933588,0.42034233,0.42102169,0.42114586,0.42098241,0.42036989,0.41918576,0.41699282,0.41356264,0.40867893,0.40218978,0.39434506,0.38591324,0.37792733,0.37041753,0.36139965,0.34765557,0.32352955,0.28659604,0.24411272,0.20666087,0.17983585,0.16287377,0.15272731,0.14724624,0.14482899,0.14431647,0.14577289,0.14993625,0.15661594,0.16481300,0.17373683,0.18303638,0.19240433,0.20154068,0.21032035,0.21857565,0.22631218,0.23360087,0.24028311,0.24635162,0.25198976,0.25739300,0.26261204,0.26769979,0.27254868,0.27690332,0.28067680,0.28385585,0.28626153,0.28735481,0.28713883,0.28628373,0.28537097,0.28362422,0.28039759,0.27644045,0.27214549,0.26725682,0.26266929,0.25905351,0.25834991,0.25800585,0.25516725,0.25130961,0.24864761,0.24760684,0.24702745,0.24717761,0.24804993,0.25048920,0.25182927,0.25276658,0.25310811,0.25192075,0.24755930,0.23795313,0.22021874,0.19180909,0.15278517,0.11033614,0.07475770,0.05307222,0.04262782,0.03805319,0.03639249,0.03631954,0.03744813,0.03956424,0.04239982,0.04579472,0.04981004,0.05425497,0.05908020,0.06410910,0.06921529,0.07421862,0.07885172,0.08294288,0.08634884,0.08920793,0.09197163,0.09499943,0.09832355,0.10162109,0.10477263,0.10776182,0.11056563,0.11323941,0.11570568,0.11787384,0.11990593,0.12201858,0.12437768,0.12662954,0.12871038,0.13106113,0.13370368,0.13646764,0.13907004,0.14135852,0.14290281,0.14301045,0.14096014,0.13639401,0.13032358,0.12381408,0.11802551,0.11344144,0.11019423,0.10720095,0.10315410,0.09792549,0.09408839,0.09400623,0.09327967,0.09054386,0.08717218,0.08434537,0.08341391,0.08168984,0.07910991,0.07641533,0.07353250,0.07091188
0.43300942,0.43666250,0.43831145,0.43986133,0.44134911,0.44251455,0.44346723,0.44429253,0.44501927,0.44534472,0.44553379,0.44543503,0.44495369,0.44419328,0.44323753,0.44178426,0.43917999,0.43388985,0.42533107,0.41612151,0.40944635,0.40568380,0.40338591,0.40131135,0.39956953,0.39863792,0.39867583,0.39985694,0.40248071,0.40517932,0.40734655,0.40909786,0.41033379,0.41113410,0.41127232,0.41098095,0.41000561,0.40809138,0.40493509,0.40021835,0.39354529,0.38490177,0.37478318,0.36417477,0.35437661,0.34510460,0.33394371,0.31657374,0.28692922,0.24410181,0.19854548,0.16174919,0.13744155,0.12281874,0.11425655,0.10963829,0.10763470,0.10730506,0.10873668,0.11275230,0.11900458,0.12672634,0.13538201,0.14455270,0.15393732,0.16331291,0.17247814,0.18130935,0.18971405,0.19772838,0.20517452,0.21201345,0.21840331,0.22447667,0.23028551,0.23594636,0.24121501,0.24610559,0.25038528,0.25401571,0.25695178,0.25868484,0.25917851,0.25893871,0.25841870,0.25700751,0.25418501,0.25040630,0.24623709,0.24164935,0.23699497,0.23292801,0.23125866,0.22981399,0.22608489,0.22139324,0.21771992,0.21580750,0.21461482,0.21439519,0.21501610,0.21742404,0.21848425,0.21913680,0.21899161,0.21696969,0.21148564,0.20018222,0.18060981,0.15114530,0.11403544,0.07803186,0.05181023,0.03805601,0.03222479,0.02986905,0.02897230,0.02891335,0.02950932,0.03061534,0.03212552,0.03403573,0.03637186,0.03901656,0.04210236,0.04539480,0.04889481,0.05244308,0.05595891,0.05923889,0.06224575,0.06491778,0.06762340,0.07050917,0.07358168,0.07665574,0.07970469,0.08264726,0.08557551,0.08837423,0.09109013,0.09358339,0.09590061,0.09813701,0.10060778,0.10284101,0.10485423,0.10697123,0.10929625,0.11166881,0.11380600,0.11561019,0.11678223,0.11677891,0.11505786,0.11143414,0.10654679,0.10140317,0.09658089,0.09257305,0.08938566,0.08680645,0.08318285,0.07868507,0.07494560,0.07433278,0.07339509,0.07086992,0.06801686,0.06537948,0.06391229,0.06227792,0.06001049,0.05747238,0.05516534,0.05294277
0.43265420,0.43605683,0.43764874,0.43926278,0.44065405,0.44183915,0.44278395,0.44361522,0.44429344,0.44469753,0.44485629,0.44476293,0.44430034,0.44369630,0.44277478,0.44140278,0.43891863,0.43391711,0.42570113,0.41684536,0.41037769,0.40667729,0.40444760,0.40242201,0.40069068,0.39977965,0.39980454,0.40106450,0.40360546,0.40632389,0.40856645,0.41027199,0.41152794,0.41227261,0.41253516,0.41220720,0.41129987,0.40951591,0.40652046,0.40189755,0.39548484,0.38713726,0.37730868,0.36700432,0.35741016,0.34836587,0.33747314,0.32051696,0.29141107,0.24915412,0.20377107,0.16673619,0.14204789,0.12704027,0.11824544,0.11346864,0.11136365,0.11096868,0.11243581,0.11646226,0.12281076,0.13063883,0.13932343,0.14853100,0.15799199,0.16740878,0.17658505,0.18539114,0.19375660,0.20171686,0.20910584,0.21591195,0.22228920,0.22830788,0.23408550,0.23969198,0.24504327,0.24989933,0.25419647,0.25784633,0.26076552,0.26246541,0.26294814,0.26269302,0.26215861,0.26068249,0.25777994,0.25395307,0.24975728,0.24510161,0.24046252,0.23647109,0.23487821,0.23353113,0.22988710,0.22524113,0.22167122,0.21986595,0.21872983,0.21855209,0.21930018,0.22188792,0.22305080,0.22380469,0.22372428,0.22179117,0.21643532,0.20530703,0.18583883,0.15621179,0.11862204,0.08155929,0.05410277,0.03937396,0.03305533,0.03041803,0.02944184,0.02938340,0.03004579,0.03123213,0.03293420,0.03503214,0.03755555,0.04042129,0.04369056,0.04721704,0.05094174,0.05468651,0.05834277,0.06174613,0.06481146,0.06756036,0.07029282,0.07325965,0.07636887,0.07948188,0.08256017,0.08555013,0.08845033,0.09134225,0.09407312,0.09654792,0.09886492,0.10116618,0.10362599,0.10584337,0.10787452,0.11015941,0.11251251,0.11497743,0.11719327,0.11907196,0.12028726,0.12037966,0.11863122,0.11489190,0.10985962,0.10454854,0.09954894,0.09534560,0.09215912,0.08946814,0.08577652,0.08115864,0.07740512,0.07684888,0.07591257,0.07342119,0.07034383,0.06772809,0.06634235,0.06456065,0.06233644,0.05980720,0.05737366,0.05500202
0.44535351,0.44873120,0.45012966,0.45156680,0.45290677,0.45401007,0.45489352,0.45578737,0.45631040,0.45675246,0.45695369,0.45689430,0.45660095,0.45597955,0.45510848,0.45386745,0.45147358,0.44683806,0.43921282,0.43083040,0.42446149,0.42060860,0.41831776,0.41609476,0.41430085,0.41337130,0.41329994,0.41449633,0.41709035,0.41978867,0.42193603,0.42365154,0.42486886,0.42567987,0.42587118,0.42562308,0.42484106,0.42330947,0.42052666,0.41629240,0.41024698,0.40244709,0.39309911,0.38325416,0.37405620,0.36540345,0.35502523,0.33898558,0.31117894,0.26993534,0.22440541,0.18609296,0.15962205,0.14306994,0.13306147,0.12746912,0.12487532,0.12422769,0.12555493,0.12959054,0.13606893,0.14410967,0.15306065,0.16250718,0.17215007,0.18171075,0.19098198,0.19983211,0.20819898,0.21612955,0.22348234,0.23025293,0.23651260,0.24253006,0.24828910,0.25394848,0.25931388,0.26421320,0.26850016,0.27218271,0.27505520,0.27678667,0.27717791,0.27681644,0.27620885,0.27456983,0.27152853,0.26750715,0.26312398,0.25833044,0.25366962,0.24974359,0.24838795,0.24744020,0.24402686,0.23960598,0.23634862,0.23482474,0.23392605,0.23402994,0.23487867,0.23709349,0.23843530,0.23932824,0.23954483,0.23797546,0.23299174,0.22224000,0.20300476,0.17315511,0.13401485,0.09382787,0.06232904,0.04440046,0.03626135,0.03271107,0.03134257,0.03121523,0.03200231,0.03349979,0.03559495,0.03813620,0.04121295,0.04474297,0.04861493,0.05274543,0.05701899,0.06134460,0.06541253,0.06920172,0.07248931,0.07537004,0.07818785,0.08127271,0.08457757,0.08789948,0.09111353,0.09426712,0.09728510,0.10025456,0.10302548,0.10559187,0.10794339,0.11033834,0.11292864,0.11531755,0.11747301,0.11984690,0.12247047,0.12512734,0.12765680,0.12980158,0.13124187,0.13140783,0.12954566,0.12556773,0.11999186,0.11414042,0.10867816,0.10413324,0.10068441,0.09758318,0.09366877,0.08873877,0.08471981,0.08432566,0.08355293,0.08075399,0.07750915,0.07469639,0.07349953,0.07160589,0.06908852,0.06645545,0.06390538,0.06132253
0.49210435,0.49278870,0.49464616,0.49607419,0.49729286,0.49850425,0.49951682,0.49999837,0.50074346,0.50137054,0.50178304,0.50199105,0.50169990,0.50109512,0.50018604,0.49902097,0.49659491,0.49173475,0.48405261,0.47570420,0.46971359,0.46668636,0.46507782,0.46365329,0.46259455,0.46248944,0.46314136,0.46451587,0.46622941,0.46781441,0.46934079,0.47072317,0.47174750,0.47241969,0.47256659,0.47224809,0.47131247,0.46966762,0.46694113,0.46282215,0.45680809,0.44889054,0.43953931,0.42972997,0.42056680,0.41185758,0.40125845,0.38457870,0.35557273,0.31272986,0.26473215,0.22394724,0.19591958,0.17891618,0.16917787,0.16411634,0.16196970,0.16168755,0.16350871,0.16827765,0.17577226,0.18494730,0.19496106,0.20517659,0.21552200,0.22569938,0.23541426,0.24457461,0.25313098,0.26123865,0.26862992,0.27535778,0.28168913,0.28770475,0.29337113,0.29883226,0.30395518,0.30870112,0.31282695,0.31649408,0.31943438,0.32129304,0.32186108,0.32201312,0.32256257,0.32245369,0.32065388,0.31785140,0.31502851,0.31199534,0.30888893,0.30604349,0.30303199,0.29928048,0.29502169,0.29058508,0.28679529,0.28372652,0.28201465,0.28145491,0.28176580,0.28275802,0.28399705,0.28477793,0.28473954,0.28260285,0.27688878,0.26498394,0.24425024,0.21170238,0.16874170,0.12418744,0.08867930,0.06818050,0.05888086,0.05508051,0.05378451,0.05387972,0.05516980,0.05736015,0.06020515,0.06367068,0.06772091,0.07238624,0.07742545,0.08278568,0.08827739,0.09369573,0.09876696,0.10333434,0.10728341,0.11086095,0.11436633,0.11802149,0.12163074,0.12514767,0.12842167,0.13159900,0.13453382,0.13737729,0.13989886,0.14212043,0.14418373,0.14613717,0.14845057,0.15070388,0.15284818,0.15534994,0.15808197,0.16094739,0.16385186,0.16663180,0.16895340,0.17029278,0.17009449,0.16809682,0.16456119,0.16039198,0.15591453,0.15154921,0.14760220,0.14417483,0.14085906,0.13674885,0.13295884,0.13021701,0.12737609,0.12397057,0.12046339,0.11746848,0.11520632,0.11214483,0.10880685,0.10529362,0.10160704,0.09791924
0.50794271,0.50971875,0.51128799,0.51269986,0.51421432,0.51532738,0.51630814,0.51698744,0.51785485,0.51835259,0.51867971,0.51864397,0.51823119,0.51767573,0.51701077,0.51580411,0.51343760,0.50873233,0.50126317,0.49288342,0.48706228,0.48410631,0.48265063,0.48135544,0.48027455,0.48013997,0.48082749,0.48225564,0.48404184,0.48564498,0.48722749,0.48851567,0.48949710,0.49007761,0.49009847,0.48964852,0.48890586,0.48727469,0.48451796,0.48023245,0.47414100,0.46616627,0.45684308,0.44704906,0.43802721,0.42929202,0.41877143,0.40196553,0.37270664,0.32897124,0.27949934,0.23689475,0.20766770,0.19028246,0.18065611,0.17594461,0.17422709,0.17430580,0.17649130,0.18182678,0.19000498,0.19986815,0.21050300,0.22136348,0.23220694,0.24273257,0.25265757,0.26206626,0.27065798,0.27884692,0.28630465,0.29303979,0.29940803,0.30550667,0.31123604,0.31671183,0.32193663,0.32667242,0.33093256,0.33462342,0.33758564,0.33936778,0.33985881,0.33981096,0.34011832,0.33986187,0.33798387,0.33501220,0.33176698,0.32844294,0.32539749,0.32239477,0.31917267,0.31546505,0.31132826,0.30685067,0.30284120,0.29986890,0.29803426,0.29729229,0.29773279,0.30045171,0.30163951,0.30238062,0.30229918,0.30008894,0.29411298,0.28193933,0.26039531,0.22634828,0.18074394,0.13284205,0.09388800,0.07094424,0.06053632,0.05631660,0.05500740,0.05538908,0.05706472,0.05980262,0.06335134,0.06752031,0.07228252,0.07775957,0.08370549,0.08986847,0.09610720,0.10221397,0.10778812,0.11267798,0.11685984,0.12047336,0.12406006,0.12780996,0.13151578,0.13503380,0.13831448,0.14143669,0.14433816,0.14715157,0.14958394,0.15180223,0.15368604,0.15564331,0.15794033,0.16026334,0.16259746,0.16528018,0.16808848,0.17125576,0.17433613,0.17727614,0.17981543,0.18133811,0.18108423,0.17894531,0.17519668,0.17060808,0.16561128,0.16095452,0.15660896,0.15299899,0.14946197,0.14515721,0.14115032,0.13840828,0.13559565,0.13195305,0.12824585,0.12509760,0.12253959,0.11968899,0.11617430,0.11260868,0.10872818,0.10453912
0.52725670,0.52987986,0.53113772,0.53246743,0.53383944,0.53468213,0.53578628,0.53663138,0.53751408,0.53789693,0.53797880,0.53788626,0.53751804,0.53706067,0.53634854,0.53533515,0.53323234,0.52925065,0.52278921,0.51531076,0.50988586,0.50693127,0.50531027,0.50383573,0.50271688,0.50246300,0.50296471,0.50410384,0.50580624,0.50735953,0.50870339,0.50981562,0.51077681,0.51128884,0.51134297,0.51098413,0.51046762,0.50928508,0.50683013,0.50302757,0.49756401,0.49045789,0.48207220,0.47310864,0.46504563,0.45728845,0.44794551,0.43285806,0.40644033,0.36537317,0.31675644,0.27258487,0.24065617,0.22082977,0.20945604,0.20364691,0.20124619,0.20083576,0.20271310,0.20791018,0.21622106,0.22624754,0.23693792,0.24786875,0.25860699,0.26898611,0.27873408,0.28772596,0.29610132,0.30387421,0.31087743,0.31724825,0.32340152,0.32923309,0.33483728,0.34022953,0.34535172,0.35008336,0.35430410,0.35793554,0.36083551,0.36263954,0.36277655,0.36250026,0.36283679,0.36247254,0.36036234,0.35713109,0.35380056,0.35042972,0.34752459,0.34475291,0.34182281,0.33848856,0.33463638,0.33074718,0.32732236,0.32475653,0.32324377,0.32288091,0.32359215,0.32660612,0.32834707,0.32939843,0.32996794,0.32853735,0.32342529,0.31223427,0.29171643,0.25844708,0.21149453,0.15914686,0.11340189,0.08421389,0.06978538,0.06376989,0.06174628,0.06222232,0.06441667,0.06815481,0.07279547,0.07811064,0.08417435,0.09092257,0.09821905,0.10556139,0.11283385,0.11972116,0.12584592,0.13093059,0.13511478,0.13846614,0.14178236,0.14527702,0.14879971,0.15212984,0.15519724,0.15800284,0.16059804,0.16306780,0.16518873,0.16715109,0.16879980,0.17062981,0.17289569,0.17536822,0.17780357,0.18072961,0.18391285,0.18757001,0.19133055,0.19486887,0.19797064,0.19986312,0.19981999,0.19742467,0.19319670,0.18817432,0.18268484,0.17746740,0.17286399,0.16900468,0.16540952,0.16084177,0.15681662,0.15415906,0.15143342,0.14773652,0.14397277,0.14089906,0.13875594,0.13589359,0.13264142,0.12880783,0.12449765,0.11989144
0.47285131,0.46993301,0.47153382,0.47296059,0.47434948,0.47537511,0.47591049,0.47605929,0.47672696,0.47765296,0.47856007,0.47927667,0.47924798,0.47865903,0.47770859,0.47625071,0.47353476,0.46802084,0.45935556,0.44999284,0.44337807,0.44003311,0.43825563,0.43680647,0.43591367,0.43597170,0.43688069,0.43840460,0.44042471,0.44208306,0.44384283,0.44526831,0.44643117,0.44715251,0.44727387,0.44668065,0.44545209,0.44367448,0.44111444,0.43710018,0.43104488,0.42273397,0.41265764,0.40196812,0.39199149,0.38235174,0.37085939,0.35284925,0.32222709,0.27835954,0.23083171,0.19198140,0.16623762,0.15129751,0.14306855,0.13899880,0.13747481,0.13750410,0.13935438,0.14386093,0.15088640,0.15943035,0.16879562,0.17849004,0.18833806,0.19810166,0.20753437,0.21647997,0.22490852,0.23302991,0.24046445,0.24720623,0.25351478,0.25958145,0.26527422,0.27062421,0.27560694,0.28022124,0.28424884,0.28773278,0.29050506,0.29227197,0.29272487,0.29259914,0.29279888,0.29226741,0.29028863,0.28751696,0.28455624,0.28117790,0.27781679,0.27467901,0.27176966,0.26822594,0.26418532,0.25990228,0.25617378,0.25328131,0.25145285,0.25070849,0.25105692,0.25026440,0.25170836,0.25251658,0.25232693,0.25003823,0.24432169,0.23273879,0.21250265,0.18125257,0.14184380,0.10312992,0.07456703,0.05960836,0.05336817,0.05093910,0.05010988,0.05019044,0.05095796,0.05239638,0.05430084,0.05660876,0.05937209,0.06271815,0.06641083,0.07042771,0.07464025,0.07899653,0.08314920,0.08676574,0.09007863,0.09315942,0.09620877,0.09955286,0.10295166,0.10619960,0.10938602,0.11231176,0.11503903,0.11766077,0.11993902,0.12195268,0.12363679,0.12518155,0.12705374,0.12877612,0.13064367,0.13261453,0.13498930,0.13746148,0.13999176,0.14230931,0.14439460,0.14562541,0.14515162,0.14317260,0.13986553,0.13603403,0.13202180,0.12818965,0.12479674,0.12161641,0.11852116,0.11493410,0.11165432,0.10957890,0.10705169,0.10418197,0.10093701,0.09832876,0.09627708,0.09385015,0.09110506,0.08820442,0.08544062,0.08222271
0.48954454,0.49381029,0.49564641,0.49726553,0.49904837,0.50022787,0.50141885,0.50220099,0.50310512,0.50360104,0.50389671,0.50389532,0.50359036,0.50303648,0.50205636,0.50079699,0.49819848,0.49299488,0.48470966,0.47563383,0.46918344,0.46588719,0.46409540,0.46255728,0.46147447,0.46132480,0.46222167,0.46373564,0.46565433,0.46743211,0.46916721,0.47054122,0.47168804,0.47233058,0.47235010,0.47190992,0.47096206,0.46928671,0.46614537,0.46148456,0.45488960,0.44632799,0.43622886,0.42567810,0.41601550,0.40678110,0.39562571,0.37789441,0.34709734,0.30189166,0.25184489,0.20997733,0.18179437,0.16509544,0.15583526,0.15117097,0.14937930,0.14929572,0.15122967,0.15607387,0.16360039,0.17275990,0.18273965,0.19304054,0.20347296,0.21369819,0.22358453,0.23288775,0.24164614,0.24997825,0.25762634,0.26451739,0.27110183,0.27736940,0.28323944,0.28876150,0.29408767,0.29882061,0.30304844,0.30668942,0.30964131,0.31144429,0.31184886,0.31164913,0.31168599,0.31118188,0.30914535,0.30611100,0.30281223,0.29930945,0.29594499,0.29273263,0.28961583,0.28614119,0.28210074,0.27778380,0.27406488,0.27131562,0.26958192,0.26891766,0.26941142,0.27254919,0.27399033,0.27478674,0.27464560,0.27244019,0.26629936,0.25416070,0.23278240,0.19971834,0.15660851,0.11339127,0.08036319,0.06230690,0.05455318,0.05150711,0.05045733,0.05054937,0.05157853,0.05335851,0.05573994,0.05860189,0.06205903,0.06606447,0.07056023,0.07528333,0.08021662,0.08512192,0.08981572,0.09398982,0.09757934,0.10081133,0.10417644,0.10768883,0.11138151,0.11492378,0.11818367,0.12122544,0.12416767,0.12680851,0.12914432,0.13120268,0.13280824,0.13440715,0.13630583,0.13827654,0.14028106,0.14262251,0.14520693,0.14809078,0.15101126,0.15372524,0.15610020,0.15742411,0.15708643,0.15490546,0.15122727,0.14700567,0.14249907,0.13834529,0.13453966,0.13097493,0.12766014,0.12366622,0.12038686,0.11809412,0.11543465,0.11204234,0.10861862,0.10599543,0.10374966,0.10116440,0.09819521,0.09504677,0.09165128,0.08842291
0.50935794,0.51273395,0.51444097,0.51602694,0.51750401,0.51854102,0.51979515,0.52053924,0.52146098,0.52191553,0.52213931,0.52214003,0.52179907,0.52126145,0.52042473,0.51919926,0.51672500,0.51186748,0.50423084,0.49559427,0.48947911,0.48623770,0.48441354,0.48293153,0.48179416,0.48168385,0.48237734,0.48385123,0.48583479,0.48757846,0.48913054,0.49047699,0.49153514,0.49214171,0.49225820,0.49179199,0.49107019,0.48963013,0.48677269,0.48233842,0.47610302,0.46797346,0.45844237,0.44837691,0.43915280,0.43038397,0.41976986,0.40267625,0.37316759,0.32864766,0.27801648,0.23413135,0.20381068,0.18568171,0.17562654,0.17065537,0.16877769,0.16870014,0.17070973,0.17582768,0.18382373,0.19343822,0.20384365,0.21450660,0.22519854,0.23560058,0.24548076,0.25482048,0.26352104,0.27172572,0.27919576,0.28595815,0.29238020,0.29848382,0.30435841,0.30991043,0.31519845,0.31995246,0.32411266,0.32779790,0.33076935,0.33246085,0.33261014,0.33206731,0.33201543,0.33128536,0.32901075,0.32579432,0.32231108,0.31849448,0.31512271,0.31185719,0.30896212,0.30572572,0.30184229,0.29789824,0.29434084,0.29178566,0.29016878,0.28966026,0.29012226,0.29346937,0.29506882,0.29604852,0.29632262,0.29446567,0.28872744,0.27681337,0.25554967,0.22196006,0.17662614,0.12925128,0.09118161,0.06925047,0.05935510,0.05548112,0.05420347,0.05441620,0.05580263,0.05818359,0.06129586,0.06496684,0.06930638,0.07430683,0.07973394,0.08540752,0.09115240,0.09686004,0.10205708,0.10648587,0.11023318,0.11345023,0.11672885,0.12021335,0.12387222,0.12736260,0.13058015,0.13354088,0.13629296,0.13883197,0.14093497,0.14285663,0.14428021,0.14582253,0.14770410,0.14962175,0.15168462,0.15417832,0.15701881,0.16022899,0.16350895,0.16655899,0.16927818,0.17088098,0.17061087,0.16831987,0.16417977,0.15936434,0.15452634,0.15001450,0.14597545,0.14236094,0.13869629,0.13443853,0.13118973,0.12887727,0.12632838,0.12295941,0.11934081,0.11642875,0.11458528,0.11196455,0.10894832,0.10553086,0.10211490,0.09823018
