700.03,702.33,704.62,706.9,709.19,711.48,713.77,716.05,718.34,720.63,722.91,725.19,727.48,729.76,732.04,734.32,736.61,738.89,741.17,743.44,745.72,748,750.28,752.55,754.83,757.1,759.38,761.65,763.92,766.2,768.47,770.74,773.01,775.28,777.55,779.82,782.08,784.35,786.62,788.88,791.15,793.41,795.67,797.94,800.2,802.46,804.72,806.98,809.24,811.5,813.76,816.01,818.27,820.53,822.78,825.04,827.29,829.54,831.8,834.05,836.3,838.55,840.8,843.05,845.3,847.54,849.79,852.04,854.28,856.53,858.77,861.01,863.26,865.5,867.74,869.98,872.22,874.46,876.7,878.93,881.17,883.41,885.64,887.88,890.11,892.34,894.58,896.81,899.04,901.27,903.5,905.73,907.96,910.18,912.41,914.64,916.86,919.09,921.31,923.53,925.75,927.98,930.2,932.42,934.64,936.85,939.07,941.29,943.51,945.72,947.94,950.15,952.36,954.58,956.79,959,961.21,963.42,965.63,967.84,970.04,972.25,974.45,976.66,978.86,981.07,983.27,985.47,987.67,989.87,992.07,994.27,996.47,998.67,1000.86,1003.06,1005.25,1007.45,1009.64,1011.83,1014.02,1016.22,1018.41,1020.6,1022.78,1024.97,1027.16,1029.35,1031.53,1033.72,1035.9,1038.08,1040.26,1042.45,1044.63,1046.81,1048.99
0.48799333,0.48929667,0.49038667,0.49095333,0.49157333,0.49258000,0.49369000,0.49480000,0.49575000,0.49679000,0.49806000,0.49849000,0.49997000,0.50135333,0.50228000,0.50286000,0.50444667,0.50591333,0.50634000,0.50756000,0.50904667,0.50974333,0.51096667,0.51196000,0.51368000,0.51446667,0.51579333,0.51691667,0.51800000,0.51870667,0.51901333,0.52133000,0.52185000,0.52210333,0.52374333,0.52454000,0.52590000,0.52746667,0.52803667,0.52919667,0.53061333,0.53202000,0.53400667,0.53479667,0.53588667,0.53712667,0.53825000,0.53961000,0.54048667,0.54173000,0.54282333,0.54419667,0.54562333,0.54699667,0.54760667,0.54942000,0.55060000,0.55193667,0.55444000,0.55503000,0.55638333,0.55788000,0.55889667,0.56023333,0.56197667,0.56284333,0.56485000,0.56618667,0.56727667,0.56887000,0.57053667,0.57185333,0.57316333,0.57508667,0.57640000,0.57701000,0.57870667,0.58122000,0.58190667,0.58404333,0.58523667,0.58682667,0.58865333,0.59038667,0.59128667,0.59332667,0.59501333,0.59763667,0.59948333,0.60156000,0.60216000,0.60442333,0.60670000,0.60761667,0.60957000,0.61113000,0.61298667,0.61398667,0.61565333,0.61738333,0.61974000,0.62160333,0.62339000,0.62583667,0.62768667,0.63005333,0.63290667,0.63521333,0.63811333,0.64047333,0.64388667,0.64717333,0.65146333,0.65642667,0.65904000,0.66380667,0.66589000,0.66910000,0.67114000,0.67397333,0.67625667,0.67867667,0.68071000,0.68263333,0.68322000,0.68499333,0.68684667,0.68852333,0.68868667,0.68938000,0.68984667,0.69079333,0.69242667,0.69260333,0.69344000,0.69240667,0.69409667,0.69493333,0.69486667,0.69506000,0.69610000,0.69632333,0.69611000,0.69654333,0.69647333,0.69713000,0.69662333,0.69647000,0.69671000,0.69769667,0.69737000,0.69737667,0.69900667,0.69891667,0.69855000,0.69866667,0.69878667
0.49781000,0.49737333,0.49692667,0.49664000,0.49646000,0.49603667,0.49605667,0.49683667,0.49675667,0.49682000,0.49731333,0.49698333,0.49810667,0.49826667,0.49950667,0.49929333,0.50000333,0.50141667,0.50100000,0.50218000,0.50278000,0.50377333,0.50420667,0.50562000,0.50628667,0.50682667,0.50853000,0.50880000,0.50931333,0.51043667,0.51066667,0.51246000,0.51297000,0.51314667,0.51480333,0.51524333,0.51607000,0.51676667,0.51717333,0.51854333,0.51947000,0.52046000,0.52262667,0.52267000,0.52356000,0.52502000,0.52617667,0.52696000,0.52811333,0.52926000,0.53067333,0.53137667,0.53269333,0.53383000,0.53424333,0.53577667,0.53732000,0.53855000,0.54044000,0.54113000,0.54221333,0.54385000,0.54458000,0.54586333,0.54662000,0.54766333,0.54952333,0.55119667,0.55128333,0.55308333,0.55413667,0.55543667,0.55674667,0.55888667,0.55971333,0.56067000,0.56259667,0.56403667,0.56554333,0.56634000,0.56781667,0.56930333,0.57083000,0.57282333,0.57399000,0.57609667,0.57704333,0.57982333,0.58130667,0.58328667,0.58428000,0.58622333,0.58804000,0.58933333,0.59086333,0.59245000,0.59466667,0.59567667,0.59739000,0.59982333,0.60161667,0.60270000,0.60540667,0.60714667,0.60959000,0.61120000,0.61343000,0.61523000,0.61825000,0.62100000,0.62459333,0.62763000,0.63296000,0.63690333,0.63926333,0.64356333,0.64684000,0.64876667,0.65087333,0.65275000,0.65550667,0.65725667,0.65927333,0.66040333,0.66189333,0.66365667,0.66406000,0.66567333,0.66637000,0.66641333,0.66852000,0.66834000,0.66856667,0.66923000,0.66896000,0.66921333,0.66938333,0.67095333,0.67065333,0.67109667,0.67120333,0.67159000,0.67099667,0.67056333,0.67063667,0.67128333,0.67039667,0.67054667,0.67037667,0.67124667,0.67053667,0.67071667,0.67210333,0.67154000,0.67134000,0.67133667,0.67200000
0.51586667,0.51644000,0.51662000,0.51684667,0.51764667,0.51730667,0.51797333,0.51929667,0.51955333,0.51976667,0.52119667,0.52142333,0.52261333,0.52363667,0.52478667,0.52546000,0.52645000,0.52752333,0.52819333,0.52908333,0.53007333,0.53135000,0.53179333,0.53359333,0.53462333,0.53499667,0.53702333,0.53788000,0.53862000,0.53960667,0.54034000,0.54243667,0.54289333,0.54375667,0.54505667,0.54564667,0.54712333,0.54918000,0.54922000,0.55058667,0.55217333,0.55310333,0.55484000,0.55568667,0.55708667,0.55849000,0.55964667,0.56103667,0.56246000,0.56354667,0.56460000,0.56636333,0.56776000,0.56875667,0.56988667,0.57135333,0.57293667,0.57407667,0.57621333,0.57727667,0.57869000,0.58021333,0.58166000,0.58303667,0.58507333,0.58564333,0.58785667,0.58911333,0.59028333,0.59187667,0.59386333,0.59496667,0.59604000,0.59859000,0.59995000,0.60113000,0.60255333,0.60463667,0.60615333,0.60819667,0.60895333,0.61088333,0.61287667,0.61483333,0.61611667,0.61805667,0.62001000,0.62271333,0.62426667,0.62646000,0.62704000,0.62974333,0.63181000,0.63293667,0.63445000,0.63553667,0.63848333,0.63889667,0.64049000,0.64297333,0.64481667,0.64631667,0.64866000,0.65122000,0.65341000,0.65599000,0.65897333,0.66142000,0.66518000,0.66664667,0.67147333,0.67416333,0.67916000,0.68347000,0.68667000,0.69116000,0.69410333,0.69701000,0.69935667,0.70258000,0.70483000,0.70737667,0.70908333,0.71084000,0.71252000,0.71458667,0.71512667,0.71709000,0.71872000,0.71876000,0.71934000,0.72041000,0.72175000,0.72245333,0.72304000,0.72384333,0.72316000,0.72409333,0.72593000,0.72518000,0.72627000,0.72692000,0.72669667,0.72713333,0.72739333,0.72699667,0.72656000,0.72681333,0.72728000,0.72771000,0.72784000,0.72797000,0.72893000,0.72940333,0.72898000,0.72821667,0.73093333
0.51174333,0.51250667,0.51318333,0.51348000,0.51505333,0.51529667,0.51659667,0.51787667,0.51879333,0.51947667,0.52059667,0.52100000,0.52285333,0.52353333,0.52508667,0.52560667,0.52661667,0.52792667,0.52844333,0.52985000,0.53080667,0.53186333,0.53298000,0.53401667,0.53532667,0.53574333,0.53760000,0.53823333,0.53903000,0.54011667,0.54087333,0.54214667,0.54313000,0.54374333,0.54522667,0.54605333,0.54747667,0.54866333,0.54882333,0.55023667,0.55182000,0.55288333,0.55462333,0.55525667,0.55653333,0.55784000,0.55876333,0.56045333,0.56144333,0.56255000,0.56384333,0.56541000,0.56648000,0.56746000,0.56818333,0.56996667,0.57143000,0.57259333,0.57473000,0.57609000,0.57687333,0.57851000,0.57947000,0.58038333,0.58191667,0.58350000,0.58497667,0.58635333,0.58734333,0.58868667,0.58999667,0.59174000,0.59266000,0.59490000,0.59583000,0.59754667,0.59929333,0.60056667,0.60136333,0.60360667,0.60497333,0.60649667,0.60794667,0.61017000,0.61173000,0.61374000,0.61479333,0.61737000,0.61927333,0.62166667,0.62168000,0.62456333,0.62657333,0.62753667,0.62897333,0.63085667,0.63298667,0.63407000,0.63543667,0.63730333,0.63974000,0.64092667,0.64317667,0.64485000,0.64759000,0.64992333,0.65208000,0.65462000,0.65741333,0.65939667,0.66347333,0.66609333,0.67080333,0.67506333,0.67787667,0.68209333,0.68480667,0.68738333,0.68916333,0.69279000,0.69558667,0.69719667,0.69852667,0.70027667,0.70263000,0.70311333,0.70465000,0.70668333,0.70781667,0.70746000,0.70889333,0.70936333,0.71078000,0.71097000,0.71168667,0.71115000,0.71250000,0.71214667,0.71384000,0.71432667,0.71479333,0.71509667,0.71446000,0.71506667,0.71448667,0.71433667,0.71459000,0.71473333,0.71572667,0.71693667,0.71620000,0.71567000,0.71710000,0.71720000,0.71787333,0.71772000,0.71751667
0.51895000,0.51931333,0.51892333,0.51865000,0.51924667,0.51929000,0.51969000,0.52055333,0.52078000,0.52137000,0.52162333,0.52223333,0.52295333,0.52355333,0.52499000,0.52568000,0.52613333,0.52767333,0.52793000,0.52907667,0.52960333,0.53045333,0.53141667,0.53312333,0.53360333,0.53434000,0.53588667,0.53684000,0.53768667,0.53829667,0.53905667,0.54102000,0.54168667,0.54252333,0.54357333,0.54418000,0.54524667,0.54699667,0.54691000,0.54880000,0.54971000,0.55070333,0.55223333,0.55313000,0.55418667,0.55624667,0.55683000,0.55785000,0.55964333,0.56004667,0.56181667,0.56316000,0.56405000,0.56539333,0.56606000,0.56775333,0.56918333,0.57059000,0.57296000,0.57332667,0.57491667,0.57665333,0.57726333,0.57856000,0.57987667,0.58083333,0.58259000,0.58423667,0.58528667,0.58686667,0.58861667,0.59001667,0.59102667,0.59325667,0.59450667,0.59576333,0.59757667,0.59847000,0.60036667,0.60146000,0.60307333,0.60457333,0.60664333,0.60856333,0.60945333,0.61132667,0.61281000,0.61562333,0.61729333,0.61889667,0.62013667,0.62201000,0.62465333,0.62520333,0.62669000,0.62860000,0.63030333,0.63164000,0.63240000,0.63531333,0.63682667,0.63874667,0.64030333,0.64354000,0.64536667,0.64796333,0.64978667,0.65255333,0.65547000,0.65828000,0.66154667,0.66462333,0.66976667,0.67434667,0.67663000,0.68077667,0.68349667,0.68763667,0.68899000,0.69166000,0.69359333,0.69644667,0.69860667,0.69968333,0.70118333,0.70264333,0.70400333,0.70524333,0.70685667,0.70779000,0.70761000,0.70825333,0.70954667,0.71030667,0.71165000,0.71054667,0.71138333,0.71197000,0.71297667,0.71311667,0.71412667,0.71349667,0.71429333,0.71392667,0.71456667,0.71422333,0.71333000,0.71464667,0.71423333,0.71460000,0.71428333,0.71395000,0.71648000,0.71538667,0.71526333,0.71613333,0.71718667
0.51561667,0.51665333,0.51745667,0.51823000,0.51919000,0.52000667,0.52050333,0.52181333,0.52262333,0.52381000,0.52484667,0.52483667,0.52637333,0.52748000,0.52899000,0.52960667,0.53031000,0.53192667,0.53244667,0.53363667,0.53463000,0.53549000,0.53619333,0.53797333,0.53876000,0.53969000,0.54126667,0.54191333,0.54312000,0.54439000,0.54473000,0.54686000,0.54748333,0.54787000,0.54888667,0.55014667,0.55094667,0.55264333,0.55336000,0.55440000,0.55592333,0.55679333,0.55807333,0.55909333,0.56032000,0.56190333,0.56262667,0.56494000,0.56549667,0.56691333,0.56793000,0.56920333,0.57071000,0.57191333,0.57229667,0.57439000,0.57600000,0.57652333,0.57914667,0.57993000,0.58139667,0.58291667,0.58395333,0.58511333,0.58639000,0.58754667,0.58989333,0.59090333,0.59211000,0.59409333,0.59535333,0.59670333,0.59728000,0.59943000,0.60113000,0.60221333,0.60375667,0.60548333,0.60698333,0.60875333,0.61002667,0.61153333,0.61328333,0.61493667,0.61665000,0.61841333,0.62012000,0.62241333,0.62446333,0.62631667,0.62664333,0.62934000,0.63141333,0.63262667,0.63371000,0.63539000,0.63754333,0.63844667,0.64038000,0.64266333,0.64486333,0.64633000,0.64778333,0.65068333,0.65293667,0.65468667,0.65749000,0.65990000,0.66284667,0.66531000,0.66918000,0.67198000,0.67689667,0.68060333,0.68337000,0.68823333,0.69143667,0.69396000,0.69604667,0.69863667,0.70147667,0.70259000,0.70557000,0.70605333,0.70837333,0.70908333,0.71111667,0.71268667,0.71323333,0.71393667,0.71479000,0.71545667,0.71575000,0.71620667,0.71776667,0.71698333,0.71782333,0.71861000,0.71953667,0.71883667,0.72061000,0.72060000,0.71985333,0.72108667,0.72091333,0.72003333,0.71999333,0.72073000,0.72069333,0.72119333,0.71991667,0.72015667,0.72144333,0.72151333,0.72214667,0.72187000,0.72239333
0.41825333,0.41870667,0.41913333,0.42075000,0.42082333,0.42226000,0.42389333,0.42473333,0.42581000,0.42666000,0.42802333,0.42856667,0.43005667,0.43102333,0.43239667,0.43359333,0.43556667,0.43667333,0.43749000,0.43922000,0.43988000,0.44129000,0.44274333,0.44315667,0.44535667,0.44625000,0.44699333,0.44808333,0.44995667,0.45050000,0.45140667,0.45291667,0.45485667,0.45561667,0.45692667,0.45695667,0.45821333,0.45972667,0.46031333,0.46172667,0.46330000,0.46395333,0.46540333,0.46670667,0.46830333,0.46993000,0.47085000,0.47253000,0.47393667,0.47486667,0.47593667,0.47779000,0.47856000,0.48074333,0.48143333,0.48318333,0.48473333,0.48637333,0.48766000,0.48927000,0.49025667,0.49183333,0.49328667,0.49492667,0.49617333,0.49715000,0.49934667,0.49989333,0.50236000,0.50362000,0.50504000,0.50648667,0.50749000,0.51003667,0.51171667,0.51286333,0.51469667,0.51588667,0.51787667,0.51889000,0.52154000,0.52350667,0.52498667,0.52632333,0.52878667,0.53083333,0.53279000,0.53461000,0.53616000,0.53891000,0.53968333,0.54173667,0.54437667,0.54531333,0.54632333,0.54864000,0.55072000,0.55188667,0.55297667,0.55509000,0.55764000,0.55925333,0.56087000,0.56332000,0.56586667,0.56835333,0.57038333,0.57299333,0.57622333,0.57903667,0.58244333,0.58515000,0.58952667,0.59419333,0.59763333,0.60092000,0.60395667,0.60714333,0.61030000,0.61211333,0.61391667,0.61654333,0.61898667,0.61993667,0.62167333,0.62344667,0.62491667,0.62565333,0.62666667,0.62654000,0.62728333,0.63006333,0.63025000,0.63125667,0.63018333,0.63129667,0.63197333,0.63191333,0.63289000,0.63325333,0.63409000,0.63301333,0.63440000,0.63472333,0.63439333,0.63450000,0.63523000,0.63372000,0.63440000,0.63474000,0.63560333,0.63497667,0.63635333,0.63696333,0.63770333,0.63455000,0.63661333
0.44242333,0.44339333,0.44315000,0.44443667,0.44487667,0.44623333,0.44634000,0.44730333,0.44820667,0.44946333,0.45008333,0.45109667,0.45205000,0.45321000,0.45468000,0.45612667,0.45713667,0.45817667,0.45952333,0.46104000,0.46234667,0.46391333,0.46482667,0.46572667,0.46757333,0.46776667,0.46921000,0.47020667,0.47077000,0.47190333,0.47258000,0.47401333,0.47349667,0.47410667,0.47500667,0.47604000,0.47643000,0.47819333,0.47888667,0.47982333,0.48057333,0.48106000,0.48298333,0.48316667,0.48457333,0.48548333,0.48715333,0.48816333,0.48906333,0.48981000,0.49149333,0.49252667,0.49396333,0.49553000,0.49612333,0.49829000,0.49871667,0.50082000,0.50218667,0.50322333,0.50477000,0.50589333,0.50721333,0.50877333,0.50983667,0.51173667,0.51295000,0.51360333,0.51645000,0.51688667,0.51848000,0.51956000,0.52111333,0.52248000,0.52487667,0.52601667,0.52751667,0.52946667,0.53052000,0.53182667,0.53350667,0.53596000,0.53714000,0.53860000,0.54110333,0.54280333,0.54402000,0.54648000,0.54974667,0.55035333,0.55169333,0.55415000,0.55602333,0.55727000,0.55832000,0.55980667,0.56146667,0.56295333,0.56400667,0.56640667,0.56923333,0.57121667,0.57233000,0.57516667,0.57784000,0.58101000,0.58299333,0.58735333,0.58966667,0.59380667,0.59723333,0.60155333,0.60631000,0.61184667,0.61471667,0.61825667,0.62302333,0.62637333,0.62934333,0.63089000,0.63338000,0.63625333,0.63793000,0.63933333,0.64139333,0.64292000,0.64310667,0.64462000,0.64521000,0.64711000,0.64746333,0.64891667,0.64921333,0.64903333,0.64930000,0.64970667,0.64974333,0.65091333,0.65105333,0.64978333,0.65129000,0.65259000,0.65047000,0.65184333,0.65307333,0.65123000,0.65135333,0.65070000,0.65136667,0.65126667,0.65116333,0.65281333,0.65236667,0.65206667,0.65189667,0.65362000,0.65450000
0.47248000,0.47285000,0.47337000,0.47356000,0.47446333,0.47444667,0.47512667,0.47605667,0.47626000,0.47691000,0.47742000,0.47767000,0.47900000,0.48009000,0.48107000,0.48098000,0.48238667,0.48361667,0.48439333,0.48550000,0.48657000,0.48759333,0.48845667,0.49007333,0.49107000,0.49160333,0.49312000,0.49384000,0.49414667,0.49423333,0.49452333,0.49627000,0.49601333,0.49664667,0.49766667,0.49767333,0.49878000,0.50007667,0.50004667,0.50141667,0.50237333,0.50292667,0.50495333,0.50494667,0.50667667,0.50756000,0.50850333,0.50952000,0.51074333,0.51123000,0.51269333,0.51410333,0.51496333,0.51598333,0.51631000,0.51805000,0.51970667,0.52040667,0.52281667,0.52355000,0.52480667,0.52627333,0.52721000,0.52833000,0.53026333,0.53094000,0.53170667,0.53386000,0.53500667,0.53667333,0.53783000,0.53966667,0.54042333,0.54315333,0.54352000,0.54464333,0.54654333,0.54787333,0.54961667,0.55118333,0.55251667,0.55403333,0.55538000,0.55751667,0.55861333,0.56088000,0.56268000,0.56504000,0.56707000,0.56878667,0.56951333,0.57178333,0.57428000,0.57466667,0.57582333,0.57767333,0.57947667,0.58019667,0.58165000,0.58395333,0.58622333,0.58756333,0.58919333,0.59167667,0.59398333,0.59703000,0.59940667,0.60218667,0.60491000,0.60689000,0.61134333,0.61425000,0.61934000,0.62395333,0.62756333,0.63111667,0.63468333,0.63713667,0.63878333,0.64300667,0.64483000,0.64642667,0.64903333,0.65032667,0.65213333,0.65324667,0.65528667,0.65693667,0.65725667,0.65827333,0.65900333,0.65948667,0.66034667,0.66114333,0.66178000,0.66139000,0.66218000,0.66280333,0.66358667,0.66315333,0.66455667,0.66443333,0.66476333,0.66453667,0.66445667,0.66494000,0.66490667,0.66427667,0.66425333,0.66537667,0.66470000,0.66554000,0.66677000,0.66536333,0.66608667,0.66704667,0.66831667
0.43305000,0.43230333,0.43229333,0.43230333,0.43214667,0.43175667,0.43227333,0.43227667,0.43251000,0.43263333,0.43296000,0.43331667,0.43436333,0.43425333,0.43546333,0.43586000,0.43716000,0.43822000,0.43839667,0.43955667,0.43951000,0.43999667,0.44128333,0.44212667,0.44338000,0.44339000,0.44381333,0.44535667,0.44619667,0.44636000,0.44712667,0.44822333,0.44898000,0.44974667,0.45064000,0.45150000,0.45206000,0.45340000,0.45374000,0.45519333,0.45604333,0.45701000,0.45789000,0.45932333,0.46034333,0.46164333,0.46239000,0.46386000,0.46509333,0.46558000,0.46713667,0.46809667,0.46917000,0.47084667,0.47150333,0.47288667,0.47444667,0.47606667,0.47660667,0.47809667,0.47992333,0.48035667,0.48145667,0.48311333,0.48376333,0.48561667,0.48710000,0.48833333,0.49015667,0.49083333,0.49244000,0.49384667,0.49458667,0.49650000,0.49741000,0.49973000,0.50145000,0.50250667,0.50465000,0.50533333,0.50813000,0.50925333,0.51110333,0.51288667,0.51472333,0.51652333,0.51811000,0.52003000,0.52207000,0.52363667,0.52523000,0.52691000,0.52897000,0.52991333,0.53167333,0.53316667,0.53552000,0.53657000,0.53791667,0.53972000,0.54237000,0.54445000,0.54563000,0.54795000,0.55046000,0.55270333,0.55446000,0.55642000,0.55961000,0.56203667,0.56608000,0.56926667,0.57257333,0.57763667,0.58074000,0.58386333,0.58763000,0.59051667,0.59262000,0.59512333,0.59673333,0.59888333,0.60118000,0.60315333,0.60350000,0.60577000,0.60690667,0.60795000,0.60899000,0.60948667,0.61042000,0.61137667,0.61152667,0.61255000,0.61199333,0.61322000,0.61365667,0.61308000,0.61484667,0.61468333,0.61560667,0.61591333,0.61433000,0.61575667,0.61549333,0.61495667,0.61603333,0.61522667,0.61463333,0.61571667,0.61605667,0.61501000,0.61667667,0.61671000,0.61684667,0.61628333,0.61791667
0.46025333,0.46109333,0.46130333,0.46229333,0.46329667,0.46416333,0.46500333,0.46606000,0.46626000,0.46782667,0.46884000,0.46974333,0.47062333,0.47239000,0.47349667,0.47498667,0.47636667,0.47770000,0.47915667,0.48084667,0.48235333,0.48444333,0.48558333,0.48652667,0.48887333,0.48890333,0.49041333,0.49107667,0.49231333,0.49339000,0.49414667,0.49467667,0.49475333,0.49554667,0.49642667,0.49664333,0.49761000,0.49887000,0.49904333,0.50079333,0.50149333,0.50180000,0.50334333,0.50441667,0.50558333,0.50645000,0.50815333,0.50990667,0.51034000,0.51124000,0.51301333,0.51343000,0.51497333,0.51709000,0.51774667,0.51942333,0.52039667,0.52238000,0.52389333,0.52506000,0.52684333,0.52766000,0.52887000,0.53141333,0.53152333,0.53310667,0.53542000,0.53592333,0.53798667,0.53904667,0.54101333,0.54190000,0.54319667,0.54481333,0.54718000,0.54798000,0.54976000,0.55186000,0.55328333,0.55422000,0.55614000,0.55846000,0.55988667,0.56140000,0.56379333,0.56544333,0.56676000,0.56952000,0.57205333,0.57291333,0.57466667,0.57625000,0.57828667,0.57942333,0.58131000,0.58344000,0.58444333,0.58592667,0.58675333,0.58921333,0.59108333,0.59337667,0.59447000,0.59772000,0.60008000,0.60315333,0.60487000,0.60834000,0.61112000,0.61454667,0.61768667,0.62240667,0.62647333,0.63083000,0.63399000,0.63819000,0.64188333,0.64458667,0.64772333,0.64873000,0.65200667,0.65355000,0.65576000,0.65785667,0.65973333,0.65984333,0.66149000,0.66237000,0.66382333,0.66467000,0.66555667,0.66550000,0.66688667,0.66645000,0.66755000,0.66752000,0.66789667,0.66879667,0.66885667,0.66732000,0.66940000,0.67051333,0.66904000,0.67066333,0.67094667,0.67076000,0.66983667,0.66985667,0.67021667,0.67099333,0.67071667,0.67138333,0.67025000,0.67100000,0.67114667,0.67229667,0.67403333
0.53393333,0.53456667,0.53491000,0.53598333,0.53661667,0.53754667,0.53837333,0.53937333,0.53977333,0.54042667,0.54177667,0.54225333,0.54393333,0.54440000,0.54592333,0.54666000,0.54806333,0.54876000,0.54971667,0.55108000,0.55155667,0.55256333,0.55404667,0.55513667,0.55652667,0.55690333,0.55820000,0.55914667,0.55954000,0.56066000,0.56189000,0.56332667,0.56393333,0.56519667,0.56627667,0.56705667,0.56842333,0.56974000,0.57018000,0.57165333,0.57267333,0.57398000,0.57503667,0.57546000,0.57774333,0.57895333,0.57982333,0.58129333,0.58258333,0.58367667,0.58518000,0.58615000,0.58782333,0.58893667,0.58991333,0.59176667,0.59308667,0.59430000,0.59698000,0.59762333,0.59974333,0.60124000,0.60183667,0.60310333,0.60522000,0.60607667,0.60820000,0.60903333,0.61070667,0.61201000,0.61381000,0.61559000,0.61679667,0.61906667,0.62018000,0.62134333,0.62357000,0.62568333,0.62663667,0.62842000,0.63036333,0.63194333,0.63370000,0.63589000,0.63721667,0.63940000,0.64163333,0.64392333,0.64636000,0.64808667,0.64892333,0.65125333,0.65356000,0.65411000,0.65637333,0.65808667,0.66029333,0.66157333,0.66310333,0.66527667,0.66813333,0.67057667,0.67270333,0.67538667,0.67822667,0.68142667,0.68452667,0.68850000,0.69260333,0.69583000,0.70056000,0.70514667,0.71102667,0.71710000,0.72069000,0.72664667,0.73077667,0.73411333,0.73609333,0.73984333,0.74282000,0.74512667,0.74699667,0.74840667,0.75140000,0.75242667,0.75359333,0.75595667,0.75627000,0.75686667,0.75645667,0.75714333,0.75827333,0.75818000,0.75920333,0.75890000,0.75924667,0.75905000,0.76010333,0.75928000,0.76119333,0.76032000,0.75882000,0.75971333,0.75849000,0.76018000,0.75891000,0.75919333,0.75911333,0.75891333,0.75658333,0.75792333,0.75860667,0.75811000,0.75913000,0.75855000,0.75901000
0.53991000,0.54073667,0.54029000,0.54176667,0.54163667,0.54235333,0.54315667,0.54363667,0.54424667,0.54446000,0.54527667,0.54621000,0.54740000,0.54794333,0.54863000,0.54942667,0.55088333,0.55237000,0.55271667,0.55382333,0.55469000,0.55564000,0.55695667,0.55834333,0.55958667,0.55999000,0.56180667,0.56267333,0.56364333,0.56438000,0.56464667,0.56621333,0.56657333,0.56743333,0.56887667,0.56941667,0.57020333,0.57231333,0.57198667,0.57331667,0.57436333,0.57531667,0.57762667,0.57828333,0.57971667,0.58105333,0.58145333,0.58327333,0.58410667,0.58497000,0.58665667,0.58780667,0.58931667,0.59001333,0.59113667,0.59235000,0.59411000,0.59512667,0.59683000,0.59816667,0.59980333,0.60087333,0.60246667,0.60384333,0.60532667,0.60622333,0.60809333,0.60949000,0.61059000,0.61215667,0.61321667,0.61537000,0.61632333,0.61819667,0.61952333,0.62098667,0.62262333,0.62405000,0.62531333,0.62710333,0.62814000,0.63026667,0.63223333,0.63403333,0.63453000,0.63727667,0.63907000,0.64188000,0.64352000,0.64555000,0.64619333,0.64908333,0.65092000,0.65200000,0.65335000,0.65517333,0.65662667,0.65817667,0.65939667,0.66186667,0.66424000,0.66563000,0.66710000,0.67047667,0.67300000,0.67516333,0.67763000,0.68134333,0.68381333,0.68636333,0.69099000,0.69438333,0.69987000,0.70510000,0.70796333,0.71235000,0.71639667,0.71920000,0.72145333,0.72421667,0.72705333,0.72926333,0.73136667,0.73325333,0.73501333,0.73601000,0.73726333,0.73978000,0.74038333,0.74047333,0.74127000,0.74135667,0.74308000,0.74368000,0.74435000,0.74446000,0.74410333,0.74457000,0.74504333,0.74575333,0.74696000,0.74662000,0.74578333,0.74614667,0.74549333,0.74580333,0.74601000,0.74693667,0.74563667,0.74660333,0.74622667,0.74558000,0.74726667,0.74676000,0.74648333,0.74737000,0.74793667
0.44118000,0.44081333,0.44088333,0.44135667,0.44243667,0.44284667,0.44266333,0.44289000,0.44379667,0.44520667,0.44595000,0.44642000,0.44706000,0.44864667,0.44962333,0.45031000,0.45197667,0.45319000,0.45454000,0.45619000,0.45780667,0.45951667,0.46083333,0.46214333,0.46444333,0.46437333,0.46611667,0.46652333,0.46718667,0.46753333,0.46787000,0.46876667,0.46820667,0.46816667,0.46918333,0.46947333,0.46989667,0.47107333,0.47148667,0.47235333,0.47302667,0.47341667,0.47497000,0.47487667,0.47590667,0.47737333,0.47860667,0.48009000,0.48067000,0.48197333,0.48292000,0.48412667,0.48555667,0.48705000,0.48730333,0.48929000,0.49006000,0.49240333,0.49319667,0.49460000,0.49622333,0.49731333,0.49862667,0.50061667,0.50102667,0.50251000,0.50421333,0.50485333,0.50686000,0.50816667,0.50958000,0.51046000,0.51225333,0.51336667,0.51566667,0.51682333,0.51811000,0.52010000,0.52173667,0.52306000,0.52467333,0.52664667,0.52780333,0.52994000,0.53213333,0.53371000,0.53545000,0.53732000,0.54031000,0.54162000,0.54309333,0.54472333,0.54630000,0.54832000,0.54929333,0.55081667,0.55172333,0.55373333,0.55450667,0.55685333,0.55908333,0.56099000,0.56246000,0.56541333,0.56802000,0.57060333,0.57308000,0.57639333,0.57888667,0.58310333,0.58630667,0.59151667,0.59538667,0.60044667,0.60452667,0.60768333,0.61266333,0.61581333,0.61785000,0.61968000,0.62185000,0.62403000,0.62616000,0.62799000,0.62916667,0.63064667,0.63132667,0.63286667,0.63351667,0.63352667,0.63499667,0.63502000,0.63576333,0.63493333,0.63588333,0.63676667,0.63579000,0.63640000,0.63650667,0.63602333,0.63762333,0.63764333,0.63542667,0.63684000,0.63735000,0.63691667,0.63642333,0.63670667,0.63567000,0.63622000,0.63612000,0.63699333,0.63714667,0.63683333,0.63699000,0.63664333,0.63804000
0.52671667,0.52726333,0.52820333,0.52869667,0.53005667,0.53103000,0.53217667,0.53349000,0.53463667,0.53579667,0.53728000,0.53728000,0.53914000,0.54009667,0.54165000,0.54239667,0.54404333,0.54537000,0.54622000,0.54735667,0.54879667,0.54988000,0.55091333,0.55278000,0.55342000,0.55396000,0.55638333,0.55654000,0.55800000,0.55903000,0.55905000,0.56164667,0.56210667,0.56311000,0.56389667,0.56513667,0.56626333,0.56824000,0.56782000,0.56943667,0.57057333,0.57169000,0.57320000,0.57425333,0.57524333,0.57690000,0.57801000,0.57911667,0.58021000,0.58204667,0.58296000,0.58383000,0.58526667,0.58651333,0.58765333,0.58948333,0.59060667,0.59205667,0.59399667,0.59519000,0.59664667,0.59820333,0.59954333,0.59976000,0.60178667,0.60289333,0.60470000,0.60594333,0.60712000,0.60915000,0.61026000,0.61180667,0.61338000,0.61499000,0.61602333,0.61756333,0.61902000,0.62121333,0.62219667,0.62459333,0.62553000,0.62711333,0.62908333,0.63090000,0.63171000,0.63425667,0.63563000,0.63856667,0.64043333,0.64275000,0.64332000,0.64460667,0.64727000,0.64878000,0.65023667,0.65129667,0.65361667,0.65486000,0.65574000,0.65863667,0.66065333,0.66175000,0.66423000,0.66726333,0.66953000,0.67165667,0.67517333,0.67703667,0.68092667,0.68289000,0.68707333,0.69008667,0.69585667,0.70062667,0.70391000,0.70761000,0.71217667,0.71503000,0.71635333,0.71992333,0.72279000,0.72468000,0.72618000,0.72824000,0.72915333,0.73114000,0.73262333,0.73446000,0.73584667,0.73594667,0.73639333,0.73690000,0.73749000,0.73855333,0.73972333,0.73905667,0.74034333,0.74065333,0.74166667,0.74004000,0.74184000,0.74350333,0.74171667,0.74115000,0.74168333,0.74208333,0.74093333,0.74175000,0.74264000,0.74146000,0.74132667,0.74194333,0.74294667,0.74234667,0.74361667,0.74224000,0.74357333
0.57064000,0.57095333,0.57242667,0.57247667,0.57287333,0.57457667,0.57492667,0.57595333,0.57714000,0.57816667,0.57869333,0.57945667,0.57977667,0.58126000,0.58223667,0.58325333,0.58436000,0.58538667,0.58636000,0.58781667,0.58890667,0.59045333,0.59142000,0.59216000,0.59319333,0.59412333,0.59667333,0.59637000,0.59681000,0.59614000,0.59666000,0.59800000,0.59746000,0.59819000,0.59865333,0.59896667,0.59958667,0.60046667,0.60033000,0.60185000,0.60204667,0.60245667,0.60335000,0.60432333,0.60457000,0.60618667,0.60697000,0.60792667,0.60872667,0.60993333,0.61127000,0.61167667,0.61195667,0.61343000,0.61627333,0.61639667,0.61770333,0.61920000,0.61994333,0.62092000,0.62185000,0.62266667,0.62446333,0.62563000,0.62666333,0.62714000,0.62809000,0.62969667,0.63038000,0.63186667,0.63323667,0.63416333,0.63581333,0.63745000,0.63887333,0.64005333,0.64116000,0.64259667,0.64357333,0.64552333,0.64691333,0.64741000,0.64929667,0.65132333,0.65293333,0.65446333,0.65639000,0.65829000,0.65997000,0.66178000,0.66311000,0.66426667,0.66630667,0.66818333,0.66915667,0.67005667,0.67130333,0.67359667,0.67338333,0.67678667,0.67843333,0.67986667,0.68216000,0.68454000,0.68684333,0.68960333,0.69114000,0.69381000,0.69755000,0.69993333,0.70363333,0.70775000,0.71179333,0.71663333,0.71988667,0.72414667,0.72801333,0.73032667,0.73368667,0.73515333,0.73683667,0.73871000,0.74138000,0.74300333,0.74431000,0.74524333,0.74682667,0.74717333,0.74844000,0.74894667,0.74924667,0.74976333,0.75050000,0.74960000,0.75034667,0.74961333,0.75029333,0.75008000,0.75082333,0.75135667,0.75085000,0.75107000,0.75124000,0.75028000,0.74874000,0.74865000,0.74872667,0.74834667,0.74819000,0.74777000,0.74786333,0.74804333,0.74788333,0.74691667,0.74772667,0.74892667,0.74677667
0.54287333,0.54398333,0.54395000,0.54324667,0.54257333,0.54297333,0.54324333,0.54275667,0.54388333,0.54329333,0.54408000,0.54432333,0.54522333,0.54625333,0.54662667,0.54743667,0.54823667,0.54975667,0.54975000,0.55097000,0.55187000,0.55230333,0.55320667,0.55390000,0.55502333,0.55503000,0.55591000,0.55603667,0.55650667,0.55762000,0.55721667,0.55818333,0.55816667,0.55795333,0.55930667,0.55928000,0.55958333,0.56025667,0.56070000,0.56173667,0.56226333,0.56288667,0.56399667,0.56380333,0.56517667,0.56634000,0.56658667,0.56771333,0.56915333,0.56876667,0.57001333,0.57123000,0.57181000,0.57262333,0.57349000,0.57481000,0.57578333,0.57703000,0.57790000,0.57964667,0.58008333,0.58206667,0.58147667,0.58344667,0.58446333,0.58545000,0.58712667,0.58777667,0.58907333,0.58985333,0.59117667,0.59274667,0.59370333,0.59507333,0.59654667,0.59770333,0.59816667,0.60052000,0.60158000,0.60264000,0.60456333,0.60588000,0.60758667,0.60835667,0.61031333,0.61240000,0.61421667,0.61494000,0.61759333,0.61967333,0.62125333,0.62169667,0.62439333,0.62576333,0.62567000,0.62772000,0.62963000,0.63023667,0.63239333,0.63386333,0.63592667,0.63756333,0.63973000,0.64136000,0.64424333,0.64660333,0.64797667,0.65065667,0.65464333,0.65745333,0.66122000,0.66308667,0.67003333,0.67442333,0.67843667,0.68132667,0.68468333,0.68920333,0.69091000,0.69243333,0.69416333,0.69695000,0.69842000,0.70103000,0.70114333,0.70310667,0.70371000,0.70408333,0.70531667,0.70429333,0.70628000,0.70679667,0.70668333,0.70700333,0.70715667,0.70585000,0.70674667,0.70613667,0.70621667,0.70541000,0.70517333,0.70638667,0.70477333,0.70502333,0.70412333,0.70252333,0.70338333,0.70262000,0.70352000,0.70174667,0.69985000,0.69921667,0.69949667,0.69920333,0.70016333,0.69766667,0.70071000
0.54647000,0.54760667,0.54845333,0.54940333,0.54993333,0.55059667,0.55187000,0.55386333,0.55418667,0.55467000,0.55622000,0.55673000,0.55848667,0.55971667,0.56091667,0.56108667,0.56325000,0.56450000,0.56496333,0.56643000,0.56702000,0.56824000,0.56917000,0.57084333,0.57214667,0.57315667,0.57453667,0.57564333,0.57628667,0.57745667,0.57821333,0.58024667,0.58084667,0.58191667,0.58309333,0.58391333,0.58483000,0.58651333,0.58695333,0.58815000,0.58908333,0.59048667,0.59203333,0.59282000,0.59448000,0.59571667,0.59672667,0.59803000,0.59920000,0.60069333,0.60215667,0.60324000,0.60483333,0.60541333,0.60649000,0.60806000,0.60919333,0.61084667,0.61290333,0.61377667,0.61574000,0.61708333,0.61787667,0.61899000,0.62024000,0.62143667,0.62294667,0.62454000,0.62609333,0.62746000,0.62892667,0.63023000,0.63130667,0.63300667,0.63497000,0.63581000,0.63797667,0.63909667,0.64036667,0.64245667,0.64373333,0.64578000,0.64747333,0.64888000,0.65083333,0.65230000,0.65412333,0.65653333,0.65858667,0.66044000,0.66125000,0.66349000,0.66501333,0.66636000,0.66827333,0.66963667,0.67126000,0.67278000,0.67414000,0.67741333,0.67884333,0.68105333,0.68234000,0.68504333,0.68742000,0.68959000,0.69207333,0.69505333,0.69829000,0.70035667,0.70502667,0.70832667,0.71347667,0.71835000,0.72116667,0.72574667,0.72957333,0.73218667,0.73454333,0.73768667,0.73990000,0.74134667,0.74415000,0.74409333,0.74689000,0.74797333,0.74942333,0.75099667,0.75189000,0.75195333,0.75289333,0.75318000,0.75382667,0.75401000,0.75518333,0.75517000,0.75528000,0.75664000,0.75661333,0.75516000,0.75784000,0.75656333,0.75627667,0.75647667,0.75679667,0.75662333,0.75584667,0.75590000,0.75690333,0.75617667,0.75557333,0.75550667,0.75667667,0.75660333,0.75657333,0.75658333,0.75778000
0.46949667,0.47037333,0.47098000,0.47175333,0.47276000,0.47428333,0.47495333,0.47587667,0.47693333,0.47792333,0.47918667,0.48055667,0.48160000,0.48320333,0.48500000,0.48604000,0.48739000,0.48866333,0.49048667,0.49196667,0.49365667,0.49530667,0.49627333,0.49766000,0.50019000,0.50025000,0.50137000,0.50268000,0.50331333,0.50448000,0.50506667,0.50596667,0.50602000,0.50669333,0.50789000,0.50878000,0.50971000,0.51080000,0.51091667,0.51247667,0.51328000,0.51387667,0.51571667,0.51584000,0.51732000,0.51864000,0.52044000,0.52174000,0.52280667,0.52356667,0.52512000,0.52590333,0.52741333,0.52932667,0.53015000,0.53167667,0.53250333,0.53500667,0.53669000,0.53808333,0.53925000,0.54086333,0.54214667,0.54392333,0.54515667,0.54691333,0.54821667,0.54961667,0.55146000,0.55212667,0.55435667,0.55505333,0.55684667,0.55811000,0.56075333,0.56178000,0.56327667,0.56576667,0.56652333,0.56870333,0.56996667,0.57235333,0.57415000,0.57546333,0.57803333,0.57989000,0.58156333,0.58427000,0.58641667,0.58783333,0.58974000,0.59153000,0.59341000,0.59512667,0.59675000,0.59841000,0.59951667,0.60152667,0.60241333,0.60526667,0.60786667,0.61030667,0.61222000,0.61554000,0.61845000,0.62187000,0.62419000,0.62823000,0.63173333,0.63621333,0.64023667,0.64587000,0.65172667,0.65780000,0.66194667,0.66665333,0.67118667,0.67513667,0.67835333,0.67933667,0.68302333,0.68460667,0.68715667,0.68974667,0.69032333,0.69148667,0.69246333,0.69382667,0.69427667,0.69445000,0.69557000,0.69683333,0.69661000,0.69656667,0.69593000,0.69593000,0.69643000,0.69592667,0.69704333,0.69561333,0.69550667,0.69665667,0.69391667,0.69473000,0.69659333,0.69506000,0.69285000,0.69339667,0.69423000,0.69343333,0.69364667,0.69314000,0.69254667,0.69381000,0.69341000,0.69311667,0.69387000
0.54765000,0.54885333,0.54905667,0.54922667,0.55012667,0.55024667,0.55148000,0.55230000,0.55285667,0.55447333,0.55462667,0.55523333,0.55744667,0.55781667,0.55941667,0.55985333,0.56165000,0.56269333,0.56371667,0.56496000,0.56635667,0.56757667,0.56907333,0.57070000,0.57247667,0.57335000,0.57501667,0.57572667,0.57694000,0.57741667,0.57893667,0.58040333,0.58110000,0.58208000,0.58345667,0.58473000,0.58593667,0.58773000,0.58784000,0.58967667,0.59121333,0.59236333,0.59401667,0.59485333,0.59683667,0.59827667,0.60023333,0.60128667,0.60286667,0.60474000,0.60537000,0.60700667,0.60901333,0.61066333,0.61145333,0.61307333,0.61481000,0.61603000,0.61916667,0.62017333,0.62165000,0.62315000,0.62390000,0.62568667,0.62799667,0.62873667,0.63105667,0.63259333,0.63396333,0.63601000,0.63706667,0.63931667,0.64073333,0.64292333,0.64460667,0.64595333,0.64783667,0.65030333,0.65130000,0.65301000,0.65498667,0.65706667,0.65852000,0.66134667,0.66329333,0.66460667,0.66682333,0.66982000,0.67217667,0.67428000,0.67577000,0.67789000,0.68009333,0.68141333,0.68302667,0.68493000,0.68742667,0.68846000,0.69018667,0.69311000,0.69489000,0.69693667,0.69915667,0.70193333,0.70494667,0.70715667,0.71039667,0.71308333,0.71704667,0.71958333,0.72447000,0.72837333,0.73416000,0.73899667,0.74278667,0.74818000,0.75195000,0.75453667,0.75739333,0.76045333,0.76366667,0.76535000,0.76826000,0.76945333,0.77183667,0.77326667,0.77503333,0.77667667,0.77808333,0.77833333,0.77813000,0.77976667,0.78104000,0.78081667,0.78220000,0.78236333,0.78208667,0.78290333,0.78444333,0.78284000,0.78463333,0.78391000,0.78277667,0.78379667,0.78421333,0.78557667,0.78426000,0.78345333,0.78337333,0.78430667,0.78248667,0.78394667,0.78515667,0.78508000,0.78498000,0.78530667,0.78485667
0.48588333,0.48550667,0.48541667,0.48475667,0.48518333,0.48546000,0.48534333,0.48578667,0.48574000,0.48667333,0.48728667,0.48723333,0.48776667,0.48856000,0.48968333,0.49045000,0.49142667,0.49188333,0.49298667,0.49455000,0.49536000,0.49628667,0.49704667,0.49798667,0.49953667,0.49963000,0.50049333,0.50112667,0.50184667,0.50233000,0.50291333,0.50348333,0.50324000,0.50342667,0.50449667,0.50517667,0.50487333,0.50636333,0.50697000,0.50749333,0.50808667,0.50844667,0.51006000,0.50990000,0.51111000,0.51191333,0.51358667,0.51448333,0.51448000,0.51527667,0.51686000,0.51787000,0.51875000,0.52058000,0.52060667,0.52189000,0.52280000,0.52541333,0.52612667,0.52675000,0.52820000,0.52881333,0.53014333,0.53182000,0.53237333,0.53388000,0.53490333,0.53542333,0.53767667,0.53795333,0.53969667,0.54051000,0.54185667,0.54326000,0.54540000,0.54634333,0.54687667,0.54915000,0.55040667,0.55139667,0.55271000,0.55461000,0.55607667,0.55738333,0.55984000,0.56114333,0.56255667,0.56529667,0.56692000,0.56871000,0.56941333,0.57134333,0.57303000,0.57454667,0.57506000,0.57691333,0.57832333,0.57961333,0.58030667,0.58244333,0.58458000,0.58687333,0.58850000,0.59158667,0.59384000,0.59694000,0.59830000,0.60209667,0.60510333,0.60891667,0.61164667,0.61673333,0.62117667,0.62603667,0.62962000,0.63342667,0.63816000,0.64054000,0.64326667,0.64606000,0.64843667,0.65068000,0.65240333,0.65405000,0.65591000,0.65654667,0.65744000,0.65818333,0.65848000,0.66004667,0.66037000,0.66074667,0.66174000,0.66109333,0.66168667,0.66216667,0.66222000,0.66100000,0.66221333,0.66129000,0.66225667,0.66325333,0.66108667,0.66275667,0.66253333,0.66136667,0.66072000,0.66057000,0.66040333,0.66115667,0.66020333,0.66067333,0.66122333,0.66074000,0.66103667,0.66113667,0.66269000
0.48797667,0.48751333,0.48676667,0.48661000,0.48647000,0.48659667,0.48640000,0.48675667,0.48707000,0.48775667,0.48804667,0.48945667,0.48960667,0.49109000,0.49211333,0.49287000,0.49403333,0.49557667,0.49706333,0.49877000,0.49981667,0.50176667,0.50308333,0.50392000,0.50618000,0.50629000,0.50771000,0.50832667,0.50922667,0.51063333,0.51050000,0.51199667,0.51157667,0.51215333,0.51360667,0.51464333,0.51438333,0.51638333,0.51674667,0.51774667,0.51889667,0.52025667,0.52139667,0.52168667,0.52315333,0.52420333,0.52565333,0.52749000,0.52817667,0.52868333,0.53084000,0.53149000,0.53259667,0.53494667,0.53570000,0.53712333,0.53869000,0.54069333,0.54204667,0.54321667,0.54473333,0.54584333,0.54747000,0.54920667,0.55026667,0.55182000,0.55325667,0.55411333,0.55666333,0.55739333,0.55942667,0.56032000,0.56177667,0.56298333,0.56557333,0.56693333,0.56806667,0.57063000,0.57103667,0.57283333,0.57488667,0.57728000,0.57833333,0.57975000,0.58247667,0.58430667,0.58567333,0.58802333,0.59090667,0.59223667,0.59375000,0.59557000,0.59775667,0.59912667,0.60044000,0.60249333,0.60313000,0.60533333,0.60577667,0.60840333,0.61072667,0.61293000,0.61515667,0.61763000,0.62019333,0.62285667,0.62522000,0.62844333,0.63102333,0.63499000,0.63812667,0.64256000,0.64739333,0.65192333,0.65609667,0.65921333,0.66401667,0.66667667,0.66959667,0.67072000,0.67377667,0.67597667,0.67817333,0.67999667,0.68158000,0.68263000,0.68394333,0.68513333,0.68542333,0.68703000,0.68747333,0.68836000,0.68856667,0.68844333,0.68871333,0.68984000,0.69005667,0.69095333,0.69174000,0.69044000,0.69208333,0.69247000,0.69187667,0.69226333,0.69292667,0.69223333,0.69195000,0.69227000,0.69154667,0.69204333,0.69263000,0.69296000,0.69129000,0.69348000,0.69321333,0.69434667,0.69469000
0.55413333,0.55584333,0.55591000,0.55677333,0.55676000,0.55784333,0.55846000,0.55861667,0.56018333,0.56059667,0.56077000,0.56194333,0.56299000,0.56384667,0.56509333,0.56579333,0.56629333,0.56814667,0.56898000,0.56908333,0.56985333,0.57097333,0.57183000,0.57358000,0.57432333,0.57468000,0.57578333,0.57672333,0.57694333,0.57807333,0.57889667,0.57962333,0.57951667,0.57929000,0.58038667,0.58098333,0.58189333,0.58286000,0.58292667,0.58392000,0.58367333,0.58523000,0.58607333,0.58711667,0.58774000,0.58911000,0.58922667,0.59096333,0.59112667,0.59256000,0.59373000,0.59489667,0.59638333,0.59640667,0.59796000,0.59918333,0.60060667,0.60125000,0.60325333,0.60408667,0.60539000,0.60634667,0.60781333,0.60854333,0.61002333,0.61093333,0.61174333,0.61346333,0.61447333,0.61617000,0.61691667,0.61831333,0.61958667,0.62117333,0.62300667,0.62358000,0.62503000,0.62654667,0.62910667,0.62895667,0.63063667,0.63302333,0.63443333,0.63581000,0.63778000,0.63994333,0.64112333,0.64314333,0.64609000,0.64742000,0.64871000,0.65107667,0.65229667,0.65371333,0.65442667,0.65537000,0.65766000,0.65839667,0.66082333,0.66207667,0.66501333,0.66685333,0.66899333,0.67161333,0.67439333,0.67743667,0.68059333,0.68371333,0.68719000,0.69147667,0.69586667,0.70034333,0.70626667,0.71223333,0.71701000,0.72236333,0.72593333,0.72867333,0.73303333,0.73447667,0.73756333,0.73936667,0.74136000,0.74371333,0.74491333,0.74701333,0.74681333,0.74967667,0.75003000,0.75096667,0.75087333,0.75119333,0.75110000,0.75126667,0.75008333,0.75131000,0.75232667,0.75108333,0.75126667,0.75110333,0.75112333,0.75120667,0.74969667,0.75068333,0.74878000,0.74844000,0.74912000,0.74729333,0.74771667,0.74639333,0.74631667,0.74612667,0.74696000,0.74661667,0.74655000,0.74520000,0.74480667
0.53449667,0.53541667,0.53642333,0.53824667,0.53915667,0.53959000,0.54150333,0.54233667,0.54465333,0.54530333,0.54617333,0.54767333,0.54931667,0.55051333,0.55259333,0.55371000,0.55550000,0.55725667,0.55789667,0.55996000,0.56045000,0.56183667,0.56334000,0.56466333,0.56576667,0.56698000,0.56825333,0.56975000,0.57078000,0.57152333,0.57228667,0.57357667,0.57500667,0.57551667,0.57621667,0.57687000,0.57796000,0.57958333,0.57937667,0.58071000,0.58212000,0.58361000,0.58410333,0.58535667,0.58748333,0.58834667,0.58965667,0.59088333,0.59162000,0.59295333,0.59424333,0.59564667,0.59695667,0.59894667,0.59951333,0.60104000,0.60242667,0.60414667,0.60515000,0.60749333,0.60788000,0.60947333,0.61126333,0.61234000,0.61296000,0.61446333,0.61649667,0.61787667,0.61961000,0.62075333,0.62154333,0.62285000,0.62400333,0.62617000,0.62748333,0.62969667,0.63078000,0.63212667,0.63457667,0.63539000,0.63782000,0.64018000,0.64155000,0.64275000,0.64514000,0.64660667,0.64912000,0.65055667,0.65284333,0.65517333,0.65548333,0.65780000,0.66057333,0.66109000,0.66270667,0.66467000,0.66686333,0.66843667,0.67016000,0.67174000,0.67418000,0.67675667,0.67951000,0.68165333,0.68505333,0.68736000,0.68984333,0.69298000,0.69620667,0.70051000,0.70512000,0.70869333,0.71504000,0.72146333,0.72522333,0.72936333,0.73383000,0.73685333,0.74044667,0.74249333,0.74416667,0.74659333,0.74821333,0.75025000,0.75071333,0.75260333,0.75363667,0.75401333,0.75415667,0.75499667,0.75482000,0.75586667,0.75656333,0.75698667,0.75509667,0.75484333,0.75598667,0.75459000,0.75531333,0.75549667,0.75521333,0.75429000,0.75233667,0.75300667,0.75245667,0.75170333,0.75124000,0.75009333,0.75028667,0.75037333,0.74927667,0.74791667,0.74912667,0.74916667,0.74922667,0.74700333,0.74847000
0.43605000,0.43698667,0.43811333,0.44068000,0.44203333,0.44341667,0.44553333,0.44768667,0.44931667,0.45124333,0.45336667,0.45471667,0.45707000,0.45921333,0.46170000,0.46335667,0.46568333,0.46844000,0.46951667,0.47232667,0.47376000,0.47519333,0.47744333,0.47919333,0.48169333,0.48264667,0.48486333,0.48671333,0.48848667,0.48996667,0.49122667,0.49349667,0.49544667,0.49688000,0.49823000,0.49972667,0.50167000,0.50351667,0.50468000,0.50656333,0.50781333,0.51014000,0.51166000,0.51358000,0.51573667,0.51709000,0.51882333,0.52037000,0.52296333,0.52367667,0.52631000,0.52803333,0.52953667,0.53224333,0.53395333,0.53585667,0.53763667,0.54008667,0.54171333,0.54419333,0.54591667,0.54784333,0.54950333,0.55153000,0.55311000,0.55473667,0.55761000,0.55936000,0.56154000,0.56297667,0.56443667,0.56676333,0.56815667,0.57051000,0.57220667,0.57488667,0.57705000,0.57879667,0.58136000,0.58278333,0.58600000,0.58791333,0.58980000,0.59134000,0.59446000,0.59675000,0.59922000,0.60124000,0.60341000,0.60613333,0.60784667,0.60994000,0.61322000,0.61407333,0.61552333,0.61821667,0.62100000,0.62285000,0.62462667,0.62738667,0.63078667,0.63442333,0.63660667,0.64015333,0.64383333,0.64827333,0.65233000,0.65670333,0.66107333,0.66685667,0.67207667,0.67782667,0.68614667,0.69313333,0.69900333,0.70383667,0.70925333,0.71369000,0.71680333,0.71995667,0.72208667,0.72495000,0.72804333,0.72841000,0.73186667,0.73269333,0.73309333,0.73485333,0.73449333,0.73487333,0.73628333,0.73613000,0.73571667,0.73579000,0.73592333,0.73459333,0.73486000,0.73493667,0.73370000,0.73408667,0.73394333,0.73345333,0.73091000,0.73152333,0.73153667,0.72952333,0.73090667,0.72869667,0.72773667,0.72881333,0.72780667,0.72572333,0.72673000,0.72618333,0.72680333,0.72685333,0.72744000
0.54390000,0.54475000,0.54557000,0.54602000,0.54565667,0.54612667,0.54749333,0.54785333,0.54856667,0.54909667,0.54984667,0.55095000,0.55184333,0.55295000,0.55356667,0.55476667,0.55628667,0.55810667,0.55818333,0.55979000,0.56091000,0.56154000,0.56325667,0.56355333,0.56510333,0.56501000,0.56623000,0.56703333,0.56763667,0.56877333,0.56826667,0.56945667,0.56956333,0.56975333,0.57038667,0.57121000,0.57136667,0.57271333,0.57274333,0.57409667,0.57429333,0.57544000,0.57639000,0.57652000,0.57737000,0.57967000,0.57971000,0.58058667,0.58231667,0.58232667,0.58342333,0.58431667,0.58553000,0.58626667,0.58716333,0.58885667,0.59016000,0.59136667,0.59266667,0.59435667,0.59567333,0.59664000,0.59709667,0.59901667,0.60020333,0.60118667,0.60216000,0.60421667,0.60509333,0.60564000,0.60716333,0.60963333,0.61085333,0.61202000,0.61357667,0.61481667,0.61607333,0.61763000,0.61931667,0.62026667,0.62259000,0.62404667,0.62596333,0.62724667,0.62933333,0.63129667,0.63295000,0.63398667,0.63720000,0.63941000,0.63997333,0.64128333,0.64461333,0.64521333,0.64550667,0.64874333,0.64951333,0.65085000,0.65186667,0.65431000,0.65666000,0.65883333,0.66063000,0.66294333,0.66658333,0.66834333,0.66973667,0.67317000,0.67757667,0.68072000,0.68453000,0.68748667,0.69509667,0.69972000,0.70427333,0.70725000,0.71115000,0.71524000,0.71823333,0.71996667,0.72158667,0.72444667,0.72563000,0.72889333,0.72971333,0.73117333,0.73233333,0.73253667,0.73405667,0.73207333,0.73475667,0.73407667,0.73350333,0.73589000,0.73492000,0.73398333,0.73530333,0.73393000,0.73402000,0.73411000,0.73203333,0.73398667,0.73329667,0.73310333,0.73062000,0.73087333,0.73088667,0.72938333,0.73011000,0.72944333,0.72794333,0.72722333,0.72642333,0.72480667,0.72709000,0.72454333,0.72640667
0.49189667,0.49333667,0.49375333,0.49424667,0.49506667,0.49626667,0.49722333,0.49828000,0.49929667,0.50025000,0.50195667,0.50263333,0.50378000,0.50553000,0.50671333,0.50812000,0.51009333,0.51163333,0.51327000,0.51568333,0.51686333,0.51886667,0.52050000,0.52166333,0.52391333,0.52450667,0.52604000,0.52730333,0.52791667,0.52884667,0.52951667,0.53068000,0.53044333,0.53041333,0.53256667,0.53274000,0.53319333,0.53512000,0.53508333,0.53637667,0.53745333,0.53839333,0.54020000,0.54049667,0.54143333,0.54306667,0.54423667,0.54678333,0.54698333,0.54797000,0.54903000,0.55046000,0.55239000,0.55412000,0.55422667,0.55599667,0.55766333,0.55982000,0.56118000,0.56224333,0.56436667,0.56532333,0.56669333,0.56842000,0.56939667,0.57113000,0.57238333,0.57411333,0.57650333,0.57700333,0.57929333,0.58031000,0.58161000,0.58294000,0.58600667,0.58734000,0.58847000,0.59115333,0.59245000,0.59355000,0.59558667,0.59742333,0.59928333,0.60066333,0.60341667,0.60504667,0.60679667,0.60963333,0.61200667,0.61355667,0.61500667,0.61716667,0.61867333,0.62052000,0.62183000,0.62340000,0.62478667,0.62696667,0.62770667,0.63063333,0.63211667,0.63458000,0.63745667,0.64049333,0.64322667,0.64522000,0.64787667,0.65201667,0.65575000,0.65964333,0.66326333,0.66803000,0.67413000,0.67952000,0.68356667,0.68830667,0.69204000,0.69564333,0.69862667,0.70075667,0.70356667,0.70510000,0.70703000,0.70961333,0.71121000,0.71216000,0.71334667,0.71449667,0.71497667,0.71551000,0.71606667,0.71700333,0.71629000,0.71672333,0.71726667,0.71800333,0.71628333,0.71795000,0.71777667,0.71581333,0.71728667,0.71833000,0.71525667,0.71761000,0.71776667,0.71636667,0.71554333,0.71494333,0.71543667,0.71408667,0.71533000,0.71588667,0.71542000,0.71494000,0.71506333,0.71712000,0.71629000
0.53868667,0.53939667,0.54105333,0.54175333,0.54275667,0.54382000,0.54520333,0.54691000,0.54767000,0.54898000,0.55085000,0.55127667,0.55271667,0.55404667,0.55628333,0.55636333,0.55836667,0.56051667,0.56091667,0.56280667,0.56328667,0.56461667,0.56578667,0.56737000,0.56860667,0.56971333,0.57175667,0.57247333,0.57342667,0.57437333,0.57545333,0.57768667,0.57827667,0.57914333,0.58030667,0.58155000,0.58250000,0.58430000,0.58484333,0.58629333,0.58763000,0.58824000,0.59049000,0.59122000,0.59287000,0.59454000,0.59484667,0.59608000,0.59771000,0.59920333,0.60049000,0.60183333,0.60317667,0.60440667,0.60560333,0.60663667,0.60811667,0.60962000,0.61186000,0.61338000,0.61478000,0.61614333,0.61706667,0.61860333,0.62054000,0.62074333,0.62320000,0.62429667,0.62597667,0.62744000,0.62893333,0.63042333,0.63164667,0.63354000,0.63503667,0.63617000,0.63755000,0.63964333,0.64119333,0.64285333,0.64443333,0.64630000,0.64808667,0.64956667,0.65116333,0.65306333,0.65500333,0.65736667,0.65928333,0.66131333,0.66210667,0.66482333,0.66628667,0.66743000,0.66943667,0.67073667,0.67281667,0.67409667,0.67465333,0.67792333,0.68003333,0.68161333,0.68413333,0.68682667,0.68899667,0.69149333,0.69366667,0.69733333,0.70051667,0.70276000,0.70716667,0.71066000,0.71643000,0.72100667,0.72412667,0.72952333,0.73217333,0.73563000,0.73733333,0.74025667,0.74308667,0.74495667,0.74712000,0.74804333,0.75006667,0.75195667,0.75362000,0.75544667,0.75498667,0.75655333,0.75681000,0.75739333,0.75757000,0.75778667,0.75929333,0.75873333,0.75975333,0.76019333,0.76122333,0.75983000,0.76162667,0.76141000,0.76032333,0.76015000,0.76083000,0.76147000,0.76056000,0.76020000,0.76025667,0.75974000,0.75981000,0.75968333,0.76089667,0.76061000,0.76078000,0.76081667,0.76167000
0.43641000,0.43758333,0.43966667,0.44174667,0.44329667,0.44475333,0.44752667,0.44943333,0.45130333,0.45379667,0.45604667,0.45729333,0.45971333,0.46212000,0.46513000,0.46685000,0.46940667,0.47167333,0.47357333,0.47617333,0.47774333,0.47971000,0.48150667,0.48391333,0.48617667,0.48772000,0.48963333,0.49181333,0.49342667,0.49469333,0.49701333,0.49914000,0.50068667,0.50182333,0.50442333,0.50556000,0.50759667,0.50971333,0.51067667,0.51301667,0.51474667,0.51617000,0.51808333,0.52070333,0.52228667,0.52412000,0.52612000,0.52790333,0.52987667,0.53110000,0.53342000,0.53443667,0.53707667,0.53955333,0.54043667,0.54301000,0.54537333,0.54731667,0.54923333,0.55180000,0.55335333,0.55582000,0.55749667,0.55969000,0.56114333,0.56318333,0.56594000,0.56726333,0.57044000,0.57165667,0.57347333,0.57571000,0.57663000,0.57999000,0.58165333,0.58409333,0.58600667,0.58736333,0.59027000,0.59141667,0.59451000,0.59677333,0.59947333,0.60078333,0.60357333,0.60611333,0.60871000,0.61035000,0.61335000,0.61611333,0.61739667,0.61948000,0.62235667,0.62392000,0.62556000,0.62819333,0.63158667,0.63296667,0.63474333,0.63796000,0.64075333,0.64463333,0.64745333,0.65073000,0.65506667,0.65832667,0.66233000,0.66626000,0.67200000,0.67646667,0.68192667,0.68830000,0.69582333,0.70300667,0.70851333,0.71431000,0.71794333,0.72352667,0.72716000,0.72898667,0.73205333,0.73551000,0.73774000,0.73856667,0.74087333,0.74189333,0.74386667,0.74427667,0.74458333,0.74547000,0.74578667,0.74592333,0.74679667,0.74741667,0.74546000,0.74556000,0.74680000,0.74447667,0.74561333,0.74569000,0.74593667,0.74343667,0.74325333,0.74287000,0.74318333,0.74213667,0.74050333,0.74007000,0.74017000,0.74024667,0.73961667,0.73868333,0.73878000,0.73943667,0.73922000,0.73936667,0.73918667
0.55525667,0.55386333,0.55274000,0.55177000,0.55125000,0.55048667,0.54993000,0.54996333,0.54940667,0.54985333,0.55007667,0.55009667,0.54983667,0.55093000,0.55125333,0.55149000,0.55289333,0.55348667,0.55343000,0.55525333,0.55613667,0.55689667,0.55794667,0.55954667,0.56015000,0.56056667,0.56256667,0.56238667,0.56341000,0.56332333,0.56421333,0.56536333,0.56589667,0.56623667,0.56699000,0.56742667,0.56860667,0.56997667,0.56991667,0.57088333,0.57193333,0.57352333,0.57456333,0.57559000,0.57695667,0.57759667,0.57880667,0.58048667,0.58162667,0.58251667,0.58361667,0.58488333,0.58644000,0.58716667,0.58806667,0.58992333,0.59104000,0.59199333,0.59401333,0.59479333,0.59637333,0.59776000,0.59887000,0.59986000,0.60154000,0.60220333,0.60456667,0.60575667,0.60709333,0.60869000,0.61017667,0.61149667,0.61287333,0.61470667,0.61580667,0.61738333,0.61874667,0.62077667,0.62174333,0.62350667,0.62529000,0.62722667,0.62839333,0.63122000,0.63266000,0.63449333,0.63606667,0.63899000,0.64096000,0.64234000,0.64386333,0.64623000,0.64813667,0.64923333,0.65077000,0.65215000,0.65416000,0.65505667,0.65635333,0.65822333,0.66061333,0.66214000,0.66441333,0.66705000,0.66942667,0.67179000,0.67525000,0.67742667,0.68091667,0.68295333,0.68718333,0.69012000,0.69587667,0.70101000,0.70334333,0.70829333,0.71143000,0.71489000,0.71704667,0.72056000,0.72247333,0.72534000,0.72752667,0.72930667,0.73106667,0.73209333,0.73376667,0.73590000,0.73693333,0.73794333,0.73827000,0.73919667,0.73975333,0.74117333,0.74151333,0.74146333,0.74291000,0.74416667,0.74426667,0.74491333,0.74497000,0.74563333,0.74534667,0.74628000,0.74489667,0.74609333,0.74609333,0.74658000,0.74642667,0.74698333,0.74580000,0.74658667,0.74847333,0.74752000,0.74806667,0.74735667,0.74964000
0.40760667,0.40911000,0.41094333,0.41293667,0.41507000,0.41666667,0.41931333,0.42123000,0.42334000,0.42544333,0.42802667,0.42927333,0.43209333,0.43413000,0.43743000,0.43889333,0.44204667,0.44404667,0.44618333,0.44880667,0.45070667,0.45284667,0.45504333,0.45701333,0.45902333,0.46097333,0.46309667,0.46538667,0.46705000,0.46867333,0.47062000,0.47274333,0.47419000,0.47578667,0.47827333,0.47936000,0.48111667,0.48352667,0.48436000,0.48663333,0.48883667,0.49052667,0.49246667,0.49486333,0.49682667,0.49884667,0.50035333,0.50208333,0.50413333,0.50571333,0.50809000,0.50975333,0.51115333,0.51401333,0.51538000,0.51796667,0.51984667,0.52267667,0.52476667,0.52677667,0.52838333,0.53019333,0.53307667,0.53501333,0.53590667,0.53855333,0.54067667,0.54318667,0.54524333,0.54653667,0.54849000,0.55077667,0.55266333,0.55539667,0.55755667,0.55976000,0.56164000,0.56397000,0.56558000,0.56718667,0.57081333,0.57243000,0.57519000,0.57690000,0.57977667,0.58207333,0.58436333,0.58633667,0.58884333,0.59191667,0.59348000,0.59594667,0.59848000,0.60009667,0.60229333,0.60448000,0.60704333,0.60897000,0.61079000,0.61327333,0.61651667,0.62008667,0.62306000,0.62588333,0.62999667,0.63427333,0.63687667,0.64159000,0.64626667,0.65116667,0.65673667,0.66213000,0.66874000,0.67566000,0.68149667,0.68623333,0.69059333,0.69516000,0.69826667,0.70070333,0.70421667,0.70657667,0.70953000,0.71073000,0.71274000,0.71439000,0.71640000,0.71693667,0.71798667,0.71810667,0.71887000,0.72025333,0.72027000,0.71962667,0.71913000,0.71959667,0.72041000,0.71936333,0.71933000,0.71999333,0.72080333,0.71789000,0.71849000,0.71841000,0.71805333,0.71655667,0.71747000,0.71539000,0.71542333,0.71668000,0.71655667,0.71547667,0.71675667,0.71682667,0.71671667,0.71498333,0.71671667
0.47775667,0.47854667,0.47871667,0.47943667,0.48051000,0.48110333,0.48192333,0.48222000,0.48311667,0.48465667,0.48525667,0.48628000,0.48718000,0.48823000,0.48982667,0.49073667,0.49190333,0.49312667,0.49452667,0.49592333,0.49734667,0.49862667,0.49990667,0.50135333,0.50260333,0.50314000,0.50444333,0.50521667,0.50637000,0.50741333,0.50744000,0.50909667,0.50877667,0.50905333,0.51047000,0.51113667,0.51127667,0.51314333,0.51380667,0.51510000,0.51557000,0.51647667,0.51781000,0.51837333,0.51970667,0.52143667,0.52230000,0.52404333,0.52468000,0.52510667,0.52734667,0.52813333,0.52986333,0.53130000,0.53219000,0.53364667,0.53458667,0.53649333,0.53816667,0.53963333,0.54063333,0.54210667,0.54296667,0.54504333,0.54578333,0.54725000,0.54871333,0.54990000,0.55206667,0.55269667,0.55459000,0.55515333,0.55738000,0.55848333,0.56062333,0.56232667,0.56308000,0.56536000,0.56662333,0.56793333,0.57005000,0.57132333,0.57329667,0.57465667,0.57738667,0.57885000,0.58073000,0.58282667,0.58509333,0.58655000,0.58813000,0.58983000,0.59171333,0.59405000,0.59459000,0.59595333,0.59805667,0.59964333,0.59977000,0.60265667,0.60508000,0.60675333,0.60904000,0.61158000,0.61432667,0.61693000,0.61927000,0.62231000,0.62587333,0.62910000,0.63181333,0.63692000,0.64170667,0.64587667,0.65009000,0.65333000,0.65810667,0.66061333,0.66383333,0.66529000,0.66821000,0.66997000,0.67208333,0.67470000,0.67613000,0.67684333,0.67748000,0.67937667,0.67941667,0.68050333,0.68197000,0.68160000,0.68197000,0.68284000,0.68346667,0.68370000,0.68376667,0.68442333,0.68520667,0.68396667,0.68450333,0.68611667,0.68398333,0.68572333,0.68639667,0.68624667,0.68456667,0.68462667,0.68491000,0.68438667,0.68635333,0.68591333,0.68564333,0.68536333,0.68671333,0.68632333,0.68732333
0.39699000,0.39913667,0.40115333,0.40381333,0.40598667,0.40761333,0.41013000,0.41235333,0.41535667,0.41738333,0.41981000,0.42178333,0.42462333,0.42698667,0.42992667,0.43277333,0.43496000,0.43787000,0.43958333,0.44272333,0.44440000,0.44667333,0.44942333,0.45108000,0.45403000,0.45553000,0.45695000,0.46012333,0.46201000,0.46425333,0.46549667,0.46846333,0.47018333,0.47179667,0.47405333,0.47549000,0.47729333,0.47990333,0.48100000,0.48320333,0.48540000,0.48713000,0.48981000,0.49172333,0.49371333,0.49543333,0.49731667,0.49925000,0.50123000,0.50321667,0.50559333,0.50692667,0.50915333,0.51230667,0.51406000,0.51525333,0.51789333,0.52065000,0.52211667,0.52475667,0.52672000,0.52909000,0.53089000,0.53310000,0.53504667,0.53677000,0.53934333,0.54072667,0.54365667,0.54549667,0.54762000,0.54930000,0.55082667,0.55397667,0.55547000,0.55820667,0.56068000,0.56189333,0.56472000,0.56601000,0.56953000,0.57154333,0.57410333,0.57568667,0.57876333,0.58153333,0.58345333,0.58616667,0.58824667,0.59102333,0.59285667,0.59540333,0.59834333,0.59995000,0.60148000,0.60396667,0.60686667,0.60913667,0.61041333,0.61301667,0.61619667,0.61880000,0.62173333,0.62527667,0.62854333,0.63244000,0.63567333,0.63962000,0.64385667,0.64858667,0.65318333,0.65752000,0.66444667,0.67053000,0.67543000,0.68085000,0.68519000,0.68998333,0.69344667,0.69527333,0.69744667,0.70043000,0.70341333,0.70536000,0.70661667,0.70908667,0.71012667,0.71222000,0.71228333,0.71261667,0.71378333,0.71517333,0.71586667,0.71643667,0.71599333,0.71661667,0.71644000,0.71690000,0.71739667,0.71819000,0.71791333,0.71702000,0.71631667,0.71686667,0.71685333,0.71684333,0.71719333,0.71547667,0.71598000,0.71596667,0.71554667,0.71606000,0.71553000,0.71668000,0.71630333,0.71502333,0.71635333
0.41424000,0.41609000,0.41772333,0.42046667,0.42188333,0.42356667,0.42551000,0.42773000,0.42990667,0.43164667,0.43404667,0.43557333,0.43798333,0.44028000,0.44268000,0.44484000,0.44721667,0.44940000,0.45144333,0.45372667,0.45515000,0.45737000,0.45945667,0.46101333,0.46373667,0.46533333,0.46692333,0.46908333,0.47158333,0.47287000,0.47412000,0.47647667,0.47833000,0.47977000,0.48173667,0.48254333,0.48422000,0.48674000,0.48756333,0.49054667,0.49189000,0.49362333,0.49554000,0.49755000,0.49949333,0.50108000,0.50378000,0.50533667,0.50703667,0.50831667,0.51081667,0.51224000,0.51438667,0.51661667,0.51770667,0.52007333,0.52194333,0.52438333,0.52611667,0.52831000,0.53008000,0.53226000,0.53455000,0.53699333,0.53798000,0.54010333,0.54257667,0.54428667,0.54684667,0.54813333,0.55009333,0.55218000,0.55356333,0.55571333,0.55780667,0.56055667,0.56246667,0.56396667,0.56659333,0.56798000,0.57143333,0.57328667,0.57520667,0.57670333,0.58013333,0.58192000,0.58475667,0.58684667,0.58906333,0.59153333,0.59308333,0.59570000,0.59772667,0.59997667,0.60130000,0.60391000,0.60655333,0.60851333,0.61019333,0.61302000,0.61593000,0.61909667,0.62187000,0.62512667,0.62854667,0.63245000,0.63586667,0.63949333,0.64425667,0.64937667,0.65427000,0.65916333,0.66638667,0.67372667,0.67833667,0.68379333,0.68796667,0.69291333,0.69564667,0.69885000,0.70054333,0.70348667,0.70663000,0.70804000,0.70821667,0.71159667,0.71257000,0.71366333,0.71356667,0.71439000,0.71507667,0.71613000,0.71649000,0.71646333,0.71524667,0.71589000,0.71752333,0.71640667,0.71590333,0.71571333,0.71617667,0.71513667,0.71494667,0.71427333,0.71455667,0.71392667,0.71417333,0.71272000,0.71209333,0.71237667,0.71355000,0.71128667,0.71195667,0.71254333,0.71242667,0.71135667,0.71254000
0.40468333,0.40731000,0.40871000,0.41148667,0.41349000,0.41498333,0.41883333,0.42073000,0.42329333,0.42535333,0.42772667,0.42991333,0.43262000,0.43507667,0.43854667,0.44054000,0.44349000,0.44602333,0.44800667,0.45102667,0.45308000,0.45498333,0.45802333,0.45982000,0.46280333,0.46420667,0.46723333,0.46886333,0.47141333,0.47320667,0.47467667,0.47761000,0.48016333,0.48124000,0.48373333,0.48480000,0.48737667,0.48961000,0.49062000,0.49329000,0.49538000,0.49742333,0.49977000,0.50205000,0.50404333,0.50640667,0.50810000,0.51027333,0.51218000,0.51424000,0.51705667,0.51846667,0.52037667,0.52358667,0.52462333,0.52729333,0.52978333,0.53240333,0.53409000,0.53701333,0.53914667,0.54095000,0.54339333,0.54594000,0.54702667,0.54973667,0.55211333,0.55438667,0.55710333,0.55876667,0.56000667,0.56285000,0.56459000,0.56761000,0.56956000,0.57244667,0.57429333,0.57649333,0.57962000,0.58020333,0.58463000,0.58680000,0.58862000,0.59076667,0.59392000,0.59646333,0.59945667,0.60140667,0.60372333,0.60658333,0.60895000,0.61157667,0.61426667,0.61568000,0.61782667,0.62031667,0.62262333,0.62473000,0.62729333,0.62946333,0.63313667,0.63613333,0.63908667,0.64277000,0.64637000,0.64985333,0.65360667,0.65808333,0.66221000,0.66703000,0.67292667,0.67744667,0.68529333,0.69228667,0.69792333,0.70268333,0.70662333,0.71158333,0.71552000,0.71780000,0.72050333,0.72345333,0.72628667,0.72883667,0.72947333,0.73147000,0.73360333,0.73437333,0.73515333,0.73602000,0.73682333,0.73766667,0.73870333,0.73903667,0.73843333,0.73923000,0.73930667,0.73901000,0.73976333,0.73943000,0.73980333,0.73878333,0.73793000,0.73948333,0.74012000,0.73902333,0.73897333,0.73688333,0.73805000,0.73709667,0.73780667,0.73829000,0.73810667,0.73925667,0.73904000,0.73866667,0.73966667
0.55840000,0.55941000,0.56046333,0.56092333,0.56264333,0.56320333,0.56444333,0.56631333,0.56702333,0.56823333,0.56916667,0.57003333,0.57215667,0.57349667,0.57483333,0.57574333,0.57692000,0.57894000,0.57915667,0.58066667,0.58170333,0.58277000,0.58407333,0.58567667,0.58656000,0.58749333,0.58924667,0.59025333,0.59116333,0.59214333,0.59293667,0.59497333,0.59550000,0.59643333,0.59728667,0.59867000,0.59972667,0.60132333,0.60143333,0.60307667,0.60461333,0.60551000,0.60680333,0.60782000,0.60929333,0.61076333,0.61159000,0.61310333,0.61461333,0.61540667,0.61686000,0.61790333,0.61963667,0.62110000,0.62144667,0.62322333,0.62478000,0.62608000,0.62871667,0.63021333,0.63096333,0.63267667,0.63341667,0.63464333,0.63683000,0.63796000,0.63950000,0.64100000,0.64250333,0.64407000,0.64545000,0.64683000,0.64872667,0.65068333,0.65172000,0.65310000,0.65515000,0.65734333,0.65853333,0.65998000,0.66154667,0.66286667,0.66544333,0.66719667,0.66864333,0.67058667,0.67280000,0.67567333,0.67765333,0.67947333,0.68074667,0.68304000,0.68511000,0.68643667,0.68769000,0.68944667,0.69134667,0.69231667,0.69469000,0.69693000,0.69931000,0.70092667,0.70337667,0.70670333,0.70975333,0.71180667,0.71636000,0.71938667,0.72333667,0.72647000,0.73160333,0.73590333,0.74272333,0.74846667,0.75254333,0.75762000,0.76259000,0.76545667,0.76795000,0.77095333,0.77332333,0.77637333,0.77838333,0.78132000,0.78260000,0.78355667,0.78482333,0.78710667,0.78773333,0.78800667,0.78813667,0.78779333,0.79006667,0.78987000,0.78990667,0.78916333,0.78943333,0.79115333,0.79027333,0.78933333,0.78998667,0.79040000,0.78974333,0.78937333,0.78875000,0.78865000,0.78776333,0.78734333,0.78728667,0.78721667,0.78624333,0.78686333,0.78821667,0.78696333,0.78734667,0.78642000,0.78727333
0.45435667,0.45502333,0.45604333,0.45679000,0.45751000,0.45861333,0.46039333,0.46022000,0.46292667,0.46229667,0.46408000,0.46515000,0.46624000,0.46724667,0.46879333,0.47167000,0.47167333,0.47380667,0.47475000,0.47603667,0.47703333,0.47864000,0.47939667,0.48077667,0.48308667,0.48289000,0.48452667,0.48619667,0.48632667,0.48752000,0.48806333,0.48826667,0.48946667,0.48939667,0.49044667,0.49133333,0.49157000,0.49353667,0.49398000,0.49449667,0.49589000,0.49669333,0.49850000,0.49904333,0.49984333,0.50170333,0.50149667,0.50259000,0.50536667,0.50490333,0.50684000,0.50791333,0.50810333,0.50939667,0.51183333,0.51298000,0.51436000,0.51569000,0.51672000,0.51812000,0.51990333,0.52160000,0.52299667,0.52427333,0.52561667,0.52700333,0.52760333,0.52958333,0.53081333,0.53149667,0.53412333,0.53551000,0.53565000,0.53847000,0.53910333,0.54099333,0.54217000,0.54384667,0.54557333,0.54667000,0.54789000,0.55000333,0.55178000,0.55289333,0.55565667,0.55849000,0.55877000,0.56014000,0.56295333,0.56571000,0.56518333,0.56752000,0.56978333,0.57079667,0.57079000,0.57309333,0.57583333,0.57727333,0.57735667,0.57970000,0.58335000,0.58518667,0.58707000,0.58853667,0.59378333,0.59623333,0.59824333,0.60153667,0.60790333,0.61153000,0.61400333,0.61953667,0.62525000,0.63120667,0.63665333,0.63966667,0.64456333,0.64852000,0.65075667,0.65253000,0.65562000,0.65740000,0.65906667,0.66152000,0.66176000,0.66307667,0.66506667,0.66510667,0.66585000,0.66547000,0.66568667,0.66562000,0.66602333,0.66578667,0.66492333,0.66473667,0.66428000,0.66454333,0.66421333,0.66239000,0.66263000,0.66059000,0.66081667,0.66075667,0.65814000,0.65897667,0.65778000,0.65578000,0.65759000,0.65541667,0.65396000,0.65405333,0.65244000,0.65207000,0.65202667,0.65098667,0.65117000
0.56176667,0.56340333,0.56529000,0.56631667,0.56800000,0.56966333,0.57097667,0.57229667,0.57397667,0.57613333,0.57737333,0.57859333,0.58020000,0.58223667,0.58368000,0.58574667,0.58706667,0.58850333,0.58966000,0.59162667,0.59251000,0.59407000,0.59583667,0.59700667,0.59855000,0.59940333,0.60150000,0.60261333,0.60370333,0.60398667,0.60516667,0.60656333,0.60712000,0.60854667,0.60957667,0.60929667,0.61178333,0.61275667,0.61388000,0.61542333,0.61630333,0.61727667,0.61849333,0.61886000,0.61981333,0.62187000,0.62247000,0.62422667,0.62565000,0.62689333,0.62783333,0.62874000,0.62960000,0.63128000,0.63341333,0.63482333,0.63610000,0.63729000,0.63849667,0.63969667,0.64097000,0.64220000,0.64416667,0.64523333,0.64688000,0.64720333,0.64861667,0.65073000,0.65202333,0.65290000,0.65461000,0.65594667,0.65727333,0.65847333,0.66066000,0.66106333,0.66307333,0.66505667,0.66623667,0.66744667,0.66893333,0.66982000,0.67167333,0.67345667,0.67504667,0.67743000,0.67897333,0.68072333,0.68346000,0.68464667,0.68628667,0.68745667,0.69030667,0.69128000,0.69219333,0.69334000,0.69542667,0.69639333,0.69704333,0.70000000,0.70164333,0.70427000,0.70649333,0.70893000,0.71215333,0.71413333,0.71660667,0.71985667,0.72327000,0.72660000,0.73080667,0.73529667,0.74032333,0.74469000,0.74958000,0.75358333,0.75752333,0.75949333,0.76352333,0.76553000,0.76763333,0.76980667,0.77201333,0.77334333,0.77436333,0.77673333,0.77783333,0.77874000,0.77937000,0.78065333,0.77910667,0.78115667,0.78149333,0.78004333,0.78092333,0.78206667,0.78026667,0.78108000,0.78210667,0.78134667,0.78039667,0.78198333,0.78176333,0.78076000,0.78082333,0.77974000,0.77888667,0.77919667,0.77773000,0.77815333,0.77817333,0.77778333,0.77774667,0.77796000,0.77871000,0.77825000,0.77718000
0.55218000,0.55338667,0.55511667,0.55626667,0.55745333,0.55891667,0.56037667,0.56238333,0.56337667,0.56545333,0.56694000,0.56793667,0.56944000,0.57138333,0.57287000,0.57431333,0.57515667,0.57681333,0.57853333,0.58001000,0.58094000,0.58318667,0.58395667,0.58469333,0.58694667,0.58764000,0.58997000,0.59129000,0.59159000,0.59233000,0.59363000,0.59554333,0.59578000,0.59720000,0.59822333,0.59851333,0.60044667,0.60113000,0.60232000,0.60362000,0.60459333,0.60591000,0.60695667,0.60813000,0.60873333,0.60985333,0.61167333,0.61249333,0.61391333,0.61579667,0.61701333,0.61797000,0.61875000,0.62088000,0.62309667,0.62404000,0.62553667,0.62653333,0.62819000,0.62975000,0.63098333,0.63217667,0.63357667,0.63504667,0.63658667,0.63731000,0.63850000,0.64040000,0.64113667,0.64301667,0.64483333,0.64577333,0.64725000,0.64880000,0.65041000,0.65230333,0.65329667,0.65537333,0.65698333,0.65854333,0.65997667,0.66095333,0.66266333,0.66461333,0.66648333,0.66875000,0.67036333,0.67311333,0.67502000,0.67642333,0.67771333,0.67949667,0.68169667,0.68281333,0.68448000,0.68550333,0.68706667,0.68874333,0.68994333,0.69243333,0.69400333,0.69599333,0.69854000,0.70126667,0.70470667,0.70699333,0.70983667,0.71333333,0.71687333,0.71991667,0.72420667,0.72855667,0.73379667,0.73856000,0.74288000,0.74695333,0.75057333,0.75341000,0.75763000,0.75983667,0.76068000,0.76465333,0.76663000,0.76818667,0.76902667,0.77141000,0.77281333,0.77351333,0.77431333,0.77496333,0.77476667,0.77641333,0.77696333,0.77538333,0.77639667,0.77734000,0.77723333,0.77761333,0.77895333,0.77804333,0.77711667,0.77825333,0.77813333,0.77807333,0.77732667,0.77700000,0.77596667,0.77668667,0.77560333,0.77616000,0.77517333,0.77571667,0.77664333,0.77660333,0.77618000,0.77622333,0.77613667
0.51832333,0.52022000,0.52114667,0.52275333,0.52379333,0.52448333,0.52587333,0.52669667,0.52907667,0.53020000,0.53146333,0.53194000,0.53344000,0.53506667,0.53642333,0.53787667,0.53882000,0.54087667,0.54194333,0.54330333,0.54412000,0.54546333,0.54686667,0.54766667,0.54933333,0.55004667,0.55155000,0.55254333,0.55351333,0.55467667,0.55675333,0.55715333,0.55856667,0.55900333,0.56003000,0.56097667,0.56284333,0.56377000,0.56420333,0.56582667,0.56681333,0.56761667,0.56925000,0.57042667,0.57095000,0.57237000,0.57400667,0.57517000,0.57573000,0.57745333,0.57844000,0.57963667,0.58109667,0.58128000,0.58377333,0.58487000,0.58658333,0.58708000,0.58920667,0.58977000,0.59155333,0.59270333,0.59347000,0.59506667,0.59631333,0.59748667,0.59873333,0.60016000,0.60121000,0.60308333,0.60402000,0.60476333,0.60694333,0.60788000,0.60994000,0.61067333,0.61210333,0.61358667,0.61597000,0.61612000,0.61806333,0.61954333,0.62139333,0.62286333,0.62484667,0.62613667,0.62803667,0.62978667,0.63234000,0.63354333,0.63495333,0.63707667,0.63905333,0.63932000,0.64063333,0.64232333,0.64364000,0.64470667,0.64713333,0.64890667,0.65113667,0.65266667,0.65472333,0.65757333,0.65928000,0.66175667,0.66443333,0.66683667,0.67033667,0.67401000,0.67748000,0.68111333,0.68688000,0.69071333,0.69451000,0.69884333,0.70187667,0.70592000,0.70934667,0.70982667,0.71303000,0.71493000,0.71679667,0.71798333,0.71940333,0.72133667,0.72171333,0.72403333,0.72492333,0.72499000,0.72626000,0.72603667,0.72702000,0.72706667,0.72650333,0.72661667,0.72808333,0.72671667,0.72770667,0.72790333,0.72840000,0.72796667,0.72759667,0.72738667,0.72682000,0.72606667,0.72683667,0.72530667,0.72661000,0.72406333,0.72495000,0.72351667,0.72610333,0.72460000,0.72367000,0.72315333,0.72404000
0.39056667,0.39208667,0.39448000,0.39680667,0.39902000,0.40119333,0.40360667,0.40603333,0.40873667,0.41141667,0.41369000,0.41603667,0.41893667,0.42132667,0.42391667,0.42664000,0.42982667,0.43290000,0.43448000,0.43735000,0.43982333,0.44233667,0.44500000,0.44727333,0.45060333,0.45232333,0.45450667,0.45688667,0.45958333,0.46164000,0.46293667,0.46574667,0.46820000,0.47035000,0.47286667,0.47426333,0.47634333,0.47919000,0.48080333,0.48343000,0.48561333,0.48837333,0.49038000,0.49254000,0.49531667,0.49729333,0.49942333,0.50239333,0.50426000,0.50622333,0.50852333,0.51109667,0.51304333,0.51612000,0.51764000,0.52005000,0.52318333,0.52537000,0.52777000,0.52987333,0.53287333,0.53502333,0.53744000,0.53981667,0.54180000,0.54401333,0.54725000,0.54930667,0.55182333,0.55395333,0.55666667,0.55840667,0.56041667,0.56387667,0.56550667,0.56852000,0.57122000,0.57275667,0.57588667,0.57753333,0.58148333,0.58353667,0.58598667,0.58793000,0.59136667,0.59375000,0.59650333,0.59900667,0.60233667,0.60470667,0.60682333,0.61006000,0.61227000,0.61442667,0.61604667,0.61919333,0.62184333,0.62384667,0.62614333,0.62888000,0.63271000,0.63530333,0.63872333,0.64231667,0.64674667,0.65049000,0.65445333,0.65891667,0.66323000,0.66825667,0.67388000,0.67922667,0.68610333,0.69288333,0.69870000,0.70410000,0.70827333,0.71242000,0.71684000,0.71966000,0.72203000,0.72558000,0.72790000,0.73000667,0.73190667,0.73407000,0.73542667,0.73624000,0.73816667,0.73858000,0.74023333,0.74135000,0.74155333,0.74263000,0.74143000,0.74180000,0.74249000,0.74170667,0.74201333,0.74387667,0.74305000,0.74232000,0.74326333,0.74241000,0.74182000,0.74150667,0.74273667,0.74260667,0.74159000,0.74089000,0.74190667,0.74137000,0.74296000,0.74262000,0.74424000,0.74091000,0.74348333
0.46606000,0.46670333,0.46896667,0.47022667,0.47171000,0.47306667,0.47458667,0.47634333,0.47863000,0.47956333,0.48113667,0.48344000,0.48519000,0.48668333,0.48853333,0.49205667,0.49253333,0.49556667,0.49686333,0.49803333,0.49947000,0.50177333,0.50310000,0.50499333,0.50680333,0.50840000,0.51035000,0.51231667,0.51220333,0.51470333,0.51587000,0.51626333,0.51780000,0.51823000,0.52044333,0.52100667,0.52213667,0.52485000,0.52503667,0.52662667,0.52816667,0.52934667,0.53163333,0.53238667,0.53396667,0.53613333,0.53661000,0.53773333,0.54060000,0.54053667,0.54275667,0.54456333,0.54497667,0.54701000,0.54844000,0.55071000,0.55286000,0.55426667,0.55556667,0.55738000,0.55889000,0.56116333,0.56271667,0.56435667,0.56594333,0.56764333,0.56884333,0.57052000,0.57257667,0.57369333,0.57599000,0.57765000,0.57851667,0.58150667,0.58247000,0.58413000,0.58541667,0.58798333,0.58996667,0.59086000,0.59296000,0.59485000,0.59720000,0.59834333,0.60138333,0.60411667,0.60479000,0.60738333,0.60928000,0.61230333,0.61224333,0.61484000,0.61714333,0.61870000,0.61963333,0.62236667,0.62426667,0.62607000,0.62644667,0.62972667,0.63314667,0.63529000,0.63723667,0.63886000,0.64398667,0.64609667,0.64916667,0.65202333,0.65762000,0.66167333,0.66484667,0.66887000,0.67528333,0.68138333,0.68777333,0.69001333,0.69520333,0.69921667,0.70195000,0.70397667,0.70496667,0.70803667,0.70970000,0.71193667,0.71270000,0.71401333,0.71528000,0.71596667,0.71767667,0.71726667,0.71813667,0.71690000,0.71778000,0.71832667,0.71667333,0.71756333,0.71697000,0.71715333,0.71696667,0.71555000,0.71551000,0.71434333,0.71480333,0.71374667,0.71221333,0.71376000,0.71114333,0.71112000,0.71115333,0.70923000,0.70973667,0.70723000,0.70631333,0.70706333,0.70672333,0.70531000,0.70527667
0.48365000,0.48505333,0.48726333,0.48912667,0.49131333,0.49382333,0.49568667,0.49688000,0.49924333,0.50196333,0.50400000,0.50581667,0.50731333,0.51030667,0.51229667,0.51430667,0.51628667,0.51849667,0.52040667,0.52318333,0.52468667,0.52708333,0.52907000,0.53041667,0.53357333,0.53422000,0.53686333,0.53819000,0.54029000,0.54241000,0.54408333,0.54618000,0.54692667,0.54811333,0.55015333,0.55217667,0.55384333,0.55563333,0.55724000,0.55918667,0.56039000,0.56170333,0.56490667,0.56517667,0.56673333,0.56917667,0.57136000,0.57284333,0.57429000,0.57588333,0.57795000,0.57977333,0.58151667,0.58337667,0.58469000,0.58732000,0.58858000,0.59123000,0.59277000,0.59403667,0.59652333,0.59833000,0.59976000,0.60156000,0.60358667,0.60521333,0.60744000,0.60859667,0.61121667,0.61224000,0.61435000,0.61567333,0.61773000,0.61923333,0.62205667,0.62386333,0.62549000,0.62756000,0.62957333,0.63152667,0.63306333,0.63577333,0.63702000,0.63870000,0.64167000,0.64324000,0.64560333,0.64802333,0.65088333,0.65248333,0.65443000,0.65664000,0.65910000,0.66013333,0.66198000,0.66400667,0.66512333,0.66749000,0.66902333,0.67174000,0.67394667,0.67690667,0.67900333,0.68259000,0.68547000,0.68931333,0.69185667,0.69585667,0.69957333,0.70401667,0.70760667,0.71260667,0.71889000,0.72443000,0.72935667,0.73386333,0.73817667,0.74132667,0.74590000,0.74658667,0.75011000,0.75309667,0.75520000,0.75752000,0.75873000,0.75991333,0.76095333,0.76252667,0.76393000,0.76499667,0.76497333,0.76596333,0.76675000,0.76601000,0.76790667,0.76679000,0.76717000,0.76860667,0.76912667,0.76661000,0.76857333,0.77004333,0.76717333,0.76838333,0.77035667,0.76930333,0.76715333,0.76700333,0.76748000,0.76682667,0.76819333,0.76855333,0.76775333,0.76747333,0.76739667,0.76836333,0.76931333
0.59043667,0.59168000,0.59412333,0.59539333,0.59690000,0.59851333,0.59988333,0.60136667,0.60288000,0.60481667,0.60652333,0.60777000,0.60940667,0.61106667,0.61240333,0.61487667,0.61571333,0.61781000,0.61930667,0.62055667,0.62170000,0.62407667,0.62530667,0.62679667,0.62874000,0.62990000,0.63150333,0.63320667,0.63402333,0.63439667,0.63594667,0.63685667,0.63743000,0.63859333,0.63998667,0.64007667,0.64170000,0.64277333,0.64355667,0.64512667,0.64614000,0.64715333,0.64808000,0.64946667,0.65020000,0.65189333,0.65262333,0.65387000,0.65590333,0.65660667,0.65856333,0.65949667,0.66036333,0.66209333,0.66445333,0.66506000,0.66626000,0.66763000,0.66910667,0.67082667,0.67250000,0.67348333,0.67441667,0.67603333,0.67724000,0.67842333,0.67969000,0.68167667,0.68199000,0.68364667,0.68586667,0.68625333,0.68840000,0.68948333,0.69140333,0.69262667,0.69391333,0.69543000,0.69711000,0.69908000,0.69990333,0.70126000,0.70290333,0.70577000,0.70676333,0.70848333,0.71072333,0.71315333,0.71496667,0.71630000,0.71780667,0.71987667,0.72169667,0.72230667,0.72408333,0.72545333,0.72708667,0.72824667,0.72967000,0.73233000,0.73418667,0.73580667,0.73815333,0.74107667,0.74387667,0.74641000,0.74870000,0.75260000,0.75597000,0.75930667,0.76311000,0.76734333,0.77306667,0.77732333,0.78184667,0.78626667,0.78964000,0.79236000,0.79598000,0.79804333,0.80080000,0.80266333,0.80481667,0.80673000,0.80745000,0.80984333,0.81048000,0.81159333,0.81186333,0.81287333,0.81224000,0.81367333,0.81366000,0.81266667,0.81355667,0.81395000,0.81373000,0.81307667,0.81422333,0.81398333,0.81240000,0.81358667,0.81347333,0.81314000,0.81174667,0.81239000,0.80956667,0.80996333,0.80988333,0.81073667,0.80975333,0.81047000,0.81002333,0.81023333,0.80982333,0.80962667,0.80822333
0.48840667,0.48881000,0.48946667,0.49092333,0.49134667,0.49151333,0.49320000,0.49379667,0.49509667,0.49579667,0.49729667,0.49738667,0.49878333,0.50015000,0.50173000,0.50273000,0.50443000,0.50571333,0.50624667,0.50844000,0.50822667,0.51047333,0.51216333,0.51267333,0.51421667,0.51472000,0.51555333,0.51708333,0.51780000,0.51858667,0.51908000,0.52056667,0.52104333,0.52174667,0.52285333,0.52333333,0.52426667,0.52534667,0.52606000,0.52703000,0.52853000,0.53003667,0.53042333,0.53196333,0.53316000,0.53396333,0.53510000,0.53621000,0.53738667,0.53840333,0.53944667,0.54099667,0.54163667,0.54355000,0.54430000,0.54563333,0.54701000,0.54892667,0.54981667,0.55125000,0.55275333,0.55389000,0.55528667,0.55655333,0.55774667,0.55909333,0.56105000,0.56230667,0.56415333,0.56501667,0.56664000,0.56767333,0.56833333,0.57057000,0.57223333,0.57391667,0.57559333,0.57631667,0.57883667,0.57943000,0.58179333,0.58358000,0.58485333,0.58677333,0.58912667,0.59099000,0.59285333,0.59419667,0.59609667,0.59895333,0.59962000,0.60138333,0.60380000,0.60501000,0.60642667,0.60826333,0.61022667,0.61151333,0.61274000,0.61431667,0.61736333,0.61982000,0.62109333,0.62382333,0.62685000,0.62879000,0.63195333,0.63473000,0.63838000,0.64203667,0.64550000,0.64957000,0.65556000,0.66044667,0.66506667,0.66945333,0.67296333,0.67596000,0.67961000,0.68143333,0.68294667,0.68553667,0.68788333,0.68908667,0.69102000,0.69269000,0.69350333,0.69394333,0.69485000,0.69469667,0.69514333,0.69626667,0.69634667,0.69769667,0.69593333,0.69623333,0.69642667,0.69539000,0.69638667,0.69689333,0.69572333,0.69512333,0.69462333,0.69525667,0.69457667,0.69422333,0.69320667,0.69337000,0.69269667,0.69263667,0.69281000,0.69248667,0.69172333,0.69267333,0.69167333,0.69202667,0.69237000
0.45949667,0.45996667,0.46107000,0.46160667,0.46217667,0.46369667,0.46462667,0.46512000,0.46747333,0.46670000,0.46842000,0.47011000,0.47116667,0.47179667,0.47306333,0.47565000,0.47608333,0.47834000,0.47936667,0.48017000,0.48114000,0.48247000,0.48425000,0.48525000,0.48707000,0.48781333,0.48907000,0.49066000,0.49035000,0.49191000,0.49241333,0.49279667,0.49372000,0.49410000,0.49546333,0.49580333,0.49691333,0.49851667,0.49826333,0.49894000,0.50094000,0.50127333,0.50264667,0.50355000,0.50460000,0.50644000,0.50616000,0.50754000,0.50969333,0.50893333,0.51104000,0.51257333,0.51285667,0.51451000,0.51640667,0.51750667,0.51899667,0.52026000,0.52183333,0.52297333,0.52495667,0.52594667,0.52740000,0.52857000,0.53005667,0.53150000,0.53248667,0.53361667,0.53549667,0.53622333,0.53828333,0.54023333,0.54065333,0.54305667,0.54436333,0.54598333,0.54685333,0.54847333,0.55059333,0.55114667,0.55327333,0.55521000,0.55708000,0.55780667,0.56041333,0.56349667,0.56356333,0.56524333,0.56760333,0.57062667,0.57017333,0.57198667,0.57495333,0.57654333,0.57651333,0.57872000,0.58111000,0.58228333,0.58266333,0.58581667,0.58852667,0.59031000,0.59195667,0.59426000,0.59918667,0.60163333,0.60391000,0.60644000,0.61282000,0.61611333,0.61893667,0.62349333,0.63056333,0.63588000,0.64164667,0.64447667,0.64994333,0.65246000,0.65570333,0.65786333,0.65959667,0.66202333,0.66367667,0.66647333,0.66683667,0.66753667,0.66906000,0.66900000,0.67154000,0.67005333,0.67117333,0.67083333,0.67160333,0.67166667,0.66987667,0.67001000,0.66942333,0.67028667,0.66930000,0.66882000,0.66752000,0.66637333,0.66589333,0.66645000,0.66473333,0.66443667,0.66220000,0.66240667,0.66386000,0.66141000,0.66085000,0.66040667,0.65872000,0.65899333,0.65908333,0.65726667,0.65637667
0.49667333,0.49897000,0.50064333,0.50125667,0.50233000,0.50400000,0.50628333,0.50720667,0.50928667,0.51035667,0.51174333,0.51307333,0.51530667,0.51659333,0.51788667,0.52000667,0.52151000,0.52378000,0.52446333,0.52634667,0.52844333,0.52933000,0.53124667,0.53273667,0.53425000,0.53475667,0.53703667,0.53832000,0.53883333,0.54080333,0.54092667,0.54240333,0.54392667,0.54420667,0.54597000,0.54679000,0.54764667,0.54844667,0.54893000,0.55113333,0.55212333,0.55279000,0.55462333,0.55516000,0.55639333,0.55871333,0.55901667,0.56047000,0.56282333,0.56317667,0.56467667,0.56626333,0.56700333,0.56840333,0.57006333,0.57126333,0.57278333,0.57397667,0.57564667,0.57763333,0.57903000,0.58099000,0.58180000,0.58306333,0.58471667,0.58572333,0.58717667,0.58911333,0.59004333,0.59200000,0.59327667,0.59521667,0.59636667,0.59821333,0.59981667,0.60108000,0.60216000,0.60399000,0.60554333,0.60716667,0.60895667,0.61099333,0.61224667,0.61368667,0.61631333,0.61856667,0.62024333,0.62109333,0.62404667,0.62641667,0.62768000,0.62883000,0.63148667,0.63309000,0.63304333,0.63554333,0.63732000,0.63886333,0.64050667,0.64192667,0.64468333,0.64717667,0.64859000,0.65101667,0.65482333,0.65700000,0.65924000,0.66202667,0.66628667,0.67048667,0.67324667,0.67667667,0.68348333,0.68803667,0.69238000,0.69538667,0.69943333,0.70333333,0.70586333,0.70836333,0.71026333,0.71337000,0.71479667,0.71656667,0.71769000,0.71893333,0.72095333,0.72094667,0.72329000,0.72155667,0.72320667,0.72382667,0.72297333,0.72419667,0.72418667,0.72317333,0.72434000,0.72394667,0.72409000,0.72290000,0.72260667,0.72230667,0.72223667,0.72265000,0.72113333,0.72014667,0.71995667,0.71938000,0.71985333,0.71815667,0.71736000,0.71733667,0.71562000,0.71529667,0.71676667,0.71505667,0.71433000
0.48153333,0.48382000,0.48616000,0.48715333,0.48928000,0.49129667,0.49301333,0.49435667,0.49686333,0.49795667,0.49953000,0.50187333,0.50363667,0.50567333,0.50753000,0.50966000,0.51097667,0.51299667,0.51452333,0.51633667,0.51864333,0.52001000,0.52237000,0.52345333,0.52545000,0.52665333,0.52892333,0.53068000,0.53196333,0.53328333,0.53408333,0.53543000,0.53694333,0.53732667,0.53967333,0.53995000,0.54133000,0.54387000,0.54388000,0.54609333,0.54691000,0.54864667,0.55006667,0.55113333,0.55249667,0.55520000,0.55534333,0.55745667,0.55917000,0.55985667,0.56179000,0.56360333,0.56460667,0.56618667,0.56767333,0.56945000,0.57073333,0.57276667,0.57431667,0.57625000,0.57793667,0.57980667,0.58052000,0.58225333,0.58462333,0.58600000,0.58760000,0.58903667,0.59044000,0.59250667,0.59404667,0.59614667,0.59769667,0.59963333,0.60123333,0.60271667,0.60479000,0.60641333,0.60861000,0.60965333,0.61112667,0.61414000,0.61559000,0.61658667,0.61967667,0.62227333,0.62305333,0.62495000,0.62851333,0.63044667,0.63180000,0.63265333,0.63648667,0.63729667,0.63841667,0.64066333,0.64295333,0.64342000,0.64543667,0.64767000,0.65041667,0.65276333,0.65489333,0.65716667,0.66101667,0.66394000,0.66594667,0.66929000,0.67373333,0.67740000,0.68120333,0.68443333,0.69169000,0.69658667,0.70067333,0.70461667,0.70906667,0.71280000,0.71576667,0.71772000,0.71973000,0.72283333,0.72330667,0.72718667,0.72792667,0.73039333,0.73138333,0.73179000,0.73374000,0.73225000,0.73375333,0.73459667,0.73405333,0.73541000,0.73526000,0.73470333,0.73466000,0.73500000,0.73501667,0.73512000,0.73394333,0.73392000,0.73413000,0.73321333,0.73265333,0.73248000,0.73196667,0.73042667,0.73062333,0.72936667,0.72998667,0.72878000,0.72640000,0.72690000,0.72818667,0.72747000,0.72752667
0.46014333,0.46279000,0.46422333,0.46579000,0.46715667,0.46951667,0.47215333,0.47309000,0.47586667,0.47735667,0.47927667,0.48075000,0.48325667,0.48544333,0.48693333,0.48947000,0.49153333,0.49391000,0.49519333,0.49722333,0.49947333,0.50123667,0.50297333,0.50486333,0.50735333,0.50803667,0.51005000,0.51201000,0.51282333,0.51510667,0.51604333,0.51795000,0.51946667,0.52031333,0.52236333,0.52332667,0.52510000,0.52645667,0.52783333,0.52954333,0.53070333,0.53209333,0.53434667,0.53555000,0.53670333,0.54007333,0.53998667,0.54197333,0.54345000,0.54481667,0.54696000,0.54865667,0.54968667,0.55170000,0.55319667,0.55523000,0.55706000,0.55889000,0.56149667,0.56299000,0.56470667,0.56745667,0.56760000,0.56984000,0.57217667,0.57362000,0.57511667,0.57740667,0.57898000,0.58075333,0.58224667,0.58464333,0.58659333,0.58862333,0.58989000,0.59206000,0.59341000,0.59564000,0.59783667,0.59866000,0.60146333,0.60405667,0.60535000,0.60718333,0.60975333,0.61195667,0.61455667,0.61567333,0.61898333,0.62169667,0.62303000,0.62452333,0.62833333,0.62970333,0.63047000,0.63283333,0.63485000,0.63653000,0.63834000,0.64076333,0.64370000,0.64651667,0.64875333,0.65114000,0.65655333,0.65953000,0.66205667,0.66559333,0.67128333,0.67504667,0.67934667,0.68368333,0.69141667,0.69765333,0.70281000,0.70758333,0.71229000,0.71590000,0.71934000,0.72094000,0.72410667,0.72667667,0.72919667,0.73124333,0.73186333,0.73426000,0.73530000,0.73553667,0.73763333,0.73579333,0.73733667,0.73779000,0.73731000,0.73909667,0.73926333,0.73724333,0.73751000,0.73711000,0.73684000,0.73559667,0.73657667,0.73605667,0.73444333,0.73471000,0.73347667,0.73296333,0.73314000,0.73210333,0.73176333,0.72945667,0.72894000,0.72902333,0.72746667,0.72669000,0.72766667,0.72540667,0.72640000
0.39376333,0.39606000,0.39923000,0.40204333,0.40446333,0.40720000,0.41029000,0.41349667,0.41612667,0.41878333,0.42173000,0.42384667,0.42753667,0.42995000,0.43379333,0.43656333,0.44012333,0.44270333,0.44541667,0.44844333,0.45069667,0.45323667,0.45632000,0.45875667,0.46175333,0.46413333,0.46653667,0.46940000,0.47188000,0.47400667,0.47610333,0.47917000,0.48190000,0.48403333,0.48629000,0.48841000,0.49075000,0.49380333,0.49478333,0.49767333,0.50012000,0.50231000,0.50522333,0.50749667,0.51032000,0.51258667,0.51473000,0.51730667,0.51953333,0.52189333,0.52461000,0.52669333,0.52908000,0.53151333,0.53393667,0.53695333,0.53923667,0.54278667,0.54490000,0.54763333,0.54990000,0.55285667,0.55518667,0.55732667,0.55947000,0.56216667,0.56490333,0.56791000,0.56991667,0.57215667,0.57482333,0.57688667,0.57935667,0.58212000,0.58457333,0.58675333,0.59010667,0.59226333,0.59527333,0.59691667,0.60087667,0.60287667,0.60602000,0.60788667,0.61130000,0.61396333,0.61628333,0.61875000,0.62179000,0.62534000,0.62668333,0.63026000,0.63335000,0.63530667,0.63685667,0.63985667,0.64363333,0.64504667,0.64768333,0.65085333,0.65459000,0.65794333,0.66153000,0.66546333,0.66983667,0.67462667,0.67806667,0.68280667,0.68816333,0.69404333,0.69951667,0.70593000,0.71408667,0.72160000,0.72749333,0.73317000,0.73820667,0.74298667,0.74692667,0.74978667,0.75206000,0.75601333,0.75887333,0.76118333,0.76287000,0.76490000,0.76757000,0.76795667,0.76915000,0.76887000,0.77007000,0.77106333,0.77175333,0.77268333,0.77158000,0.77116667,0.77198667,0.77134667,0.77182000,0.77215333,0.77240000,0.77174667,0.77074000,0.77144000,0.77101000,0.76925000,0.77156333,0.76947000,0.76933000,0.76927333,0.76960333,0.76807333,0.76955333,0.77020000,0.76967667,0.76887333,0.76969667
0.48845000,0.48869000,0.48964333,0.49124333,0.49161000,0.49208667,0.49326000,0.49466667,0.49560000,0.49641333,0.49785667,0.49854333,0.49982667,0.50089667,0.50304000,0.50422333,0.50501333,0.50670000,0.50786667,0.50957667,0.51024333,0.51176667,0.51324333,0.51444333,0.51576000,0.51704667,0.51792667,0.51953000,0.52048667,0.52069667,0.52093667,0.52314667,0.52397333,0.52382333,0.52576667,0.52543333,0.52696333,0.52818333,0.52830000,0.52966000,0.53077000,0.53202333,0.53261667,0.53422000,0.53587333,0.53660333,0.53822333,0.53938333,0.54034667,0.54134000,0.54300333,0.54366000,0.54491667,0.54764000,0.54806333,0.54947667,0.55096000,0.55255333,0.55379000,0.55500333,0.55642000,0.55720667,0.55925333,0.56105333,0.56171333,0.56273333,0.56450667,0.56578333,0.56787000,0.56912000,0.56994333,0.57219000,0.57287000,0.57503667,0.57670000,0.57840000,0.57929667,0.58085333,0.58353333,0.58416000,0.58715333,0.58865333,0.58969333,0.59188000,0.59394333,0.59576000,0.59750667,0.59937333,0.60133000,0.60385667,0.60509000,0.60708000,0.60909000,0.60975000,0.61125333,0.61334000,0.61569667,0.61668333,0.61816667,0.61971000,0.62256000,0.62469333,0.62636667,0.62855667,0.63105667,0.63363667,0.63607000,0.63801333,0.64216333,0.64468000,0.64885000,0.65128667,0.65666667,0.66184667,0.66459333,0.66929667,0.67206667,0.67545667,0.67846667,0.68063667,0.68296333,0.68541667,0.68781667,0.68971333,0.69033000,0.69256000,0.69362333,0.69479333,0.69555000,0.69593000,0.69686000,0.69825667,0.69871333,0.69857667,0.69857000,0.69905667,0.69922667,0.69983667,0.69972000,0.69982000,0.70138667,0.70046667,0.69931000,0.70003000,0.69916667,0.69975333,0.70045000,0.69914667,0.69948333,0.70000000,0.69964333,0.69979667,0.70021000,0.70038667,0.69989333,0.70072000,0.70170667
0.49751333,0.49938000,0.50124333,0.50311000,0.50485000,0.50649000,0.50805667,0.51004000,0.51297000,0.51293333,0.51548667,0.51809000,0.51963333,0.52129333,0.52324000,0.52609000,0.52756333,0.53019333,0.53196667,0.53372000,0.53526333,0.53725333,0.53910000,0.54136000,0.54333667,0.54457333,0.54677333,0.54915000,0.54984333,0.55196333,0.55288333,0.55335667,0.55561667,0.55526000,0.55787333,0.55852667,0.55967000,0.56202000,0.56263000,0.56361667,0.56572667,0.56694000,0.56858667,0.57012667,0.57158000,0.57366333,0.57405333,0.57574333,0.57867333,0.57936333,0.58176667,0.58266667,0.58378000,0.58544667,0.58788333,0.58932000,0.59130000,0.59277333,0.59449000,0.59581000,0.59839667,0.60022667,0.60186667,0.60329000,0.60473333,0.60705333,0.60774667,0.60913333,0.61116333,0.61241667,0.61535333,0.61717000,0.61809333,0.62031333,0.62166667,0.62387333,0.62513667,0.62809000,0.62978667,0.63005667,0.63278667,0.63537667,0.63693000,0.63875333,0.64130000,0.64404000,0.64506333,0.64709333,0.64994667,0.65242333,0.65265000,0.65464667,0.65766000,0.65894667,0.65936667,0.66204333,0.66478667,0.66606667,0.66660667,0.67021667,0.67215000,0.67487667,0.67685667,0.67831333,0.68316000,0.68521000,0.68743333,0.69068333,0.69570000,0.69877000,0.70215333,0.70593000,0.71242000,0.71698667,0.72293000,0.72487667,0.72992667,0.73426000,0.73644333,0.73833000,0.74037000,0.74273333,0.74429000,0.74690000,0.74694000,0.74879000,0.75086000,0.75068333,0.75317000,0.75222333,0.75284000,0.75387667,0.75357000,0.75465000,0.75243333,0.75374333,0.75296000,0.75423333,0.75407000,0.75349667,0.75269333,0.75124000,0.75173000,0.75212333,0.74966333,0.75211333,0.75029000,0.74935667,0.75028667,0.74868333,0.74800667,0.74703000,0.74601333,0.74702667,0.74604000,0.74478000,0.74559333
0.48143667,0.48304000,0.48299333,0.48455667,0.48572000,0.48641333,0.48749333,0.48821000,0.48981667,0.49071667,0.49153333,0.49263667,0.49414000,0.49537667,0.49716333,0.49802667,0.49876667,0.50026000,0.50094667,0.50168333,0.50301667,0.50458667,0.50551333,0.50599667,0.50743333,0.50871333,0.50932000,0.51078333,0.51126000,0.51269333,0.51285333,0.51445333,0.51513667,0.51508667,0.51668667,0.51721333,0.51802667,0.51948000,0.51962667,0.52102667,0.52150667,0.52253667,0.52375667,0.52456667,0.52557667,0.52681000,0.52712667,0.52917000,0.52977667,0.53042333,0.53174000,0.53242667,0.53370667,0.53495333,0.53641333,0.53729667,0.53853000,0.53999333,0.54130333,0.54221667,0.54325333,0.54385333,0.54561000,0.54667000,0.54724000,0.54928000,0.54996667,0.55059000,0.55200000,0.55388000,0.55415333,0.55546000,0.55751000,0.55836333,0.56044000,0.56135000,0.56226333,0.56334333,0.56543333,0.56593333,0.56794000,0.56932667,0.57076333,0.57152333,0.57385000,0.57531333,0.57644333,0.57861000,0.58057000,0.58220333,0.58324667,0.58555667,0.58671333,0.58741000,0.58822667,0.58992333,0.59104000,0.59309667,0.59462667,0.59607000,0.59806333,0.60008333,0.60181000,0.60451333,0.60679667,0.60986667,0.61234333,0.61465333,0.61822333,0.62204333,0.62545667,0.62906333,0.63528333,0.63937667,0.64406000,0.64872333,0.65092000,0.65438333,0.65845333,0.65879000,0.66205000,0.66405667,0.66571333,0.66700333,0.66802333,0.67044333,0.67045333,0.67278000,0.67281333,0.67332333,0.67462000,0.67412667,0.67464667,0.67412667,0.67453000,0.67446667,0.67569000,0.67506000,0.67545667,0.67546667,0.67530333,0.67483000,0.67386333,0.67407333,0.67347667,0.67328333,0.67414667,0.67217000,0.67118667,0.67185000,0.67235333,0.67125333,0.67281333,0.67105333,0.67029333,0.67145000,0.67279000
0.43850667,0.43916667,0.44037667,0.44081667,0.44200333,0.44238000,0.44336667,0.44453667,0.44691333,0.44647000,0.44776000,0.44933000,0.45049000,0.45116333,0.45336667,0.45563333,0.45546667,0.45754333,0.45884000,0.46039000,0.46098000,0.46262000,0.46384333,0.46499000,0.46704333,0.46730667,0.46899000,0.47073000,0.47038000,0.47188667,0.47233667,0.47298333,0.47419000,0.47484667,0.47618000,0.47684000,0.47740667,0.47920000,0.47954667,0.48018333,0.48178667,0.48231000,0.48411000,0.48472333,0.48582333,0.48734667,0.48817333,0.48887667,0.49128667,0.49118667,0.49331000,0.49510333,0.49460667,0.49688667,0.49884667,0.50044667,0.50186333,0.50312667,0.50460000,0.50593333,0.50821667,0.50949667,0.51100000,0.51227333,0.51335667,0.51460000,0.51637333,0.51751333,0.51909667,0.52046333,0.52258667,0.52445333,0.52445000,0.52698667,0.52822000,0.53017333,0.53105333,0.53313333,0.53539333,0.53584667,0.53819667,0.54024333,0.54152333,0.54297667,0.54594667,0.54841000,0.54887333,0.55064333,0.55389667,0.55652000,0.55602000,0.55839333,0.56100000,0.56229000,0.56294000,0.56495000,0.56771333,0.56922000,0.56982333,0.57351667,0.57661333,0.57874333,0.58075333,0.58317000,0.58913000,0.59153000,0.59434000,0.59790667,0.60512000,0.60892333,0.61294000,0.61864333,0.62603333,0.63296000,0.63965667,0.64261000,0.64889333,0.65250667,0.65574667,0.65771000,0.66053667,0.66226667,0.66451667,0.66704667,0.66661333,0.66742000,0.66985000,0.66897333,0.67117333,0.66955000,0.67047667,0.67101667,0.66979333,0.66960000,0.66831667,0.66817333,0.66726333,0.66698000,0.66752333,0.66566000,0.66459333,0.66249667,0.66263000,0.66137667,0.65916000,0.65865667,0.65823000,0.65707667,0.65668667,0.65538000,0.65399000,0.65478667,0.65288333,0.65117667,0.65081667,0.64986333,0.64854667
0.50421000,0.50488333,0.50632667,0.50647333,0.50798000,0.50844667,0.50953667,0.51037333,0.51293667,0.51284333,0.51398667,0.51561667,0.51644667,0.51764333,0.51901667,0.52137667,0.52171333,0.52417667,0.52467667,0.52622667,0.52676333,0.52892667,0.52974000,0.53080000,0.53253000,0.53338667,0.53478333,0.53681000,0.53660667,0.53809667,0.53864667,0.53880333,0.54066667,0.54035000,0.54229333,0.54287333,0.54314333,0.54543667,0.54527667,0.54685333,0.54771333,0.54847333,0.55021333,0.55054333,0.55222667,0.55359667,0.55420000,0.55472000,0.55745667,0.55707667,0.55905667,0.56023667,0.55992333,0.56249667,0.56436333,0.56569667,0.56667000,0.56808000,0.56893333,0.57101333,0.57206000,0.57389000,0.57566333,0.57581333,0.57779000,0.57926667,0.58015667,0.58114000,0.58299667,0.58414333,0.58653333,0.58803000,0.58813333,0.59085000,0.59180333,0.59313333,0.59457000,0.59641000,0.59842667,0.59882333,0.60142000,0.60289333,0.60460667,0.60602000,0.60927667,0.61065333,0.61179000,0.61383667,0.61638667,0.61900333,0.61844333,0.62060667,0.62304667,0.62466000,0.62512333,0.62759000,0.62994000,0.63107333,0.63111333,0.63450667,0.63719000,0.63851333,0.64029333,0.64141333,0.64636000,0.64709333,0.64909333,0.65186000,0.65657333,0.65831333,0.66123667,0.66481000,0.67021667,0.67502667,0.68041333,0.68302667,0.68717333,0.69026667,0.69282333,0.69522000,0.69672333,0.69811000,0.70030333,0.70333000,0.70303667,0.70446333,0.70680000,0.70663000,0.70810000,0.70739667,0.70851667,0.70936667,0.70933333,0.70902667,0.70818667,0.70946333,0.70829000,0.70963000,0.70938000,0.70911000,0.70823667,0.70739667,0.70783000,0.70823000,0.70638667,0.70713333,0.70535000,0.70625667,0.70590000,0.70403667,0.70366667,0.70313667,0.70144333,0.70163000,0.70184333,0.70251000,0.70192000
0.50325333,0.50395333,0.50433333,0.50570000,0.50640333,0.50755667,0.50815667,0.50935667,0.51044333,0.51101000,0.51168333,0.51309000,0.51402000,0.51495667,0.51711333,0.51749000,0.51809333,0.51970333,0.52006667,0.52206000,0.52257000,0.52370000,0.52440000,0.52596667,0.52707667,0.52800667,0.52887667,0.52980333,0.53046667,0.53105333,0.53225000,0.53300667,0.53378000,0.53380333,0.53480000,0.53540667,0.53585667,0.53699667,0.53776333,0.53819000,0.53850333,0.54015000,0.54064667,0.54177000,0.54252000,0.54401667,0.54486333,0.54557333,0.54644333,0.54724000,0.54904333,0.54967000,0.55093000,0.55142333,0.55313333,0.55418000,0.55563333,0.55610667,0.55833000,0.55852333,0.56018000,0.56114000,0.56227667,0.56330667,0.56436000,0.56564000,0.56660333,0.56800667,0.56907333,0.57022333,0.57127000,0.57224000,0.57402000,0.57524667,0.57683667,0.57819667,0.57912667,0.58037333,0.58266000,0.58310000,0.58502333,0.58608333,0.58787000,0.58884000,0.59098667,0.59308333,0.59423333,0.59569333,0.59836333,0.59974000,0.60099333,0.60339000,0.60415667,0.60514333,0.60656333,0.60756333,0.60940333,0.61019667,0.61173333,0.61405333,0.61657333,0.61808000,0.62010333,0.62262000,0.62479333,0.62715667,0.63032333,0.63358667,0.63689000,0.64105667,0.64489000,0.64905667,0.65455667,0.65983667,0.66430333,0.66909667,0.67211667,0.67450333,0.67959000,0.68003333,0.68321333,0.68443333,0.68584667,0.68851667,0.68964667,0.69184667,0.69121000,0.69375667,0.69434000,0.69454333,0.69563667,0.69539333,0.69577667,0.69548333,0.69508667,0.69599000,0.69704000,0.69613667,0.69477000,0.69623667,0.69654333,0.69455333,0.69468667,0.69474000,0.69431667,0.69337667,0.69367333,0.69109333,0.69240667,0.69302000,0.69140000,0.69140000,0.69206333,0.69011000,0.69073333,0.68934000,0.68997000
0.55746000,0.55830000,0.55905667,0.56066000,0.56148333,0.56303333,0.56517667,0.56601000,0.56744000,0.56872667,0.57054000,0.57176667,0.57326333,0.57515667,0.57712667,0.57906667,0.58046333,0.58266000,0.58300667,0.58556333,0.58653667,0.58852333,0.58954333,0.59110667,0.59336333,0.59368000,0.59574333,0.59772333,0.59872333,0.60118000,0.60079333,0.60310333,0.60559000,0.60526000,0.60775000,0.60858667,0.60989000,0.61204333,0.61266667,0.61446333,0.61613333,0.61730667,0.61940667,0.62044333,0.62111000,0.62435000,0.62431667,0.62660000,0.62869333,0.62949667,0.63185000,0.63339333,0.63475333,0.63604333,0.63736000,0.63919000,0.64097667,0.64259333,0.64380667,0.64574667,0.64779000,0.64955667,0.65089000,0.65221000,0.65433333,0.65522000,0.65740333,0.65907667,0.65994667,0.66149333,0.66384667,0.66485000,0.66713000,0.66905333,0.67053333,0.67203667,0.67383667,0.67569000,0.67816667,0.67829667,0.68061000,0.68369000,0.68483333,0.68602000,0.68866333,0.69048333,0.69191333,0.69381333,0.69636000,0.69946333,0.69929667,0.70146667,0.70445333,0.70605667,0.70627667,0.70848667,0.71114000,0.71256000,0.71348667,0.71564000,0.71904667,0.72199667,0.72329000,0.72529000,0.72874667,0.73293667,0.73459667,0.73681333,0.74208333,0.74564667,0.74985667,0.75388333,0.75980000,0.76552000,0.77005667,0.77390333,0.77823333,0.78222667,0.78503000,0.78622333,0.78912333,0.79091667,0.79317667,0.79479667,0.79628667,0.79735667,0.79936333,0.79930333,0.80075667,0.80083667,0.80071667,0.80118333,0.80133000,0.80175667,0.80213667,0.80057667,0.79933000,0.80128333,0.80139667,0.80019667,0.79984333,0.79986667,0.79896333,0.79718667,0.79758333,0.79459333,0.79537333,0.79575667,0.79453000,0.79240667,0.79297000,0.79083667,0.79153000,0.79075000,0.79051333,0.78896000,0.78910667
0.48031000,0.48182000,0.48243333,0.48425333,0.48569000,0.48786333,0.48867333,0.49014000,0.49119000,0.49361000,0.49521667,0.49671000,0.49750000,0.49961333,0.50133000,0.50316000,0.50443000,0.50584333,0.50777000,0.50978667,0.51135333,0.51287000,0.51463333,0.51583333,0.51812667,0.51841333,0.52065000,0.52166000,0.52299000,0.52406667,0.52504667,0.52638000,0.52703000,0.52826667,0.52933333,0.53060667,0.53172667,0.53301667,0.53316333,0.53519000,0.53655000,0.53722000,0.53898333,0.53934000,0.54107000,0.54233333,0.54383000,0.54590333,0.54598333,0.54783333,0.54909000,0.54992333,0.55144333,0.55365333,0.55382000,0.55626667,0.55698000,0.55964667,0.56111333,0.56204333,0.56384000,0.56535000,0.56681667,0.56818333,0.56959000,0.57096000,0.57288000,0.57381000,0.57561000,0.57662667,0.57843667,0.57924333,0.58093333,0.58274333,0.58479000,0.58573333,0.58766000,0.58979000,0.59077667,0.59241000,0.59414000,0.59652667,0.59758333,0.59942000,0.60164000,0.60341333,0.60540667,0.60733333,0.61023333,0.61206000,0.61216333,0.61520667,0.61734000,0.61885667,0.62015667,0.62204000,0.62321667,0.62551333,0.62695333,0.62933000,0.63180667,0.63311333,0.63615000,0.63839667,0.64211667,0.64443667,0.64667667,0.65068000,0.65363000,0.65751667,0.66176000,0.66709333,0.67202333,0.67690667,0.68141667,0.68579667,0.69027667,0.69437333,0.69685667,0.69902333,0.70179667,0.70371000,0.70541667,0.70728000,0.70931000,0.70982333,0.71098000,0.71260333,0.71271333,0.71320667,0.71419667,0.71430000,0.71344667,0.71425000,0.71385333,0.71412667,0.71365667,0.71477333,0.71546333,0.71332333,0.71395000,0.71512333,0.71203000,0.71374000,0.71487000,0.71266000,0.71217667,0.71174667,0.71147667,0.71129333,0.71062333,0.71145667,0.71016000,0.71159000,0.70977333,0.71069333,0.71162000
0.53298000,0.53425333,0.53437000,0.53637667,0.53699000,0.53787667,0.53853667,0.54016333,0.54151333,0.54228333,0.54353333,0.54473667,0.54579000,0.54699333,0.54852667,0.55014667,0.55087000,0.55319667,0.55384333,0.55561667,0.55599667,0.55840333,0.55904000,0.56040333,0.56173333,0.56295333,0.56465333,0.56551667,0.56631667,0.56741000,0.56830667,0.56975000,0.57105000,0.57066667,0.57173667,0.57257000,0.57369667,0.57487667,0.57560667,0.57641333,0.57684000,0.57810000,0.57958000,0.58060333,0.58116000,0.58274667,0.58366667,0.58533000,0.58589667,0.58710333,0.58830000,0.58982000,0.59128000,0.59241000,0.59340000,0.59471000,0.59614333,0.59769333,0.59857667,0.60045667,0.60209667,0.60298000,0.60382000,0.60551667,0.60647667,0.60798333,0.60886667,0.61054333,0.61156000,0.61338333,0.61435333,0.61530000,0.61649000,0.61901333,0.62008667,0.62139333,0.62266000,0.62420667,0.62654000,0.62730667,0.62897000,0.63040667,0.63218000,0.63354000,0.63538333,0.63681667,0.63858333,0.64113333,0.64355000,0.64486333,0.64582333,0.64817000,0.64996667,0.65047000,0.65243333,0.65378333,0.65518333,0.65668000,0.65821333,0.66047333,0.66297333,0.66484667,0.66685667,0.66928667,0.67188667,0.67462333,0.67725667,0.68022000,0.68390333,0.68821667,0.69200333,0.69584333,0.70184000,0.70628333,0.71119667,0.71620000,0.71930333,0.72325333,0.72644000,0.72847333,0.73104667,0.73271000,0.73403333,0.73601333,0.73757333,0.73936333,0.74004333,0.74138000,0.74167333,0.74249667,0.74305667,0.74315000,0.74424000,0.74389333,0.74371000,0.74375333,0.74480333,0.74317333,0.74404667,0.74479333,0.74500667,0.74399667,0.74282000,0.74238000,0.74225333,0.74217667,0.74264667,0.74113000,0.74054333,0.74098000,0.73998333,0.73924667,0.74131333,0.73971667,0.73955667,0.73847333,0.73982667
0.50008000,0.50205000,0.50255333,0.50377000,0.50444333,0.50563000,0.50678667,0.50801667,0.50937667,0.51002333,0.51182333,0.51274000,0.51433667,0.51532667,0.51695333,0.51867000,0.51878667,0.52142333,0.52187667,0.52349000,0.52442667,0.52561000,0.52696667,0.52814000,0.52936333,0.53050333,0.53215000,0.53275000,0.53401333,0.53518000,0.53650667,0.53718667,0.53829667,0.53847000,0.53968000,0.54067000,0.54162667,0.54328000,0.54331667,0.54473000,0.54535667,0.54611667,0.54728000,0.54830333,0.54904000,0.55051333,0.55178667,0.55318000,0.55420333,0.55554000,0.55609333,0.55788000,0.55921333,0.55998000,0.56184000,0.56268000,0.56445333,0.56556333,0.56720667,0.56783667,0.56982667,0.57099667,0.57218000,0.57330333,0.57437333,0.57546333,0.57629000,0.57780000,0.57930000,0.58033333,0.58169667,0.58273000,0.58428000,0.58622333,0.58750667,0.58875667,0.58983333,0.59145000,0.59357000,0.59399333,0.59575333,0.59763333,0.59931000,0.60076667,0.60234667,0.60413667,0.60546667,0.60746000,0.60994667,0.61101667,0.61307333,0.61453333,0.61626667,0.61697000,0.61826333,0.61937000,0.62105000,0.62250333,0.62461000,0.62630000,0.62858000,0.63036667,0.63260667,0.63556333,0.63805333,0.64094667,0.64384333,0.64742333,0.65009000,0.65488000,0.65919000,0.66322333,0.66917667,0.67400000,0.67897333,0.68381333,0.68694333,0.69050333,0.69419333,0.69565667,0.69879000,0.69959667,0.70209333,0.70439333,0.70475333,0.70668000,0.70648000,0.70911667,0.70939333,0.71032667,0.71043667,0.71027333,0.71098000,0.71018667,0.70973000,0.71157333,0.71142000,0.70997333,0.71051000,0.71064000,0.70975333,0.70943667,0.70861333,0.70904667,0.70803333,0.70773667,0.70707333,0.70610333,0.70546333,0.70593333,0.70661333,0.70463667,0.70556333,0.70505000,0.70524667,0.70435000,0.70443667
0.49150333,0.49268000,0.49401000,0.49571333,0.49695000,0.49914333,0.50011000,0.50122000,0.50259667,0.50554000,0.50706667,0.50859667,0.50993000,0.51198667,0.51412333,0.51530333,0.51723667,0.51854667,0.52079333,0.52230000,0.52427667,0.52575333,0.52752667,0.52866333,0.53142333,0.53186000,0.53403667,0.53513667,0.53654000,0.53826333,0.53974000,0.54140333,0.54146333,0.54329000,0.54473333,0.54624000,0.54781333,0.54948000,0.54981667,0.55194333,0.55312667,0.55444333,0.55644333,0.55681000,0.55882667,0.56049667,0.56209667,0.56414667,0.56514333,0.56547333,0.56812667,0.56913667,0.57061667,0.57281667,0.57361000,0.57579333,0.57768667,0.57968000,0.58125333,0.58273333,0.58473333,0.58633000,0.58755667,0.58990000,0.59077333,0.59188667,0.59385333,0.59589000,0.59779667,0.59883333,0.60133000,0.60209000,0.60373333,0.60523000,0.60830667,0.60955333,0.61114667,0.61304667,0.61478333,0.61604667,0.61802667,0.62096667,0.62236000,0.62392333,0.62672000,0.62821667,0.63033000,0.63251667,0.63524333,0.63701333,0.63866667,0.64086333,0.64274333,0.64450333,0.64614667,0.64765000,0.64960667,0.65118667,0.65300000,0.65521667,0.65782333,0.65994667,0.66209000,0.66520667,0.66865667,0.67166333,0.67415667,0.67798000,0.68155000,0.68654000,0.69050000,0.69578333,0.70092667,0.70665333,0.71099000,0.71547667,0.71951333,0.72309333,0.72691333,0.72885333,0.73184000,0.73386000,0.73649333,0.73876333,0.74017333,0.74153000,0.74281667,0.74423333,0.74507000,0.74667667,0.74645667,0.74767667,0.74783000,0.74876000,0.74799000,0.74873333,0.74899333,0.74880667,0.75119667,0.74944333,0.74923000,0.75128000,0.74983333,0.74974333,0.75190333,0.74945000,0.74805000,0.74863667,0.74859000,0.74866667,0.74964333,0.74934333,0.74913000,0.74986000,0.74971667,0.74981000,0.75100000
0.45276333,0.45412333,0.45543333,0.45731000,0.45814667,0.45912667,0.46100333,0.46222667,0.46443333,0.46454667,0.46672333,0.46885333,0.47008000,0.47127000,0.47337333,0.47634333,0.47658333,0.47925333,0.48034667,0.48201000,0.48319667,0.48496000,0.48652000,0.48766000,0.49016333,0.49110000,0.49275333,0.49471667,0.49480000,0.49648667,0.49740000,0.49833000,0.49975667,0.50103667,0.50220667,0.50214000,0.50375000,0.50609333,0.50599000,0.50692333,0.50879667,0.51027000,0.51149667,0.51219667,0.51363333,0.51597333,0.51602333,0.51712000,0.51980667,0.52018000,0.52230667,0.52315000,0.52377667,0.52604667,0.52841667,0.52973000,0.53085667,0.53246333,0.53423667,0.53543667,0.53754333,0.53940333,0.54070667,0.54174000,0.54389667,0.54552000,0.54679000,0.54826667,0.54980333,0.55057000,0.55326000,0.55496333,0.55569000,0.55817667,0.55962333,0.56104333,0.56242000,0.56454000,0.56684333,0.56709667,0.57013667,0.57126333,0.57281333,0.57480667,0.57751333,0.57993000,0.58084667,0.58277667,0.58532333,0.58761000,0.58789667,0.58988667,0.59252000,0.59393000,0.59445667,0.59669000,0.59955667,0.60060667,0.60131000,0.60434667,0.60721667,0.60937333,0.61090000,0.61352333,0.61854333,0.62035333,0.62253333,0.62577667,0.63111000,0.63485667,0.63832667,0.64286000,0.64918333,0.65503333,0.66116667,0.66355333,0.66883667,0.67217333,0.67497667,0.67649000,0.67937667,0.68141000,0.68310000,0.68621667,0.68722000,0.68772000,0.69006667,0.68920000,0.69103333,0.69099667,0.69117000,0.69218000,0.69138333,0.69155000,0.69068667,0.69153333,0.68991333,0.69035000,0.69009667,0.68978333,0.68864000,0.68684000,0.68796000,0.68745333,0.68579333,0.68587667,0.68360000,0.68405333,0.68406333,0.68254667,0.68236000,0.68119333,0.68065333,0.68000667,0.68058000,0.67916667,0.67935333
0.49695333,0.49734000,0.49881333,0.50036333,0.50123000,0.50200333,0.50396000,0.50516667,0.50663667,0.50814333,0.50973333,0.51008333,0.51246333,0.51324000,0.51578333,0.51703667,0.51838000,0.52033667,0.52093667,0.52346000,0.52460667,0.52623333,0.52795333,0.52824667,0.53068333,0.53136000,0.53277000,0.53440333,0.53563000,0.53642333,0.53724667,0.53893000,0.53995333,0.54044333,0.54190000,0.54316000,0.54369667,0.54561667,0.54613667,0.54700667,0.54830667,0.55006667,0.55100667,0.55272000,0.55420333,0.55485000,0.55658333,0.55794333,0.55971333,0.56014333,0.56224667,0.56290000,0.56430333,0.56612000,0.56688333,0.56894667,0.57047000,0.57241333,0.57311333,0.57494000,0.57612000,0.57743000,0.57888000,0.58056333,0.58173000,0.58316000,0.58507000,0.58654333,0.58817667,0.58970333,0.59066667,0.59276667,0.59326000,0.59543000,0.59690000,0.59877667,0.60013000,0.60216667,0.60387333,0.60406000,0.60764667,0.60940000,0.61140000,0.61235333,0.61505667,0.61683667,0.61864000,0.62038000,0.62231333,0.62465000,0.62590333,0.62762333,0.63021667,0.63126667,0.63280667,0.63485333,0.63644333,0.63767667,0.63912667,0.64136333,0.64363000,0.64617333,0.64805333,0.65036000,0.65313667,0.65560667,0.65741333,0.66049667,0.66483333,0.66775667,0.67197333,0.67475333,0.67995667,0.68572667,0.68956333,0.69402333,0.69728000,0.70044667,0.70342000,0.70579000,0.70755667,0.70996333,0.71227667,0.71365333,0.71509333,0.71689000,0.71771000,0.71786333,0.71924333,0.71954000,0.71974000,0.72158333,0.72182000,0.72228333,0.72192333,0.72183333,0.72221000,0.72262000,0.72244000,0.72212000,0.72305000,0.72177000,0.72135000,0.72254333,0.72195000,0.72142667,0.72118667,0.72035000,0.72048333,0.72033667,0.72012667,0.71957333,0.72090667,0.72003000,0.72088333,0.71989667,0.72104333
0.45228333,0.45288667,0.45546000,0.45666667,0.45803333,0.45944667,0.46098333,0.46216000,0.46527667,0.46505667,0.46761000,0.46950333,0.47075333,0.47216333,0.47435000,0.47734000,0.47786333,0.48049333,0.48234000,0.48399333,0.48507667,0.48667000,0.48784667,0.48942333,0.49162333,0.49281667,0.49454000,0.49651000,0.49717000,0.49918333,0.50043000,0.50085667,0.50320000,0.50399000,0.50525667,0.50693000,0.50794667,0.51031667,0.51068333,0.51253333,0.51401667,0.51472000,0.51738000,0.51819333,0.51967667,0.52158333,0.52249000,0.52341333,0.52715333,0.52648667,0.52884333,0.53046333,0.53103000,0.53308333,0.53509667,0.53741000,0.53833333,0.54010000,0.54189000,0.54304333,0.54559000,0.54741667,0.54927667,0.55035667,0.55187667,0.55425333,0.55512667,0.55710333,0.55877667,0.55990667,0.56250667,0.56485333,0.56480000,0.56756000,0.56880667,0.57066333,0.57180333,0.57468667,0.57634000,0.57700000,0.58007667,0.58137667,0.58345333,0.58415000,0.58821000,0.59013000,0.59110667,0.59274333,0.59564667,0.59828333,0.59847333,0.60115000,0.60330333,0.60476000,0.60507333,0.60749333,0.61031667,0.61153000,0.61226000,0.61531000,0.61854333,0.62075000,0.62237333,0.62485000,0.62966333,0.63161333,0.63460000,0.63812333,0.64407667,0.64735667,0.65069000,0.65477333,0.66132333,0.66717000,0.67318333,0.67536333,0.68098333,0.68399667,0.68700333,0.68953000,0.69163000,0.69366667,0.69591667,0.69868000,0.69861667,0.70045667,0.70134333,0.70126000,0.70416000,0.70413667,0.70407333,0.70467000,0.70450333,0.70506667,0.70349000,0.70348667,0.70329333,0.70491333,0.70424667,0.70335333,0.70212667,0.70113000,0.70205000,0.70220333,0.70048000,0.70006000,0.69902667,0.69976000,0.69927000,0.69854667,0.69683667,0.69611000,0.69459667,0.69526333,0.69506000,0.69411000,0.69421000
0.59491667,0.59405667,0.59498333,0.59523667,0.59624667,0.59659667,0.59805000,0.59742333,0.59870000,0.59946000,0.60071667,0.60123333,0.60229000,0.60323333,0.60512667,0.60569000,0.60641333,0.60919333,0.60831000,0.61039667,0.61160000,0.61268333,0.61360667,0.61474000,0.61642667,0.61682333,0.61861333,0.61970333,0.62053000,0.62225667,0.62175667,0.62388000,0.62587333,0.62584000,0.62772333,0.62809000,0.62870333,0.63091667,0.63107333,0.63288000,0.63450000,0.63471667,0.63723000,0.63775000,0.63847000,0.64123000,0.64064333,0.64312333,0.64426000,0.64505000,0.64666333,0.64853667,0.64967000,0.65056000,0.65151333,0.65325000,0.65521333,0.65641333,0.65727333,0.65904667,0.66080000,0.66246000,0.66342667,0.66478667,0.66587667,0.66763000,0.66887667,0.67118667,0.67199333,0.67280667,0.67427667,0.67662000,0.67720667,0.67891333,0.68093000,0.68155667,0.68338667,0.68562667,0.68768667,0.68791333,0.68908333,0.69234667,0.69338667,0.69475667,0.69707333,0.69877333,0.70047000,0.70211667,0.70517000,0.70676333,0.70733667,0.70967667,0.71225333,0.71272000,0.71291000,0.71510333,0.71753667,0.71920000,0.71929333,0.72109333,0.72518667,0.72690000,0.72839000,0.73089333,0.73436667,0.73704667,0.73929667,0.74129000,0.74526000,0.74889333,0.75260667,0.75619000,0.76170667,0.76707667,0.77147000,0.77496000,0.77811000,0.78249000,0.78524667,0.78667000,0.78785333,0.79016000,0.79308333,0.79468667,0.79530000,0.79601667,0.79906667,0.79871333,0.80062333,0.79970667,0.80028667,0.80147667,0.80088667,0.80197000,0.80147667,0.80029333,0.80058667,0.80078667,0.80069333,0.79964667,0.80004667,0.79992000,0.79936333,0.79748667,0.79738333,0.79602333,0.79593667,0.79561667,0.79576000,0.79270333,0.79420000,0.79140667,0.79182667,0.79149333,0.79069667,0.78920000,0.79048667
0.46831333,0.47001667,0.47204333,0.47334667,0.47512000,0.47644333,0.47709333,0.47938333,0.48122667,0.48315333,0.48455333,0.48539000,0.48692667,0.48863667,0.49061667,0.49225667,0.49347000,0.49446000,0.49593000,0.49778667,0.49859000,0.50042667,0.50134333,0.50188667,0.50366333,0.50519000,0.50640667,0.50713667,0.50829000,0.50873333,0.50965667,0.51135000,0.51185000,0.51303000,0.51439333,0.51448667,0.51631000,0.51670333,0.51772333,0.51882667,0.51972000,0.52125333,0.52201333,0.52318333,0.52347333,0.52528667,0.52588000,0.52650000,0.52810000,0.52930000,0.53072667,0.53158667,0.53253333,0.53364667,0.53583000,0.53664000,0.53732667,0.53905667,0.54021333,0.54197333,0.54289000,0.54363333,0.54497333,0.54666333,0.54741667,0.54778667,0.54961333,0.55163000,0.55199667,0.55297333,0.55470667,0.55508333,0.55701667,0.55842000,0.55971667,0.56077333,0.56211667,0.56372333,0.56501000,0.56625000,0.56767000,0.56837667,0.56975333,0.57143333,0.57362667,0.57513333,0.57630000,0.57854333,0.58016667,0.58173333,0.58264667,0.58395000,0.58624667,0.58770000,0.58878000,0.58961333,0.59105000,0.59306000,0.59428000,0.59674667,0.59872333,0.60021667,0.60282000,0.60642000,0.60956667,0.61254000,0.61435667,0.61865667,0.62406000,0.62676667,0.63152667,0.63620333,0.64290000,0.64766000,0.65279333,0.65748000,0.66220667,0.66524667,0.66790000,0.67043333,0.67190667,0.67521667,0.67685000,0.67871000,0.67935000,0.68079667,0.68127667,0.68205333,0.68240333,0.68272000,0.68214000,0.68340000,0.68273667,0.68228333,0.68237333,0.68147667,0.68058000,0.68096000,0.68111333,0.67939667,0.67804667,0.67924667,0.67854000,0.67841667,0.67609333,0.67556000,0.67492000,0.67485333,0.67336333,0.67335667,0.67243000,0.67216000,0.67140000,0.67183333,0.67179000,0.67054333,0.66945333
0.48242000,0.48341667,0.48611667,0.48745000,0.48935667,0.49116667,0.49300333,0.49522333,0.49712333,0.49909333,0.50082333,0.50204667,0.50411667,0.50637667,0.50821333,0.51034333,0.51185333,0.51317000,0.51523333,0.51701000,0.51798333,0.52013000,0.52155333,0.52199667,0.52464667,0.52582333,0.52795000,0.52892000,0.53064667,0.53080667,0.53255000,0.53438000,0.53580667,0.53653667,0.53824667,0.53901333,0.54097000,0.54223333,0.54290667,0.54451667,0.54604000,0.54724333,0.54869333,0.54998667,0.55077333,0.55262333,0.55312333,0.55482667,0.55685333,0.55811333,0.55916667,0.56009333,0.56170000,0.56262667,0.56582667,0.56692333,0.56782333,0.56984667,0.57130333,0.57293000,0.57420667,0.57557333,0.57644667,0.57922000,0.58069333,0.58095333,0.58307667,0.58457333,0.58534000,0.58682000,0.58892000,0.58999333,0.59183333,0.59305000,0.59545000,0.59608667,0.59832667,0.59939667,0.60096333,0.60241000,0.60364333,0.60543333,0.60680333,0.60829667,0.61048000,0.61260000,0.61442000,0.61619667,0.61861333,0.62021333,0.62123333,0.62290000,0.62535000,0.62664667,0.62796333,0.62936000,0.63172333,0.63272333,0.63405000,0.63716667,0.63868000,0.64134667,0.64345000,0.64636667,0.65037667,0.65289000,0.65552333,0.65935333,0.66454667,0.66707000,0.67185000,0.67626667,0.68270000,0.68831667,0.69335667,0.69737000,0.70248667,0.70497333,0.70787667,0.71039333,0.71262667,0.71532667,0.71773667,0.71931000,0.72005000,0.72194333,0.72303000,0.72353333,0.72410000,0.72510333,0.72528667,0.72514333,0.72650667,0.72496667,0.72529333,0.72542333,0.72436000,0.72507667,0.72608333,0.72491000,0.72410333,0.72419333,0.72426667,0.72323333,0.72155667,0.72264000,0.72136333,0.72067667,0.72004000,0.72055000,0.71936667,0.71956000,0.71934333,0.72049667,0.72025333,0.71999000,0.71933333
0.54627333,0.54655333,0.54680667,0.54720333,0.54803000,0.54882333,0.54958333,0.55023667,0.55090667,0.55145000,0.55316667,0.55401667,0.55479667,0.55597667,0.55771000,0.55877667,0.56028667,0.56102000,0.56219000,0.56422000,0.56539667,0.56708333,0.56842667,0.56902333,0.57121000,0.57122667,0.57280333,0.57365000,0.57483333,0.57676667,0.57746333,0.57850667,0.57920333,0.57997000,0.58157667,0.58283000,0.58326000,0.58554000,0.58534667,0.58727000,0.58871333,0.58940000,0.59155000,0.59159000,0.59315000,0.59477000,0.59619333,0.59756333,0.59839667,0.59918333,0.60101000,0.60165333,0.60324333,0.60524333,0.60561000,0.60807333,0.60895000,0.61079000,0.61201000,0.61356000,0.61538333,0.61702667,0.61794000,0.61985000,0.62107333,0.62253000,0.62404333,0.62490667,0.62726667,0.62851000,0.63010667,0.63102667,0.63278667,0.63424333,0.63657333,0.63772000,0.63854000,0.64122667,0.64263000,0.64416667,0.64577667,0.64748667,0.64931333,0.65082333,0.65363333,0.65519333,0.65646667,0.65919667,0.66116000,0.66239000,0.66411333,0.66627000,0.66864333,0.66998000,0.67111667,0.67240000,0.67409333,0.67582333,0.67688667,0.67908000,0.68157333,0.68442333,0.68602333,0.68856000,0.69186000,0.69490667,0.69698667,0.70120000,0.70464333,0.70891000,0.71216000,0.71778333,0.72274667,0.72752333,0.73282000,0.73595667,0.74059000,0.74431333,0.74752667,0.74958667,0.75158333,0.75380667,0.75611333,0.75837667,0.75959333,0.76059333,0.76194333,0.76340333,0.76366000,0.76459000,0.76546333,0.76581667,0.76672667,0.76665667,0.76635000,0.76670333,0.76756667,0.76750667,0.76793333,0.76700000,0.76714333,0.76794667,0.76604000,0.76731667,0.76781333,0.76640000,0.76564667,0.76618000,0.76406667,0.76448000,0.76579000,0.76497333,0.76553000,0.76488000,0.76488333,0.76437333,0.76683000
0.53705000,0.53906000,0.53981333,0.54092333,0.54267667,0.54402667,0.54502667,0.54689333,0.54784000,0.54938333,0.55125667,0.55169000,0.55395000,0.55503000,0.55786667,0.55871667,0.56018667,0.56197000,0.56327000,0.56453667,0.56661333,0.56781667,0.56937333,0.57097667,0.57255667,0.57398000,0.57617000,0.57662000,0.57859000,0.57967000,0.58108000,0.58201667,0.58344000,0.58328333,0.58507000,0.58610000,0.58734667,0.58930000,0.58973000,0.59093333,0.59235667,0.59373000,0.59487000,0.59658000,0.59740333,0.59909000,0.59985000,0.60210000,0.60318667,0.60456333,0.60543333,0.60698667,0.60897000,0.60950000,0.61124667,0.61310667,0.61433000,0.61579000,0.61718000,0.61847667,0.62066333,0.62130000,0.62327000,0.62486667,0.62580667,0.62767667,0.62816000,0.62990333,0.63170667,0.63310333,0.63385667,0.63552333,0.63754667,0.63880667,0.64109333,0.64171000,0.64367667,0.64481000,0.64669000,0.64839333,0.65017000,0.65218667,0.65358667,0.65508000,0.65671333,0.65947667,0.66084000,0.66291667,0.66552000,0.66732333,0.66884667,0.67102333,0.67272000,0.67356000,0.67525333,0.67642000,0.67859000,0.67941667,0.68204000,0.68361333,0.68611667,0.68880000,0.69115000,0.69376333,0.69622333,0.69888667,0.70205000,0.70427000,0.70921333,0.71248000,0.71676000,0.72103000,0.72755333,0.73198333,0.73711000,0.74126667,0.74508667,0.74903000,0.75300333,0.75450333,0.75762000,0.75868667,0.76092333,0.76275000,0.76305333,0.76510333,0.76602333,0.76826333,0.76828667,0.76817000,0.76918000,0.76968333,0.76949667,0.76940000,0.76835000,0.76959333,0.77014000,0.76915667,0.76945333,0.76913667,0.76879333,0.76824667,0.76768667,0.76710333,0.76716333,0.76675333,0.76696000,0.76437667,0.76440333,0.76388333,0.76506667,0.76369333,0.76438333,0.76292667,0.76267333,0.76140333,0.76268667
0.45146333,0.45325667,0.45470000,0.45632333,0.45820667,0.46026000,0.46153000,0.46330667,0.46523667,0.46729000,0.46952667,0.47098667,0.47231000,0.47444000,0.47682000,0.47850333,0.48044667,0.48245000,0.48429000,0.48642333,0.48842000,0.48990667,0.49171000,0.49206000,0.49531000,0.49554333,0.49801333,0.49914333,0.50061000,0.50248667,0.50401333,0.50579333,0.50652667,0.50793000,0.51029667,0.51171667,0.51253000,0.51478333,0.51554333,0.51766667,0.51860667,0.52058000,0.52263667,0.52289667,0.52497667,0.52649000,0.52798333,0.52983000,0.53140667,0.53221667,0.53441333,0.53629000,0.53782333,0.53972667,0.54023333,0.54300000,0.54405000,0.54659667,0.54868000,0.54970000,0.55185667,0.55325333,0.55518667,0.55665667,0.55798333,0.56042667,0.56219000,0.56362000,0.56562000,0.56669000,0.56882667,0.57049333,0.57162667,0.57334333,0.57618667,0.57774333,0.57869333,0.58120333,0.58257000,0.58503333,0.58625000,0.58861333,0.59029333,0.59235333,0.59509000,0.59678000,0.59909000,0.60132333,0.60478667,0.60559333,0.60743000,0.60946333,0.61150333,0.61363667,0.61480667,0.61691000,0.61848000,0.62039000,0.62155333,0.62457333,0.62647333,0.62976000,0.63147667,0.63570667,0.63843333,0.64249667,0.64488333,0.64922000,0.65247333,0.65705667,0.66217667,0.66765000,0.67310000,0.67839000,0.68398333,0.68862000,0.69294667,0.69764000,0.70056333,0.70205667,0.70589000,0.70826667,0.71036667,0.71292000,0.71433333,0.71581333,0.71703667,0.71824333,0.71922333,0.72036333,0.72012333,0.72090667,0.72132667,0.72115000,0.72206333,0.72248333,0.72158667,0.72311333,0.72274667,0.72094667,0.72206000,0.72411000,0.72105333,0.72196667,0.72352333,0.72313333,0.72105333,0.72162667,0.71950000,0.72125333,0.72066667,0.72222667,0.72075333,0.71992667,0.72120333,0.72122000,0.72261333
0.48111333,0.48316333,0.48440667,0.48587000,0.48771667,0.48982667,0.49111667,0.49277000,0.49443667,0.49694333,0.49858333,0.50049667,0.50199333,0.50448667,0.50615667,0.50876333,0.51014333,0.51200000,0.51436333,0.51615333,0.51779333,0.51971333,0.52171000,0.52270000,0.52521000,0.52595333,0.52815000,0.52920667,0.53028333,0.53193000,0.53358667,0.53526667,0.53550667,0.53660333,0.53868333,0.53965000,0.54076000,0.54299000,0.54336333,0.54546667,0.54644667,0.54737667,0.54990667,0.55020667,0.55196667,0.55344000,0.55534667,0.55697000,0.55825333,0.55871000,0.56161000,0.56209333,0.56329667,0.56609333,0.56604000,0.56915667,0.57040667,0.57295667,0.57384667,0.57531667,0.57735667,0.57880000,0.57958000,0.58226667,0.58351000,0.58516000,0.58656333,0.58854000,0.59038000,0.59126000,0.59350333,0.59461000,0.59636000,0.59819000,0.60076333,0.60186333,0.60332667,0.60529333,0.60706667,0.60865333,0.61029000,0.61243000,0.61406333,0.61583667,0.61885333,0.62007667,0.62234333,0.62467667,0.62736000,0.62850333,0.63084667,0.63308333,0.63547333,0.63670333,0.63774000,0.63981000,0.64136000,0.64423000,0.64487667,0.64804667,0.65013667,0.65330000,0.65529667,0.65892667,0.66249000,0.66548000,0.66864333,0.67274667,0.67646000,0.68152333,0.68549667,0.69084333,0.69738667,0.70409000,0.70957333,0.71368000,0.71904000,0.72303667,0.72669667,0.72768333,0.73100333,0.73333667,0.73620333,0.73814667,0.73992000,0.74045333,0.74048333,0.74290333,0.74308000,0.74286000,0.74361000,0.74422667,0.74430000,0.74379667,0.74476333,0.74287667,0.74232000,0.74439000,0.74437333,0.74162333,0.74231333,0.74253000,0.74008000,0.74005000,0.74246333,0.74026667,0.73898333,0.73795333,0.73855000,0.73707333,0.73743333,0.73746000,0.73675000,0.73653667,0.73617333,0.73736000,0.73779333
0.47381667,0.47524000,0.47713000,0.47911000,0.48022667,0.48251000,0.48381667,0.48564000,0.48760667,0.48940333,0.49146000,0.49320667,0.49408000,0.49745000,0.49964333,0.50065667,0.50264333,0.50428333,0.50666667,0.50855333,0.51020333,0.51191667,0.51365333,0.51476667,0.51643667,0.51785333,0.51976333,0.52081000,0.52259000,0.52480000,0.52616667,0.52822667,0.52846667,0.52984667,0.53151000,0.53303000,0.53429667,0.53654000,0.53687333,0.53922333,0.54029667,0.54161333,0.54378667,0.54432000,0.54656667,0.54797667,0.54952000,0.55136333,0.55245667,0.55339667,0.55565000,0.55678667,0.55852000,0.56123667,0.56138667,0.56353000,0.56515333,0.56742667,0.56968333,0.57100000,0.57291667,0.57458667,0.57600667,0.57805000,0.57918333,0.58091000,0.58306000,0.58414333,0.58591000,0.58773000,0.59005667,0.59084000,0.59288667,0.59467000,0.59669000,0.59869333,0.59955333,0.60205000,0.60325000,0.60515333,0.60740333,0.60948333,0.61112333,0.61359000,0.61590667,0.61751667,0.61976667,0.62203667,0.62465667,0.62670000,0.62802333,0.63008667,0.63246333,0.63441000,0.63613000,0.63771667,0.63914667,0.64089000,0.64216000,0.64494333,0.64776000,0.65075667,0.65278667,0.65630000,0.65973000,0.66277667,0.66574667,0.67024667,0.67415000,0.67884000,0.68249667,0.68857000,0.69459667,0.70031000,0.70598333,0.71039333,0.71565333,0.71923000,0.72244333,0.72441667,0.72781333,0.73042333,0.73288000,0.73559667,0.73698000,0.73773000,0.73873667,0.74041667,0.74101667,0.74237333,0.74297333,0.74249333,0.74360000,0.74335000,0.74297667,0.74390667,0.74312667,0.74440667,0.74427667,0.74367333,0.74438000,0.74371000,0.74259000,0.74296667,0.74471000,0.74273667,0.74195000,0.74194333,0.74116333,0.74118000,0.74090667,0.74230000,0.74075000,0.74181333,0.74223333,0.74224000,0.74307333
0.51732000,0.51750000,0.51768333,0.51817667,0.51837000,0.51941000,0.51996333,0.52013667,0.52107667,0.52205333,0.52316000,0.52412333,0.52422333,0.52592000,0.52745667,0.52902000,0.52977667,0.53069000,0.53223333,0.53396000,0.53485667,0.53593000,0.53779000,0.53850000,0.54046667,0.54080333,0.54241333,0.54341000,0.54524333,0.54620333,0.54723000,0.54885000,0.54874333,0.55023333,0.55168667,0.55318000,0.55401333,0.55635667,0.55682000,0.55830667,0.55971667,0.56059000,0.56289333,0.56308000,0.56475667,0.56586333,0.56818333,0.57003333,0.57072000,0.57153000,0.57366000,0.57449333,0.57665333,0.57829000,0.57970333,0.58127333,0.58232333,0.58441667,0.58629667,0.58761333,0.58932000,0.59159333,0.59271667,0.59440000,0.59618333,0.59750000,0.59946333,0.60071333,0.60287000,0.60351667,0.60542000,0.60684000,0.60864667,0.61040667,0.61319333,0.61411000,0.61591667,0.61771000,0.61903333,0.62113667,0.62245667,0.62462333,0.62647667,0.62805667,0.63050333,0.63278333,0.63457000,0.63705000,0.64006333,0.64041667,0.64298667,0.64465000,0.64656667,0.64852333,0.65005000,0.65183667,0.65293000,0.65546333,0.65647333,0.65889667,0.66090667,0.66462333,0.66576333,0.66960667,0.67246333,0.67523667,0.67816333,0.68239000,0.68636667,0.69034333,0.69426000,0.69999667,0.70556000,0.71049000,0.71533333,0.71941667,0.72485333,0.72810000,0.73056667,0.73331667,0.73558000,0.73830333,0.74035667,0.74359000,0.74454000,0.74596000,0.74629667,0.74837000,0.74850000,0.75018000,0.75017667,0.75185000,0.75144333,0.75104333,0.75165000,0.75242333,0.75219667,0.75308667,0.75357667,0.75270000,0.75283667,0.75375000,0.75095667,0.75270667,0.75451000,0.75191000,0.75200667,0.75020333,0.75113000,0.75124333,0.75163333,0.75303667,0.75107333,0.75233000,0.75155667,0.75332667,0.75260333
0.49689333,0.49898000,0.50043000,0.50172333,0.50325667,0.50536667,0.50618000,0.50852333,0.51035000,0.51274333,0.51445000,0.51565667,0.51741333,0.51925000,0.52190333,0.52382333,0.52506333,0.52643000,0.52848667,0.53057667,0.53127667,0.53321667,0.53454333,0.53577333,0.53800333,0.53935000,0.54131333,0.54239667,0.54415000,0.54469333,0.54614000,0.54819000,0.54886333,0.55042667,0.55169667,0.55261667,0.55449667,0.55603000,0.55699333,0.55867000,0.56001000,0.56109000,0.56290000,0.56390667,0.56481000,0.56621333,0.56732333,0.56860000,0.57112000,0.57172000,0.57352333,0.57428000,0.57593333,0.57701667,0.58003000,0.58083667,0.58238667,0.58366667,0.58584667,0.58705333,0.58887000,0.59024333,0.59141667,0.59358000,0.59479667,0.59561333,0.59705000,0.59889000,0.59983667,0.60149333,0.60306333,0.60477667,0.60632667,0.60786333,0.60996333,0.61060000,0.61280333,0.61402000,0.61527000,0.61722000,0.61849333,0.61990667,0.62164000,0.62411667,0.62557667,0.62719333,0.62911333,0.63153333,0.63372333,0.63555667,0.63672333,0.63814333,0.63997333,0.64187667,0.64329333,0.64481333,0.64610333,0.64828667,0.64924333,0.65232000,0.65443667,0.65608667,0.65851667,0.66183333,0.66524333,0.66857000,0.67074000,0.67470333,0.67945667,0.68258333,0.68702000,0.69177333,0.69856000,0.70278000,0.70818667,0.71284667,0.71698667,0.71951667,0.72290000,0.72562000,0.72772667,0.73072333,0.73202000,0.73475667,0.73521667,0.73743667,0.73795333,0.73934333,0.73896667,0.74003333,0.74070667,0.74131000,0.74073000,0.74023000,0.74074333,0.74090000,0.73998333,0.74025667,0.74120667,0.74049000,0.73973000,0.73992667,0.74026000,0.73958667,0.73818667,0.73775000,0.73700333,0.73749333,0.73625667,0.73675333,0.73644000,0.73696333,0.73506000,0.73593000,0.73537333,0.73580667,0.73472667
0.46604000,0.46782667,0.46911000,0.47062000,0.47221667,0.47387000,0.47512000,0.47713000,0.47870333,0.48060000,0.48237333,0.48332000,0.48506667,0.48695000,0.48857000,0.49035000,0.49159667,0.49272667,0.49428333,0.49585000,0.49668000,0.49824333,0.49951667,0.50024000,0.50180000,0.50303667,0.50459667,0.50517333,0.50640333,0.50738333,0.50806667,0.50957333,0.51046667,0.51179000,0.51243667,0.51311667,0.51470667,0.51544333,0.51636333,0.51740333,0.51834000,0.51944000,0.52081667,0.52195000,0.52202000,0.52352667,0.52457667,0.52535667,0.52687333,0.52846333,0.52959000,0.53039667,0.53134667,0.53222667,0.53489333,0.53523333,0.53625000,0.53784333,0.53950333,0.54081667,0.54162000,0.54331667,0.54446667,0.54585667,0.54721333,0.54760667,0.54889667,0.55019000,0.55107667,0.55267000,0.55423667,0.55504667,0.55633667,0.55806000,0.55946333,0.56030667,0.56202667,0.56282667,0.56404333,0.56581333,0.56669667,0.56767667,0.56931667,0.57078000,0.57293333,0.57456667,0.57551000,0.57754333,0.57946000,0.58116667,0.58262667,0.58371667,0.58600333,0.58696667,0.58823333,0.58952000,0.59150667,0.59293000,0.59386000,0.59658000,0.59810667,0.60010000,0.60233000,0.60627333,0.60944333,0.61258667,0.61481333,0.61910667,0.62310000,0.62698333,0.63180333,0.63612667,0.64275000,0.64800000,0.65376000,0.65859667,0.66300333,0.66542667,0.66921333,0.67133667,0.67349333,0.67555667,0.67770333,0.67922000,0.67961000,0.68181000,0.68191000,0.68231667,0.68249667,0.68371667,0.68364667,0.68321333,0.68323333,0.68241000,0.68213000,0.68254333,0.68099667,0.68116000,0.68107667,0.68021000,0.67825333,0.67941667,0.67909667,0.67768333,0.67565667,0.67649000,0.67474333,0.67333667,0.67238667,0.67335000,0.67256667,0.67187667,0.67256667,0.67079333,0.67095000,0.67164667,0.67017333
0.49735667,0.49829000,0.49969000,0.50147000,0.50327000,0.50466333,0.50558000,0.50701333,0.50853000,0.51101000,0.51245333,0.51429667,0.51515667,0.51795667,0.51921667,0.52089333,0.52270000,0.52400333,0.52615333,0.52789333,0.52908000,0.53065667,0.53225667,0.53304333,0.53541333,0.53541667,0.53775000,0.53880333,0.54017667,0.54212000,0.54318667,0.54461333,0.54526667,0.54629333,0.54835667,0.54911667,0.55004333,0.55245333,0.55265333,0.55464000,0.55527333,0.55656000,0.55834000,0.55894667,0.56036667,0.56186333,0.56370000,0.56514000,0.56614333,0.56677000,0.56873333,0.56962667,0.57163333,0.57323333,0.57464000,0.57669667,0.57734333,0.57979000,0.58160333,0.58269000,0.58398333,0.58612667,0.58775667,0.58960333,0.58992000,0.59222333,0.59437667,0.59486000,0.59697667,0.59775000,0.59973333,0.60021667,0.60240000,0.60393333,0.60680667,0.60766667,0.60924333,0.61104000,0.61295000,0.61418333,0.61585667,0.61854333,0.62002333,0.62154667,0.62408667,0.62566333,0.62744000,0.62966000,0.63223333,0.63373667,0.63525667,0.63760667,0.63947000,0.64127000,0.64235000,0.64408667,0.64514000,0.64808667,0.64883000,0.65109000,0.65367000,0.65665333,0.65830000,0.66172000,0.66547000,0.66805000,0.67131000,0.67544333,0.67883667,0.68360667,0.68675667,0.69317333,0.69942667,0.70463000,0.70911667,0.71442667,0.71840333,0.72236333,0.72537667,0.72813000,0.73073667,0.73294000,0.73525667,0.73704667,0.73888667,0.74121333,0.74135667,0.74204667,0.74324333,0.74415667,0.74460000,0.74418333,0.74478333,0.74435000,0.74515000,0.74531667,0.74392667,0.74560333,0.74543667,0.74433000,0.74502000,0.74586000,0.74317333,0.74421667,0.74546333,0.74400667,0.74296667,0.74136000,0.74148333,0.74186333,0.74145000,0.74187667,0.74056667,0.74120333,0.74147333,0.74212667,0.74295000
0.52473000,0.52717000,0.52914667,0.53094000,0.53271333,0.53480333,0.53640333,0.53836000,0.54067667,0.54335667,0.54512667,0.54657333,0.54955667,0.55111000,0.55381000,0.55588000,0.55776333,0.55955667,0.56140000,0.56367000,0.56514000,0.56717333,0.56842333,0.57028667,0.57217000,0.57416667,0.57619667,0.57757000,0.57901000,0.58008000,0.58201000,0.58327667,0.58493667,0.58679667,0.58779333,0.58866667,0.59090000,0.59233333,0.59379667,0.59517000,0.59691333,0.59801667,0.60009667,0.60124000,0.60240333,0.60410667,0.60554333,0.60717667,0.60924000,0.61003000,0.61187000,0.61309333,0.61436333,0.61608667,0.61904333,0.61996333,0.62134667,0.62335667,0.62504333,0.62696000,0.62885667,0.62998667,0.63186000,0.63407667,0.63481333,0.63603000,0.63788667,0.64012667,0.64091667,0.64271333,0.64401000,0.64537000,0.64766333,0.64918333,0.65168000,0.65256667,0.65460000,0.65613667,0.65745333,0.65984667,0.66090333,0.66276000,0.66421667,0.66631333,0.66845333,0.67060667,0.67226667,0.67436000,0.67654667,0.67810667,0.68011333,0.68179333,0.68391000,0.68557000,0.68659333,0.68816333,0.69018333,0.69259000,0.69373667,0.69664667,0.69916333,0.70124667,0.70373333,0.70720000,0.71098000,0.71400667,0.71696000,0.72157333,0.72602000,0.73001333,0.73480000,0.74036667,0.74642000,0.75254667,0.75806000,0.76370333,0.76796667,0.77123000,0.77524333,0.77720000,0.77918333,0.78211667,0.78423333,0.78631000,0.78648333,0.78899667,0.78930667,0.79113000,0.79130000,0.79220667,0.79169333,0.79209000,0.79241667,0.79134333,0.79150667,0.79176000,0.79045000,0.79099333,0.79130333,0.79093333,0.78927333,0.78949000,0.79032000,0.78906000,0.78750000,0.78690000,0.78471000,0.78614333,0.78470667,0.78432333,0.78416667,0.78397333,0.78405333,0.78230667,0.78253667,0.78361333,0.78216667
0.44056000,0.44181333,0.44389333,0.44496333,0.44704333,0.44884000,0.45067000,0.45265000,0.45538333,0.45552667,0.45826333,0.46059333,0.46274000,0.46400000,0.46681000,0.46960000,0.47071333,0.47365000,0.47544667,0.47689667,0.47820000,0.48048333,0.48190333,0.48369667,0.48603667,0.48678000,0.48917000,0.49157333,0.49234667,0.49387000,0.49540333,0.49633000,0.49835333,0.49929667,0.50148667,0.50265000,0.50368667,0.50640000,0.50721000,0.50870333,0.51084000,0.51189333,0.51397000,0.51542333,0.51666667,0.51886333,0.51996000,0.52145333,0.52415000,0.52440000,0.52701000,0.52828667,0.52926333,0.53169000,0.53419000,0.53558667,0.53819333,0.53937333,0.54160667,0.54313667,0.54498000,0.54763000,0.54902667,0.55095333,0.55226667,0.55415333,0.55643000,0.55793333,0.55982667,0.56120667,0.56369333,0.56570000,0.56630000,0.56949000,0.57061667,0.57258000,0.57477667,0.57660667,0.57868333,0.57979333,0.58236000,0.58427000,0.58658667,0.58797000,0.59137333,0.59458000,0.59481000,0.59646333,0.59978333,0.60276000,0.60318000,0.60530000,0.60857667,0.60993000,0.61007000,0.61312333,0.61586000,0.61795667,0.61814667,0.62242000,0.62523000,0.62886667,0.63017333,0.63295667,0.63882000,0.64081667,0.64445000,0.64875667,0.65493333,0.65896333,0.66352333,0.66764667,0.67603667,0.68266333,0.68928000,0.69245667,0.69791667,0.70216667,0.70472667,0.70753667,0.70981000,0.71261000,0.71361667,0.71665667,0.71790667,0.71937333,0.72142667,0.72086000,0.72320667,0.72230667,0.72223000,0.72266000,0.72381333,0.72359000,0.72187000,0.72146000,0.72102667,0.72266667,0.72142667,0.72077667,0.71941667,0.71707000,0.71829333,0.71834667,0.71507000,0.71533000,0.71531000,0.71492667,0.71444000,0.71186667,0.71231000,0.71125000,0.71006333,0.71054333,0.70973667,0.70832667,0.70919667
0.43512000,0.43624333,0.43863333,0.43947333,0.44117667,0.44251000,0.44410667,0.44539667,0.44861667,0.44863333,0.45074667,0.45289667,0.45400333,0.45586333,0.45814333,0.46099667,0.46176667,0.46446000,0.46625667,0.46729333,0.46844667,0.47008000,0.47172333,0.47338667,0.47545667,0.47685333,0.47800667,0.48047333,0.48114667,0.48257333,0.48392333,0.48507667,0.48648667,0.48733000,0.48841333,0.49027000,0.49111333,0.49380333,0.49413667,0.49550667,0.49729000,0.49849000,0.50054333,0.50096667,0.50283667,0.50492333,0.50521000,0.50697000,0.50919000,0.50989333,0.51133667,0.51300000,0.51351000,0.51575667,0.51812000,0.51945667,0.52119667,0.52231000,0.52448000,0.52628333,0.52763333,0.53037667,0.53161333,0.53275333,0.53442667,0.53613667,0.53776667,0.53959333,0.54092000,0.54227667,0.54520000,0.54627333,0.54729667,0.55024000,0.55121667,0.55277667,0.55413667,0.55682000,0.55847000,0.55944667,0.56214000,0.56378667,0.56605000,0.56701333,0.57049667,0.57281667,0.57341000,0.57534333,0.57834000,0.58113000,0.58050333,0.58327000,0.58620667,0.58706667,0.58800000,0.58998667,0.59248667,0.59466333,0.59505000,0.59809000,0.60138667,0.60339333,0.60535333,0.60768000,0.61287667,0.61530000,0.61826667,0.62251333,0.62830667,0.63123667,0.63509000,0.63946667,0.64634333,0.65240333,0.65904333,0.66197000,0.66712000,0.67093000,0.67413000,0.67568667,0.67773000,0.68018000,0.68296667,0.68504667,0.68585000,0.68691667,0.68916667,0.68790000,0.68987000,0.68940667,0.69063333,0.69105333,0.69104000,0.69104000,0.68997333,0.69054000,0.69009000,0.69018333,0.69006333,0.68880333,0.68817333,0.68700667,0.68638667,0.68664333,0.68522333,0.68476667,0.68502667,0.68389667,0.68411333,0.68210000,0.68128000,0.68027000,0.68012333,0.68045667,0.67895000,0.67763333,0.67862000
0.53632667,0.53898333,0.53999667,0.54198000,0.54286333,0.54475667,0.54600000,0.54814000,0.54956333,0.55163333,0.55279333,0.55429000,0.55671000,0.55810333,0.56043333,0.56152667,0.56344667,0.56514333,0.56684000,0.56819000,0.56987333,0.57161667,0.57294000,0.57426000,0.57663667,0.57747333,0.57912000,0.58080667,0.58187333,0.58390000,0.58474000,0.58636667,0.58716000,0.58811333,0.58930333,0.59072667,0.59183667,0.59313667,0.59401667,0.59538667,0.59632333,0.59828667,0.59919667,0.60036667,0.60191667,0.60321667,0.60461333,0.60650000,0.60736000,0.60866333,0.61002667,0.61184333,0.61320667,0.61466667,0.61640333,0.61743333,0.61921000,0.62082667,0.62238000,0.62322667,0.62567667,0.62686000,0.62825667,0.63006333,0.63070333,0.63250000,0.63285333,0.63518667,0.63654667,0.63819333,0.63928000,0.64063000,0.64243667,0.64377667,0.64577667,0.64716667,0.64862000,0.65036000,0.65302000,0.65337333,0.65602333,0.65717000,0.65918000,0.66032667,0.66204333,0.66444333,0.66680667,0.66842000,0.67063667,0.67261000,0.67446667,0.67620333,0.67833333,0.67881667,0.68061333,0.68166000,0.68368333,0.68537000,0.68780000,0.68963667,0.69257000,0.69419667,0.69641000,0.69961667,0.70223000,0.70526667,0.70781333,0.71108333,0.71513000,0.71915333,0.72323000,0.72766333,0.73370333,0.73885000,0.74385333,0.74905667,0.75283000,0.75587667,0.76042333,0.76138667,0.76425667,0.76632667,0.76881667,0.76976667,0.77177333,0.77371667,0.77292000,0.77561333,0.77594667,0.77706667,0.77698000,0.77614667,0.77733333,0.77712000,0.77530667,0.77689667,0.77775000,0.77614333,0.77586667,0.77789000,0.77653667,0.77538333,0.77521000,0.77437000,0.77392333,0.77331667,0.77266000,0.77185000,0.77233667,0.77065333,0.77124667,0.76970333,0.77195333,0.76962667,0.76999000,0.76864000,0.77052667
0.46289000,0.46506333,0.46663667,0.46863667,0.47029000,0.47217333,0.47347667,0.47531333,0.47748000,0.47939333,0.48105333,0.48315333,0.48440333,0.48710000,0.48892333,0.49071333,0.49238333,0.49400000,0.49652000,0.49843667,0.50004333,0.50176667,0.50321667,0.50414333,0.50690333,0.50791000,0.50993333,0.51117333,0.51245667,0.51436333,0.51613000,0.51782333,0.51866000,0.51970667,0.52194667,0.52330333,0.52425000,0.52663000,0.52709333,0.52926667,0.53041667,0.53157000,0.53346333,0.53409667,0.53585000,0.53785333,0.53990000,0.54157333,0.54213000,0.54382000,0.54557667,0.54746000,0.54872333,0.55107000,0.55179000,0.55376000,0.55561333,0.55775000,0.55964333,0.56117333,0.56270333,0.56417000,0.56642333,0.56826000,0.56935667,0.57081667,0.57348667,0.57458333,0.57647333,0.57717333,0.57921000,0.58087333,0.58274667,0.58372000,0.58679333,0.58844667,0.58993000,0.59206000,0.59372333,0.59516667,0.59761000,0.59974333,0.60119667,0.60255667,0.60529667,0.60794000,0.60885333,0.61207333,0.61442667,0.61572333,0.61808333,0.61935667,0.62248667,0.62332333,0.62479333,0.62667000,0.62882333,0.63100667,0.63166667,0.63551000,0.63727667,0.64078000,0.64257667,0.64603333,0.64940000,0.65259333,0.65579667,0.65981333,0.66364333,0.66948333,0.67386000,0.67894667,0.68547000,0.69064333,0.69663333,0.70148000,0.70601667,0.70919000,0.71408333,0.71527333,0.71896333,0.72136667,0.72276333,0.72606000,0.72801000,0.72826333,0.72941000,0.73147667,0.73133333,0.73192000,0.73290333,0.73409000,0.73400000,0.73356000,0.73349333,0.73416000,0.73398333,0.73476333,0.73397333,0.73206333,0.73429000,0.73339000,0.73187333,0.73215667,0.73390667,0.73240333,0.73118667,0.73128000,0.72937333,0.73078333,0.73025333,0.73067000,0.72943000,0.73049000,0.72973333,0.73039000,0.73009000
0.50885000,0.50997667,0.51122667,0.51221000,0.51370667,0.51462667,0.51605667,0.51724667,0.51969000,0.51977000,0.52150333,0.52353667,0.52525000,0.52610333,0.52833667,0.53031000,0.53156667,0.53373333,0.53601333,0.53710000,0.53766333,0.54057667,0.54155333,0.54318000,0.54524000,0.54657333,0.54826000,0.55016000,0.55048667,0.55231667,0.55308667,0.55368333,0.55475000,0.55571333,0.55702000,0.55798667,0.55909000,0.56123000,0.56107333,0.56257667,0.56370667,0.56536667,0.56629333,0.56756333,0.56905000,0.57057000,0.57131000,0.57326333,0.57538000,0.57623000,0.57845000,0.57911000,0.57984333,0.58228333,0.58405333,0.58637333,0.58802667,0.58916333,0.59114000,0.59287000,0.59428000,0.59672000,0.59787667,0.59883667,0.60093000,0.60301000,0.60417667,0.60570333,0.60722333,0.60870333,0.61046000,0.61276667,0.61327667,0.61666000,0.61753333,0.61955333,0.62135333,0.62346667,0.62460000,0.62581667,0.62823667,0.63015667,0.63232333,0.63428667,0.63721000,0.63933333,0.64014333,0.64246667,0.64484667,0.64772667,0.64802333,0.65115333,0.65286000,0.65457333,0.65563667,0.65826667,0.65966333,0.66152000,0.66269333,0.66625333,0.66804000,0.67030667,0.67342333,0.67572000,0.68022667,0.68260000,0.68546000,0.68895333,0.69498667,0.69807000,0.70221000,0.70676333,0.71345000,0.71901333,0.72618333,0.72878000,0.73379333,0.73818333,0.74076667,0.74284667,0.74584667,0.74759000,0.75041000,0.75267333,0.75387000,0.75489333,0.75635333,0.75643667,0.75797333,0.75787000,0.75834667,0.75873333,0.75904667,0.75946667,0.75816667,0.75829000,0.75718333,0.75930000,0.75941667,0.75757000,0.75736667,0.75674333,0.75756333,0.75630000,0.75458667,0.75550333,0.75440667,0.75530000,0.75419333,0.75313333,0.75222000,0.75154000,0.75049000,0.75237667,0.75235000,0.75127667,0.75093000
0.48660000,0.48787000,0.48994333,0.49147000,0.49329333,0.49596000,0.49739000,0.49904000,0.50112667,0.50317333,0.50502667,0.50742000,0.50865667,0.51120000,0.51388333,0.51528333,0.51753000,0.51922000,0.52131333,0.52389333,0.52501000,0.52677333,0.52905000,0.53008667,0.53265333,0.53379000,0.53588667,0.53714333,0.53876667,0.54046667,0.54208333,0.54415000,0.54420333,0.54554667,0.54760000,0.54878667,0.54996000,0.55218667,0.55258667,0.55478000,0.55589333,0.55691333,0.55913667,0.55972000,0.56165667,0.56289667,0.56511333,0.56655667,0.56781667,0.56936333,0.57126333,0.57250667,0.57429667,0.57644000,0.57718000,0.57950000,0.58121667,0.58365333,0.58532667,0.58621667,0.58842000,0.59010667,0.59191000,0.59390000,0.59445333,0.59757667,0.59900333,0.60023667,0.60237667,0.60396667,0.60552667,0.60673000,0.60856000,0.60966000,0.61297667,0.61463333,0.61564667,0.61848000,0.61982000,0.62133000,0.62337667,0.62533333,0.62725000,0.62892000,0.63128333,0.63395667,0.63544333,0.63856000,0.64094000,0.64302667,0.64427000,0.64637000,0.64828333,0.64977667,0.65156667,0.65414667,0.65562667,0.65809000,0.65886667,0.66169000,0.66500000,0.66736000,0.67020667,0.67321000,0.67716667,0.68017000,0.68337333,0.68868000,0.69265333,0.69839000,0.70240000,0.70950333,0.71551333,0.72272333,0.72800000,0.73357667,0.73751667,0.74286000,0.74556667,0.74774333,0.75071333,0.75361333,0.75619333,0.75741333,0.75945333,0.76017000,0.76200000,0.76242667,0.76306667,0.76411333,0.76434667,0.76405000,0.76417000,0.76325333,0.76317667,0.76470333,0.76266000,0.76387667,0.76352333,0.76209667,0.76210000,0.76263333,0.76082000,0.76097000,0.76117000,0.75909333,0.75834000,0.75798667,0.75783333,0.75532667,0.75574333,0.75650000,0.75458667,0.75446667,0.75578333,0.75660333,0.75648667
0.54237333,0.54439000,0.54439333,0.54547667,0.54655333,0.54815667,0.54908333,0.55006000,0.55163667,0.55244333,0.55418333,0.55462333,0.55629333,0.55757000,0.55913667,0.56073667,0.56131333,0.56324667,0.56382333,0.56521667,0.56651333,0.56781667,0.56918667,0.57063667,0.57220667,0.57276333,0.57417333,0.57537000,0.57608667,0.57818333,0.57917333,0.58046333,0.58179000,0.58218000,0.58305000,0.58422000,0.58519667,0.58628000,0.58726333,0.58819000,0.58920667,0.59047000,0.59167333,0.59302333,0.59369667,0.59557667,0.59658667,0.59761667,0.59859000,0.59953333,0.60143667,0.60200000,0.60450333,0.60491000,0.60655667,0.60810333,0.60956333,0.61062000,0.61170333,0.61322667,0.61592333,0.61576667,0.61739333,0.61862333,0.61966667,0.62116000,0.62252667,0.62366667,0.62538667,0.62665000,0.62788000,0.62896333,0.63104000,0.63211000,0.63399667,0.63491000,0.63651333,0.63788333,0.64046333,0.64024000,0.64216333,0.64432333,0.64593333,0.64700000,0.64870333,0.65152000,0.65273333,0.65483333,0.65694667,0.65896000,0.66001000,0.66254000,0.66376667,0.66407000,0.66610333,0.66730333,0.66866000,0.67053333,0.67241000,0.67434333,0.67641000,0.67852000,0.68068000,0.68362000,0.68619667,0.68912000,0.69245000,0.69460000,0.69904333,0.70307667,0.70728667,0.71241333,0.71704000,0.72211333,0.72805000,0.73211000,0.73556000,0.73871333,0.74265667,0.74437000,0.74697667,0.74881000,0.75137000,0.75378000,0.75402333,0.75672000,0.75695667,0.75880000,0.75889000,0.76024333,0.76102667,0.76104667,0.76136000,0.76112667,0.75976333,0.76121333,0.76146000,0.76048000,0.76077333,0.76193000,0.76150000,0.76120333,0.76025333,0.75909333,0.76062333,0.75920667,0.75984333,0.75754667,0.75784667,0.75769667,0.75694333,0.75645000,0.75766000,0.75687667,0.75584000,0.75445333,0.75551667
0.54057667,0.54206333,0.54402667,0.54579333,0.54767667,0.54932000,0.55098000,0.55284000,0.55455000,0.55661000,0.55898333,0.55991667,0.56175333,0.56386000,0.56618667,0.56822333,0.56936000,0.57107000,0.57254000,0.57430000,0.57586667,0.57717667,0.57866667,0.57971333,0.58133667,0.58290667,0.58495333,0.58606667,0.58778000,0.58781000,0.58911000,0.59109667,0.59182333,0.59286667,0.59405667,0.59549667,0.59687667,0.59799333,0.59904667,0.60004000,0.60127333,0.60279000,0.60469667,0.60541333,0.60586333,0.60793000,0.60887000,0.61009333,0.61205333,0.61323000,0.61467000,0.61559333,0.61653000,0.61825000,0.62061000,0.62135000,0.62304000,0.62488333,0.62627333,0.62743333,0.62917333,0.63003333,0.63202000,0.63360000,0.63508667,0.63540333,0.63690333,0.63905000,0.64037667,0.64203000,0.64339333,0.64482000,0.64619667,0.64828000,0.64940667,0.65078667,0.65255333,0.65401333,0.65546333,0.65716333,0.65880667,0.66051000,0.66200333,0.66449000,0.66569667,0.66731000,0.66983333,0.67172000,0.67392667,0.67603333,0.67751000,0.67903667,0.68131667,0.68280333,0.68375667,0.68516000,0.68735667,0.68859333,0.69067000,0.69290333,0.69495000,0.69745000,0.69985000,0.70305000,0.70652667,0.71032667,0.71308333,0.71773667,0.72207333,0.72535667,0.73047000,0.73578333,0.74253667,0.74809333,0.75389333,0.75894000,0.76358333,0.76713000,0.77081667,0.77294667,0.77520000,0.77816333,0.77996000,0.78225000,0.78291667,0.78621000,0.78562333,0.78715000,0.78655667,0.78758000,0.78781333,0.78813667,0.78805333,0.78751333,0.78683000,0.78776000,0.78697333,0.78689333,0.78749667,0.78632667,0.78564667,0.78612667,0.78642667,0.78395000,0.78303000,0.78317333,0.78069000,0.78190333,0.78046333,0.77976333,0.78040000,0.77926000,0.77824000,0.77972000,0.77874333,0.78001333,0.77873333
0.53130000,0.53244333,0.53402000,0.53514000,0.53671667,0.53870667,0.54000000,0.54184667,0.54402000,0.54561667,0.54747667,0.54857333,0.55063000,0.55265667,0.55489000,0.55658667,0.55774667,0.55955333,0.56168333,0.56342667,0.56406667,0.56603667,0.56731000,0.56856333,0.57076000,0.57159333,0.57377667,0.57519667,0.57657667,0.57762000,0.57885333,0.58114667,0.58180000,0.58367000,0.58433000,0.58542667,0.58710333,0.58898667,0.58952667,0.59133667,0.59184333,0.59341000,0.59542333,0.59648000,0.59759333,0.59931667,0.60060000,0.60170667,0.60389333,0.60459000,0.60664667,0.60728667,0.60850000,0.61015667,0.61312667,0.61383333,0.61557333,0.61779000,0.61908000,0.62109000,0.62169000,0.62325333,0.62470667,0.62670000,0.62802667,0.62855333,0.63043000,0.63260333,0.63327333,0.63457333,0.63687667,0.63794667,0.63951333,0.64115000,0.64307667,0.64439333,0.64616333,0.64797000,0.64961000,0.65127000,0.65258667,0.65357000,0.65568000,0.65758667,0.65951667,0.66133000,0.66340000,0.66586667,0.66804000,0.66980000,0.67085000,0.67294000,0.67467333,0.67625667,0.67789333,0.67883000,0.68152333,0.68305000,0.68433000,0.68689333,0.68900000,0.69153667,0.69373333,0.69688000,0.70094333,0.70387667,0.70653667,0.71071667,0.71532000,0.71918000,0.72420667,0.72924000,0.73570333,0.74113667,0.74635333,0.75217667,0.75560667,0.75820333,0.76300667,0.76423000,0.76707000,0.77060000,0.77270667,0.77430000,0.77553667,0.77683000,0.77780333,0.77904333,0.77838333,0.77972000,0.77979333,0.78042000,0.78017333,0.77992000,0.78004333,0.78059333,0.77932000,0.77951000,0.78107667,0.77971333,0.77806000,0.77774000,0.77974000,0.77767667,0.77693000,0.77651333,0.77523333,0.77606333,0.77443000,0.77346333,0.77483000,0.77338000,0.77486000,0.77337000,0.77345000,0.77275333,0.77333000
0.47920667,0.48112000,0.48226667,0.48381333,0.48561667,0.48793000,0.48955000,0.49117000,0.49298333,0.49542000,0.49796333,0.49930000,0.50082000,0.50337333,0.50543667,0.50742667,0.50985333,0.51126333,0.51368333,0.51522333,0.51709000,0.51937333,0.52098667,0.52245667,0.52533000,0.52603333,0.52735333,0.52930000,0.53136000,0.53276000,0.53365667,0.53593667,0.53675000,0.53825333,0.53959667,0.54087667,0.54194667,0.54419333,0.54473333,0.54706667,0.54839333,0.54950667,0.55130667,0.55176667,0.55348333,0.55552000,0.55743333,0.55909000,0.56034000,0.56192333,0.56286333,0.56439000,0.56679000,0.56877333,0.56944000,0.57123333,0.57320000,0.57574667,0.57795333,0.57847333,0.58165333,0.58293333,0.58441667,0.58649667,0.58755000,0.58957667,0.59183667,0.59268000,0.59520000,0.59608000,0.59826000,0.59949333,0.60154333,0.60318000,0.60569667,0.60684000,0.60843333,0.61088667,0.61230667,0.61425667,0.61621333,0.61801667,0.61970000,0.62199333,0.62487667,0.62667667,0.62862000,0.63112000,0.63403667,0.63570667,0.63789667,0.63919000,0.64184333,0.64399000,0.64546000,0.64735333,0.64856333,0.65080333,0.65248667,0.65555333,0.65855333,0.66104667,0.66373667,0.66759000,0.67081000,0.67518667,0.67822000,0.68281000,0.68744000,0.69306000,0.69832667,0.70453333,0.71137000,0.71851667,0.72544000,0.73012667,0.73538333,0.73931000,0.74283333,0.74483667,0.74844333,0.75099333,0.75291000,0.75587333,0.75762667,0.75824333,0.75893667,0.76031000,0.76103000,0.76094667,0.76164667,0.76139333,0.76116000,0.76070000,0.76095000,0.76141667,0.75974667,0.76069333,0.76013000,0.75827000,0.75772333,0.75905000,0.75606000,0.75688333,0.75728667,0.75511667,0.75373333,0.75400333,0.75333667,0.75341333,0.75217667,0.75143667,0.75174333,0.75157667,0.75055667,0.74996333,0.75169333
0.56361000,0.56587000,0.56643667,0.56812667,0.56938333,0.57076333,0.57236333,0.57355333,0.57507667,0.57601000,0.57742333,0.57876333,0.58036000,0.58115333,0.58355667,0.58474667,0.58543000,0.58807000,0.58845667,0.58963667,0.59117000,0.59236667,0.59430000,0.59476667,0.59668667,0.59730333,0.59866333,0.59977333,0.60113333,0.60232000,0.60333333,0.60504333,0.60550333,0.60601667,0.60679000,0.60813667,0.60925667,0.61057333,0.61098333,0.61193667,0.61318667,0.61388333,0.61507667,0.61630333,0.61689667,0.61848667,0.62000333,0.62123000,0.62195667,0.62318667,0.62487333,0.62573667,0.62681667,0.62832000,0.62997667,0.63082333,0.63284333,0.63383000,0.63560667,0.63630000,0.63836667,0.63919333,0.64043000,0.64180333,0.64266000,0.64487000,0.64545000,0.64685000,0.64848667,0.64998000,0.65018667,0.65211333,0.65408000,0.65542333,0.65668333,0.65844667,0.65937333,0.66096667,0.66334000,0.66350667,0.66574000,0.66780667,0.66959000,0.67040667,0.67237000,0.67497000,0.67632667,0.67854333,0.68131333,0.68268667,0.68407667,0.68624000,0.68738333,0.68843667,0.68950667,0.69125667,0.69280333,0.69456333,0.69684333,0.69795667,0.70065333,0.70297000,0.70498667,0.70857667,0.71124000,0.71410667,0.71718000,0.72078667,0.72460667,0.72906333,0.73399000,0.73791333,0.74436000,0.75066000,0.75576333,0.76053000,0.76369000,0.76841667,0.77231000,0.77347000,0.77699667,0.77847333,0.78116000,0.78273667,0.78450000,0.78651667,0.78629333,0.78890000,0.78875333,0.78911000,0.78912000,0.78943333,0.79065333,0.79024333,0.78947667,0.79010000,0.79060667,0.78936333,0.78872333,0.78983000,0.78929667,0.78813000,0.78695333,0.78677667,0.78628667,0.78640667,0.78610667,0.78436333,0.78361000,0.78359333,0.78409000,0.78239000,0.78292667,0.78289333,0.78192333,0.78131000,0.78170333
0.46199000,0.46316000,0.46495333,0.46746667,0.46878667,0.47070667,0.47308667,0.47491333,0.47683000,0.47894333,0.48131000,0.48270667,0.48507667,0.48701333,0.48950333,0.49174000,0.49422333,0.49622333,0.49816000,0.50069333,0.50226667,0.50399667,0.50628000,0.50748333,0.51009000,0.51133333,0.51322333,0.51524000,0.51644667,0.51835667,0.51954000,0.52209000,0.52391000,0.52510000,0.52717333,0.52846000,0.52988667,0.53240333,0.53316667,0.53514000,0.53742333,0.53910333,0.54099667,0.54259667,0.54486000,0.54642333,0.54821667,0.54989000,0.55184667,0.55296333,0.55556333,0.55686333,0.55872667,0.56106667,0.56200667,0.56440000,0.56607000,0.56882333,0.57048000,0.57223000,0.57462000,0.57602667,0.57790333,0.58009667,0.58144667,0.58301333,0.58515667,0.58714000,0.58928333,0.59100000,0.59331000,0.59473000,0.59668667,0.59906000,0.60068667,0.60292333,0.60504667,0.60614333,0.60874000,0.60987000,0.61339333,0.61570333,0.61709667,0.61935333,0.62229667,0.62442000,0.62707333,0.62880333,0.63163667,0.63379000,0.63508667,0.63762667,0.63958667,0.64167333,0.64333333,0.64585333,0.64761667,0.64951333,0.65105000,0.65383667,0.65719667,0.65890667,0.66131000,0.66444333,0.66745333,0.67131333,0.67418667,0.67739000,0.68127667,0.68539000,0.68958333,0.69424333,0.70056333,0.70724333,0.71130333,0.71623000,0.72058667,0.72482333,0.72778000,0.73089333,0.73231333,0.73498667,0.73710667,0.73937000,0.74136667,0.74321333,0.74318000,0.74461000,0.74640333,0.74629667,0.74717667,0.74779667,0.74755333,0.74899000,0.74793000,0.74779333,0.74779333,0.74840667,0.74737000,0.74907667,0.74888333,0.74756000,0.74668000,0.74777667,0.74726667,0.74652000,0.74598667,0.74558667,0.74477333,0.74394333,0.74538667,0.74525333,0.74514000,0.74480333,0.74640333,0.74360667,0.74507000
0.35781333,0.36002333,0.36261000,0.36533667,0.36762000,0.37008667,0.37300000,0.37586667,0.37888000,0.38129333,0.38450667,0.38620000,0.38943333,0.39227667,0.39570000,0.39846000,0.40130000,0.40441333,0.40669333,0.41018000,0.41234333,0.41471667,0.41788000,0.42035667,0.42343667,0.42591000,0.42836000,0.43131667,0.43371000,0.43575667,0.43819333,0.44111333,0.44405333,0.44590667,0.44825667,0.45050333,0.45279333,0.45586333,0.45782333,0.46058667,0.46286000,0.46535667,0.46812000,0.47094000,0.47380333,0.47596000,0.47819667,0.48090667,0.48389667,0.48563333,0.48903667,0.49107000,0.49359333,0.49699667,0.49905667,0.50194333,0.50466667,0.50748667,0.51051333,0.51325667,0.51572000,0.51856333,0.52167667,0.52354000,0.52600667,0.52860333,0.53153000,0.53414333,0.53732333,0.53919000,0.54194333,0.54496000,0.54697000,0.55024667,0.55300333,0.55594333,0.55835333,0.56124333,0.56454000,0.56591333,0.57005333,0.57295667,0.57481333,0.57791000,0.58113667,0.58396667,0.58698333,0.58982333,0.59283333,0.59590333,0.59795000,0.60122000,0.60419000,0.60640667,0.60860667,0.61189333,0.61504667,0.61778667,0.62003667,0.62371667,0.62755667,0.63097333,0.63399667,0.63798333,0.64285667,0.64760333,0.65078333,0.65583000,0.66154667,0.66654667,0.67251667,0.67783333,0.68471333,0.69292333,0.69871333,0.70427333,0.70874667,0.71335667,0.71733000,0.72101667,0.72342667,0.72709333,0.72971333,0.73272667,0.73363000,0.73662000,0.73883000,0.74052667,0.74200667,0.74205000,0.74457000,0.74589667,0.74658000,0.74741667,0.74754667,0.74776000,0.74864333,0.74840667,0.74986333,0.75032333,0.74947667,0.75062333,0.75033333,0.75050667,0.75061000,0.75166667,0.75306667,0.75069333,0.75118000,0.75132333,0.75307667,0.75242333,0.75273667,0.75301333,0.75346333,0.75449000,0.75526667
