1000,1005,1010,1015,1020,1025,1030,1035,1040,1045,1050,1055,1060,1065,1070,1075,1080,1085,1090,1095,1100,1105,1110,1115,1120,1125,1130,1135,1140,1145,1150,1155,1160,1165,1170,1175,1180,1185,1190,1195,1200,1205,1210,1215,1220,1225,1230,1235,1240,1245,1250,1255,1260,1265,1270,1275,1280,1285,1290,1295,1300,1305,1310,1315,1320,1325,1330,1335,1340,1345,1350,1355,1360,1365,1370,1375,1380,1385,1390,1395,1400,1405,1410,1415,1420,1425,1430,1435,1440,1445,1450,1455,1460,1465,1470,1475,1480,1485,1490,1495,1500,1505,1510,1515,1520,1525,1530,1535,1540,1545,1550,1555,1560,1565,1570,1575,1580,1585,1590,1595,1600,1605,1610,1615,1620,1625,1630,1635,1640,1645,1650,1655,1660,1665,1670,1675,1680,1685,1690,1695,1700,1705,1710,1715,1720,1725,1730,1735,1740,1745,1750,1755,1760,1765,1770,1775,1780,1785,1790,1795,1800,1805,1810,1815,1820,1825,1830,1835,1840,1845,1850,1855,1860,1865,1870,1875,1880,1885,1890,1895,1900,1905,1910,1915,1920,1925,1930,1935,1940,1945,1950,1955,1960,1965,1970,1975,1980,1985,1990,1995,2000,2005,2010,2015,2020,2025,2030,2035,2040,2045,2050,2055,2060,2065,2070,2075,2080,2085,2090,2095,2100,2105,2110,2115,2120,2125,2130,2135,2140,2145,2150,2155,2160,2165,2170,2175,2180,2185,2190,2195,2200,2205,2210,2215,2220,2225,2230,2235,2240,2245,2250,2255,2260,2265,2270,2275,2280,2285,2290,2295,2300,2305,2310,2315,2320,2325,2330,2335,2340,2345,2350,2355,2360,2365,2370,2375,2380,2385,2390,2395,2400,2405,2410,2415,2420,2425,2430,2435,2440,2445,2450,2455,2460,2465,2470,2475,2480,2485,2490,2495,2500
0.512312333,0.513135667,0.514137333,0.514838,0.515883,0.516849667,0.517392667,0.518641667,0.518803667,0.519527667,0.519766,0.520558,0.521207667,0.521159333,0.521389667,0.520895,0.520469,0.520235667,0.519721333,0.519165667,0.518777333,0.518216667,0.517329333,0.516405333,0.514968,0.513447667,0.510673,0.505923667,0.500170333,0.493511,0.488200667,0.484775333,0.482915,0.481348,0.480503333,0.480134667,0.479466,0.479061667,0.478323333,0.478773333,0.479076333,0.479060333,0.479815,0.480409333,0.481311333,0.482070667,0.482859,0.483355,0.484052667,0.484713667,0.485272333,0.485548333,0.485698333,0.485566,0.485117333,0.484434333,0.483274667,0.481933333,0.480312,0.477955667,0.475051333,0.471821667,0.468415333,0.463743667,0.458103,0.451819333,0.445152333,0.438113,0.430945333,0.424519667,0.417920333,0.411837667,0.405085333,0.397072667,0.385637,0.369232,0.346467333,0.316213333,0.281824,0.247863667,0.217885,0.193915,0.176809,0.164624333,0.156127667,0.15019,0.146029667,0.143456333,0.142018667,0.141591667,0.141385333,0.142035333,0.143789333,0.146911333,0.151638667,0.157270333,0.163864667,0.170671,0.17845,0.186211667,0.194249333,0.202175,0.21044,0.218733,0.226433667,0.234453667,0.242486333,0.249998667,0.257379667,0.264436667,0.271596,0.278188667,0.284042333,0.289703333,0.294851333,0.299667667,0.304724333,0.309093667,0.313411333,0.317988667,0.321774667,0.32549,0.328719667,0.332061333,0.334510667,0.337391,0.339839,0.342356667,0.344472667,0.346060667,0.347773667,0.348693333,0.349309333,0.349905667,0.350037,0.349967667,0.349433333,0.347721667,0.346714667,0.345480333,0.343963333,0.341960667,0.340128333,0.338116667,0.335685333,0.332799667,0.329580333,0.326537667,0.322739,0.319040667,0.314404667,0.310268667,0.305927333,0.301725667,0.298077333,0.295551667,0.293371667,0.292306667,0.291153,0.291069,0.291452667,0.291869667,0.291597667,0.291656333,0.291548,0.290956,0.288902,0.28564,0.281809,0.274822333,0.265938,0.252379,0.235471667,0.216040333,0.190289667,0.160383667,0.131423667,0.104341667,0.081201,0.065058,0.053989667,0.047912333,0.044086333,0.042138,0.041540333,0.040577,0.041299333,0.041041333,0.041941667,0.043097,0.044393667,0.045848667,0.047693,0.05004,0.052087333,0.054685333,0.057587333,0.060319333,0.064090667,0.067294,0.071437,0.075371,0.078930667,0.083582667,0.087722333,0.092226333,0.096275667,0.100713667,0.104444667,0.10902,0.113253,0.117647,0.122361333,0.12729,0.132294,0.137032,0.141855333,0.146702333,0.151523,0.156258333,0.161260333,0.165743,0.170929,0.175408333,0.180141333,0.183845667,0.188242,0.191923667,0.194284667,0.197653,0.199855667,0.201957667,0.203711667,0.205848667,0.206762667,0.2084,0.209941667,0.211279,0.212606333,0.213869,0.214752667,0.215330333,0.216199667,0.216274667,0.216382,0.215497667,0.214607333,0.212961333,0.210666,0.20791,0.204343333,0.200605333,0.197066667,0.192956333,0.188811667,0.185174,0.181318,0.177077667,0.173692,0.170315333,0.166790667,0.162189667,0.15859,0.155234667,0.151414,0.148722333,0.144824333,0.140743667,0.138083333,0.134093,0.129454,0.125865333,0.123297,0.120127667,0.115884,0.111321,0.108555333,0.105359333,0.101413333,0.097372333,0.093877,0.090132667,0.087245333,0.083476333,0.080397333,0.078529333,0.07576,0.071128667,0.067567,0.06486,0.063938,0.061199667,0.057178,0.053499667,0.053133333,0.053203333,0.051258,0.047557,0.047424,0.049365333,0.049938333
0.505665,0.507077667,0.508713667,0.510072,0.511179667,0.512065,0.512852,0.513679667,0.514264667,0.515098333,0.515075333,0.514910333,0.515009,0.515495667,0.515813,0.515155667,0.514732,0.514379667,0.514289333,0.51407,0.513173333,0.512061333,0.511215333,0.510545,0.509566333,0.507868,0.504842333,0.500239333,0.494062333,0.487510667,0.482358,0.478927667,0.477228,0.475995667,0.47553,0.475198667,0.474523,0.474205,0.473744333,0.473783667,0.474139333,0.474638667,0.475284667,0.47562,0.476340333,0.477249667,0.477767333,0.478056667,0.478401,0.479050333,0.479364333,0.47985,0.479908667,0.479963333,0.479546333,0.478744,0.477452,0.475974667,0.474028,0.471759667,0.469031,0.465674667,0.462226,0.457541,0.45248,0.446463333,0.439643667,0.432779333,0.426022333,0.41946,0.413245,0.407462333,0.400652333,0.392129667,0.380542667,0.364507333,0.342167,0.312184333,0.277533667,0.243619,0.213597333,0.189677333,0.172625333,0.160909667,0.152961667,0.147439667,0.143795667,0.141695,0.140601,0.140202667,0.140542,0.141698667,0.143692333,0.147119667,0.15234,0.158302333,0.165523333,0.172726333,0.180621333,0.188743333,0.197066667,0.205422,0.213958667,0.222439,0.230494333,0.238637667,0.246497,0.254123333,0.261343,0.268649333,0.275561667,0.281891667,0.287690667,0.293421333,0.298765333,0.303659,0.308492667,0.312792667,0.317047,0.320960333,0.324655667,0.328516667,0.331465,0.334587667,0.33718,0.339590333,0.341644667,0.343946667,0.345713667,0.347831333,0.349050667,0.350109667,0.350976,0.351109667,0.351436333,0.351041333,0.350644667,0.348917667,0.347922667,0.346413667,0.345011333,0.343404333,0.341577667,0.339436,0.33701,0.333935,0.330791,0.327509,0.324179667,0.320187,0.315587667,0.311316667,0.307048667,0.303026333,0.299220667,0.2964,0.294179333,0.292999667,0.291827,0.2917,0.291320667,0.291411,0.290899333,0.291081,0.289754333,0.288698,0.286657,0.283444333,0.279021,0.272183,0.262736333,0.250004,0.234580667,0.217114333,0.194435,0.163919667,0.133033,0.103397667,0.079408,0.061338,0.050609,0.043088333,0.041107333,0.039037,0.038032667,0.038079667,0.037517333,0.038225333,0.039058333,0.040440667,0.042264,0.043403,0.045942667,0.048404,0.050786667,0.053904667,0.057254667,0.060795,0.064631333,0.069069333,0.073387,0.077997667,0.083085,0.087936667,0.092695,0.098423333,0.103347667,0.108788,0.113758,0.118485667,0.123728333,0.128941,0.134259,0.140213,0.146242333,0.151893,0.158088333,0.162986,0.169674333,0.174897667,0.180349,0.186237667,0.191854,0.197242667,0.202812667,0.206897,0.211497,0.215926667,0.218847333,0.221489,0.224462667,0.227019333,0.228345667,0.229994667,0.231369667,0.232676,0.234223,0.235927333,0.236367,0.237654,0.239207,0.239678333,0.2397,0.240490667,0.239867,0.239315667,0.238130333,0.236082333,0.233724333,0.230707667,0.227502333,0.223308667,0.218996,0.214744333,0.210519,0.206422667,0.201838,0.197719333,0.193914667,0.190188,0.185534667,0.180988,0.176615667,0.172700667,0.170062333,0.164724,0.159705,0.156092,0.152187,0.147487667,0.142911333,0.139333667,0.134469667,0.129958333,0.126536,0.122222667,0.116859,0.113000667,0.110465,0.106488,0.102208667,0.097811667,0.093394667,0.089366333,0.087232333,0.084331333,0.080029333,0.076816667,0.072837,0.069065,0.064834,0.062156,0.060279,0.058844667,0.057638667,0.054236667,0.051263333,0.047642667,0.047342333,0.047028,0.047578667
0.594759333,0.596343,0.597981,0.599748,0.600519333,0.601344667,0.601790667,0.602684333,0.603336333,0.604023333,0.604286333,0.604123,0.604513,0.604643667,0.605038,0.604772,0.604441,0.604021667,0.603337667,0.603037333,0.602209,0.601579,0.601170333,0.600337667,0.599310333,0.597703333,0.595578333,0.591352,0.585660333,0.579786,0.575055,0.572010667,0.569551,0.568223333,0.567620333,0.567422,0.566572,0.565931,0.565519667,0.565280333,0.565408667,0.565725,0.566333,0.567317,0.567891667,0.568787,0.56924,0.569892333,0.570306333,0.570897,0.571172333,0.571357667,0.571494333,0.57081,0.570721333,0.570116667,0.569067667,0.568041333,0.566409,0.564520667,0.561721,0.558729333,0.555563333,0.551262333,0.546189667,0.540458333,0.534382667,0.527767667,0.521268,0.514732333,0.508909333,0.502862,0.495959,0.487684,0.476333667,0.460520333,0.437493333,0.406844,0.370110333,0.332564,0.297929333,0.268789333,0.247732,0.232442667,0.222076,0.214664,0.209652667,0.20655,0.20518,0.204738,0.20505,0.206392333,0.208931,0.213372,0.219505667,0.226980333,0.235593333,0.244479,0.253741333,0.263204,0.273050667,0.282680333,0.292417333,0.301648333,0.310662333,0.319224333,0.327962333,0.336071,0.343859667,0.351187667,0.358666,0.365734333,0.371499667,0.377169,0.382362333,0.387365,0.392170667,0.397066667,0.401295333,0.405662667,0.409689,0.413423667,0.416753333,0.420494,0.423511333,0.426262333,0.428796333,0.431088667,0.433151333,0.434893,0.436910667,0.438148,0.438593,0.438962333,0.439098,0.438386667,0.437051667,0.435272667,0.433664667,0.431986667,0.429793,0.427971333,0.426011,0.424062667,0.421745333,0.418873667,0.415453,0.412130333,0.408645333,0.404297667,0.399956,0.395577333,0.391212333,0.386784667,0.383299,0.380454,0.378480333,0.376933,0.376381333,0.375831333,0.376072,0.376378,0.376656,0.376962333,0.376489333,0.375598,0.374038333,0.371270333,0.366742333,0.359601,0.350062333,0.336434667,0.318273,0.296834667,0.266320667,0.227765667,0.187265667,0.149373333,0.114438667,0.088464,0.070001333,0.059621667,0.053792667,0.050667333,0.048631333,0.048039,0.048125333,0.049051333,0.050190333,0.052441,0.054723,0.057913667,0.06156,0.065163,0.069612,0.07416,0.079435667,0.084934667,0.090804667,0.096814,0.10318,0.109273,0.116151,0.122618333,0.129421667,0.135457333,0.142008333,0.148041667,0.153813667,0.15935,0.165104333,0.170875333,0.176745333,0.182557333,0.188809,0.194849,0.200922333,0.206769333,0.212477667,0.218071667,0.223838333,0.229498333,0.235015,0.240459,0.245445,0.25085,0.255426,0.259397,0.262818333,0.265779,0.268388,0.271251333,0.272918,0.274412333,0.276197667,0.277161333,0.279089,0.281566,0.283539333,0.285146,0.286441,0.287769667,0.288076333,0.288815333,0.288807,0.288211667,0.287202333,0.284615333,0.282353667,0.278390333,0.274394333,0.269509667,0.263282,0.257518667,0.252172333,0.246902,0.241479333,0.236239333,0.23249,0.228794333,0.224247,0.219563333,0.215105667,0.210747667,0.207218,0.203517667,0.199685,0.195596,0.190909667,0.186224667,0.181696333,0.177553667,0.173063333,0.168247333,0.163745667,0.158945,0.154168667,0.149904333,0.145170667,0.140337667,0.135251667,0.130242,0.125978667,0.121225333,0.115676333,0.110401333,0.105966,0.102050333,0.097716,0.092852333,0.088348667,0.084396,0.081228,0.07789,0.074848333,0.071304333,0.068926667,0.066537667,0.064075,0.061493,0.060874
0.513844333,0.515451,0.516861333,0.518689333,0.520131667,0.520583,0.520959667,0.522503333,0.523220333,0.524293,0.524014333,0.524405,0.524973,0.524682333,0.524903333,0.524823,0.524601667,0.523759,0.52324,0.522817,0.522240333,0.521362,0.520823667,0.519572667,0.518237667,0.516555667,0.513802,0.508998667,0.502477333,0.495844,0.490398333,0.486010333,0.484002667,0.482616667,0.481984,0.481783333,0.480912667,0.480128667,0.479331667,0.479459333,0.479718333,0.480083,0.480631,0.481223,0.482474667,0.483139,0.483867667,0.484283667,0.48471,0.484936667,0.485388,0.485786,0.486002667,0.485776333,0.48545,0.485051667,0.483782333,0.482152333,0.480282333,0.478162667,0.475227,0.471657,0.46801,0.463002333,0.457382667,0.451256667,0.444666667,0.437451333,0.430151667,0.423686333,0.417466,0.411093,0.404343333,0.396009333,0.384421,0.368705333,0.346913667,0.316964,0.282837667,0.249494333,0.220038,0.196373,0.179632,0.167447667,0.159187,0.15316,0.149153333,0.146593,0.145018,0.144263667,0.144205667,0.144843667,0.146463667,0.149304,0.154054333,0.159480667,0.165789333,0.172760333,0.180088,0.187631,0.195537667,0.203363333,0.211264,0.219210667,0.227173333,0.235026,0.242516667,0.249767333,0.256708333,0.263764,0.270879,0.277491667,0.2831,0.288514333,0.293630667,0.29861,0.303341,0.307851667,0.311882333,0.316258333,0.320096667,0.323716667,0.326687333,0.330222,0.332912333,0.335198,0.337625333,0.339858,0.341867333,0.343756667,0.345034667,0.346060667,0.346692333,0.347085667,0.347441,0.347015333,0.346281667,0.344910667,0.343922,0.342876333,0.341458667,0.339399333,0.337923333,0.335527667,0.333222333,0.330689667,0.327181667,0.324356,0.321081667,0.316884,0.31263,0.308177667,0.304093,0.300231,0.296642333,0.293508333,0.291387667,0.290500333,0.288942333,0.288973,0.289306333,0.289689,0.289769333,0.289586,0.288927,0.288008,0.286034333,0.283810333,0.279131333,0.272808667,0.264221667,0.251054333,0.235772,0.218584667,0.196102333,0.167903333,0.136939,0.109576333,0.087434,0.069828,0.058385667,0.053116667,0.050239667,0.047707333,0.04663,0.046101667,0.046107,0.046621333,0.047140333,0.048258667,0.049842,0.051663667,0.05276,0.055620333,0.057859667,0.060573333,0.064166667,0.066828667,0.070365667,0.073841,0.077925,0.081768667,0.086239667,0.090488,0.094891333,0.099653333,0.103754,0.108077,0.112597667,0.117478,0.121919667,0.126203667,0.130681333,0.136151667,0.140556667,0.146194667,0.151330333,0.156031667,0.161260667,0.166509,0.171558667,0.176106,0.180872667,0.18557,0.190534,0.195169,0.199655333,0.202764667,0.206562,0.209331333,0.211844,0.213555,0.215282667,0.216384,0.218083667,0.219924667,0.221408333,0.222459667,0.223727667,0.225182333,0.225961333,0.226490667,0.226722,0.227355,0.226788,0.226324667,0.225524,0.223139667,0.220868,0.218680333,0.214805333,0.211141333,0.206884,0.202888,0.199022333,0.194557,0.190770333,0.187293333,0.183808667,0.180384333,0.176475333,0.173019,0.168680667,0.164704,0.161309333,0.157196333,0.154274667,0.151123667,0.145958667,0.1412,0.137789,0.135133333,0.130969667,0.126776,0.123117,0.119870333,0.115725,0.112245333,0.108808667,0.104844333,0.100960333,0.098040667,0.094535,0.090439333,0.087782333,0.082563667,0.079609,0.077722333,0.076257333,0.072887,0.070094667,0.067191333,0.063967,0.059521333,0.056179667,0.055199333,0.055323,0.055024333,0.056051333,0.055657333,0.051913667
0.522557667,0.523583667,0.524976333,0.525842333,0.526048667,0.526730333,0.528174667,0.528724,0.529248333,0.530006667,0.530279,0.530604,0.530795,0.531394,0.531343,0.531064,0.530905667,0.530414,0.529654,0.529344,0.528610667,0.527969667,0.527173667,0.526339,0.525124667,0.523855667,0.521482,0.517246333,0.512338667,0.506589,0.501692,0.498480333,0.496868333,0.495319667,0.494643,0.494443,0.493523667,0.493092667,0.492685667,0.492397,0.492347,0.492810333,0.493429667,0.493884,0.494573333,0.494899,0.495673667,0.495946333,0.496434333,0.497286333,0.497288333,0.497725667,0.497878667,0.497638667,0.4971,0.496614333,0.495626667,0.494382,0.492511667,0.490514333,0.488097667,0.485028667,0.481847667,0.47767,0.472862333,0.467227333,0.461369,0.455115333,0.448852,0.442559667,0.436580333,0.431311,0.425181667,0.417757667,0.407188,0.392414333,0.371333667,0.342577333,0.309492,0.275857667,0.245375333,0.220379333,0.202342,0.189395333,0.180094333,0.173511,0.168911667,0.165902,0.163703,0.162785667,0.162586667,0.163079667,0.164602333,0.167753333,0.1725,0.178338667,0.185242333,0.192526667,0.20026,0.208326,0.216734667,0.224989667,0.233087667,0.241543,0.249508,0.257591667,0.265421,0.273116,0.280626333,0.287535,0.294518333,0.301143,0.306995333,0.312466667,0.317492,0.322346333,0.327208333,0.331446667,0.335551333,0.339285,0.343158667,0.346815667,0.349716333,0.352817667,0.355154333,0.357548333,0.360087,0.362398333,0.364287,0.365779667,0.366867,0.367931,0.368674,0.369316,0.369784667,0.369520667,0.368736667,0.36754,0.366444667,0.365242667,0.364005667,0.361934,0.360263,0.358295,0.356271,0.353838,0.350875,0.347933,0.344622,0.340842,0.336538,0.332423333,0.328031333,0.324393667,0.320417667,0.318037,0.316034,0.314888333,0.314181,0.313961,0.314119667,0.314299,0.314458,0.314470333,0.313820333,0.312764,0.311713,0.308908667,0.304432667,0.298272,0.289399,0.277192,0.261540333,0.242826,0.218556333,0.186601,0.154272,0.122718,0.096357,0.076461667,0.063769,0.057019,0.052068,0.050111,0.047905333,0.047390667,0.047198667,0.047747667,0.04876,0.049817,0.051257,0.053437333,0.055909333,0.057793,0.060865,0.063983333,0.067430667,0.070772333,0.074658667,0.078982333,0.083419,0.088067333,0.092369,0.097094667,0.102102,0.107077,0.112260333,0.117152,0.121948333,0.126793333,0.132227667,0.136895333,0.142336667,0.147269,0.153238667,0.158455667,0.16393,0.169237667,0.174799667,0.180482333,0.185137,0.190885,0.196321333,0.201277667,0.206195,0.210880333,0.216055667,0.219558667,0.222882667,0.225868333,0.228265667,0.231045,0.233002333,0.233745,0.235662667,0.236955667,0.238550333,0.239770333,0.240924,0.242134,0.243524,0.243487,0.244938667,0.244534667,0.244323333,0.244111667,0.242940333,0.241117333,0.239436,0.236958,0.233852,0.230007333,0.225818333,0.221328667,0.217237667,0.213154,0.209419667,0.205819,0.201657333,0.197774,0.193743333,0.189149333,0.185104333,0.181665,0.177796333,0.174103667,0.170678667,0.166358667,0.161706,0.157666,0.153248333,0.149057333,0.144753,0.141043,0.136939667,0.133442333,0.12909,0.125688333,0.120931667,0.116707667,0.114209333,0.110449667,0.105786,0.101456667,0.098391333,0.0952,0.091490667,0.087809,0.084337333,0.081667333,0.078972,0.077531667,0.074122,0.070691,0.066725,0.06569,0.06378,0.061757333,0.059624333,0.057910667,0.056992333
0.525175,0.526613667,0.527957667,0.529327333,0.531161,0.531628333,0.532542333,0.534385667,0.534365333,0.535277667,0.535271667,0.535518333,0.535631,0.535861,0.536097667,0.536030333,0.535905,0.534792333,0.534258,0.533677333,0.533367667,0.532650333,0.531681667,0.530393333,0.528981667,0.527151333,0.524254667,0.519125333,0.512277,0.505347,0.499538333,0.49491,0.492462,0.491277333,0.490768667,0.4901,0.489046333,0.48843,0.487339333,0.487137333,0.487806333,0.488183,0.489205,0.490158,0.491086,0.491627333,0.492379333,0.492996,0.493394333,0.494326333,0.494683333,0.494925333,0.495087667,0.495069667,0.494496333,0.493829,0.49269,0.491218667,0.489093,0.486517333,0.483375667,0.479847333,0.476372,0.471062667,0.465329333,0.458799667,0.451596333,0.443906333,0.435933333,0.428699667,0.421752667,0.414999667,0.408001333,0.399148,0.386532667,0.369643333,0.346210667,0.314436333,0.27792,0.242510333,0.211380667,0.186261333,0.168762,0.156187,0.147685333,0.141292333,0.137184333,0.134746667,0.133248333,0.132664,0.132602333,0.133151,0.135069667,0.138075,0.142691,0.148458333,0.154860333,0.162036,0.169612333,0.177578667,0.185857,0.193986333,0.202243333,0.210583333,0.218283333,0.226517667,0.234648667,0.242313333,0.249488,0.256713,0.26407,0.270686,0.276747667,0.282378667,0.287511333,0.292658667,0.297971667,0.302522,0.307098667,0.311610333,0.315791,0.319371333,0.322759667,0.326692667,0.329704667,0.332445333,0.334799333,0.337592333,0.340009,0.342060667,0.343761,0.345095333,0.34526,0.345995333,0.346312667,0.345807667,0.3448,0.343381,0.341726,0.339654333,0.337903333,0.336003,0.334296667,0.331859333,0.329796333,0.326947667,0.323072,0.320262333,0.316514667,0.312418667,0.307896,0.303545333,0.299034333,0.295265333,0.291294667,0.288404333,0.286297333,0.285447667,0.284297333,0.28459,0.284603667,0.285092667,0.284649333,0.28496,0.284267333,0.283383667,0.282071333,0.279094,0.274122667,0.267522667,0.258326333,0.245857333,0.229829,0.212038,0.189251667,0.160088,0.128970333,0.101076333,0.078946667,0.062037333,0.051933333,0.047264,0.044184333,0.041519667,0.041210333,0.040464,0.040630667,0.041031667,0.041495333,0.042540333,0.043958,0.045138,0.046938667,0.048763333,0.050790333,0.053302,0.05615,0.059043333,0.061878333,0.065828667,0.068883,0.073299,0.07748,0.081577,0.085745333,0.089919667,0.094281,0.098367333,0.102691667,0.107149667,0.111476333,0.115982,0.120380667,0.125379,0.129891,0.135086333,0.140396333,0.145026,0.149974333,0.154451667,0.160308,0.164405,0.169708667,0.174330333,0.179023333,0.183857333,0.188160667,0.191463,0.19476,0.197756333,0.200652667,0.202637,0.204191333,0.206697667,0.207400667,0.209438333,0.210606,0.212492333,0.214772333,0.215890333,0.217462,0.218770667,0.219098667,0.219341667,0.219212,0.219202,0.218109333,0.216653333,0.213572667,0.211067,0.207207,0.202443,0.198023333,0.193106333,0.188340333,0.183906333,0.179232667,0.175155667,0.172284667,0.168835333,0.164625667,0.160639333,0.156305667,0.152853667,0.149461333,0.145792667,0.142418,0.139194333,0.134709333,0.129999,0.126535,0.123352,0.119892,0.116026333,0.112616333,0.109814,0.106279667,0.101528667,0.098112,0.094879333,0.091954,0.08891,0.084756667,0.080332,0.077404333,0.074843,0.071945333,0.069955,0.067237667,0.063987667,0.060785,0.058261,0.056261667,0.053733667,0.051932667,0.049195667,0.047547,0.046447333,0.047203333,0.047255333,0.046218
0.502822667,0.502999667,0.502910667,0.503390333,0.503597333,0.504883333,0.505568333,0.506407667,0.506705667,0.507350667,0.507676,0.507676333,0.507974667,0.508143667,0.508856333,0.508434667,0.507841667,0.507518667,0.507239333,0.506641333,0.506174333,0.505665333,0.504709,0.504025,0.503268333,0.501336333,0.498480667,0.494415,0.488632,0.482680333,0.477782333,0.474426,0.473184333,0.471897667,0.470989,0.471062333,0.470479333,0.470693,0.470103667,0.470006667,0.470064667,0.470726667,0.471611333,0.472211,0.472625333,0.473318667,0.474127,0.474336667,0.474888333,0.475735333,0.476132667,0.476367333,0.476498,0.476481667,0.475703333,0.475174667,0.474169,0.472643,0.471085667,0.469032333,0.466239,0.463103333,0.459767667,0.455449,0.450163,0.444137333,0.437824333,0.431305667,0.424843667,0.418527333,0.412279667,0.406309,0.400200667,0.392267,0.38109,0.365017667,0.343050667,0.313766,0.28055,0.247436667,0.217916667,0.194218667,0.177377333,0.165636,0.157878333,0.152247333,0.148698667,0.146687,0.145420333,0.144963333,0.145312333,0.146241667,0.148387,0.151951667,0.156642333,0.162662,0.169922,0.177144,0.184711333,0.193003,0.201277333,0.209593333,0.2178,0.226014,0.234154,0.242197333,0.249949,0.257616,0.265076333,0.272222333,0.279265667,0.285771333,0.291730333,0.297313,0.301961667,0.306756333,0.311711333,0.316149667,0.320430333,0.324353333,0.327685,0.331118333,0.334304333,0.337396667,0.339576,0.342098333,0.344278,0.346709333,0.348574333,0.349644333,0.351115,0.352267667,0.353146,0.353530333,0.353841333,0.35325,0.352451333,0.351365333,0.350289667,0.349000667,0.347538667,0.345584333,0.344008333,0.341876333,0.339445333,0.336953,0.333671667,0.330608667,0.327186333,0.32319,0.318534667,0.314142333,0.309845667,0.306185,0.302298333,0.299820333,0.297383667,0.295912667,0.294662667,0.294723333,0.29432,0.294551,0.294550667,0.294660333,0.294114,0.293311,0.290741,0.288074,0.283679667,0.276713667,0.267103667,0.253635,0.236279333,0.216059667,0.189972,0.159623,0.129422667,0.101427667,0.079143,0.062177,0.051890333,0.043664333,0.041947333,0.039869333,0.038817667,0.038352333,0.038486,0.038556667,0.039146333,0.040637667,0.042054,0.043872667,0.045656667,0.047997,0.050179,0.05291,0.056253667,0.059085667,0.062781667,0.066467667,0.070521,0.074729333,0.078974667,0.083747,0.087946,0.092975333,0.097687,0.102002333,0.106569,0.111464667,0.116060667,0.120455,0.125793,0.130874667,0.136629667,0.142437333,0.147135,0.152327333,0.157331667,0.162662,0.168137333,0.173401,0.178339333,0.183096333,0.187334333,0.192004,0.196186,0.199596333,0.202750333,0.205728,0.207883333,0.210389333,0.211143,0.212734333,0.214240667,0.215018333,0.215657,0.218046667,0.218964,0.219953333,0.220843333,0.221037,0.222055667,0.221845667,0.221873,0.221171667,0.220213,0.217860667,0.216527,0.213109,0.210485333,0.206539667,0.202537,0.199459333,0.195397333,0.190999333,0.187583333,0.184156667,0.180269667,0.176400333,0.173076667,0.169078333,0.164285,0.160725333,0.157799667,0.153543,0.149785,0.145943667,0.142278667,0.137632,0.133427,0.130326,0.126574333,0.122610333,0.118644667,0.114985667,0.111209333,0.108004,0.103844,0.100425333,0.095812333,0.091044333,0.088065,0.085742333,0.082285333,0.079323667,0.075381,0.071985667,0.068973667,0.067353,0.064320667,0.061569,0.058828333,0.056760667,0.054369667,0.052026667,0.049219667,0.049696333,0.047063667,0.046693667,0.045427667
0.524993,0.525606333,0.526302667,0.526857,0.527466333,0.528555,0.529269333,0.530580667,0.531432333,0.532351667,0.532696333,0.533437333,0.533405,0.533878667,0.534472,0.533906333,0.533537,0.532805333,0.53203,0.532277,0.531794667,0.531037,0.530262667,0.528942,0.527596,0.525761667,0.522876333,0.517687333,0.510997333,0.503802,0.497718667,0.493881333,0.492231,0.490509,0.490018,0.489777,0.488978667,0.488851333,0.488538,0.488465667,0.488679333,0.489280333,0.490077667,0.490949667,0.491908333,0.492852333,0.493558667,0.493674667,0.494648667,0.495594667,0.495872,0.496266333,0.496363,0.496074667,0.495426,0.495064333,0.493978667,0.492544333,0.490441667,0.487704667,0.484546,0.480546,0.476664333,0.471680667,0.465821,0.459008,0.451285,0.443226333,0.435829333,0.428709,0.421608667,0.414593333,0.407392333,0.398010667,0.385013667,0.367272333,0.342635333,0.310165,0.273257667,0.23722,0.206058,0.181263667,0.164202667,0.152408,0.144515667,0.138965,0.135103333,0.132926,0.131765,0.131274667,0.131563667,0.132404,0.134255667,0.137802667,0.142766,0.148720333,0.155679333,0.162772,0.170782667,0.179022,0.187609333,0.196339667,0.204867333,0.213351,0.221804667,0.230238,0.238472667,0.246499,0.254635333,0.262335,0.269892,0.277087667,0.283522,0.28983,0.295479667,0.300597,0.305691333,0.310690667,0.315392,0.319871,0.323933333,0.327645333,0.331032667,0.334672333,0.337488,0.340784333,0.342965667,0.345387,0.347321,0.349316333,0.350692333,0.352170667,0.353071,0.353584,0.353630333,0.353319667,0.352455333,0.350975,0.349965,0.349019333,0.347304333,0.345208,0.343365667,0.340966333,0.338730333,0.334920667,0.331499667,0.328189,0.323760333,0.319739333,0.315131333,0.310231667,0.305603667,0.301157667,0.297063,0.294132,0.291485,0.289994,0.289111333,0.288655667,0.288211333,0.288787333,0.288691,0.288970333,0.288349333,0.287359333,0.285591333,0.282461667,0.277454,0.269846,0.259463667,0.244979,0.226824667,0.206207,0.179561333,0.149193,0.119535333,0.092857,0.071612,0.056454,0.046646,0.040694,0.037724333,0.036522,0.035898333,0.034703333,0.035098667,0.035726,0.035927667,0.037002667,0.038059,0.039377667,0.041278333,0.043239667,0.045371667,0.047555,0.050328333,0.053410667,0.056372333,0.059941,0.063547,0.067251333,0.071553,0.075643333,0.079890667,0.084223333,0.088349,0.092627667,0.097043333,0.102299333,0.106442667,0.111641,0.116306667,0.121375667,0.126877333,0.132229667,0.138296667,0.143003667,0.148183667,0.153429333,0.158728667,0.164340333,0.169062,0.174829333,0.178974667,0.183992,0.18834,0.192170667,0.19578,0.198959667,0.20107,0.203755,0.205193,0.206758667,0.208273333,0.209517,0.211334,0.213169667,0.214229,0.215951,0.216617,0.217553,0.217876667,0.217811333,0.217381667,0.217477333,0.215879,0.214144333,0.211825,0.209203333,0.205647,0.201916,0.197437667,0.19343,0.190119333,0.186026,0.181642667,0.177901667,0.173983,0.169888667,0.166185333,0.16194,0.157641,0.154278,0.150556333,0.146336,0.143042667,0.13955,0.134403,0.129059,0.125467,0.122298667,0.118616333,0.114373667,0.109873,0.106177333,0.103160667,0.099551667,0.096159667,0.092231333,0.088284667,0.085338667,0.081998333,0.079191667,0.076478,0.072877667,0.069409333,0.06633,0.064085,0.060586333,0.057335333,0.055681667,0.054583,0.051604333,0.049281,0.048063,0.047567333,0.043737,0.043067,0.041690667,0.042767667
0.509645667,0.510799,0.511839667,0.513413667,0.513566333,0.514385333,0.515906,0.517129667,0.517493,0.518364,0.519073333,0.518935,0.519077667,0.51951,0.519787333,0.519542333,0.519132,0.518937,0.518677667,0.517935333,0.517389,0.516904,0.516165333,0.514956333,0.513757667,0.512138,0.509328,0.504629667,0.498206667,0.491402667,0.485565667,0.481323667,0.479247333,0.477536333,0.47589,0.475434667,0.474613,0.474144,0.473294667,0.473097333,0.473057333,0.473485,0.474215,0.474903667,0.475819667,0.476794333,0.477526333,0.478086,0.478815333,0.479738333,0.479756,0.480336,0.480835667,0.480694667,0.480149,0.479473667,0.478288667,0.477169667,0.475488667,0.473158667,0.470257667,0.466683667,0.463145,0.458162667,0.452687667,0.446539,0.439514333,0.431969,0.424627667,0.417818667,0.411358333,0.405425333,0.399061333,0.390961333,0.379571333,0.363368667,0.341493667,0.311690333,0.276885667,0.242730333,0.212126,0.186975,0.168795333,0.155453667,0.145920333,0.139220333,0.134231667,0.130684667,0.128613,0.127567,0.126975,0.127636333,0.129022667,0.131743,0.136252667,0.141308,0.147768,0.154527,0.161875333,0.169478333,0.177361667,0.185300333,0.193275,0.201320667,0.209081,0.216747333,0.224381,0.231913333,0.2391,0.245683667,0.252768,0.259041333,0.264914667,0.270345,0.275415667,0.280267,0.285067667,0.289620333,0.294055333,0.298562667,0.302707667,0.306288333,0.309500333,0.313419333,0.316515333,0.319315333,0.322089,0.325057333,0.327224333,0.32894,0.330931667,0.332206667,0.332973667,0.333848333,0.334154,0.333854,0.333277333,0.331859333,0.330565,0.328825,0.326927333,0.325356333,0.323656667,0.321683667,0.319753,0.316877667,0.313789,0.310487333,0.30687,0.303236333,0.298622333,0.294492667,0.290317333,0.286631667,0.283159,0.280260333,0.278553333,0.278062667,0.277151333,0.277065667,0.277666333,0.278132,0.278479667,0.278771667,0.278768667,0.278143,0.276685667,0.274495,0.270437333,0.264618,0.255795,0.243521667,0.227408,0.208691333,0.184901667,0.155451333,0.125681333,0.095798667,0.070728,0.052286333,0.039962,0.032839667,0.030071333,0.027697,0.026491667,0.025933333,0.025762667,0.025909667,0.026554,0.027735333,0.028474333,0.030283,0.032374333,0.034527667,0.036509667,0.039482667,0.042021,0.045353,0.048788667,0.052359333,0.056585,0.060346,0.064874667,0.068924,0.073160333,0.077742333,0.082192333,0.086606,0.090815333,0.095453,0.099626333,0.103871667,0.108712333,0.113280333,0.117790333,0.122514,0.127161333,0.132144,0.137315667,0.142001,0.146749667,0.151524667,0.156481,0.160711667,0.165910667,0.169771,0.174269333,0.178273667,0.182017,0.185460667,0.188089667,0.190391333,0.192589667,0.194984667,0.197233333,0.198641667,0.200672,0.202815333,0.204455667,0.206336,0.208112333,0.209161333,0.210173667,0.211024,0.210489333,0.209979667,0.209217667,0.207761333,0.205011,0.201895,0.197953,0.193545667,0.189163333,0.184347,0.179844,0.175057333,0.170465667,0.165889,0.162005667,0.159033333,0.155581,0.151309,0.146764333,0.143637667,0.141206667,0.13757,0.134061,0.130588667,0.126299,0.121851,0.119006667,0.116002333,0.111894,0.107915,0.104158667,0.1011,0.098036667,0.094115,0.089789333,0.087424667,0.084579667,0.080144667,0.075911,0.072679,0.070751333,0.066157,0.062610333,0.05939,0.057263,0.053789667,0.051115,0.048231333,0.045607667,0.043814667,0.041056,0.039883,0.036945,0.036674667,0.035573333,0.035172,0.034924333
0.566057,0.567185,0.568464333,0.569505,0.570311,0.571221667,0.572909667,0.574139667,0.574488333,0.575546,0.575609333,0.575369,0.575611,0.575628667,0.575545333,0.575259667,0.575147667,0.574575,0.573951667,0.573472333,0.572571333,0.571889333,0.570845,0.569651,0.568344333,0.566230333,0.562883333,0.557942333,0.551331,0.543924667,0.537709667,0.532818333,0.530546333,0.529435667,0.528032667,0.526718,0.525586667,0.524965,0.523819667,0.523348333,0.523679,0.523826,0.524421667,0.525270667,0.526467333,0.527298,0.528256,0.528812,0.528964667,0.529944667,0.530504333,0.530769333,0.531005,0.530717333,0.530018333,0.529619,0.528426,0.526978333,0.524763,0.522494333,0.519625667,0.515411667,0.511785333,0.507006333,0.501086667,0.494508667,0.487314,0.479324333,0.47165,0.464633333,0.457578667,0.450774667,0.444063667,0.435561667,0.423822667,0.407139,0.384402333,0.353794333,0.317972333,0.282497333,0.251368333,0.225836333,0.207341333,0.193757333,0.184089667,0.177158333,0.172420333,0.16928,0.166893667,0.166003333,0.165518667,0.16608,0.167288333,0.170125667,0.174729,0.180124,0.186384667,0.193030667,0.200626,0.208176333,0.216026333,0.224126667,0.232193,0.240266333,0.247716,0.255959667,0.263348,0.270649333,0.277828,0.284534667,0.291501667,0.297575333,0.303319333,0.308802667,0.313777333,0.318765,0.323494333,0.328167,0.332456667,0.337202,0.341716667,0.345401667,0.348472667,0.352405,0.355088667,0.358312333,0.361130333,0.363913,0.366444333,0.368613,0.370158,0.371667667,0.372474667,0.372727667,0.373454667,0.373273333,0.372645667,0.370656333,0.368989,0.366897,0.364926,0.362890667,0.361243333,0.359011667,0.357343,0.354602333,0.350883,0.347828333,0.344158333,0.339631333,0.335339667,0.331243,0.326756667,0.323073,0.319134333,0.316291667,0.313845333,0.312987667,0.312522333,0.313026,0.313128667,0.313725333,0.313867333,0.314063667,0.313408667,0.312501667,0.311656,0.308770667,0.304780667,0.298604333,0.289602,0.277563667,0.262412333,0.244996667,0.222081333,0.192598667,0.161973,0.131179667,0.106794,0.086851333,0.075064,0.067235667,0.063114333,0.060927333,0.059243333,0.058642667,0.058527333,0.059101,0.060044,0.061001,0.06262,0.064698667,0.067173333,0.069655,0.071942333,0.074987,0.078148,0.081752333,0.085273,0.089305333,0.093394667,0.097387333,0.101860667,0.105867333,0.110412333,0.115269,0.119262333,0.123522667,0.127866667,0.132085,0.136867,0.140256333,0.144551333,0.149409,0.154013,0.15813,0.162639333,0.167290667,0.171451,0.176715,0.180466,0.184875333,0.189991333,0.194468667,0.198957333,0.203395667,0.207253333,0.211276,0.214245,0.217638333,0.220397333,0.222320333,0.224461667,0.226203,0.228093667,0.230309333,0.231231,0.233271667,0.235030333,0.236763667,0.238142333,0.239369333,0.239864333,0.239966,0.240247,0.239789333,0.238959667,0.236607667,0.234190667,0.23105,0.227290667,0.223239,0.218562667,0.213641,0.208891667,0.204271333,0.199295667,0.195074333,0.192043667,0.188671,0.185382333,0.181398667,0.177048667,0.173128,0.169986,0.167198667,0.164351667,0.160886333,0.156439667,0.152451333,0.149499667,0.146284667,0.142297667,0.139252,0.135559667,0.131566333,0.127936,0.125333,0.122124333,0.11828,0.1142,0.109929,0.106692,0.103206333,0.099715,0.097494667,0.094982333,0.091260333,0.087559667,0.083592,0.080910667,0.078581,0.075822333,0.072854333,0.070941667,0.070439667,0.067978667,0.065649,0.064408,0.062268333,0.060833
0.508414,0.509967333,0.511499333,0.513113,0.514344,0.514973,0.516531667,0.517964,0.518106333,0.518880667,0.519551,0.520282333,0.520879667,0.520847667,0.521035667,0.520891,0.520948,0.52032,0.519543667,0.518852667,0.518033667,0.517466333,0.516905333,0.516050333,0.514807667,0.512995333,0.510108333,0.504838333,0.498093,0.490533667,0.484544333,0.479750667,0.477336333,0.475562667,0.473917333,0.473159,0.472545333,0.471682,0.470326333,0.470253667,0.470529,0.471091667,0.471949333,0.472511667,0.473804,0.474738,0.475753667,0.476424333,0.47687,0.477751333,0.478241667,0.479153667,0.479370333,0.479042667,0.478814333,0.478072333,0.476990667,0.475868333,0.474129667,0.471470333,0.468045,0.464518333,0.460797333,0.455325333,0.449508,0.443138333,0.435782667,0.427749,0.419945667,0.412776,0.405913,0.399220333,0.392186333,0.383686,0.371654667,0.354903333,0.331961333,0.301354,0.265794,0.230834333,0.199544667,0.174159667,0.155941667,0.142699667,0.133286333,0.126528,0.121652667,0.118422667,0.116390333,0.115273667,0.114767,0.11525,0.116547,0.119218667,0.123432667,0.128708667,0.134786,0.141332333,0.148747333,0.156353667,0.164081333,0.171857333,0.179925667,0.187781333,0.195284667,0.203135333,0.210913667,0.218262333,0.225439667,0.232466333,0.239318667,0.245775,0.251660333,0.256876667,0.262077667,0.267022,0.27224,0.276959667,0.281527667,0.286140333,0.290071,0.293941,0.297985667,0.301959667,0.304833667,0.307878333,0.310835,0.313705,0.315987333,0.317899,0.319779,0.321248667,0.322002667,0.322997333,0.323601333,0.323234,0.322431667,0.320613667,0.319232667,0.317025667,0.315415333,0.313898333,0.312145333,0.31,0.307961,0.30521,0.302005333,0.298648,0.294700667,0.290687667,0.286023,0.281765,0.277337667,0.273794333,0.269983333,0.266892667,0.264972,0.264356333,0.263874667,0.263577333,0.264291667,0.265228333,0.265408333,0.265636333,0.26593,0.265474333,0.264349,0.261733,0.257871667,0.252190333,0.243328333,0.230788,0.214672,0.195269667,0.171378667,0.141906667,0.112518,0.085940667,0.061997333,0.045733333,0.033946667,0.02835,0.025698333,0.023986333,0.023163,0.022601667,0.022687,0.022799333,0.023002,0.024338,0.025024333,0.026548667,0.028014,0.029899333,0.031484667,0.033885667,0.036421,0.038514667,0.042121,0.045227333,0.048838,0.052176667,0.056358667,0.059742,0.063733,0.068057,0.071741333,0.076035,0.080524667,0.084094,0.087986,0.092028,0.096262,0.100142667,0.104738,0.109280667,0.113897,0.118375667,0.122586333,0.126732667,0.130997667,0.135871,0.139981667,0.145282667,0.149069667,0.153467,0.158392,0.161750333,0.165112667,0.168549667,0.171634,0.174769333,0.177359333,0.178965667,0.181372,0.184076667,0.185977667,0.187491667,0.189948667,0.191873,0.192965,0.194256333,0.195589,0.195338333,0.196029667,0.195713333,0.19516,0.193690667,0.191511333,0.187306,0.183492667,0.178845667,0.174348,0.16924,0.164199667,0.159858667,0.154851667,0.150884333,0.147594333,0.144133667,0.140754,0.136955667,0.132818333,0.129448,0.126217667,0.123085333,0.120049,0.116976667,0.113404667,0.110158333,0.106243333,0.102568,0.099767,0.096834,0.093267333,0.089915667,0.086911333,0.083816667,0.080871667,0.077512333,0.073445333,0.069673333,0.067461667,0.064553,0.061336667,0.059011667,0.056220333,0.052537,0.048846667,0.046151,0.044608667,0.042020667,0.038832333,0.037107667,0.036016667,0.035628333,0.034387333,0.03318,0.033036333,0.032526333,0.033529667
0.550029333,0.551894,0.554032,0.555824667,0.557263333,0.558363333,0.559372667,0.560175667,0.560831,0.562441,0.562884,0.563161,0.563774667,0.564181667,0.564136333,0.563678667,0.563511667,0.562971667,0.561793333,0.561502333,0.560440333,0.559429,0.558543,0.556798,0.555088,0.552646667,0.548890667,0.542836333,0.534802,0.525409,0.517877,0.512451,0.509663,0.50751,0.506329667,0.505715667,0.504435667,0.503404,0.502340667,0.502096667,0.502347667,0.502948,0.503993667,0.504991333,0.506288,0.507097667,0.508005333,0.508854667,0.509612333,0.510929667,0.511437667,0.511969333,0.511967667,0.511926,0.511561333,0.510909,0.509529333,0.507833667,0.505599,0.502584333,0.499003667,0.494619333,0.489765,0.483908,0.477092,0.468837333,0.460541,0.451297,0.442173,0.433759667,0.425745,0.418249333,0.410079,0.400350333,0.387083667,0.368831,0.343373333,0.31021,0.27277,0.236221,0.204618,0.179412333,0.161833667,0.14927,0.140669,0.134573,0.130218,0.127407333,0.125810333,0.124999667,0.124784,0.125311333,0.126836,0.129635,0.133494,0.138615667,0.144663333,0.151003333,0.158176,0.165809333,0.173525667,0.181406667,0.189397,0.197614667,0.205362667,0.213251333,0.221094333,0.228757667,0.235912,0.243134667,0.250552,0.257489,0.263423333,0.269146667,0.274616333,0.279797,0.284997333,0.289820667,0.294836333,0.299532333,0.303913667,0.308483667,0.311938667,0.316017,0.319102333,0.322559333,0.325568,0.328266667,0.330801,0.33297,0.334632333,0.336359667,0.337752667,0.338532667,0.338871333,0.338621333,0.33739,0.335448667,0.333609333,0.331715,0.329813667,0.328059333,0.325909667,0.323552333,0.321555667,0.318571667,0.314739,0.310883667,0.306995,0.302341667,0.297851667,0.293397,0.288648333,0.284389333,0.280435333,0.277254667,0.274832333,0.273664333,0.272830333,0.272982,0.273052,0.273343333,0.273915667,0.274432667,0.273933333,0.273722,0.272032667,0.269499667,0.265196,0.258382,0.248902,0.236104333,0.220381333,0.201357,0.176725,0.147750667,0.120786,0.095672,0.075054667,0.060995667,0.052943,0.047595333,0.044235,0.042550333,0.041770667,0.041397667,0.041196667,0.041791333,0.042170667,0.043263333,0.044185667,0.045309,0.047020333,0.048163,0.050296,0.052143,0.054396667,0.056689333,0.059451333,0.061722333,0.064938,0.068359333,0.071531667,0.074904,0.078229667,0.081775,0.085711,0.089149,0.092543667,0.096242,0.099523333,0.103027333,0.107014333,0.111453,0.115263667,0.119306,0.123234667,0.127399,0.130998667,0.135098,0.139437667,0.143343333,0.147300333,0.151952333,0.156129333,0.160596333,0.163966667,0.166950667,0.170409667,0.173503,0.176032333,0.17832,0.180352,0.182312,0.184223333,0.185680333,0.186834333,0.188876,0.190909333,0.191801667,0.193346333,0.194356,0.195011,0.195286,0.195612333,0.194632,0.194045,0.192083,0.189971667,0.186956667,0.183662,0.179976667,0.175582,0.170640333,0.166321333,0.162219667,0.158047333,0.154086333,0.150712667,0.148097333,0.145183667,0.140758,0.137019667,0.134099333,0.130746,0.128004667,0.125914667,0.122884,0.118584,0.115372667,0.112302667,0.10984,0.107119667,0.103324333,0.100058667,0.097333,0.094035333,0.090828667,0.088068,0.085679,0.083072667,0.080929667,0.077770333,0.074564333,0.072183667,0.070631333,0.067663667,0.064631333,0.061794667,0.060746,0.058895,0.057096667,0.054465667,0.051495333,0.050293,0.049426333,0.047539333,0.046825333,0.04662,0.04584,0.046333
0.512196,0.513035,0.513995667,0.514913333,0.515482333,0.516294333,0.516765,0.517472333,0.517867333,0.519249,0.519364667,0.518973667,0.520083,0.520579667,0.520939333,0.520657667,0.520232333,0.519301667,0.518840333,0.518505,0.517707333,0.516999667,0.516926667,0.515956667,0.514817,0.513626667,0.511528333,0.50703,0.501603,0.495167,0.490336,0.487545333,0.485801333,0.484621,0.484216,0.484117667,0.483640333,0.483571333,0.482860667,0.482881,0.483121333,0.483679333,0.484418,0.484908,0.485713667,0.486409,0.486752333,0.487175667,0.487881667,0.488997,0.489098667,0.489537667,0.489556333,0.48913,0.488485333,0.488289333,0.487459,0.486069667,0.484077667,0.482066,0.479505333,0.476260333,0.472957333,0.468719333,0.463895667,0.458232667,0.451956333,0.445192,0.438834667,0.432714,0.426823667,0.420588667,0.414023333,0.406161333,0.394856667,0.379385667,0.357899333,0.328668667,0.294744333,0.261147667,0.230999333,0.206390667,0.189031,0.176704667,0.168473333,0.162991667,0.159244667,0.156882667,0.155805667,0.155665,0.156028667,0.157231667,0.159281,0.162996333,0.168271667,0.174682667,0.181975,0.189421667,0.197800333,0.206131667,0.214338667,0.222853,0.231304333,0.239750667,0.247854,0.255716667,0.263599333,0.271410333,0.278914333,0.286007,0.293026333,0.299446333,0.305155333,0.310386,0.315736333,0.320511667,0.325194333,0.329744333,0.33352,0.337480667,0.340854333,0.344407,0.347597333,0.350652667,0.353441667,0.355942333,0.358360667,0.360668,0.362290333,0.363898333,0.365082,0.366679,0.367161,0.367626667,0.367716,0.366875333,0.366235,0.364736,0.363651,0.362102333,0.360463333,0.358702,0.357471,0.355222333,0.352942,0.349875,0.346845667,0.343513,0.340221,0.336429333,0.331858,0.327237,0.323263,0.319450333,0.315971333,0.313138667,0.310804667,0.309372667,0.307976333,0.307677333,0.307404667,0.308288,0.308381333,0.308425333,0.307836333,0.30699,0.305008333,0.301861667,0.297906333,0.291017333,0.28114,0.267900667,0.250427333,0.229718,0.201638333,0.169168333,0.138376333,0.109798333,0.084644667,0.066616333,0.055566333,0.048336333,0.045650667,0.043141,0.041917333,0.041381667,0.041586,0.042327,0.042907667,0.04479,0.045884,0.047956667,0.049890667,0.052202667,0.055041667,0.058036333,0.061438333,0.065324333,0.068963,0.073232667,0.077846333,0.082053,0.087246333,0.091701333,0.096873333,0.101917,0.106776,0.111555333,0.116867667,0.121294333,0.125759667,0.130791667,0.136071,0.140893333,0.146905,0.151559333,0.156864,0.162564333,0.167555,0.173359667,0.177662667,0.183090333,0.188038,0.192987,0.197523667,0.201782,0.206341667,0.209910667,0.212949,0.215562667,0.2182,0.220263667,0.221750333,0.223173,0.223563,0.225368667,0.226285333,0.228001333,0.229717,0.230878667,0.231570667,0.232452,0.232873667,0.232895333,0.232248667,0.231881667,0.230531,0.229493667,0.226747333,0.223893667,0.220766667,0.216773333,0.213043333,0.208816,0.203944333,0.200287,0.19676,0.192485,0.189027667,0.185734,0.181524667,0.17736,0.173005,0.169896667,0.166851667,0.163071333,0.159250333,0.155525667,0.15129,0.146855333,0.142915667,0.138967,0.135140667,0.131279667,0.127021333,0.123064667,0.119524333,0.115987,0.111657333,0.108464667,0.105401,0.100931667,0.096986667,0.093220333,0.090555,0.088090333,0.083975667,0.079622333,0.075668667,0.072866,0.069395,0.067179667,0.064499667,0.062459333,0.060637333,0.057601333,0.055344667,0.053185667,0.051922333,0.050222667,0.051324333
0.509284667,0.511062667,0.512977333,0.514876667,0.515755333,0.516907333,0.517183667,0.517791667,0.518927333,0.520345,0.520299,0.519863667,0.520507667,0.520644667,0.520709333,0.520639333,0.520558,0.519778667,0.519718333,0.519017,0.518176,0.517484,0.516456333,0.514953667,0.513499667,0.512020667,0.508875667,0.503569,0.496668333,0.489692333,0.483603667,0.478664333,0.476422,0.475314333,0.474483333,0.474052333,0.472948667,0.472242333,0.471573,0.471657,0.471743333,0.47182,0.472492667,0.473539,0.474586667,0.475663667,0.476203333,0.476765,0.477535,0.478112,0.47846,0.478997333,0.479018667,0.478877667,0.478585333,0.477815,0.476469333,0.475055667,0.473042667,0.470417,0.467389,0.463512333,0.459722667,0.454745667,0.449149667,0.442235333,0.434846,0.427551333,0.419879,0.412712,0.405902667,0.399315667,0.392319,0.383561333,0.371764667,0.355310667,0.332463667,0.302414333,0.267946667,0.234286,0.204984667,0.181634333,0.165042333,0.153263667,0.145128667,0.139675,0.135737,0.133502,0.132064667,0.131458667,0.131381,0.132142667,0.133620333,0.136592333,0.140969333,0.146219333,0.152361333,0.159032,0.166078333,0.173458,0.180991667,0.188733667,0.196408333,0.20428,0.211598,0.219294333,0.226674333,0.233774,0.240764,0.247440667,0.254179333,0.260411667,0.265797,0.271356333,0.276295,0.28099,0.285856,0.290491,0.294831667,0.298931,0.302803333,0.306554333,0.309728667,0.313042667,0.315833667,0.318543667,0.321011667,0.323373667,0.325823,0.327918,0.329308667,0.330329,0.330927333,0.331347667,0.331509667,0.331200333,0.330514333,0.328727333,0.327071,0.325110333,0.323415667,0.321658,0.319690667,0.317621667,0.315577333,0.313075333,0.309598,0.306300333,0.302756,0.298667333,0.294233333,0.290032333,0.285944333,0.282257333,0.278464333,0.275687,0.273607667,0.272643,0.271557,0.271547667,0.27243,0.271983333,0.271894,0.272049333,0.271641333,0.270991667,0.269313667,0.266549333,0.262483,0.255962667,0.247194,0.235531667,0.220570333,0.203291667,0.180423667,0.152286667,0.124346,0.098301,0.077626333,0.062023333,0.052702,0.046034333,0.044369667,0.042224667,0.041426,0.041182,0.041027667,0.041433667,0.042286,0.043272333,0.044399667,0.045861,0.047295333,0.049314667,0.051119,0.053512,0.056139333,0.058903667,0.061589667,0.065099333,0.068469667,0.072312,0.075665667,0.079673667,0.083717,0.087407,0.091767333,0.095501333,0.099463667,0.103471,0.107200333,0.111379,0.115647333,0.119882333,0.124501667,0.128954667,0.133664,0.137915667,0.142620667,0.147276333,0.151346,0.155588,0.160329333,0.164438,0.168659333,0.172913,0.177128333,0.180149667,0.183523667,0.185772667,0.188171667,0.189967667,0.191542333,0.193030333,0.194898333,0.196389333,0.197941667,0.199255,0.201411,0.202527333,0.203457333,0.204142333,0.205182667,0.206069667,0.205558333,0.205295333,0.203506333,0.202662667,0.200640333,0.197892,0.194432667,0.190300667,0.185836,0.181438667,0.177437333,0.172763667,0.168764333,0.165475333,0.162232333,0.159061,0.155645,0.151633,0.147405,0.144269667,0.141398,0.138676,0.135572,0.132054,0.128305333,0.123803,0.120957333,0.118407,0.114781333,0.11072,0.107541,0.104875333,0.101609333,0.097670333,0.095153,0.091912667,0.088019,0.085262,0.082941667,0.079853,0.076963333,0.075629667,0.073582667,0.069007,0.064863667,0.061866667,0.06063,0.057457,0.055036667,0.052830333,0.051556667,0.049912,0.049292333,0.047308333,0.045784667,0.044838333,0.043672
0.482069333,0.483413,0.485161667,0.486344667,0.486770667,0.487523,0.488469667,0.489169,0.489432333,0.490435667,0.491251333,0.491273,0.491197,0.491456,0.491843333,0.491403333,0.491284,0.491423,0.490696,0.489935333,0.489562,0.489124333,0.488052,0.487211667,0.486424,0.484666667,0.482100333,0.477582,0.471707,0.466122333,0.461630333,0.457869,0.455992667,0.455053667,0.454534333,0.454533667,0.45421,0.453861,0.453371333,0.453150333,0.453228,0.454045667,0.454866,0.455418333,0.455946,0.456802,0.457378667,0.457387,0.457589,0.458587,0.458938667,0.459291333,0.459256,0.459278,0.458815667,0.458212667,0.457215667,0.455796,0.453891,0.452003667,0.449318333,0.446009333,0.442749667,0.438353667,0.433189667,0.427612333,0.421450333,0.414699,0.4083,0.402419667,0.396590667,0.390582667,0.384131667,0.376167333,0.36504,0.349718,0.327948,0.298812,0.265178333,0.231954333,0.202728333,0.179095333,0.162184667,0.150633333,0.142913,0.137419333,0.133685667,0.131545667,0.130473667,0.130074333,0.130137333,0.131190667,0.133287,0.13661,0.141653,0.147722333,0.154526667,0.161674,0.169343667,0.177737667,0.185656667,0.193960667,0.20229,0.210514333,0.218274,0.226267333,0.234147,0.241845667,0.249116667,0.256155667,0.262922,0.269478667,0.27522,0.280427,0.285659,0.290671,0.295393333,0.299532333,0.303540333,0.307627,0.311099333,0.314710667,0.317904333,0.320887333,0.323204667,0.325739667,0.328102333,0.330104333,0.332069333,0.333783,0.334869667,0.335989333,0.336735333,0.337159667,0.337643333,0.337028333,0.336431667,0.335217,0.333982667,0.332614667,0.331284667,0.329534667,0.327829667,0.325780667,0.323626333,0.320571,0.317832667,0.314893667,0.311351,0.307562,0.303200333,0.298989333,0.294669667,0.290589333,0.286829333,0.284616333,0.282061667,0.280797667,0.279962667,0.279247667,0.279119333,0.279448333,0.279238333,0.279046667,0.27834,0.277164667,0.275515,0.272804333,0.268199,0.261659667,0.252347667,0.239305333,0.223279,0.205281333,0.181888667,0.152639667,0.120689667,0.093165,0.069528333,0.052657333,0.0425,0.036358,0.033104667,0.032082,0.030760667,0.030476333,0.030261,0.030845,0.031809,0.032304,0.033770333,0.035698667,0.037859333,0.039371,0.041946,0.044906333,0.047967,0.051193333,0.054877333,0.058816,0.062777,0.067294,0.072045667,0.076193,0.081417667,0.086175333,0.090756,0.096430667,0.101420667,0.105650667,0.110794667,0.115559,0.121358,0.12658,0.132306333,0.137828333,0.143426,0.148467667,0.155104667,0.160815667,0.165920667,0.171491333,0.176987333,0.182219333,0.187293,0.192133,0.195944,0.200474667,0.203664,0.206712,0.20884,0.210736667,0.212401333,0.213861,0.214466667,0.217031,0.218473333,0.219884667,0.221179,0.222636333,0.223266333,0.223966333,0.224424333,0.224482,0.223988,0.223978667,0.222198333,0.220924667,0.218618667,0.215506333,0.211751,0.208705667,0.204521667,0.200147333,0.196086,0.191905333,0.187860667,0.184181667,0.180510667,0.176690667,0.172873,0.168308667,0.163985333,0.160724667,0.156837667,0.152719667,0.148053,0.144517,0.140492667,0.135016333,0.131149333,0.127258667,0.12285,0.118876667,0.114602,0.110174333,0.106820667,0.103191,0.098724,0.094678667,0.091549333,0.088339333,0.084472333,0.080689,0.077741667,0.074836333,0.070875667,0.066448667,0.063448333,0.059862333,0.056790333,0.054574667,0.053568333,0.04976,0.046134333,0.046317333,0.044649667,0.042647,0.040698667,0.041667333,0.037933667
0.496483667,0.497819667,0.499382333,0.500716667,0.501394,0.502404333,0.503140667,0.504282,0.50518,0.506183667,0.506000667,0.506255333,0.506463333,0.506474667,0.507333667,0.506779,0.506588333,0.506248333,0.505427,0.505220333,0.504553333,0.503808333,0.502711333,0.502036667,0.500948,0.499,0.496331,0.491505,0.485646667,0.478742,0.473586,0.469665,0.467645333,0.466262667,0.465579667,0.465151333,0.464592333,0.464390667,0.463412333,0.463262667,0.463632667,0.464164333,0.465030333,0.465416,0.466135667,0.466654667,0.46726,0.467778667,0.468384667,0.468937333,0.469265667,0.469632667,0.469773667,0.469808,0.469462667,0.468682,0.467531667,0.466154667,0.464207,0.462249333,0.459322333,0.456073,0.452575333,0.447995,0.442468,0.436215333,0.429615667,0.422769667,0.415759667,0.409309,0.40316,0.397311,0.390592333,0.382587333,0.371424667,0.355730667,0.334255,0.305093667,0.271139333,0.237404333,0.207566333,0.183381333,0.16607,0.153685,0.145155333,0.139127667,0.134842333,0.132250667,0.130801333,0.130056333,0.129985667,0.130675667,0.132300667,0.135394333,0.140031,0.145694667,0.15228,0.159097,0.166551,0.174331667,0.182682,0.190633667,0.198811,0.206966,0.214752,0.222849,0.230525667,0.238024,0.245161667,0.251942,0.259019667,0.265730333,0.271705333,0.277187333,0.282575667,0.287551,0.29214,0.296474667,0.300923333,0.30537,0.308964,0.312212333,0.315572,0.318745667,0.321691667,0.324489667,0.326734333,0.329128667,0.331145333,0.333109667,0.334071333,0.335269333,0.336165667,0.336633667,0.337402,0.337228,0.336712,0.335345,0.334337667,0.332706,0.331522333,0.330017,0.328409667,0.326238667,0.323813333,0.321355333,0.317997333,0.315225667,0.311717,0.307461667,0.303027,0.299011,0.294739667,0.29068,0.287298667,0.284395333,0.282071667,0.280596333,0.279963,0.280088,0.280011,0.279955333,0.280194667,0.280388333,0.279523,0.278428,0.276551667,0.273990333,0.269702333,0.263500333,0.254904333,0.242895333,0.228009,0.211162333,0.188195667,0.158074,0.127600333,0.098447333,0.075020667,0.058414333,0.046255333,0.039632667,0.037921,0.036242667,0.035172667,0.034606667,0.034723,0.035308667,0.035482667,0.036493667,0.037853,0.039159,0.040791667,0.043253667,0.045075667,0.047561,0.050717333,0.053626333,0.057011,0.060652333,0.064677,0.068785667,0.073308,0.077546667,0.082105667,0.087083667,0.091428,0.096323667,0.101355667,0.105399,0.110618333,0.115519333,0.120256,0.125774,0.131226667,0.136165,0.142035667,0.147172333,0.152366,0.158402333,0.163482,0.168317,0.173888667,0.179066333,0.184759667,0.188953667,0.192747333,0.197283667,0.200861333,0.204441,0.206753667,0.209156,0.211391,0.213129,0.215433333,0.216572333,0.217833333,0.219876333,0.220850667,0.222675667,0.223398333,0.22439,0.224369667,0.224686667,0.224537,0.223968667,0.222543,0.220681667,0.218735667,0.215299667,0.211975667,0.208429333,0.204265333,0.199946667,0.195148667,0.191355,0.187295667,0.183078667,0.179611667,0.175696333,0.171719,0.167586667,0.163346667,0.159165,0.15603,0.152442667,0.148390333,0.143944333,0.139425667,0.134825333,0.130667,0.127533667,0.123254333,0.118720333,0.114724,0.110940667,0.107732333,0.103265333,0.099380667,0.096363,0.093516667,0.08911,0.085243,0.083553,0.079673667,0.074654333,0.069921333,0.067125,0.066064,0.063820667,0.059737,0.054404,0.052233333,0.052401,0.050409333,0.048211333,0.046010667,0.045057333,0.042674667,0.039479333,0.038588667
0.539658333,0.540758333,0.542163667,0.543108333,0.543768,0.544606667,0.54559,0.546313667,0.546923,0.547623667,0.547633333,0.547668,0.548106,0.548208667,0.548371667,0.548102,0.547986333,0.547501,0.546901667,0.546360667,0.545779,0.545265667,0.544457333,0.543523333,0.542573,0.541091,0.538417,0.533970667,0.528269333,0.522299667,0.517325,0.513940667,0.512141,0.510992333,0.510314,0.510056333,0.509081,0.508522667,0.508161667,0.5083,0.508535667,0.508942,0.509663,0.51034,0.511144667,0.511910667,0.512674333,0.513187333,0.513519667,0.514203667,0.514422333,0.514640333,0.514679667,0.514362667,0.513874667,0.513519333,0.512474333,0.511187333,0.509533,0.507442333,0.504866333,0.501797667,0.498662667,0.494448333,0.489406,0.483641667,0.477376333,0.470610333,0.463957667,0.457626667,0.451421333,0.445462667,0.438902,0.430766667,0.419452667,0.403717333,0.381458667,0.351722667,0.316877667,0.282037333,0.250430333,0.224489333,0.205832667,0.192356,0.18336,0.177032667,0.1729,0.170564667,0.169388667,0.169046667,0.169344667,0.170457667,0.172666667,0.176540333,0.182011,0.188678333,0.196200333,0.204037,0.212424333,0.220972,0.229796333,0.238425667,0.247114,0.255550667,0.263821333,0.272039333,0.279957333,0.287493667,0.294629333,0.301514,0.308516,0.314872667,0.320511,0.325916333,0.330737333,0.335517333,0.340198,0.344659333,0.348816,0.352949333,0.356803,0.360382,0.363493,0.366931667,0.369805333,0.372414667,0.374799,0.377269,0.379550667,0.381077667,0.382727667,0.383482,0.383999667,0.384617333,0.384815,0.383834667,0.382905,0.380961,0.379354,0.377528,0.375807333,0.373827333,0.372004333,0.370125667,0.368227333,0.365351,0.361845,0.358668333,0.355183333,0.351056333,0.346794667,0.342853,0.338597667,0.334883333,0.331579333,0.328646333,0.326835667,0.325613333,0.324759667,0.324655333,0.325042333,0.325124,0.325152,0.325203333,0.324578333,0.323490667,0.321891,0.319335333,0.315064667,0.308325333,0.299236333,0.28618,0.269146667,0.249743333,0.223721333,0.190763333,0.156516,0.123058667,0.095108,0.073782667,0.059292667,0.051002,0.046950667,0.044447333,0.043215667,0.042631667,0.042824667,0.043562667,0.044496,0.0461,0.048037667,0.050591667,0.053067,0.056229,0.059508333,0.063225333,0.067320667,0.071588667,0.076376667,0.081375333,0.086538,0.091888667,0.097365333,0.102762667,0.108422667,0.113494667,0.119080333,0.124161333,0.129266333,0.134362,0.139177667,0.144077667,0.149301667,0.154820333,0.160326,0.165749667,0.171094667,0.176394667,0.181955,0.186905333,0.192082667,0.196983333,0.201946,0.206977333,0.211856333,0.216425,0.221077667,0.224716333,0.227814333,0.230380667,0.233355667,0.235136667,0.236594,0.238509,0.239749,0.241356667,0.242609333,0.244756333,0.246706,0.248139667,0.249234333,0.250231,0.251383,0.251521,0.251754667,0.251072667,0.250111333,0.248291667,0.245839667,0.242777667,0.238318667,0.233515,0.228317667,0.223060333,0.218343333,0.213174333,0.208229667,0.203726333,0.200079,0.196588,0.192444333,0.18827,0.183792333,0.180295333,0.177238,0.173698,0.170286,0.166480333,0.162090333,0.157724667,0.153727667,0.149848,0.146045,0.141888,0.137617667,0.133701333,0.129732667,0.126040667,0.121893333,0.117794333,0.113796,0.109148,0.104307667,0.100299,0.096198333,0.092615,0.088948,0.085061667,0.080808,0.076965,0.073903,0.071008,0.068116667,0.065233,0.062377333,0.059880333,0.057644,0.056026333,0.055162,0.054666667,0.053263
0.525295,0.526672667,0.528207333,0.529757,0.530228,0.531412,0.532267667,0.533342667,0.533723667,0.534773333,0.534774,0.535038667,0.535178667,0.535395667,0.535731333,0.536198333,0.536126,0.535553333,0.534785,0.534622667,0.533970667,0.533330667,0.532641667,0.531697667,0.530745,0.528822667,0.525817,0.521534,0.515872,0.509462,0.503682667,0.499131667,0.496652333,0.495653333,0.494774333,0.493819667,0.492455,0.491958,0.490997,0.490768333,0.491132333,0.491745333,0.492422667,0.492981333,0.494127,0.495287333,0.496063,0.496610667,0.497161,0.497981667,0.498528667,0.499006667,0.498948,0.498830333,0.498531333,0.498251333,0.49743,0.496473,0.494507667,0.492194333,0.489655667,0.4865,0.482926333,0.478110667,0.47268,0.466640333,0.459803667,0.452587667,0.445546333,0.438594333,0.431984,0.42568,0.418899,0.410664,0.399337667,0.383624,0.361424667,0.331459667,0.296118667,0.261101667,0.229402,0.203306667,0.184065,0.169847667,0.160031333,0.153003333,0.148096,0.144782667,0.142592667,0.141633667,0.141678,0.142100333,0.143656667,0.146560333,0.151156333,0.156766667,0.163587,0.170471333,0.177931333,0.185656,0.193787667,0.201847667,0.210078,0.218006,0.225928333,0.233701,0.240971333,0.248199667,0.255257333,0.262007667,0.268700667,0.274801667,0.280247,0.285385,0.290381,0.29535,0.300116667,0.304688,0.308963333,0.313420667,0.317795,0.321929667,0.325498667,0.329245,0.332372667,0.335487667,0.338106,0.341189333,0.343514,0.345767,0.347590667,0.349264333,0.349832667,0.350290667,0.350845333,0.350012,0.349332333,0.347748667,0.345786333,0.343402667,0.341609667,0.339864667,0.338197,0.336484,0.334278333,0.331423333,0.328255,0.325109667,0.321435667,0.317431,0.312938333,0.308734667,0.304552667,0.301090333,0.297291667,0.294739333,0.292643333,0.292095333,0.291894,0.291791667,0.292455333,0.293204667,0.293153,0.293422,0.293839,0.293438333,0.292077333,0.289842,0.286553667,0.280727667,0.272451,0.260087,0.243359,0.224513667,0.199248,0.167897333,0.138395,0.107228,0.081232333,0.062894667,0.048978667,0.041696333,0.038505,0.035932667,0.034919,0.034242333,0.034176667,0.034746667,0.035465333,0.036442333,0.037938667,0.039106333,0.041282667,0.043594333,0.046446,0.04901,0.052341333,0.055670333,0.059265333,0.063123333,0.067121667,0.071574667,0.076207333,0.080294333,0.084619667,0.089176667,0.09344,0.097856,0.101718667,0.105888667,0.110043,0.113776333,0.118039333,0.122273667,0.126850667,0.130598333,0.135198667,0.139183333,0.143321333,0.147848333,0.151725,0.156,0.160496,0.164984333,0.169424667,0.173862333,0.177818,0.181964,0.185645,0.187846,0.191464333,0.194749667,0.196985,0.198902,0.201034667,0.202914333,0.204535333,0.207174333,0.209983667,0.211466333,0.212652333,0.21458,0.215826667,0.216169333,0.217329,0.216893667,0.215866333,0.214247667,0.210744667,0.207854667,0.203942333,0.198655667,0.193176667,0.188375333,0.183417,0.178265667,0.173113,0.168997,0.166225,0.162534333,0.159564,0.156160333,0.151446667,0.148343667,0.145852333,0.142551333,0.139465333,0.136978333,0.133830333,0.129499667,0.126609333,0.123374,0.120054667,0.116746,0.112810333,0.109180667,0.106380333,0.103674,0.099355333,0.096117,0.093075333,0.08978,0.086287,0.082022667,0.078111667,0.074938667,0.072313,0.069874667,0.066608,0.063035333,0.059754667,0.057542667,0.055545333,0.055893667,0.052736667,0.050527,0.047999667,0.049640333,0.04584,0.042355333,0.040152667
0.528863667,0.530277667,0.532076333,0.533375667,0.533933333,0.534853667,0.535937333,0.536768333,0.537105667,0.538143667,0.538819333,0.538945,0.538945,0.539232,0.539347,0.538661667,0.538182,0.537729333,0.537801333,0.537317,0.536225,0.535245667,0.534534,0.533618,0.532293667,0.530425667,0.527461,0.522749667,0.515964,0.509278,0.503804,0.499726667,0.497410667,0.496159667,0.495611667,0.495426333,0.494213333,0.493563667,0.492918333,0.492948667,0.492957333,0.493151,0.493867333,0.494538667,0.495046667,0.495805,0.496556667,0.496940667,0.497426333,0.498241,0.498266667,0.498727,0.498805333,0.498516333,0.498041667,0.497491,0.496349333,0.494820667,0.493308,0.490803333,0.487675,0.484253,0.480602,0.475921667,0.470313,0.463764667,0.456999667,0.449973333,0.442931,0.436187333,0.429589667,0.423593333,0.417060333,0.408889,0.397552333,0.381601667,0.359453,0.329893667,0.296219667,0.263048333,0.233769667,0.210598333,0.193807667,0.181828333,0.173568667,0.167457667,0.163266667,0.161057667,0.159449667,0.158940667,0.158881,0.159450667,0.161074333,0.163934333,0.168348333,0.173892,0.180098,0.186779333,0.194209,0.201640333,0.209246,0.217133333,0.225042,0.233053,0.240501333,0.247991333,0.255501333,0.262618,0.269816333,0.276780667,0.283750333,0.289889333,0.295615333,0.300923333,0.306034667,0.310781333,0.315418,0.319794667,0.323798667,0.327729667,0.331524667,0.334828,0.337947333,0.341220667,0.344063333,0.346883667,0.349049667,0.351003333,0.353090667,0.354993333,0.356419667,0.357342667,0.357700333,0.358006667,0.358685667,0.358419,0.357928,0.356223333,0.355092,0.353335333,0.351966,0.350483333,0.348991333,0.346779667,0.344372667,0.341405667,0.338607333,0.335615,0.331693667,0.327435333,0.322849667,0.319028333,0.314745,0.310996333,0.307279333,0.304207667,0.302354667,0.301252,0.300209333,0.3006,0.300100667,0.300613667,0.300033667,0.299884333,0.299164,0.298050333,0.296155,0.293439667,0.289246,0.283028333,0.273800667,0.261844,0.24756,0.231216,0.210055333,0.180900667,0.150999,0.123704333,0.100018,0.082281333,0.072231667,0.063545667,0.06065,0.058586333,0.057403,0.056641667,0.057182333,0.057428,0.058037,0.059337,0.061260667,0.063221,0.065346,0.067934333,0.070899,0.073618,0.077091667,0.08016,0.084051,0.087839667,0.091794333,0.096334,0.100506333,0.105099667,0.109686667,0.114437,0.118471,0.12376,0.128125333,0.132852,0.137616,0.142073333,0.147275667,0.151767667,0.157413667,0.162224333,0.167789667,0.172836333,0.177354667,0.182809667,0.187667,0.192630333,0.197884,0.202322667,0.207239333,0.211390333,0.216236,0.219475667,0.222743667,0.225728,0.228342333,0.230475667,0.232382667,0.233726667,0.234615333,0.235847333,0.23795,0.238517667,0.240243667,0.241266667,0.241957,0.242545,0.243799,0.243352333,0.243215667,0.242709,0.241517333,0.239363333,0.236948333,0.23481,0.231176667,0.226914667,0.223397,0.218848,0.214664667,0.211161667,0.20746,0.203791667,0.200138333,0.196952,0.192607333,0.188328667,0.184581333,0.180732333,0.177723667,0.173598667,0.170097333,0.165654333,0.161086,0.157608,0.153466667,0.149630333,0.145858,0.142833667,0.139626667,0.135485,0.131548667,0.127081333,0.122661,0.118846,0.115672,0.112694,0.109328333,0.105491667,0.103718,0.099446,0.095719333,0.092573,0.090338333,0.086786667,0.084292,0.081643333,0.079612333,0.074311667,0.070916667,0.069106333,0.067442667,0.066125333,0.067821667,0.067328,0.063138
0.515388,0.516758333,0.518725333,0.519547,0.521082,0.522188667,0.523633,0.525339,0.525624667,0.526587333,0.526907667,0.527623667,0.527924333,0.528385333,0.528780667,0.528134,0.527592667,0.526900667,0.526267667,0.525731667,0.524952333,0.524077333,0.523371333,0.521872667,0.520330333,0.518682333,0.515486333,0.509401667,0.501355667,0.493155667,0.486447333,0.481458333,0.478952667,0.477958333,0.476911,0.476420667,0.475192,0.474208667,0.473365,0.473737,0.473774333,0.474180667,0.475021667,0.475883667,0.476884,0.478009,0.478960667,0.479410667,0.479988333,0.480926333,0.481221333,0.481765667,0.482011333,0.481713333,0.481235333,0.480488333,0.479345333,0.477757667,0.475831333,0.472953667,0.469282667,0.464957667,0.460829667,0.455189667,0.448627,0.440778333,0.433013,0.424665,0.416268,0.408428,0.400892667,0.393838667,0.386147333,0.376560333,0.363896,0.345852667,0.321365333,0.289562,0.2541,0.220674667,0.192176,0.169811,0.154531667,0.143936,0.136638,0.131289667,0.127526667,0.125492,0.12402,0.123444333,0.123064,0.123551333,0.124832667,0.127298667,0.131149,0.135876333,0.141249,0.147172667,0.153662667,0.160405667,0.167701,0.174878667,0.182194,0.189711,0.196958667,0.204465,0.211743333,0.219115,0.226212333,0.233032667,0.240226333,0.246678667,0.25229,0.25775,0.263371333,0.268137333,0.273259667,0.277944,0.282747,0.287045333,0.290791333,0.294897,0.298204,0.301798,0.304606,0.30792,0.310552,0.312825,0.314996,0.316951333,0.319032667,0.320278,0.320854333,0.321157667,0.321426333,0.321442667,0.320776,0.319046333,0.317586333,0.316251333,0.314850333,0.312305,0.310341667,0.308174,0.306016667,0.30329,0.299686333,0.296464,0.292795333,0.288489333,0.283789667,0.279144,0.274926667,0.271021667,0.266984667,0.264328667,0.261786333,0.260967333,0.259915,0.259949667,0.260045667,0.260008667,0.259904333,0.260231,0.259818,0.259056667,0.257289,0.254229667,0.249875333,0.243377667,0.234406,0.221754667,0.206114667,0.188934,0.167512,0.140813333,0.116238667,0.095227,0.078468333,0.066695333,0.058998333,0.054884333,0.051444667,0.050079,0.049094667,0.048793333,0.048924333,0.049187333,0.049234667,0.050550667,0.051437667,0.052816333,0.053735667,0.055524333,0.057457667,0.058754667,0.060931667,0.062895333,0.065309333,0.067696,0.070041667,0.072861,0.075782,0.078524,0.081370667,0.084439,0.087588667,0.090427,0.093473333,0.096816333,0.100247,0.103287333,0.106735333,0.110251667,0.113661667,0.118057,0.120900333,0.124857,0.128874667,0.132532333,0.136038,0.140079,0.143875333,0.148025333,0.151578667,0.155479333,0.158594333,0.161801667,0.164148667,0.166874333,0.168727333,0.170799667,0.172224333,0.173681,0.174626,0.176005667,0.177168,0.178561667,0.180347667,0.180989667,0.181976,0.182269667,0.182883667,0.183106667,0.183183667,0.182539,0.181666333,0.180202,0.178161,0.175965667,0.172841,0.169463333,0.165994333,0.162386667,0.159043,0.155816667,0.152257333,0.149235333,0.146713333,0.143439,0.140449667,0.136586667,0.133169667,0.130486667,0.127891667,0.125353333,0.122477333,0.119804333,0.116671333,0.113055,0.110246,0.107584333,0.104429333,0.101571,0.099802333,0.097313333,0.094154,0.090844667,0.088824667,0.08663,0.084112,0.081327667,0.078817333,0.07649,0.074426667,0.072187333,0.069683,0.067813667,0.065880667,0.06343,0.061103667,0.059239667,0.057823667,0.057099667,0.056768333,0.054388,0.053071,0.051075,0.05147,0.049970667,0.050432667
0.488078333,0.489375333,0.49094,0.492054333,0.493031333,0.493556667,0.494794667,0.495419,0.495867,0.496543667,0.497125667,0.497492333,0.497812667,0.498301333,0.498407667,0.497664,0.497465,0.497072667,0.496464,0.496277,0.495575,0.494925333,0.494094667,0.492972667,0.491967,0.490553,0.487553667,0.482476,0.476749333,0.47011,0.464961667,0.461352333,0.459143,0.458178,0.457707,0.4573,0.456787333,0.456425333,0.456003,0.455837,0.456080667,0.456574333,0.45724,0.457821,0.458549333,0.459175333,0.460003,0.460081,0.460901333,0.461742333,0.461701,0.462073333,0.461804,0.461766,0.461657,0.461037667,0.459774,0.458412667,0.456933667,0.454520667,0.451650667,0.448224333,0.444924667,0.440421667,0.435208667,0.429499,0.422911667,0.416211667,0.409358,0.403046667,0.397070667,0.391408,0.385309667,0.377163333,0.366435667,0.351021667,0.329557333,0.301202,0.268887,0.236742,0.208116333,0.184951,0.16861,0.156918667,0.148937333,0.143141667,0.139471333,0.137504667,0.136241,0.135657667,0.135798333,0.136554667,0.138625,0.141809667,0.146728667,0.152567667,0.159114667,0.166192667,0.173675667,0.181301667,0.189270333,0.197409333,0.205150333,0.213076667,0.220803,0.228508333,0.235796667,0.242898333,0.250013333,0.256835333,0.263385333,0.269608333,0.275027,0.280037333,0.285014333,0.290053,0.294793333,0.298992,0.302942667,0.306700667,0.310024,0.313372667,0.316492667,0.319953333,0.322163667,0.324415667,0.326708667,0.328993,0.330815333,0.332493667,0.333797,0.334841,0.335425333,0.335894667,0.336055,0.335322333,0.334888333,0.333325333,0.332273333,0.330924667,0.329534333,0.327810333,0.326288333,0.324283333,0.322055333,0.319485333,0.316130333,0.313154333,0.309689,0.306143667,0.302268333,0.298188,0.294207,0.290661333,0.287079333,0.284404667,0.281707,0.280798333,0.280302333,0.280251,0.280016667,0.280347667,0.279985667,0.280121,0.279252,0.278145667,0.276505,0.27372,0.269225,0.263013667,0.254036,0.241713,0.226987333,0.209739667,0.187474667,0.158399333,0.128066333,0.098850333,0.075049667,0.058728333,0.047253333,0.039432,0.037454333,0.035584,0.034027,0.034077,0.034044667,0.034415333,0.035170667,0.036509333,0.038042667,0.039461333,0.041265667,0.044056333,0.046454333,0.049366,0.052587,0.055851333,0.059617,0.063674667,0.068204,0.072211667,0.077256,0.082178,0.086837333,0.092004333,0.096524333,0.101705667,0.106381333,0.111186333,0.115762,0.120768,0.126157667,0.131445667,0.13692,0.142669333,0.147867667,0.152788333,0.159139333,0.164211667,0.168867,0.174380667,0.179323333,0.184142333,0.188866,0.193548,0.197452333,0.201398333,0.204274667,0.207304333,0.209922333,0.211756667,0.213727333,0.214613667,0.215591,0.217480667,0.219276667,0.220217667,0.221762,0.222044,0.223631333,0.224979333,0.225487667,0.225278667,0.225657333,0.224791,0.223400667,0.221546667,0.219688333,0.216443333,0.212923,0.208982,0.204984667,0.200865333,0.196682333,0.192818333,0.189154667,0.185491,0.181873,0.177758667,0.174202333,0.170048333,0.166007,0.162062,0.158342333,0.154902,0.151246333,0.147628667,0.143031333,0.138489333,0.134507,0.130692667,0.127301333,0.122916333,0.118320667,0.114442,0.111952667,0.108462667,0.104534667,0.100011,0.096464,0.092924,0.089324333,0.085557,0.082474667,0.078888667,0.074983333,0.070465667,0.067295333,0.064942333,0.061713667,0.058303,0.055985333,0.053417,0.050588667,0.048659333,0.048197667,0.045971,0.043924,0.043041333,0.044013
0.637779333,0.638898333,0.640228333,0.641191,0.642035667,0.643346667,0.644702333,0.646043,0.646329,0.647933333,0.648294667,0.648698667,0.64888,0.649359667,0.649370333,0.648969,0.649094333,0.648326333,0.647042333,0.646645,0.645696333,0.644725,0.644089333,0.643024667,0.641261333,0.638861667,0.636064333,0.630100667,0.621908,0.612857667,0.605246333,0.60019,0.597855333,0.595323667,0.593841667,0.593258,0.592125333,0.591267667,0.590113333,0.589617,0.589967667,0.590198333,0.59165,0.592689333,0.593704667,0.594631,0.595641,0.596248333,0.597252,0.598229333,0.598271333,0.598789,0.599321333,0.599097333,0.598695,0.597843333,0.596407667,0.594658,0.592602,0.590073333,0.586229333,0.581829333,0.577304333,0.571611,0.564789,0.55689,0.548038333,0.538993667,0.530082333,0.521275667,0.513074333,0.505402,0.497005,0.487098333,0.47288,0.453655667,0.426978,0.391308333,0.350136667,0.309409333,0.272858333,0.242869,0.221303,0.2058,0.195208667,0.187358667,0.181869,0.178698,0.176340333,0.175301,0.175342,0.175962,0.177567,0.180815,0.186164,0.192260667,0.199867,0.207835667,0.216237,0.225101333,0.234517,0.243569,0.252892667,0.262199,0.271192,0.280517,0.289401333,0.29799,0.306199333,0.314202,0.322244333,0.329884333,0.336391333,0.342563,0.348616333,0.354183,0.360375,0.365640667,0.370578,0.375951667,0.380939,0.385369333,0.389315333,0.393731,0.397438,0.401282333,0.404276667,0.407979,0.410396333,0.412702,0.414651667,0.416200333,0.417615667,0.418438,0.419137,0.418796667,0.417975,0.415882667,0.414033,0.412016667,0.409666333,0.407335333,0.405169,0.402823333,0.400419333,0.397229667,0.393185,0.389249667,0.384849,0.379936,0.374713333,0.369482333,0.364479333,0.359825667,0.355261,0.351904333,0.349308,0.347589,0.346705,0.347314333,0.347879,0.348230667,0.348557333,0.349249,0.348745667,0.348033333,0.346606333,0.343637,0.339324,0.332309333,0.322089667,0.307328333,0.288727,0.266628,0.237655667,0.202639667,0.167592,0.135087,0.107730333,0.087789333,0.074636,0.066991,0.062341,0.059317,0.057139333,0.056870667,0.057153,0.057621,0.058511,0.059529667,0.061173333,0.063344333,0.065605,0.068218,0.070890333,0.07432,0.077498333,0.080888667,0.085009667,0.088887333,0.092993333,0.097680333,0.102592667,0.107228,0.111945,0.116451333,0.121615333,0.125758333,0.13101,0.135234333,0.139910333,0.1447,0.148830333,0.153812333,0.158688333,0.163741333,0.168857,0.173061333,0.178278333,0.183145,0.187310667,0.192732,0.196976333,0.202551333,0.206848333,0.212091333,0.216465333,0.220599,0.224404333,0.228036667,0.230780333,0.233313667,0.236209333,0.238450333,0.239599,0.241283667,0.243610667,0.245892333,0.247712,0.249705,0.250504333,0.251969,0.252135667,0.252276667,0.252894,0.252649,0.251284333,0.249833,0.246962,0.242686667,0.239573667,0.234818,0.229355,0.223804333,0.218368,0.21338,0.208463,0.204080333,0.199931,0.196855667,0.193682333,0.188554333,0.183890667,0.180287333,0.176481333,0.173713333,0.170810333,0.166585,0.162254667,0.158155,0.155190333,0.151123,0.146629,0.143354,0.139418333,0.135714333,0.131583,0.128151,0.124071667,0.120424667,0.116155667,0.112940667,0.109047667,0.104495,0.102118333,0.100797,0.096124667,0.091244667,0.087381667,0.084266667,0.080935667,0.079198333,0.077573,0.074781667,0.071336,0.069041,0.067600667,0.065095333,0.062864333,0.061180667,0.063908
0.513664667,0.514605333,0.516152333,0.516783,0.517048667,0.518512333,0.519807667,0.520524667,0.520929667,0.521928,0.521559333,0.521898667,0.522437333,0.522883333,0.523283667,0.522963333,0.522984,0.522186333,0.521404667,0.521100667,0.520183,0.520215667,0.519300667,0.517893667,0.517005667,0.515316667,0.512399333,0.507979,0.501766667,0.494682333,0.489147333,0.485545667,0.483792333,0.48251,0.481951667,0.481385,0.480509333,0.480588,0.480150667,0.480028333,0.480196,0.480812333,0.481523333,0.48212,0.483180333,0.483940667,0.484787,0.485181667,0.485481333,0.486443333,0.487266333,0.487377,0.487514,0.487468667,0.486866333,0.486415,0.485107667,0.483769667,0.482147667,0.479843667,0.476954,0.473515333,0.469870667,0.465101667,0.459521667,0.453025,0.44622,0.439077333,0.432142667,0.425093667,0.418668333,0.412593,0.405514,0.396709667,0.385042667,0.36862,0.345868667,0.315809667,0.281297333,0.247400333,0.217358667,0.193373333,0.176221,0.164445,0.156435667,0.150572333,0.146815667,0.144717667,0.143485,0.143221,0.143297,0.144168,0.146217667,0.149559333,0.154209,0.159992667,0.166927667,0.174266667,0.181806333,0.190001667,0.198076,0.206263333,0.214576333,0.222802667,0.23075,0.238815,0.246524333,0.254054667,0.261366,0.268739333,0.275727,0.28225,0.288140333,0.293795667,0.299160333,0.304176333,0.308869333,0.313370333,0.317782,0.321778333,0.325896,0.329272,0.332354333,0.335892667,0.338623667,0.341547,0.343863333,0.346103667,0.348104667,0.349804,0.351456,0.352563667,0.353153333,0.353473667,0.354090667,0.353622,0.352829,0.351029667,0.349991667,0.348437,0.346978667,0.345166333,0.343458333,0.340943333,0.338513333,0.335473,0.332611333,0.329587333,0.325917333,0.321769,0.316872667,0.312629333,0.308558667,0.304401,0.30098,0.297639,0.295117333,0.294154333,0.292624667,0.292567333,0.292818,0.293227667,0.293172,0.293195,0.292759333,0.292051,0.290072,0.286945667,0.282222333,0.275906667,0.266409,0.253197333,0.236220667,0.216482,0.190588,0.159637,0.130410667,0.103477,0.080697,0.064959667,0.053410667,0.048280667,0.044604,0.042834333,0.041943,0.041149667,0.041290667,0.041874333,0.042524,0.043704333,0.045394333,0.04665,0.048491667,0.050725333,0.053211333,0.055901,0.058737,0.061779333,0.065255667,0.069065667,0.073010333,0.077355,0.081481333,0.085747667,0.090354,0.094165667,0.09916,0.103440667,0.107911,0.112302333,0.116591667,0.121034,0.125827,0.130634667,0.135739333,0.140406,0.145723333,0.149708,0.155568667,0.159915,0.164838,0.170069667,0.174258,0.178979333,0.183094667,0.187326667,0.191684,0.195468333,0.198376,0.201025,0.203449,0.206088333,0.206868333,0.208008667,0.209813667,0.210503,0.211845333,0.213402333,0.214391333,0.216839,0.216805,0.217786667,0.218656,0.218574333,0.218212,0.217493,0.215936667,0.214475667,0.211953,0.209971667,0.206537,0.202298667,0.198427333,0.19444,0.190085,0.185945333,0.182803333,0.178629667,0.174633333,0.171980667,0.168191,0.163481,0.159757333,0.156301333,0.153068333,0.150185,0.146554333,0.142494,0.138952333,0.134291,0.129783,0.126282,0.122942667,0.119098,0.115111333,0.111909667,0.108874,0.105869333,0.101528667,0.098555333,0.095861333,0.092291667,0.088021333,0.084310333,0.080942667,0.077926333,0.074402,0.071572667,0.068231,0.064667,0.062125,0.059560667,0.056132333,0.053904667,0.053260667,0.051576333,0.049063667,0.047351333,0.046165667,0.047201333,0.046012667
0.546244667,0.547383333,0.548603667,0.549901,0.550585,0.551654,0.552310667,0.553145,0.553823667,0.554667,0.554821667,0.554637667,0.554773667,0.555413667,0.555505,0.554952333,0.554728333,0.553988667,0.553663,0.553227667,0.553188333,0.552714667,0.551391667,0.550468333,0.549416,0.547501333,0.544698333,0.539781,0.533691,0.527251667,0.522276333,0.518641,0.516232,0.515002,0.514208,0.514044667,0.513443,0.513425,0.512935333,0.513001,0.513548,0.513884,0.514026333,0.514626667,0.515710333,0.516192333,0.516984667,0.517319,0.517726667,0.518731,0.518680333,0.519392,0.519539667,0.519454667,0.518699667,0.518171667,0.517062333,0.515537,0.513195333,0.510899,0.508184333,0.504787667,0.501697333,0.496943,0.491145,0.484962667,0.478280667,0.471054,0.463844333,0.457132,0.450800667,0.444610333,0.437868667,0.429663333,0.417962667,0.401331,0.378328,0.348228333,0.313729333,0.279567333,0.249622333,0.225677667,0.208568667,0.196314667,0.188193,0.182633333,0.178671,0.176489333,0.175408333,0.175033667,0.175104333,0.175980667,0.178033,0.181408,0.186518667,0.192475,0.199420333,0.206519333,0.214382667,0.222508667,0.230896,0.239192667,0.24738,0.255619,0.263759,0.271920333,0.279713333,0.287316667,0.294656,0.302133333,0.309308,0.315778,0.321739333,0.327275,0.332291667,0.337067667,0.34222,0.346400667,0.350352,0.354617667,0.358483333,0.362229667,0.365428,0.368619667,0.371230667,0.373609,0.375909,0.378509,0.380307333,0.382178,0.383531667,0.384233,0.384982667,0.385511333,0.385731333,0.385428333,0.384573333,0.382215667,0.38155,0.3796,0.378277,0.376286333,0.374664333,0.372396,0.370340667,0.367296,0.363857667,0.360950333,0.357062667,0.353035333,0.348816,0.344124333,0.339565,0.335743333,0.332042,0.329465667,0.326641,0.325457333,0.324272,0.323948667,0.323861667,0.324615333,0.324361333,0.324162667,0.323331,0.322325,0.320636333,0.317421667,0.312960667,0.305963333,0.296559667,0.282715667,0.264861333,0.244678667,0.219022667,0.189588,0.159264333,0.130641667,0.106651,0.088304,0.076997333,0.070407333,0.065902667,0.063480667,0.062395667,0.061305,0.061549333,0.062352333,0.063273,0.064740667,0.066579667,0.068422667,0.071151333,0.073596667,0.076732,0.079804,0.082903333,0.086971,0.090582667,0.094755333,0.098712667,0.10368,0.108328333,0.112891667,0.117220333,0.122252667,0.127132667,0.131806,0.136983,0.140846667,0.145927667,0.150455333,0.155796667,0.161287667,0.165838333,0.171616667,0.177360333,0.182074,0.187076,0.192438667,0.197202667,0.202960667,0.207767333,0.212403,0.217084667,0.221649,0.225468333,0.228585,0.231964333,0.233614,0.236854667,0.239223667,0.240529,0.241156333,0.242351667,0.243443,0.244371,0.245946,0.247051333,0.248240667,0.249301667,0.250174667,0.250445667,0.25027,0.250035,0.249628667,0.248284667,0.246602667,0.244018,0.241116333,0.238001333,0.234501333,0.23067,0.226438333,0.222103333,0.218331667,0.214429667,0.210399667,0.206883667,0.203055333,0.199282,0.195394667,0.191031333,0.187565333,0.184183667,0.181126667,0.177305667,0.172834333,0.168944667,0.164439333,0.160255667,0.156938333,0.15304,0.149042333,0.145193667,0.14073,0.136652333,0.13366,0.1293,0.125385333,0.121882333,0.117917667,0.114393333,0.110705667,0.106491667,0.101970667,0.098801,0.096180667,0.093797333,0.090732,0.088111,0.084787667,0.081601,0.078370667,0.075637,0.074025333,0.073307667,0.071956,0.069412,0.066372333,0.067664
0.512884667,0.513643667,0.514438,0.515158667,0.516186,0.517273667,0.518054333,0.519105333,0.51965,0.520767,0.520887,0.521205667,0.521372667,0.522027,0.521984667,0.521535,0.521793667,0.521252333,0.520768333,0.520013,0.519686333,0.519569667,0.518742667,0.518163667,0.517222,0.515910667,0.513330667,0.509590333,0.505186,0.498843667,0.494063667,0.490351,0.488795,0.488116333,0.487634667,0.486936667,0.486211333,0.486221333,0.485557667,0.485693,0.485707,0.486068333,0.486611667,0.487339333,0.488062,0.488703,0.489429333,0.48957,0.489982,0.49063,0.490962,0.491494667,0.491512,0.491287667,0.491096333,0.490797,0.489831,0.48854,0.486752333,0.485029,0.482671333,0.479491,0.476292667,0.472110333,0.467479333,0.462136,0.456227667,0.450016333,0.443705667,0.43788,0.432106667,0.426652,0.420627333,0.413288333,0.402969333,0.388134667,0.367705667,0.339926,0.306847,0.27374,0.244155667,0.219499667,0.201686667,0.188784333,0.179752333,0.173478333,0.169135,0.166046,0.164283,0.163459,0.163179,0.163862333,0.165633333,0.168780333,0.173795667,0.179725,0.186504333,0.193678667,0.201722667,0.2097,0.217893333,0.226304667,0.234484,0.242545333,0.250559667,0.258687,0.266201,0.273881667,0.281406333,0.288335,0.295348,0.301661,0.307318333,0.312749333,0.317933333,0.322503333,0.327447,0.331882,0.335920667,0.339720333,0.343358667,0.346781333,0.349426667,0.352525667,0.355013667,0.357411667,0.35988,0.362013667,0.363888333,0.365212667,0.366813333,0.367496,0.368157333,0.368471333,0.369016333,0.368877667,0.368307333,0.366643667,0.365890667,0.364648333,0.363118,0.361330667,0.358967667,0.356908,0.355420333,0.352968333,0.349946333,0.347215,0.343791,0.340201333,0.335919,0.332010667,0.327531667,0.324166667,0.320602,0.317804,0.315488333,0.314570333,0.313306,0.313341667,0.313284667,0.313886,0.313411,0.313560333,0.313572,0.313115333,0.311377667,0.308524,0.304428333,0.298238667,0.289478333,0.276825333,0.260541667,0.240781,0.215119333,0.184633667,0.153154333,0.121849667,0.095365333,0.074968667,0.061289,0.053999333,0.05005,0.047343,0.046207667,0.045291667,0.045246333,0.045904667,0.046484333,0.048219667,0.049798667,0.051703333,0.054312333,0.056567667,0.059529333,0.063104333,0.066187,0.070791,0.073971,0.078821667,0.083069333,0.088314,0.092609667,0.097855667,0.103158667,0.107924667,0.113566667,0.118307667,0.123627,0.128405333,0.133615667,0.138645667,0.144027,0.149707667,0.155122333,0.160628333,0.16703,0.172033667,0.177938,0.183042667,0.188340333,0.193586667,0.199000667,0.203760667,0.208961667,0.213797333,0.218274667,0.221743333,0.224953,0.22814,0.230278667,0.233383667,0.234531,0.236026,0.237879333,0.239072333,0.240057,0.242207,0.243196667,0.243776667,0.244834,0.245962,0.246449333,0.246164,0.246491667,0.245767667,0.244299333,0.243546,0.241001333,0.238669333,0.234888667,0.231180333,0.227724667,0.223335667,0.219071,0.214859667,0.211055333,0.207485333,0.202951333,0.198566667,0.195098667,0.191555333,0.186778667,0.182848333,0.179686667,0.175868333,0.171758333,0.168120667,0.163624,0.158712667,0.154428667,0.150778,0.147459,0.143424,0.139603667,0.135266667,0.131994,0.127265667,0.122528667,0.118795333,0.115249333,0.111150667,0.107290667,0.103877667,0.100560333,0.096586667,0.093073,0.088907667,0.084537333,0.079979667,0.077812333,0.075264667,0.072767667,0.070054,0.066965,0.065164333,0.062792,0.059411,0.057042,0.055734,0.054623
0.549221667,0.550647,0.552125333,0.553685667,0.554536333,0.555324667,0.556046667,0.556841667,0.557577,0.558678333,0.558921333,0.558850333,0.559058333,0.559441,0.559687,0.559179,0.558983333,0.558612333,0.558015667,0.557489667,0.556835667,0.556119,0.555064,0.554188,0.553161667,0.551466333,0.548862,0.544092333,0.537967333,0.531552333,0.526268667,0.522257667,0.520027,0.518733,0.517816,0.517377667,0.516294333,0.515596,0.514924,0.514994,0.514992667,0.515445333,0.516178667,0.516786,0.517745,0.518634667,0.519248667,0.51963,0.520085667,0.521019,0.521265667,0.521508667,0.521633667,0.521435667,0.520824333,0.520310333,0.519287333,0.517982,0.516325,0.514130667,0.511117333,0.507677,0.504388333,0.499659333,0.494191667,0.488051,0.481483333,0.474334,0.4673,0.46069,0.454145,0.447803,0.441045,0.432616333,0.421095,0.40498,0.382327667,0.352274667,0.317271333,0.282427333,0.251082333,0.225297,0.206718333,0.193204,0.183929,0.177313,0.172636333,0.169744,0.168075333,0.167253333,0.167144,0.167909667,0.169752,0.173145667,0.178104,0.184068,0.190960667,0.198268,0.206127333,0.214372667,0.222728667,0.231076333,0.239499333,0.247687,0.255894667,0.263679,0.271404,0.278997,0.286154667,0.292989333,0.300012333,0.306469333,0.311983333,0.317279667,0.322293667,0.327042,0.332136,0.336713667,0.340878333,0.345107,0.349094,0.352782667,0.356054,0.359684,0.362481,0.365311,0.367851333,0.370569333,0.372692333,0.374314667,0.376117333,0.377131333,0.377756333,0.378330333,0.378575,0.377830333,0.377197333,0.375559667,0.373722333,0.371976667,0.370036667,0.368026667,0.366256,0.364373667,0.362014,0.359231333,0.355765,0.352658333,0.349309,0.345247667,0.340701667,0.336650333,0.332463,0.328608667,0.325261667,0.322384333,0.320686,0.319325333,0.318766,0.318684667,0.319144667,0.319338,0.319492667,0.319575667,0.319179333,0.318381667,0.316891,0.314104,0.310203333,0.303698333,0.294673,0.281819,0.265496667,0.246627667,0.221349,0.189465667,0.157284667,0.126119333,0.099759,0.079209667,0.065942667,0.059199,0.054352667,0.051979333,0.050351333,0.049789667,0.04972,0.050291667,0.051239667,0.052573,0.054282,0.056379333,0.058592667,0.061234667,0.064257,0.067381333,0.070866333,0.074732333,0.078862333,0.082947667,0.087360333,0.092185667,0.097190333,0.101985,0.106842333,0.111482,0.116598667,0.121192,0.125928333,0.130308333,0.134932667,0.139508333,0.144273,0.149108333,0.154360333,0.159064667,0.163884667,0.16951,0.173888667,0.178937667,0.183488667,0.188141,0.193366667,0.197552333,0.202425667,0.206948667,0.211389667,0.214739333,0.218105,0.220906333,0.223789667,0.226372,0.228183667,0.229717333,0.231197,0.233037333,0.234428333,0.236291333,0.238349333,0.239782667,0.240751,0.241860333,0.242604,0.243417,0.243047333,0.242431333,0.241566,0.239773,0.237433333,0.234030333,0.230391667,0.225861,0.221081667,0.215835333,0.211124,0.206579333,0.201908,0.197662333,0.194151,0.190657333,0.186992333,0.182635333,0.178367333,0.175448333,0.172587667,0.169175667,0.165498,0.161989333,0.157978667,0.154567,0.150558667,0.146832667,0.143131667,0.139316333,0.135865,0.132188,0.128261,0.124287,0.120288667,0.116860667,0.113035,0.109512333,0.105525667,0.101835667,0.098495333,0.094559667,0.091207333,0.087609667,0.083956333,0.080861,0.077760667,0.075130333,0.072773,0.070530333,0.067570333,0.064688333,0.062984333,0.061260667,0.060175333,0.060011667,0.059100333
0.497458667,0.498506,0.500357667,0.500723667,0.501474667,0.502002333,0.50302,0.504444333,0.504936667,0.505248667,0.505354,0.505606333,0.506100667,0.506565,0.506749333,0.506322667,0.506375667,0.505591333,0.504906667,0.504785,0.504312667,0.503527333,0.502423333,0.501553667,0.500812333,0.499617,0.497137333,0.492684333,0.486039333,0.479549,0.474590667,0.470779333,0.468826667,0.467281667,0.466415667,0.466002333,0.465154,0.464827667,0.46422,0.464247667,0.464192667,0.464586,0.465375333,0.465963,0.466898333,0.467417333,0.468162667,0.468665,0.469433,0.470240333,0.470429667,0.470772333,0.470751,0.470598,0.470069,0.469526333,0.468500333,0.467292667,0.465716333,0.4633,0.460303,0.456902,0.453536,0.448981,0.443668,0.437750333,0.430994,0.423822,0.41695,0.410244667,0.403906333,0.397919,0.391279333,0.382921333,0.371284333,0.355461333,0.333073333,0.303146333,0.268607333,0.234693667,0.204559333,0.180042667,0.162619,0.150455,0.141835667,0.13596,0.131914333,0.129227667,0.127462333,0.127035667,0.127002667,0.127653667,0.129342333,0.132213333,0.136860667,0.142691333,0.149138667,0.155918667,0.163559333,0.171186333,0.179270333,0.187504333,0.195607667,0.203709333,0.211489667,0.219476667,0.227192,0.234795,0.241808667,0.249066,0.256262333,0.262706,0.268307,0.273917,0.279144333,0.284242667,0.289370333,0.293804667,0.297952,0.302356,0.306254333,0.310078,0.313186667,0.316630667,0.319288667,0.321856333,0.324662333,0.327203,0.32884,0.330791667,0.332294,0.333316333,0.33433,0.334912333,0.335354,0.334865333,0.334138333,0.332409333,0.331026333,0.329743,0.328067333,0.326390333,0.324877333,0.322814,0.320444,0.317977,0.314808333,0.311793333,0.307878333,0.303839333,0.299490667,0.295509667,0.291128667,0.287477667,0.283897,0.281234,0.278790333,0.277618333,0.276742333,0.276786667,0.276991,0.277564,0.277623,0.277805,0.277372667,0.276434333,0.274687333,0.272564333,0.2681,0.261799333,0.252460333,0.24,0.223773,0.204971,0.182331,0.151479,0.121050333,0.094033,0.072216333,0.056709333,0.046191,0.040926667,0.037301333,0.035884333,0.034758,0.034303667,0.034221667,0.034669333,0.035153,0.036359,0.037065,0.038427,0.039883667,0.042059333,0.043961667,0.046259333,0.049063333,0.051672,0.054914333,0.058313667,0.062088667,0.065654333,0.069895,0.074006333,0.078135667,0.082721667,0.086804,0.091167333,0.095306667,0.099644667,0.103769333,0.108795333,0.113318667,0.118084667,0.122335,0.127798,0.132525667,0.137815,0.142852,0.147544333,0.152730333,0.157487667,0.162218333,0.167141667,0.171650333,0.176426667,0.180073333,0.183998,0.186621667,0.189767667,0.192328,0.194448667,0.196909333,0.198128333,0.199216667,0.201589333,0.203414,0.205108667,0.205904333,0.207819333,0.208900333,0.209624333,0.210448333,0.210953667,0.210908,0.210274333,0.208735333,0.207493667,0.204652,0.201446667,0.198586667,0.194292667,0.189784333,0.185261,0.181381333,0.177442667,0.172962,0.169006667,0.165234667,0.161438,0.157795333,0.153439333,0.149592667,0.146779667,0.143253667,0.139723333,0.13672,0.131875667,0.128393333,0.125193667,0.120251,0.116272,0.112761,0.109380333,0.106097,0.102270333,0.099043667,0.096827667,0.093726333,0.088793333,0.084553,0.081027667,0.078705333,0.074686667,0.072934,0.069933,0.067356667,0.063365667,0.060141667,0.055612,0.051751333,0.050299,0.048761667,0.046571667,0.044813667,0.043564,0.043200667,0.040906333,0.038026667,0.03556,0.036839667
0.535495667,0.536368333,0.537458333,0.538254,0.538844667,0.539637667,0.540164333,0.540942667,0.541328333,0.541875,0.542152667,0.542125667,0.542577667,0.542726333,0.542782667,0.542606667,0.542477667,0.541858,0.541432667,0.540647333,0.540043,0.539795,0.538943333,0.537838,0.536929667,0.535504333,0.53315,0.528938333,0.523472667,0.51761,0.513387333,0.510269,0.508397333,0.507418667,0.506836667,0.506665,0.505942,0.505835333,0.505555,0.505317,0.505479333,0.505996333,0.506863,0.507380333,0.508179333,0.508639667,0.509294667,0.509561,0.509842333,0.510510667,0.510573667,0.510914,0.511193333,0.510803,0.510389,0.509809667,0.508834,0.507597,0.505752667,0.503699333,0.50123,0.498414667,0.495290667,0.491042333,0.486133667,0.480701333,0.474680667,0.468227667,0.462005667,0.455935333,0.450100333,0.444307333,0.438066667,0.430218,0.419145667,0.403460667,0.381810333,0.352812667,0.318695667,0.284618667,0.253594667,0.228095667,0.209911333,0.197017,0.188514333,0.182607,0.178806333,0.176771,0.175832667,0.175715333,0.176238,0.177511333,0.179959,0.183971667,0.189731333,0.196672333,0.204458,0.212449333,0.221047667,0.229752667,0.238488333,0.247278667,0.256099333,0.264626,0.272791,0.281089667,0.289072333,0.296593,0.303882333,0.310911,0.317748333,0.324088,0.329904,0.335327333,0.340042,0.344776667,0.349560667,0.353685,0.357715667,0.361676,0.365049,0.368568333,0.371463667,0.374604667,0.377167333,0.379465667,0.381792,0.384134,0.385702667,0.387324,0.388641,0.389379333,0.390069667,0.390605,0.390859333,0.390268667,0.389461,0.387814,0.386533,0.385136667,0.383664333,0.381783667,0.379982,0.377907,0.375694333,0.372884333,0.369609667,0.366371,0.362999,0.358993333,0.354997,0.350695667,0.346382333,0.342541333,0.339093333,0.33624,0.334024333,0.33249,0.331571333,0.331204,0.330958667,0.331366667,0.331091667,0.331037,0.330631667,0.329307667,0.327815667,0.324885333,0.320384333,0.313532667,0.304156667,0.291260333,0.273932333,0.253832333,0.227177667,0.193678667,0.159197333,0.126170333,0.096925333,0.075160333,0.060892,0.052302667,0.047570333,0.045541667,0.044111,0.043453333,0.043552,0.0443,0.045754333,0.047579,0.049715667,0.052094667,0.055166,0.058592333,0.062096333,0.066118667,0.070599667,0.075240667,0.080393667,0.085753667,0.091312,0.097122,0.102660667,0.108775333,0.11494,0.120686333,0.126409667,0.131772,0.137364667,0.143101667,0.148638333,0.154103667,0.160047,0.165721667,0.171715,0.177842667,0.183816667,0.189408333,0.195396,0.200381667,0.205986333,0.212061333,0.216819667,0.222495,0.227514333,0.232217333,0.23658,0.240640667,0.243201,0.246606333,0.249399667,0.251312333,0.253038667,0.253891667,0.255481667,0.256863667,0.258188667,0.259922,0.261152,0.262882667,0.263901667,0.264683,0.265346667,0.265273667,0.265294667,0.264909,0.263084,0.261654333,0.258723,0.256012,0.25225,0.247590667,0.243040333,0.238554,0.233771333,0.229331667,0.225090333,0.220629,0.216770333,0.212771667,0.208727333,0.204251667,0.199863,0.196212,0.192795333,0.188830333,0.184525,0.180644,0.175945333,0.171297,0.166885667,0.162661667,0.158284333,0.153855,0.149293667,0.144954333,0.140764,0.136535667,0.131795667,0.127503,0.123374667,0.118854333,0.114583667,0.110522333,0.106046333,0.101870333,0.097800333,0.093353333,0.089121333,0.085925667,0.081916667,0.077779333,0.074334,0.071553333,0.068853,0.066525333,0.064481667,0.062464333,0.060753,0.059266333,0.057378
0.541558333,0.542466333,0.543546333,0.544355,0.545137667,0.546205667,0.546664,0.547230667,0.547715333,0.548388333,0.548598333,0.548591667,0.549377,0.549503333,0.549443667,0.549173333,0.548941667,0.548429333,0.548044333,0.547804667,0.547060333,0.546595333,0.546046667,0.544964667,0.543987667,0.542484667,0.540386333,0.536467667,0.530988,0.525278333,0.520514333,0.517080333,0.515404333,0.514210333,0.513185333,0.513038333,0.512404333,0.511745,0.511232667,0.511186667,0.511558667,0.511827667,0.512512,0.513593667,0.514509667,0.515427667,0.516093,0.516576667,0.517059667,0.517787,0.518067667,0.518352333,0.518561333,0.518225667,0.517915,0.517279333,0.516241333,0.515190333,0.513605667,0.511777,0.509496,0.506567,0.503588333,0.499641,0.495002667,0.489357,0.483316,0.476698,0.470272,0.464071333,0.457908,0.452007333,0.445648,0.437559,0.426579,0.411507333,0.390224333,0.361611333,0.327353667,0.292454333,0.260234667,0.233120333,0.213659333,0.199617,0.190258,0.183828,0.179797667,0.177682667,0.176766,0.176839667,0.177556333,0.179066667,0.181572,0.185768,0.191542,0.198625,0.206480667,0.214638,0.223390333,0.232193,0.241117667,0.24987,0.258452667,0.266872667,0.27502,0.282789667,0.290422,0.297568333,0.304528,0.311139,0.317606667,0.323451667,0.328606,0.333680333,0.338257,0.34288,0.347428667,0.351542333,0.355706333,0.360027,0.363756,0.367457667,0.370688333,0.374118333,0.377051,0.379735333,0.382455,0.384891,0.386935667,0.388567333,0.390121667,0.391217333,0.391874667,0.392292,0.392424667,0.391545,0.390447667,0.388407333,0.385982667,0.383642,0.381584,0.379697333,0.377989,0.376050333,0.373619,0.371054,0.367739333,0.364491,0.360895,0.356991667,0.352602333,0.348589333,0.344800333,0.341009667,0.337532333,0.334420333,0.332273,0.331501333,0.330866,0.330674,0.331186,0.331454667,0.331456333,0.331419,0.3312,0.330267,0.328853667,0.326167667,0.322594,0.316389,0.307208667,0.294541333,0.277741667,0.257899,0.230960333,0.197408667,0.161512,0.126832667,0.095905333,0.073076333,0.056959,0.048084,0.043432,0.040381333,0.039030667,0.038639,0.038787,0.039869,0.041231667,0.043078,0.045537667,0.048320667,0.051441667,0.054865333,0.058867,0.063197333,0.067959,0.073062333,0.078476,0.084214667,0.090226,0.095999333,0.101933,0.107913,0.113535333,0.119316333,0.124519333,0.129787333,0.134862333,0.139270667,0.143738667,0.148400667,0.153201333,0.157905,0.162623333,0.167650333,0.172479333,0.176994667,0.181681,0.186513,0.191047667,0.195374667,0.200302,0.204796667,0.209334667,0.214034667,0.218055667,0.221682333,0.225184,0.227718,0.230678667,0.232824667,0.234650333,0.236548,0.238306667,0.23996,0.241825333,0.243994,0.24579,0.247984,0.24947,0.250834667,0.251788,0.252343333,0.252673667,0.252258,0.25095,0.248858333,0.246278333,0.242614333,0.238125667,0.232807667,0.226827,0.220645333,0.215165333,0.209467333,0.204068333,0.199920667,0.196461667,0.193468667,0.189915667,0.185461,0.181322333,0.177832333,0.174407333,0.171527667,0.168535667,0.164914,0.161454,0.157716667,0.154103667,0.150514667,0.146875333,0.143014,0.139031,0.134936,0.131017333,0.127838333,0.123726,0.118995,0.114991667,0.110668667,0.106159333,0.101666333,0.097561667,0.093753,0.08985,0.085407333,0.081212333,0.077184667,0.073128333,0.069391,0.066688667,0.063794,0.061059667,0.058470667,0.056686667,0.055349333,0.054236667,0.053336333,0.050730667
0.532060667,0.533255333,0.534434,0.535666,0.536478333,0.537204,0.538223,0.539254333,0.539912,0.540528,0.540863667,0.540998,0.541219,0.541847333,0.542001333,0.541484,0.540983667,0.540382333,0.540363,0.540148,0.539477,0.538491333,0.537857333,0.536780333,0.535914,0.534702,0.532011333,0.526808667,0.520927333,0.514735667,0.509393333,0.505570333,0.504038667,0.502875333,0.501817667,0.501541333,0.500753,0.500852667,0.500229,0.499917333,0.500208667,0.500769333,0.501458333,0.502442,0.503506333,0.504020667,0.504622667,0.505377667,0.505817333,0.506502667,0.506591667,0.507022667,0.507332,0.507335667,0.506719333,0.505818,0.504831333,0.503619,0.501808333,0.499589,0.496947,0.493599,0.490097667,0.485721,0.480409333,0.473994667,0.466991333,0.460012667,0.452669,0.446049,0.440112,0.433928667,0.426984,0.418244667,0.406360333,0.389797667,0.366709333,0.335768333,0.300470667,0.265384,0.234073,0.208810667,0.190955333,0.178210667,0.169607,0.163779667,0.159713667,0.157182667,0.155884,0.155551667,0.155913333,0.157066333,0.159175333,0.162888667,0.168049,0.174171667,0.181417667,0.188856,0.197349,0.205885667,0.214406333,0.222957667,0.231504333,0.239978667,0.247914667,0.256378333,0.264442667,0.272526333,0.280212667,0.287196,0.294234,0.300912667,0.306823,0.312428667,0.317572667,0.322705667,0.328016,0.33231,0.336606333,0.340928333,0.344687,0.348292333,0.351993333,0.355429333,0.357985333,0.361043,0.363497333,0.366060333,0.367952667,0.369495667,0.371154,0.372021,0.373095,0.373705667,0.374165,0.373569,0.372686,0.370726333,0.369768333,0.368345667,0.366963667,0.365587,0.363864667,0.361282667,0.358793667,0.356147333,0.353028333,0.349391333,0.345786667,0.341018667,0.336539,0.332502667,0.328044667,0.323898333,0.320085,0.317164667,0.314606,0.313143,0.312034,0.312005333,0.311850333,0.312639,0.312512333,0.312554,0.312720667,0.311784333,0.309469333,0.306743333,0.302206667,0.295256,0.285687333,0.271713,0.254349667,0.233938333,0.207272667,0.175117333,0.143608333,0.113429667,0.087968,0.070335667,0.057566667,0.049941667,0.047287667,0.044658,0.043578,0.042919333,0.043282333,0.043476667,0.044934667,0.045654,0.047604333,0.049144333,0.051845,0.054384333,0.057104,0.060043333,0.063632,0.067292667,0.071446,0.075629667,0.080119333,0.084869,0.089571,0.095007333,0.099753333,0.105094333,0.109390333,0.114401333,0.119364667,0.124690667,0.1296,0.134347333,0.138660333,0.144692333,0.149573667,0.155257333,0.160939667,0.165925333,0.170473667,0.176086667,0.180482,0.186395333,0.191241,0.196944,0.201618667,0.206137333,0.210316667,0.214023667,0.217389,0.220909333,0.223663667,0.226192333,0.227440333,0.229926333,0.231686667,0.232503333,0.233777333,0.236689667,0.237360333,0.238484,0.240433,0.240560667,0.241446,0.241377667,0.241256333,0.240764,0.238982333,0.237503333,0.235391667,0.232055667,0.228415667,0.224465,0.219108,0.21404,0.210057333,0.205541,0.201509667,0.197140667,0.193542667,0.189969,0.186189333,0.182142333,0.177950333,0.173895333,0.170207667,0.167444,0.163113667,0.158363667,0.154641667,0.150565,0.146256,0.142274,0.137803333,0.13372,0.130157333,0.126530333,0.122755,0.118847667,0.114624,0.110241667,0.106800667,0.103051667,0.098654333,0.095181,0.091135333,0.087914333,0.083662333,0.080512333,0.077036333,0.073444333,0.069456,0.066791,0.065409,0.063641333,0.061144667,0.058998,0.056641,0.054067,0.052712333,0.051204667,0.047083
0.514302333,0.515366,0.516580667,0.517552667,0.518380333,0.519142333,0.520108333,0.521106333,0.521695333,0.522592,0.522775333,0.522908,0.523450667,0.523657,0.523919333,0.523569667,0.523438667,0.523045667,0.522646333,0.522182667,0.521824333,0.521228333,0.520223,0.519323667,0.518545,0.51714,0.514654,0.510384667,0.504831333,0.498912333,0.493884667,0.490084,0.48788,0.48645,0.485377,0.484901,0.483838,0.483303,0.482849333,0.482779,0.482762,0.483158,0.483874667,0.484593333,0.485524,0.486518667,0.487273,0.487688667,0.488137,0.489095667,0.489512,0.489865333,0.489948333,0.489759,0.489502333,0.489128333,0.488209,0.487228333,0.485765667,0.483836,0.480951667,0.477868667,0.474674667,0.470442,0.465494333,0.459879667,0.453628333,0.446866333,0.440226667,0.433821667,0.427742333,0.421704667,0.415399333,0.407557,0.396970333,0.381946333,0.360719667,0.332385667,0.298859667,0.265307,0.234703667,0.209168667,0.190487667,0.176708667,0.166999667,0.159994667,0.155044333,0.151877333,0.149845333,0.148968,0.148774333,0.149369333,0.150997667,0.154169,0.158864,0.164662333,0.171280667,0.178319667,0.185827667,0.193771,0.20188,0.209896333,0.217853,0.225726333,0.233392667,0.240818667,0.248271333,0.255495,0.262251333,0.268732667,0.275482333,0.281511,0.286842667,0.291907333,0.296618,0.301300333,0.306111333,0.310498667,0.314564667,0.318933667,0.322712667,0.326491333,0.330006667,0.333633,0.336655333,0.339382333,0.342104,0.344634,0.34703,0.348924,0.35053,0.351631667,0.352483333,0.353063,0.353319,0.352941,0.352002333,0.350066333,0.348239,0.346317,0.344512,0.342735,0.341053667,0.339485667,0.337679,0.334853,0.331522,0.328563,0.324979333,0.321173333,0.317153,0.313479333,0.309274,0.30564,0.302428333,0.299711667,0.298379667,0.29724,0.296664667,0.296909,0.297827333,0.298385333,0.298564667,0.298980333,0.298922,0.298303333,0.297161333,0.295052,0.291461667,0.285524667,0.277054,0.264650333,0.248258667,0.229289,0.204001667,0.173318,0.141732333,0.11114,0.084540667,0.063897,0.050127667,0.042640667,0.038339333,0.036014333,0.034334,0.033985333,0.033903333,0.034242667,0.034978667,0.036381,0.037663667,0.039776667,0.041906333,0.044477667,0.0472,0.050299333,0.053786667,0.057530333,0.061656667,0.065914,0.070316333,0.074841333,0.079561333,0.084384667,0.088992,0.093545667,0.098233667,0.102681667,0.107003667,0.111164667,0.115252,0.119662,0.124008667,0.12852,0.132877667,0.137429667,0.142590667,0.146641667,0.151126333,0.155316667,0.160012667,0.164443667,0.168785667,0.172978667,0.177643333,0.181731333,0.186249333,0.189870333,0.193141333,0.196176667,0.198949333,0.201613,0.203545667,0.205696333,0.207309667,0.209122,0.210941,0.213443333,0.215266333,0.217175,0.218523667,0.220164667,0.221447667,0.222114333,0.222202667,0.221657333,0.220915,0.219320667,0.216722333,0.213357333,0.209365667,0.204496,0.199447667,0.194213667,0.189217,0.184255,0.179081,0.17509,0.171862333,0.168972,0.165619,0.161479667,0.157307333,0.154252667,0.151666,0.148720667,0.145611667,0.142136333,0.138266333,0.134949333,0.131929,0.128583,0.124875333,0.121669,0.117905333,0.114307333,0.111146,0.107994,0.104403,0.100236,0.096642333,0.092587333,0.089156333,0.085478667,0.081804667,0.077701667,0.074193333,0.070793,0.068036667,0.064361,0.061172667,0.057990667,0.055969,0.053638333,0.051687,0.049481,0.047015333,0.045608667,0.045961333,0.044848333,0.042362
0.500169667,0.501300333,0.502611667,0.503881333,0.503939,0.504302667,0.505255,0.506751,0.506859,0.507195667,0.507639,0.507673667,0.508114667,0.508146333,0.508597333,0.508079667,0.507748,0.507482,0.507148,0.506783667,0.505504333,0.505121,0.504763333,0.503932333,0.503237333,0.501715333,0.499047667,0.495549333,0.489968333,0.484224667,0.479810667,0.476453333,0.474517,0.473181667,0.472104667,0.471745667,0.471087333,0.470850333,0.470024,0.469839667,0.469658,0.470136667,0.470797,0.471243,0.472008667,0.472657667,0.472997333,0.473324333,0.47357,0.474342333,0.474686333,0.474826,0.475064667,0.475068333,0.474493333,0.473998667,0.473089333,0.472104333,0.47057,0.468558667,0.465770333,0.462557,0.459906667,0.455779333,0.450592667,0.445214333,0.439184333,0.432905667,0.426689333,0.420637333,0.414874,0.409572,0.403697,0.396405,0.385788333,0.371244,0.350756333,0.322634667,0.289538667,0.256400333,0.226266667,0.201443667,0.183489,0.170578333,0.161444667,0.155042667,0.150043333,0.146983333,0.145189667,0.144131,0.144005333,0.144509333,0.146111333,0.149081,0.153795333,0.159398667,0.165997,0.172971,0.180693333,0.188639667,0.196829333,0.205026,0.213347667,0.221518,0.229605,0.237626,0.245388667,0.252992,0.260349667,0.267608333,0.274680667,0.281088,0.286923667,0.292315,0.297171667,0.302188667,0.307006333,0.311083667,0.315439,0.319783333,0.323051333,0.326679667,0.329345333,0.332737,0.335255,0.337832,0.33977,0.342144333,0.344247333,0.345488667,0.346883333,0.347604333,0.348381667,0.349227333,0.349619333,0.34895,0.348717667,0.347650667,0.346558667,0.345139,0.343683667,0.341963333,0.340340333,0.338240333,0.336222,0.333807667,0.330941333,0.328366333,0.325019667,0.320615667,0.316779,0.313027333,0.308655333,0.305237667,0.301411333,0.298467667,0.296588333,0.295913667,0.294545667,0.294389667,0.294646667,0.295162,0.294899667,0.294985667,0.294864667,0.293794,0.292344667,0.289704667,0.285827333,0.27973,0.270830667,0.258693,0.242330333,0.223309,0.199205667,0.169757,0.138413333,0.108370333,0.082139,0.063163667,0.050178,0.042781667,0.039943333,0.036137333,0.035325,0.034689,0.034639667,0.034846667,0.035891667,0.036788667,0.038351667,0.039848333,0.042337333,0.044301667,0.047086333,0.049754333,0.053083333,0.056761333,0.060277667,0.064523667,0.068572333,0.073594667,0.078067,0.082895667,0.087789667,0.092222333,0.097711333,0.102315667,0.107860667,0.112565,0.118122,0.123115,0.128176333,0.133315,0.139622333,0.145227,0.150711333,0.156484,0.162151333,0.167667,0.172952667,0.178667333,0.183377,0.188773,0.194164333,0.198778333,0.203197333,0.207634,0.211507667,0.2144,0.217001667,0.219067333,0.220714,0.222171333,0.225157333,0.226180667,0.227359667,0.229125333,0.230003,0.232371333,0.232941333,0.233979667,0.233687667,0.234535333,0.234180667,0.233620667,0.233076,0.231210333,0.228488333,0.225744333,0.223310333,0.219293333,0.21481,0.211022,0.206596333,0.202722333,0.198828333,0.194764,0.190329667,0.186349667,0.182251667,0.177649667,0.173321333,0.169830333,0.166249667,0.162517667,0.158382667,0.154249667,0.149698667,0.145056333,0.141354333,0.137121667,0.132965,0.129242667,0.124988667,0.120543667,0.116571,0.112912,0.108969667,0.105219,0.100389333,0.097674,0.094533667,0.090851,0.086950333,0.082287667,0.078529,0.074772,0.071225,0.068666,0.065558667,0.062169333,0.059615,0.057788333,0.054181667,0.052142333,0.050792667,0.049337333,0.047578333,0.048393667,0.047895333
0.522993667,0.524000333,0.525504333,0.526010667,0.527062,0.528082333,0.528777,0.529315333,0.530221,0.530789667,0.530925,0.530964,0.531404,0.531833667,0.531915667,0.531333333,0.531130667,0.5308,0.530244667,0.529700667,0.528731667,0.528115667,0.52752,0.526574667,0.52528,0.523530333,0.520906667,0.516377667,0.510222667,0.503809667,0.498670667,0.494700333,0.492514333,0.491488333,0.490882,0.490752,0.489744333,0.489205333,0.488472333,0.488090667,0.488533667,0.489055333,0.48964,0.490279,0.491086333,0.491794667,0.492425667,0.492952333,0.493224,0.493862333,0.494597667,0.494593333,0.494675,0.494535,0.493826667,0.493217333,0.492154,0.490723,0.489049,0.486747,0.484082,0.480594,0.47691,0.472413333,0.467067,0.46089,0.454016333,0.447189,0.440412667,0.433955667,0.427081333,0.421213,0.414615333,0.406337333,0.394819667,0.378407,0.355756,0.325725,0.29079,0.255792,0.224875,0.199753333,0.182060667,0.169541667,0.160962333,0.155174667,0.151008,0.148856333,0.147286333,0.146895333,0.147088333,0.147891333,0.149736333,0.153210333,0.158201,0.164342333,0.171234333,0.178559667,0.186407,0.194444667,0.203043,0.211462667,0.219927333,0.228347,0.236588,0.244799,0.252649333,0.260307333,0.267659667,0.275260667,0.282569667,0.288954,0.295305333,0.300626333,0.305615333,0.310606667,0.315629333,0.320399333,0.324622,0.328791667,0.332622,0.335945333,0.33884,0.342499333,0.344935,0.347654,0.349891,0.352192,0.354390667,0.355982,0.357199667,0.358317667,0.358932333,0.359020667,0.359563667,0.358584,0.358067333,0.356235333,0.354585667,0.352926,0.351291667,0.349238667,0.347282667,0.344875333,0.342535333,0.340029,0.337031667,0.333977,0.330679333,0.326703333,0.322424667,0.318157667,0.314104333,0.31039,0.306356667,0.304182,0.301452333,0.300307,0.299276,0.299273667,0.299276,0.299374333,0.299448333,0.299322,0.299155333,0.298516333,0.296755,0.293776667,0.289914,0.283082333,0.273368667,0.260641333,0.244008667,0.223982,0.1989,0.167547667,0.137113333,0.107874,0.083646333,0.066151333,0.054955,0.049384,0.046134667,0.043579667,0.042368667,0.042213333,0.042125667,0.043002333,0.043361,0.044475333,0.045632333,0.047391,0.049023,0.051204333,0.05372,0.056285667,0.059373333,0.062723,0.066034667,0.069278333,0.073948,0.078193333,0.082517333,0.087082333,0.091987333,0.096082,0.100921667,0.105916667,0.110191333,0.115014333,0.119637,0.124078,0.129206333,0.134751667,0.140362333,0.145227667,0.150487667,0.155809333,0.161835333,0.166837,0.171731667,0.177091667,0.18213,0.187065,0.191827667,0.196366,0.200549,0.203829,0.207014,0.209418333,0.21142,0.213665667,0.214992,0.216490667,0.219243,0.219622,0.221280667,0.222548667,0.223767,0.225585,0.226553333,0.227241667,0.228192,0.228034333,0.227849667,0.227643333,0.226392667,0.224781333,0.222212,0.219708333,0.21611,0.212078667,0.207266333,0.203168333,0.198701333,0.194662667,0.190934,0.186625333,0.182986,0.178513,0.174654,0.170468,0.16631,0.163350667,0.159776667,0.156517333,0.152415667,0.148297667,0.144982333,0.140133333,0.136145,0.132874667,0.129191,0.125570333,0.122388333,0.118955333,0.114302333,0.110893333,0.107068,0.103365,0.10024,0.096517333,0.092869,0.088952667,0.085349667,0.080935667,0.077673,0.074699667,0.072948667,0.069611333,0.068121,0.064421,0.061716333,0.060644667,0.060154333,0.057168,0.054385333,0.051904,0.050846333,0.051591,0.050181667
0.558055333,0.559374333,0.561159333,0.562111,0.563435,0.564704333,0.565397333,0.566893667,0.567734667,0.569101,0.568819667,0.568782,0.569668,0.569605,0.569987333,0.569331,0.569148,0.568836667,0.568542,0.567885,0.566801667,0.565804667,0.565514,0.56449,0.562884,0.560669,0.557594667,0.552090667,0.544978333,0.536354333,0.529526,0.525173,0.523111333,0.520984,0.519841,0.519364,0.518170333,0.517518667,0.516301,0.516000333,0.516231667,0.516928667,0.518088,0.518943667,0.520028333,0.521121667,0.521990667,0.522581,0.523200333,0.524587333,0.525117,0.525775333,0.525603,0.525851667,0.525235333,0.524393667,0.523440333,0.522009,0.520087333,0.517200333,0.513930333,0.509992333,0.506031333,0.500672333,0.494117667,0.48684,0.479063667,0.470686333,0.462315333,0.45458,0.447252,0.440200667,0.432496667,0.423069333,0.409952667,0.392285333,0.367862,0.335379667,0.298394667,0.262228333,0.230029,0.203982667,0.185538667,0.172650333,0.163652333,0.157398333,0.152957667,0.150455333,0.148844,0.148170667,0.148049,0.148747667,0.150493333,0.153556333,0.158388,0.163935333,0.170455333,0.177444667,0.185046667,0.193018333,0.201369667,0.209485667,0.21751,0.225702333,0.233844,0.241755333,0.249494,0.257121667,0.264387667,0.27149,0.278666333,0.285199667,0.291216333,0.296659667,0.301864333,0.306572,0.311885333,0.316962,0.321571667,0.326301333,0.330685,0.334774333,0.338408333,0.342039667,0.345389,0.348807667,0.351659333,0.354944333,0.357347333,0.358966667,0.361302667,0.362842667,0.363521333,0.364398667,0.364727,0.364296667,0.363451667,0.361097667,0.358938333,0.356889,0.354913333,0.352744333,0.351372,0.349355333,0.346827,0.343774,0.340322333,0.336505333,0.332415333,0.328024667,0.323225667,0.318888333,0.314530333,0.310691667,0.306310333,0.303396,0.301491333,0.300409333,0.299167667,0.299170667,0.299510333,0.300422,0.300333667,0.300393333,0.300012,0.299510667,0.298465,0.295681,0.291390667,0.284992333,0.275662667,0.262480333,0.246105333,0.22671,0.201200667,0.169318667,0.139326667,0.111589333,0.089379,0.072482667,0.061723667,0.055415333,0.052109667,0.050221667,0.048796667,0.048457667,0.048406,0.049009667,0.049391667,0.050928,0.052164,0.053834667,0.055605667,0.057856,0.059752667,0.062507333,0.065394,0.068225,0.071679667,0.075177,0.078498,0.083002667,0.086593,0.090168,0.094386,0.098212333,0.102526333,0.106269,0.109908667,0.113730667,0.117307,0.121109333,0.125135,0.129396,0.133159667,0.13748,0.141732333,0.144957667,0.149732333,0.153592,0.158201333,0.162175333,0.166145333,0.170350667,0.174403667,0.177763667,0.182189,0.185327667,0.188109,0.191300333,0.194047667,0.195954667,0.197822333,0.199157,0.201386,0.202707,0.204121667,0.206287333,0.208193,0.209786667,0.210934333,0.211311333,0.212527667,0.212387333,0.213011,0.212310667,0.211068667,0.210365,0.207959667,0.204611333,0.201040333,0.196806,0.191979667,0.186978,0.182523,0.178093667,0.173515,0.169598,0.166700333,0.164232667,0.161135333,0.156916333,0.153256,0.149909,0.146317333,0.143590667,0.14123,0.138318667,0.134457,0.131468,0.128587667,0.124913,0.121919,0.119157333,0.115623333,0.112049667,0.109781,0.106714667,0.103016333,0.099961,0.096915667,0.093118,0.089366,0.087834667,0.084560333,0.081077333,0.078289667,0.075918667,0.072937667,0.070127333,0.068466667,0.065918,0.063409333,0.060672333,0.058399,0.057388667,0.056323333,0.056717,0.055158,0.054241667,0.052121333
0.503766333,0.505138667,0.506444,0.507994,0.508903333,0.509534667,0.51124,0.512265,0.512457,0.513498333,0.514090333,0.514073667,0.514776333,0.515344,0.515736333,0.515314667,0.514673,0.514407333,0.514251,0.514065,0.513204667,0.512852333,0.511912,0.510708,0.509938333,0.507985,0.505415,0.501141667,0.494478,0.487443667,0.481438,0.476994333,0.474198667,0.473066667,0.471594667,0.470626333,0.469852,0.469294,0.468363,0.467861,0.467885333,0.468417333,0.469467667,0.470279667,0.470952333,0.472152667,0.472977667,0.473669333,0.474055333,0.475192667,0.475848333,0.476238,0.476541667,0.476537,0.475823,0.475550667,0.474502667,0.473235333,0.471389,0.469023333,0.466263,0.462711,0.459108333,0.454356667,0.448633667,0.442141667,0.434878,0.427460333,0.420059,0.413254667,0.40658,0.400332,0.393580333,0.385227667,0.374166667,0.358388667,0.336569,0.307253667,0.272423,0.23804,0.206942,0.181249667,0.163,0.149364,0.139861,0.133249333,0.12805,0.124619,0.122377,0.121142333,0.120680667,0.121055333,0.122324,0.124884667,0.128961333,0.134144667,0.140213,0.146751,0.153750667,0.160832,0.168706667,0.176477667,0.184295,0.191982,0.199800333,0.207401,0.215025333,0.222428333,0.229239,0.236207333,0.243272,0.249721333,0.255233333,0.260757667,0.266318,0.271091333,0.275674333,0.280328333,0.284777667,0.289394333,0.293379667,0.297248333,0.301114,0.304850667,0.307727,0.310858333,0.313492,0.316223,0.318628667,0.320612667,0.322474333,0.323783,0.324577667,0.325844,0.326266333,0.326108667,0.325451333,0.323313667,0.321952667,0.320275667,0.318828333,0.317004333,0.315478,0.313503,0.311483667,0.308795333,0.30567,0.302679667,0.299076667,0.295269,0.290880333,0.286659667,0.282298,0.278446,0.275085333,0.271980667,0.269779667,0.269143,0.268523,0.268731667,0.268963,0.269751,0.269882667,0.270677667,0.270537333,0.270246,0.268897333,0.266445,0.263232,0.257708667,0.248950333,0.236583667,0.221067,0.202011333,0.177838,0.149964,0.121212333,0.092424,0.069795333,0.052238333,0.041043,0.034229333,0.031448667,0.029171,0.028007667,0.027521333,0.027239667,0.027758333,0.028285,0.029288333,0.029787,0.031752667,0.032913,0.035322667,0.03687,0.039457,0.042006667,0.044712333,0.048132667,0.051232333,0.054634333,0.058644667,0.062286667,0.066310667,0.070283,0.074552,0.078538,0.082593,0.086656667,0.090901667,0.094752667,0.099111333,0.103447667,0.106965667,0.112177333,0.11674,0.121380667,0.125531,0.130145,0.134601667,0.139201333,0.14336,0.148296667,0.153050333,0.1576,0.1619,0.165741,0.169512333,0.173080667,0.176286,0.178615333,0.180850667,0.183841333,0.186370333,0.188173,0.190218333,0.191090333,0.193620333,0.195601667,0.198068,0.199020333,0.200471667,0.201581,0.201837667,0.201608,0.201244,0.200724667,0.198293667,0.196998667,0.193127,0.189130667,0.184996667,0.180559333,0.176178,0.171500333,0.166655,0.162150333,0.157903,0.155062333,0.152351667,0.148344667,0.144201,0.140111333,0.136839667,0.133929667,0.130726667,0.127858667,0.124296,0.120202,0.116981333,0.113532667,0.109811667,0.106489333,0.103133,0.10033,0.09686,0.093193667,0.089301333,0.086977,0.084449333,0.079809333,0.075894,0.073152667,0.069922667,0.067007333,0.066290333,0.062308333,0.058388667,0.055930667,0.052917,0.049848333,0.047399667,0.047097,0.044405667,0.0427,0.041437,0.039289333,0.035605667,0.033382,0.036025,0.036926667
0.542813,0.543985,0.545288667,0.546277,0.547594,0.548826333,0.550089333,0.551206333,0.551745667,0.552932333,0.552817333,0.55334,0.554184333,0.554365667,0.554608667,0.554348,0.554219,0.553425333,0.552823,0.552680667,0.551899333,0.550915333,0.550256333,0.549042333,0.547970333,0.546208,0.542659,0.537169333,0.529861667,0.522405667,0.515725,0.511293333,0.509188333,0.507425333,0.506381,0.505990667,0.504917667,0.504210667,0.503367,0.503263,0.503514667,0.5041,0.504989667,0.505866667,0.507159333,0.508186,0.509215333,0.509811667,0.510517667,0.511502667,0.511592667,0.512311667,0.512684,0.512426,0.511755667,0.511130667,0.50998,0.508580333,0.506575,0.504072333,0.500831667,0.496987667,0.49275,0.487364,0.481411,0.474227667,0.466804333,0.458799333,0.450668333,0.442875,0.435495333,0.428799,0.421382333,0.412201333,0.399594,0.382204667,0.358016333,0.325939333,0.289347333,0.253243667,0.221294333,0.195541667,0.177025667,0.164112,0.155111667,0.148751333,0.144452333,0.141687,0.139701333,0.139215667,0.139287333,0.139894333,0.141718,0.144620333,0.149296,0.155046333,0.161800333,0.168691667,0.176436667,0.184474,0.193011333,0.201134667,0.209549333,0.217900667,0.225868667,0.233972667,0.241879,0.249906,0.257322667,0.264588333,0.271876,0.278811,0.28463,0.290421667,0.295884,0.300889667,0.306127333,0.310876,0.315760333,0.320273,0.324269,0.328499,0.332027333,0.335877333,0.338984667,0.342220667,0.345064333,0.348018333,0.350104333,0.352067667,0.353869,0.355417333,0.356053667,0.356498333,0.357134,0.356758,0.355812,0.35364,0.352214667,0.350320333,0.348587667,0.346492667,0.344766667,0.342595667,0.340206333,0.337502333,0.334101,0.330586,0.326676,0.322129333,0.31731,0.312863333,0.308608667,0.304706,0.300619,0.298008667,0.295551,0.294758,0.293638,0.293435667,0.293830333,0.294409667,0.294715333,0.295182667,0.295272333,0.294269,0.292354,0.289956333,0.285806,0.279095667,0.269674667,0.256532333,0.238548333,0.218144333,0.192564,0.161769667,0.131545,0.102952,0.080468667,0.063152333,0.051783,0.046524,0.042507,0.040325,0.039410333,0.038833333,0.039026667,0.038947,0.039759,0.040834333,0.041921667,0.043669,0.045026667,0.047153667,0.049427,0.052041,0.054782667,0.057573,0.061087,0.064400667,0.068161333,0.071991333,0.076250667,0.079998667,0.084614333,0.088631,0.092913333,0.097413667,0.101628333,0.104877333,0.109671,0.114070333,0.118346333,0.122844667,0.127292333,0.132140333,0.136519333,0.141509667,0.146303667,0.150222667,0.155521,0.159650333,0.164675,0.168887333,0.173445,0.177412667,0.181845,0.184977667,0.188900333,0.191796667,0.194487,0.196946333,0.198903,0.200701667,0.202474,0.203813667,0.205286,0.20732,0.209990333,0.21136,0.212577333,0.212879,0.214554,0.214915667,0.215067333,0.215040667,0.213535333,0.212726,0.209945333,0.206608333,0.203068667,0.198831667,0.194452333,0.189631,0.184771667,0.179962,0.175560667,0.171507667,0.167873,0.164839667,0.161558,0.157341333,0.153301,0.149951333,0.147155667,0.144297,0.140525333,0.137141,0.133837,0.130271,0.127176333,0.123083,0.119039,0.116460333,0.112537333,0.108603333,0.105680667,0.103152,0.09907,0.095093667,0.091495,0.088337333,0.085546667,0.081754333,0.078358667,0.075326333,0.071924333,0.06858,0.066950667,0.064027667,0.061177,0.058220333,0.056702667,0.054576333,0.053826333,0.051466333,0.048737667,0.046528,0.046283667,0.045791,0.044774
0.536847,0.537899667,0.539017333,0.540037333,0.540975333,0.541821333,0.542482,0.543396333,0.544000667,0.544710667,0.545100667,0.545102667,0.545484,0.5458,0.545943,0.545671667,0.545469333,0.544975667,0.544514667,0.543840667,0.543244667,0.542709,0.542002333,0.541046,0.539976,0.538275333,0.535380333,0.530829,0.525107,0.518450333,0.512884333,0.509205667,0.507636333,0.506350333,0.505574667,0.505248667,0.504577,0.504255,0.503606333,0.503716333,0.504265333,0.504832,0.505496667,0.506079333,0.507028333,0.507793333,0.508362333,0.508827667,0.509395,0.510178333,0.510582667,0.510822,0.510819667,0.510664,0.510148667,0.509508,0.508471667,0.507023,0.505304333,0.503077,0.500177333,0.496874333,0.493327667,0.488690667,0.483174,0.476913333,0.470108,0.463013667,0.45622,0.449627,0.443102,0.436696667,0.429739333,0.421169333,0.409392333,0.392787667,0.369516,0.338593667,0.302879667,0.267457,0.235721,0.209905333,0.191622667,0.178746,0.170319333,0.164377,0.160261,0.157959667,0.156776667,0.156377,0.15671,0.157795333,0.159865,0.163510333,0.168694667,0.175189333,0.182605,0.190317667,0.198498,0.207142,0.215893,0.22469,0.233505,0.242132,0.250624667,0.258980667,0.267215,0.274943333,0.282676,0.290175,0.297455667,0.304095333,0.310193333,0.315849333,0.321108667,0.326218,0.33125,0.335822,0.340286333,0.344491,0.348332333,0.352073,0.355442333,0.358746667,0.361266333,0.364268,0.366688,0.369151333,0.371251,0.372894333,0.374283333,0.375486333,0.376344667,0.376781,0.377027333,0.376512,0.375603333,0.373872,0.372315,0.371176667,0.369410333,0.367417,0.365680333,0.363457,0.360924667,0.357955,0.354776,0.351405333,0.347653667,0.343333667,0.339017667,0.334531,0.330226667,0.326399,0.322521667,0.319336333,0.31697,0.315577333,0.314383,0.314098333,0.314005333,0.314330333,0.314451667,0.314678333,0.314237333,0.313407,0.311424,0.308537333,0.303845,0.296842,0.287026333,0.273339,0.255458667,0.234592,0.207154,0.174322,0.141690667,0.111744,0.08629,0.067624333,0.055086,0.047801667,0.044445667,0.042260667,0.040942333,0.040364333,0.040677667,0.041238667,0.041923667,0.043430667,0.045183,0.046916,0.049332333,0.051724667,0.054601667,0.057760667,0.061162667,0.065000333,0.069204,0.073325,0.078068,0.082533667,0.087582667,0.092600667,0.097694667,0.102582,0.107798,0.112745333,0.117837,0.122608667,0.127367333,0.1325,0.137651333,0.143266,0.148714333,0.154397333,0.159782,0.165069,0.170358333,0.175828667,0.180745667,0.186656667,0.191755667,0.196567333,0.201327667,0.206385667,0.211252667,0.214676333,0.217597,0.220670667,0.223216667,0.225307,0.226819667,0.228265667,0.230158667,0.231179333,0.232668667,0.234490667,0.235706,0.237361333,0.238489,0.239408333,0.239671667,0.239826667,0.239930667,0.239242333,0.237943667,0.236536333,0.233853,0.230507333,0.227184333,0.223081,0.218497,0.213742333,0.209379333,0.204975667,0.200442,0.196391333,0.192542,0.189169667,0.185415,0.18066,0.176372667,0.172799333,0.169366667,0.165634333,0.161741333,0.15785,0.153407,0.149100333,0.145148,0.141117667,0.137100667,0.133285,0.129281,0.125004333,0.120845333,0.117034,0.113423,0.109679,0.105928333,0.101997333,0.097459667,0.093091667,0.089452667,0.085689667,0.082559,0.079312667,0.076277,0.072545,0.068930667,0.066060333,0.064055667,0.061620667,0.059319,0.057016333,0.054683,0.05219,0.050221333,0.049961667,0.050386333
0.519361667,0.520633667,0.522055333,0.523496667,0.523652333,0.524361667,0.525612333,0.526384333,0.526966,0.527975333,0.528127333,0.528628667,0.528931333,0.529384667,0.529966,0.529394667,0.529118,0.528891333,0.528643,0.527995667,0.527055333,0.526382333,0.525875333,0.524786333,0.524222333,0.522712667,0.520214667,0.515427,0.509416667,0.5033,0.498042333,0.494336333,0.492396,0.490852,0.489707,0.489299,0.488716667,0.488138333,0.487359333,0.487167667,0.487101667,0.487574667,0.488782,0.489512,0.490234,0.490717667,0.491517667,0.492100667,0.492598333,0.492854667,0.493593,0.494146333,0.494307667,0.494189333,0.493518667,0.492933667,0.491988333,0.490765667,0.489136333,0.486626667,0.483632667,0.480327,0.477334667,0.472841333,0.467345667,0.461324333,0.454676333,0.447925667,0.440999333,0.434813333,0.428495667,0.422637333,0.416447,0.408420333,0.397422333,0.381728333,0.359651333,0.329868667,0.295207,0.260289333,0.229085333,0.203249333,0.184761667,0.171283667,0.161562,0.154799,0.149827333,0.146221333,0.144028,0.142942333,0.142801667,0.143448333,0.145067,0.148172667,0.152802333,0.158989333,0.165881,0.173172,0.181351,0.189345333,0.197712667,0.206452667,0.214941333,0.223477667,0.231585,0.240107,0.248155667,0.255921333,0.263604333,0.270844333,0.278137,0.28527,0.291264667,0.296877667,0.302165667,0.307104333,0.312350333,0.316723667,0.321296667,0.325875333,0.329598667,0.333462333,0.336730333,0.339892667,0.342449333,0.345104667,0.347527667,0.350342,0.352277333,0.354164333,0.355684667,0.356835333,0.357376333,0.357991667,0.35827,0.358229333,0.357892333,0.356245,0.355185667,0.353845,0.35196,0.350023,0.348364,0.346204333,0.344093667,0.341580667,0.338415333,0.335893667,0.332250333,0.328209667,0.323358,0.31938,0.315002667,0.311105667,0.307668333,0.304582,0.302720333,0.302133333,0.301263333,0.300959667,0.301229,0.302064667,0.302212667,0.302120333,0.301663667,0.301113333,0.299763667,0.296932333,0.292775,0.287076,0.277613,0.264870667,0.248167667,0.227681333,0.201809333,0.168999,0.135836333,0.105745,0.078941333,0.058349,0.045421333,0.037382,0.033413,0.031212667,0.029413667,0.029156667,0.028872,0.029221,0.030390667,0.030986,0.032475333,0.034327,0.036329,0.038825667,0.041498,0.044204667,0.047406,0.051187667,0.054784667,0.058931,0.062731,0.067824333,0.072501,0.07742,0.0818,0.087188,0.092224667,0.097233667,0.102275333,0.107422667,0.112118667,0.117366333,0.122718,0.127911333,0.134052,0.139125333,0.144807,0.150229333,0.155669,0.161580667,0.166934667,0.171874667,0.177873667,0.183025333,0.188149333,0.192763333,0.197379,0.201852,0.204746333,0.208751,0.210968667,0.214118333,0.216319333,0.217225,0.219515333,0.221203,0.222546333,0.224492,0.226038,0.227721,0.229368333,0.229551667,0.230404,0.230437667,0.230678667,0.230022,0.22928,0.227196667,0.225401,0.222624,0.218551667,0.215376333,0.210977,0.205968667,0.201817333,0.197600667,0.192959333,0.189003333,0.185167333,0.180539333,0.176539,0.172497667,0.168417,0.164780333,0.160837333,0.157123333,0.153112,0.149132667,0.145077667,0.140505667,0.136739667,0.132776,0.128437333,0.124282667,0.120379333,0.116782667,0.112995333,0.108941,0.104766,0.100620333,0.096459667,0.092267667,0.08918,0.085775333,0.082457,0.078739333,0.074430667,0.070343667,0.067482667,0.063791667,0.060916333,0.057059667,0.054604333,0.051186667,0.049172667,0.04639,0.043537667,0.042344333,0.043516333,0.043918333,0.043736333
0.540919333,0.541867667,0.542934,0.544012333,0.544356,0.545518333,0.546343667,0.547206667,0.547939,0.54866,0.548816667,0.548623,0.549272667,0.549718,0.549896667,0.549766667,0.549227333,0.548801,0.548177667,0.547740667,0.54716,0.546536,0.545912333,0.545019,0.543870333,0.541854667,0.539342333,0.534767333,0.528762667,0.522317,0.516728667,0.513030333,0.510698667,0.509585333,0.508810667,0.508342667,0.507525667,0.506964667,0.506697333,0.506395,0.50663,0.507308,0.508158,0.509016,0.509774333,0.510799333,0.511505333,0.512183333,0.512559,0.51332,0.513812,0.514063,0.514347667,0.514035,0.513582333,0.513103,0.512069333,0.510882667,0.509028,0.506902667,0.504016,0.500722333,0.497280667,0.492620667,0.487358,0.481029333,0.474191667,0.467023,0.460102,0.453244,0.446542667,0.440029,0.432985,0.424449,0.412537667,0.395992,0.372705667,0.342098667,0.305901333,0.26994,0.237517,0.210974333,0.191980667,0.178173,0.169006333,0.162594333,0.158333,0.155716667,0.154406667,0.154058667,0.15436,0.155346,0.157426667,0.16129,0.166575333,0.173137333,0.180492333,0.188354667,0.196700333,0.205187,0.214075667,0.222803,0.231676,0.240171,0.248501333,0.256781,0.264866333,0.27253,0.280029667,0.287274,0.294378333,0.301139,0.306909333,0.312351667,0.317202667,0.322323,0.327144667,0.332016667,0.336465333,0.340953667,0.344907,0.348870667,0.352521667,0.355919,0.359053,0.362129,0.364779667,0.367186667,0.369756,0.371667,0.373397333,0.374363,0.375308,0.375804333,0.376095667,0.375455,0.374202,0.372154,0.370109,0.368122333,0.366140667,0.364347,0.362578667,0.360722667,0.358431,0.355431667,0.35206,0.348606667,0.344749,0.340484,0.336306,0.331783,0.327689,0.323953333,0.32058,0.317301,0.3154,0.314057667,0.313575,0.313517,0.313760333,0.31408,0.314340333,0.314404667,0.314033,0.313306667,0.31196,0.308805667,0.304713667,0.298106333,0.288532667,0.275041667,0.257553,0.236929667,0.209708,0.177231,0.143410667,0.111668333,0.084871,0.065194333,0.052560667,0.045358667,0.041549333,0.039116,0.038002333,0.037486333,0.037766333,0.038119,0.038950667,0.040228667,0.041872333,0.043656667,0.045838,0.048287,0.051085667,0.054223333,0.057935333,0.061790667,0.065873667,0.070406333,0.075185,0.080021,0.084928,0.090077667,0.095308667,0.100233667,0.105379,0.110376667,0.114926667,0.119645,0.124098,0.128923667,0.133902,0.138837,0.14438,0.149432,0.154433667,0.159601,0.164531,0.169745667,0.174918667,0.179477667,0.184818,0.189597667,0.194385667,0.198813333,0.203270333,0.207191667,0.210535,0.213311333,0.216217,0.218745,0.220693,0.222136,0.223912667,0.225547333,0.227465333,0.229800667,0.231788667,0.233638333,0.235356,0.236393,0.237404333,0.237842667,0.238165,0.237927,0.236835,0.234902667,0.232452667,0.2291,0.224652333,0.219663333,0.214368333,0.208668,0.203163667,0.197957,0.192748667,0.188481,0.185011667,0.181501,0.178001,0.173644,0.169160333,0.165662,0.16258,0.159343667,0.155599333,0.152041,0.148572,0.144392667,0.140453333,0.136703667,0.13272,0.129019667,0.125037,0.121340667,0.117679,0.113986,0.109997667,0.106500667,0.102767667,0.098087,0.093982667,0.090398667,0.086839667,0.082126333,0.078484333,0.075391333,0.072948667,0.069309667,0.065904667,0.062682667,0.060109333,0.057899,0.055577333,0.053823,0.051837,0.051115333,0.050214667,0.049913333,0.047852333
0.512464,0.513694333,0.514918667,0.516213,0.517232333,0.518182,0.518965,0.520054333,0.520624667,0.520781333,0.521148667,0.521404333,0.522358333,0.523082,0.523209,0.522711667,0.522830667,0.522358,0.521878,0.521483,0.520605333,0.519878,0.518877333,0.518199667,0.517317333,0.515485667,0.513140667,0.508698,0.502658,0.496162,0.491285333,0.487315,0.485581,0.483935667,0.482525667,0.482086333,0.481747,0.481401333,0.480404,0.479995,0.480158333,0.480890667,0.481527667,0.481720333,0.48291,0.483809333,0.48437,0.484701,0.484863,0.485657333,0.486243,0.486916667,0.487007667,0.486849,0.486378667,0.485903333,0.484930667,0.483643667,0.482069667,0.479609667,0.476746667,0.473328667,0.469949,0.465297,0.460119,0.454130667,0.447435667,0.440430333,0.433664667,0.427069,0.420792667,0.414843,0.408297,0.400351333,0.389253,0.373644333,0.351787667,0.322354667,0.287818333,0.253547333,0.223228333,0.198425667,0.180483667,0.167625667,0.158626667,0.152076,0.147263333,0.144141333,0.142020667,0.140808,0.140367667,0.140985667,0.142352333,0.145263,0.149565,0.154840333,0.161227,0.168063333,0.175465,0.183412,0.191489333,0.199476333,0.207642333,0.215860667,0.223648667,0.231819,0.239675333,0.247547,0.254975,0.262289333,0.269451,0.276274333,0.282265333,0.288087333,0.293095667,0.297923333,0.303184667,0.307751333,0.312259667,0.316552,0.320463667,0.324082333,0.327184,0.330699333,0.333058,0.336180667,0.338754333,0.341062,0.34287,0.344496667,0.345597,0.346487667,0.347598667,0.348462333,0.349059333,0.348952,0.348159,0.346892333,0.346253,0.344472,0.343532667,0.341547667,0.33951,0.337379667,0.335152333,0.332958333,0.329828333,0.326839,0.322853,0.318903333,0.314529667,0.310257,0.305793,0.301802,0.298067,0.295122333,0.293441333,0.29256,0.291384,0.291136,0.290921333,0.291485333,0.291366333,0.292015333,0.291815667,0.290919333,0.289598667,0.286836,0.282698,0.276242333,0.267129333,0.254440333,0.23778,0.218638333,0.193258667,0.164007667,0.133916667,0.105889667,0.081946,0.064816333,0.053443333,0.046255,0.043419667,0.041846667,0.040332667,0.039557333,0.039533333,0.039962333,0.040993667,0.041226333,0.042367333,0.044322,0.045955333,0.048113667,0.050391333,0.052945,0.055601,0.058584,0.062123667,0.065486667,0.069193333,0.072761667,0.077258,0.080948333,0.085373333,0.089305333,0.093934667,0.098659,0.102758333,0.107771667,0.112698667,0.117199667,0.122305667,0.126423667,0.132249333,0.136886667,0.142476333,0.147319,0.152202,0.157995667,0.163109667,0.168155,0.172989,0.177522,0.183021667,0.187457333,0.191604333,0.195727667,0.199041,0.202837667,0.205522333,0.208702,0.209474667,0.212047,0.213778667,0.215307333,0.216721667,0.218269,0.220121667,0.220781667,0.222442667,0.222425667,0.223055333,0.223064,0.222613333,0.222853667,0.221245333,0.219972,0.218392333,0.214682667,0.211598333,0.208688667,0.204971,0.200491667,0.196595333,0.192573667,0.187745333,0.184224,0.180912333,0.177157333,0.173169,0.168960333,0.16524,0.161069667,0.157132667,0.153906333,0.150095667,0.145367333,0.141571,0.138196333,0.133780333,0.129715,0.12622,0.122261,0.118678,0.114990333,0.110898333,0.106969333,0.103748333,0.099847333,0.0951,0.092303,0.08958,0.085578333,0.082399,0.077754333,0.073803,0.071492667,0.070419333,0.067732333,0.064582667,0.061515667,0.058580667,0.056224667,0.054292333,0.053364667,0.05116,0.049493333,0.047934,0.045970667,0.045590333
0.516485333,0.517941333,0.519387667,0.520881333,0.522263667,0.522912333,0.52406,0.525002,0.525677667,0.526548333,0.526864,0.527158667,0.527967667,0.528524667,0.528832,0.528353333,0.528173667,0.527826333,0.527231333,0.526418667,0.525655667,0.525104333,0.524296667,0.52317,0.522637,0.520364333,0.517584333,0.512712,0.506027667,0.498894667,0.492558,0.487533,0.484858667,0.483018667,0.481661,0.481012,0.479922,0.479337,0.478304667,0.477583667,0.477948333,0.478219,0.478915333,0.479827667,0.480987333,0.481586333,0.482832333,0.483484,0.483993667,0.485114333,0.485675667,0.486390667,0.486483333,0.486313,0.486057667,0.485814,0.484638667,0.48338,0.481773667,0.479118333,0.475978333,0.472357,0.468923667,0.463788667,0.458043333,0.451727667,0.444553,0.437019333,0.429628667,0.422664,0.415798333,0.409410667,0.403167333,0.395183667,0.38421,0.369056333,0.348217,0.320135,0.286976667,0.253379,0.223249,0.198102,0.179695667,0.166101333,0.156591333,0.149611667,0.144445667,0.140676,0.138614,0.13756,0.136982,0.137199,0.138343333,0.140866333,0.145009667,0.149978333,0.155804667,0.162035333,0.169199667,0.176328667,0.183849667,0.191392333,0.199034667,0.206351,0.213708333,0.221103667,0.228616667,0.235405,0.242091333,0.248639667,0.255352,0.261619333,0.267124,0.272104,0.276708667,0.281514667,0.286465667,0.290667,0.295106,0.299343,0.303187667,0.307143333,0.310718,0.314465333,0.317461667,0.320469,0.323399333,0.326093667,0.328225333,0.330021667,0.332009333,0.332914,0.333804333,0.335133333,0.33583,0.335687333,0.334755333,0.332795667,0.331555,0.329576667,0.327993333,0.326656667,0.324957,0.323184667,0.321455333,0.318865667,0.315367667,0.312397667,0.308554,0.304558333,0.300646667,0.296704,0.292396333,0.288785667,0.285011333,0.282493333,0.280659,0.279887333,0.279032667,0.279036667,0.279525333,0.280311333,0.280504333,0.281091333,0.2816,0.280977,0.279663333,0.277715,0.274773333,0.269455667,0.261508,0.249766333,0.234480667,0.215956,0.191241333,0.162648,0.134137333,0.106028,0.082488667,0.063382,0.050987333,0.044478,0.040220333,0.038495333,0.037128333,0.036506,0.036161667,0.036220333,0.037079,0.037942333,0.039468,0.040944667,0.042303667,0.044638333,0.047095333,0.049395667,0.052076667,0.055136,0.058359,0.061690667,0.065689333,0.069789667,0.073334,0.077358,0.081462,0.085537333,0.089864333,0.093680667,0.097558333,0.101275,0.105227667,0.109354333,0.113005333,0.116899,0.121524333,0.125366667,0.130294667,0.133531,0.137741667,0.141999333,0.145997667,0.150520667,0.154594,0.158554,0.163027333,0.167176,0.170701,0.174951667,0.177103667,0.180805333,0.183737333,0.185624333,0.188269,0.189343667,0.191368333,0.193473667,0.194998667,0.196929667,0.199006333,0.200898667,0.202359,0.203607,0.204677667,0.204616667,0.204508333,0.204843667,0.204004,0.202006,0.200194667,0.197139,0.192634333,0.188898667,0.184607333,0.179571667,0.175059667,0.170927333,0.166599333,0.162283333,0.159375667,0.156653333,0.153376333,0.149413333,0.145726333,0.142442,0.139764667,0.137494333,0.134429667,0.131172,0.128166,0.124036,0.120977667,0.118076333,0.114578,0.111438333,0.108099333,0.104822333,0.101833333,0.099655667,0.095882,0.091475,0.088797667,0.086434,0.082734667,0.079537,0.076268667,0.073478333,0.070757,0.067594667,0.064951,0.061637,0.059231667,0.056683333,0.054746,0.051146,0.048636667,0.048048333,0.047163,0.046187333,0.043418,0.042389,0.040855667
0.529211,0.530296,0.531615667,0.532376,0.533529,0.534128,0.535618,0.536713,0.536995,0.538093667,0.538455667,0.538556,0.538652333,0.539096333,0.539876333,0.539406,0.538979667,0.538880333,0.538276,0.537260333,0.536553333,0.5364,0.53549,0.534500333,0.533552333,0.531359667,0.528535333,0.523582,0.516872333,0.509451333,0.503742333,0.499156667,0.496636333,0.494811667,0.493270667,0.492268667,0.491391667,0.490840667,0.490062,0.489291,0.489160333,0.489822333,0.490590333,0.491487,0.492487667,0.493349667,0.493943,0.494803667,0.495705,0.496629333,0.496993667,0.497635333,0.498010667,0.497652333,0.497058333,0.496772,0.495873,0.494458333,0.492549667,0.490282667,0.487245,0.483712333,0.480008667,0.474692,0.468938333,0.462178333,0.455238333,0.447506667,0.439719333,0.432620667,0.425822667,0.419681667,0.412891333,0.404635333,0.392887333,0.376436667,0.354355667,0.324297,0.289553,0.255044667,0.224480333,0.199254667,0.180777,0.167518667,0.158099667,0.150969667,0.145818,0.14241,0.140278,0.139100333,0.138379,0.138798333,0.140104667,0.142921,0.147003667,0.15203,0.157937,0.164319,0.171567667,0.178918333,0.186499667,0.194296,0.202056,0.209619,0.216967333,0.224754333,0.232115667,0.239502333,0.246225333,0.252925667,0.259646,0.265685667,0.270982333,0.276333,0.281189,0.285777667,0.290880333,0.295762667,0.300047333,0.304317333,0.308374333,0.312372333,0.315902333,0.319855333,0.322707,0.326154667,0.329196,0.331944333,0.334199,0.336409,0.338049333,0.339180667,0.340204667,0.341237667,0.341686,0.341347667,0.340913333,0.339244,0.337721333,0.335689333,0.334062667,0.331723667,0.330358,0.328602333,0.326458333,0.323999,0.320673,0.317181333,0.3135,0.309329,0.304893667,0.300650667,0.296277,0.292496,0.288712,0.286076667,0.283931,0.283252333,0.282719333,0.283263667,0.284202667,0.28427,0.284715333,0.285451333,0.284929667,0.284697667,0.283742667,0.281233667,0.277369,0.271558333,0.263363333,0.251305,0.235973,0.217935667,0.194602,0.166247333,0.136478667,0.108060333,0.084796667,0.067517333,0.054982333,0.048883667,0.045549333,0.042479,0.0415,0.041111667,0.040263667,0.041391667,0.041792,0.042781,0.044227333,0.045614333,0.047618667,0.049775333,0.052193,0.054910667,0.057176,0.060485,0.063936,0.067495333,0.071408333,0.074945,0.079140667,0.083128333,0.086709333,0.091452333,0.095372,0.099432667,0.103003,0.107249333,0.111028667,0.114999333,0.119184667,0.123019667,0.127531333,0.131093,0.135456,0.139325333,0.143711,0.147780667,0.152163,0.156294333,0.160457333,0.164646333,0.169251667,0.173643667,0.177705,0.181547333,0.185014667,0.18857,0.191392333,0.194641,0.196705333,0.198973,0.200910667,0.203540333,0.204788333,0.207292,0.208756667,0.210597667,0.212052667,0.213517,0.213944667,0.214931333,0.214752667,0.214382333,0.214170667,0.211734667,0.209986667,0.206539,0.202649,0.198184,0.193022667,0.188093333,0.183674333,0.17854,0.173910667,0.169938333,0.166157333,0.163676667,0.160634333,0.156320667,0.152199667,0.148706667,0.145869,0.142787667,0.139530333,0.137237,0.134282667,0.130271667,0.126592333,0.123322,0.120065333,0.117086,0.114034667,0.110209333,0.106249,0.103069333,0.100471667,0.097317,0.093492333,0.090555333,0.087379,0.084308667,0.080746333,0.076151667,0.072632667,0.070705333,0.069117,0.067003,0.063763333,0.060124,0.056308667,0.055106667,0.054558667,0.053190333,0.050702,0.048484667,0.047542667,0.047633667,0.047835333
0.507593667,0.508619667,0.510074667,0.510982333,0.511499667,0.512599667,0.512819667,0.513798,0.514723333,0.515441,0.515328333,0.515566,0.516339,0.516572333,0.516419667,0.515999667,0.515941333,0.514981333,0.515056333,0.515066333,0.514253333,0.513478667,0.512421667,0.511708,0.510903667,0.509421,0.507074333,0.502787333,0.497345333,0.491823667,0.487093667,0.483829,0.482130667,0.480723333,0.480574667,0.480390333,0.479410667,0.479078,0.478131,0.478423333,0.478639667,0.479001333,0.479518,0.480041333,0.48098,0.481282333,0.481858333,0.482166333,0.482479667,0.483192667,0.483414,0.484010667,0.484136667,0.483962,0.483708333,0.483035,0.482082,0.480728667,0.479036333,0.476989333,0.474299667,0.471178333,0.468065333,0.46411,0.459257333,0.453606667,0.447396333,0.441139333,0.435167333,0.429231,0.423232,0.417614,0.411330333,0.403957,0.393688333,0.378628,0.358183667,0.330644667,0.297785333,0.264947333,0.235914333,0.212375333,0.195440667,0.183384667,0.175149667,0.169020667,0.164495667,0.161964667,0.160493333,0.159728667,0.159654333,0.160431667,0.162075,0.165011667,0.169647667,0.175155,0.181921333,0.188864667,0.196525,0.204328667,0.212353667,0.220196667,0.22829,0.236209667,0.244098,0.251776,0.259249333,0.266769,0.273760667,0.28065,0.287336333,0.293527,0.299194333,0.304592667,0.309300667,0.314080333,0.318828333,0.323006,0.326990667,0.330871667,0.334383667,0.337724667,0.340478333,0.343450333,0.345924333,0.348697667,0.350558667,0.352318,0.353992667,0.355446333,0.356860667,0.358032333,0.358486,0.358785333,0.359287333,0.359092,0.358811,0.357396667,0.356232667,0.355235667,0.354148,0.352161667,0.350407667,0.347977333,0.345635667,0.343703,0.341031667,0.337895667,0.334647333,0.330378667,0.326017667,0.32237,0.318369333,0.314495,0.310950333,0.308187333,0.306165333,0.305065667,0.304118,0.303986667,0.303668333,0.304048,0.303815667,0.303686667,0.303309333,0.302028667,0.300098,0.297861667,0.293436,0.287209667,0.278637667,0.266730333,0.251601,0.233787,0.210964667,0.182378667,0.152270667,0.122578667,0.097744667,0.079145667,0.067527667,0.058625,0.056786,0.054118333,0.052190667,0.05215,0.051957,0.052469667,0.052928333,0.054728667,0.056067333,0.058476667,0.060159667,0.063008667,0.065686333,0.068820333,0.072256333,0.075698,0.079397333,0.083721667,0.087930667,0.092704333,0.09722,0.102033667,0.106513333,0.111859333,0.116966,0.121729,0.127234667,0.13171,0.136814667,0.141674333,0.147162667,0.152399667,0.158188667,0.162782,0.168446,0.174471,0.179837333,0.185232667,0.190472333,0.195588667,0.200500667,0.205756333,0.210501667,0.215777,0.219818333,0.224273667,0.227780667,0.230572667,0.232144333,0.234987667,0.237069,0.239199,0.239845,0.241526333,0.242903333,0.244228333,0.245456,0.245972667,0.246928,0.248053667,0.248235,0.248373333,0.248226667,0.247025,0.246207,0.244046333,0.242015,0.240638667,0.236641,0.232933667,0.229293,0.225436333,0.221881,0.217437,0.214134333,0.210221333,0.205581,0.201885,0.197958333,0.192864667,0.188871,0.186003,0.182491,0.178124333,0.173888333,0.1704,0.165803333,0.160755,0.156981667,0.153008,0.148747667,0.144647667,0.141233333,0.137043667,0.133381333,0.129072,0.125258,0.121439,0.118023667,0.113258,0.109708667,0.105902,0.102484333,0.099897,0.096903,0.093394667,0.089981333,0.086190667,0.083287333,0.080916667,0.078384333,0.075089,0.072739333,0.069647667,0.068200333,0.066847333,0.06565,0.063618333,0.061789333
0.545482333,0.546739667,0.54804,0.549349333,0.55028,0.551084,0.552164333,0.552931,0.553685667,0.554888,0.555222333,0.555205,0.555668333,0.556216333,0.556374667,0.555932333,0.555738667,0.555228667,0.554587667,0.554038333,0.553430333,0.552848333,0.552079667,0.550832333,0.549692333,0.548002333,0.544874667,0.539571,0.532994667,0.525815667,0.519977,0.516284,0.514189,0.512694667,0.512057333,0.512048667,0.511237333,0.511010333,0.510567333,0.510423667,0.510724,0.511410333,0.512332333,0.513038,0.513794333,0.514751,0.515487333,0.515903,0.516481,0.517491,0.517675,0.517966667,0.518127,0.517819333,0.517475667,0.516980667,0.515816,0.514328333,0.512214333,0.509852333,0.506790667,0.502900667,0.499015333,0.494213333,0.488336333,0.481675667,0.474399333,0.466754333,0.459243,0.452127333,0.445604667,0.438874333,0.431457333,0.422458,0.410251333,0.393162,0.369166,0.337447,0.301221333,0.265677667,0.234063,0.208590333,0.190731667,0.178213,0.169888,0.164075333,0.160329,0.158180667,0.157047667,0.156690333,0.157061667,0.158111667,0.160233,0.163787,0.168917667,0.17524,0.182456667,0.190161333,0.198283333,0.206675667,0.215277,0.223953,0.2327,0.241364333,0.249812333,0.258279,0.266493667,0.274279,0.282006,0.289657333,0.297095333,0.304049,0.309815333,0.315525,0.320848,0.326276333,0.331368,0.336083,0.340374667,0.344657333,0.348676,0.352588667,0.356005667,0.359369667,0.361885333,0.364866333,0.367254333,0.370210333,0.372317,0.373937,0.375196333,0.376120667,0.377003667,0.377491333,0.378029,0.377275,0.376378333,0.374768,0.373313667,0.371473667,0.369849,0.368121667,0.366147333,0.363954667,0.361505,0.358532333,0.354884,0.351611333,0.347631667,0.343535667,0.339027,0.334269667,0.329597333,0.325503333,0.321913667,0.318732,0.316204333,0.314593667,0.313241333,0.312962,0.312963,0.313429333,0.313513,0.313563,0.313023333,0.311988,0.310275667,0.307275,0.302307667,0.295544333,0.285476,0.271499333,0.253523667,0.233215333,0.206866,0.175050667,0.143650333,0.114299333,0.089601333,0.072093667,0.059789333,0.053434667,0.049893667,0.047618333,0.046941,0.046412,0.046463333,0.047173333,0.048142333,0.049211667,0.050747,0.052835333,0.054803333,0.057465,0.060140667,0.063147333,0.066412,0.070130667,0.074007333,0.078233667,0.082450667,0.086995,0.091836,0.096627333,0.101806333,0.106427,0.111495333,0.116117333,0.121130333,0.125726333,0.130492667,0.135463667,0.140593667,0.146023667,0.151666667,0.157017333,0.162355333,0.167725333,0.173342667,0.178138667,0.183699667,0.188577333,0.193991,0.199174333,0.203906,0.208267333,0.212612,0.216666333,0.219754667,0.222664667,0.224916667,0.227129333,0.228961333,0.230026333,0.23128,0.232769,0.234167333,0.235886333,0.237252,0.238311333,0.239752,0.240733667,0.240883333,0.240734,0.240667333,0.240069,0.238642,0.236919,0.234894667,0.231160667,0.228297667,0.224449333,0.219830667,0.215249,0.211037667,0.206678,0.202530333,0.198125,0.194021,0.190733667,0.186733333,0.18209,0.178350667,0.174845333,0.171354,0.167339,0.163336,0.159462,0.155403667,0.150906667,0.146596333,0.142827,0.139170667,0.135155333,0.130995333,0.126510667,0.122336333,0.118912667,0.115203,0.111426,0.107957333,0.103787,0.100046667,0.096386333,0.092875333,0.088035,0.084685333,0.081523667,0.078652333,0.075314,0.072396333,0.069332667,0.067201667,0.064947,0.062872333,0.060396333,0.058717333,0.056351667,0.054506,0.053570667,0.053359333
0.522637,0.523608667,0.524933667,0.525817,0.526280333,0.527549667,0.528007667,0.528602,0.529127333,0.530149667,0.529845333,0.530667333,0.531191667,0.531476,0.531791667,0.530967,0.530527333,0.529959667,0.529522667,0.529565,0.528476333,0.527848667,0.527074667,0.526044333,0.525315333,0.523727667,0.520691333,0.515687667,0.510362667,0.503565333,0.498534,0.495026,0.49298,0.49163,0.491225,0.490801333,0.489863,0.489622667,0.488692333,0.4887,0.489041,0.489490333,0.490226,0.490970667,0.491562,0.492244333,0.492696,0.493334333,0.493591333,0.494350333,0.494740667,0.494968,0.494958,0.494774,0.49434,0.493755,0.492752333,0.491475667,0.489636333,0.487663667,0.484570333,0.481036667,0.477587,0.473272,0.467699333,0.461718667,0.455046,0.448174333,0.441486,0.435367667,0.429558,0.423603,0.417166667,0.408957667,0.397603333,0.382074,0.360402,0.330964333,0.297887333,0.265241667,0.236291667,0.212981,0.196397667,0.184601667,0.176396,0.170536667,0.166371,0.16366,0.16205,0.161271333,0.161211,0.161798667,0.163585667,0.166492667,0.171008667,0.176604333,0.182878333,0.189614333,0.196939,0.204526,0.212403333,0.220207667,0.228243333,0.236157667,0.243949667,0.25178,0.259404,0.266873333,0.274002333,0.281080333,0.288242,0.294363333,0.300229333,0.305666333,0.310625333,0.315804333,0.320427333,0.324653,0.328732333,0.332827333,0.336447333,0.339966667,0.342981667,0.346130667,0.348368333,0.351149,0.353176,0.355896333,0.357655,0.358997667,0.360078333,0.361501333,0.361922,0.362426667,0.363217,0.362422333,0.361565333,0.360413667,0.359283667,0.358286667,0.356805667,0.355088667,0.353525333,0.351111667,0.348713,0.346180333,0.343262333,0.339888,0.336315,0.332696,0.328693667,0.324174333,0.319701,0.316056667,0.312807667,0.309764333,0.307268,0.306476667,0.305125333,0.305216667,0.305049333,0.305937333,0.305698667,0.305935,0.305239333,0.304294,0.302378,0.300032,0.295541667,0.288937333,0.279642333,0.266805667,0.250917,0.23266,0.208444667,0.17838,0.149890333,0.122001667,0.099218333,0.081353667,0.069290667,0.063081,0.059549667,0.05717,0.055724,0.055215333,0.055014667,0.055588667,0.056488333,0.057610333,0.059267333,0.061186667,0.063129667,0.065266,0.068377667,0.070589667,0.074045667,0.077471667,0.080922667,0.084733,0.088484667,0.092382667,0.096821,0.101246333,0.105240333,0.109909333,0.114687333,0.118738667,0.123264667,0.127401667,0.132203,0.136499,0.141416333,0.146417333,0.151194,0.156721,0.161521333,0.166459,0.171296,0.176881,0.181655667,0.186757333,0.191407667,0.196223,0.200087,0.205144333,0.208694,0.212446333,0.215315,0.218253667,0.219861,0.222284333,0.223674,0.224357667,0.226157667,0.227096,0.228458,0.229158667,0.230421333,0.230983667,0.232349,0.232482667,0.233498667,0.233144333,0.232361333,0.232044333,0.230713333,0.229619667,0.226644333,0.224626,0.221533667,0.218066,0.214659333,0.210507,0.206694,0.203559333,0.199441667,0.195904,0.192382333,0.188401667,0.184647333,0.181001667,0.178063667,0.173864,0.169755333,0.166650667,0.163246,0.158587,0.154658667,0.150882667,0.14712,0.143687667,0.140025667,0.136239667,0.131746667,0.127064333,0.123576,0.120631667,0.116921,0.112593333,0.109345667,0.106332667,0.102534667,0.099582,0.095625333,0.091232333,0.088575,0.086615,0.083491667,0.080657333,0.078414333,0.075565,0.073071,0.070791333,0.068188333,0.064413667,0.062731667,0.061615667,0.059531333,0.060046,0.059656333
0.529390667,0.530386667,0.531652667,0.532449,0.533388667,0.534383333,0.534900667,0.536210333,0.536369667,0.53733,0.537585333,0.537761,0.537951667,0.538584333,0.538545333,0.537691333,0.537918333,0.537209,0.537071,0.536505,0.535882667,0.535039333,0.533955667,0.533412,0.532708333,0.530744,0.52768,0.522807,0.516507333,0.510171333,0.504997,0.501050667,0.499093667,0.498032,0.497494,0.497654667,0.496831333,0.496659,0.495785667,0.495855333,0.496431667,0.496579667,0.497536667,0.498032,0.498704,0.499690667,0.500515667,0.500921667,0.501379333,0.501774,0.502108,0.502496333,0.502371,0.502216,0.501788,0.501117,0.499866,0.498451667,0.496925667,0.494443,0.491230667,0.48767,0.484320667,0.479594,0.474129,0.467852667,0.461083333,0.453873,0.446765667,0.440418,0.433919667,0.427315,0.420675667,0.412189,0.400043,0.383469,0.360628333,0.329838333,0.294426,0.259627333,0.228904667,0.204425667,0.187238333,0.174737667,0.166243333,0.16078,0.156986,0.154754,0.153801333,0.153580333,0.153654667,0.154823333,0.15691,0.160447333,0.165935333,0.172099667,0.179216333,0.186718,0.194950333,0.203460333,0.211846,0.220359333,0.228893667,0.237178667,0.245366667,0.253782,0.261897667,0.269681667,0.277154667,0.284331667,0.291459667,0.297896,0.304048333,0.309526333,0.314733667,0.319795667,0.324915333,0.329369,0.333343667,0.337792667,0.341403333,0.345047667,0.348190333,0.351457667,0.354200667,0.356857333,0.358950333,0.361253,0.363338,0.365121,0.366766667,0.368056,0.368320667,0.368661333,0.368816,0.368215667,0.367759,0.366402667,0.365244667,0.363994333,0.362398333,0.360524,0.358634333,0.355903333,0.353802,0.351294,0.347823,0.344910333,0.340907667,0.336942333,0.331850667,0.327618333,0.323189667,0.318990333,0.315104333,0.311659,0.309215,0.308176333,0.306909,0.306783333,0.306858333,0.306982667,0.307111667,0.306795333,0.306033333,0.304525667,0.302693667,0.300256667,0.295569,0.288587,0.278758667,0.265082667,0.247565667,0.228321333,0.202504667,0.17102,0.138958667,0.109465,0.086536333,0.068690667,0.056583667,0.050288667,0.046715,0.045023667,0.043603,0.043291333,0.0429,0.043745667,0.044566667,0.046196333,0.047478333,0.049386667,0.051627667,0.054103,0.056982,0.059787667,0.063216,0.067101667,0.070608667,0.075008,0.079192667,0.084042667,0.088681667,0.093151333,0.098600667,0.103368333,0.108318,0.113051,0.117927333,0.122676667,0.127939667,0.132367667,0.137965,0.143340333,0.148473333,0.153855667,0.159421,0.164752667,0.169378333,0.175118,0.179803,0.185514333,0.190607667,0.195587667,0.200326667,0.205274333,0.208739333,0.212887333,0.216243,0.219332,0.221629333,0.224033667,0.225517333,0.226409,0.228333,0.229430333,0.230071667,0.232238333,0.23363,0.235039,0.235648667,0.236245333,0.236648,0.235943667,0.235812333,0.235282,0.234405,0.232066333,0.230151667,0.227200667,0.223931667,0.220615333,0.216172,0.211703,0.207174333,0.203335333,0.199790667,0.195900333,0.191968333,0.187630333,0.184428333,0.180792333,0.175949333,0.171437333,0.168619,0.165115333,0.160540667,0.156361667,0.151787667,0.147692,0.144021667,0.140209,0.135767,0.13135,0.126646667,0.122841667,0.118933,0.115323,0.111862,0.107780333,0.104699333,0.100623333,0.096532667,0.091675,0.088703,0.086075333,0.082304,0.077977333,0.074691667,0.071628,0.069264333,0.066242667,0.064426667,0.061803333,0.058151333,0.055193667,0.053106,0.053709667,0.051822,0.053583667,0.052045
0.521537,0.522573667,0.523548,0.524651667,0.525739667,0.526188667,0.526468333,0.527749,0.528045667,0.528591333,0.529140333,0.529139333,0.529943,0.529957,0.530146667,0.530048333,0.529766333,0.529564,0.529209,0.528769333,0.528726667,0.527964667,0.527229333,0.526298667,0.525323667,0.523832,0.521778333,0.517675667,0.512166,0.506733667,0.501993333,0.498063333,0.496145333,0.494925333,0.493866,0.493369,0.49296,0.492609333,0.491629,0.491464667,0.491642667,0.492105333,0.492702,0.493101,0.493727,0.494655333,0.495508667,0.495816333,0.496402333,0.497242667,0.497481667,0.498175,0.498422333,0.497931,0.497662667,0.497151333,0.496166333,0.495222667,0.493784,0.491546333,0.489085667,0.486321,0.483012,0.478365667,0.473729667,0.468403333,0.462443333,0.456001333,0.449192667,0.442972667,0.437008667,0.431691667,0.425872333,0.418397333,0.408032667,0.393494333,0.372922,0.344809,0.311714667,0.278122333,0.247117667,0.221544667,0.202899333,0.189297,0.179679,0.172864,0.167683333,0.164153667,0.161913,0.160818333,0.160422333,0.160812667,0.162304333,0.165067333,0.169689333,0.175472,0.182029667,0.188772333,0.196470667,0.204492667,0.21272,0.220987333,0.229339667,0.237479333,0.245214,0.253474333,0.261169667,0.268574,0.275851333,0.282848667,0.289982667,0.296655333,0.302497,0.307871,0.312844,0.317766667,0.322403333,0.326740667,0.330951333,0.335362333,0.339097667,0.34254,0.345456667,0.348866333,0.351639,0.354191667,0.356576333,0.359046,0.360805667,0.36223,0.363931333,0.364918667,0.365725,0.366173333,0.366935667,0.366544667,0.366115667,0.364573,0.363543,0.362222,0.360833333,0.359347667,0.357276667,0.355327667,0.353433,0.351171,0.348177,0.345082,0.341631667,0.337814333,0.333706667,0.329247333,0.324813333,0.321377,0.317362667,0.315386,0.313498667,0.312391,0.311268667,0.311289667,0.311636,0.311709333,0.312020667,0.312704333,0.312172333,0.311793333,0.310778333,0.308058333,0.304435667,0.297841,0.289380667,0.277371,0.260463667,0.240646,0.214967667,0.185428,0.155185667,0.123782,0.097783,0.077213667,0.063773333,0.056314,0.051527333,0.049001667,0.047878667,0.047114,0.047053667,0.047652667,0.047841,0.049301333,0.050662333,0.052596333,0.054654333,0.057251,0.059890333,0.062971333,0.066309667,0.069650333,0.073529,0.077659667,0.081646667,0.086428,0.090597333,0.095484667,0.100353333,0.104622333,0.109728,0.114900667,0.119431,0.123949333,0.128937333,0.134025333,0.138989333,0.143438,0.148363333,0.153890667,0.159433333,0.164046667,0.169264,0.174461333,0.17905,0.184565,0.189494,0.194119,0.198856,0.203529,0.208061,0.211919,0.215401,0.218891,0.221628,0.224143,0.226236333,0.227651333,0.230310667,0.231754333,0.232205667,0.234603333,0.236092,0.237426,0.238280333,0.238673667,0.240089333,0.240005667,0.240119333,0.240114333,0.239248,0.237106,0.235366,0.232311667,0.229613667,0.225981667,0.221516667,0.21716,0.213145333,0.208977333,0.205032333,0.201468,0.197372,0.193659,0.189847,0.186017,0.181885,0.177957667,0.174077333,0.171391,0.167862667,0.163149,0.159211,0.154539667,0.150980667,0.147730667,0.143866667,0.139737,0.135649667,0.132267,0.128735,0.124227667,0.120702,0.117353667,0.114418333,0.109938667,0.105501,0.101977,0.098257,0.094218667,0.090646,0.088238333,0.085216667,0.081040667,0.076864,0.074198333,0.072699,0.070762333,0.069056667,0.065175667,0.062033333,0.061346333,0.059409333,0.056466,0.055302667
0.524744667,0.525873333,0.527036333,0.528148667,0.529236667,0.529908333,0.530986,0.53185,0.532347333,0.533302333,0.53324,0.533339,0.533979,0.534277333,0.534406,0.534146333,0.533948667,0.533629,0.533102,0.532524667,0.532128667,0.53149,0.530423333,0.529409667,0.528470667,0.526921333,0.524317667,0.519809333,0.514005,0.50757,0.502350333,0.498838667,0.496685333,0.495066,0.494075333,0.493818,0.492851,0.492125333,0.491676333,0.491678,0.491728333,0.492029667,0.492663333,0.493605,0.494570333,0.495500667,0.496308333,0.496921333,0.497360667,0.498178333,0.498597,0.498869667,0.499108333,0.49893,0.498731,0.498239,0.497092,0.495870333,0.494370333,0.492161,0.489377667,0.486315,0.482969333,0.478451333,0.473170667,0.467102667,0.46051,0.453567,0.446656333,0.439991333,0.433403,0.427099667,0.420301,0.412047667,0.400783,0.384881667,0.362747667,0.333458,0.298815667,0.264355,0.233289333,0.207843667,0.189452333,0.175986333,0.166566,0.159904333,0.155340333,0.152503,0.150825,0.150109,0.150054,0.150816,0.15262,0.155859667,0.160596,0.166535,0.173277,0.180463,0.188177333,0.19612,0.204233667,0.212399667,0.220593667,0.228547,0.236453333,0.24408,0.251573667,0.258779333,0.265779,0.272493,0.279202,0.285505667,0.290931,0.296199,0.300940333,0.305597667,0.310402667,0.314969333,0.319212667,0.323498667,0.327476,0.331135333,0.334598,0.338364667,0.341408333,0.344279667,0.347092333,0.349487,0.351793,0.353514,0.355288333,0.356381667,0.357077667,0.357646333,0.358061333,0.357565667,0.356734667,0.354948333,0.353394667,0.351376667,0.349519667,0.347848333,0.346136,0.344184,0.341959333,0.339293333,0.335900667,0.33272,0.328953,0.325043333,0.320799,0.316630333,0.312511,0.308642,0.305382333,0.302184667,0.300572,0.299424,0.298627,0.298900333,0.299925,0.300232333,0.300532667,0.300713333,0.300656667,0.299995,0.298481667,0.296215667,0.292524667,0.286181333,0.277265667,0.264511667,0.247867333,0.227918667,0.202300667,0.171726333,0.140657667,0.110792,0.085695667,0.065939667,0.052581,0.045914333,0.041823667,0.039463,0.038349667,0.037900333,0.037934333,0.038435667,0.039124,0.040599667,0.042114667,0.043836667,0.046192333,0.048421333,0.051319333,0.054427333,0.057815333,0.061524,0.065291333,0.069465,0.073885667,0.078298,0.082833333,0.087424333,0.092338333,0.096733333,0.101394,0.105966,0.110318333,0.114643667,0.118463667,0.122834667,0.127152,0.131455,0.136028667,0.140448333,0.144971333,0.149292333,0.153560333,0.158195,0.16241,0.166848333,0.171282667,0.175743333,0.180247,0.184245667,0.188812667,0.192352667,0.195704667,0.198918,0.201685667,0.204183333,0.206502667,0.208548667,0.210019,0.212189333,0.214144333,0.216111333,0.218199333,0.220114333,0.221607333,0.222380667,0.223137333,0.224396333,0.224049333,0.223725,0.222982667,0.220934667,0.218382667,0.214977667,0.211030333,0.206361333,0.201312333,0.196400333,0.191372667,0.186295333,0.181371,0.177386667,0.174361333,0.17131,0.167687,0.163693,0.15978,0.156391,0.153536,0.150947667,0.147907667,0.144209667,0.140554,0.136849,0.133697333,0.130712667,0.127038,0.123093,0.119696667,0.116138,0.112256,0.108836333,0.106019333,0.102369333,0.098347,0.094337,0.091272333,0.087351333,0.083979,0.079721,0.076335333,0.072903333,0.07055,0.067279,0.064124333,0.061301667,0.059368,0.057423333,0.055366667,0.052614667,0.050577,0.049345667,0.048838333,0.047766,0.047769667
0.533603333,0.534948,0.536074333,0.537791333,0.538414333,0.539011667,0.540596667,0.541860667,0.542248,0.543011,0.543223,0.543122667,0.543655,0.544033667,0.544121,0.543701,0.543280333,0.542746333,0.542022333,0.541960667,0.541332333,0.540443,0.539521333,0.538612333,0.536885333,0.534561667,0.531799667,0.526402333,0.519434,0.512182667,0.506012333,0.501373,0.499200333,0.498604,0.497702333,0.496816667,0.495909667,0.495248667,0.494831,0.494637333,0.494956667,0.495575,0.496369667,0.497251667,0.498215667,0.499273667,0.499909,0.500388667,0.500871333,0.501631667,0.502371667,0.502707333,0.502768,0.502113,0.501885,0.501334,0.499868667,0.498419333,0.496519667,0.494208333,0.491022,0.487052333,0.48309,0.478035333,0.472157667,0.465203,0.457906,0.450152667,0.442402333,0.435047333,0.428099,0.421075333,0.414039333,0.405158667,0.392563667,0.375378667,0.351569667,0.319891,0.283803333,0.248545667,0.217909667,0.193027333,0.175553667,0.163074667,0.154562333,0.148716,0.144784667,0.142598667,0.141242333,0.140621333,0.140888,0.141697,0.143382667,0.146396,0.151408,0.157323667,0.164109667,0.171255667,0.178693,0.186471667,0.194751333,0.203208667,0.211386667,0.219370667,0.227269,0.235109,0.242977,0.250669667,0.257807667,0.264927333,0.272065,0.27842,0.284090333,0.289839333,0.294931,0.299883667,0.305141,0.309544667,0.313989,0.318402,0.322392,0.326258333,0.329476333,0.333009,0.335705333,0.338446,0.341217,0.343700667,0.346082,0.34804,0.349636333,0.350461,0.350772,0.351289667,0.351463,0.350540333,0.349284667,0.347477667,0.345730667,0.343826,0.341763333,0.339428333,0.337748333,0.335248,0.332664667,0.329970667,0.326806,0.323142667,0.319617,0.315600333,0.311455333,0.306851667,0.303155667,0.299465667,0.295897,0.293064667,0.290461333,0.289646,0.288949,0.28899,0.288981333,0.289361,0.289598,0.289226667,0.288835333,0.288156667,0.286483,0.283844667,0.279164667,0.273060667,0.263153333,0.250371,0.233514333,0.214934667,0.190581,0.160809,0.130046667,0.102599,0.080075667,0.063791333,0.054212333,0.047442,0.044161667,0.042084,0.041549,0.040652,0.041280333,0.041483667,0.042234667,0.043023667,0.044675,0.046015,0.0475,0.049914667,0.052278333,0.054450333,0.057565667,0.060372667,0.063704,0.067496667,0.070964333,0.075100667,0.079068667,0.083109,0.087562,0.091572667,0.095965667,0.099631,0.103972667,0.107924333,0.111749667,0.11633,0.120264667,0.124889333,0.129498333,0.134271,0.138589,0.143398,0.148537333,0.152728,0.157378,0.161642333,0.165805,0.170505,0.174544333,0.178742333,0.182282333,0.185564333,0.188168667,0.19081,0.192667,0.194401333,0.195807667,0.197502667,0.198798333,0.2,0.200888333,0.202765667,0.205136,0.206451667,0.207924,0.208235333,0.208849,0.209878667,0.209915,0.209441,0.208685667,0.206894333,0.204336333,0.201610333,0.197813667,0.193122667,0.188962,0.184166667,0.179595333,0.175734,0.171535,0.167928667,0.16461,0.161646,0.15774,0.153719667,0.150463,0.147679,0.144290333,0.141121333,0.138137,0.134326,0.130547333,0.126582667,0.123222667,0.120862667,0.117655,0.113326333,0.109414667,0.106548333,0.103457333,0.10013,0.097292667,0.094217333,0.091124,0.087559667,0.083717,0.080339,0.078307,0.073713333,0.070391333,0.067696333,0.064558667,0.061903333,0.059558,0.058083333,0.056042,0.054949,0.052666,0.051638333,0.050289667,0.049086667,0.046659667,0.043512667,0.04177
0.519255667,0.520954,0.522624333,0.524362,0.525611,0.525738,0.526665667,0.527662333,0.528680667,0.529440333,0.529809,0.529925,0.530208,0.530691333,0.531144667,0.530537333,0.530285333,0.529505667,0.529327333,0.529116667,0.528557667,0.527802667,0.526753333,0.526075,0.525233333,0.522922333,0.520453333,0.516199333,0.510444,0.503884667,0.497999667,0.49375,0.492010333,0.490782333,0.489514,0.489263333,0.488265,0.487829667,0.487327333,0.487081667,0.487050667,0.487382333,0.488222333,0.488991333,0.489844333,0.490891333,0.491570333,0.492042667,0.492733667,0.493449333,0.493874667,0.494229,0.494542667,0.494518,0.494147333,0.493497667,0.492369333,0.491288667,0.489378333,0.487080667,0.484255667,0.480737333,0.47719,0.472502667,0.467072667,0.461032,0.453917667,0.446681,0.439694,0.432932333,0.426154333,0.419913333,0.413313333,0.404886,0.393117,0.377003333,0.354328667,0.323657667,0.288295667,0.252880667,0.221511333,0.195919333,0.177609,0.164471333,0.155515,0.148942,0.144344,0.141565333,0.139696667,0.138815,0.138359333,0.139037,0.140684667,0.143720333,0.148250333,0.154089,0.160566,0.167604,0.175254,0.183207667,0.191525,0.199704,0.208219333,0.216519,0.224487667,0.232717333,0.240751333,0.248338,0.25602,0.263284,0.270435333,0.276916667,0.282997333,0.288448667,0.294016333,0.299012667,0.303912333,0.308514333,0.313056667,0.317765333,0.321724,0.325314333,0.328602,0.332156667,0.33507,0.337901333,0.340254667,0.343022,0.345232333,0.347112667,0.348384667,0.349694667,0.350367,0.350928667,0.351190667,0.350748,0.350420333,0.348206333,0.34653,0.344697,0.343516333,0.341483333,0.339139,0.337145333,0.334877333,0.332418,0.329295333,0.326195333,0.322673667,0.318782,0.313868333,0.309525333,0.305687,0.301805,0.297848667,0.295448,0.293266333,0.292143333,0.291220333,0.291353,0.291573333,0.292387667,0.292287667,0.292403,0.291966667,0.291715667,0.290345333,0.287450333,0.283460667,0.276933,0.267825333,0.255079,0.238301333,0.219052,0.193389333,0.162866667,0.132381,0.104201333,0.079799667,0.062693667,0.050869333,0.045371,0.041882,0.039827667,0.039141667,0.03858,0.038397667,0.038547,0.039230667,0.040308333,0.041327333,0.043045667,0.044926333,0.046734333,0.048960667,0.051478667,0.054006667,0.057301333,0.060450667,0.063836,0.067891,0.071928667,0.075686667,0.080090333,0.084188333,0.088871667,0.093188,0.097341,0.101931667,0.106539333,0.110729,0.114806667,0.119943333,0.124524667,0.129428,0.13429,0.139057333,0.144165333,0.149792,0.153945333,0.158564333,0.164154667,0.168302333,0.172883,0.177951667,0.182513333,0.187378,0.190487667,0.194017333,0.197441333,0.199628667,0.202025,0.20371,0.205252667,0.207978667,0.208862667,0.210309667,0.211924333,0.213967333,0.215261333,0.216710333,0.217383,0.218268,0.218603667,0.218324,0.218121,0.216689667,0.214759667,0.212986,0.209787333,0.206325333,0.201962667,0.19759,0.193132667,0.187638667,0.183665667,0.180402333,0.175494667,0.171867333,0.168534333,0.164639333,0.160085,0.155925667,0.152793333,0.149887,0.146314333,0.142061333,0.138747333,0.135194667,0.130819,0.126812333,0.123816,0.120765,0.116976667,0.113124667,0.109488,0.105652333,0.102682,0.099436333,0.095548667,0.092270333,0.089422,0.085485,0.081188333,0.077989,0.074894667,0.072983667,0.070279667,0.067945333,0.063954667,0.062102333,0.059581,0.056575333,0.05423,0.051458667,0.051325333,0.050549333,0.052106667,0.048668667,0.045760667,0.042672
0.505392333,0.506186667,0.507115333,0.507957333,0.508552333,0.510206333,0.511148667,0.511971333,0.513312,0.513860333,0.513867333,0.514399333,0.514954667,0.515644333,0.515594667,0.515217667,0.514694667,0.514386,0.514230667,0.513656333,0.512852333,0.512781,0.511942333,0.510720333,0.509935,0.508753333,0.505881667,0.501087,0.494506,0.487921333,0.482714667,0.478202333,0.476141,0.475259,0.474357333,0.473761667,0.473138,0.473168,0.472614667,0.472337667,0.472389,0.472909333,0.473540667,0.474271667,0.475066667,0.475824667,0.476672333,0.477105,0.477975667,0.478860667,0.478951667,0.479346667,0.479624333,0.479737667,0.479510667,0.479058,0.477771667,0.476481,0.474899667,0.472265667,0.469437667,0.466138667,0.462427667,0.457616333,0.452016,0.445712,0.438982667,0.431767333,0.424540667,0.417789,0.411234333,0.405146,0.399008,0.39101,0.379617,0.363618,0.341327,0.311657333,0.277218,0.243269333,0.21322,0.189017667,0.171378667,0.158739333,0.149998333,0.143476,0.138827,0.13598,0.133930333,0.132742333,0.132484,0.132858667,0.134339333,0.136920333,0.141221667,0.146683333,0.153169667,0.159955,0.167303667,0.174934667,0.182997667,0.191056667,0.199384,0.207592,0.215707,0.223817333,0.231748667,0.239630667,0.246899,0.254123333,0.261518,0.268380333,0.274651,0.28013,0.285554,0.290783333,0.296036333,0.300658,0.305079,0.309522667,0.313334,0.31671,0.320025667,0.323531667,0.32617,0.328626,0.330883,0.333463,0.335575667,0.337632333,0.338638667,0.339927333,0.340378667,0.340976333,0.341916333,0.34194,0.341615667,0.339795667,0.339493333,0.338591,0.337571667,0.336020333,0.333717333,0.331452667,0.329483667,0.326639667,0.323199667,0.320132333,0.316699,0.312324,0.307968333,0.303429667,0.298869667,0.294837333,0.291245667,0.287969333,0.286024,0.285102667,0.283903333,0.283865667,0.283896,0.284089,0.284336,0.284770333,0.284221667,0.283324667,0.281614333,0.278966333,0.274920333,0.268062333,0.259204,0.246120333,0.229333,0.209720333,0.185793667,0.156060667,0.126611333,0.09785,0.075611,0.057876667,0.045220667,0.038409667,0.036333,0.033383333,0.032461667,0.031726333,0.031483,0.032300667,0.032725,0.033782,0.034898333,0.036492,0.038083667,0.040189,0.043075667,0.045243667,0.048351333,0.051179333,0.05469,0.058511333,0.061852667,0.065875,0.070144333,0.07386,0.078471,0.082868,0.087585333,0.092088667,0.096580667,0.101113,0.106372,0.111001667,0.115674667,0.120941333,0.125883667,0.13129,0.136715333,0.141704667,0.147402,0.152744333,0.157796,0.163178667,0.168376333,0.173445667,0.178248333,0.182993,0.187179667,0.190927667,0.194334,0.198212333,0.200196333,0.202643,0.204988,0.206568333,0.208652333,0.210145667,0.211743667,0.213323333,0.214277,0.21527,0.216286,0.216752,0.217615,0.217783333,0.217504,0.216444667,0.21611,0.214976,0.212524333,0.209805,0.206154,0.203170333,0.19959,0.195411667,0.191580667,0.188294667,0.184826333,0.180289667,0.176609,0.172586667,0.168255667,0.164304,0.16019,0.156029667,0.152106333,0.149374667,0.145406667,0.141532667,0.137113667,0.132495333,0.128494,0.123754,0.120255667,0.116632667,0.113372,0.109680333,0.106119333,0.101651333,0.097373333,0.094569,0.091788333,0.087599333,0.084234333,0.081202667,0.077329667,0.074885667,0.070974333,0.066747333,0.063258333,0.061227333,0.058926,0.056346667,0.053099,0.051052333,0.049129,0.046664333,0.044822667,0.044231667,0.042165667,0.039761333,0.037879333
0.538632,0.540129,0.541415333,0.543009333,0.544526,0.545927333,0.546946,0.547715333,0.549227,0.549645333,0.55002,0.550207667,0.551015667,0.551303333,0.551658,0.551394,0.550341333,0.549510333,0.549146333,0.548860667,0.547828333,0.546816,0.546142,0.544902333,0.543673667,0.541178667,0.537709667,0.532529,0.52485,0.516247333,0.509335333,0.504798667,0.502681,0.500995,0.499469333,0.498651667,0.497810667,0.496945,0.496166,0.496139333,0.496192,0.496668,0.497241667,0.498279333,0.499527,0.500547333,0.501314333,0.501785,0.502564,0.503408667,0.504009667,0.504616667,0.504668,0.504498333,0.503978667,0.503256667,0.502242333,0.500645667,0.498221333,0.49532,0.492095667,0.487926333,0.483864333,0.478334333,0.472199333,0.464862667,0.456467667,0.448063333,0.44069,0.432932333,0.425289,0.418572,0.411107667,0.402023333,0.388975667,0.371225,0.346988333,0.315011333,0.279221667,0.244252667,0.213800333,0.189466667,0.172282667,0.160123,0.151397,0.145328667,0.140932667,0.138225,0.136586333,0.135830667,0.135536667,0.135939333,0.13743,0.140080667,0.144224,0.149258333,0.155340667,0.161774,0.168883333,0.176330667,0.184221667,0.191931333,0.199675333,0.207647,0.215114667,0.223009667,0.230567,0.237966333,0.245032,0.252236667,0.259644667,0.265937667,0.2717,0.277404,0.282529667,0.287661,0.292807,0.297771667,0.302144667,0.306542667,0.310949333,0.314835,0.318399333,0.321731667,0.325134333,0.328018,0.330762333,0.333853,0.336105,0.33806,0.339676667,0.341039667,0.342035,0.342796333,0.343182333,0.342779667,0.341822333,0.340192,0.338567333,0.336542667,0.334675333,0.332430333,0.330960667,0.328682,0.326252667,0.323622333,0.320418,0.317069,0.312849333,0.308325,0.304198667,0.299947667,0.295710333,0.291617333,0.287584333,0.284821667,0.283143333,0.281896,0.281227333,0.281541,0.281642,0.282286333,0.282566333,0.282638333,0.282513667,0.281686333,0.280007,0.277410667,0.273322667,0.266633333,0.257462667,0.244460333,0.227915333,0.208888,0.185414667,0.156412333,0.127932667,0.101828667,0.081899,0.067138667,0.055918667,0.051848333,0.048014667,0.046157,0.04546,0.044507667,0.044580333,0.044759333,0.045339333,0.046289,0.047401667,0.048984,0.050425,0.052141333,0.053776333,0.056054667,0.058573667,0.061051667,0.064077667,0.066838667,0.070092,0.073516667,0.077032,0.080501667,0.084225,0.087777667,0.091936667,0.095464333,0.099091667,0.103102,0.106482667,0.110065,0.114229333,0.118390667,0.122718,0.126714333,0.131101,0.135040667,0.139616,0.143970667,0.148386,0.152811,0.156536,0.160967333,0.165533,0.168986,0.172539333,0.176728,0.179467,0.181544333,0.184718333,0.187228,0.188894,0.190003333,0.192210333,0.193286667,0.194789,0.196656,0.198432667,0.199879667,0.200878333,0.202355667,0.203465667,0.203213333,0.202972333,0.202919333,0.202244,0.200686333,0.198426,0.195402667,0.192268,0.188011333,0.183553333,0.179606667,0.174901,0.170465333,0.166487,0.163168667,0.160274333,0.156698333,0.153505333,0.149509,0.145836333,0.142857,0.139890667,0.137238333,0.134268333,0.130692333,0.127010667,0.123825,0.120900667,0.118326667,0.114906,0.111065333,0.108132333,0.105123333,0.101922667,0.099627667,0.096863333,0.093094667,0.090587667,0.088085667,0.084709667,0.080980333,0.077877,0.074256667,0.072306667,0.070258667,0.068097333,0.065539333,0.063592333,0.060678,0.058934667,0.056702667,0.054886,0.054459,0.053702333,0.051116333,0.048073667,0.049098667,0.048436333
0.482693333,0.483666667,0.485016667,0.485826667,0.486569333,0.487629,0.488236333,0.489646,0.490139667,0.491202667,0.490872667,0.490921333,0.491363333,0.492207,0.491849333,0.491665333,0.491535667,0.490705667,0.490580667,0.490268667,0.489234667,0.488856667,0.488255333,0.486668667,0.485694667,0.484605667,0.481458,0.477099,0.470616333,0.464422,0.459342667,0.455606333,0.453856,0.452506333,0.451368333,0.450788667,0.450275333,0.449491333,0.449093,0.448756,0.448786333,0.449133333,0.449551,0.450156,0.450923667,0.451896333,0.452673333,0.452612333,0.453040333,0.453938333,0.454056,0.454546,0.454990333,0.454671333,0.454235333,0.453839333,0.452538,0.451470333,0.449728667,0.447359667,0.444714333,0.441246,0.438115667,0.433864667,0.428572667,0.422976,0.416416,0.409789333,0.403299667,0.397431,0.391557667,0.386126667,0.380249667,0.372894333,0.362372333,0.348131667,0.328011667,0.300244667,0.268416,0.237161667,0.208846333,0.185123667,0.168317,0.156192,0.147601333,0.141066667,0.136309,0.133185333,0.131358,0.130255,0.129864333,0.130246333,0.131473667,0.134455333,0.138678333,0.143967667,0.150098,0.156369,0.163527667,0.170670667,0.178288333,0.186075333,0.193799333,0.201364,0.208690667,0.216382,0.223624667,0.230964667,0.238025333,0.244869667,0.251411333,0.257831,0.263391333,0.268452667,0.273281,0.278009,0.282804,0.287239,0.291219333,0.295304667,0.298612667,0.302018333,0.30522,0.308473,0.31044,0.312921333,0.314783667,0.317568,0.319303333,0.321216333,0.322413667,0.323506333,0.324164,0.324564,0.325294333,0.324775,0.324407667,0.322878,0.322064,0.321036333,0.319933667,0.318367,0.316902333,0.314619,0.312816333,0.310244667,0.307259,0.304551,0.301092,0.297448667,0.293545667,0.289661667,0.285305,0.282018667,0.279021333,0.276324333,0.274254333,0.273456333,0.272641667,0.272584667,0.272614,0.273271667,0.27328,0.273466667,0.273318333,0.273079,0.271349,0.269331667,0.265353333,0.259092667,0.251145333,0.239330667,0.223705333,0.205029,0.180731333,0.152216,0.123219,0.096054333,0.072328333,0.054526333,0.042838333,0.037671333,0.034109333,0.031435,0.030632333,0.030399333,0.029928667,0.030414667,0.030847667,0.03163,0.032386333,0.033905333,0.035681667,0.037868,0.039883667,0.042340667,0.044857333,0.047777333,0.051450667,0.05447,0.058173,0.062046333,0.066399,0.070227,0.074600667,0.078860667,0.082852667,0.08733,0.091795333,0.096885667,0.100711333,0.105244,0.109866667,0.115152667,0.119936,0.124913,0.130022,0.135236,0.139758667,0.145476667,0.150157667,0.155436667,0.160010333,0.164744667,0.169416667,0.173125333,0.177385,0.181445333,0.183678,0.187108,0.189024667,0.191356,0.192944,0.195028333,0.195545,0.197814,0.198631,0.199904,0.201321,0.202883667,0.203885667,0.204830667,0.205733667,0.205786,0.204930333,0.204058667,0.204057333,0.202423,0.201006,0.197969333,0.194438667,0.191177,0.187656,0.183941667,0.18023,0.176699,0.173320667,0.169683,0.166235667,0.162359,0.159074,0.155362333,0.151551667,0.148549333,0.145008333,0.140975,0.137787,0.134327,0.129456,0.126343,0.122579667,0.119209,0.115866333,0.111995333,0.107748333,0.103591667,0.100208667,0.096713,0.092952667,0.089418333,0.086202333,0.082594333,0.079942667,0.077947333,0.073824333,0.069645667,0.066572667,0.063706667,0.060577667,0.058384,0.055661667,0.053002,0.05116,0.048364667,0.045777333,0.045261,0.044155333,0.042354667,0.040541667,0.040018,0.038491667
0.532637333,0.534104,0.535766333,0.537185333,0.538020333,0.538853333,0.539477,0.540023667,0.540194,0.541094,0.541287667,0.541451667,0.541681667,0.541833,0.542309,0.542436667,0.541866,0.541246667,0.540809667,0.540526,0.539864333,0.539592,0.538455667,0.537601,0.536672667,0.535232333,0.532932333,0.529437667,0.523758333,0.518047,0.513502333,0.509982,0.507824333,0.506994667,0.506401333,0.505999,0.505188333,0.504777,0.504273,0.504561333,0.504688667,0.504902,0.505346333,0.506325333,0.507140333,0.5076,0.50802,0.508318667,0.508789667,0.509737,0.509608,0.510159667,0.510199333,0.510247,0.509996,0.509245333,0.508081667,0.506721667,0.505217,0.503063,0.500596667,0.497680667,0.494722,0.490398333,0.485429,0.479843667,0.473976667,0.467744,0.461381667,0.454929333,0.448784333,0.443115333,0.436938667,0.429441333,0.418618333,0.403442333,0.382150667,0.353099667,0.318591333,0.283485333,0.251916333,0.225878,0.207080667,0.193333667,0.183801333,0.177327,0.172670667,0.170108667,0.168489667,0.167831,0.168070333,0.168772667,0.170746333,0.174323333,0.179597333,0.185913,0.193566333,0.201207333,0.209514333,0.217988667,0.226781667,0.235668,0.244349,0.252831333,0.261289333,0.269837333,0.277653,0.285509,0.292903333,0.299928667,0.306839,0.313344667,0.319372,0.325016,0.329842,0.334569,0.339512333,0.343623333,0.347912667,0.352043667,0.355718333,0.359155,0.362356333,0.365872333,0.368593333,0.370905667,0.372891667,0.375583333,0.377599333,0.379156333,0.380382333,0.381616667,0.382392,0.382440667,0.382792667,0.382436,0.381951,0.380343,0.378874667,0.377503333,0.376230667,0.374121333,0.372416,0.369807333,0.368242,0.365379,0.362409333,0.359595667,0.355889667,0.352184,0.347551667,0.343306333,0.339166667,0.335448333,0.331429333,0.328709667,0.326611,0.325226667,0.324340333,0.324762333,0.324554667,0.324916,0.324674333,0.324672,0.323776,0.323428333,0.321744333,0.318889,0.315038667,0.308787,0.299505667,0.286949333,0.269667667,0.250077667,0.224491667,0.191732667,0.158356,0.124936667,0.097445,0.075438667,0.061446,0.053374,0.048447333,0.045967333,0.044435667,0.043843333,0.044126333,0.044395667,0.045686333,0.047126,0.04898,0.051364333,0.052929333,0.056233,0.059224,0.062986333,0.066926,0.070976333,0.075229667,0.080228,0.085258333,0.090225,0.09575,0.100863667,0.106368333,0.111724,0.116786667,0.122609,0.12792,0.132984333,0.138281333,0.143396667,0.148991667,0.154789667,0.160200667,0.165516333,0.171468667,0.177063667,0.182395333,0.188066667,0.192810667,0.198460667,0.204311,0.209201333,0.213911333,0.21948,0.223888667,0.228224333,0.231310667,0.234547667,0.237264333,0.239980667,0.241618333,0.243456,0.245741333,0.246922333,0.248555333,0.249450667,0.251175,0.253195,0.254402,0.25482,0.255702667,0.256242667,0.255395333,0.255134333,0.254068667,0.25227,0.249357,0.246773333,0.243257667,0.239217,0.234468667,0.229443667,0.224758667,0.220396,0.215812667,0.211501667,0.207874333,0.204212667,0.199714333,0.194849667,0.190278667,0.185909667,0.183509333,0.179443,0.175196,0.170809,0.166825667,0.163025,0.158609333,0.154762333,0.149808,0.145276333,0.141879,0.137569667,0.132814667,0.128985,0.125279333,0.120666333,0.115393333,0.111271,0.108268667,0.104264,0.100018,0.097276333,0.093048333,0.087942667,0.083499,0.081322667,0.078381333,0.074884333,0.071561333,0.068918,0.067275667,0.063895,0.060545667,0.058214667,0.056823,0.055016,0.053651
0.548496667,0.549185667,0.549921,0.550670333,0.551083333,0.552052333,0.552968667,0.553992,0.554994333,0.555292,0.555379,0.556034667,0.556687,0.556611333,0.556345,0.556105667,0.556021,0.555028,0.554569667,0.554488,0.553408333,0.552548,0.551858667,0.550905667,0.549729667,0.547493,0.544413,0.539611,0.533338,0.526402,0.520213667,0.516431667,0.514284,0.513175,0.512361,0.512328,0.511177,0.510247667,0.509743333,0.509727,0.510014,0.510597,0.511258,0.51171,0.512688667,0.513389667,0.514165667,0.514829,0.515316667,0.515665333,0.516162,0.516593,0.516704667,0.516581667,0.516166333,0.515386333,0.514248333,0.512769,0.510851667,0.508528667,0.505215667,0.501767667,0.498411333,0.493791667,0.488340333,0.481778333,0.474927667,0.467845333,0.460759667,0.453956667,0.447784667,0.441095667,0.434506,0.426528667,0.414777667,0.398964333,0.377061,0.347616,0.313537333,0.280130667,0.250020333,0.225396333,0.207942667,0.195367333,0.186629667,0.180721,0.176659667,0.174065,0.172649,0.172158333,0.172138333,0.172909,0.174721333,0.177880333,0.182957667,0.188801,0.195615,0.202585,0.209978667,0.218005667,0.225925,0.233984,0.242120667,0.250073333,0.257678333,0.265136667,0.272767333,0.280352,0.287335667,0.294104333,0.300739667,0.306905333,0.312421,0.318075,0.323135667,0.32759,0.332186667,0.336521667,0.340559,0.344371333,0.348267333,0.352045667,0.355144333,0.358285667,0.360904333,0.363674667,0.366036333,0.368692667,0.370443,0.371925333,0.373200667,0.374334667,0.374601333,0.375019667,0.375244,0.374340333,0.373014333,0.371090333,0.369634667,0.367812333,0.365818,0.363874333,0.361890333,0.359842333,0.357507333,0.354702667,0.351555,0.348730667,0.345254667,0.341483667,0.337214333,0.333398667,0.329930333,0.325777333,0.322500333,0.319941333,0.317417667,0.316713667,0.315855333,0.315858667,0.31602,0.316189,0.316209,0.316629667,0.316305333,0.315593333,0.313814,0.311035667,0.307187667,0.300798,0.291807333,0.279017,0.262146,0.243298,0.218273,0.18797,0.156909667,0.127607333,0.104011333,0.084055,0.071955,0.0639,0.059588333,0.057743,0.056319667,0.055518667,0.055997667,0.056289,0.057123,0.058536667,0.060566667,0.062326,0.065038333,0.067414667,0.070733,0.073714667,0.077155,0.080859,0.084908,0.089209,0.092895667,0.097614667,0.102065,0.106595,0.111321667,0.115683667,0.120621333,0.124970333,0.128778,0.132974,0.137359667,0.141635667,0.145922667,0.150505,0.155666667,0.160221333,0.165062333,0.169691667,0.174485333,0.178920333,0.183757,0.187978,0.192323,0.196117333,0.200826667,0.204414,0.208037,0.211254667,0.213277667,0.216190333,0.217666333,0.219533333,0.220598333,0.221013667,0.222382333,0.223419333,0.224765333,0.226164,0.228490333,0.229437,0.230515667,0.230771,0.232416333,0.232693333,0.232354667,0.232624667,0.231654,0.229383667,0.226796667,0.223828667,0.220507333,0.216450667,0.212254333,0.20784,0.203376333,0.199547333,0.195650667,0.192031,0.188791,0.185322333,0.181911333,0.177909667,0.174596333,0.171321,0.168116,0.165966667,0.16272,0.158961,0.156113333,0.15117,0.147305,0.144782333,0.141163667,0.137164,0.133907333,0.130563,0.127326667,0.122943,0.118765667,0.116438333,0.113758,0.110164,0.104985667,0.101481667,0.099179,0.096522667,0.092803333,0.089090333,0.085320667,0.081571667,0.078433333,0.076596,0.073540333,0.070979,0.068412667,0.067518,0.064380333,0.063195333,0.060716,0.060800333,0.060034
0.554468,0.555543667,0.556943667,0.557869333,0.558720667,0.560117667,0.561018,0.562443667,0.562848333,0.563531,0.564013667,0.564212,0.564687333,0.565055333,0.564869333,0.564204,0.56391,0.563643667,0.563013,0.562745,0.562257667,0.561466333,0.559825667,0.558609333,0.557328333,0.555411333,0.552652333,0.547315333,0.540477667,0.532646,0.526439667,0.521974333,0.519587667,0.518374333,0.517115,0.516107667,0.514856,0.514331,0.513431667,0.513459667,0.513576333,0.513927,0.514806,0.515763333,0.517002,0.517930333,0.518656333,0.519324,0.519791,0.520731,0.521289667,0.521836333,0.521639667,0.521428667,0.521199667,0.520474333,0.519159667,0.517999667,0.515781667,0.513403667,0.510374,0.506588,0.502736,0.497794,0.491800667,0.485083667,0.477804667,0.47011,0.462142,0.454917,0.448072667,0.441416,0.434752,0.426278,0.414100667,0.396932333,0.373996333,0.34315,0.308041667,0.273488333,0.243146,0.218496333,0.200694,0.187719,0.178969333,0.172516,0.168101667,0.165413667,0.163843,0.163076,0.162465,0.163126,0.164987,0.167648,0.172085,0.177740667,0.184027,0.190783667,0.197954667,0.205814667,0.213676333,0.221642333,0.229713333,0.237741,0.245302,0.252953333,0.260408,0.267767667,0.274827,0.281841,0.288519667,0.295098667,0.300800333,0.306105667,0.311199333,0.316316667,0.321272333,0.325393,0.329387,0.333827,0.338022667,0.342209333,0.345729667,0.348947,0.351911333,0.354879667,0.35769,0.360341,0.362432,0.364574667,0.366328333,0.367012,0.367935667,0.368442333,0.368828333,0.368508,0.367551333,0.365704333,0.364208667,0.362290333,0.360212,0.358022333,0.356039667,0.354651333,0.352025,0.348874333,0.345611,0.342257667,0.338710667,0.334402667,0.330210333,0.325967667,0.321603333,0.317794333,0.314407333,0.311305667,0.309158667,0.308499667,0.307441667,0.307668,0.308199667,0.308322333,0.308261333,0.308510667,0.308431667,0.308127,0.306115333,0.303389667,0.299649333,0.293446,0.284070333,0.271096,0.254997333,0.236437333,0.212938333,0.184336667,0.154024333,0.125428333,0.101339,0.083049,0.070985333,0.064393,0.060048333,0.057730333,0.056295,0.055274667,0.055028667,0.055668,0.056502,0.057827,0.059964,0.061417667,0.063831,0.066041333,0.069060667,0.071774,0.075195667,0.078546667,0.081890667,0.085997,0.090224667,0.094187,0.098620333,0.102884333,0.10716,0.111513,0.115833333,0.120096,0.123995,0.128714,0.132947667,0.137238,0.141355,0.146288333,0.150474,0.155165333,0.160039,0.164878333,0.168985333,0.173997,0.178137,0.182842,0.187784333,0.192016,0.196084,0.201054667,0.204601667,0.208525333,0.211586,0.214119333,0.217047667,0.219305,0.220839667,0.222244667,0.223869333,0.226138333,0.227309667,0.229143667,0.230691667,0.232072667,0.233902667,0.234735,0.235463667,0.235845667,0.236214,0.235814333,0.234957667,0.233157667,0.230398,0.227589667,0.224124333,0.219252,0.214665333,0.210151,0.205689,0.201412667,0.196719333,0.193029,0.189912667,0.187109667,0.183607333,0.179653333,0.175612333,0.171864,0.168583333,0.164944667,0.162414333,0.159718333,0.156486333,0.151894667,0.147256667,0.143945333,0.141006,0.137636333,0.134313,0.130374667,0.126614,0.123509667,0.120607667,0.117090667,0.113697,0.110471667,0.106732,0.101469333,0.097357,0.095518667,0.092670667,0.088702333,0.085653333,0.083456667,0.080887333,0.078468333,0.075683667,0.073742333,0.070909667,0.068611,0.066251333,0.064998667,0.064203333,0.063241333,0.061218333
0.527515,0.528509,0.529655667,0.530500667,0.531395333,0.532434667,0.533576333,0.534426333,0.535241,0.536226667,0.536514333,0.536505667,0.537012,0.537078333,0.537818,0.537768667,0.537244333,0.536828,0.536531,0.535994333,0.535169333,0.535192333,0.534311,0.532937,0.531879667,0.530285667,0.527919,0.523149667,0.516937,0.510161333,0.504896667,0.500770667,0.498605333,0.496746,0.495178667,0.494525667,0.493947333,0.493348,0.492394333,0.492268667,0.492336333,0.492755,0.493438333,0.494208667,0.494997667,0.495822,0.496709,0.497210333,0.498016333,0.499034667,0.499281667,0.499626,0.499902667,0.499793667,0.499578333,0.499301333,0.498369333,0.497108333,0.495246333,0.49275,0.490056333,0.486864667,0.483259,0.478544,0.472965333,0.466457333,0.459889333,0.452648333,0.445212,0.438202667,0.431940667,0.426036333,0.419602667,0.411456667,0.399880667,0.384028667,0.361695333,0.331718667,0.295832667,0.259907667,0.227694667,0.200796,0.181506333,0.167236,0.157238667,0.150113667,0.144808667,0.141271,0.138742,0.137501667,0.137184,0.137726667,0.139081,0.141967667,0.146495333,0.152177333,0.158708,0.165607667,0.173327,0.181207667,0.189616667,0.198082333,0.206285,0.214586667,0.222581,0.230663667,0.238825333,0.246515333,0.253852333,0.261032,0.268027667,0.274978333,0.280784,0.286356667,0.291753333,0.296610667,0.301708,0.306842,0.311234333,0.315883333,0.319831667,0.323895333,0.327403333,0.331219667,0.334125667,0.337389,0.340260333,0.343017333,0.345416667,0.347067,0.348855333,0.350306667,0.351253333,0.351770667,0.352459333,0.352302333,0.351496333,0.349730333,0.347962333,0.346079667,0.344724333,0.343018333,0.341232,0.339025333,0.336771667,0.334285333,0.331117,0.328130333,0.324084,0.319950667,0.315389,0.311216,0.306656667,0.302753667,0.299116,0.296444667,0.294375,0.293631333,0.293088,0.293076333,0.293372,0.294164333,0.294305,0.294954,0.294833667,0.294184,0.292809333,0.290664,0.286929333,0.280469,0.271880667,0.259367333,0.242713667,0.223163333,0.198542667,0.167764333,0.135990667,0.105527,0.079761333,0.059045667,0.047319,0.040415333,0.038120667,0.034888667,0.033593667,0.032903667,0.032701333,0.033204,0.033852667,0.035170667,0.036228667,0.037655,0.039369,0.041423,0.043716667,0.046482667,0.049238333,0.052575667,0.056461,0.060146,0.064042667,0.067975333,0.072842,0.076872,0.081574667,0.086270333,0.090730333,0.095436,0.100154333,0.103929667,0.108773333,0.113582,0.117940667,0.123068,0.128268333,0.133012333,0.138347667,0.142694667,0.147798,0.153241667,0.157905667,0.163265,0.168126667,0.173039,0.176940667,0.182054667,0.187111333,0.190908,0.194678333,0.198606333,0.201616333,0.203985667,0.206154667,0.208270333,0.209976,0.21326,0.214458333,0.217132667,0.219315667,0.221093333,0.222527,0.224163667,0.224963,0.225434333,0.225853,0.225713333,0.224647,0.222877,0.220695667,0.217793333,0.213513667,0.20845,0.203354667,0.198448,0.193656,0.188522333,0.183762,0.179613333,0.175773333,0.171916333,0.168660667,0.164502667,0.160405667,0.156464,0.152741,0.150452667,0.147243333,0.142927667,0.138396,0.1351,0.131537333,0.127964667,0.124695667,0.120330667,0.116194333,0.112722667,0.109811667,0.106242,0.103059667,0.099434333,0.095700333,0.091405667,0.087692333,0.084391,0.081388333,0.077907,0.073962333,0.070644667,0.067396,0.064686333,0.062452667,0.059476667,0.056921333,0.054719333,0.053436667,0.051503333,0.048860333,0.047851333,0.046286,0.046580333,0.046725
0.550448,0.552060667,0.55392,0.555293667,0.557119,0.558287,0.558614333,0.559453667,0.560530667,0.561388,0.561618667,0.561773333,0.562234,0.562706667,0.562578333,0.562374667,0.562648667,0.561799,0.560822,0.560299333,0.560034333,0.559613667,0.558338333,0.557262333,0.55641,0.554411,0.551248333,0.546416,0.539685,0.532298667,0.526285667,0.522540333,0.520328667,0.518636333,0.517417667,0.517275667,0.516343,0.515922667,0.515345,0.515116667,0.514982667,0.516022667,0.517106333,0.517542667,0.51845,0.519413333,0.520205667,0.520798667,0.521744,0.522446667,0.522861667,0.523367667,0.523117667,0.522960667,0.522447,0.521877333,0.520603333,0.519276333,0.517358667,0.514933,0.511753,0.50799,0.504187667,0.499030667,0.492858333,0.486373667,0.479107667,0.471384333,0.463898667,0.456866,0.450048667,0.443455667,0.436146667,0.426869,0.414417,0.397242333,0.373552333,0.341786667,0.306107667,0.271303667,0.240719667,0.216138667,0.198691,0.186171333,0.177669,0.171808,0.167387,0.164797333,0.163267667,0.162627,0.162601667,0.1632,0.16484,0.167987,0.172631333,0.178137,0.184799333,0.191721333,0.199336,0.207019667,0.215111667,0.223150333,0.231406,0.239753,0.247553,0.255482333,0.263481667,0.271201333,0.278795667,0.285978,0.293163,0.299794667,0.305923667,0.311526,0.31694,0.322026667,0.327156,0.331726,0.336037667,0.340530667,0.344777333,0.348575,0.352171,0.355701667,0.358655333,0.361850667,0.364172667,0.366563667,0.368461667,0.370435,0.372149,0.373314333,0.374094333,0.374803,0.375231667,0.374414667,0.373651,0.372125333,0.370438667,0.369131667,0.367228333,0.364959,0.363243667,0.360942667,0.358961,0.356073667,0.352513333,0.349357667,0.345297667,0.341101333,0.336453667,0.331707333,0.327148333,0.323482333,0.319851667,0.316722667,0.314550667,0.313275333,0.312395333,0.311892,0.312046667,0.312793333,0.312496333,0.312855333,0.312272667,0.311397667,0.309999,0.307082667,0.302621333,0.295723333,0.286227,0.273105667,0.255824667,0.236781333,0.210679333,0.180001333,0.151034667,0.123548333,0.100796,0.084617667,0.073105,0.066821,0.06244,0.059986,0.058441,0.058371,0.05852,0.058615667,0.059313,0.060833333,0.062351667,0.064508,0.066727667,0.068793333,0.071558,0.074079667,0.077379333,0.080428333,0.083623667,0.087684667,0.091094,0.095251667,0.098967667,0.103441333,0.107683667,0.111569333,0.116045,0.120528,0.12426,0.128872,0.132972333,0.136703667,0.141524667,0.146178333,0.150788333,0.155466333,0.159870333,0.164653667,0.169194667,0.174022,0.178305333,0.183356333,0.187584667,0.192343333,0.196362,0.200783,0.204299667,0.207837333,0.211124333,0.214147333,0.216321667,0.218876,0.220370667,0.221389333,0.223197,0.223976333,0.225455,0.226873333,0.228216667,0.229736333,0.230383667,0.231297667,0.231402667,0.231017,0.231526667,0.231114667,0.229571333,0.227688,0.22624,0.223590667,0.220721667,0.216545667,0.212500333,0.208414667,0.204334333,0.200182667,0.19639,0.192290667,0.188564667,0.186132333,0.182191667,0.177623667,0.173636333,0.170741,0.167901667,0.164786,0.160554,0.156881,0.153326333,0.149008333,0.146243,0.143220333,0.139553333,0.135663667,0.131615667,0.128176333,0.124841333,0.121798333,0.118502333,0.114802333,0.112842333,0.10964,0.105648667,0.101392333,0.097913333,0.094962333,0.092052,0.089413333,0.086821667,0.083820667,0.080511333,0.077589333,0.075253333,0.072592667,0.070771667,0.069936667,0.068826,0.065517667,0.062283667,0.062127333,0.062505333
0.521429667,0.522758,0.52449,0.525407667,0.526947,0.528043667,0.528615333,0.529805,0.530487333,0.531550333,0.531725333,0.531805333,0.532061667,0.532317333,0.532749667,0.532138,0.531840667,0.531654667,0.531343333,0.530588,0.530102333,0.529629,0.528458,0.527601667,0.526773,0.524827667,0.521802333,0.516678333,0.510237333,0.503236,0.497635,0.493475333,0.491103667,0.489601667,0.488996667,0.488478667,0.487393333,0.486961667,0.486384667,0.486218667,0.486419,0.486844667,0.487835,0.488715667,0.489315333,0.490503333,0.491630667,0.492194,0.492353333,0.493147667,0.493459667,0.494113333,0.494058,0.494010333,0.493757667,0.493441667,0.492436667,0.491034667,0.488950333,0.486769333,0.484052,0.480322,0.476435333,0.471525667,0.466192667,0.459891667,0.452720667,0.445353667,0.437707333,0.43055,0.423655667,0.417088333,0.410035333,0.401298667,0.389493,0.372820333,0.350080333,0.319957,0.284687,0.249557333,0.218431667,0.193152,0.174907,0.162071,0.153083333,0.147047,0.142757667,0.140307333,0.138809,0.138458,0.138491,0.139205667,0.141117333,0.144407333,0.149178333,0.155023333,0.161779667,0.168908667,0.176695,0.184384333,0.192730667,0.200813667,0.208771667,0.216974667,0.224567333,0.232442667,0.239973333,0.247017,0.253737667,0.260628667,0.267209,0.273601333,0.278957333,0.283891333,0.288996667,0.293597,0.298527333,0.302852667,0.30722,0.311622333,0.315553,0.319461333,0.322761333,0.326606,0.329655333,0.332890667,0.335499,0.338061667,0.3401,0.342445667,0.344136,0.345473333,0.346186333,0.346584333,0.347009333,0.346895667,0.345925333,0.343395,0.34196,0.339834667,0.338156667,0.336323,0.334692667,0.332567667,0.330498667,0.327650333,0.324006667,0.32078,0.316825333,0.31243,0.308223333,0.304006333,0.299848667,0.296112,0.292608333,0.289640333,0.287479333,0.286307,0.285503,0.285403667,0.285748,0.286724667,0.286417667,0.286596,0.286312,0.286082333,0.284392667,0.281666667,0.277848,0.271782667,0.263133333,0.251142,0.234542667,0.216335333,0.192827333,0.162590333,0.132144667,0.103505667,0.078803,0.060711,0.049184,0.042606,0.039667333,0.037740333,0.036932333,0.036477,0.036270333,0.036925,0.037823,0.038637667,0.040376333,0.04207,0.044005333,0.046071333,0.049156333,0.051714,0.055240333,0.058645333,0.062557667,0.066277667,0.070559,0.074881,0.079222667,0.084100667,0.088480333,0.093094667,0.097526,0.101723333,0.105851667,0.110383667,0.114298667,0.118613333,0.123045667,0.126972667,0.130579,0.135526,0.139790333,0.144138333,0.148775667,0.152796667,0.157322,0.160911333,0.166167333,0.170393667,0.174846,0.178813667,0.183249667,0.187416667,0.190378333,0.194064667,0.196433667,0.199089,0.201520667,0.203421333,0.206474,0.207512333,0.209151333,0.211649667,0.213592667,0.214876667,0.216184333,0.217788333,0.218659,0.219455667,0.218941667,0.218512667,0.217447333,0.215613,0.213066333,0.209405,0.206119333,0.201153667,0.195895333,0.190357333,0.186046667,0.181149,0.176310667,0.171966,0.168582,0.165383667,0.162454,0.158735,0.154370667,0.150745,0.148308667,0.145216333,0.141371333,0.138625,0.135183333,0.131843333,0.128226333,0.124952667,0.121492667,0.117471333,0.114127,0.110665,0.107258333,0.103708667,0.100633333,0.097678667,0.094225,0.089574,0.086251333,0.083295667,0.079579333,0.075568667,0.072544,0.069598,0.067127333,0.063639,0.060068333,0.057919,0.056617,0.055184667,0.052295667,0.049606333,0.047983667,0.046439,0.047632667,0.047377,0.044628333
0.538696,0.539919667,0.541429667,0.542447333,0.543428,0.544611,0.545644333,0.546959667,0.547926333,0.548402,0.548374,0.548710333,0.548484333,0.548976,0.549277,0.548647333,0.548671667,0.547805667,0.547204333,0.546564333,0.546446,0.545702333,0.544210667,0.542737,0.541867667,0.539986333,0.536927333,0.532063,0.525582667,0.518634333,0.513019333,0.508718667,0.506641667,0.505266,0.504877667,0.504318,0.503118333,0.50244,0.502131333,0.502325667,0.502375333,0.503002333,0.503694,0.504020333,0.504667667,0.505565,0.506079,0.506421333,0.507182667,0.507808667,0.508051,0.508119,0.508365333,0.508285333,0.507497667,0.507202333,0.506254333,0.504783,0.502864,0.500738667,0.497392333,0.493661,0.489996667,0.485245333,0.479823667,0.473241667,0.465948333,0.458942667,0.451766,0.445092333,0.438574333,0.432496,0.425563333,0.417148667,0.405681333,0.389505667,0.367211,0.337321333,0.303078,0.269327667,0.240018667,0.215965,0.198926,0.186648333,0.178334667,0.172373333,0.168100667,0.165705667,0.164096,0.163479333,0.163302333,0.16379,0.165578667,0.168397,0.173022,0.178527,0.184849333,0.191431,0.198881333,0.206425,0.214536667,0.22254,0.230407667,0.238298,0.245887333,0.253651667,0.261515,0.268716667,0.275739667,0.282750333,0.289571333,0.296028,0.302022,0.307471333,0.31206,0.317177,0.322242,0.326726333,0.330847667,0.334624,0.338572333,0.341858667,0.345212,0.348745333,0.351326667,0.354205,0.356334667,0.358427333,0.360181333,0.362253667,0.363970667,0.365191333,0.365557333,0.366263,0.366246,0.365937667,0.365533333,0.364611,0.363317333,0.361574667,0.359939,0.357788667,0.356622333,0.354358667,0.351907,0.349349333,0.345828,0.342794333,0.339727,0.335167333,0.330477667,0.326253333,0.322069667,0.317976333,0.313704,0.310997,0.308890333,0.307842333,0.307118,0.306893,0.306917,0.307276,0.307231667,0.306598667,0.306020667,0.305227333,0.303023,0.300264667,0.295929333,0.290337333,0.280908,0.268727667,0.253727,0.237417333,0.214893333,0.184928667,0.154827,0.127524333,0.103545,0.086254333,0.074102667,0.068205333,0.063344667,0.061376333,0.060292333,0.059606,0.059954,0.060086667,0.061116333,0.062660667,0.064156,0.066434333,0.068636,0.071155,0.073592333,0.076962667,0.080263,0.083804,0.087065333,0.091114,0.095497667,0.099194333,0.103625333,0.107942667,0.112480333,0.116961667,0.121667667,0.125748667,0.129985333,0.135045,0.139135333,0.144006667,0.148450333,0.153381,0.158027,0.163280333,0.168631333,0.173394,0.177700333,0.183256333,0.187200333,0.192401333,0.196986,0.201967667,0.206810667,0.211091,0.215213333,0.218786,0.221829333,0.224421,0.227015667,0.229348333,0.230625,0.231903,0.233556,0.234423,0.236210667,0.237089667,0.238102333,0.239209,0.240963,0.241921333,0.241123,0.241273333,0.241165333,0.241016333,0.239627,0.237094,0.234913667,0.23277,0.228996333,0.225502333,0.221608333,0.217209,0.213548,0.209883667,0.205850333,0.202084667,0.198071,0.194241667,0.191078,0.186998667,0.182492667,0.179357667,0.176036667,0.172252333,0.16883,0.164278333,0.159985,0.156654,0.152737667,0.148616667,0.145324333,0.142107333,0.138824333,0.134817,0.129972333,0.125168,0.121652333,0.118972,0.115328,0.111546,0.107605333,0.104165,0.101516333,0.097508,0.093213667,0.090294667,0.087779333,0.084509667,0.081476667,0.078292,0.075566667,0.073293667,0.070837333,0.068966333,0.067967667,0.066629667,0.064207667,0.063138667,0.061176667
0.512675333,0.513996,0.515453667,0.516864,0.517562,0.518766,0.519601667,0.520478667,0.521294667,0.522236,0.522506667,0.52277,0.523205,0.523628333,0.523847,0.523832333,0.523681,0.522889667,0.522513667,0.521968667,0.521431667,0.520736667,0.519885333,0.519023,0.518001,0.516263,0.513693333,0.508615667,0.502462,0.495747333,0.490273,0.486297333,0.484035333,0.482670333,0.481754,0.481143,0.480240667,0.479831333,0.479121,0.478980333,0.479204333,0.479860667,0.480676667,0.481569667,0.482692667,0.483741333,0.484686333,0.485305667,0.485963333,0.486732667,0.486964667,0.48755,0.487759667,0.487639,0.487149,0.486587,0.485598,0.484204,0.482424333,0.480348,0.477408,0.473913333,0.470366667,0.465750333,0.460141333,0.453535333,0.446488333,0.439165667,0.431907333,0.424970667,0.418236,0.411637333,0.404565,0.395857,0.383853667,0.36755,0.344740667,0.314378,0.279452,0.245028667,0.214324333,0.189226667,0.171326667,0.158480333,0.149635,0.143421333,0.139210333,0.136593333,0.135185333,0.134605667,0.134763333,0.135622333,0.137345667,0.140559333,0.145303,0.151076,0.157692667,0.164797333,0.172384333,0.180202667,0.188334333,0.196399,0.204336333,0.212280333,0.220129333,0.227743,0.235285,0.242453,0.249423,0.256103333,0.262847,0.26909,0.274564667,0.279707333,0.284548667,0.289290333,0.294198333,0.298874333,0.303162,0.307488667,0.311272333,0.315113667,0.318755,0.32244,0.325476333,0.32853,0.331348667,0.334090333,0.336287,0.338113333,0.339874333,0.341187667,0.342206333,0.342762,0.342827333,0.342375667,0.341326,0.339440667,0.337482667,0.335490667,0.333791667,0.331907667,0.330273333,0.328116333,0.326191333,0.323285,0.319774333,0.316611,0.312901,0.308584,0.304128333,0.299984,0.295985333,0.292357,0.288653667,0.285892,0.28402,0.282872,0.282338667,0.282286667,0.282638,0.283261,0.283697667,0.284197333,0.283781667,0.283030333,0.281743333,0.279239,0.275197,0.269128333,0.260397667,0.247387,0.230864,0.211688,0.185741667,0.155127,0.124976,0.096984333,0.073655,0.055926,0.044488333,0.037859333,0.034742333,0.032328333,0.031280667,0.030954,0.031224333,0.031527667,0.032182667,0.033468667,0.034826667,0.036551,0.038146333,0.040686667,0.043084,0.045875,0.048835667,0.052411333,0.056034,0.059663667,0.063733,0.068021,0.072117,0.076575333,0.080868,0.085270333,0.089433333,0.093515667,0.097512333,0.101217,0.105231333,0.109219,0.112996667,0.117413,0.121215667,0.125858667,0.129952333,0.134167667,0.138026667,0.142223667,0.146220667,0.150797,0.154707,0.159085667,0.163242,0.167063667,0.171216333,0.174538667,0.177752,0.180486667,0.182951333,0.185391667,0.187226667,0.189087,0.190872333,0.192734667,0.194575333,0.196695667,0.198463,0.200308333,0.201611,0.202825333,0.203712333,0.204785333,0.204578667,0.204415333,0.202956333,0.201588,0.198866333,0.195928333,0.192264,0.187699333,0.182874667,0.177885333,0.173107667,0.168670667,0.164448333,0.160629333,0.157449,0.154375333,0.151203333,0.147355333,0.143327,0.139980667,0.137377,0.134409333,0.131637667,0.128348667,0.125312333,0.121645,0.118358,0.115282333,0.111998,0.108731,0.105472333,0.102288667,0.099093667,0.096029333,0.092759667,0.089515333,0.085635667,0.082078333,0.079160667,0.076085,0.072146667,0.068438,0.065175,0.062293,0.059483,0.05682,0.054139,0.051732667,0.049388667,0.047089667,0.044916333,0.043403,0.042020667,0.040787667,0.040336,0.038518667,0.037277333
0.563602,0.564671667,0.565773667,0.566737333,0.568025,0.569307667,0.570376,0.571957333,0.573071667,0.574126333,0.574381667,0.574793667,0.574758333,0.575435,0.575666,0.574998333,0.57502,0.573831333,0.573040333,0.572609667,0.571512333,0.571139,0.570208333,0.568517667,0.567029,0.564824,0.561447333,0.555635333,0.547432333,0.538288667,0.530816333,0.525905333,0.522773333,0.520723333,0.519688667,0.519236,0.517629667,0.516668667,0.515778,0.515379667,0.515358,0.516277667,0.517338,0.518288667,0.519464,0.520543333,0.521564,0.522272,0.523126333,0.523968,0.524485333,0.525112667,0.525460667,0.525410667,0.524912667,0.524176,0.522567667,0.521047,0.518992,0.516159,0.512912667,0.508446333,0.504014,0.498137333,0.491256667,0.483772,0.475363,0.466564333,0.458233333,0.450056333,0.441961667,0.434656333,0.426703333,0.417333333,0.404544,0.386780333,0.362053667,0.329511667,0.292588,0.256379667,0.224212,0.198486,0.179955667,0.166651333,0.157712333,0.151242667,0.146696667,0.143651,0.14177,0.140956333,0.140721667,0.141327333,0.142806667,0.145554,0.149646,0.154890667,0.161254667,0.167865667,0.175213333,0.18265,0.190388667,0.198311,0.206434667,0.214502,0.222078,0.230147333,0.237917,0.245694333,0.252906,0.259821,0.266935667,0.273333333,0.279689667,0.285034333,0.290373667,0.295695,0.300904667,0.305611667,0.310139333,0.315186333,0.319687333,0.323938333,0.328034667,0.331773667,0.334883333,0.338326333,0.341299,0.344179333,0.346840333,0.349227333,0.350856333,0.352431333,0.353585,0.354095333,0.354786667,0.354213,0.353144333,0.351027,0.349274333,0.346927,0.345324667,0.343253333,0.341343333,0.339140333,0.336940667,0.334165,0.330545333,0.327164,0.322773333,0.318435333,0.313928667,0.309407667,0.304468,0.300427,0.296854667,0.293910333,0.291305333,0.290408333,0.289562667,0.289924,0.290441667,0.291052333,0.291319667,0.291772333,0.291224333,0.290533667,0.288988667,0.286679,0.282763667,0.276390333,0.267412333,0.254785333,0.238403667,0.219844667,0.195987667,0.166999,0.136448,0.109306,0.087828,0.070957333,0.059603333,0.055034333,0.050589667,0.048937667,0.047699667,0.04745,0.047058667,0.047564333,0.048336333,0.049734333,0.050502333,0.052326333,0.054198667,0.056596667,0.059023333,0.061383667,0.064016333,0.066972333,0.070020333,0.073587333,0.076769,0.080560333,0.084080667,0.088362,0.091891333,0.096056,0.099796,0.103524667,0.107687,0.111203667,0.114884667,0.118806,0.122511667,0.126359,0.131146,0.134829667,0.13899,0.142773333,0.147163667,0.151024667,0.155705,0.159852,0.164561333,0.168483667,0.172902333,0.177012333,0.18027,0.183920667,0.186836667,0.190039333,0.192542667,0.194493,0.196886,0.198106667,0.200402,0.201451,0.203011333,0.205166,0.206657667,0.208060667,0.21004,0.211159333,0.212084,0.212274333,0.211730667,0.211543,0.211053,0.208760333,0.207141667,0.203636667,0.199709667,0.195380667,0.190810667,0.185669667,0.181270333,0.176927667,0.172611333,0.168382667,0.164956333,0.162201,0.158805333,0.155187667,0.150975,0.147356667,0.144539333,0.141634,0.138989,0.135962,0.131739333,0.128808667,0.125911,0.122208667,0.118507333,0.115591333,0.112673,0.109687333,0.105813,0.102287333,0.099663333,0.097037667,0.093358667,0.090810333,0.087406,0.08305,0.080922667,0.079244,0.076267333,0.072845333,0.070577,0.067468333,0.064733,0.062439667,0.060802667,0.058247667,0.056429667,0.054407333,0.053659333,0.054045,0.052892333,0.050504,0.04733
0.563457,0.565126667,0.566944,0.568792667,0.569464333,0.570823667,0.571645333,0.572801667,0.573917,0.574740333,0.575033333,0.574885667,0.575498,0.575885667,0.576004333,0.575651667,0.575040667,0.574412333,0.573578667,0.572971667,0.57221,0.571339667,0.570105333,0.568495333,0.566913,0.564693667,0.561369333,0.555164667,0.547359,0.539451333,0.53302,0.528845,0.526541667,0.525800333,0.525167667,0.524292667,0.523316333,0.522862,0.522615667,0.522427333,0.522810333,0.523301333,0.524048,0.525156,0.526078,0.527495333,0.527878,0.528566,0.529098333,0.529742,0.530215667,0.530523333,0.530467,0.529938667,0.529527,0.528969667,0.527672667,0.525968333,0.523752667,0.521322333,0.517692,0.513847,0.509645333,0.504333667,0.498179667,0.491287667,0.484222,0.476297,0.468638,0.461054,0.454129667,0.447547333,0.440332667,0.431304,0.418864,0.402332667,0.379244333,0.348856333,0.314262333,0.280566667,0.250847667,0.226699667,0.209733,0.197653333,0.189666333,0.184127667,0.180747333,0.178703333,0.177624333,0.177388333,0.177512333,0.178539667,0.180376667,0.183956,0.188842667,0.194963,0.201739,0.208686333,0.216274667,0.224092333,0.232317333,0.24004,0.248247,0.256256667,0.264013667,0.271526,0.279216667,0.286387,0.293385667,0.300266,0.307200333,0.313540667,0.318955,0.324311333,0.329094,0.333787333,0.338568667,0.343161,0.34696,0.351047,0.354710333,0.358128,0.36156,0.364739,0.367325333,0.369874,0.371824667,0.373977333,0.376311,0.377627667,0.379083667,0.379968333,0.380459667,0.380590333,0.380458667,0.379644667,0.378235,0.376289,0.374307,0.372780333,0.370515333,0.368393333,0.36608,0.363917667,0.361413667,0.358600667,0.355111333,0.351965667,0.348706,0.344996667,0.340731667,0.336595333,0.332359667,0.328467,0.325214333,0.322378667,0.320515667,0.319249667,0.318129667,0.317577667,0.318029,0.317857667,0.317684333,0.317714333,0.317296,0.315787,0.314231333,0.311268,0.30662,0.300535667,0.291712,0.279053667,0.262939,0.244785333,0.220881333,0.1912,0.160784667,0.131860333,0.107878,0.090055,0.077831333,0.070926333,0.067877333,0.064719333,0.063877,0.063332,0.063407,0.063869,0.065116667,0.066615667,0.068116333,0.070347333,0.072823667,0.075472667,0.078395,0.081416667,0.085114667,0.088684667,0.092321667,0.096623,0.101247667,0.105684333,0.110255667,0.115112667,0.119822333,0.124345333,0.128982333,0.133387667,0.137761,0.142174333,0.146456667,0.150767,0.155538,0.160402667,0.165406333,0.170472,0.175570333,0.180311667,0.185182,0.189850333,0.194555667,0.199118667,0.203392,0.207789667,0.212042333,0.216346667,0.219733667,0.222172,0.224650667,0.226861667,0.228734667,0.229996333,0.231286333,0.232157667,0.232685333,0.233653333,0.235044667,0.236386,0.238338333,0.238895,0.239996,0.240863,0.241265667,0.24168,0.241590333,0.241353667,0.240064,0.238021,0.235521333,0.232728667,0.228846333,0.224474667,0.22071,0.216360667,0.212163,0.208475333,0.204328333,0.200777,0.197431333,0.194001333,0.190208667,0.186646333,0.183078667,0.180204333,0.177601667,0.174217667,0.171024,0.167464667,0.163298333,0.159378667,0.156335333,0.153221,0.149682667,0.145990333,0.142394667,0.139130667,0.135773,0.132364333,0.128408,0.124795,0.121637667,0.118510333,0.114651,0.110621,0.107040333,0.103951333,0.101268667,0.097988333,0.094115333,0.090871,0.088107667,0.085746667,0.083108333,0.080475,0.078078667,0.076972,0.075258667,0.072527,0.069840333,0.069635667,0.06882
0.504841,0.505753333,0.507023333,0.507660667,0.508567333,0.509705,0.51074,0.511741667,0.512760333,0.51384,0.513534667,0.513599333,0.513976,0.514275333,0.514736333,0.514512,0.514332333,0.514175667,0.513766667,0.512954333,0.512497,0.511918333,0.510952333,0.510238667,0.509392667,0.50761,0.505295333,0.500787667,0.494999333,0.488542333,0.483131667,0.479069667,0.476490333,0.474652,0.473700667,0.473001333,0.472075333,0.471260333,0.470556667,0.470339333,0.470362333,0.471042667,0.471621333,0.472374667,0.473177,0.474485667,0.475158667,0.475372,0.476040667,0.477159333,0.477506333,0.478053667,0.478324,0.478420333,0.477865333,0.477465667,0.476484667,0.475402,0.473786,0.471588667,0.468934333,0.465426333,0.462137,0.457928667,0.452737667,0.446673,0.439949667,0.432895667,0.425725667,0.419334,0.412708333,0.406818,0.400616333,0.392672667,0.381788,0.366683333,0.345674,0.317349667,0.283769667,0.249849667,0.219093667,0.193863,0.1754,0.161679667,0.152003333,0.145025333,0.139980333,0.136617333,0.134430333,0.13326,0.132954333,0.133433333,0.134881667,0.137385,0.141711,0.147124,0.153326,0.159902667,0.167044,0.174634667,0.182440667,0.190140333,0.198018667,0.205689333,0.213270333,0.220882,0.228050333,0.235393,0.242198,0.248598667,0.255093667,0.261365667,0.266817667,0.271866667,0.276652333,0.281096667,0.285961,0.290397333,0.294689667,0.298819333,0.302781333,0.306529333,0.310161333,0.313711,0.31657,0.319868333,0.322611667,0.325272333,0.327263667,0.329217,0.330740667,0.332294667,0.333284,0.33405,0.334735667,0.333794333,0.333248,0.331449333,0.329744,0.327680667,0.326035333,0.324307667,0.322384333,0.320557667,0.318988333,0.316129333,0.312999333,0.310088,0.306775667,0.302380333,0.298403333,0.294646,0.290411667,0.28697,0.283183667,0.280553333,0.278856667,0.278297,0.277627667,0.278244667,0.278369333,0.279252,0.279222667,0.279698667,0.279885333,0.279271333,0.278063,0.276240667,0.272527667,0.266531,0.25903,0.247643,0.232254333,0.214016,0.190171,0.161955667,0.132805,0.103731667,0.077336,0.059292667,0.046235,0.039464,0.035623,0.033976,0.032933,0.032122667,0.032122,0.032006667,0.033278,0.034301333,0.034979333,0.036870667,0.038729333,0.041315333,0.043492,0.046136,0.049093333,0.052381667,0.056144,0.059803667,0.064038,0.067915,0.072454,0.076774,0.081127667,0.085420333,0.089535,0.093701333,0.098442333,0.102092333,0.106115667,0.110243,0.114829,0.119246333,0.123278333,0.127644333,0.132306,0.136700667,0.141079,0.145620333,0.150010667,0.154163,0.158915667,0.163415667,0.167568,0.172089333,0.176329667,0.180511667,0.183076333,0.186865667,0.189681,0.192445333,0.194259667,0.196642667,0.198939333,0.200925,0.202329333,0.205067,0.206636667,0.208896333,0.210400667,0.211721667,0.212829,0.213516333,0.214183,0.213259667,0.212804,0.211302667,0.208172,0.205045,0.20159,0.196687333,0.190916667,0.185876667,0.181603333,0.176317333,0.171362,0.167165667,0.163697333,0.160597333,0.157586333,0.153591333,0.149286,0.146604,0.143165667,0.140364667,0.137451333,0.134028667,0.130741333,0.126874,0.123672,0.12044,0.116349667,0.113302333,0.110419,0.107467667,0.104072,0.100646333,0.096901333,0.093612,0.090135,0.086593667,0.08261,0.078170333,0.074436,0.071926333,0.069576333,0.066735,0.062099333,0.059315,0.056734333,0.055003333,0.051481333,0.048845,0.046698,0.04687,0.045731667,0.045012333,0.043732333,0.041611,0.038704333
0.526007,0.527288667,0.528818,0.529910667,0.531081,0.531799333,0.533052,0.533839333,0.534294333,0.535890333,0.536002667,0.536180667,0.536355667,0.536787333,0.537005,0.536781,0.536255,0.535765667,0.535584,0.535143333,0.534586667,0.534177333,0.533488333,0.532669667,0.531346667,0.529221667,0.526797667,0.522013667,0.515573667,0.508381333,0.503097,0.498524667,0.496661333,0.495283667,0.494065333,0.493622,0.492938667,0.4924,0.491306333,0.491200333,0.491322667,0.491926333,0.493057333,0.493897333,0.494759667,0.495551667,0.496723667,0.497600333,0.498007667,0.498935333,0.499328,0.499830333,0.500252333,0.500253333,0.499543333,0.498957,0.497939667,0.496609667,0.494901,0.492845667,0.489703333,0.486318,0.482965333,0.477826667,0.472025333,0.465602667,0.458499333,0.450883667,0.443311333,0.436497667,0.429645,0.423272333,0.416097667,0.407617333,0.395629667,0.37916,0.356303667,0.325698333,0.29004,0.255250667,0.224162667,0.198291,0.179786,0.166589667,0.157386,0.150910333,0.146113667,0.143216,0.141659333,0.140974,0.140902,0.141479667,0.143184333,0.146243,0.150777,0.156425,0.163024667,0.170042333,0.177611333,0.185584333,0.193585333,0.201667333,0.209752667,0.217758667,0.225608,0.233436333,0.240958333,0.248161,0.255095667,0.261951,0.269080667,0.275184333,0.280874,0.286121667,0.291123,0.295786333,0.300720667,0.305285667,0.309569,0.314179333,0.318244667,0.322037333,0.325860667,0.329500333,0.332431333,0.335473667,0.338669,0.341639333,0.344129,0.345773667,0.347045333,0.34838,0.349699667,0.350240667,0.351116,0.350405333,0.349585,0.347748333,0.346253667,0.344362333,0.342892333,0.340872,0.338797333,0.336785333,0.334571667,0.332059,0.328251667,0.325147667,0.321274,0.317444333,0.313083667,0.308869,0.304309,0.300339,0.296162,0.293536,0.291474667,0.290549,0.289826667,0.290066333,0.290317667,0.291461667,0.291551667,0.292038333,0.291667667,0.291030333,0.289622,0.287686333,0.283756,0.277629667,0.268574333,0.256101333,0.239656667,0.220760333,0.196174333,0.164907333,0.134908667,0.105755667,0.082292667,0.062744333,0.051437333,0.043429,0.040908667,0.038305,0.037104333,0.036877333,0.036819667,0.03729,0.037762333,0.039043333,0.040392667,0.042224,0.044283667,0.046479333,0.04897,0.051856333,0.055003,0.058477333,0.061814667,0.065749667,0.069829,0.074279667,0.078696,0.083102,0.08741,0.091755333,0.095892667,0.100058333,0.104426667,0.108677,0.112619,0.116552333,0.120919667,0.124896,0.129765667,0.133597667,0.137898667,0.142068,0.146440667,0.150756333,0.154715333,0.159171333,0.163392,0.167941333,0.17242,0.176459667,0.180433667,0.184673333,0.187645,0.191293,0.194662667,0.196777333,0.198979667,0.201193333,0.203362667,0.205323,0.207107333,0.209026,0.210487,0.213316667,0.214083667,0.215646,0.216664,0.217102667,0.216509333,0.216085333,0.215619333,0.213619667,0.211234667,0.208218667,0.204403667,0.199640667,0.194452667,0.189787333,0.185357333,0.180074,0.175144333,0.170994667,0.167785667,0.164954667,0.162084,0.158183,0.153116,0.149629333,0.147490333,0.144708333,0.140848667,0.138164667,0.135344333,0.131468,0.127616,0.124240667,0.120520667,0.117646,0.114765333,0.111374333,0.108378667,0.105080333,0.100616,0.097108667,0.094813,0.090602333,0.086093667,0.083004333,0.080287333,0.076571333,0.072040333,0.068992333,0.067078,0.064888667,0.061651667,0.059587333,0.057011,0.055574,0.052277,0.049357667,0.046777333,0.044998667,0.045349333,0.044727333,0.045321667
0.550777333,0.552201333,0.553870667,0.555133,0.556273,0.556447333,0.557759667,0.558909667,0.559585,0.560565667,0.560513667,0.560847,0.561331,0.561412667,0.562063,0.561436333,0.561242,0.561079,0.560377667,0.559876667,0.559061,0.558469,0.557813,0.557170667,0.556297667,0.554239667,0.551258667,0.546322,0.540447,0.53334,0.527267667,0.523367,0.520927,0.518708667,0.517448667,0.517306,0.516159,0.514949,0.514372333,0.514566667,0.514369667,0.515064333,0.516126333,0.516662,0.517778667,0.519073667,0.519987,0.520623,0.521041,0.521844333,0.522316667,0.523086667,0.523389,0.523093667,0.522758333,0.522449667,0.521404667,0.520026,0.518406333,0.516092,0.512918,0.509551,0.506176,0.501182667,0.495581333,0.488679667,0.481714667,0.474383333,0.467222,0.459692333,0.452362,0.445635333,0.43847,0.430163667,0.418580333,0.402184333,0.379354333,0.348640667,0.31289,0.276637333,0.244125,0.217492667,0.198077333,0.184078,0.174033333,0.166845667,0.161817,0.158738,0.156673,0.155787,0.155612667,0.156301,0.157883667,0.160985667,0.165633,0.171369333,0.177981667,0.184950333,0.192678,0.200808667,0.208938333,0.217341333,0.225466,0.233580333,0.241587,0.249350333,0.256869,0.264504,0.271694,0.278675333,0.285803333,0.292068333,0.297682,0.303116333,0.308394333,0.313026333,0.318080667,0.322729667,0.327271,0.331523333,0.335968333,0.340028,0.343693667,0.347701667,0.351101667,0.354418333,0.357280333,0.360087,0.36231,0.364633667,0.366317333,0.367492667,0.368712,0.369316333,0.369881333,0.369296667,0.367757667,0.365710333,0.363747,0.361634333,0.359654667,0.357669,0.356335333,0.353832,0.351643333,0.348882333,0.345351,0.342047,0.338271333,0.334034333,0.329869,0.325249,0.321600333,0.317867333,0.314105667,0.311237,0.309304333,0.308408333,0.307701,0.308119667,0.308452,0.309050333,0.309415667,0.309689,0.309277667,0.309240333,0.307966,0.305781333,0.302164,0.295723,0.287034,0.274383,0.257749667,0.237556333,0.211058,0.18076,0.149656667,0.118535667,0.092066,0.074819333,0.060497,0.054231667,0.050135,0.047707333,0.047002,0.045962333,0.045975333,0.046613667,0.047188333,0.048475333,0.050048333,0.051759,0.053996,0.055756,0.058829667,0.061625,0.064698667,0.067751333,0.071735,0.075728,0.079765333,0.083548,0.088025333,0.092476333,0.097002333,0.101158,0.105483333,0.109899667,0.113615,0.117476333,0.121709667,0.125313,0.129362667,0.133571,0.137707667,0.142444333,0.146797,0.150627333,0.154993667,0.158924667,0.163302,0.167295333,0.172078667,0.175839333,0.180204,0.184658,0.188803333,0.191880667,0.195505,0.197757333,0.200417333,0.203946333,0.205410333,0.206755,0.208758,0.210535333,0.211985,0.214515333,0.216601,0.218194333,0.220715333,0.221082,0.222618,0.222850333,0.22375,0.222886333,0.222113333,0.220743333,0.217653,0.214681,0.211023333,0.206057667,0.200325,0.195598,0.190310333,0.185379667,0.180244667,0.175951333,0.172961333,0.170176333,0.167194667,0.163239667,0.159812,0.156389,0.153369667,0.150697667,0.147161333,0.143907667,0.141214667,0.137655333,0.133982333,0.130960667,0.128319333,0.125743,0.122106667,0.117392,0.114211667,0.111475,0.107498333,0.104225667,0.101227667,0.097695,0.094267,0.089737,0.087394,0.082989333,0.078942333,0.076299,0.074211667,0.070694,0.067321,0.065416333,0.063007667,0.060506333,0.058090333,0.057175,0.055755667,0.054893667,0.053154,0.052428667,0.051170333
0.603246333,0.605239,0.607655,0.609781333,0.610091667,0.611332,0.612246,0.613542667,0.614239,0.615145,0.615363,0.615655333,0.616308667,0.616844333,0.616661,0.616610667,0.616638667,0.616085667,0.615524333,0.614675667,0.613953667,0.613216667,0.612339333,0.611134,0.609534333,0.607506667,0.604403667,0.598109,0.590054,0.581493333,0.574080333,0.569061667,0.566478667,0.56487,0.563695333,0.562632333,0.561701333,0.560835333,0.559741,0.559223,0.559594333,0.560458667,0.561518333,0.562283333,0.563372,0.565006333,0.566133333,0.566825,0.567691667,0.568502,0.569105,0.569369,0.569455333,0.569566,0.569054,0.568413,0.567382,0.565733333,0.563195333,0.560819,0.557200667,0.552997667,0.548613667,0.542740333,0.53641,0.528903333,0.520344667,0.511818,0.503242333,0.494961667,0.487117333,0.479532333,0.471285333,0.460983667,0.447189333,0.428843,0.402970333,0.368269333,0.328931667,0.290057667,0.255307333,0.227130333,0.206905333,0.192359667,0.182119,0.174887,0.170150333,0.167218333,0.165493,0.164867333,0.164757333,0.165688333,0.167504333,0.171036667,0.176358,0.182784667,0.190282667,0.198055,0.206434,0.215065667,0.224132333,0.233165333,0.242058,0.250724667,0.259349333,0.267884667,0.276114333,0.284129,0.291688333,0.298958667,0.306493,0.313505333,0.319674333,0.325351,0.330427333,0.335999667,0.341453667,0.346345333,0.351211333,0.356064,0.360755667,0.365129,0.369324333,0.373631667,0.376863667,0.380178667,0.383241333,0.386595333,0.389186333,0.391714333,0.393255333,0.394999667,0.395871333,0.396639,0.396930667,0.395865667,0.394635667,0.392558333,0.390416667,0.387647333,0.385385667,0.382969667,0.381257,0.37942,0.377079667,0.373659,0.369593667,0.365981333,0.361685667,0.35722,0.352468667,0.347350667,0.342927333,0.338603667,0.334887,0.332023,0.329628667,0.329034333,0.328185,0.328609333,0.329289667,0.329456667,0.329836333,0.330789,0.329893,0.329859,0.327465333,0.324957667,0.320571,0.314124667,0.303944333,0.289765,0.271514,0.250894,0.223075333,0.190303333,0.154754667,0.122961667,0.095508667,0.075515,0.061151667,0.053715,0.049612667,0.046688333,0.045027667,0.044657667,0.045019667,0.045106667,0.045926333,0.047626667,0.049030333,0.051028,0.053566667,0.055768,0.059055,0.062347333,0.065551667,0.069644,0.073845333,0.078327667,0.082513333,0.087335,0.092430333,0.097176,0.102289,0.106773333,0.111573,0.116134667,0.120727667,0.124784667,0.129283333,0.133554667,0.137703667,0.142700667,0.146879667,0.151350333,0.156515667,0.161123,0.165934333,0.170004667,0.174567667,0.178689,0.184254667,0.188313,0.193036,0.197400333,0.201705667,0.20505,0.208464,0.211339333,0.214609,0.217006,0.219539333,0.220940667,0.222565,0.224872333,0.226799333,0.228842333,0.231355667,0.233041,0.234034333,0.235335333,0.237009667,0.23791,0.238140667,0.237546,0.236259,0.234708667,0.231552667,0.227973667,0.223874,0.218968667,0.213064,0.206968,0.201631,0.196602,0.191161,0.186598,0.183752667,0.180351667,0.176321667,0.172084333,0.167746667,0.164667667,0.162201333,0.158927667,0.155492,0.152301,0.149058,0.144836333,0.14097,0.138156333,0.134654667,0.130648,0.127225333,0.123242333,0.119576667,0.117176667,0.113678,0.109277333,0.104956,0.101371667,0.096971,0.093448667,0.088650333,0.085795667,0.083514,0.080215,0.076939667,0.073850333,0.070688667,0.067345333,0.063901333,0.061366,0.059865667,0.058358,0.056435,0.05396,0.054894,0.054130333,0.051902
0.526119333,0.527304333,0.528463667,0.529894667,0.530394667,0.531297333,0.532065,0.53282,0.533462,0.533887,0.534219667,0.534201667,0.534809333,0.534945,0.535130667,0.535066333,0.534840333,0.534462667,0.534040667,0.533679,0.532737333,0.532177,0.531799667,0.530863667,0.530005333,0.528187333,0.525875,0.521729667,0.516149667,0.510215333,0.505251333,0.501913,0.499565667,0.498407,0.497726667,0.497104,0.496266667,0.495826,0.495320333,0.494925,0.495199,0.495776333,0.496607667,0.497429,0.498148,0.499289333,0.500042333,0.500534667,0.501002667,0.501678333,0.502044667,0.502366667,0.502585667,0.502183,0.501939333,0.501439333,0.500385333,0.499157333,0.497569333,0.495826333,0.493029333,0.489987667,0.486928,0.482802667,0.477749,0.471999,0.465972,0.459124667,0.452598333,0.446242333,0.440168333,0.434232,0.427878667,0.419902333,0.409088667,0.393791,0.371951667,0.343289333,0.309748333,0.276044,0.245272333,0.21968,0.201340667,0.188053667,0.178969333,0.172467333,0.168098333,0.165402333,0.163796,0.163259,0.163415333,0.164405333,0.166286333,0.169791667,0.174755,0.180843667,0.187896333,0.195188333,0.203063333,0.211216,0.219551667,0.227690667,0.235974,0.243967667,0.25188,0.259605,0.267139333,0.274267333,0.281371,0.288144333,0.294645,0.300917333,0.306375667,0.311497333,0.316226667,0.320746,0.325406,0.330037333,0.334013667,0.338182333,0.341938,0.345679667,0.348979333,0.352323667,0.355319667,0.358304333,0.360814333,0.36319,0.365156,0.366958333,0.368673667,0.369873667,0.370456667,0.370948,0.371118667,0.370428,0.369363,0.367208,0.365057,0.363351333,0.361442333,0.359571333,0.358026333,0.356129,0.353989,0.351361667,0.34803,0.344946,0.34132,0.337727333,0.333865667,0.329772333,0.326065667,0.322524333,0.319072,0.316010333,0.314648,0.313461333,0.312773667,0.312767667,0.313158,0.313685,0.313957667,0.314100667,0.313959333,0.313510667,0.312021333,0.309492,0.305478667,0.299280333,0.290541667,0.278293667,0.261884333,0.242591,0.216217667,0.184224333,0.151467,0.120520333,0.092711667,0.072404333,0.057975667,0.049812667,0.045200667,0.042830333,0.041250667,0.040698667,0.040657333,0.041446333,0.042334,0.043791,0.045626333,0.047931,0.050451,0.05318,0.056468667,0.059895,0.063694,0.068060667,0.072282667,0.077029,0.081817,0.086416667,0.091626667,0.096702667,0.101739,0.106431,0.111434333,0.11617,0.120613667,0.124824,0.129232667,0.133731333,0.138322,0.143209,0.148157333,0.152910667,0.157917667,0.162524,0.167008,0.17137,0.176071667,0.180882,0.185238333,0.190091667,0.194056667,0.198164667,0.202117,0.205336333,0.208821333,0.210944667,0.213278333,0.21571,0.217149333,0.218711333,0.220218333,0.221472,0.223122333,0.225165667,0.227004333,0.229011333,0.230420333,0.231605333,0.232337667,0.232753667,0.232697333,0.232794333,0.231590333,0.230066333,0.227705333,0.224285667,0.220523333,0.215734667,0.210578667,0.205437,0.200554333,0.195536,0.190895667,0.187004,0.183675667,0.180860667,0.177269667,0.173051333,0.168842,0.165661333,0.163188667,0.160072667,0.156989667,0.153768333,0.149858333,0.146378667,0.142552,0.139028,0.135745667,0.132127,0.128632333,0.124751,0.1214,0.117811667,0.114131,0.110322333,0.106199667,0.102397333,0.099466667,0.09513,0.091053333,0.087868,0.084849667,0.080937333,0.077218667,0.07333,0.070295,0.067482,0.064556,0.061545333,0.058714,0.057305,0.055591,0.053318,0.051707667,0.051276,0.050989
0.520781333,0.522103667,0.523626667,0.525026333,0.525661,0.526271,0.526948333,0.528023333,0.528179333,0.529535333,0.529832667,0.530123,0.530245333,0.530436,0.530792667,0.530353333,0.530202,0.529915667,0.529844667,0.529029667,0.528201,0.527930333,0.527202,0.526082667,0.525045,0.523538333,0.521038,0.516499333,0.510736,0.504353333,0.499203333,0.495742667,0.494017667,0.492583,0.491842,0.491318,0.490508333,0.490269333,0.489762333,0.489586333,0.489730333,0.490115333,0.490661333,0.491485333,0.492630333,0.493278667,0.493951667,0.494313333,0.494784333,0.495633667,0.496002667,0.496301667,0.496471333,0.49654,0.495961667,0.495317,0.494364,0.493030333,0.491254333,0.489429,0.486734,0.483621667,0.480078,0.475709667,0.470677333,0.464614333,0.458236,0.451461,0.444596667,0.438064667,0.431737,0.425876333,0.419537,0.411570667,0.400645333,0.385098,0.363418,0.33426,0.299838333,0.265481333,0.234593667,0.209328667,0.191358333,0.178207,0.169379,0.163180667,0.158540667,0.155979,0.154226,0.15346,0.153549,0.154180333,0.156137,0.159483333,0.164420333,0.17056,0.177496,0.184757667,0.192820333,0.200776667,0.209079333,0.217554667,0.225935333,0.234388333,0.242431333,0.250330333,0.25815,0.265612667,0.272801667,0.280003333,0.286983,0.293466333,0.299222,0.304775667,0.310003,0.314713333,0.319705333,0.323894,0.32843,0.332404,0.336142667,0.339853667,0.3431,0.346392,0.349073,0.351846,0.354296333,0.356811667,0.358543333,0.360309667,0.361668667,0.362862667,0.363623,0.363949667,0.364229,0.363465,0.362816,0.360907667,0.359571,0.357716667,0.356349667,0.354223667,0.352354,0.350160333,0.348005,0.345535,0.342747333,0.339526333,0.335975667,0.332186667,0.327947,0.323787333,0.319779333,0.316143,0.31283,0.309831333,0.307334667,0.306787,0.305851,0.30546,0.306067333,0.306628333,0.306329667,0.306843,0.306158333,0.305717,0.304383333,0.301109667,0.297231333,0.290984667,0.282247,0.269632333,0.252917,0.234578,0.209080667,0.176498667,0.144555667,0.114246,0.087266,0.069201333,0.054632333,0.048296333,0.044661333,0.042192667,0.040773,0.040116333,0.040119667,0.040694667,0.041173333,0.042671,0.044236,0.046149667,0.048318,0.050992667,0.053593,0.057055333,0.059873333,0.064109,0.068137,0.071874,0.076596,0.081486333,0.085688667,0.091089667,0.096106667,0.100625333,0.105406667,0.110554667,0.115133,0.119819667,0.124840667,0.129234,0.134405667,0.139430667,0.144964667,0.150221667,0.155606333,0.160748667,0.166183,0.171177,0.176371667,0.180871333,0.186307333,0.190952333,0.19616,0.200474333,0.204640333,0.208498333,0.211098333,0.214269,0.216529667,0.219049667,0.220664,0.221581667,0.222962333,0.224916667,0.226836333,0.228805333,0.230364333,0.231338,0.232599667,0.233717667,0.234075333,0.234933667,0.235051333,0.233858,0.233049,0.232184333,0.229201667,0.226267333,0.222553667,0.218186,0.2139,0.208812333,0.204116333,0.199445667,0.19469,0.191135,0.187729333,0.183542333,0.179287,0.175289667,0.171449333,0.167247,0.164889333,0.161899,0.157266667,0.153721667,0.14975,0.145719333,0.142012333,0.138415,0.134368,0.130627,0.12668,0.123571333,0.119644667,0.115681667,0.112170667,0.107858,0.103389,0.099115333,0.096741667,0.093622333,0.089830333,0.086966,0.082888,0.079053667,0.074966,0.071615667,0.068771333,0.066488,0.063848,0.060348,0.059191,0.058308,0.056102333,0.053021333,0.051028667,0.050210333,0.048779667
0.514981,0.516069333,0.517638667,0.518491,0.519066667,0.520531,0.521132,0.521392,0.522186667,0.523215333,0.523400667,0.523552,0.523916,0.523478667,0.523369333,0.523340667,0.523317333,0.522749667,0.522671,0.521934667,0.521042,0.520705667,0.519756333,0.518568667,0.517595,0.515933333,0.512972667,0.508640333,0.502415667,0.496052667,0.491522,0.487766333,0.485598,0.48428,0.483718667,0.483377333,0.482530667,0.482405667,0.481583333,0.481488667,0.481734667,0.482018667,0.482873667,0.483471667,0.483789,0.484988,0.485299,0.485297,0.485910667,0.486629,0.486813333,0.487206,0.486825333,0.486845333,0.486602333,0.486094333,0.485015333,0.483453,0.481514,0.479358333,0.476633,0.473193667,0.470205667,0.465764333,0.46056,0.454330333,0.447819333,0.441196667,0.434306,0.427956667,0.421925,0.416199667,0.410002333,0.401873667,0.390437333,0.37492,0.353619333,0.324394,0.290707333,0.257254333,0.22746,0.203366333,0.186105667,0.173981333,0.165546333,0.159444,0.155463333,0.152968333,0.151516667,0.151118333,0.151070333,0.151641,0.153386,0.156827667,0.161680667,0.167399333,0.174276333,0.181130667,0.188762,0.196674333,0.204838333,0.212908667,0.221205667,0.229371333,0.237083,0.245128333,0.252790667,0.260235667,0.267541333,0.274653333,0.281129,0.28764,0.293688333,0.299246,0.303991,0.308852667,0.314029,0.318103667,0.322088333,0.326249,0.329606667,0.333403333,0.336326333,0.339665,0.342161667,0.344741667,0.346608333,0.349168333,0.350667667,0.352608333,0.353767333,0.354883667,0.355268333,0.355556333,0.356064667,0.355584333,0.355059333,0.353872667,0.352838,0.351344667,0.349750333,0.347739333,0.346204667,0.344423667,0.342052667,0.338893333,0.336103333,0.332845667,0.329538667,0.325649,0.321489333,0.317277667,0.312551667,0.30878,0.305615,0.302655333,0.300485333,0.299111,0.298227667,0.298317667,0.298602667,0.298687667,0.297609333,0.29793,0.296852667,0.296022,0.294097,0.291647333,0.286948,0.280629,0.271866333,0.260134667,0.245535,0.228298667,0.205935333,0.175827667,0.144579333,0.115044667,0.090394333,0.072577667,0.060104667,0.054149333,0.050090333,0.048267,0.046734,0.046204,0.046202667,0.046968,0.047836,0.049204,0.050859667,0.052688,0.055403667,0.057355667,0.060521667,0.063372667,0.066775333,0.070366333,0.074711,0.078254,0.082893,0.087408667,0.091987,0.097106667,0.102128333,0.107066667,0.1119,0.116606667,0.121879333,0.126872333,0.131365333,0.136435333,0.141556,0.146857667,0.152766,0.158010667,0.163733667,0.169225,0.174827667,0.179785667,0.185363667,0.190207667,0.195768,0.200516,0.205993,0.210351667,0.214503333,0.218157333,0.221062,0.224371333,0.226180333,0.228646333,0.229991333,0.231097667,0.232959333,0.234470333,0.235684333,0.237016667,0.238242333,0.239340333,0.240973333,0.241065667,0.241087333,0.241703,0.241697,0.24039,0.239229333,0.238034,0.235852333,0.232230333,0.229080333,0.224948,0.220942667,0.216732667,0.212414333,0.208891667,0.204954667,0.201490333,0.197406,0.193366667,0.189715333,0.184828,0.180462667,0.176667667,0.173067667,0.169051,0.165338333,0.161985667,0.157525667,0.153112,0.148515667,0.143981667,0.140091,0.136117667,0.131370333,0.127027,0.123525,0.120809667,0.117660333,0.113352333,0.109915667,0.105734,0.100210667,0.096838,0.095026,0.09113,0.087649,0.08359,0.079225333,0.076577667,0.074945333,0.071625333,0.06812,0.064240333,0.062629,0.060940667,0.059749333,0.058088667,0.056895667,0.055954667,0.05504
0.540502,0.541761667,0.543233333,0.544285667,0.545181,0.545987,0.547816667,0.548146667,0.548904333,0.549667667,0.549818667,0.550221333,0.551134667,0.550789,0.550928667,0.550311667,0.550078667,0.549852,0.549332,0.548799,0.547723333,0.547489667,0.546399,0.544958,0.543993333,0.542736,0.539656667,0.534797667,0.52881,0.522430667,0.516711333,0.511831333,0.509097333,0.507756,0.507019667,0.505904,0.504541667,0.503474333,0.502571333,0.502204667,0.502596667,0.503154333,0.503535667,0.504347667,0.505328333,0.506523667,0.507561667,0.507953,0.508440333,0.509297667,0.509923667,0.510237667,0.510207667,0.510469333,0.510189667,0.509580667,0.508611,0.507326333,0.505363,0.502883333,0.499810667,0.49649,0.493383667,0.488677,0.483033333,0.476530667,0.469557333,0.462012333,0.454502667,0.447690333,0.440876333,0.434404,0.427745,0.419559,0.407981333,0.392011,0.369308333,0.339098667,0.30351,0.267712,0.235458,0.209022333,0.189667333,0.175349667,0.165408667,0.157771,0.152486667,0.149260333,0.146965,0.145662333,0.144987,0.145510333,0.147228,0.149939333,0.154213,0.159752,0.166249667,0.173046333,0.180496667,0.188459667,0.196492,0.204636,0.212703,0.220738,0.228708,0.236666667,0.244261333,0.251714667,0.258602333,0.265229333,0.272231667,0.278573667,0.284331333,0.289805667,0.294628333,0.299512667,0.304468,0.309083,0.313702333,0.318151,0.322465,0.326486333,0.329938,0.333786,0.336832,0.340186667,0.342965667,0.345927333,0.348311,0.35076,0.352473667,0.353746333,0.354451667,0.355040333,0.355594,0.355355333,0.354436,0.352478667,0.350734,0.348459667,0.346743,0.344644333,0.343523667,0.341459,0.339185,0.336626,0.333518667,0.330137667,0.326518667,0.321904333,0.317624667,0.313624667,0.309603333,0.305531,0.301799,0.299458,0.297433333,0.296563,0.296144,0.2968,0.297526333,0.297841667,0.298163,0.298689333,0.298360333,0.297740333,0.296479,0.294217,0.290679667,0.28476,0.276080333,0.264039,0.248701667,0.230689,0.206703,0.175761,0.144391,0.111758667,0.086856333,0.068753333,0.056185333,0.048892,0.045042667,0.041625667,0.040667667,0.040066667,0.040122,0.040487667,0.040901,0.04236,0.043695,0.045177,0.047126333,0.049396,0.052038333,0.055188667,0.057857667,0.061209,0.064483,0.068496333,0.072507333,0.076770667,0.081098,0.085488667,0.089837333,0.093920333,0.098598333,0.102359,0.106643333,0.110852333,0.115143667,0.119238667,0.123353667,0.127738333,0.131970333,0.136255333,0.140696667,0.144655667,0.149727333,0.153880333,0.158630333,0.162714,0.167330333,0.171517,0.176086,0.180373333,0.184400333,0.188776,0.192102667,0.194600667,0.198131667,0.200108333,0.202208333,0.204270333,0.206103333,0.208857667,0.209513333,0.212262333,0.214321,0.216084333,0.217848667,0.218354667,0.220347667,0.220409667,0.220502,0.220287,0.220151,0.217949,0.215704333,0.212445333,0.208416,0.203758,0.198406,0.193000333,0.188283,0.183214333,0.178200333,0.173972,0.170529,0.167859,0.164630333,0.160425667,0.155659667,0.152124667,0.149325,0.146597667,0.143165667,0.140143333,0.136321,0.133082333,0.130183333,0.126068,0.122452,0.119695667,0.115876667,0.112426,0.109844333,0.106794333,0.101600333,0.097647,0.094462333,0.090256,0.086701333,0.083670333,0.080978667,0.078049667,0.074923667,0.071232333,0.06887,0.066219667,0.063087,0.059887333,0.056551667,0.055527667,0.054455667,0.051463,0.047199667,0.045954,0.047620333,0.046026333,0.044882333
0.554117333,0.555874667,0.558069333,0.559482,0.560822333,0.560948,0.561671,0.562678333,0.563943,0.565001,0.564427333,0.564174,0.564535,0.564956667,0.565067333,0.565125667,0.565111,0.564638,0.563932667,0.563123,0.56243,0.561966333,0.560649333,0.559342667,0.558580667,0.556916333,0.553995667,0.548778,0.542442,0.535499667,0.530080667,0.526592,0.524453333,0.522807333,0.522367667,0.521997,0.521263333,0.520990333,0.520289667,0.520160667,0.520588333,0.520629,0.521368,0.522020333,0.522782,0.523525,0.524129333,0.524281333,0.524797667,0.525759667,0.526093,0.526682333,0.526716333,0.526204,0.525856,0.525245,0.524117,0.522617333,0.520748333,0.518404333,0.515386333,0.511774667,0.508320333,0.503624333,0.497982667,0.492035,0.484983,0.477824333,0.470592667,0.463986,0.457593,0.451574667,0.445260333,0.436607333,0.424437667,0.408071667,0.385825667,0.355528,0.320800333,0.286301,0.255781,0.231166,0.213456333,0.200941667,0.192057667,0.185957,0.181889667,0.179458,0.177973667,0.177261,0.177221,0.178137333,0.179908,0.183225333,0.188085333,0.194407,0.201298333,0.208552333,0.216439,0.224541333,0.232924333,0.241174667,0.249511667,0.257919667,0.266048333,0.274021667,0.282122333,0.289430667,0.296563333,0.304014667,0.311293333,0.317621333,0.323348667,0.328936333,0.334087667,0.338897667,0.344016667,0.348532667,0.352805667,0.356844,0.360593333,0.364176,0.367765,0.371117,0.373486333,0.376110333,0.378330333,0.380576,0.382801667,0.38447,0.386095,0.387024333,0.387508333,0.388039667,0.388706,0.388054,0.387555667,0.385855,0.384295,0.382668333,0.381327667,0.379574,0.378015,0.375731333,0.373530667,0.370606,0.367023333,0.363907667,0.360454667,0.356628333,0.352365333,0.347266,0.342903667,0.339080333,0.335759,0.333094333,0.330831667,0.329191667,0.328124,0.328253333,0.327817667,0.328008333,0.328080333,0.327844333,0.327378333,0.326345333,0.324188333,0.321186333,0.316608333,0.310497333,0.301092333,0.288321333,0.272474333,0.255149,0.231057,0.200424333,0.169436667,0.137577,0.111618333,0.091475667,0.078441333,0.070324667,0.066086333,0.064057,0.062733667,0.062115333,0.061495667,0.062550667,0.063486667,0.065315333,0.067072333,0.069363667,0.072052667,0.075173333,0.07801,0.081563333,0.085725,0.089562667,0.094077,0.098788,0.103452667,0.108435,0.113633667,0.118358333,0.123958333,0.129241667,0.134332667,0.139890667,0.144556,0.150103333,0.155446667,0.160305667,0.165755333,0.171495667,0.177383333,0.183172,0.189124667,0.194089333,0.200083333,0.205626,0.211174667,0.216576333,0.221973333,0.227318,0.232994667,0.237617,0.241862667,0.246049,0.249239,0.251580667,0.254008333,0.256436667,0.258470667,0.259716667,0.260723333,0.262539333,0.264183333,0.265276333,0.266772333,0.267926333,0.268937333,0.269584333,0.270335667,0.270472667,0.269724333,0.26959,0.268613,0.266385333,0.263634333,0.260985667,0.256941667,0.252992,0.248097,0.243412667,0.239253333,0.235184,0.230574667,0.226871667,0.223277667,0.219298667,0.215003,0.210017,0.205636,0.202282333,0.198300667,0.194393333,0.190534333,0.186225333,0.182477333,0.177856333,0.173057,0.168707333,0.165046333,0.160609667,0.156590333,0.151971333,0.147969667,0.144211667,0.140877,0.136999,0.131952333,0.126908333,0.123276667,0.119363,0.115168667,0.111446333,0.107902667,0.104327333,0.100879,0.097240667,0.093765333,0.090653667,0.086894667,0.084032,0.081605667,0.078317,0.075741667,0.074372,0.072812667,0.070774333,0.071238
0.525253,0.526856667,0.528730667,0.530259333,0.531325667,0.531996333,0.532596333,0.533722667,0.534915333,0.535675,0.535460333,0.535961333,0.536284667,0.536878667,0.536933667,0.536244,0.536158,0.535819333,0.535402333,0.534848,0.533885333,0.533162333,0.532567333,0.5314,0.529855667,0.527680333,0.525086667,0.520025333,0.512988667,0.505646667,0.499731667,0.494839333,0.492273667,0.491135,0.490456,0.489532,0.487979333,0.487567,0.486939333,0.486749333,0.486753,0.487033333,0.487796,0.488852333,0.489966,0.490680667,0.491630333,0.492138,0.492954667,0.493803667,0.494245667,0.494611667,0.494915667,0.494544,0.494230333,0.493585,0.492273667,0.491015,0.48923,0.486811667,0.483632667,0.479938333,0.476547,0.471407333,0.465918,0.459421667,0.452205,0.444713333,0.437241667,0.430136,0.423669,0.417262333,0.410372667,0.401963667,0.390348333,0.374329667,0.352330667,0.322863333,0.288611,0.254899667,0.224948333,0.200397,0.182781667,0.169729333,0.160687667,0.154105667,0.149635333,0.14706,0.145116,0.144352667,0.144296,0.144709667,0.146068333,0.149089333,0.153418667,0.158737333,0.164957,0.171755667,0.178939,0.186533667,0.194193333,0.201822333,0.209665667,0.21755,0.224647,0.232247,0.239253,0.246643333,0.253410667,0.259890333,0.266139,0.272256,0.277698333,0.282812667,0.287669,0.29224,0.296762,0.301186,0.305522333,0.309895,0.313774667,0.317616667,0.321139667,0.324514,0.327565333,0.330636667,0.333221,0.335645,0.338181,0.340339,0.341930333,0.342904667,0.343899333,0.344346667,0.344873667,0.344542667,0.343541,0.341556333,0.340072667,0.337392667,0.335423333,0.333832,0.332312,0.330297667,0.328336667,0.325561667,0.321769667,0.318781333,0.315476667,0.311235333,0.307200333,0.303382333,0.299012,0.295723,0.292332667,0.289558667,0.287652,0.286735667,0.286183333,0.286928333,0.287471667,0.287313667,0.287572,0.288039333,0.287038,0.286755333,0.285314667,0.283214,0.279126333,0.273546333,0.265157667,0.253416,0.239056333,0.221827333,0.19949,0.169488,0.139492667,0.111333667,0.087641667,0.069775667,0.057329667,0.050957,0.047775667,0.045348667,0.044676667,0.044015333,0.044126667,0.044708,0.044671,0.046437333,0.0474,0.04911,0.051331667,0.053142,0.055606667,0.058513333,0.061441333,0.064675,0.068023,0.072151667,0.075501333,0.079715,0.0837,0.088212667,0.092557333,0.096451667,0.100589667,0.104715,0.108970333,0.112857,0.116416333,0.120453,0.124251,0.129151667,0.132962,0.137275333,0.141638333,0.145619,0.150083333,0.154461,0.158749667,0.162770667,0.1668,0.171314333,0.175263333,0.179464,0.183866667,0.187415,0.189821667,0.192786333,0.19522,0.197895667,0.199107333,0.200984,0.202397,0.204423333,0.205667667,0.207795333,0.209886667,0.210987667,0.213088333,0.213864333,0.214897333,0.215418,0.215946667,0.215463333,0.214505,0.212943,0.209997,0.207189333,0.203507,0.198597333,0.19378,0.189083,0.18499,0.180168333,0.175338333,0.171666333,0.168736,0.165523,0.162035333,0.158999667,0.154641,0.151361667,0.148515667,0.145546,0.142201,0.139548,0.136869,0.132779333,0.129401667,0.126848333,0.123875333,0.120287,0.116345333,0.112749,0.109127333,0.106778333,0.10362,0.100475,0.096737,0.092673,0.089105,0.08674,0.083975333,0.080131,0.076857667,0.073857667,0.071236333,0.068301667,0.065481333,0.062564,0.060915667,0.058563667,0.05664,0.055717667,0.054604667,0.052293333,0.048972333,0.048050333,0.048482
0.532042,0.533155333,0.534495667,0.535483,0.536282333,0.536942667,0.537716333,0.538562,0.538971,0.539716667,0.539762667,0.539809333,0.540269667,0.540590333,0.540822,0.540306,0.540188333,0.539861333,0.539423,0.538886333,0.538347667,0.537860333,0.536942667,0.536182333,0.535314,0.53396,0.531934667,0.527794,0.522590667,0.517083,0.512410667,0.509145667,0.507452,0.506114333,0.505162333,0.504948333,0.504096,0.503587333,0.502984333,0.502975333,0.50305,0.503435,0.504204,0.504896,0.505687,0.506496,0.507281333,0.507613,0.507885667,0.508768333,0.508948,0.509262333,0.509428667,0.509150667,0.508642333,0.508239,0.507369333,0.506219,0.504742333,0.502962,0.500525667,0.497663,0.494702,0.490618,0.486030667,0.480676,0.47497,0.468811333,0.462695667,0.456809,0.450999333,0.445255,0.439107667,0.431557667,0.421042,0.406387667,0.385522333,0.357173,0.323653,0.289642667,0.258108,0.231828667,0.212806667,0.198803333,0.189171667,0.182386333,0.177710667,0.174890333,0.173368,0.172748333,0.172884,0.173823333,0.175884667,0.179625,0.185001667,0.191549333,0.198795333,0.206611333,0.214890667,0.223416667,0.232128,0.240615667,0.249266667,0.257659667,0.265731,0.273663333,0.281397333,0.288813,0.295760333,0.302558667,0.309473,0.315615,0.321022333,0.326369333,0.330985,0.335494333,0.340130667,0.344560333,0.348483667,0.352594333,0.356452333,0.360014333,0.363025333,0.366418667,0.369188,0.372076333,0.374404667,0.376760333,0.37884,0.380434,0.382293,0.383387,0.384144333,0.384475667,0.384624,0.383809,0.382854333,0.381106667,0.379374,0.377493,0.375573333,0.373760333,0.372188667,0.370508667,0.368551667,0.365833667,0.362608,0.359686667,0.356302,0.352633,0.348287333,0.344346667,0.340340667,0.336828,0.333522,0.330614333,0.328938667,0.32805,0.327360333,0.327128,0.327625667,0.327764333,0.328072333,0.328282333,0.327895667,0.327213667,0.325824333,0.323188667,0.319367667,0.313129,0.304576,0.291805,0.275436,0.255979,0.229281,0.195703,0.161092,0.127215,0.097502667,0.074869333,0.059300333,0.050352333,0.045702333,0.042619667,0.041449333,0.040671,0.040664333,0.041218667,0.042459333,0.044139333,0.045968,0.048272333,0.051140667,0.054143,0.057729,0.061698,0.065753,0.070388667,0.075045,0.080184,0.085670667,0.091214333,0.096656333,0.102326333,0.107928333,0.113264333,0.118719667,0.123988333,0.129076333,0.133774333,0.138772333,0.143627,0.1485,0.154266333,0.15949,0.165014,0.169893,0.175292,0.180342,0.185601,0.19026,0.195387667,0.200558667,0.205396333,0.210115,0.214921333,0.219007333,0.222839667,0.226016333,0.229256,0.231735333,0.234086,0.235727,0.237322667,0.239036,0.240837333,0.242414667,0.244653,0.246696333,0.248503,0.249869,0.250757,0.251642667,0.252222,0.252548333,0.252115667,0.251378333,0.249448667,0.246707,0.243617667,0.239173,0.234329333,0.228952333,0.22388,0.218934333,0.213369,0.208325667,0.204234,0.200782667,0.197430333,0.193699333,0.188942333,0.184345,0.181056,0.178084667,0.174944667,0.171357667,0.167672,0.163856,0.159186667,0.155513667,0.152049667,0.148231667,0.143999,0.139632667,0.135533,0.132374667,0.128216667,0.123336333,0.119144,0.115553333,0.110971,0.107219667,0.102688,0.098472333,0.094511667,0.090504667,0.086039333,0.082199333,0.078154333,0.074451,0.071160667,0.068305333,0.065841667,0.063047667,0.060259667,0.057323333,0.055638,0.055108,0.055801667,0.054552667
0.512488333,0.513304667,0.514026,0.514885667,0.515876,0.516980667,0.517320333,0.517600667,0.518560333,0.51954,0.519329,0.519734,0.519714,0.519925667,0.520353667,0.519978,0.519790667,0.519409,0.519303,0.518687333,0.517982667,0.517826,0.517235667,0.516086,0.515399667,0.514377333,0.511522,0.507457333,0.502525333,0.497031333,0.492465667,0.48884,0.487323333,0.486256333,0.485329667,0.484983667,0.484637333,0.484584333,0.484192,0.484209333,0.484170667,0.48475,0.485411333,0.485725667,0.486798667,0.487403333,0.488248667,0.488684667,0.489215,0.489794667,0.489960667,0.490309,0.490379333,0.490319333,0.489847,0.489201333,0.488508,0.487626667,0.485785667,0.483903667,0.481302667,0.478335667,0.475297667,0.471068333,0.466503,0.461017333,0.455050333,0.448753333,0.442182333,0.436287667,0.430363333,0.424610333,0.418477667,0.411047333,0.400329667,0.385548333,0.364523333,0.335989,0.302432667,0.268807667,0.238235,0.213242333,0.195165333,0.182581667,0.174003667,0.167943667,0.163843333,0.161540333,0.160056,0.159809,0.160064,0.161012667,0.163110333,0.166860333,0.172096667,0.178196667,0.185417667,0.193102,0.201320667,0.209432,0.217837333,0.226294667,0.234651,0.242894333,0.251182,0.25936,0.267064,0.274451667,0.281617667,0.288323667,0.295318333,0.301631333,0.307225667,0.312485,0.317619,0.322107333,0.326833667,0.331220333,0.335243667,0.339338333,0.342881667,0.346458,0.349391,0.352435,0.354745,0.357667333,0.359686,0.362136667,0.363894667,0.365242667,0.366512333,0.367491,0.368185333,0.368377667,0.368992,0.368515333,0.367452,0.365826667,0.364465667,0.362863333,0.361244,0.359337333,0.357576667,0.355567,0.353433667,0.350708333,0.347854333,0.344807667,0.341351333,0.337374333,0.333548,0.329646667,0.325476667,0.322232667,0.318424667,0.315438333,0.313288333,0.312195667,0.311396667,0.311455667,0.311062667,0.311095,0.311187,0.311146,0.310925333,0.310698667,0.309392333,0.306143,0.301995667,0.295925,0.286991667,0.274428,0.257534333,0.237776667,0.211281,0.179782,0.147778333,0.115644,0.089041333,0.069137667,0.055397667,0.048598667,0.044615667,0.042659333,0.040812667,0.040604333,0.040344,0.041433,0.042222,0.043556,0.044853,0.047521,0.049483,0.052833333,0.055733333,0.058845667,0.062737,0.066556667,0.071322333,0.075412333,0.080392667,0.085512,0.090182,0.094967333,0.100747,0.105404667,0.1105,0.11592,0.120937333,0.125687333,0.130860667,0.135625,0.141117,0.146215333,0.151547,0.157077,0.162801,0.167599667,0.172878,0.178000333,0.182804333,0.188260333,0.193190333,0.198558667,0.202973667,0.207276333,0.211611333,0.215574667,0.218232333,0.221673333,0.223563667,0.226572333,0.227299333,0.229063,0.230797,0.231645667,0.232726333,0.234687,0.236470333,0.237502,0.239138333,0.239757667,0.240603,0.240343333,0.239896667,0.239769667,0.237741,0.237192333,0.234386333,0.231256667,0.227701,0.223816667,0.219347,0.214666667,0.209990333,0.205922333,0.202145333,0.197880333,0.193741333,0.190913667,0.186839,0.181943333,0.177542333,0.173930667,0.170983,0.167422333,0.163792667,0.160503667,0.156439667,0.151856667,0.147206667,0.143273333,0.139739667,0.135835,0.132362333,0.128875,0.125189333,0.120724333,0.116031333,0.11291,0.109100667,0.104093,0.101261667,0.097399,0.093261333,0.089709333,0.086271,0.083084,0.079482333,0.075897,0.072456667,0.069164667,0.066741667,0.062986,0.060642667,0.058054667,0.056673667,0.054626,0.054695333,0.052429,0.049663667
0.498494667,0.50049,0.502631667,0.504852,0.505835,0.507003,0.508100333,0.509227667,0.510625667,0.512091,0.512428667,0.512641333,0.512998333,0.513268,0.513271333,0.513198667,0.512751333,0.511640333,0.511461,0.510868,0.509617333,0.508556667,0.507928667,0.506886,0.505475333,0.503182,0.499045333,0.493236333,0.485448667,0.477013,0.471001,0.466158333,0.46378,0.462362,0.461342333,0.460983333,0.460334333,0.459615667,0.458827333,0.458783667,0.459053667,0.459451,0.460398667,0.461359667,0.462276667,0.463075333,0.463886333,0.464451333,0.46489,0.465645333,0.466130333,0.466397667,0.466480667,0.466554667,0.465863333,0.465141667,0.463783333,0.462062333,0.460127,0.457139,0.453665333,0.449714667,0.445305667,0.439644667,0.433383333,0.426131333,0.418027333,0.409701333,0.402052,0.394939,0.387859667,0.380895667,0.373223667,0.364165,0.351531,0.334125333,0.310644,0.279663,0.245559667,0.212856333,0.184823,0.162668,0.147350333,0.136601333,0.129208333,0.124085333,0.120309,0.118085,0.116753667,0.116183333,0.116353333,0.116749333,0.118047333,0.120845667,0.124950333,0.130019667,0.135780333,0.141762667,0.148652333,0.155848667,0.16317,0.170486,0.17786,0.185305333,0.192614667,0.200357667,0.207592667,0.214903,0.221889667,0.228598667,0.235155,0.241527667,0.247220667,0.252561,0.258031,0.262548333,0.267634,0.272051,0.276375667,0.280768,0.284608333,0.288407667,0.291537667,0.294859,0.29777,0.300652,0.302958667,0.305165667,0.307234333,0.309031,0.310470333,0.312052333,0.312542333,0.313200667,0.313746333,0.313293667,0.312994333,0.311455333,0.310646667,0.30921,0.307514333,0.305708,0.303839,0.301865,0.299563,0.296659333,0.29297,0.289619,0.286048333,0.281884667,0.277330667,0.273210333,0.268989667,0.264615667,0.260904667,0.258316333,0.255799,0.254411,0.253909667,0.254159333,0.253546333,0.254000333,0.253457667,0.253476,0.252631333,0.251801,0.249975667,0.247301333,0.242764667,0.235940667,0.227025333,0.215570667,0.200582,0.185628667,0.166650333,0.138906,0.112301667,0.088882667,0.070644,0.056565667,0.048362,0.042913,0.041457667,0.040253333,0.039431667,0.039147333,0.039233,0.039873667,0.039891667,0.040706,0.042070333,0.043210333,0.044344667,0.046425,0.048183667,0.050157,0.052228333,0.05495,0.057435,0.060424667,0.063349,0.066390667,0.070202,0.073867667,0.077462667,0.081016333,0.085315667,0.088539333,0.092698667,0.096644667,0.100713,0.104734,0.109023667,0.113289667,0.118432,0.122499,0.127155333,0.131759,0.136090333,0.140504667,0.145148,0.150132333,0.154602667,0.159162,0.163814667,0.167008,0.171644333,0.174962667,0.178206333,0.18156,0.184024,0.185808333,0.187067333,0.188782333,0.190669333,0.191461333,0.193546333,0.195000333,0.195302667,0.197347333,0.198087,0.198283,0.199104667,0.199656667,0.198937,0.197718,0.197193,0.195224,0.193151,0.190778,0.187835667,0.18405,0.180379,0.176627,0.172284667,0.168627667,0.165104,0.161114333,0.158345667,0.154598333,0.150473,0.147293667,0.144133667,0.139868667,0.136375333,0.133114333,0.129501667,0.126173,0.123144667,0.118470667,0.114950667,0.112994,0.109887667,0.105785333,0.101841667,0.098901,0.094949,0.091814,0.088922,0.085573333,0.081111,0.079034667,0.076727,0.073224,0.070498333,0.068739667,0.066708333,0.063924667,0.060415333,0.057970667,0.057106333,0.055691667,0.052947333,0.050266,0.049198,0.049267333,0.047910667,0.044809,0.042812333,0.042154333,0.045666333
0.486154667,0.487132333,0.488576667,0.489292333,0.490047,0.491409,0.491827667,0.492601667,0.493568,0.494491,0.494660333,0.495006667,0.495116,0.495048667,0.495681333,0.495441333,0.494944333,0.494608667,0.493950667,0.493441,0.492669,0.491785667,0.490950333,0.490054333,0.489048,0.487304,0.484464333,0.479025333,0.472715333,0.466175667,0.460510333,0.456330333,0.454236333,0.452871333,0.452557667,0.452281667,0.451491,0.451145333,0.450669667,0.450978,0.450905667,0.451069333,0.451836333,0.452605333,0.453516667,0.454161667,0.454770667,0.455015667,0.455635,0.456478667,0.456648,0.457252,0.457693333,0.457108667,0.456828667,0.456405,0.455197667,0.453755,0.451765667,0.449364333,0.446319,0.443036333,0.439174667,0.434195,0.428416333,0.422326667,0.415389667,0.408048333,0.400922667,0.394073,0.387599,0.381142333,0.374434,0.366242,0.354674667,0.338666667,0.316672667,0.287250333,0.253515,0.220641333,0.191641,0.168683,0.152594333,0.141398,0.133729667,0.128403333,0.124820667,0.122812,0.121528667,0.121121,0.121121333,0.121852333,0.123696333,0.126475667,0.131004667,0.136503333,0.142782667,0.149250333,0.156554,0.164136,0.172011667,0.179910667,0.187541,0.195636333,0.203371,0.211322,0.218871333,0.226260333,0.233404,0.240626333,0.247407333,0.253995333,0.259818,0.265366,0.270533,0.275456333,0.280193667,0.284642333,0.288675333,0.292791333,0.296805,0.300787333,0.303650333,0.306795333,0.309203,0.311629,0.313845333,0.316250667,0.318141,0.319786333,0.321254333,0.322411333,0.323039333,0.323505,0.323517,0.323393333,0.32288,0.321618,0.320664667,0.318733333,0.317712,0.316011667,0.314125,0.311685333,0.309726333,0.307260667,0.303649667,0.300300333,0.296992,0.293362667,0.288703333,0.28419,0.279889,0.276226667,0.27227,0.269599,0.267203667,0.265519,0.264777,0.264824333,0.264680333,0.264903667,0.264679333,0.264403333,0.26346,0.261819667,0.260264333,0.257803333,0.253600667,0.247085667,0.237897333,0.225848667,0.210563,0.193431,0.171074,0.143636333,0.116034,0.090427667,0.070244,0.056020667,0.046394333,0.042037333,0.039893333,0.038388333,0.037784,0.0377,0.037423333,0.037746667,0.038571667,0.038918,0.040091333,0.041847333,0.042896,0.044518667,0.046518667,0.048625,0.051144,0.053563,0.056664,0.059685,0.06305,0.066641,0.070760667,0.073947,0.078327333,0.082202333,0.086644,0.090955333,0.094977,0.098504333,0.103386,0.107654333,0.112269333,0.117285,0.122456,0.126902,0.132892667,0.137237,0.14256,0.147439667,0.151902,0.157158333,0.162012667,0.166766667,0.171703333,0.175706333,0.179941333,0.183258,0.186654,0.18877,0.191521,0.193180667,0.195115667,0.196509333,0.196439,0.199109333,0.200923,0.201975,0.202526333,0.204375,0.204908,0.205675333,0.206309667,0.205607333,0.205948333,0.205683333,0.203929,0.202417333,0.200332,0.197355,0.194344333,0.190776333,0.186988333,0.182776333,0.179479,0.175902333,0.171497,0.167717667,0.164135,0.161067,0.157214667,0.152647,0.148968667,0.146162667,0.142833667,0.138722333,0.134820333,0.130842,0.126267333,0.121745,0.118681,0.115684333,0.112209667,0.108285,0.104469333,0.101367333,0.097716,0.094071,0.090862667,0.087577,0.085153333,0.081510333,0.077240333,0.073758333,0.071289,0.069511333,0.066671333,0.064217333,0.062299,0.059073667,0.055751333,0.053325,0.052563,0.049409667,0.047525333,0.045943667,0.044951333,0.043214333,0.041174333,0.040774333,0.039437667
0.527020333,0.527924667,0.528496333,0.529697,0.530682,0.531558333,0.532799,0.533426333,0.533615333,0.535276333,0.535370333,0.535136667,0.535701,0.535717667,0.536347333,0.535377333,0.535278,0.535050333,0.534596667,0.533751,0.533553,0.533342,0.532323,0.531058667,0.530367333,0.529118667,0.526306333,0.521649667,0.515839667,0.509916,0.505018,0.50139,0.499405,0.497982667,0.496861,0.496322,0.495635333,0.495097333,0.494547333,0.494300333,0.494137,0.494335333,0.495007333,0.495753,0.496429333,0.497078333,0.497700333,0.498,0.498748333,0.499581,0.499868,0.500046667,0.500233333,0.500317,0.499893667,0.499291,0.498211333,0.497058667,0.495377667,0.493168,0.490450333,0.486932,0.483727667,0.479646,0.474355,0.468657,0.462021333,0.455227333,0.448471,0.442199,0.436218,0.430709,0.424261667,0.416678333,0.405831,0.390273333,0.368878667,0.339432,0.304543333,0.269994667,0.238578667,0.212353,0.193586,0.179806667,0.16992,0.162813,0.157619,0.154320667,0.152160667,0.151054333,0.150606667,0.151056333,0.152661667,0.155736,0.160711667,0.166872,0.173683333,0.181032,0.188706,0.196891667,0.205541,0.214211667,0.222855333,0.231328333,0.239603667,0.248081667,0.256244667,0.264241333,0.271481667,0.278715333,0.286278333,0.293171333,0.299362667,0.305136333,0.31023,0.315354,0.320610667,0.325266333,0.329576333,0.334020667,0.337579667,0.341098667,0.344697,0.347984,0.350398,0.353267333,0.355789667,0.358126,0.359891,0.361674,0.363123667,0.364116,0.364859333,0.365508667,0.365972667,0.365788,0.365071,0.363386,0.362132667,0.360638333,0.359221667,0.357376,0.355666333,0.35346,0.351576,0.349038,0.346143,0.342903667,0.339214,0.335691667,0.331654333,0.327391,0.322739667,0.318919,0.315365667,0.312070667,0.310008333,0.309304333,0.308908,0.308216,0.308145667,0.308930667,0.309283667,0.309413333,0.309119333,0.308558667,0.306989667,0.304326,0.300303333,0.293838667,0.284992333,0.272026,0.254778,0.234763333,0.208198,0.176200667,0.143548,0.113659667,0.085094333,0.066359,0.052400667,0.045463667,0.041511,0.039275,0.037522,0.036770333,0.036571667,0.037159333,0.03758,0.038818333,0.040135,0.04211,0.044246667,0.046009,0.049089333,0.052054,0.055121667,0.058811333,0.062196667,0.066739333,0.070937667,0.075591,0.079803333,0.085191667,0.090166667,0.094557,0.099816,0.104805667,0.109850333,0.114609,0.119708667,0.125069667,0.130041,0.135513667,0.141351333,0.146986333,0.152396333,0.158244667,0.164037667,0.169614333,0.17481,0.180757333,0.185462667,0.191152,0.196340333,0.200817667,0.2051,0.209800333,0.212671,0.216473333,0.218729,0.221441,0.223550667,0.224650333,0.226734,0.228588333,0.229631333,0.231791667,0.232752,0.235125,0.235622333,0.236556333,0.237278,0.237164667,0.237604333,0.236909,0.236342667,0.234264333,0.232642667,0.228831333,0.225258667,0.221591667,0.217311,0.213374667,0.208685333,0.204003667,0.199966333,0.195227333,0.191589,0.188044333,0.183453667,0.178955,0.175120333,0.171446667,0.167635667,0.164042333,0.159894667,0.155363333,0.151213667,0.146949333,0.143162667,0.139082667,0.134296333,0.130196667,0.126441,0.122571667,0.118592333,0.114729,0.110282333,0.106026333,0.102166333,0.098918667,0.095886,0.091948333,0.086853667,0.084650667,0.081153667,0.077954667,0.073399667,0.070877667,0.067478333,0.065872667,0.062397,0.0574,0.054696667,0.053821667,0.05384,0.052415,0.051448333,0.049848,0.047339667
0.523542,0.524765667,0.526055,0.527453333,0.528029667,0.529263667,0.529846667,0.530495333,0.531328333,0.532026333,0.532431667,0.532194333,0.532784667,0.532754667,0.532770333,0.532452333,0.532378667,0.531950333,0.531153333,0.530802,0.530193333,0.529601667,0.528976667,0.52789,0.526811,0.524898,0.522208333,0.517611,0.511338667,0.504972333,0.499714333,0.496139333,0.494138333,0.492900667,0.492077667,0.491880333,0.491230333,0.490442667,0.490130333,0.489927,0.490133667,0.490471667,0.491138333,0.492193,0.493106333,0.494159333,0.494735667,0.495225333,0.495704333,0.496519333,0.496863667,0.496946667,0.49728,0.496914667,0.496583333,0.495981667,0.494764333,0.493454333,0.491605333,0.489623,0.486645667,0.483329667,0.479899667,0.475255,0.469802,0.46373,0.457206667,0.449939,0.442856667,0.436068333,0.429659667,0.423261,0.416463667,0.407922,0.395927333,0.379675667,0.356845,0.326646,0.291479667,0.257059333,0.226308,0.201381667,0.183758,0.171170333,0.162697333,0.156639667,0.152759333,0.150638667,0.149474,0.149147667,0.149373333,0.150369333,0.152473333,0.156105667,0.161219333,0.167541,0.174466333,0.181851667,0.189921,0.198070667,0.206424,0.214675,0.223025667,0.231166667,0.239288667,0.246985667,0.254753333,0.261911667,0.2689,0.275905,0.282616667,0.288736333,0.294394667,0.299797,0.304564333,0.309544,0.314364333,0.318733667,0.322754333,0.327110333,0.331000667,0.334678333,0.338093667,0.341351667,0.344261667,0.347088667,0.349696,0.352158667,0.354379667,0.356230667,0.357831,0.358613667,0.359284667,0.359703,0.360020667,0.359803667,0.358987667,0.35755,0.355636667,0.353768667,0.352047,0.350262333,0.348288667,0.346364,0.344069,0.341048,0.337749667,0.334522,0.330737667,0.326785667,0.322261,0.317663,0.313644667,0.309626667,0.305959667,0.302880333,0.301139333,0.299958667,0.299136333,0.298911,0.299433667,0.299445667,0.299608,0.299289,0.298718333,0.297733333,0.296140333,0.293399667,0.289180667,0.282760667,0.273511333,0.260649,0.244265333,0.225740333,0.200940333,0.169810667,0.137874667,0.108290667,0.082973333,0.064624667,0.051731,0.044592333,0.040928667,0.03878,0.037587333,0.037208667,0.037531333,0.038068,0.039306,0.040531,0.04226,0.044318,0.046487,0.049387333,0.052199667,0.055325667,0.059121667,0.062902667,0.066924667,0.071661,0.075904,0.080796333,0.085607,0.090569,0.095549667,0.100687,0.105136667,0.109759667,0.114628667,0.119355333,0.123814667,0.128425,0.132829667,0.137845667,0.142697333,0.147585667,0.152407333,0.157266333,0.162116333,0.16686,0.171309667,0.1762,0.180881333,0.185394667,0.190184667,0.194877667,0.198937667,0.202406667,0.20588,0.208903333,0.211728333,0.213915333,0.216332,0.217844,0.219609333,0.221429667,0.223032667,0.224819333,0.226912,0.228262667,0.229720667,0.230390333,0.231292667,0.231679,0.231220333,0.230398667,0.229535333,0.227667,0.224977333,0.221871333,0.217884667,0.213445333,0.208649,0.203709667,0.199044333,0.194023333,0.189388333,0.185577333,0.182229333,0.178901,0.174710333,0.170348333,0.166277333,0.16266,0.159662,0.156259,0.153150667,0.149430333,0.145557333,0.141544,0.137811667,0.134039333,0.130476667,0.126555667,0.122769667,0.118786333,0.115463667,0.112050333,0.108304,0.104161667,0.100126667,0.096267333,0.092954667,0.089123333,0.084982667,0.081028,0.077747333,0.074558667,0.071576667,0.068136,0.064747667,0.06162,0.059594333,0.057044333,0.055449333,0.053233667,0.051884667,0.049564,0.048464,0.047327,0.046033333
0.509658333,0.510618,0.511654,0.512584333,0.513427333,0.514609333,0.515402333,0.516030667,0.516778333,0.517522667,0.517860667,0.517827,0.518451,0.518853,0.518903667,0.518765,0.518481667,0.517800333,0.517424667,0.517118,0.516373,0.515733,0.515043333,0.514071667,0.513129,0.511565333,0.508902333,0.504227333,0.498410333,0.491938,0.486769,0.483275,0.481279667,0.479917333,0.479316333,0.478967333,0.477986,0.477590667,0.477212,0.477007667,0.477198667,0.477786667,0.478634,0.479474667,0.480301333,0.481042667,0.481728333,0.482429,0.482839,0.483632667,0.483994,0.484278,0.484504333,0.484249333,0.483874667,0.483272333,0.482217,0.480956333,0.479279333,0.477167,0.474433,0.471115667,0.467898333,0.463463,0.457941667,0.451802333,0.445357667,0.438501,0.431755,0.425065667,0.418713333,0.412678667,0.406069333,0.397569667,0.386122333,0.370353,0.348224333,0.319082333,0.285359,0.252227333,0.222721,0.198758333,0.181741667,0.169550667,0.161272,0.155545667,0.151632333,0.149185,0.147833,0.147315667,0.147479333,0.148335667,0.150146,0.153328,0.158058,0.163927,0.170643333,0.177586667,0.185102667,0.192873,0.200944,0.208792333,0.216848667,0.224764333,0.232495667,0.239872333,0.247395,0.254693,0.261672667,0.268327,0.275039,0.281157333,0.286645,0.292148667,0.296853333,0.301470333,0.306225333,0.310685333,0.314701333,0.318729,0.322481667,0.326142667,0.329355333,0.332614667,0.335425333,0.338377333,0.340841,0.343131667,0.345069667,0.346599667,0.347979667,0.348916667,0.349830333,0.350343,0.350762,0.350333667,0.349259,0.347500333,0.345816333,0.344119,0.342464333,0.340529,0.338628667,0.336587667,0.334552333,0.331763,0.328576,0.325718333,0.322105333,0.318165,0.313965,0.309967667,0.305668667,0.302110667,0.298617,0.295762667,0.294006333,0.292919333,0.29237,0.292187333,0.292391667,0.292625,0.292920333,0.293133333,0.29267,0.292113667,0.290511667,0.287690333,0.283643,0.277134667,0.268172,0.255471667,0.239082,0.220158667,0.194586667,0.164267,0.134450667,0.106907667,0.083797333,0.066221667,0.055539,0.048355,0.044552333,0.042327333,0.041080333,0.040663333,0.040650667,0.041091667,0.041896667,0.043093667,0.044743,0.046348667,0.048623667,0.050751,0.053665667,0.056422333,0.059441333,0.062672667,0.066619667,0.070278667,0.074294333,0.078399333,0.082834333,0.087136333,0.091328667,0.095773667,0.10036,0.104323667,0.108575667,0.112728333,0.116774333,0.120912667,0.125193667,0.129579333,0.134259,0.138785667,0.143672,0.147819333,0.152003333,0.156588667,0.160727333,0.16505,0.169499667,0.174005,0.177769,0.181963333,0.185654,0.188918,0.191734667,0.194492,0.196952,0.198847,0.200499333,0.201994333,0.203559333,0.205218667,0.206401333,0.208234,0.209542333,0.210668667,0.212092,0.212959667,0.213753667,0.213790667,0.213622333,0.213299667,0.212027667,0.210605667,0.208108333,0.205430667,0.201950333,0.19803,0.193666333,0.189156,0.18486,0.180195,0.176072333,0.172624,0.169345,0.166051667,0.162609,0.158829333,0.155070333,0.151844667,0.148527667,0.145539,0.142771,0.139246333,0.135614,0.132182667,0.128564333,0.125169667,0.122281667,0.119010333,0.114846333,0.110891333,0.107956333,0.105084667,0.101325667,0.098341,0.095099,0.091519667,0.088238,0.084904333,0.081483,0.078507333,0.075318667,0.072076333,0.06883,0.065833,0.063123333,0.060620333,0.058460333,0.056282,0.054368667,0.052498,0.050409,0.048875667,0.047805333,0.046785667,0.045213333
0.535069,0.536393333,0.537974667,0.539368,0.53974,0.540895333,0.541773333,0.543010333,0.543951667,0.544735,0.545105,0.544988667,0.545683667,0.545759333,0.545913667,0.545883333,0.54576,0.545515,0.544903,0.544405667,0.543697,0.543086667,0.542449667,0.541366667,0.540289333,0.538447333,0.535808667,0.531214667,0.524847667,0.518436,0.513088,0.509407333,0.507103333,0.505621,0.504896667,0.504602667,0.503545667,0.50274,0.502304,0.502156333,0.502324667,0.502854,0.503594,0.504655667,0.505641333,0.506933,0.507432667,0.508121667,0.508709333,0.509499333,0.509972667,0.510208333,0.510493333,0.510246667,0.510002333,0.509323,0.508288,0.507166333,0.505589667,0.503399333,0.500413667,0.497044667,0.493610667,0.489068667,0.483637,0.477280667,0.470790333,0.463516667,0.456409333,0.449324,0.442688333,0.436170667,0.429159,0.42051,0.408707333,0.392571333,0.369498,0.339274667,0.303976333,0.268924,0.237350667,0.211562,0.193133333,0.179689,0.170595667,0.164174,0.159902333,0.157215,0.155796333,0.155328333,0.155486667,0.156504,0.158425667,0.161903333,0.166936,0.173084,0.180016667,0.187386333,0.195249333,0.203383667,0.211768667,0.220074667,0.228269333,0.236273333,0.244242333,0.251862667,0.259592667,0.266801667,0.273647333,0.280352667,0.287044333,0.292993667,0.298364667,0.303829667,0.30846,0.313035,0.317689667,0.322473667,0.326711333,0.330980333,0.334991333,0.33871,0.342246667,0.345872667,0.349244333,0.352190333,0.354940333,0.357302333,0.359493333,0.361374,0.363376667,0.364547,0.365239,0.36568,0.366006667,0.365348333,0.364090333,0.362154,0.359996667,0.358157,0.355958667,0.353947667,0.352273333,0.350267,0.348067333,0.345227667,0.341672667,0.338496333,0.334951333,0.330857333,0.326375,0.322269667,0.318427333,0.314351667,0.310883333,0.307911667,0.306379,0.305277667,0.304773,0.304578333,0.305378333,0.305584333,0.305787667,0.305937333,0.305644667,0.305080667,0.303637667,0.300837,0.297005,0.290836667,0.282002667,0.269234667,0.252857667,0.233850333,0.208213333,0.177224333,0.144837,0.114926667,0.088546667,0.069567333,0.055442667,0.048834667,0.044608667,0.042040667,0.041084,0.040686667,0.040845,0.041321667,0.042211333,0.043755333,0.045262333,0.04753,0.049843667,0.052504667,0.055433333,0.058910667,0.062186333,0.066182,0.070319667,0.074832667,0.079427333,0.084252333,0.08875,0.093661667,0.098238667,0.102902,0.107702333,0.112159333,0.116471667,0.120747333,0.124656333,0.12887,0.132647,0.137215333,0.141761667,0.145986,0.150527,0.154863667,0.159082667,0.163361333,0.167811333,0.172111,0.176106,0.180835333,0.185016667,0.189034,0.193199667,0.196535,0.199846333,0.20279,0.205626333,0.207884667,0.20967,0.211453,0.213687333,0.215202667,0.216894333,0.219513667,0.221500667,0.222944,0.224670333,0.225629,0.226951333,0.227639667,0.227574667,0.227183,0.226524333,0.224356333,0.222154667,0.218823,0.214733333,0.210042667,0.204578,0.199375667,0.194290333,0.189341,0.184821667,0.180593,0.177283333,0.174746667,0.171179,0.166931667,0.162968,0.159695667,0.156937,0.153940667,0.151147667,0.148237667,0.144413,0.140943667,0.137183333,0.133847667,0.130746667,0.127003333,0.123339667,0.120247667,0.117289,0.113633,0.109603333,0.105866333,0.102396333,0.098149667,0.094446667,0.091268,0.087763,0.083398667,0.079405333,0.076205,0.073224,0.070357333,0.067495667,0.065495333,0.0626,0.059611,0.056642333,0.055510333,0.054051333,0.053203667,0.051609333,0.050369667,0.048842
0.539679333,0.540982667,0.542288,0.543673,0.544611667,0.545451333,0.546508,0.547562667,0.548159333,0.549261,0.549437667,0.549603,0.550109333,0.550401333,0.550755,0.550611,0.550431,0.549835667,0.549310333,0.548739,0.548388333,0.547668,0.546636,0.545806,0.544884667,0.543029667,0.540134667,0.535282667,0.528723667,0.521731667,0.515562667,0.510647,0.508501,0.507321,0.506115,0.505411,0.504477667,0.503832,0.502900667,0.502627,0.502938333,0.503463333,0.504317,0.505192,0.506343,0.507512333,0.508457667,0.509365667,0.510107333,0.510931667,0.511372667,0.511839,0.512088,0.511728,0.511341333,0.510972,0.509811667,0.508417333,0.506667333,0.50452,0.501566333,0.498095667,0.494316667,0.489377,0.483565667,0.476782667,0.469532,0.461691333,0.453999333,0.446608333,0.439386333,0.432277,0.424876,0.415880333,0.403769,0.387052,0.363757333,0.332514333,0.296060333,0.260007,0.227583333,0.200834333,0.181520667,0.167698,0.158263333,0.151645333,0.147116667,0.144459667,0.142976,0.142429667,0.142637333,0.143482667,0.145265667,0.148526667,0.153333,0.159287333,0.166127667,0.173416667,0.181289,0.189396667,0.197813333,0.206152667,0.214297,0.222445667,0.230314333,0.237993667,0.245592667,0.252877667,0.259838667,0.266555333,0.273316667,0.279423667,0.284871,0.290086,0.295094667,0.299647333,0.304381333,0.309149333,0.313611333,0.318135667,0.322351,0.326551,0.330323667,0.334222333,0.337504667,0.340768667,0.343835333,0.346977667,0.349604667,0.351728333,0.353286,0.354609667,0.355644333,0.356210667,0.356920333,0.356434,0.355325333,0.352990667,0.350808667,0.348248667,0.346122667,0.344114333,0.342333667,0.340208667,0.337941,0.335228667,0.331752333,0.328627,0.324355333,0.319981,0.315366333,0.311001333,0.306681,0.302760333,0.298975333,0.295751,0.293751333,0.292742,0.292210667,0.292362,0.292765,0.293491667,0.293845,0.293803667,0.29393,0.293516333,0.292485333,0.289690667,0.286407667,0.280631667,0.271814,0.259222,0.242366,0.222721,0.196816667,0.166813667,0.136203,0.106753333,0.081485,0.063389,0.050810667,0.043975,0.040717667,0.039189,0.037783667,0.037131667,0.037490667,0.037840333,0.038604667,0.039955333,0.041555333,0.043163667,0.045207333,0.047343,0.050268667,0.052985333,0.056225667,0.059965333,0.063628,0.067695333,0.071862667,0.076419,0.080684667,0.085255333,0.089608667,0.094024333,0.098596,0.102552,0.106618,0.110232333,0.114414333,0.118111,0.121693333,0.125888333,0.129838,0.133651667,0.13741,0.141371333,0.145211,0.149590667,0.153356667,0.157655,0.16168,0.166268333,0.17066,0.174782667,0.178878,0.182932333,0.186304667,0.189478,0.192673667,0.195713667,0.198143333,0.200242667,0.202471333,0.204488,0.206411667,0.208789333,0.211194667,0.212376333,0.214625333,0.215882333,0.216975667,0.217299,0.217687,0.217733333,0.216486333,0.214393333,0.211568,0.208220667,0.203644,0.198637667,0.192922333,0.187354,0.181583333,0.176022667,0.171073333,0.167019333,0.163664,0.160851,0.157682333,0.153685667,0.149352,0.146058333,0.143263,0.140387,0.137481,0.134514333,0.131581333,0.127937667,0.125049333,0.122041667,0.118916,0.115830333,0.112457,0.108532333,0.104797667,0.102088333,0.09907,0.095673667,0.092075,0.088139667,0.084611667,0.081311333,0.077357667,0.074511,0.071734667,0.068773667,0.065317667,0.062495667,0.059918,0.057303,0.054161,0.052366333,0.051330333,0.049862,0.047557,0.046165333,0.046202667,0.045426,0.044284667
0.553855667,0.555072,0.556420667,0.557826333,0.558179,0.559127333,0.559483,0.560236,0.560956667,0.56176,0.562042,0.561587667,0.561923333,0.562039333,0.562071,0.561699,0.561342,0.561183333,0.560596333,0.560047667,0.559128333,0.558578667,0.558108333,0.557137333,0.556258,0.554355,0.551664667,0.547344333,0.541918333,0.535957,0.530934333,0.527495667,0.525311333,0.524287333,0.523555667,0.523067,0.522091333,0.521623667,0.521122333,0.520853667,0.521234,0.521529667,0.522156,0.522954333,0.523690333,0.524665333,0.525434,0.525803333,0.525978667,0.526737667,0.527022667,0.527156333,0.527207,0.526950333,0.526505667,0.525768333,0.524655,0.523597667,0.522016,0.520119,0.517186333,0.514288,0.511187333,0.506885,0.501695,0.495922667,0.489814,0.483119,0.476507333,0.469959667,0.463727333,0.457479,0.450844333,0.442736667,0.431341667,0.415835667,0.394001,0.364492333,0.329483,0.294287,0.262197333,0.235580333,0.216458,0.202562667,0.193278667,0.186671333,0.182484333,0.180156667,0.178968333,0.178539,0.178963333,0.180231,0.182415667,0.186424333,0.191949333,0.198764,0.206493,0.214447333,0.222947,0.231745333,0.240727,0.249524333,0.258189667,0.266573667,0.274882,0.282833667,0.290812667,0.298057333,0.304971,0.311779,0.318412,0.324726333,0.330380333,0.335652,0.340302,0.344932,0.349462667,0.354004667,0.358286667,0.362605667,0.366248667,0.369715667,0.373052667,0.376564667,0.379651333,0.382248,0.384618667,0.38685,0.389092333,0.39094,0.392528,0.393347667,0.393888,0.394290333,0.3947,0.394199,0.393443667,0.391478333,0.389384333,0.387721,0.385437667,0.383448333,0.381833,0.380019333,0.377809333,0.375240333,0.371517,0.368148333,0.364518667,0.360502333,0.356457333,0.352225667,0.347776333,0.343726,0.340534667,0.337363333,0.335532667,0.33455,0.333900333,0.333798667,0.334073,0.334238,0.334013667,0.334176333,0.333542,0.332362333,0.330864667,0.328198,0.324068667,0.317501333,0.308663333,0.296159667,0.279729333,0.261469333,0.235644667,0.202471,0.167052333,0.133185667,0.103541,0.080008333,0.065001667,0.055587667,0.050908667,0.048537667,0.047091333,0.04684,0.046750333,0.047723667,0.048864,0.050868333,0.053009333,0.055744667,0.058780667,0.062311,0.066078,0.070165333,0.074949,0.079594667,0.084616333,0.090140333,0.09582,0.101713333,0.107653,0.11328,0.119203,0.124988,0.130569,0.135931333,0.141194667,0.146491333,0.151292333,0.156292,0.161335333,0.166659333,0.171722667,0.177009667,0.182262333,0.187473667,0.192516667,0.197377667,0.202460333,0.207563,0.212681,0.217573,0.222633,0.227102,0.231694,0.235378333,0.238839667,0.242124667,0.244941333,0.247175667,0.249364333,0.250759333,0.252743333,0.254261667,0.256206667,0.258050333,0.259951333,0.261461333,0.262442667,0.263658667,0.264277333,0.264972,0.265062,0.264719,0.263175333,0.261019,0.25814,0.254895667,0.250604667,0.245355,0.239793667,0.234454,0.229138667,0.223347,0.217596,0.213265,0.209902,0.206545667,0.202685,0.197917667,0.193280667,0.189272667,0.186170333,0.182824333,0.179020333,0.175799667,0.171706,0.166927333,0.162838667,0.159299,0.155139,0.150734,0.147059667,0.143143333,0.139040667,0.134684667,0.130146,0.125197,0.121152333,0.116887667,0.112959333,0.108391667,0.103893333,0.099125,0.095294,0.091836333,0.088035667,0.083783333,0.079873,0.076721,0.073416,0.070272333,0.067916,0.065648333,0.063113,0.061039333,0.059972667,0.059,0.056507667
0.548620667,0.549781667,0.551108,0.552224333,0.553139667,0.554193667,0.554961333,0.555753,0.556490333,0.557304333,0.557334667,0.557481667,0.557726,0.557943,0.558009,0.557562,0.55741,0.556797,0.556135,0.555535333,0.554668667,0.553953,0.553094,0.552001667,0.550827667,0.548922667,0.546117333,0.541232667,0.53512,0.528367667,0.523062667,0.519236333,0.517049333,0.515733,0.515099333,0.514759333,0.513969333,0.513528667,0.513056333,0.512866667,0.513172667,0.513638,0.514271333,0.515001,0.515491667,0.516268333,0.517012,0.517198333,0.517564667,0.518405667,0.518549667,0.518804333,0.518994333,0.518693667,0.518029333,0.517283667,0.516050667,0.514623,0.513011,0.510732667,0.507579,0.504121333,0.500584,0.495885667,0.490340667,0.484184333,0.477282,0.470264667,0.463561333,0.456874333,0.450718667,0.444769,0.438190667,0.429849333,0.418241667,0.402029,0.379783,0.350059333,0.315775,0.281971667,0.251794333,0.227358667,0.21004,0.197601333,0.189229,0.183313667,0.179317,0.17688,0.175452667,0.174849,0.174908,0.175737,0.177689333,0.181128,0.186068,0.192236,0.199109667,0.206428333,0.214223,0.222177667,0.230463,0.238855,0.247398,0.255442667,0.263460333,0.271540667,0.279365333,0.286712667,0.294048,0.301224,0.308164667,0.314642333,0.320395667,0.325890667,0.330980333,0.335975667,0.340737,0.344897,0.349056333,0.353249667,0.356753667,0.360335,0.363366667,0.366656333,0.369168667,0.371756333,0.373928667,0.376413,0.378401,0.379664333,0.380926,0.381727667,0.382438,0.383113333,0.383442,0.382932667,0.381865333,0.380370333,0.379258667,0.377733667,0.375961667,0.374504,0.372771,0.370420333,0.368192667,0.365264,0.361783333,0.358745,0.355181333,0.350926667,0.346703,0.342775667,0.338255,0.334561333,0.331057,0.327955667,0.325522,0.324191333,0.323630667,0.323298667,0.32327,0.323387667,0.323212333,0.323185667,0.322529,0.321318667,0.319326,0.316520333,0.311906667,0.305027667,0.295854667,0.283338667,0.267465667,0.249828333,0.225738667,0.193804667,0.161490333,0.131407333,0.105902333,0.086863,0.073633667,0.066127667,0.061721667,0.059477333,0.057943333,0.057243,0.057372333,0.058283333,0.059157,0.060727,0.062776333,0.064937333,0.067667333,0.070507667,0.073504667,0.07713,0.080948,0.084812667,0.089042333,0.093499667,0.098225,0.103051667,0.108138333,0.113188667,0.118348333,0.123390333,0.128434667,0.133458667,0.138581667,0.143361,0.148321333,0.153469,0.158526,0.163719,0.169679333,0.174957667,0.180770333,0.185975667,0.191442333,0.197033,0.201986,0.207279667,0.212496333,0.217598667,0.222088333,0.22651,0.230470667,0.234663667,0.237611667,0.240515,0.242712,0.244241333,0.24607,0.247211333,0.248082,0.249379,0.250311667,0.251722,0.252846,0.253604667,0.255233,0.255379667,0.255822333,0.255495333,0.255302667,0.254814667,0.25368,0.251582,0.249687667,0.246417667,0.242678333,0.238768333,0.234568333,0.230442667,0.226019333,0.222101333,0.218158667,0.214096667,0.210514,0.206600667,0.202486,0.197768667,0.193879667,0.190513667,0.186962667,0.182871,0.179094,0.174978667,0.170327667,0.166092,0.162178,0.157887333,0.153764667,0.149703,0.145494667,0.141666667,0.138329333,0.133832667,0.129650667,0.125762333,0.121967,0.117713,0.114116,0.110108,0.106945,0.102439667,0.098238,0.094409333,0.091690667,0.088452,0.084758,0.08135,0.078023,0.075816,0.07343,0.071191,0.068762667,0.066587667,0.065014333,0.063480333,0.062793
0.527745,0.529166667,0.530846,0.532202333,0.533018667,0.533814667,0.535471,0.536709,0.536862667,0.537939333,0.538175,0.538535667,0.539077333,0.539381333,0.539436,0.538883667,0.538890667,0.538335,0.537866667,0.537332333,0.536174333,0.535982667,0.534893667,0.533773,0.532698333,0.530816,0.527879333,0.523039667,0.51673,0.509607,0.503284667,0.498535,0.496573667,0.495146,0.494467333,0.494068,0.492787667,0.492000333,0.490912667,0.491152,0.491371667,0.491936333,0.492415,0.493224333,0.494515333,0.495432333,0.496169,0.496410333,0.497169667,0.498307667,0.498543667,0.499046333,0.499176,0.499082,0.498904,0.498048333,0.496645,0.495041,0.493799333,0.491715667,0.488435333,0.484813,0.481028667,0.476071667,0.470432,0.464086333,0.456951,0.449359667,0.441942667,0.435057,0.428396667,0.421496,0.414698,0.406360333,0.394920667,0.378684,0.356221,0.325992667,0.290618667,0.255946667,0.225147667,0.200067333,0.182011333,0.168943333,0.15988,0.153383333,0.148791667,0.146204667,0.144427667,0.143539667,0.143541667,0.143909,0.145432333,0.148430667,0.152909,0.158534333,0.164985,0.171718333,0.179281333,0.186967667,0.195003333,0.202894667,0.210923,0.219104,0.226932333,0.234659,0.242357667,0.249934,0.257042333,0.263948667,0.270783,0.277240667,0.283158667,0.288499333,0.293913,0.298863667,0.303924,0.308464333,0.312908333,0.317039,0.320993667,0.324964333,0.328416333,0.332236667,0.334805667,0.337706333,0.340231667,0.342901333,0.345557,0.347536333,0.349016333,0.350116667,0.350707,0.351299333,0.351557,0.351127667,0.350724,0.348779333,0.346946667,0.345256667,0.343290667,0.341286,0.339675,0.337398,0.335294667,0.332754,0.329368667,0.326267,0.322582,0.318465667,0.314206667,0.310369333,0.306033333,0.302147667,0.298538667,0.295788333,0.293792333,0.292749333,0.291790333,0.291799,0.292237333,0.292813,0.292801333,0.292459,0.292012333,0.291373667,0.289918,0.287490667,0.283991667,0.277525667,0.268646667,0.256377333,0.240411667,0.221852,0.198384333,0.168484667,0.138171667,0.109106,0.086002333,0.069591,0.057121667,0.051513333,0.048168333,0.045671667,0.044571333,0.044263,0.044367333,0.044565,0.045142,0.046256,0.047498667,0.049112667,0.050733,0.052711333,0.055273667,0.057812,0.060742333,0.063339667,0.067063,0.070330667,0.073938667,0.078040667,0.082281333,0.086005667,0.089969,0.094487333,0.098649667,0.102781333,0.106782333,0.111187667,0.115137,0.119039667,0.123883,0.128263,0.132877,0.137496,0.142029,0.146931333,0.150686667,0.155461333,0.160765333,0.164637333,0.169393,0.173916667,0.177617333,0.182645667,0.186737,0.190246667,0.192782,0.195874667,0.198482333,0.20097,0.202588,0.203990667,0.205415,0.207045333,0.208495,0.210297333,0.212547333,0.214181333,0.215334,0.216191667,0.216450667,0.217138667,0.217776667,0.217583333,0.216482,0.214610667,0.212749,0.209346,0.206427,0.202328667,0.197461667,0.192831,0.188201333,0.184384667,0.180123,0.176045,0.172805,0.169644,0.166119667,0.1621,0.158480667,0.155057667,0.152068667,0.148685667,0.14565,0.142072667,0.138120333,0.134193333,0.131063,0.12824,0.124154667,0.120099,0.116861,0.113870667,0.110961667,0.107915,0.104110333,0.100194,0.096934333,0.093329,0.0901,0.086447333,0.082978667,0.080387333,0.077019667,0.073523667,0.071849,0.069746667,0.066101333,0.063166667,0.061456333,0.058935333,0.055992,0.054534333,0.053288,0.051463667,0.050304333,0.050564667,0.052150667
0.534480333,0.535858667,0.537057,0.538685,0.539818,0.540761,0.542027333,0.543476333,0.543991,0.544894333,0.545192,0.545001,0.545217,0.545951333,0.546347,0.545750667,0.545407333,0.545135333,0.544564,0.543577333,0.542946667,0.542491667,0.541039667,0.54004,0.539519,0.537923,0.534774667,0.529243,0.522656,0.515208,0.509064,0.50466,0.502482333,0.500818333,0.499429,0.498997,0.497615333,0.496208333,0.495629667,0.495616333,0.495445333,0.495562333,0.496578333,0.497571,0.498736333,0.499793333,0.500771667,0.500916333,0.501658333,0.503005667,0.503246,0.503908333,0.503900667,0.50414,0.503535333,0.503078667,0.50214,0.500468,0.498484,0.496362333,0.493096667,0.489292667,0.485831333,0.480898333,0.474981667,0.468068333,0.460902667,0.453278333,0.445637667,0.438525,0.431558,0.424972667,0.417937,0.408970667,0.396945667,0.380217,0.357386667,0.326872667,0.291238,0.255798333,0.224171333,0.197935,0.179252333,0.165698,0.156293,0.149650333,0.144850667,0.141745333,0.139824667,0.138892,0.138565333,0.138819333,0.140215,0.143225,0.147605,0.153142,0.159346,0.166015,0.173278667,0.181045333,0.189051333,0.197089667,0.205,0.212999667,0.220624333,0.228594,0.236290667,0.243637,0.25061,0.257601,0.264124333,0.270595667,0.276410667,0.281703667,0.286806333,0.291781333,0.296813667,0.301547,0.306147333,0.310447667,0.314441,0.318376667,0.321986,0.326015,0.329043,0.332847,0.335334,0.338390667,0.340772333,0.342689,0.344622667,0.346077,0.347115333,0.347572,0.348220667,0.347743,0.346837333,0.345145,0.343453,0.341058333,0.338895667,0.336904667,0.335600667,0.333544333,0.331254,0.32827,0.325125667,0.321797667,0.318312333,0.313865333,0.309504667,0.305013,0.301171,0.297268,0.293543,0.290850333,0.288781667,0.288104333,0.287266,0.287572667,0.288103,0.288403333,0.288906,0.28962,0.289326667,0.288645333,0.287124667,0.285077333,0.281412,0.274624,0.266129667,0.253752667,0.237711333,0.219254,0.195261667,0.165761,0.134404667,0.105591333,0.082172,0.06614,0.053346667,0.048462667,0.044892,0.042229667,0.040579,0.040491,0.040247333,0.040557,0.041080333,0.042292333,0.043401667,0.045221,0.046481333,0.048490667,0.050752667,0.053099,0.055851,0.058983,0.062241667,0.065668,0.069229333,0.073174333,0.076879667,0.080741667,0.084500667,0.088669667,0.09331,0.096635,0.101243,0.104903667,0.108798,0.112466333,0.116385,0.120501333,0.124636333,0.128815667,0.133466667,0.137434667,0.140938667,0.145786,0.149428,0.154411667,0.158345,0.162423,0.166861,0.170622,0.17521,0.178856,0.181898667,0.184535,0.187269333,0.190218333,0.192204667,0.193933,0.195726333,0.197632333,0.199510667,0.201284667,0.203376667,0.204850667,0.206828,0.207589333,0.208808667,0.209164333,0.209467,0.208814667,0.208115333,0.206232,0.203983,0.200521333,0.197659,0.193030333,0.187963333,0.182681,0.177716667,0.173015667,0.167865667,0.164531333,0.161802,0.158728,0.155250667,0.150654667,0.147241,0.144249667,0.141205667,0.138234667,0.135657333,0.133157333,0.129087667,0.125153667,0.122466,0.118998333,0.115677333,0.112602,0.109251333,0.105614,0.102119667,0.099434667,0.096522333,0.093330667,0.08935,0.086650667,0.084646,0.081327333,0.077668667,0.073681333,0.071186333,0.069206,0.067743333,0.064606,0.061311333,0.058622,0.055373,0.053302,0.050397333,0.049568333,0.048518333,0.047382667,0.047162333,0.045192,0.043285333
0.519646,0.520958667,0.522421667,0.523751,0.524461,0.525545333,0.526386333,0.52753,0.528139,0.529125,0.529423667,0.529024667,0.529164333,0.530229667,0.530656333,0.530208667,0.529567,0.529126,0.528959667,0.528957333,0.528106,0.527433333,0.526670333,0.525828,0.524816333,0.522630333,0.520145333,0.515727,0.510105333,0.503548667,0.497756,0.494271667,0.492146667,0.490831,0.490353333,0.489805,0.488587333,0.488645333,0.487739333,0.487344667,0.487839667,0.488305333,0.488830333,0.489743333,0.490920667,0.491477,0.492197,0.492688,0.493599333,0.494328667,0.494474667,0.494976333,0.495208333,0.494886,0.494273667,0.494129333,0.493209,0.491873,0.489957667,0.487878,0.485182667,0.482018333,0.478277,0.473649,0.468614,0.462407333,0.455553,0.448603667,0.441953667,0.435249667,0.428745,0.422515,0.416096,0.407953,0.396706,0.380879333,0.358573667,0.328448667,0.293574333,0.259134667,0.228437667,0.203123333,0.184993,0.171838667,0.162731,0.156479667,0.151781667,0.148897,0.147172,0.146486333,0.146342333,0.147007333,0.148871333,0.152020667,0.156799333,0.162355,0.168979333,0.176235667,0.184117,0.192045333,0.200292333,0.208397667,0.216467,0.224980667,0.233043333,0.240856667,0.248797,0.256330667,0.263417667,0.270684667,0.27755,0.283921333,0.289743,0.295393,0.300647333,0.305598667,0.310242667,0.31468,0.319024,0.323547667,0.327538,0.331265,0.33417,0.337828333,0.340212,0.343083667,0.345648667,0.348174,0.350495667,0.351995,0.353493667,0.354656333,0.355467333,0.355876,0.356381667,0.355493667,0.354447667,0.352728333,0.351289667,0.349003,0.347837667,0.346084,0.343954333,0.341542333,0.339704667,0.337244,0.333984667,0.331222667,0.327887,0.323912667,0.319483333,0.314836333,0.310737667,0.307261,0.304104333,0.301046667,0.299040667,0.298003,0.297463,0.297568333,0.297371667,0.298246333,0.298060333,0.298171667,0.29805,0.297531,0.296129667,0.293344,0.289433667,0.283339667,0.274289,0.261731333,0.244854667,0.225660667,0.200809333,0.168954,0.138459,0.108887667,0.083848333,0.065384,0.052890667,0.046715667,0.042442,0.04053,0.038814,0.038610333,0.038791,0.038911667,0.039633667,0.040756333,0.042364333,0.044472,0.045983,0.048334333,0.050884333,0.053738667,0.056825,0.060391667,0.064120333,0.067659,0.072201667,0.076424333,0.080424,0.085373333,0.089439,0.094571,0.098969,0.103416,0.108038,0.112804667,0.117209333,0.121698667,0.126862667,0.131718,0.136485333,0.141947667,0.146433333,0.1514,0.156734667,0.161471,0.166778,0.171350667,0.176463,0.180940333,0.185728333,0.190440333,0.194655667,0.198351667,0.201911333,0.203987667,0.206995667,0.209531,0.211121667,0.212834333,0.215078333,0.215975667,0.218121333,0.219977333,0.221447667,0.223354333,0.224414333,0.225214333,0.225852667,0.226011333,0.226587667,0.227049,0.225282667,0.223713333,0.220601667,0.217986667,0.214441667,0.209871667,0.205375667,0.200217333,0.195033667,0.191249333,0.186817333,0.182164667,0.178778,0.175303,0.171828667,0.167764,0.162902667,0.160125333,0.157153333,0.153770333,0.149879,0.145933333,0.142098667,0.137567667,0.133679,0.129877,0.126963,0.124328,0.120774333,0.116987333,0.112655333,0.108545333,0.105324667,0.101718,0.097533,0.09435,0.092257667,0.087750667,0.084668,0.081076,0.077523667,0.073269667,0.070648,0.067678,0.064233,0.061417,0.058298667,0.056041333,0.054907667,0.054545333,0.051476,0.049416333,0.048323333,0.045743667,0.045485
0.551219,0.552574,0.554211,0.555464667,0.556272667,0.557189667,0.558229,0.559123333,0.559884,0.560978333,0.561058,0.561048333,0.561423333,0.561920333,0.561815333,0.561381667,0.561311,0.560567667,0.560062667,0.559672,0.559074333,0.558178333,0.557199,0.556275667,0.555087667,0.553332333,0.550190667,0.544772667,0.538078333,0.530843333,0.525472333,0.521511667,0.518974667,0.517907,0.517331333,0.516840667,0.516011667,0.515678333,0.515130667,0.515169333,0.515433,0.516000667,0.516785333,0.517327333,0.518218667,0.519063333,0.519773,0.520283333,0.520753,0.521357667,0.521772333,0.522101333,0.522196333,0.522076333,0.521522333,0.520756667,0.519434,0.517990333,0.51604,0.513684333,0.510581667,0.506738667,0.502965,0.497961333,0.492169,0.485504,0.478206667,0.470470667,0.462769,0.455761667,0.44907,0.442612667,0.435261,0.426,0.413467667,0.396373333,0.372548667,0.340852,0.304450667,0.268821,0.237494,0.212588667,0.195048333,0.18268,0.174399,0.168680333,0.164863,0.162621333,0.161385,0.160989333,0.161129,0.162091667,0.16393,0.167392,0.172414,0.178585333,0.185588,0.192949333,0.200876,0.209029667,0.217495667,0.225972667,0.234512,0.243050667,0.251369333,0.259615667,0.267767667,0.275405333,0.282952667,0.290355667,0.297865333,0.304609,0.310620667,0.316248,0.321564333,0.326750667,0.33197,0.336693333,0.341022333,0.345105667,0.349123333,0.353036333,0.356414667,0.360125333,0.362911333,0.365478333,0.367899,0.370088667,0.372429,0.374250333,0.375970333,0.377080333,0.377833667,0.378121,0.378385333,0.377691,0.376894667,0.375352667,0.373898,0.372208667,0.370485,0.368505,0.366554333,0.364252333,0.361862667,0.359132,0.355395667,0.351975,0.348341,0.343962,0.339121333,0.334538,0.330205,0.326242333,0.322242,0.319129333,0.31664,0.31521,0.314252667,0.314055333,0.31417,0.314146333,0.314257667,0.313712,0.3132,0.312033,0.310147,0.306923,0.302381667,0.295423,0.285749333,0.272453667,0.255767333,0.237499,0.213069,0.182296333,0.150941,0.122344333,0.098238,0.080243333,0.068899333,0.062100667,0.058953667,0.056786667,0.055521,0.054918667,0.055236333,0.055684,0.056654,0.058177,0.059768333,0.062065,0.064079333,0.066826333,0.069719667,0.072914,0.076249667,0.079709667,0.083696,0.088033667,0.092202333,0.096676,0.101311333,0.106159333,0.110560667,0.115619667,0.120194667,0.125053667,0.129978333,0.134403667,0.138956,0.144206667,0.148831333,0.154195333,0.159271333,0.164490333,0.169945,0.175325,0.180364667,0.185572333,0.190566333,0.195528,0.200474667,0.205491333,0.210166333,0.214708,0.219306,0.222639667,0.225716667,0.228418333,0.230648333,0.232854333,0.234486,0.235777667,0.236806667,0.238341,0.239698333,0.241166333,0.242399,0.243998,0.244779,0.245001667,0.245820667,0.246048333,0.245804667,0.245236333,0.244043,0.241949667,0.239464667,0.236649,0.232918,0.228776667,0.224415333,0.220425333,0.216106333,0.211540667,0.207283333,0.20338,0.199942333,0.195819667,0.191422,0.187532667,0.183511333,0.179922667,0.176765,0.173051333,0.169027,0.164515333,0.160134333,0.155970333,0.151825333,0.148,0.144517667,0.140888333,0.137065667,0.132942667,0.128705333,0.124686,0.120805333,0.117499333,0.113855667,0.110086667,0.105758333,0.102120333,0.098801333,0.095143,0.092006333,0.089157333,0.085698,0.082201333,0.078814,0.076184667,0.073207333,0.071081667,0.068952,0.067175333,0.06502,0.063456,0.061311667,0.060742,0.060429333
0.520273667,0.522292667,0.523990333,0.52656,0.527305667,0.52836,0.529682667,0.530150667,0.531283667,0.531465,0.531645333,0.532339,0.532926,0.532886,0.533339667,0.532904333,0.532730333,0.532226667,0.531520333,0.531059333,0.530331333,0.529828,0.52942,0.528357,0.527133,0.524945333,0.521743333,0.517412333,0.511079667,0.504389667,0.498466333,0.494256333,0.492058667,0.490676,0.489637,0.488926667,0.488113333,0.487502333,0.486911667,0.486349333,0.486256667,0.486889,0.487491,0.488417667,0.489385333,0.490164333,0.491141333,0.491723,0.492198667,0.493065667,0.493341333,0.493586667,0.493893667,0.493893,0.493363333,0.492764667,0.491461,0.490271667,0.488669,0.486306333,0.483425,0.480084,0.476573,0.471952333,0.466187,0.46003,0.453508667,0.446010667,0.438692667,0.431943333,0.425142667,0.418921,0.41186,0.403729667,0.392555,0.376565333,0.354464333,0.324581667,0.290140333,0.255944667,0.225508667,0.200699667,0.182615333,0.169658,0.160556667,0.153859,0.149162333,0.14637,0.144522667,0.143594667,0.143505,0.144031,0.145626,0.148571667,0.152936,0.158583,0.165104333,0.171901667,0.179234333,0.187008667,0.194919,0.202817,0.210584,0.218586333,0.225896667,0.233559667,0.241107667,0.248363333,0.255353333,0.261946333,0.26843,0.27441,0.280115667,0.285142667,0.290117333,0.294694,0.299597333,0.303949333,0.308317333,0.312429,0.316594667,0.320686667,0.324264,0.327699333,0.330188333,0.333400667,0.335962333,0.338773333,0.341104,0.343247333,0.345263667,0.346169667,0.347004,0.347317333,0.347823667,0.347336,0.346452333,0.344647667,0.342818667,0.340735333,0.339062333,0.337178333,0.335611333,0.333786667,0.331799,0.329367667,0.326108,0.322613,0.318827667,0.314649333,0.310711667,0.306603667,0.302516,0.298749333,0.295214,0.292644667,0.290540667,0.289879667,0.289512,0.290139333,0.289905667,0.290636333,0.290783667,0.290854333,0.290037667,0.289821333,0.288426,0.286312,0.282034333,0.276105667,0.267842667,0.255819667,0.240507333,0.223119667,0.199881333,0.170651,0.139130667,0.110670333,0.086148,0.068222667,0.056131333,0.050182333,0.046541,0.044055667,0.04321,0.042944333,0.042563333,0.042968333,0.043889,0.044924,0.046283667,0.048086,0.049877667,0.052131333,0.054570333,0.057244,0.060426333,0.063406,0.067077333,0.070616,0.074608333,0.078881667,0.082984333,0.087124,0.091739667,0.095498667,0.100185,0.104470667,0.108698667,0.112462,0.116404667,0.120752,0.124645,0.128903,0.133587667,0.138024333,0.142108667,0.146478667,0.151067333,0.155613667,0.159377333,0.164091667,0.168558667,0.172756667,0.177401667,0.18148,0.185144,0.189079333,0.192180333,0.194912667,0.197827667,0.200484667,0.202585333,0.204012,0.206111333,0.207275667,0.209840333,0.211325333,0.213432,0.215014333,0.216940667,0.217902667,0.218963,0.219129333,0.219451333,0.218809,0.218135667,0.216259333,0.213366667,0.210594667,0.206533667,0.202332667,0.197170667,0.191858667,0.187470333,0.183074333,0.17815,0.174167,0.170626667,0.167181,0.164175,0.160387667,0.156767667,0.153130667,0.149749,0.146888667,0.14383,0.140968333,0.136961333,0.132943333,0.130208,0.127153333,0.124254,0.121184333,0.117216667,0.114093667,0.111033,0.106844,0.102892667,0.100268667,0.097548,0.093731333,0.089592333,0.086602333,0.084012,0.08037,0.076295333,0.073112667,0.069862,0.067259667,0.065460667,0.063262333,0.060375,0.05828,0.056052333,0.053332333,0.052833333,0.052818667,0.051178,0.048318667,0.047361333
0.542553,0.544931667,0.547386667,0.549891333,0.551342,0.552189333,0.553778667,0.555061,0.555314,0.556577333,0.556550667,0.556683333,0.556954333,0.557376,0.557748333,0.557130333,0.556855667,0.556392,0.555714333,0.554951667,0.554444667,0.553469333,0.552237,0.551415667,0.550298333,0.548223,0.544339667,0.538229667,0.530756667,0.522432,0.516143,0.511774667,0.509164,0.508046333,0.507421667,0.507383,0.506744667,0.506403,0.505644667,0.505724,0.506123667,0.506736333,0.507722667,0.507963,0.509139,0.510105667,0.510766333,0.511428333,0.511843667,0.512991,0.513176,0.513578667,0.513461,0.513441333,0.512739333,0.512196333,0.510794333,0.509051667,0.506905,0.504198667,0.501067,0.497047333,0.492793667,0.487129,0.480673333,0.473493667,0.465368333,0.457357,0.449346333,0.441820333,0.434487,0.427435667,0.419629667,0.410088,0.39702,0.379270667,0.354584333,0.32222,0.286117667,0.251131333,0.221103667,0.197503667,0.180896,0.169561667,0.161942333,0.156840667,0.153387,0.151497,0.150325,0.150094667,0.150191667,0.151179333,0.153202667,0.156172667,0.160868,0.166772,0.173163667,0.180253,0.18784,0.195781,0.203944667,0.212085667,0.220183333,0.228423667,0.236542,0.244455333,0.252475667,0.260192,0.267628,0.274816667,0.281826333,0.288966667,0.294988667,0.300603333,0.305997333,0.311182667,0.316345,0.321119333,0.32552,0.329839333,0.333717,0.337665667,0.340780333,0.344394333,0.347191667,0.350001333,0.352354667,0.354586667,0.356890333,0.358963333,0.360393667,0.361533667,0.361879,0.362509,0.362593,0.362438667,0.361656,0.360039,0.359102667,0.356700667,0.355172333,0.353339,0.351389333,0.349070667,0.346368,0.343695333,0.339896333,0.336156667,0.332317,0.327852,0.323056333,0.318993667,0.313818333,0.309501667,0.306020667,0.302662333,0.300363333,0.298811,0.297411667,0.297709667,0.297497333,0.297381667,0.296725667,0.296625333,0.296083667,0.294158,0.2927,0.289384667,0.284179667,0.277665333,0.268151,0.255817,0.240273667,0.224296,0.20198,0.172651,0.142206667,0.115705333,0.094435667,0.07862,0.068226333,0.062577667,0.058737,0.057036667,0.056139,0.055877667,0.056048,0.056430667,0.057480333,0.058909,0.059989,0.061767,0.064041333,0.066499333,0.069,0.071736667,0.074886333,0.078045333,0.081321,0.085260333,0.089313,0.093411667,0.097873,0.101821,0.106478667,0.111156667,0.115623,0.119847333,0.124208,0.129052,0.133562,0.138581667,0.143012667,0.148336,0.153718,0.158546,0.164229333,0.169107333,0.174275333,0.179082333,0.184082667,0.189471333,0.19449,0.199366,0.204214,0.208229667,0.212274,0.21638,0.218997,0.221902333,0.224018333,0.22594,0.227829,0.229367,0.230093,0.231993667,0.233558,0.233989,0.235416667,0.236191333,0.236904333,0.236909,0.237668,0.238345333,0.238102333,0.236426333,0.235602333,0.234097667,0.231636667,0.22818,0.225417333,0.220974667,0.216781667,0.213398,0.208953333,0.204698,0.201369,0.197054,0.192985333,0.189330333,0.185504333,0.181324,0.177159667,0.173377667,0.169607,0.166354667,0.16277,0.158699,0.153569333,0.150178333,0.147022,0.142993667,0.138837667,0.134907,0.131719667,0.127797333,0.124059333,0.120427333,0.116560333,0.113012667,0.110109,0.106975,0.102697667,0.099222333,0.097284,0.094879333,0.090556,0.086065,0.083284,0.081377667,0.079442333,0.075696667,0.072278,0.070001,0.069005667,0.067751333,0.065864,0.063876333,0.063531333,0.064468667,0.064555667
