variant,n_paired,median_log_ratio,pvalue,holm_pvalue
MKM-reml-msc,10,-0.01780453928700019,0.5,1.0
MKM-reml-asls,10,-0.002168589710340682,0.5,1.0
MKM-reml,10,0.0033473657045148446,0.615234375,1.0
mkR-softmax_cv-snv,10,0.004808988583049645,0.947265625,1.0
mkR-softmax_cv-msc,10,0.011195559727017645,0.9814453125,1.0
Ridge-raw,10,0.22661271907254296,0.998046875,1.0
