variant,n_total,n_ok,n_fail,n_converged,median_rel_pls,ci_low_rel_pls,ci_high_rel_pls,wins_vs_pls,losses_vs_pls,ties_vs_pls,median_rel_ridge,median_rel_tabpfn_opt,median_fit_time_s
MKM-reml-msc,10,10,0,9,0.9517772550887802,0.8908102680837836,1.1913448805758171,7,2,0,1.002615855035507,1.1420901512492792,25.937191486358643
MKM-reml-asls,10,10,0,10,0.9637673070373256,0.915289675620072,1.0122448201491479,6,3,0,1.0023064227808274,1.096090179472876,26.13076877593994
mkR-softmax_cv,10,10,0,10,0.9754633645632329,0.9015356551948468,1.0154911537725253,5,4,0,1.0067810664354628,1.0803852464324808,28.158831000328064
mkR-softmax_cv-msc,10,10,0,10,0.9765195948869065,0.9362807626878984,1.169088658024494,5,4,0,1.0559153391658274,1.161636254634446,44.2698529958725
mkR-softmax_cv-snv,10,10,0,10,0.9773379531940514,0.943889479098318,1.1128501489418006,5,4,0,1.0492379869594408,1.1643406418911602,23.932666778564457
MKM-reml,10,10,0,8,0.9852569814788716,0.8786262195277378,1.0143125612082755,6,3,0,0.9996082559455663,1.1004114214781822,31.101200819015503
Ridge-raw,10,10,0,10,1.2630558016001392,1.116205559951958,4.516515921862921,1,8,0,1.3212487971943738,1.4751949464628589,0.04514634609222405
