1000,1005,1010,1015,1020,1025,1030,1035,1040,1045,1050,1055,1060,1065,1070,1075,1080,1085,1090,1095,1100,1105,1110,1115,1120,1125,1130,1135,1140,1145,1150,1155,1160,1165,1170,1175,1180,1185,1190,1195,1200,1205,1210,1215,1220,1225,1230,1235,1240,1245,1250,1255,1260,1265,1270,1275,1280,1285,1290,1295,1300,1305,1310,1315,1320,1325,1330,1335,1340,1345,1350,1355,1360,1365,1370,1375,1380,1385,1390,1395,1400,1405,1410,1415,1420,1425,1430,1435,1440,1445,1450,1455,1460,1465,1470,1475,1480,1485,1490,1495,1500,1505,1510,1515,1520,1525,1530,1535,1540,1545,1550,1555,1560,1565,1570,1575,1580,1585,1590,1595,1600,1605,1610,1615,1620,1625,1630,1635,1640,1645,1650,1655,1660,1665,1670,1675,1680,1685,1690,1695,1700,1705,1710,1715,1720,1725,1730,1735,1740,1745,1750,1755,1760,1765,1770,1775,1780,1785,1790,1795,1800,1805,1810,1815,1820,1825,1830,1835,1840,1845,1850,1855,1860,1865,1870,1875,1880,1885,1890,1895,1900,1905,1910,1915,1920,1925,1930,1935,1940,1945,1950,1955,1960,1965,1970,1975,1980,1985,1990,1995,2000,2005,2010,2015,2020,2025,2030,2035,2040,2045,2050,2055,2060,2065,2070,2075,2080,2085,2090,2095,2100,2105,2110,2115,2120,2125,2130,2135,2140,2145,2150,2155,2160,2165,2170,2175,2180,2185,2190,2195,2200,2205,2210,2215,2220,2225,2230,2235,2240,2245,2250,2255,2260,2265,2270,2275,2280,2285,2290,2295,2300,2305,2310,2315,2320,2325,2330,2335,2340,2345,2350,2355,2360,2365,2370,2375,2380,2385,2390,2395,2400,2405,2410,2415,2420,2425,2430,2435,2440,2445,2450,2455,2460,2465,2470,2475,2480,2485,2490,2495,2500
0.4397516279,0.4431273862,0.4443279061,0.4454731221,0.4468940458,0.4480283878,0.4491017727,0.4500990204,0.4510182049,0.4517950192,0.4524495271,0.4530164412,0.4535001976,0.453747223,0.4539071487,0.4540018834,0.453835716,0.4536112267,0.45316773,0.4526857683,0.4520074111,0.4512717312,0.4504101594,0.4493704424,0.4480799169,0.4460814774,0.4429338912,0.43796144,0.4310998454,0.4232152638,0.415628509,0.4096073254,0.4053919275,0.4025610569,0.4005420225,0.3987480801,0.3968956902,0.3951388505,0.3939031469,0.3933356629,0.3935174329,0.3942146999,0.3953874689,0.3969859017,0.3989111298,0.4009429229,0.4027548787,0.4043305466,0.4057406032,0.406997314,0.4080199263,0.4087704468,0.4093760069,0.4096790242,0.4097312853,0.4095658058,0.4088712111,0.4078238187,0.4063692511,0.4043905432,0.4018518321,0.3985709758,0.3945379322,0.3896045318,0.3837877691,0.3770743383,0.3695751917,0.3617036374,0.3535877128,0.3457861066,0.3383277643,0.3312204382,0.324007561,0.3157564643,0.3052249109,0.2909627931,0.2714590344,0.2459646835,0.21621408,0.1859057668,0.1583738199,0.1363455429,0.1199797292,0.1086493394,0.1008913693,0.09552846305,0.09188037659,0.08947990535,0.08798591236,0.0872064409,0.0869372138,0.08711069533,0.08778532485,0.08924042941,0.09156822973,0.09474219664,0.09857159181,0.1029306876,0.1077404438,0.1128424323,0.1182664498,0.1239382367,0.1297621557,0.1357328378,0.1417277605,0.1477428838,0.1537297748,0.1595793319,0.1653862041,0.1710883292,0.1766409168,0.1820278679,0.1871296496,0.1920938339,0.1967809163,0.2012813443,0.2056165205,0.2097314037,0.2137424718,0.2175673381,0.2212669648,0.2248159964,0.2280885314,0.2310946772,0.2338771194,0.2363177365,0.2385764587,0.2406911567,0.2426152779,0.244201861,0.2453184064,0.245908137,0.2458643251,0.2454017284,0.2443631285,0.2426555057,0.2401651357,0.2370999167,0.2337054446,0.2301585374,0.2269048826,0.2241118389,0.2215250618,0.2193509495,0.2173977246,0.2153627396,0.2134029974,0.2115017293,0.2092537058,0.2064147199,0.2031251061,0.2000089043,0.1975098128,0.1954336013,0.1938622033,0.1924597356,0.19129497,0.1905329638,0.1900860275,0.1900252755,0.1903250915,0.191660485,0.1921434205,0.1926007638,0.1928483973,0.1926915752,0.192064302,0.1907235526,0.1883557263,0.1844895115,0.1786549222,0.1702656478,0.1588542756,0.1443537433,0.1265579444,0.1065001225,0.08668303458,0.06918452343,0.05538250923,0.04561892256,0.03950512296,0.03592630801,0.03386174577,0.03264278978,0.03192351716,0.03152611592,0.03135312173,0.03138560429,0.03159407664,0.03196996481,0.03241794067,0.03302254179,0.033690887,0.03448786913,0.03533507516,0.03628943839,0.03727257885,0.03841307244,0.03958997686,0.04087504198,0.04225219972,0.04363435195,0.04513207673,0.04665378656,0.04815134941,0.04969885206,0.05123923607,0.0527865711,0.05426975522,0.0558066661,0.05729100496,0.05883012133,0.06047867593,0.06217992664,0.06393662092,0.0657357697,0.06753564097,0.06934863884,0.07114908239,0.07295881984,0.07476301267,0.07659902214,0.07834789669,0.08006801508,0.08175608811,0.08331831268,0.08484929844,0.08627998805,0.08760890137,0.08887308012,0.09017726832,0.0914367242,0.09263530435,0.09375822874,0.09491000138,0.09600414973,0.09707583701,0.09810935634,0.09904522502,0.0999042982,0.1006105382,0.101137055,0.1014910462,0.1016012376,0.1014759437,0.1010611639,0.1003009215,0.09901724632,0.097166101,0.09481882107,0.09208393374,0.08903089991,0.08600811894,0.08318270985,0.08066768216,0.07864824163,0.07677508576,0.07479488475,0.07261240648,0.07022632967,0.06804119454,0.06662047503,0.06583734213,0.06563125681,0.06531059859,0.06479914378,0.0636303894,0.06210129781,0.06056898528,0.05903271659,0.05787866566,0.05701088345,0.05630875226,0.05524453924,0.05435093653,0.0534492749,0.05243194453,0.0513854983,0.05030886641,0.04931565936,0.04817965328,0.04732025745,0.04632460988,0.0454785534,0.04465787012,0.04358919175,0.04277084975,0.04191699028,0.04103730992,0.0402780878,0.03923990107,0.03862853409,0.03757353325,0.0368882618,0.03642794697,0.03581348359,0.03554702051,0.03526333732,0.0351624853,0.03464742428,0.03451191893
0.5591478119,0.5618317916,0.5630702293,0.5647161639,0.5663656889,0.5678537302,0.5692829717,0.5706249594,0.571785629,0.5729355588,0.5738281502,0.5748317479,0.5754425384,0.575958923,0.5764291855,0.5765410105,0.5765737587,0.5764272962,0.5760382649,0.5755539714,0.5749058213,0.5740463293,0.5731328938,0.5720367614,0.5704564115,0.5681058353,0.5643754587,0.5590618395,0.5519651583,0.5436878936,0.5352725681,0.5278579817,0.5220814471,0.5178373435,0.5148276202,0.5123140146,0.5101338199,0.5079848277,0.5062163547,0.5049847732,0.5043669723,0.5044655493,0.505304437,0.5067805465,0.5086797358,0.5107214253,0.5126590377,0.5144938785,0.5160695959,0.517466914,0.5186907704,0.5196642162,0.5204451624,0.5210294953,0.5213166334,0.521295391,0.5209358539,0.5201830983,0.5189045215,0.5171441552,0.5146080513,0.5112993493,0.5070203178,0.5016577012,0.4953912809,0.4879398138,0.4795194781,0.4704853503,0.4612612433,0.4523088541,0.4439977189,0.4363324503,0.4286812333,0.4202544768,0.409877028,0.3958692232,0.3763824897,0.3497973169,0.3170326723,0.2814715567,0.2466430643,0.216060048,0.1911970965,0.1721507219,0.1579789809,0.147501448,0.1398230231,0.1343452738,0.1306263153,0.1283254496,0.1270594947,0.1265751114,0.1268820933,0.1282371923,0.130719314,0.1343627856,0.1389276056,0.144172708,0.1499419233,0.1560128064,0.16237222,0.1688341177,0.175414866,0.1820009023,0.1885252598,0.1949211806,0.2011450599,0.2071392415,0.2129433076,0.2185052588,0.2239076051,0.2290590802,0.2339763087,0.2387426335,0.2433636933,0.2477936997,0.2521549358,0.2563959788,0.2606468781,0.2648184459,0.2688830294,0.2728318309,0.2766537205,0.2803130509,0.2836824233,0.2868255979,0.2897491748,0.2924100247,0.2947875321,0.2966260232,0.2977603753,0.2979532572,0.2975816389,0.2971491205,0.2968863227,0.2967526347,0.2963066414,0.2951347096,0.2933688503,0.2914344179,0.2893406594,0.2869158852,0.2842277107,0.2814415356,0.2786714276,0.2759734402,0.2734978981,0.2713518382,0.269160384,0.2665738519,0.2638036263,0.26098318,0.2583603933,0.256036145,0.2541660976,0.2526414131,0.2515455777,0.2510681724,0.2510626954,0.2516273595,0.2525391173,0.2538535941,0.2549937592,0.2560554026,0.257007481,0.2576707469,0.2578805515,0.2574714947,0.2560359848,0.2530820378,0.2480669976,0.2402581632,0.2289106966,0.2135161383,0.1934261243,0.1686472026,0.1412741295,0.1135945482,0.08829116202,0.06764969194,0.05316103596,0.04385322101,0.03839690898,0.03527587047,0.03343564145,0.03240571305,0.03193013328,0.03184823905,0.03210294868,0.03270331764,0.03350221437,0.03457201549,0.03580670341,0.03726511654,0.0389499457,0.04082170822,0.04292439254,0.04517500932,0.04756936394,0.05005038655,0.0526951405,0.05528667668,0.05798229011,0.06065322505,0.06322537646,0.06571424141,0.06802381308,0.07019297547,0.07223396485,0.07410238166,0.0759189079,0.07763031816,0.07950355209,0.08137227946,0.08327928227,0.08517904682,0.08708311174,0.08890037362,0.09068347705,0.0925542532,0.09433124105,0.09622160862,0.09813609584,0.09997340147,0.1018243505,0.103527263,0.1052255545,0.1069301868,0.1086361161,0.1104434637,0.1123823542,0.1144208142,0.1164756241,0.1185055974,0.1206257282,0.1226337382,0.1247918878,0.1269320493,0.1291142067,0.1311771953,0.1331261243,0.1348841881,0.1363726695,0.1377129052,0.1385956983,0.1390782938,0.1389299782,0.1379042239,0.1360695405,0.1336218046,0.1303285102,0.1267632955,0.1229166533,0.1189845722,0.1151055751,0.1117358907,0.1086961904,0.1062037142,0.1039756915,0.1018277063,0.09948369727,0.09727083568,0.09547701781,0.09434073284,0.09329563429,0.09203690281,0.09023304432,0.08814324379,0.0860831733,0.08377584995,0.08198853783,0.08063270695,0.07929589435,0.07768060516,0.07596993392,0.07424807994,0.07249058074,0.07050879016,0.06856557964,0.06684166683,0.06486421637,0.06297656258,0.06105109511,0.05884118501,0.05694989244,0.05493229745,0.05299524284,0.05094030628,0.04888068697,0.04740351339,0.04546110169,0.04439455836,0.04248784898,0.04172638709,0.04001287986,0.0393310508,0.03813557861,0.037375242,0.03683353289,0.0361688851,0.03671296205
0.5730885849,0.5762343658,0.578058915,0.5798685195,0.5817940989,0.5836167895,0.5851948686,0.5866813406,0.58805381,0.5893040067,0.5904308544,0.5913210572,0.5921051636,0.5927075375,0.5930381458,0.5932318734,0.5932134037,0.5929819602,0.5925649605,0.5919795807,0.5911238242,0.5901671318,0.5890284795,0.5876519113,0.5856993313,0.5828023633,0.5783600287,0.5719288874,0.5634146773,0.5534607791,0.5434323879,0.5346274881,0.5275998814,0.5225788564,0.5187712514,0.5157592516,0.512841581,0.510089476,0.5078951755,0.5063473725,0.5055790057,0.5057910195,0.5070767413,0.5092822096,0.511971419,0.5147882741,0.5174146105,0.5197323787,0.5217032774,0.5234403174,0.5249310088,0.5261502339,0.5270488639,0.5276595038,0.5279547556,0.5278957982,0.5274584701,0.5265301397,0.5250935888,0.5228524439,0.5198825776,0.5159596122,0.5110397979,0.504913512,0.4977008604,0.4891922313,0.4796561367,0.4694669937,0.45898452,0.4488918009,0.4393851732,0.4305048568,0.421725841,0.4121098228,0.4004651998,0.3850561772,0.3639635414,0.3357750147,0.3018198972,0.265666155,0.2308830175,0.2009748524,0.1771026538,0.1591465118,0.1461113971,0.1366339787,0.1298817759,0.1251468519,0.1219955179,0.1200982624,0.1190804185,0.1187800616,0.119129434,0.1203580778,0.1226409952,0.1259887955,0.1302083632,0.1350630429,0.1403899636,0.1460451225,0.1519423215,0.1579997654,0.1641616675,0.1703254177,0.1764473621,0.1825154376,0.1884621303,0.1942305488,0.1998004824,0.2051764495,0.2103403893,0.2153472401,0.2200753576,0.2246798793,0.229099185,0.2333940299,0.2376298324,0.2417195208,0.2457803361,0.2497860637,0.2536672298,0.257465084,0.2611153233,0.2645868642,0.2677821083,0.2707192041,0.2733361812,0.2757689856,0.2778198994,0.2794928974,0.280367335,0.2803939223,0.2796677678,0.2788010047,0.2780206644,0.2772370468,0.2759791959,0.2739831075,0.2711988739,0.2680244988,0.264891308,0.2614887812,0.2577961182,0.2544648578,0.2519690953,0.2500002814,0.2484305917,0.2469190803,0.2449818348,0.2426206335,0.2399593995,0.237491198,0.2353312982,0.2336730689,0.2322592878,0.2310710789,0.2303159242,0.2301025324,0.2305867779,0.2314710481,0.2325523725,0.2334334192,0.2346630469,0.2357892077,0.2366811692,0.2372967095,0.2375240097,0.2370947945,0.2356781467,0.2328601281,0.2280644824,0.2206022592,0.2098488177,0.1953961755,0.176652854,0.1538725826,0.1292175435,0.1048646502,0.08321433162,0.06608297215,0.05441458868,0.04721187607,0.04313493038,0.04089032427,0.0396313308,0.0389511771,0.03864656269,0.03862199206,0.0388396372,0.03923404472,0.03981967493,0.04055582649,0.04145963604,0.04251942574,0.04374904418,0.04512067805,0.04665491432,0.04830684277,0.05011416996,0.05198276612,0.0539240472,0.05596976513,0.0580719638,0.06021366973,0.06229256348,0.06428976633,0.06618983767,0.06796446609,0.06957934896,0.07114861707,0.07263014671,0.07405989599,0.07550087798,0.07700160898,0.07851900894,0.08005083805,0.08159118376,0.08309214771,0.08454301616,0.0860294359,0.08747651935,0.08893173645,0.09038471145,0.09178177686,0.09313649019,0.09443118179,0.09569668506,0.09694834033,0.09818987413,0.09955423975,0.1010523951,0.1027247473,0.1045114395,0.1063722432,0.1081799871,0.1100246515,0.1119291851,0.1138283938,0.1157570498,0.117587881,0.1193426715,0.1208491678,0.1222298539,0.1233761049,0.1242287145,0.1245908714,0.1243876936,0.1233576188,0.1215562272,0.1189653769,0.1157631453,0.1121539857,0.1084050266,0.1046569808,0.1010916048,0.09792693261,0.09508593823,0.09260198387,0.09035838454,0.08806183914,0.08578530886,0.08393890575,0.08287678023,0.08241442362,0.08204749027,0.08110929699,0.07968575183,0.07806845199,0.07646176671,0.07488330334,0.07363772582,0.07267379332,0.07177234887,0.07079340976,0.06955074914,0.06839964054,0.06727792038,0.06583590959,0.06443839481,0.06300579922,0.06154559412,0.0601156137,0.05874186922,0.0574857154,0.05620234908,0.05451969263,0.05346532289,0.05211992036,0.05060530917,0.04942759874,0.04789865839,0.04701031142,0.04573705963,0.04513623608,0.04420524849,0.04353692489,0.04280335787,0.04245810245,0.04186329833,0.04174525739,0.04104866544
0.4336525893,0.4350882081,0.4359519607,0.4368884848,0.4378373963,0.4387671539,0.439600917,0.4402806285,0.440970552,0.441513869,0.4420301157,0.4425215626,0.44309699,0.4434669565,0.4437659393,0.4440469958,0.444110097,0.4441475795,0.4440821335,0.4439005099,0.4435083772,0.4430789457,0.4425592925,0.4419514886,0.441160126,0.4399189725,0.4379675461,0.4350529879,0.4309185204,0.425888148,0.4208178644,0.4164285554,0.4130619009,0.410704299,0.4090855446,0.4078046471,0.406630396,0.4054073936,0.4044149774,0.4036726304,0.4032957334,0.4032144558,0.4035505892,0.4043190347,0.405571392,0.4071029154,0.4085791825,0.4098593539,0.4110065472,0.4120565267,0.4128820409,0.4135384698,0.4140970133,0.4145147079,0.4146191716,0.4145331898,0.4143587366,0.4139769134,0.413253307,0.4122495375,0.4107937762,0.4088798562,0.4063624692,0.4031190656,0.3991997128,0.3945727101,0.389317332,0.3836314007,0.3776623555,0.3718332804,0.3662999423,0.3610772602,0.3558105815,0.3499724834,0.3425996825,0.3324973818,0.3181357004,0.2980706303,0.2728433165,0.244966361,0.2173167525,0.1928135203,0.172715408,0.1573049279,0.14586451,0.1373981149,0.1312327207,0.1268426493,0.1238863067,0.1220552872,0.1210743832,0.12074761,0.1211340723,0.122493056,0.1249463453,0.1284632246,0.1327350237,0.1376253719,0.1429441362,0.148572668,0.1544011414,0.1603733584,0.1663847278,0.1724476989,0.1783937046,0.1842979924,0.1899870459,0.1954906571,0.2008458011,0.2059864123,0.2110048272,0.2158099819,0.2203248563,0.2246421068,0.2287171076,0.2326721973,0.2365184338,0.2401730283,0.2438225205,0.2473070826,0.2507155598,0.2540024878,0.2571274268,0.2600535858,0.2627776151,0.2652901931,0.2675059384,0.2695328887,0.2711479261,0.2723693391,0.2730714555,0.2733978392,0.2733411175,0.2731494148,0.2729322716,0.2724611176,0.2715616325,0.2700901413,0.2681983762,0.2659983557,0.263708381,0.2612542572,0.2585980451,0.2558965833,0.2532988133,0.2508557172,0.2489077249,0.2478931117,0.2473133709,0.2458677117,0.2436927068,0.2410539199,0.2382482758,0.235871486,0.2342515312,0.2331680564,0.2323286489,0.2318337131,0.2317800322,0.2320431876,0.2326329289,0.2338261481,0.2347426262,0.2356063383,0.2361910873,0.236561587,0.2366351462,0.236094179,0.2346333229,0.2319248403,0.2273224246,0.2202480916,0.2099579052,0.1960609437,0.1777620631,0.1551437443,0.130151202,0.1047663261,0.08163050333,0.06285493723,0.04962414466,0.04113576657,0.03615034308,0.03324344569,0.0314864077,0.03052492367,0.03008308656,0.03008503307,0.03041235101,0.0310268175,0.03189931783,0.03302338646,0.03431321635,0.03582912523,0.03748175184,0.03936125071,0.04143040421,0.04364937415,0.04602875963,0.04850726979,0.05105362345,0.05368750469,0.05633158306,0.05902279913,0.06161222476,0.06420640606,0.06657750153,0.06889525891,0.07102417792,0.07302149154,0.07492807536,0.07685682639,0.07891116862,0.08101809821,0.08320631874,0.08542534519,0.08763041372,0.089808812,0.09191198322,0.09399082756,0.09601906757,0.09800971291,0.09995625545,0.1018867129,0.1036984778,0.1054282724,0.1070978496,0.1086730901,0.1101762054,0.1117749972,0.1134257458,0.1150546014,0.1165257466,0.1179031589,0.1193748543,0.1208758716,0.122503079,0.1241179193,0.1257539469,0.1273595732,0.1288312402,0.1302197374,0.1313381485,0.1321636387,0.1325625661,0.1323864189,0.1314206328,0.1296177743,0.1272038104,0.1240284061,0.1207161202,0.1173167637,0.1139257636,0.1108012198,0.1080156739,0.1056157287,0.1035555933,0.1017337133,0.09976143126,0.09723619254,0.09432669979,0.09126342341,0.08852687468,0.08710929216,0.08698982032,0.08653694966,0.08514193598,0.08329931697,0.08120530455,0.07906546943,0.07712604994,0.07578988948,0.0749168771,0.07374178865,0.07217912712,0.07046736746,0.06872108302,0.06682125387,0.06516212784,0.06345213593,0.06176998733,0.0600623258,0.05814636944,0.05610914524,0.05417381076,0.05251208077,0.05063040664,0.04881849037,0.04705258152,0.04522592702,0.04352867074,0.04217461051,0.040516984,0.03936402053,0.0380865255,0.03674256602,0.0359307307,0.03536425453,0.03469763402,0.03418019112,0.033821054
0.4278691974,0.4295633739,0.4303113887,0.4310631233,0.4318532541,0.4327005522,0.4333695334,0.4339458296,0.4345458467,0.4350134759,0.4354637874,0.4358840718,0.4362474448,0.4366602409,0.4368780086,0.4369809989,0.4370425211,0.4370149521,0.4368833203,0.4366761763,0.4362912559,0.4358670267,0.4353514844,0.4347697141,0.4338970197,0.4326410685,0.430829025,0.4281270837,0.4241883424,0.4195437165,0.4147037244,0.4104311247,0.4071509968,0.4048253121,0.4032107248,0.4019408255,0.4007317806,0.3995778948,0.3985485616,0.3978744568,0.3974317982,0.3973662629,0.3975850533,0.3982748952,0.3994816121,0.4010651447,0.4026091434,0.4038911552,0.4049764362,0.4059607625,0.406753372,0.4073986068,0.4078571254,0.4082402335,0.4082918372,0.4082380149,0.4080214703,0.407677381,0.4070799525,0.4061546793,0.4047908227,0.4029642762,0.4006359146,0.3976565478,0.3940491749,0.3897248724,0.3847535063,0.3793663198,0.3736585421,0.3680478276,0.3626965779,0.3577540133,0.3527958482,0.3471709267,0.3400808115,0.3304570452,0.316878585,0.2978401498,0.2736129931,0.2465950113,0.2195267978,0.1952349203,0.1751136766,0.1596251843,0.1481725714,0.1397733219,0.1337318992,0.1295169492,0.1267032172,0.1250406204,0.1241494122,0.1238954722,0.1243087769,0.1256593303,0.1280546934,0.1315345946,0.1357835316,0.1406071585,0.1458628592,0.1513279295,0.15700562,0.1627798148,0.1686579486,0.1744717802,0.1802120065,0.1858617487,0.1913510982,0.1965968239,0.2017238021,0.2066206868,0.2113775877,0.2159614673,0.2202605827,0.2243279013,0.2281466869,0.2318576674,0.2354340423,0.2389041812,0.2422572314,0.2456046689,0.2487958885,0.2519455872,0.2549284892,0.2576773462,0.260247042,0.2625629906,0.2645775611,0.2663356137,0.2678326794,0.2687592951,0.26921087,0.2691930335,0.2688565646,0.2684239516,0.2680530039,0.2673793507,0.2663191039,0.2646656775,0.2625966979,0.2603248424,0.2579048795,0.2552637795,0.2523896432,0.2494983677,0.2466975712,0.2442031405,0.2424212347,0.2418798025,0.2417704304,0.2408260711,0.2388228927,0.2363938687,0.2337778424,0.2315721958,0.2301566155,0.2293466967,0.2287343522,0.2283562565,0.2283072841,0.22858722,0.2291395675,0.2298537568,0.230798262,0.2316669794,0.2323203426,0.232770815,0.2329397112,0.2325482714,0.2313008073,0.2288110615,0.2244970476,0.2178413438,0.2081181697,0.1948908416,0.1773740221,0.1555409018,0.131101253,0.1060380265,0.08304184742,0.06425598218,0.05093143545,0.04239306522,0.03738808874,0.03442480143,0.032707936,0.03177688892,0.03134758219,0.03135346814,0.03172476092,0.03236780256,0.03331132615,0.03443724508,0.03576134146,0.03730946027,0.03898375546,0.04093206498,0.04299923006,0.04522549441,0.04761378853,0.0500679819,0.05263063323,0.05522796305,0.05787151119,0.06051751839,0.06310703762,0.06559119724,0.06793244473,0.07013608301,0.07211881002,0.07397861056,0.07574097952,0.07746585825,0.07933756098,0.08136652315,0.0833815236,0.08544206923,0.08747844657,0.08946265334,0.09139402138,0.09328508674,0.09509975198,0.09690488131,0.09864957805,0.1003263705,0.1019197892,0.1033542665,0.1047814203,0.1061052875,0.1074271897,0.1088459626,0.1102931136,0.111744456,0.1131031619,0.1143487158,0.1157030209,0.1170931695,0.1185996177,0.120063929,0.1216077061,0.1231490901,0.1246277365,0.1259195053,0.1269809463,0.1278197585,0.1281333783,0.1278263117,0.1267393166,0.1247053152,0.1219763935,0.1187191575,0.1151606377,0.1115267765,0.1081974333,0.1051529027,0.1024767643,0.1004024016,0.0985894422,0.09696458629,0.09502080413,0.09258952036,0.08970723059,0.08672212734,0.08420885664,0.0830046887,0.08313106746,0.08279820072,0.08160575341,0.07986152033,0.07799249109,0.07604529648,0.07425490335,0.07314900006,0.07235596303,0.07137264318,0.07001354479,0.06852035041,0.06697146438,0.06517414524,0.06360132608,0.06205485483,0.0605232577,0.05890046367,0.05704796916,0.0553353296,0.05364924318,0.05173660128,0.05000390141,0.04832811362,0.04651896994,0.04460956166,0.04322979149,0.04184479041,0.04018578011,0.03904619284,0.03771466391,0.03665795707,0.03571141543,0.03495022041,0.03455030892,0.03389483809,0.03416363529
0.4728530664,0.4749201169,0.4762291551,0.4773960808,0.4786440481,0.479942727,0.481076443,0.4821824723,0.4832002502,0.484177951,0.4850300411,0.4856325696,0.4860298151,0.4862656849,0.4863227243,0.4862498321,0.486158978,0.4859177326,0.4856121396,0.4850820383,0.4844692286,0.4837503004,0.4829646398,0.4820530237,0.480751343,0.478857848,0.4758953334,0.4712522333,0.4647305643,0.4570433391,0.4494733828,0.4431162179,0.4385750657,0.4354342811,0.4332516462,0.4314420801,0.4296638418,0.4278387035,0.4264799282,0.4257181342,0.4257331483,0.426233648,0.4272440943,0.4286523228,0.4305110228,0.4324519514,0.4342644762,0.4358878375,0.4372635315,0.4385020622,0.4395664056,0.4404402375,0.4410928234,0.4414622205,0.4415955002,0.4414565887,0.4409630711,0.4400365756,0.4387060778,0.4368350457,0.4343946261,0.4312779767,0.4273640309,0.4226253663,0.4170093764,0.4104700556,0.4031637396,0.3953445237,0.3873329194,0.3795261878,0.3721072823,0.3651345243,0.3580817128,0.3501952816,0.3401972983,0.3268232635,0.3084044035,0.2838535415,0.2545264915,0.2237516149,0.1947550515,0.1704267977,0.1515978896,0.1379509542,0.1283408799,0.1216067966,0.1169533636,0.113791549,0.1117558992,0.1106033709,0.1100735523,0.1100552329,0.1105833384,0.111941465,0.114262446,0.1174751887,0.1214499274,0.1259374407,0.1308537727,0.1360432972,0.1414933076,0.1470986662,0.1528376094,0.1585720227,0.1643176121,0.1700421837,0.1756837339,0.181140809,0.1864542202,0.1916102487,0.1966434376,0.2014839737,0.2060955001,0.2104732594,0.2146920618,0.2187222888,0.2226673659,0.2264458103,0.2301003656,0.2336620345,0.237114491,0.2403800751,0.2434951431,0.2463754989,0.2489559981,0.2512270118,0.2533226767,0.2552034423,0.2568786225,0.2581314545,0.2588147708,0.2590331709,0.2589052249,0.2585242082,0.257822128,0.2564529051,0.2540451175,0.2507069398,0.2470643649,0.243537682,0.2404384553,0.2376504688,0.2352746251,0.2331509213,0.2312296126,0.2294356994,0.2279053291,0.2266663703,0.2252079835,0.2231687784,0.220620968,0.2179154459,0.2153770818,0.2132011545,0.2116062363,0.2104686255,0.2097033924,0.2091988414,0.2090473279,0.2091859336,0.2096803353,0.2102208095,0.2108844865,0.2114427374,0.21190335,0.2120267343,0.2117298075,0.2108293049,0.2089889587,0.2057763408,0.2007106636,0.1932030938,0.1826481918,0.168871372,0.1514940903,0.1310036939,0.1096200444,0.08944710223,0.07231400618,0.05921938771,0.05047382637,0.04506981672,0.04191772096,0.04009359641,0.03905179114,0.03843771834,0.03821183398,0.03820612938,0.03847842649,0.03891325757,0.03957140888,0.04034467276,0.04126470227,0.04233784573,0.04346578147,0.04474338072,0.04610992075,0.04760310007,0.04918887402,0.05087116955,0.05259549856,0.05440070952,0.05622813655,0.05807694746,0.05988708549,0.06173850402,0.06347912108,0.06516254237,0.06672898576,0.06822448396,0.06966386622,0.07113588577,0.07270535203,0.07427267618,0.07589280057,0.07754027991,0.07920606238,0.0808682405,0.08251894123,0.08413231846,0.08570074943,0.0872451968,0.08870697988,0.09015994265,0.09154057587,0.09289723338,0.09421584771,0.09539602484,0.09651804801,0.09775883637,0.09901328446,0.1002247955,0.1013173988,0.1023090183,0.1033770915,0.1044803689,0.1056627286,0.1068474368,0.108047038,0.1091345475,0.1101861039,0.1111052978,0.1117846156,0.1122764834,0.1124638309,0.1122615381,0.1114787472,0.1100596037,0.1080139962,0.1055055094,0.1026111834,0.09948035637,0.09633898443,0.09341342194,0.09075660854,0.08850168957,0.08666765801,0.08497599811,0.0830951511,0.08099592729,0.07887656028,0.07713682505,0.0759078854,0.07534436438,0.07514904483,0.07467635852,0.07360900452,0.07233505379,0.07097826561,0.06959045925,0.06840585582,0.06757887324,0.06682576981,0.06597505472,0.06501642593,0.06387192862,0.06263441502,0.06148088009,0.06026528551,0.05894502981,0.05765629599,0.05649464515,0.05522213785,0.05397132769,0.05285649517,0.05171171217,0.05052352783,0.04932879094,0.04814771847,0.04714613279,0.04601836588,0.04509206228,0.04405984612,0.04338034008,0.04245864125,0.04194211621,0.04131485614,0.04095648261,0.04022828774,0.04019223593,0.03981190565
0.4413343527,0.4442980516,0.4455054809,0.4466654906,0.4479812285,0.4491101301,0.4502597595,0.4512897519,0.4522732881,0.4530349582,0.4537984196,0.4543360873,0.4548066325,0.4550864552,0.4552295693,0.4552007268,0.4552160596,0.4549669845,0.4546117296,0.4541585505,0.4535295697,0.4528711469,0.4521118133,0.4512345326,0.4500865825,0.4482727468,0.4452701787,0.4406371522,0.4342031609,0.4268031077,0.4197625559,0.4140925055,0.4101010033,0.407344238,0.4053231242,0.4035634067,0.4017531756,0.4000333456,0.3987805643,0.3981891481,0.3983057765,0.3990019032,0.400075063,0.40160955,0.40341321,0.405297252,0.4070111832,0.4085171281,0.4098926816,0.4110473258,0.4120545727,0.4128332949,0.4134777703,0.4138379716,0.4139223497,0.4137364672,0.4131437151,0.4121654781,0.4107723993,0.4088752441,0.4064234163,0.4032874281,0.3994042106,0.3946977294,0.3891612057,0.3827579579,0.3756730508,0.3681046531,0.3604405774,0.3530325344,0.345944355,0.3392570189,0.3324638664,0.3246909065,0.3145368799,0.3007003059,0.2815953208,0.2563342412,0.2265423717,0.1960175324,0.1680416297,0.1453958976,0.1284161128,0.1164288577,0.1080385543,0.1021520906,0.09799469349,0.09516199377,0.09332192939,0.09225490292,0.09178056442,0.09179422539,0.09235938504,0.09378099837,0.09610277384,0.09929267446,0.1031765204,0.1076033162,0.1125204655,0.1177602991,0.1233264975,0.1291522258,0.1351680082,0.1412796338,0.1474343646,0.1536828459,0.1598302047,0.1658868985,0.1718893668,0.1777570792,0.1835035665,0.1890446958,0.1943413333,0.1994527729,0.2042873812,0.2089380509,0.2134152323,0.2176217404,0.2217304016,0.2256346951,0.2293374089,0.232808153,0.236053293,0.2390984445,0.2418216473,0.2443010414,0.246558993,0.2486541055,0.2505791188,0.2522316262,0.2533922457,0.2539380526,0.253996049,0.2536457358,0.2527346228,0.2512177805,0.24894055,0.2460770292,0.2429001637,0.2395005179,0.2363243918,0.2335313882,0.2310336897,0.2289897827,0.227041485,0.2250832658,0.2231507072,0.2212928132,0.2191501303,0.2163495675,0.2130526713,0.2099932782,0.207442027,0.2053969018,0.2037817387,0.2024152008,0.2013076956,0.2006175221,0.2002999369,0.2002554566,0.200659462,0.2015062174,0.2020783927,0.202585645,0.2028706436,0.2027940226,0.2022766278,0.2009441796,0.1985603756,0.1947276949,0.1888611289,0.1803388482,0.1687316709,0.153832319,0.1355538932,0.1146890398,0.09392827084,0.07531892688,0.06037243383,0.04961026273,0.04275417937,0.03864409606,0.03629380038,0.03486443559,0.03398023673,0.0335022769,0.03326623925,0.03326438455,0.03346561802,0.03385736371,0.03437148711,0.03501218542,0.03572843427,0.03657331708,0.03748207444,0.03852166884,0.0396480378,0.04088616418,0.042198833,0.04361226645,0.04503702447,0.04657166398,0.04816512418,0.04976676651,0.0514153847,0.05311790588,0.05476695957,0.05644887436,0.05812444173,0.05977153306,0.06146565047,0.06318343832,0.06499218968,0.06685947581,0.06880136746,0.07081426983,0.0728470259,0.07490123511,0.07694221186,0.07896838203,0.08093826265,0.08296701623,0.08490090677,0.0868570492,0.08869160137,0.09044730664,0.09210805675,0.09364096031,0.09508904767,0.0965319306,0.09792197796,0.09923390913,0.1005370322,0.1017760172,0.1029992327,0.1041619372,0.1053528744,0.1064684214,0.1074974276,0.1084373261,0.109253243,0.1098439251,0.1102520551,0.1104219937,0.1103278916,0.1100129747,0.1092798525,0.1080252156,0.1061879711,0.1038134402,0.1010567272,0.09788318258,0.09475544424,0.09174052149,0.08900940346,0.08669267997,0.08459304415,0.08244128347,0.07982547445,0.07708802146,0.07473654278,0.07311635188,0.07248276544,0.07225224397,0.07205547771,0.07130448425,0.07001360698,0.06850426209,0.06674651496,0.0648859049,0.06356699447,0.06273940217,0.06182717737,0.06069083153,0.0597514241,0.058678732,0.05760961255,0.05641751133,0.05523180515,0.05408538293,0.0530038245,0.05201421084,0.05088924623,0.04985605353,0.04888249088,0.0479236417,0.04688584055,0.04596499481,0.04506498254,0.04397817141,0.04300208404,0.04214849416,0.04125850621,0.04062461354,0.03979736354,0.03934891237,0.03895570462,0.03825476352,0.03817225259,0.03780811548,0.03765867059
0.4974951383,0.4993189843,0.4997699531,0.5002841474,0.5007408276,0.501227078,0.5016503798,0.5017961684,0.5020174938,0.502224745,0.5024050556,0.5026605069,0.5028059524,0.5029932341,0.5029395231,0.5028097568,0.5025200751,0.5021487927,0.5016607925,0.5009965119,0.5002974563,0.4995102627,0.4986129155,0.4975644425,0.4963476143,0.4948367449,0.492788988,0.4898836857,0.485844063,0.4809298297,0.4759117184,0.4715075044,0.4682339008,0.4658163031,0.4641436774,0.4628389499,0.4617165281,0.4606333443,0.4596127484,0.4587098702,0.4581573366,0.45789912,0.4580037435,0.4583531805,0.4589779474,0.459814128,0.4605545508,0.4612484755,0.4618095913,0.4622828457,0.4626253093,0.4628003535,0.4628341275,0.4627971345,0.4625266903,0.4621000939,0.4616086144,0.4608955563,0.4599184591,0.4587588512,0.4570979181,0.4549491197,0.4522316555,0.4489830015,0.4450510247,0.4404746464,0.4353396349,0.4298614338,0.424108956,0.4185570707,0.4133260773,0.4084027068,0.403401237,0.397810813,0.3906118595,0.3807016622,0.3666292189,0.3469409643,0.3218689671,0.2936194452,0.2648828027,0.2388693258,0.2170992685,0.2000825335,0.1873478009,0.1778439431,0.1708497211,0.165878528,0.1624827172,0.1603327225,0.1591795284,0.1587840464,0.1592642166,0.1608635375,0.163747847,0.1678307341,0.1728556178,0.1784583552,0.1845210068,0.1908274818,0.1973081949,0.2038821523,0.2103601992,0.2167684293,0.2230500229,0.2291469646,0.2350542249,0.2406365279,0.2460377125,0.2511705507,0.256045909,0.2607179015,0.2650946045,0.2692757098,0.2731540032,0.276814968,0.280297433,0.283682384,0.2868508934,0.2899235682,0.2928380994,0.2956030621,0.2981967684,0.3006070131,0.3028112401,0.3047627619,0.306466654,0.307817708,0.308683963,0.3088611817,0.3086335775,0.3084615244,0.3088821806,0.3100161649,0.3112468654,0.3118814629,0.3117141657,0.3108219757,0.3094129492,0.3077489725,0.3060293786,0.3041021087,0.301908112,0.2996667208,0.29741535,0.2951851168,0.2930922469,0.2915176439,0.2902318728,0.2882741291,0.2856760209,0.282748832,0.2798094971,0.2770909234,0.2749458933,0.2732982311,0.2720369209,0.2711257656,0.2707536672,0.2706367472,0.2708309853,0.2711185046,0.2719526368,0.2726608182,0.2730854668,0.2733424721,0.2732094083,0.2725924764,0.2710377859,0.268166888,0.2634955816,0.2563863851,0.2461431016,0.2322055693,0.21361206,0.1899481306,0.1628123463,0.1341538295,0.1066474969,0.08316015697,0.06572282014,0.05408352523,0.04695698101,0.04274904712,0.04025636443,0.0389172514,0.03832405093,0.03838342372,0.03894321241,0.03995511335,0.04136029867,0.04309312238,0.04507962101,0.04735831631,0.0498778695,0.05265263449,0.05564644353,0.05881205494,0.06218580067,0.06567071557,0.06923746293,0.0728485224,0.07646459066,0.08004689278,0.08349936433,0.08682418723,0.09000877986,0.09302872312,0.09578942022,0.09844354867,0.100977097,0.1034611276,0.1059450434,0.1084628782,0.1110618269,0.1135643107,0.1160377466,0.1183936441,0.1206426007,0.122790893,0.1248676501,0.1268918128,0.1287213466,0.1304240461,0.1318982813,0.1332593235,0.1347226138,0.1362830952,0.1380829118,0.1398946692,0.1418247406,0.1436316256,0.1452544501,0.1467284596,0.1481835925,0.1497111658,0.1513357534,0.1530874421,0.1546775442,0.1563454893,0.1579390619,0.1595166721,0.1609461182,0.1622698261,0.1633059827,0.1638499088,0.1638114015,0.1629239,0.1612261582,0.1588741317,0.1561387405,0.1533782405,0.1509124391,0.1484715517,0.1460725062,0.1438488352,0.1417281555,0.1396780643,0.1374626186,0.1347476239,0.1316510622,0.1281377323,0.1247159874,0.122608057,0.1217089852,0.1204693335,0.1185714462,0.1161982897,0.1138623166,0.1114314356,0.1091714121,0.1075824602,0.1062016446,0.1043200022,0.1021693443,0.09978605091,0.09720767177,0.09442541341,0.09187510729,0.08916629092,0.08672235603,0.08413787346,0.08154932822,0.07875126162,0.07604952376,0.07325725035,0.07064381959,0.06807983357,0.06547894103,0.06276202582,0.06043484897,0.05813424788,0.05581491629,0.05379705887,0.05171147843,0.05005923444,0.0482516235,0.04699824481,0.04609594892,0.04531542221,0.04434185062
0.5604525083,0.5648269446,0.5660310991,0.5674291389,0.5688555255,0.5701795203,0.5713982008,0.5726311407,0.5735267204,0.5745477404,0.5754841844,0.5762404338,0.5769570888,0.5774961726,0.5778971329,0.57823868,0.5782417288,0.57813302,0.5776406265,0.5772379325,0.576567657,0.5758548231,0.5750481035,0.5739713168,0.5725348206,0.5703088014,0.5670547219,0.5622575309,0.5558433315,0.5483783183,0.5406610033,0.5337448449,0.5281681022,0.5240809417,0.5210646459,0.5185583366,0.5163039886,0.5141471772,0.5123504114,0.5110093685,0.5103411648,0.5103654928,0.5110983083,0.5124678255,0.5143107031,0.5163167788,0.5182079218,0.5198497388,0.5213518814,0.5227392277,0.5238115459,0.5247476433,0.5255109887,0.5260203418,0.5262722654,0.5263506313,0.5261266036,0.5254729907,0.524408249,0.5228525067,0.5205820407,0.517533433,0.5136235664,0.5087351553,0.5029007236,0.4959783488,0.4881524732,0.4797505795,0.4710037705,0.4626608775,0.4547613028,0.4474774709,0.4402321421,0.4323465697,0.4225965602,0.4094698029,0.3910154806,0.3656052891,0.3339156306,0.2990107178,0.2641574102,0.2331333278,0.2074503621,0.1873519092,0.1721332572,0.1606730668,0.1521421781,0.1459944277,0.1416967215,0.1389639596,0.1373384213,0.136651648,0.1367957494,0.1380038164,0.1404204599,0.1439995054,0.1485847128,0.1538353773,0.1596655956,0.1658097453,0.1722077355,0.1788100241,0.1854351851,0.1920798902,0.1985863416,0.2049781179,0.2111707791,0.2171305825,0.2228619946,0.2284163531,0.2337060894,0.2387805028,0.2436074962,0.2482912339,0.2528352522,0.2571783348,0.2615019244,0.2657136497,0.2698863184,0.2739871934,0.2780222306,0.2819704196,0.2858017264,0.28945384,0.2928875513,0.2960961792,0.2990106176,0.301678946,0.3040000766,0.3058520735,0.3069496022,0.3072155606,0.3069248856,0.3065403597,0.3064124931,0.3064230433,0.3060523454,0.3049534263,0.3032591709,0.3013086119,0.2992184161,0.2967630656,0.2940509508,0.2913117909,0.288592469,0.2859413395,0.2835359736,0.2813635286,0.2792033193,0.2766927051,0.2740166496,0.271272797,0.2686349511,0.2664286496,0.2646446389,0.2632121957,0.2622353521,0.2617153667,0.2618605695,0.2624260072,0.2634543452,0.2652021298,0.2664681843,0.2676008781,0.2686230428,0.2693263286,0.2696786635,0.2693957584,0.2681257355,0.2654562565,0.260719727,0.2531993033,0.2420807109,0.2269538985,0.2068437898,0.1818079671,0.153758129,0.1248439286,0.09778321702,0.07509221405,0.05860070065,0.0477557235,0.04110728626,0.03718264531,0.03480496444,0.03343662806,0.03274117957,0.03263306588,0.03286609789,0.03354842262,0.03453146838,0.03575340406,0.03723159814,0.03895117678,0.04087713452,0.043105886,0.04544396779,0.04799507254,0.05069645707,0.05346760878,0.05635660638,0.05930858297,0.06225208928,0.06515650432,0.06797452889,0.07063157468,0.07308483412,0.07542841183,0.0775928698,0.07954842923,0.08144997953,0.08326046393,0.08508946143,0.08695058086,0.08883345935,0.09071716996,0.09258942389,0.09443796169,0.09627319716,0.09809796532,0.09996915705,0.1017899039,0.1037459916,0.1056226317,0.1074728749,0.1092939452,0.1111120068,0.1128471452,0.1146685737,0.1166570359,0.1187734655,0.1210077326,0.123283283,0.1255966287,0.1279365998,0.1301848648,0.1324476031,0.134738448,0.1370313484,0.1393083879,0.1413657255,0.1432582407,0.1448995943,0.1462858821,0.1472991125,0.1477963313,0.1476236804,0.1466283869,0.1447186885,0.1419489272,0.1386170112,0.1348275446,0.1307146629,0.1265799516,0.1224735729,0.11861433,0.1154101484,0.1126076073,0.1103220581,0.1079597211,0.1055161187,0.1031234057,0.1012504749,0.1000617842,0.09905561715,0.09770574458,0.09590996424,0.0937965655,0.09153109367,0.08916731667,0.08736405828,0.0859296712,0.08439295546,0.08267414135,0.08099288018,0.07922396777,0.07716477163,0.07522342768,0.07316454538,0.0711500123,0.06891075973,0.06684466546,0.06443654357,0.06230652566,0.06011600055,0.05773662806,0.05560558543,0.05347173972,0.05136373414,0.04935709935,0.04722094312,0.04543928005,0.04342045851,0.04242760448,0.04080491257,0.03940423824,0.03875505619,0.0378627224,0.0373383177,0.03669462937,0.03641720499
0.5585268981,0.5628270446,0.5642243365,0.5656718412,0.5671790609,0.5687885242,0.5701081451,0.5713052994,0.5723054324,0.5732085837,0.5740656646,0.5749267156,0.5756790346,0.5762659781,0.5767081609,0.576952205,0.5769523079,0.5767991248,0.5764577247,0.5759887402,0.5753506872,0.5746068431,0.5737191709,0.5726238841,0.5711391374,0.5688242509,0.5654524015,0.5603942346,0.5536877258,0.5457958283,0.5378429635,0.5307756583,0.5253095292,0.5214085422,0.5185224915,0.5162370482,0.5141097809,0.5121262664,0.5104288812,0.5092325143,0.5086325471,0.508746415,0.5095726245,0.5110659221,0.5129257775,0.5150174747,0.5169303807,0.5186550983,0.5201420326,0.5214947227,0.5225713316,0.5235114017,0.5242144476,0.5246959852,0.5248765383,0.5248751595,0.5245693266,0.5238888351,0.52270965,0.5209741155,0.5185144755,0.5153229571,0.5111456256,0.5060798967,0.499967399,0.4928242217,0.4846728921,0.4759617599,0.4670435525,0.4584075624,0.4503785601,0.4429072395,0.4354570685,0.4272459511,0.4170199167,0.4033422869,0.3842744225,0.3581088232,0.325788981,0.2906207014,0.2560201252,0.2255309736,0.2006572852,0.1815718208,0.167322238,0.1567964736,0.149158074,0.1437826998,0.1401531664,0.1379525388,0.1367594836,0.1364104967,0.1368116455,0.1382381302,0.1408676835,0.1446561577,0.149353859,0.1547463927,0.1606449247,0.166874491,0.1733594031,0.1799175505,0.1865578085,0.1931768849,0.1996789137,0.2060196292,0.2122457629,0.2181664172,0.2239216745,0.229390032,0.2346463615,0.2397370593,0.2445958709,0.2492625458,0.2537521629,0.2580901599,0.2623569311,0.266562094,0.2707134703,0.2748553869,0.2789014465,0.2828427011,0.2866724883,0.2903133786,0.2937311034,0.2968922274,0.2998887037,0.3025310365,0.3048748265,0.3067799869,0.3078362197,0.3080866985,0.3077939525,0.3074163891,0.3072974703,0.3072666427,0.3068398918,0.305687352,0.3038917271,0.3018961075,0.2996872579,0.2972483177,0.2944952778,0.2917419636,0.2889510543,0.28623086,0.2837216676,0.2814938977,0.2792002778,0.2764814205,0.2736095205,0.2707236325,0.2680230793,0.2656924106,0.2638315264,0.2621623241,0.2609939545,0.2604845486,0.2605678224,0.2610797601,0.2619707831,0.2630948107,0.2642458166,0.265314955,0.2662249555,0.2668806478,0.2671377124,0.2667236916,0.2653923966,0.2625786136,0.2576911393,0.2499202221,0.2386517029,0.2233359342,0.2032559506,0.1783043052,0.1505762781,0.1223893025,0.09635074391,0.07486562395,0.05951491695,0.04955072159,0.04365571647,0.04023439166,0.03821470446,0.03708490727,0.03656892467,0.03651456021,0.03685707198,0.0375386513,0.03849876635,0.03968143514,0.04114323573,0.04279898086,0.04466387625,0.04679362885,0.04909070567,0.0515572856,0.0542003198,0.05693111995,0.05976463242,0.06263724281,0.0655076411,0.06833113015,0.07107636178,0.07369860733,0.07611958343,0.07837218362,0.08045311573,0.08234289281,0.08417785515,0.08594315566,0.08770479858,0.0894893117,0.09127050688,0.09307056596,0.09482952141,0.09662669998,0.09838208838,0.1001342838,0.1018510224,0.103664278,0.1055337027,0.1073807896,0.1092090709,0.1109730692,0.1126642059,0.1144292597,0.1161656078,0.1180411824,0.1201255334,0.12231692,0.1245898535,0.1267306528,0.1289832746,0.1311560555,0.1333288712,0.1355190981,0.1376855935,0.1399174387,0.141860929,0.1436676473,0.1452042514,0.1465347896,0.1473864842,0.1479280554,0.1477110781,0.1467255651,0.1448690057,0.1422384908,0.1389188142,0.1351370323,0.1311530792,0.1270474461,0.1230208808,0.1192823056,0.1158940494,0.1131828314,0.1109481461,0.1087705713,0.1063785664,0.104019679,0.1021211096,0.1010027807,0.1000093265,0.09876344914,0.09706417011,0.09502700647,0.09299278613,0.09077182506,0.08891878064,0.08758592219,0.08616376598,0.08462334807,0.08282884368,0.0810483944,0.07919887971,0.07727669495,0.07540700805,0.07352991424,0.0712898857,0.06929319539,0.067021924,0.06497364594,0.06278107196,0.06056530325,0.05844567799,0.05645981317,0.05468212642,0.05289476309,0.05087553457,0.04936757198,0.04754563887,0.04616785947,0.04489390567,0.04377809345,0.04265766522,0.04212754152,0.04146645829,0.04087657571,0.04076477583
0.4054277238,0.4235541704,0.424483856,0.4255508746,0.4266825499,0.427771061,0.4287253977,0.4295803637,0.4304422039,0.4311700316,0.4318012881,0.4322745954,0.4326459292,0.4329514617,0.4329775941,0.4329710147,0.4329270121,0.4326356531,0.4323132963,0.4319181062,0.4312683275,0.4307088974,0.4299387401,0.4291412388,0.4280399679,0.4263880843,0.4236977899,0.4195249069,0.413739726,0.4070883986,0.4006986047,0.3955032567,0.3917539948,0.3891056211,0.3871318602,0.3853720965,0.3835639563,0.3819005297,0.3806410591,0.3800278787,0.3799987643,0.3805228644,0.3814074563,0.3827576014,0.3844226719,0.3860368122,0.3876196525,0.388962262,0.3901652673,0.3912170428,0.392062305,0.392751574,0.3932729716,0.3935798073,0.3936389417,0.3934936076,0.3929571658,0.3920539467,0.390749029,0.3890547479,0.3867976624,0.3839077462,0.3803835229,0.3760648903,0.371030365,0.3651869075,0.3586872806,0.3517812692,0.3447968485,0.3380703378,0.3316690387,0.3255668085,0.3193816508,0.3122645637,0.303017739,0.2903323694,0.2727332613,0.2492832541,0.2213657575,0.1924776303,0.1657129897,0.1437947231,0.1271647569,0.1152323927,0.1068039106,0.1007550903,0.09644118712,0.09343632885,0.09142009783,0.09020462243,0.08959917057,0.08946346817,0.08996270524,0.09125053015,0.0934431913,0.09647776873,0.1001931273,0.1044725607,0.1091665931,0.1141707409,0.1194621113,0.1250314634,0.130707806,0.1365481574,0.142424111,0.1482949084,0.1541376312,0.1599068968,0.1655364064,0.1710092138,0.1764330546,0.1816079796,0.1865636774,0.1913476533,0.1958840174,0.2002207128,0.2043687192,0.2083290182,0.2120925486,0.2156877308,0.2191363429,0.2223591353,0.2253902874,0.2281606224,0.2307068911,0.2329246964,0.2350056884,0.2369579981,0.2387150057,0.2401821845,0.2412426469,0.2417586306,0.2417910776,0.2414097025,0.2406271274,0.2392567468,0.2371923439,0.2346413007,0.2316867635,0.2285840096,0.2256256731,0.2229439525,0.2206155903,0.2186289418,0.216807626,0.2149291686,0.2131161381,0.2114354322,0.2094612303,0.2068483073,0.203776009,0.2008259784,0.1984846736,0.196554383,0.1950902903,0.1938572202,0.192887145,0.1921917346,0.1918495527,0.1919394991,0.1922683414,0.1967119047,0.1973533313,0.1978569581,0.1982142708,0.198202719,0.197690633,0.1964831155,0.1942747478,0.1906806288,0.1851386863,0.1771264571,0.1660994973,0.1519237276,0.1342959273,0.113928228,0.09335614014,0.07460530328,0.05931568817,0.04817481757,0.0410691645,0.03678730012,0.03433499223,0.03287782466,0.03195700538,0.03144767325,0.0312108838,0.03119840711,0.03134183328,0.03171997629,0.03221340091,0.032818609,0.03352531604,0.03434745299,0.03521113077,0.03623788976,0.03736085098,0.03856344258,0.03988266365,0.04125449512,0.0427347519,0.04427681424,0.04586681647,0.0475166564,0.04917979856,0.05086300758,0.05255355226,0.05422693493,0.05591828453,0.05759633734,0.05933003049,0.06105143563,0.06285362046,0.06473483824,0.0667062009,0.0687129135,0.07074488497,0.07274795029,0.07475793393,0.07681613575,0.07884608106,0.08083052916,0.08278649717,0.08469384645,0.08651627235,0.08823139104,0.08991773195,0.09150463684,0.09294066962,0.09437482349,0.09578769272,0.09715293534,0.0984494306,0.09966403325,0.1009433708,0.102119796,0.1032794715,0.1043929023,0.1054417629,0.1063837695,0.1071203197,0.107701876,0.1081304817,0.1082724604,0.108267484,0.1079477415,0.1072280536,0.1059829874,0.1042587314,0.1019350092,0.09927106983,0.09627038457,0.09321771205,0.09024524624,0.08757826135,0.08523030093,0.08313683296,0.08093248847,0.07850014257,0.07575188017,0.07326306852,0.07161031318,0.07090821459,0.07075400223,0.07053300985,0.06975557999,0.06850008994,0.06690435977,0.06507720533,0.06331015749,0.06188218383,0.06100155216,0.05997017667,0.0589782251,0.05786656569,0.05673600589,0.05565679474,0.05445624881,0.05324036681,0.05215706441,0.05097668014,0.04975347718,0.04874744701,0.04780365851,0.04654540851,0.04582474608,0.04494637059,0.04387702406,0.04300862956,0.04174954972,0.04100644386,0.03976634443,0.03901575395,0.0381823725,0.03769887627,0.03713462886,0.0365827956,0.0358902974,0.03537613856,0.03526794653,0.03522977289
0.478181466,0.481930339,0.483151642,0.484336802,0.485664533,0.486928536,0.488241521,0.489245284,0.490160349,0.490925308,0.491627002,0.492244554,0.492790538,0.493192613,0.493437626,0.493548132,0.493561125,0.493394165,0.492987712,0.492455391,0.491702157,0.490854885,0.489837398,0.488664785,0.48722142,0.485093732,0.481689945,0.476315721,0.468835206,0.459993486,0.451303457,0.443954964,0.438427755,0.43431243,0.431159708,0.428210813,0.425227164,0.422269595,0.419993035,0.418845555,0.41890461,0.419820437,0.42142827,0.42372248,0.426543102,0.429646096,0.432454746,0.434846113,0.43683877,0.438526134,0.439904188,0.441052063,0.441836154,0.442400378,0.442594185,0.442426899,0.441927402,0.441099772,0.439728296,0.437899302,0.435423538,0.432194407,0.428130431,0.423143105,0.417198838,0.410336633,0.402666334,0.394529779,0.386156641,0.377916008,0.370035563,0.362469224,0.354851834,0.346463896,0.33603456,0.322188549,0.303422674,0.278807553,0.249580657,0.219194943,0.190861161,0.16716298,0.148815518,0.135425935,0.125852769,0.119000391,0.114123625,0.110691442,0.108378481,0.106995588,0.106281718,0.106127485,0.106582917,0.107883369,0.110160237,0.11333415,0.117253936,0.121713407,0.126590561,0.131790263,0.137285175,0.142948696,0.148781398,0.154714213,0.160649271,0.166558066,0.172474509,0.178211245,0.183789252,0.189321427,0.194672525,0.199812686,0.204769152,0.20946866,0.213921742,0.218229432,0.222444362,0.22643722,0.23031612,0.234037728,0.237606413,0.241004408,0.244171485,0.247129567,0.249742131,0.25190774,0.253783915,0.255642935,0.257618473,0.259382192,0.260522797,0.261013061,0.260916105,0.260266894,0.258845524,0.256219937,0.252193415,0.247008217,0.241238426,0.235602104,0.230714958,0.226675042,0.223595666,0.221496457,0.220066291,0.218749386,0.2176683,0.217044229,0.216260215,0.214375962,0.211770415,0.209282606,0.20747579,0.206401513,0.205754456,0.205402607,0.205226757,0.205391169,0.205720572,0.206343543,0.207123509,0.207397481,0.208291642,0.208995691,0.209495077,0.209658249,0.209433278,0.208576725,0.20681156,0.203724652,0.198712478,0.191221695,0.180777076,0.167084153,0.149784279,0.12950265,0.108198329,0.087820072,0.070186277,0.056506455,0.047152118,0.041241012,0.037704166,0.03564494,0.034412001,0.033735172,0.033439777,0.03340912,0.03367297,0.03416259,0.034841855,0.035652961,0.036637774,0.037793587,0.039052222,0.04044209,0.041964643,0.043612481,0.045366534,0.047205036,0.049094324,0.051071911,0.053061423,0.055104088,0.057088374,0.059031576,0.060949462,0.062775977,0.064550142,0.066258436,0.067949459,0.069643784,0.071472632,0.073332744,0.075290116,0.077284528,0.079278584,0.081270449,0.083210834,0.085103602,0.086905611,0.088712162,0.090417427,0.092051701,0.0936599,0.095236426,0.096739337,0.098045435,0.09921232,0.100394935,0.101621183,0.102765424,0.103755515,0.104683815,0.105620871,0.106689378,0.107833092,0.108954727,0.110084588,0.111087969,0.111922617,0.112621232,0.113062436,0.113202106,0.113066744,0.112668334,0.11164851,0.110013307,0.107820108,0.104982155,0.101711397,0.098248505,0.094641672,0.091095913,0.088065341,0.085632541,0.083473797,0.081481796,0.079084183,0.076337149,0.073795363,0.07194049,0.07108075,0.071052449,0.07145276,0.071185468,0.070320098,0.069032295,0.067464604,0.065719548,0.064616799,0.063981176,0.063375407,0.062484311,0.061534288,0.060578391,0.059697778,0.058518829,0.057357418,0.056275965,0.05515689,0.053838165,0.052715642,0.051538553,0.050454878,0.049296326,0.04813018,0.047106195,0.046169438,0.045090122,0.04379668,0.042978705,0.04189347,0.04070006,0.039890239,0.039582581,0.038729691,0.038305672,0.037453405,0.037734116,0.037263417
0.5597177374,0.5628063775,0.5642093004,0.5657512031,0.5673722555,0.5688760628,0.5702619844,0.5716065611,0.5728632741,0.5739690503,0.5748429843,0.5758004615,0.5764186716,0.577058274,0.5773517192,0.5776056849,0.5776005769,0.5774123873,0.5770400432,0.5765417661,0.5758306235,0.5750608117,0.5741667064,0.5729941325,0.5714539241,0.5690473831,0.5653489568,0.5600735837,0.5530184975,0.5447813925,0.5363885595,0.528934998,0.5230568379,0.5187265961,0.5156150726,0.513039403,0.5107091128,0.5084932582,0.5066655578,0.5053683485,0.5047705941,0.5048264575,0.5056001044,0.5070759047,0.5089602348,0.5110351224,0.512924975,0.5147095385,0.5162760511,0.51774327,0.5189055895,0.5198650459,0.5206937021,0.5211673281,0.5214681083,0.5215559803,0.5212224934,0.5205198887,0.5192198346,0.5174264085,0.5149006664,0.5115472652,0.5072897838,0.5020125664,0.4956202493,0.4881623012,0.4797774418,0.4707237649,0.461534977,0.4526221449,0.4442997799,0.4365914504,0.4289935775,0.4205808878,0.4102446885,0.3963682479,0.3769393077,0.3503686596,0.3175889428,0.281900308,0.2468607435,0.2161153598,0.1910355191,0.1717442878,0.1573074971,0.1465261528,0.1385619654,0.132843788,0.1289044165,0.1264212151,0.1249734773,0.1243628371,0.1245638459,0.125783065,0.1282010239,0.1317348392,0.1362353836,0.1413796903,0.1470815958,0.153103437,0.1594221359,0.1658781461,0.1724604925,0.1790600991,0.1855407718,0.1919250441,0.1981776386,0.2042116794,0.2100537171,0.2156824376,0.22109704,0.2263090124,0.2312544905,0.236048296,0.2407032551,0.2452037608,0.2496284463,0.2538991909,0.258131827,0.2623509379,0.2664111878,0.2704098313,0.2742731141,0.2779171338,0.2813491485,0.2845137394,0.2874891224,0.2902336117,0.2926124981,0.2944824114,0.2955553642,0.2958191499,0.2954769388,0.2950833043,0.2949086167,0.2948409809,0.2944303134,0.2933024457,0.2916101851,0.2897261387,0.2876704839,0.2852835658,0.2825524535,0.2797822764,0.2770727651,0.2744033963,0.2720000552,0.2698237589,0.2675824106,0.2650247358,0.2622201698,0.2594071212,0.2567611459,0.2544649675,0.2526125809,0.2510918283,0.2500132275,0.2495443581,0.2495929432,0.25020601,0.2511791994,0.2525885748,0.2537978624,0.2549140119,0.25584783,0.2564913469,0.2567007362,0.2562854332,0.2548731782,0.2520023134,0.2469706982,0.2391790437,0.2277859245,0.2124060023,0.1922125311,0.1673713007,0.1399679199,0.1122226718,0.08682743662,0.06609984527,0.05147166618,0.04212827667,0.03661590026,0.03338929565,0.03152877911,0.03045189914,0.02989683434,0.02980888555,0.03005904458,0.03055127992,0.03136491399,0.03236020105,0.0336008262,0.03502803131,0.03662947866,0.03845253787,0.04046344187,0.04265596724,0.04501831844,0.04744698143,0.05001096458,0.05265930107,0.05528412092,0.05787281647,0.0604199963,0.06289716394,0.0652065561,0.06737725953,0.06940830197,0.07131435822,0.07313992713,0.07490605093,0.0767805661,0.07860523327,0.08057099495,0.08247818389,0.0844195486,0.08627271955,0.08813534343,0.09000221121,0.09185032337,0.09370274741,0.09565132079,0.09749991177,0.09932890169,0.1011226348,0.1028475021,0.104531565,0.1062638843,0.1081432181,0.1101041603,0.112147247,0.1142669335,0.1162969996,0.118405232,0.1205180666,0.1226602137,0.1248449788,0.1270030783,0.1290832353,0.1310237978,0.1328323632,0.1343559633,0.1356436081,0.1366343809,0.1370951026,0.1369538004,0.1359417814,0.134195204,0.1316665168,0.1284306997,0.1248782442,0.1209830647,0.1170417672,0.1132543491,0.1097184795,0.1066324823,0.1040997396,0.1019529068,0.09972931496,0.09740746448,0.09516522297,0.09343640984,0.09214822272,0.09114017495,0.08979554996,0.0879701657,0.08598892216,0.08365646349,0.0814786989,0.07971423529,0.07841276624,0.07681759322,0.07524855969,0.07356355081,0.07185898532,0.07001395867,0.06812746369,0.06633994025,0.06443495484,0.06241411511,0.06047784255,0.0584954896,0.05640470907,0.05430542683,0.05247422095,0.05041661402,0.04843891279,0.04668216045,0.04506282124,0.0432132847,0.04162554787,0.04008401769,0.0387714698,0.03764690783,0.0365513187,0.03557896049,0.03474299329,0.03444460002,0.03399445958,0.03369761065
0.5380536044,0.5429990807,0.544135864,0.5449899301,0.5460498631,0.5469230851,0.5477242498,0.5484419043,0.5490527418,0.5496475892,0.5501940007,0.5508052202,0.5513837402,0.5518045326,0.5522665518,0.5525281309,0.5526492692,0.5524939556,0.5522302923,0.5518489539,0.5514033404,0.5508783065,0.5501818534,0.5494595195,0.5484448536,0.5469738982,0.5446671242,0.5410938152,0.5362793939,0.5306755856,0.5251673159,0.520618021,0.5172565075,0.5147964312,0.5132146661,0.5119215665,0.5107529184,0.5094819756,0.5083625537,0.5076203477,0.5073064399,0.5073063892,0.5077241112,0.5084360237,0.5096006022,0.5109696976,0.5122202142,0.5133993523,0.5144980721,0.5154431931,0.5161704897,0.516792542,0.5172465629,0.5175942637,0.5176966889,0.5175394679,0.5172313295,0.5165890499,0.5157568487,0.5145104631,0.5127681056,0.5104614468,0.5074112581,0.5036427472,0.4991243951,0.4938142904,0.4878014178,0.4812875818,0.4746205966,0.4682357795,0.462138986,0.4564958832,0.4507679759,0.4441519714,0.4355112014,0.4234646476,0.4061942775,0.3822414363,0.352022093,0.31877609,0.2857859386,0.2566650621,0.2328883368,0.2145782687,0.2008707769,0.1906352931,0.1830794044,0.1776832377,0.1740229658,0.1717260341,0.1704945739,0.1701495631,0.1707529336,0.1726402493,0.1759544718,0.1805302195,0.1861589658,0.1924814368,0.1993679167,0.2065887871,0.2141033985,0.2217548363,0.2294872037,0.2372249308,0.2447808529,0.2522071583,0.2595009486,0.2665421618,0.2733575708,0.2798937633,0.2861873891,0.2922228876,0.297931906,0.3033525864,0.3085184162,0.3134822829,0.318185846,0.3227036343,0.3269775794,0.3311522095,0.335089233,0.3388213555,0.3423919037,0.3456116175,0.3486514416,0.3513493404,0.35390603,0.3562702339,0.3581648983,0.3597735889,0.3607111047,0.3610723314,0.3609008513,0.360463302,0.3600579958,0.3596649819,0.3590960661,0.3581215634,0.3568644214,0.3554165199,0.3537902825,0.3518063951,0.3493561731,0.3467276626,0.3438741489,0.3408095628,0.3379184744,0.3359532859,0.3344360721,0.3321599651,0.3291961621,0.3256933804,0.3220831699,0.319066963,0.3168622636,0.3151679653,0.313846527,0.3129910629,0.3128125438,0.3129859194,0.3135733864,0.3167039572,0.3176641777,0.3185605262,0.3191511248,0.3193750694,0.3191070002,0.3180547385,0.3157654091,0.3118569561,0.30570615,0.296387435,0.2830884957,0.2652740701,0.2418907041,0.2128788762,0.1805441541,0.1474727498,0.1168056379,0.0913699088,0.0730409354,0.06099806529,0.05370545833,0.04935895327,0.04670213842,0.04519553686,0.04446348406,0.0444167534,0.0449019887,0.04588007512,0.04725207135,0.04896405626,0.05099043106,0.053247013,0.05583986627,0.05869547921,0.06178834084,0.06512679182,0.0686449713,0.07226212142,0.07607761152,0.07988467094,0.08378192722,0.0876952408,0.09150106453,0.09530210914,0.09890500361,0.1023873228,0.1057401994,0.108923233,0.1121165388,0.115271128,0.1185867516,0.121969152,0.1255350614,0.1289735074,0.1324761517,0.135933583,0.1392699597,0.1426241032,0.145885257,0.1492174367,0.1525079527,0.1556549842,0.158640772,0.161431332,0.1640005518,0.1664813767,0.1689662956,0.1715289745,0.1740371893,0.1763549155,0.1785318576,0.1806204055,0.1828097956,0.1850063576,0.1872604777,0.1893754992,0.1914708651,0.1934705667,0.1951675305,0.196785762,0.198122618,0.1991756136,0.1997957501,0.1997441086,0.199035984,0.1975164185,0.1951528211,0.1921103908,0.188504875,0.1844577348,0.1801532128,0.1760315659,0.1722447979,0.1689368645,0.1659589079,0.163285882,0.16049247,0.1571128414,0.1530626534,0.1485721001,0.1445002495,0.1422989409,0.141420584,0.1401242339,0.1376256702,0.134568333,0.1310572105,0.1276562273,0.1244098089,0.1219569794,0.1200102481,0.1176410458,0.1152618014,0.1124712245,0.1094704503,0.1064976225,0.1035749188,0.1009287367,0.09813619541,0.09529217039,0.09222722302,0.08946701307,0.08629928784,0.08358487088,0.08069565502,0.07762355231,0.07475642707,0.07212858275,0.06910335335,0.06661364609,0.06443691854,0.06214879762,0.06024903235,0.0583236038,0.05670564525,0.05479446593,0.05368149217,0.05341830633,0.05237681209
0.5589118795,0.5626035868,0.5640187398,0.5654021623,0.567098757,0.5685998273,0.5700050957,0.5713697809,0.5724703161,0.5735263404,0.5743537493,0.5752414449,0.5759280412,0.5764706637,0.5768566275,0.5770581807,0.5771287541,0.5769170125,0.5766054537,0.5760599634,0.5754096496,0.5746860374,0.5737844595,0.5726929783,0.5711878809,0.5688752955,0.5653312484,0.5601781269,0.5533629687,0.545433413,0.5373130804,0.5300688026,0.5243167617,0.5201735934,0.5170841132,0.5146328793,0.5123500527,0.5102044811,0.5084806111,0.5071782356,0.5065821384,0.5066496917,0.5074452089,0.5088913612,0.5108203156,0.5128938622,0.5148451244,0.5166276856,0.5181481137,0.5195751914,0.5207581888,0.5217060067,0.5224895035,0.5230851055,0.5233557121,0.5233926772,0.5230959278,0.5224444189,0.5212257804,0.5195505572,0.5171946129,0.5139258843,0.509760652,0.5046444747,0.4985247263,0.4912481872,0.4831452235,0.4743372105,0.4652778883,0.4565887166,0.4484073424,0.4408436553,0.4333135246,0.425097483,0.4149648687,0.4013212681,0.3823510949,0.3562981044,0.324007825,0.2887906345,0.2539685115,0.2232585242,0.1980707801,0.1786439639,0.1641105079,0.1532755752,0.145351276,0.1396980839,0.1358320351,0.133408584,0.1320610991,0.1315596679,0.1318236029,0.1331046957,0.1355551334,0.1392204164,0.1437392981,0.1490212247,0.1548040705,0.1608915054,0.1672299424,0.1737070956,0.180283667,0.186839194,0.1933359853,0.1996850693,0.2058736657,0.2118007604,0.2175345191,0.2230383952,0.228369067,0.2334352202,0.2383074944,0.2429793281,0.2475281266,0.2519011425,0.2562186065,0.2604563577,0.2645819615,0.2687712497,0.272782651,0.2767297768,0.2804911446,0.2840847791,0.2874850351,0.2905991534,0.2934961484,0.2961296276,0.2984203819,0.3003211571,0.3013400473,0.3015429773,0.3011426921,0.3006449555,0.3003352254,0.3001516011,0.2997124666,0.2985152387,0.2967207547,0.2947919405,0.2926802929,0.2901792529,0.2874309069,0.2847309418,0.2819283872,0.2792029375,0.2768153437,0.2747186793,0.2725604234,0.2701470636,0.2674281737,0.26465754,0.262136427,0.2599244624,0.2581528117,0.2568560676,0.2557857077,0.2553121788,0.2553838357,0.2559255276,0.256878689,0.2585374156,0.2597140149,0.2608061737,0.2617161321,0.2623827271,0.2626800493,0.2623597394,0.2609594435,0.2581429535,0.2533150808,0.2456990151,0.2344881253,0.2193338778,0.1993468788,0.1745676849,0.1470196527,0.1189238426,0.09296559941,0.071532667,0.05623895473,0.0463247183,0.04041861589,0.03697025781,0.0349288687,0.03380409083,0.03324164084,0.03316062749,0.03343902143,0.03404037533,0.03491211217,0.03605796337,0.03737825638,0.03897445282,0.04074097854,0.04275662909,0.04495612922,0.04731691074,0.04982119522,0.05245204343,0.05511711246,0.05790248985,0.06068348521,0.06342940673,0.06608487424,0.06863093858,0.07098083725,0.07317603004,0.07519944285,0.07705777774,0.07884165832,0.08060900703,0.0824056722,0.08422338149,0.08614030185,0.08800643514,0.08985200935,0.09168005629,0.09349613588,0.09532039392,0.0971382753,0.09896160084,0.1008390511,0.1026885782,0.1044940177,0.1062193535,0.1079129936,0.1095394871,0.1111940071,0.1130007714,0.1149787134,0.11704229,0.1191751426,0.1212415089,0.123336487,0.1254394478,0.12760889,0.1297897956,0.1320342011,0.1342456967,0.1361580076,0.137950385,0.139558567,0.1408802003,0.1418821407,0.1423217709,0.1422025813,0.1411995126,0.1393618891,0.1368199623,0.1335497149,0.1298103875,0.1258598513,0.1218767213,0.1179753802,0.1145118521,0.111411269,0.1088733117,0.1067305695,0.1044672299,0.1020352552,0.0998321893,0.0980992539,0.09694304496,0.09598749629,0.09476450486,0.0929699583,0.09089683671,0.08860788031,0.08646730459,0.08461250123,0.08322683644,0.08166019832,0.08024043318,0.07862357179,0.07682632472,0.07503657014,0.07305880441,0.07122581893,0.06924572036,0.06733764916,0.06526596842,0.0632337327,0.06109780706,0.058900395,0.05702483345,0.0550191766,0.05304403216,0.05104286304,0.04921470911,0.04728179099,0.04529280789,0.04388588826,0.04294230576,0.04142813194,0.04039410999,0.03936498257,0.03890862468,0.03866606236,0.03785172045,0.03744856159
0.4253550414,0.4269060348,0.427775497,0.4285000717,0.4293106358,0.4300859208,0.4307473547,0.4313851299,0.4319353566,0.4323163326,0.4328493486,0.4331896079,0.4335835711,0.4340062104,0.4342159674,0.4344030213,0.4344800667,0.4344668157,0.4343215306,0.4341042805,0.433761054,0.433368286,0.4328883584,0.4322452532,0.4313951941,0.4301476862,0.4283788615,0.4257128781,0.4218103707,0.4171715366,0.4123912998,0.4082145992,0.4049619459,0.4027352735,0.4011679817,0.3999256743,0.3987417831,0.397654289,0.3966477673,0.395977405,0.3955826613,0.3954973594,0.3957384781,0.3964368803,0.3976376984,0.3992236659,0.4007696078,0.4020196643,0.4031387177,0.4040937703,0.4048819744,0.4055304955,0.4059996734,0.4063305782,0.4064056511,0.4063402795,0.4061575357,0.4057847575,0.4052399399,0.404302428,0.4029622625,0.4011909661,0.3989046912,0.395971357,0.3924286227,0.3881428631,0.3832407042,0.3778911458,0.3722513905,0.3666720093,0.3613753104,0.3564363496,0.3515081682,0.3458805504,0.3389016555,0.329305758,0.315857739,0.2969503951,0.2728943512,0.2460645822,0.2191071309,0.1949376004,0.1749514031,0.1595578993,0.1482233324,0.1399557187,0.1340312959,0.1298979686,0.1272108745,0.1256298663,0.1248337934,0.1246425132,0.1250940335,0.1264887842,0.1289539664,0.1324695645,0.1367782585,0.1416439957,0.146915936,0.1523926969,0.1581265604,0.163894285,0.1697564273,0.1755911123,0.181314612,0.186929586,0.1924102208,0.1976553125,0.2027141711,0.2075986623,0.2123275749,0.2168447471,0.2210925794,0.2251325979,0.2289539662,0.232619988,0.2361596802,0.2395858318,0.242927807,0.2462658158,0.2494528052,0.2525680602,0.2555052054,0.2582513787,0.2607596428,0.2630416554,0.2650711033,0.2668075836,0.2682226912,0.2691570244,0.2696076163,0.2695312065,0.2691704837,0.2687185068,0.2683239913,0.2676477118,0.2665804599,0.2649407988,0.2628507363,0.2605430362,0.2581619449,0.2555206901,0.2526217419,0.2497369373,0.2469830677,0.244475313,0.2426890598,0.2420963554,0.2420776489,0.2410817344,0.2391369063,0.23672611,0.2341147125,0.2319159588,0.2305586505,0.2297038674,0.2290632468,0.2286918409,0.2286541089,0.2289186724,0.2294497566,0.2297986868,0.2307393965,0.2315807259,0.2322237902,0.2326413473,0.2327678337,0.232358277,0.2311388869,0.2286474242,0.2243580454,0.2177144836,0.2080253905,0.1948380924,0.1773395836,0.1555577899,0.131093171,0.106048824,0.08299039149,0.06417892615,0.05082791302,0.04225982241,0.03723167205,0.03430013418,0.03258215547,0.0316599256,0.03125923822,0.03127757563,0.03167903488,0.03237268503,0.03330395436,0.0344919613,0.0358783628,0.03745812784,0.03915763641,0.04115311257,0.04327113376,0.04553875173,0.04795738955,0.05046620857,0.0530694605,0.05573944611,0.0584023338,0.06108547656,0.06369391284,0.06620834264,0.06854602411,0.07075313526,0.07273224708,0.07460022923,0.0763090862,0.07801364093,0.07990593365,0.0818703786,0.08396717078,0.08597027153,0.08797800268,0.08995939286,0.09191601141,0.09378551408,0.09559193608,0.09733265868,0.09908680673,0.1007421554,0.1023197282,0.1037958433,0.105137697,0.1064573999,0.107736583,0.1091555238,0.1105971304,0.1120602536,0.1133763706,0.1146028916,0.1159334117,0.1173144374,0.1187787064,0.1202776437,0.1218309418,0.1233786295,0.1248218266,0.1261164869,0.1271513863,0.1279354417,0.1283286135,0.1280166113,0.1269040906,0.1249492595,0.1221515007,0.1188471505,0.1152728354,0.1116389941,0.1083211756,0.1052481621,0.1025936694,0.100440445,0.09862786858,0.09698639282,0.09506380417,0.0927580212,0.08984925511,0.0869119793,0.08440394411,0.08318793644,0.08323714277,0.08305490905,0.08179622584,0.0799993679,0.07818233485,0.07617288268,0.07444839495,0.0733412867,0.07256813178,0.07163548532,0.07020690177,0.06878165046,0.06705717231,0.06541729199,0.06374993721,0.06228127233,0.06065905978,0.05889866545,0.05725057863,0.05558296143,0.05352977029,0.05189539573,0.05000490387,0.04833654292,0.04666571038,0.04500139962,0.04330728731,0.0419930798,0.04020193608,0.0389805374,0.03781951794,0.0367439225,0.03582938732,0.03516917138,0.03426677689,0.03407441385,0.03348980714
0.4912578173,0.4938587351,0.4943625769,0.494927918,0.4954522128,0.4960384316,0.496489811,0.4968467929,0.4971439238,0.4973703616,0.4976259816,0.4978491736,0.4979637369,0.4980803702,0.4980120134,0.4978256939,0.4976094548,0.4972488539,0.4967984803,0.496195111,0.4956165028,0.4949233083,0.4941536595,0.493181436,0.4921023713,0.4906973573,0.4887700417,0.4859547176,0.4820138266,0.4772665718,0.4723305312,0.4681298963,0.4649721757,0.4628131196,0.4612943748,0.4601479214,0.4591165592,0.4581456427,0.4571667165,0.4563671815,0.4558780942,0.4557409689,0.4558409342,0.4562247039,0.4568410001,0.4575663569,0.4583198314,0.4589595568,0.4595654853,0.4600996396,0.4604409009,0.4606625093,0.4607642713,0.4607647519,0.4605464275,0.4601067079,0.45962507,0.4588939436,0.4578678816,0.456654657,0.4550088152,0.4529168326,0.450258217,0.4471200493,0.4433002349,0.4388786361,0.4339163018,0.4286024105,0.4231361915,0.4177961084,0.4127681861,0.408008232,0.4031498148,0.3976977781,0.3906472152,0.3809688144,0.367164681,0.3478296143,0.3232720289,0.295626946,0.2676417892,0.2423407866,0.221310428,0.2049596554,0.1927220854,0.1836058148,0.1769565176,0.172126936,0.168893957,0.1668718894,0.1657799219,0.1654401516,0.1659164804,0.1675154683,0.1704217727,0.1744741692,0.1794046812,0.18497147,0.1909525735,0.1971837261,0.2035941522,0.2100593875,0.2164603548,0.2227628674,0.2289745445,0.2349666699,0.2408135789,0.2463559619,0.2516552085,0.2567365313,0.2615938415,0.2662096321,0.2704969607,0.274589339,0.2784273648,0.2820461141,0.2855079869,0.2887917728,0.2919376301,0.2949656675,0.2978609438,0.3006354466,0.3032226092,0.3055737661,0.307767446,0.3096806992,0.3113721957,0.3127808129,0.3137222658,0.3140139797,0.3139518074,0.3139108082,0.3144630568,0.3155858609,0.316749771,0.3173002067,0.3171046889,0.3162103267,0.3148753868,0.3132333315,0.3115644923,0.3097559385,0.3078309984,0.3057895492,0.3036700036,0.301524415,0.2994805246,0.297909465,0.2964851696,0.294491666,0.2919271641,0.2890794715,0.2861454223,0.2834756481,0.281264249,0.2796271152,0.2783340807,0.2774829745,0.2771443455,0.2771261659,0.2774346482,0.2778731013,0.2786834714,0.2793526754,0.279796687,0.2800593661,0.2798924645,0.2792065838,0.2775950175,0.2746927552,0.2700376642,0.2630064578,0.2527940189,0.2389417247,0.2205064371,0.1971359151,0.1704155991,0.1422611191,0.1153571447,0.09249311451,0.07561673445,0.06440965026,0.05761787399,0.05365143174,0.05134786631,0.05008822433,0.04955938648,0.04965856779,0.05021277684,0.05122107693,0.05258823914,0.05430365648,0.05628327168,0.05853072971,0.0610003444,0.06372223116,0.06665293442,0.06979191994,0.07312071437,0.0765573419,0.08011929281,0.08365247712,0.08722491083,0.09083597538,0.09425331939,0.09758626953,0.1008245602,0.1038399223,0.1066624921,0.1093242241,0.1118642024,0.1143094174,0.1168484259,0.1193959838,0.1219766157,0.1245121379,0.1269550026,0.1294151276,0.1316939337,0.1339224126,0.1360723102,0.1381191213,0.1400805733,0.1418846242,0.14349021,0.1449953419,0.1465913995,0.1482829637,0.1500980952,0.1519830773,0.1539181822,0.1557607055,0.1573962827,0.1588413568,0.1602842301,0.1618066176,0.1634009663,0.1650609529,0.1667152132,0.1683590222,0.1698369766,0.1712782914,0.1725590485,0.1737900696,0.1746740215,0.1752297907,0.1751371414,0.174205639,0.1725731799,0.1701759215,0.1674100374,0.1645281301,0.1619330762,0.1593152089,0.1567963703,0.1543038956,0.1521237002,0.149978264,0.1477353913,0.1451883092,0.1421275676,0.1386045495,0.1351671252,0.1329316148,0.1317542665,0.1305874096,0.1285538403,0.1263349127,0.1240323549,0.1214405551,0.1191111617,0.1173486105,0.1160176526,0.1141062413,0.1118946639,0.1093942601,0.1069882205,0.1043874011,0.1014840347,0.09880676189,0.0961253239,0.09362962296,0.09098964604,0.08810129899,0.08541043027,0.08263303455,0.07991279803,0.07711814444,0.0747654968,0.07219552417,0.06955600399,0.06750301631,0.06492456624,0.06299496727,0.06087689047,0.05909716577,0.05790033478,0.05640931755,0.05526256849,0.05442179444,0.05360051738
0.5576071327,0.5621999171,0.563984988,0.5659282013,0.5677280907,0.5695168875,0.5712876275,0.5727794399,0.574211641,0.5754495715,0.5766922316,0.5777153538,0.5785521446,0.579220399,0.5796192152,0.5799815733,0.580030826,0.5799034794,0.5794557795,0.578891167,0.5780432857,0.5770494126,0.5758306793,0.5743221588,0.5723437456,0.5693087191,0.564803877,0.558162532,0.5494108692,0.5391340913,0.5286032882,0.5193244542,0.51186269,0.5064386318,0.5024013439,0.4992393651,0.4962925671,0.4934687463,0.4911430986,0.4894847872,0.4885368175,0.488840036,0.4903650496,0.4927021109,0.4956546581,0.4986606064,0.5014787841,0.5040306369,0.5060979677,0.507983977,0.5095695994,0.5107910449,0.5117842566,0.5124525583,0.5128085043,0.5128248389,0.5124269442,0.5116053772,0.5101336803,0.507975058,0.5050699414,0.5011206069,0.4961491805,0.4899874079,0.4826210242,0.4739570985,0.4642248755,0.4537365288,0.4429845587,0.4325506531,0.4227787887,0.4136574637,0.404603738,0.3947778903,0.3829573011,0.3675673491,0.3467403141,0.319043951,0.2858588905,0.250720354,0.217072153,0.1881682321,0.1652345594,0.1480425018,0.1356462963,0.1267021534,0.1203704058,0.1160336495,0.1131619734,0.1114431386,0.1105924094,0.1103482381,0.1107388321,0.111941166,0.1140885526,0.1171966878,0.1211533642,0.125700143,0.1307162852,0.136007788,0.1415355913,0.1471978499,0.1529233851,0.1586930219,0.1643675246,0.1699654746,0.1754968637,0.1808020967,0.1859374453,0.1908938002,0.1956805578,0.2002482968,0.204668229,0.2089181386,0.2130219134,0.2170089735,0.2209784156,0.224825467,0.2286187162,0.2323369457,0.2359933298,0.2395336428,0.2429763576,0.2462483954,0.2492304024,0.2520113612,0.2545218331,0.2567964749,0.2587850436,0.2602229614,0.2609476732,0.2608049297,0.2600887811,0.2590845038,0.2581311545,0.2571249463,0.255694038,0.2534117555,0.2503952779,0.2469664372,0.243605586,0.2401060745,0.2360967489,0.2325694576,0.2302918706,0.2287512926,0.2276652574,0.2264620303,0.2247906329,0.222514048,0.2200569685,0.2176289319,0.2157030303,0.2141514116,0.2129367504,0.2118210639,0.2111403286,0.2112343849,0.2119918611,0.2130606574,0.2142242823,0.2158356212,0.2169694565,0.2179944791,0.2188564222,0.2194786734,0.2196629444,0.2192325501,0.2178733092,0.2151793536,0.2105713205,0.2035748748,0.1934983498,0.1799142284,0.1624331789,0.1412293337,0.1183569823,0.0958265882,0.07582123368,0.06000429904,0.04917852307,0.04252999162,0.03876258045,0.03667850135,0.03551543733,0.03491024766,0.03464871229,0.03465972915,0.03485238097,0.03524248009,0.0357892391,0.03650381564,0.03733573579,0.03833059566,0.039491988,0.04076390648,0.04222151313,0.04375744752,0.04545649008,0.04715875079,0.04897459763,0.05088566174,0.05280837556,0.0547503457,0.05660852063,0.05843472579,0.06017259659,0.06178197978,0.06325428705,0.06460250408,0.06589182238,0.06720237458,0.06844777557,0.06971425208,0.07106761596,0.07237088193,0.07368316154,0.07500351804,0.07626688187,0.07754676362,0.07879723889,0.08004011302,0.08133006278,0.08258963825,0.08380688453,0.08487250091,0.0860362245,0.08712613327,0.08821097886,0.0895077231,0.09081564661,0.09224989044,0.09388371231,0.09562178751,0.09731396402,0.0990288729,0.1007312027,0.1024818201,0.1042040844,0.105926132,0.107476825,0.1088061157,0.1099911071,0.1109481869,0.1117658775,0.1121048682,0.111813697,0.1108655405,0.1089804368,0.1063698317,0.1033244944,0.09988714209,0.09618866004,0.09253787972,0.08927049252,0.08639108304,0.08389972159,0.08162310845,0.07951174638,0.07728311085,0.0751660387,0.07334676511,0.07239723037,0.07209937438,0.07168715605,0.07083765156,0.06956134095,0.06823739189,0.06709348257,0.06559001375,0.06466326568,0.06383029476,0.06305161593,0.06227161138,0.06109839082,0.06039987277,0.05929652415,0.05816050968,0.05716311024,0.05573718102,0.05455020305,0.05309836713,0.05205464886,0.05093099926,0.04985430994,0.04855260393,0.04752484513,0.04622926236,0.04479411916,0.04380055146,0.04281664438,0.04158599553,0.04097354315,0.0397037412,0.03913613436,0.03875590522,0.03842180528,0.03842167006,0.03778713581,0.03736771088,0.03712690676
0.5294385269,0.5317685737,0.5331775297,0.5345039779,0.5358920054,0.5371091522,0.5385877293,0.5397203324,0.5407105488,0.5416793177,0.5424007086,0.5431305025,0.5436608662,0.5441106851,0.5444114903,0.5444555616,0.5444020639,0.5441907237,0.543757584,0.5433572059,0.5426746384,0.5419468272,0.5410873125,0.5401267358,0.5388311986,0.5368710287,0.5337864255,0.5288650694,0.5220245064,0.5137547502,0.5055044747,0.4984162066,0.4928629653,0.4889143622,0.4860243529,0.483633419,0.4812751587,0.4790397141,0.4770723631,0.4755969904,0.4747838597,0.4748020492,0.4754388669,0.4769090931,0.4789770642,0.4813389387,0.4836029581,0.4855912107,0.4872522204,0.4888117856,0.4900121594,0.4909584079,0.4917414917,0.4923369198,0.4925231621,0.4924995217,0.4920873381,0.4913141686,0.4899961072,0.4880665337,0.4854926564,0.4820899683,0.4778932355,0.4726967046,0.4664909013,0.4592597661,0.451088232,0.4424073178,0.4334761405,0.424864088,0.4167874439,0.409255864,0.4017335433,0.3932984148,0.3827046132,0.368373634,0.3483559533,0.3212486194,0.2881422325,0.2528735669,0.2190738522,0.1901854748,0.1671881175,0.1499571851,0.1373455519,0.1280099307,0.121206946,0.116327753,0.1129865668,0.1108860877,0.109710347,0.1092855909,0.1095900287,0.1108673339,0.1132387487,0.1166651821,0.1209887218,0.1259627443,0.1314827877,0.1373016141,0.1434522624,0.1498114128,0.1562627933,0.1628034325,0.1693309427,0.1758872112,0.1823516024,0.1886388659,0.1947874596,0.2007213483,0.2064899558,0.2120335219,0.2173486707,0.2224241308,0.2273340425,0.2320618131,0.2366685405,0.2411439373,0.2455434364,0.2498382485,0.2540528007,0.258142816,0.2620411268,0.265731124,0.2692194995,0.2724288977,0.2754476837,0.2781667197,0.2806079032,0.2826368397,0.2842019276,0.2853215917,0.2859688304,0.2860924558,0.2855871578,0.2845894941,0.2828186538,0.280149537,0.2769193218,0.2734973702,0.2702064341,0.2669075637,0.2635423979,0.2603345692,0.2573804286,0.2547650736,0.2526669384,0.2511594536,0.249517266,0.2469819489,0.2436766271,0.2402230438,0.2371387801,0.2346092787,0.232771723,0.2314570957,0.2305987425,0.2303107951,0.2307188951,0.2314982233,0.2325862687,0.2329654729,0.2341215527,0.235201561,0.2360881119,0.2366697976,0.2367661972,0.2361648091,0.2344146332,0.2310482657,0.2254427765,0.2169665887,0.204816323,0.1887113195,0.168175889,0.1436481019,0.117630202,0.09255781665,0.07093404045,0.05436389958,0.04335028935,0.03669789867,0.03287841201,0.03067503812,0.02935699779,0.02855418808,0.02815674068,0.02805478979,0.02819476613,0.02852958683,0.02907578183,0.02976557769,0.03062263175,0.03164049649,0.0328055811,0.03413432964,0.03558350331,0.03715895684,0.03881451846,0.04051864123,0.04236324192,0.04429892888,0.04636473452,0.04848290688,0.05061406947,0.05279231115,0.05484993809,0.05685992057,0.05876672821,0.06057565983,0.06235782594,0.06413983509,0.06595113458,0.06781300677,0.06973457771,0.07169308272,0.07369419922,0.07573779271,0.07777757745,0.07986466329,0.08187116923,0.08395113579,0.08602741714,0.08810528511,0.09021434639,0.09219999472,0.09423068792,0.0961484181,0.0979090074,0.09972353265,0.1014549168,0.103217451,0.1049101028,0.1066085795,0.1083160186,0.1099985565,0.1117568758,0.1134495481,0.1152259595,0.1168721975,0.1184078843,0.1197248271,0.1207944841,0.1216963979,0.1221517522,0.1219629254,0.1210853738,0.1195070511,0.1171538323,0.1142601132,0.1109237208,0.1072185034,0.1033838206,0.09976463825,0.09651622973,0.09375360046,0.09134746764,0.08919391529,0.08692530512,0.08443947721,0.08176465736,0.07938146735,0.0775359305,0.07658939613,0.07594468103,0.07503329841,0.07364677773,0.07180013198,0.06983132429,0.06781543315,0.06626548032,0.06503764287,0.06387085624,0.06270741644,0.06129131171,0.05994933661,0.05834344209,0.05685000599,0.05543564752,0.05395022545,0.05233495801,0.05108662711,0.04936571802,0.0480238427,0.04629436482,0.0449564437,0.04350187197,0.04203775234,0.04068185228,0.03939199607,0.03830998398,0.03707009148,0.03623761297,0.03494600841,0.0341546339,0.03353327677,0.03268660325,0.0322247269,0.03193826903,0.03148315363,0.03093733151
0.4614068087,0.4644632375,0.4653030198,0.4663431561,0.4673883335,0.4683742882,0.4693046931,0.4701578976,0.471086577,0.4716552064,0.4721841236,0.4726420776,0.4728784438,0.4730391129,0.4731750404,0.4731409152,0.4730439846,0.4728287974,0.4725927132,0.472278002,0.4718701285,0.4713894608,0.4708502508,0.4701843789,0.4692255407,0.4678549262,0.4656334402,0.462226114,0.4575052554,0.4520055618,0.4466263106,0.4422240449,0.4390860464,0.437149777,0.4359238622,0.4350599742,0.4342864764,0.4335278556,0.4328853956,0.4324424256,0.4323000734,0.4325754458,0.433015687,0.4337017039,0.4345752795,0.4356087497,0.4365888882,0.437471739,0.4383635475,0.4391945549,0.4398974589,0.4404899353,0.440914371,0.4411971459,0.4413015239,0.4411782339,0.4407929875,0.4400971149,0.4390027756,0.4375219006,0.4356079287,0.4331290978,0.4301637203,0.4264723958,0.4221196144,0.4171397125,0.4114799831,0.4054548035,0.3992726736,0.3932836821,0.3876267437,0.3822569474,0.3768736513,0.370740401,0.3629203908,0.3519854213,0.3362883892,0.3145958624,0.2876983823,0.2582670023,0.2294185277,0.2043139116,0.1841924181,0.1690407204,0.157897315,0.1497675421,0.1439344732,0.1397946484,0.1371102835,0.1355020923,0.1347341819,0.1346226508,0.1353327842,0.1370494314,0.1399927572,0.1440797703,0.1490477328,0.1546125646,0.160650166,0.1670290575,0.1736733776,0.1803552078,0.1871394993,0.193946111,0.2006747514,0.2073484518,0.2139016849,0.2201602702,0.2262618771,0.2321914581,0.2379424199,0.2434295519,0.2485988213,0.2535173564,0.2581216074,0.2625182264,0.2667078519,0.2707105794,0.2744647959,0.2780967157,0.2815795217,0.2848534961,0.287973509,0.2908676011,0.2934956019,0.2958498232,0.2979899502,0.2999408994,0.301536459,0.3027663964,0.3035071116,0.303788073,0.3037135412,0.303539778,0.3034668284,0.3033561735,0.3031460483,0.3026891167,0.3018249056,0.300753676,0.2995106905,0.2979554326,0.2960988885,0.2940534833,0.2919638824,0.2898050158,0.2877749898,0.2857913889,0.2837652971,0.2812827218,0.2783854081,0.2752672799,0.2722836757,0.2695350129,0.2671901937,0.2652189606,0.2636974191,0.2627219313,0.2623005035,0.2622675953,0.2625665619,0.2614049129,0.2619811541,0.2624192721,0.262615045,0.2625833069,0.2620689386,0.2608786727,0.2586960413,0.2551042149,0.2495837242,0.241267834,0.2295196823,0.2138318501,0.1934561474,0.1685647282,0.1412420329,0.1138909222,0.0892704631,0.06965742189,0.05620160205,0.04785738911,0.04306050343,0.04033776831,0.03875959371,0.03793286787,0.03757035284,0.03762037552,0.03800809159,0.03864937656,0.03953111563,0.04066851553,0.04196420827,0.04350961678,0.04521421092,0.04717126291,0.04927479031,0.05163044211,0.05417984963,0.0568304423,0.05964668551,0.06254866002,0.0656102558,0.06866569422,0.07174764459,0.07483255624,0.07787391478,0.08084089318,0.08370828433,0.08652873833,0.08932621172,0.09211150931,0.09495987262,0.09793199561,0.100949432,0.103960623,0.1069372899,0.1099197315,0.1128069005,0.1156129251,0.1183197111,0.1209829887,0.12356132,0.1259980506,0.1283495771,0.1305811531,0.132644623,0.1345835847,0.136368227,0.138226073,0.1401780775,0.1420992149,0.1438751226,0.145538997,0.1471912218,0.1489542872,0.1506629454,0.1523118066,0.1539591905,0.1555663394,0.1570840949,0.158407456,0.159467868,0.1603204389,0.1607657702,0.1607322647,0.1601187938,0.1587863301,0.1568932078,0.1543788315,0.1515729755,0.1486237894,0.1456721906,0.1428363739,0.1402524578,0.138018059,0.1359879981,0.1339392831,0.1317087313,0.1291548959,0.1263388531,0.123252019,0.1206639537,0.1186398677,0.1168410784,0.1148822036,0.112501061,0.1098342845,0.1070896499,0.1044135233,0.1018834229,0.0997770807,0.09772818265,0.09556624501,0.09324085419,0.09093502286,0.08859513008,0.08609906445,0.08382704018,0.08144896795,0.07923615184,0.07671331272,0.07443068433,0.07204299175,0.06959190327,0.06723642015,0.06500612985,0.0628198349,0.06061853834,0.05822355771,0.05621088954,0.05414193858,0.052322392,0.05063555049,0.04921874362,0.04764388404,0.04660780175,0.04542825237,0.04464366985,0.04424729545,0.04335841085
0.456880589,0.460330195,0.461819725,0.463441398,0.465064508,0.466635226,0.468274663,0.469591777,0.470714382,0.471672542,0.47240984,0.473177977,0.473783974,0.474254036,0.474676906,0.474872894,0.475010626,0.474839996,0.474412201,0.473756707,0.472935865,0.471897424,0.47079353,0.469339954,0.467589018,0.465059424,0.4609078,0.454529513,0.445665569,0.435144718,0.424920942,0.416431183,0.410102742,0.405581919,0.402125907,0.399108382,0.39605461,0.393076288,0.390727364,0.38944293,0.389299449,0.390102386,0.3917666,0.394121613,0.397214295,0.400522871,0.403583644,0.406265282,0.408458237,0.4103579,0.411967528,0.413250995,0.414193618,0.414855041,0.415012178,0.414835697,0.414261056,0.41324188,0.411712927,0.409543449,0.40674993,0.403094373,0.398515097,0.392864187,0.386243404,0.378575468,0.370056194,0.36111515,0.352039235,0.343248656,0.334894211,0.326975883,0.31904444,0.310391438,0.299783201,0.285789139,0.267135368,0.243235116,0.215631581,0.187792097,0.162525089,0.142025563,0.126503149,0.115370551,0.107533935,0.101973947,0.098032919,0.095271485,0.093450786,0.092342408,0.09178925,0.091673216,0.092092581,0.093182455,0.095052095,0.097689782,0.100932861,0.104649509,0.108704701,0.113039901,0.117673871,0.122438121,0.127375114,0.132425516,0.137494065,0.142613289,0.147698185,0.152693441,0.15761443,0.162453116,0.16722337,0.171839963,0.176282351,0.180538175,0.184584922,0.188497495,0.192316266,0.19599132,0.199569344,0.202973862,0.206237995,0.209365479,0.212330969,0.215069426,0.217529496,0.219680367,0.221489338,0.223262683,0.225038282,0.226564808,0.227569593,0.227999402,0.227930725,0.227431916,0.226358835,0.224176218,0.220830447,0.21647562,0.211564454,0.206590155,0.202039496,0.198124194,0.194910301,0.192707221,0.191125953,0.189826589,0.188915876,0.188455815,0.187660844,0.185917298,0.183386351,0.180933484,0.179131044,0.177975148,0.177242115,0.176806417,0.176548026,0.176455047,0.176659862,0.17709683,0.177657938,0.178645101,0.179403089,0.179967731,0.180361407,0.180475222,0.18017521,0.179310298,0.177603607,0.174721993,0.170157619,0.163491268,0.154172155,0.142170739,0.127331417,0.110341438,0.092756922,0.076236472,0.062193059,0.051347032,0.043945964,0.039268772,0.036435202,0.034858829,0.033872616,0.033334115,0.033096865,0.033083123,0.033335646,0.033748127,0.034297249,0.034956255,0.035753558,0.036658205,0.037668127,0.038781529,0.040018384,0.041303248,0.042731744,0.044167337,0.045692564,0.047253383,0.048850424,0.050479356,0.052050958,0.053638838,0.055184061,0.056677136,0.058161629,0.059564775,0.060949332,0.0623674,0.063823961,0.065372921,0.06695061,0.068590894,0.070194317,0.071855489,0.073460046,0.074998215,0.076534153,0.078023214,0.079486415,0.08081622,0.082166518,0.083412673,0.084672858,0.08578404,0.086797847,0.087809797,0.088899403,0.089937974,0.09081763,0.091609952,0.092431541,0.093313793,0.0942378,0.095119384,0.096006784,0.096768612,0.097438336,0.09790819,0.098169739,0.098302123,0.098120899,0.097680786,0.096780293,0.095398625,0.093505189,0.091167392,0.088572851,0.085785927,0.082864407,0.080071688,0.077539342,0.07562039,0.07377909,0.071879419,0.069759881,0.067313707,0.065101807,0.063611752,0.062958014,0.063073078,0.063480771,0.063406491,0.062582362,0.061323864,0.059840289,0.058307091,0.057354329,0.0568494,0.056286004,0.055636894,0.05478155,0.054122755,0.053241325,0.052272018,0.051391652,0.050456481,0.049544118,0.048569898,0.047676661,0.046706463,0.045825423,0.044990213,0.043858347,0.043289862,0.042474278,0.041465379,0.040497532,0.039643,0.038910331,0.037877385,0.037342976,0.037044593,0.036030233,0.036073041,0.035476779,0.035403535,0.035192023
0.5009683471,0.5031634847,0.5034348972,0.5038916529,0.5042336317,0.5046546082,0.5049535943,0.5051442063,0.5053573573,0.5055221023,0.5055530288,0.5057435083,0.5057946363,0.5057825422,0.5057386677,0.5054830217,0.5052581908,0.5048264941,0.504352923,0.5037228363,0.5031103444,0.5024255248,0.5016148267,0.5007139617,0.499639562,0.4982802998,0.4965790432,0.4940624638,0.490599026,0.4863953612,0.4819866321,0.4781399021,0.4751548609,0.4730695579,0.4715868989,0.4704363623,0.4693651556,0.468352544,0.4673378165,0.4664717133,0.4659325235,0.4656840291,0.4656759982,0.465967299,0.4665207844,0.4672158994,0.467870375,0.4684258377,0.4689011355,0.4692897357,0.4695632841,0.4696662684,0.4696762603,0.4695726551,0.4693521335,0.4689412911,0.4684447387,0.4678318003,0.4669312754,0.4658517698,0.4643232178,0.4624348012,0.4600246283,0.4571259831,0.453609517,0.4495943152,0.445068222,0.4401788288,0.4351294762,0.4301723501,0.4254939458,0.4210519317,0.4165282438,0.411470664,0.4049693581,0.3960330317,0.3832250498,0.365058977,0.3415861974,0.3147007826,0.2868399983,0.2611820159,0.2393882693,0.2221180834,0.2090370968,0.1991801511,0.1919011169,0.1866096099,0.1830325871,0.1807806316,0.1795347598,0.1791078024,0.179542815,0.1811627253,0.1840644118,0.1881894374,0.1932793362,0.1989886815,0.2051446137,0.2115251219,0.2180525343,0.2246065323,0.2310366401,0.2374134397,0.2435602747,0.2494777409,0.2552028661,0.2606097009,0.2657601169,0.2706357378,0.2753345485,0.2797754582,0.2838979045,0.2878129848,0.2914608185,0.2949086896,0.2981675814,0.3013312878,0.3043565605,0.3073012051,0.3101243483,0.312803387,0.3153361534,0.3176798018,0.3198371103,0.3217549631,0.3234189329,0.3247290532,0.325609615,0.3258337366,0.3256627286,0.3255968625,0.326122368,0.3273094174,0.3286143498,0.3292497553,0.3291028884,0.3281637937,0.326700906,0.325048148,0.3232999679,0.3214893331,0.3195535631,0.3175475617,0.3155742769,0.3134514709,0.3114822998,0.3100119124,0.3086853537,0.3068223906,0.3043850761,0.3016676944,0.2987821985,0.2961939324,0.2941460656,0.2925712636,0.2914375812,0.2907390684,0.290469452,0.2905864584,0.2909013948,0.2903551538,0.291218651,0.2919330638,0.2924596946,0.2927810548,0.2927914852,0.2922451499,0.29084568,0.2881858116,0.2837983839,0.2770495132,0.2671761523,0.2536672332,0.2354295044,0.2119225208,0.1845851825,0.1552530967,0.1264994182,0.1014550982,0.08241142577,0.06943481556,0.06127502268,0.05636514137,0.0535088412,0.05190778643,0.05121278496,0.05130582634,0.05196248406,0.05318863332,0.05483475751,0.05688581427,0.05920602744,0.06185852947,0.06474842068,0.067931662,0.07131498374,0.07491722237,0.07872917309,0.08259371803,0.08655261855,0.09049133109,0.09443603011,0.0982706756,0.1019698744,0.105554542,0.1088833542,0.1119999815,0.114879566,0.1176141497,0.1201504877,0.1226067336,0.1250252304,0.1274700054,0.129978235,0.1323968673,0.134716533,0.1370081117,0.1391553616,0.1413031897,0.1433519793,0.1452984433,0.1471557008,0.1488325207,0.1504229454,0.1518566947,0.1534189837,0.1551476045,0.156938003,0.1589663232,0.1610538895,0.1630481519,0.1648034993,0.1663714776,0.1679296094,0.1694967055,0.1712561153,0.1730157646,0.1747324542,0.1764547444,0.1781139288,0.1797459345,0.1811659998,0.1825565571,0.1836086388,0.1842099537,0.1841189506,0.1833576751,0.1815836651,0.1789959306,0.1760605597,0.1728870365,0.170016691,0.1671797484,0.1643698266,0.1617436117,0.1591071669,0.1568424574,0.1546262803,0.1520586642,0.148960627,0.145276955,0.1415717233,0.1392191487,0.1381182463,0.137033859,0.1352695569,0.1330794554,0.1306812054,0.1284002916,0.1260231008,0.1242319411,0.122911667,0.1212557467,0.1187679501,0.1163475464,0.1137684844,0.1110107502,0.1080946056,0.1053721279,0.1026020604,0.09957029298,0.09665009873,0.09375927503,0.09074059216,0.08785364553,0.08465829247,0.08160477272,0.07899016745,0.07630213234,0.0736048813,0.07108101942,0.06848988465,0.06619845071,0.06405355303,0.06217819578,0.06063111805,0.05884881146,0.05760459608,0.05688806303,0.05584346609
0.4980845289,0.5009038992,0.5021383668,0.5033445803,0.504702637,0.5059189738,0.5070966415,0.5082066684,0.5091673461,0.5100574325,0.510753352,0.5114569235,0.5120216487,0.5122205543,0.5125273392,0.5126106218,0.5126461896,0.5124862567,0.5121516033,0.5117655889,0.5111906825,0.510603023,0.509864432,0.5089937044,0.5078671152,0.506068469,0.5033162041,0.4991141524,0.4934333989,0.4867124784,0.4803004232,0.4749497847,0.4710635566,0.4685823709,0.4670486032,0.4659454912,0.4649242534,0.4638649386,0.4630012643,0.4624246057,0.4622151186,0.4624716956,0.4629949585,0.4638136827,0.4648323568,0.4660112313,0.4671600592,0.4681981052,0.4692581899,0.4702068324,0.4710098431,0.4716621211,0.4721448317,0.4724613313,0.4725445952,0.4723921665,0.4719704703,0.4712099279,0.4701350124,0.4684696362,0.4662685282,0.4634396648,0.4598562623,0.4555816109,0.4504827657,0.4445918416,0.4378615951,0.4307744539,0.4234993392,0.4165147064,0.4099827116,0.4039775954,0.3979257695,0.3909221868,0.3819318244,0.3696469993,0.3523389949,0.3286523904,0.2994048663,0.2678329504,0.2370961455,0.2105537422,0.1893363085,0.1733499465,0.1616175742,0.153001936,0.1467966891,0.1424749105,0.1395909069,0.1378648284,0.1370255301,0.1368436171,0.1374453947,0.1390915312,0.1419444508,0.1459390583,0.1508544351,0.1563970573,0.1624497529,0.168786673,0.1753986795,0.1822009169,0.1890311504,0.1959447627,0.2027739605,0.2095403553,0.2161792209,0.2225829,0.2288401,0.2349356128,0.2408605662,0.2465409711,0.2518771895,0.25696948,0.2617670926,0.2662900161,0.2707237972,0.2748351843,0.2788321754,0.282785314,0.2864974446,0.290084642,0.2933988403,0.2964992197,0.2993786039,0.3019738539,0.3043015898,0.3064022792,0.3081010329,0.3094062833,0.3100681646,0.3102562247,0.3100180466,0.3096887611,0.3095767814,0.3095219952,0.3093267014,0.3088572333,0.3079794287,0.3069286726,0.3056181007,0.3040059006,0.3020627659,0.2998206671,0.2975323751,0.2951960291,0.2929675004,0.2908956213,0.2886628259,0.2860062535,0.2829819822,0.2798165234,0.2766041531,0.2737745754,0.271334591,0.2693147193,0.2677043574,0.2667350382,0.266322317,0.2663968632,0.2667005612,0.2667639123,0.2673803604,0.2679842154,0.2683516054,0.2684123361,0.2679979099,0.2669439467,0.2648095688,0.2611944496,0.2554332727,0.2469243646,0.2348692146,0.218910657,0.1983247142,0.1731310651,0.145548795,0.1180598551,0.09347985012,0.07404089688,0.06069661091,0.05243281135,0.04773988913,0.04507017287,0.04356957995,0.04278603316,0.04248967838,0.04253603777,0.04294549131,0.04354316193,0.04439684219,0.04546324302,0.04671788499,0.04818606934,0.04984927729,0.05166090301,0.05370656689,0.05591799613,0.05836302969,0.06093078959,0.06365015607,0.06645388537,0.06934341374,0.07227017488,0.07523907867,0.0781676367,0.08103701979,0.08383130539,0.0864769269,0.08911167231,0.09170321566,0.09427643537,0.0969320325,0.09965243215,0.1024585054,0.105257127,0.1080008885,0.1107023152,0.1133502475,0.1159685578,0.118444935,0.1209353152,0.1233044526,0.1255477262,0.1277173343,0.1297210729,0.1316848997,0.133453127,0.135169691,0.1370433767,0.1389168682,0.1408440095,0.1426424731,0.1443141431,0.1460304674,0.1477902958,0.1495804116,0.1512990135,0.1530147213,0.1546553472,0.1562167614,0.1576312616,0.1587527538,0.1597201407,0.1602284629,0.1602468293,0.1595457589,0.1582034677,0.1561173444,0.1534940263,0.1506164781,0.1476239874,0.1446301271,0.1418953062,0.1394347728,0.1373596084,0.1354971821,0.1337067012,0.1317238163,0.129185119,0.1265550861,0.1237151583,0.1211083062,0.1189905908,0.1171609103,0.1151303138,0.1127655844,0.1104542207,0.1078939548,0.1052688725,0.1030454775,0.1011159673,0.09917230601,0.09709599479,0.0950517471,0.09297382043,0.09071035449,0.08853217973,0.08615317377,0.08407339283,0.08190868459,0.07983085311,0.07739434609,0.07520912287,0.07279275008,0.07057663258,0.06835844271,0.06607148615,0.06410736179,0.06201704386,0.06005594601,0.05844011396,0.05626849875,0.05477066618,0.05376156506,0.05236924561,0.05087343785,0.04987514248,0.04937394041,0.04927466024,0.04817811878
0.5628184544,0.5655183945,0.5669393174,0.5683706501,0.5700255387,0.5714445869,0.5729463339,0.5742224816,0.5753857644,0.5765687092,0.577526349,0.5783974509,0.5790871161,0.5796595683,0.5799813687,0.5802232801,0.5801567581,0.580008279,0.5795426115,0.5790714766,0.5784811263,0.5777331229,0.5768559195,0.5757910665,0.5742329992,0.571887665,0.5683300244,0.5631324577,0.5561932405,0.5481618968,0.5399560038,0.532608105,0.5267467495,0.522470052,0.5192996171,0.5167042468,0.514310926,0.5120623715,0.5102599071,0.5088272074,0.5081715165,0.5082812244,0.5090282769,0.5104232027,0.5123223346,0.5143917718,0.5163223861,0.5180802194,0.5196899147,0.5211106622,0.5223014182,0.5232990757,0.524095083,0.524668095,0.5249701104,0.5250419519,0.5247518776,0.5239979643,0.5228169851,0.5210838463,0.5185749683,0.5152817511,0.5111067512,0.5059121444,0.4997139264,0.4923642844,0.4841206384,0.4752624794,0.4660880803,0.457345691,0.4491180613,0.4415197496,0.4339665893,0.4257085725,0.4155540793,0.4018110201,0.3825957022,0.3562981349,0.3236627714,0.2880659183,0.2528807478,0.2218150738,0.1963796499,0.1766552624,0.1618011509,0.1506454908,0.1424028444,0.136409566,0.1322764891,0.1296369931,0.1280511022,0.1273820134,0.1275289123,0.1286898534,0.1311060603,0.1346314982,0.13912259,0.1442749561,0.1499900381,0.1560550582,0.162392645,0.168903752,0.1754853713,0.1820973134,0.1886198308,0.1950471038,0.2012867801,0.2073127201,0.2131400973,0.2187514546,0.2241477559,0.2293290258,0.2342947194,0.2390868319,0.2436979894,0.2482007939,0.2526315875,0.2568900359,0.2610981982,0.2652877166,0.2694074927,0.2733907716,0.2772228339,0.2808637186,0.2843319869,0.2874950895,0.2904536525,0.293144997,0.2955731826,0.2974567707,0.2986023191,0.2988640816,0.2984556116,0.2980172803,0.29780051,0.2977052775,0.297273564,0.2961087702,0.2943628933,0.2924627546,0.2903975088,0.2879949581,0.2853084563,0.282545802,0.2797466136,0.2770853422,0.2747066119,0.2726055197,0.2704255796,0.2679393412,0.2651952836,0.2624038917,0.2597527973,0.257528451,0.2557726983,0.2543500127,0.2533304049,0.2529306101,0.2529842202,0.2536091509,0.2546017236,0.2562071242,0.2575008524,0.2586441904,0.259637118,0.2603199979,0.2606284777,0.2602893057,0.2589488442,0.2561436506,0.2512258036,0.2435150176,0.2322304098,0.2169166311,0.196724553,0.1716943425,0.144009735,0.115767348,0.08962730296,0.06814619778,0.05280910123,0.04287281699,0.03696939618,0.03351789051,0.03147552615,0.03026064039,0.0297127535,0.02955253363,0.02981791364,0.03034333472,0.03117923563,0.03224914582,0.03352222769,0.03503836098,0.03671718448,0.03864931818,0.04075803117,0.04306138706,0.04546567968,0.04802032196,0.05068011739,0.05339934938,0.05606917544,0.0587931394,0.0614307326,0.06394450139,0.0662885524,0.06853143424,0.07057986301,0.07247040014,0.07431683168,0.07607937968,0.07795166509,0.07983834596,0.08182047026,0.08373532564,0.08564248128,0.0875593641,0.08939930457,0.09125943773,0.09313724281,0.09507438607,0.09700849767,0.09885462228,0.100700656,0.1025215692,0.1042536187,0.1059864568,0.1076832162,0.1095761901,0.1115960347,0.1136415909,0.1158082266,0.1179280593,0.1200675595,0.1221891832,0.124385845,0.1266643893,0.1288953323,0.1310446982,0.133070757,0.134888875,0.1364858816,0.1378161692,0.1388357008,0.1392959626,0.1391518097,0.1381834244,0.1363281116,0.133682753,0.1304751001,0.126751414,0.12281131,0.1187722919,0.11482684,0.1113393812,0.1081513077,0.1055728732,0.103398716,0.1012028573,0.09873946044,0.09632386358,0.0946227747,0.09349174334,0.09241443563,0.09111434118,0.08928818461,0.08722703685,0.08498764236,0.08266128701,0.0808142164,0.07936104592,0.07792537622,0.07639395845,0.07463733799,0.07279211567,0.07108775102,0.06904715499,0.06719895205,0.06515413402,0.06315539853,0.06121339702,0.05916990768,0.05701154468,0.05489446592,0.05295709041,0.05076671457,0.04901664771,0.04679321946,0.04500030599,0.04292187323,0.04133274297,0.03974577206,0.03859027509,0.03755047958,0.03651858865,0.0356072883,0.03440021859,0.03412760248,0.03398696909,0.03302736061
0.5625904278,0.5669394051,0.5685616251,0.5703878313,0.5722324438,0.5739002833,0.5756474008,0.5771723355,0.5784827359,0.5796287419,0.5808355955,0.5818259943,0.5828097151,0.5835240666,0.5840638297,0.5844156648,0.5844811027,0.5843014108,0.5839883174,0.5833869431,0.5825296982,0.5815800637,0.580472823,0.5790328971,0.5769785455,0.5740859463,0.5697576518,0.5633856485,0.5550380438,0.5452359847,0.5351815011,0.5259623053,0.5184260533,0.5126462979,0.508341961,0.5047478506,0.50150318,0.4984265126,0.4959111604,0.494056615,0.4930191449,0.4932215085,0.4946828363,0.4970057022,0.4999529016,0.5029180246,0.5056725689,0.5081327313,0.5102314785,0.512111949,0.5136846011,0.5149381695,0.516023122,0.5167366309,0.5171482991,0.5172858646,0.5169779579,0.5162780073,0.5150532456,0.5130132691,0.5102494876,0.5065306434,0.5017610538,0.4958082359,0.4886709702,0.4802518575,0.4707679673,0.4604982483,0.4500161716,0.4398239741,0.4302411125,0.4212539006,0.4124857973,0.402937036,0.3915558464,0.3767097229,0.3563762056,0.3291478603,0.2961201907,0.2607340837,0.2263295999,0.1964666028,0.1722449963,0.1538146928,0.1401709498,0.1301501964,0.1228706062,0.1176729856,0.1141449479,0.1118794446,0.1105684021,0.1099925089,0.1100859065,0.1110502372,0.1129887553,0.1159651641,0.119762601,0.124222045,0.1291345105,0.1343705098,0.139865822,0.1455101868,0.1512245621,0.1569583173,0.1626668636,0.1682970269,0.173857018,0.179197608,0.1843679485,0.1893454292,0.1941412987,0.1987260607,0.2031382891,0.2074231416,0.2115444291,0.2155837068,0.2195313347,0.2234066089,0.2272284191,0.2310002695,0.2346783743,0.2382803685,0.2417391027,0.2450324778,0.2480674471,0.250861505,0.2533835938,0.2556650398,0.2577157535,0.2593017947,0.2600154748,0.2598518157,0.2591359814,0.2582210917,0.2572276399,0.256244484,0.2548169057,0.2526405278,0.2496298193,0.2462416658,0.2428948087,0.2393687202,0.2353790247,0.2318290897,0.229507972,0.2281675693,0.2270749009,0.2260420293,0.2244158031,0.222345327,0.219958015,0.2177468261,0.2158990863,0.2145885088,0.2135293224,0.2125774151,0.211986153,0.2122771685,0.2132007546,0.2144210314,0.2157335108,0.2176316743,0.2190007295,0.2201949799,0.2212313621,0.2219690752,0.2222961918,0.2220664978,0.2208896406,0.218414743,0.2141244334,0.2072798063,0.1973599478,0.1839204916,0.1663729062,0.1449248225,0.1214970964,0.09805898348,0.07678976713,0.05963456738,0.04766732641,0.04002821942,0.03559918384,0.03304547643,0.03158854605,0.03078087261,0.0303838566,0.03032326885,0.03049866258,0.03086740292,0.0314189029,0.03215076815,0.03303044606,0.03405992441,0.03524788627,0.03659199911,0.03806556725,0.03967681418,0.04141517326,0.04319470173,0.04505830857,0.04704726314,0.0489975949,0.0510297108,0.0529430371,0.05485416595,0.05653749483,0.05823673432,0.05973172609,0.06113220746,0.06248516537,0.06375351662,0.06505463569,0.06641696668,0.06776913781,0.06912542201,0.07051137447,0.07184071508,0.07316810022,0.07452240867,0.07580099315,0.07705640459,0.07842014618,0.07970921928,0.08092082197,0.08206630767,0.08322302541,0.08433212179,0.08550828028,0.0867623056,0.08819530423,0.0897289484,0.09144389095,0.09328811936,0.09511035961,0.09686751021,0.09873068844,0.1005395273,0.1023534559,0.1041728249,0.1058366245,0.1073380902,0.1085900088,0.1097396299,0.1106202568,0.1110209091,0.1107573327,0.1097356007,0.1079033386,0.1052576983,0.1021212741,0.09838725787,0.09450317841,0.09084676311,0.08729656,0.08426090098,0.08180540335,0.0794606836,0.07716341188,0.07479804849,0.07253296858,0.07070618648,0.06964968919,0.06936250852,0.06907471185,0.06808963641,0.06672455601,0.06546285211,0.06402431094,0.06272695346,0.06148019104,0.06053429293,0.05984452627,0.05899146632,0.05798278073,0.05690200294,0.05609100615,0.05485896887,0.05350509763,0.05227327032,0.05106537389,0.04984086384,0.04826652449,0.0472025159,0.04590985434,0.04452029106,0.04331225299,0.0420151128,0.0407841585,0.03957898987,0.03829422467,0.03723965356,0.03621277837,0.03523304657,0.03464537591,0.03429693853,0.03361844002,0.03301364105,0.03245665672,0.03187927839,0.03220617708
0.4259996671,0.4269159251,0.4275712197,0.428447196,0.4291059479,0.4299186648,0.4306218408,0.4312136548,0.4318160094,0.4322886362,0.4327602706,0.4332563695,0.4335612212,0.4340304469,0.4341927393,0.4343213351,0.4344043529,0.4343892498,0.4343274185,0.4340730403,0.4337497497,0.4333437911,0.4328505529,0.4322789364,0.4314092417,0.4302186898,0.4284122535,0.425830276,0.4220205249,0.4175028299,0.4127717773,0.4086674811,0.4053731681,0.4030956809,0.4014689003,0.4001218864,0.3989637367,0.3977774108,0.3967195608,0.3960230607,0.3955720191,0.3954487449,0.3956711787,0.3963745953,0.3975797329,0.3991491696,0.4006767262,0.4019354752,0.4030275978,0.4039910813,0.4048107838,0.4054341568,0.4059177674,0.4062748628,0.4063584991,0.4063174203,0.4061683164,0.4058410249,0.4052558909,0.4043672643,0.4030542105,0.4013380338,0.3990696259,0.3961873648,0.3926978882,0.3884964519,0.3836634671,0.3783927799,0.3728335032,0.3673520177,0.362151891,0.3573217291,0.3524852154,0.3470074402,0.3401387424,0.3307661976,0.3174977807,0.2989097464,0.2751408314,0.2485132246,0.2217210852,0.1975478005,0.1774287541,0.1618103878,0.1501673031,0.141548794,0.1353296114,0.130910498,0.1279517506,0.1261420333,0.1251293992,0.124797364,0.1251407243,0.1264002312,0.1287325227,0.1320867428,0.1362812354,0.1410487967,0.1462150728,0.1516158592,0.1572586141,0.1629960325,0.1687652197,0.1745677098,0.1802622857,0.1858250376,0.1912733297,0.1964778368,0.2015327971,0.2063876755,0.2111122435,0.2156229503,0.2198517237,0.2238893695,0.2276834457,0.2313594275,0.2349203855,0.2383422621,0.2416648198,0.24498986,0.248219817,0.2513394289,0.2543060194,0.2570271645,0.2595853672,0.2618720544,0.2639152993,0.265689783,0.2671163152,0.2680933398,0.2685245164,0.2684860216,0.2681271905,0.2677304843,0.2673351597,0.2667156793,0.2656600659,0.2639896106,0.2619261321,0.2596390537,0.2572588519,0.2546184865,0.2517651409,0.2488849882,0.2461593927,0.2437124219,0.2419253799,0.2414603707,0.2414534832,0.2405308347,0.2386332141,0.2362510877,0.2336556667,0.2316022172,0.2302816757,0.2294550508,0.2289083903,0.2285389277,0.2285464599,0.2289385539,0.2295114465,0.2293557,0.2303912308,0.2313780588,0.2320950515,0.2325941664,0.2328126796,0.2325185103,0.2313497424,0.2289620864,0.2248322793,0.2183413053,0.2088607921,0.1958689956,0.178634773,0.1570422583,0.132688559,0.1076224908,0.08443575168,0.0653089432,0.05165653203,0.04279462665,0.03754086542,0.03440843995,0.03256807687,0.03153690358,0.03108100569,0.03101176593,0.03139274422,0.03205808564,0.03298976637,0.03414814483,0.03551517131,0.03708925489,0.03878559516,0.0407187059,0.04283945889,0.04510477253,0.04751912163,0.04999820601,0.05260580625,0.05522921148,0.05790722067,0.06059653508,0.06317582596,0.06568064563,0.06799857187,0.07019267101,0.07220956652,0.07403692524,0.07575266657,0.07747213401,0.0793701195,0.08133824562,0.08338233609,0.08544257686,0.08742501374,0.0894340358,0.09138928195,0.09328363551,0.09507454286,0.09686787075,0.09861123565,0.1002758205,0.1018349602,0.1032963424,0.1046843762,0.106017122,0.1072992937,0.1087232908,0.11020304,0.1116590489,0.1130022761,0.1142793174,0.1156203729,0.1170372355,0.118514173,0.120045066,0.1216504845,0.1232292154,0.1246770071,0.126013166,0.127128474,0.1279351557,0.1283135493,0.1280643928,0.1269412683,0.1249376027,0.1221497519,0.1188297214,0.1152687955,0.1116441919,0.1082655422,0.105229528,0.102574397,0.1004198997,0.0986086767,0.09700874813,0.09508616664,0.09270581659,0.08980886394,0.08680188681,0.08428304771,0.08312234052,0.08327903081,0.08303880259,0.08179662636,0.08004176796,0.07821103218,0.07618929082,0.07443783196,0.07333550818,0.07269102624,0.07164427759,0.07024109778,0.06887312655,0.06719847912,0.06552249539,0.06389330194,0.06231505378,0.06076190292,0.05912389667,0.05730990824,0.05557659309,0.05382894898,0.05203169504,0.0502618392,0.04844822165,0.0467351992,0.0451032717,0.04341618132,0.04188596889,0.04036558878,0.03917854807,0.03762078091,0.03676541321,0.03579080406,0.03530284326,0.03445764668,0.03410331325,0.03373958475
0.5045917019,0.5065541243,0.5071043783,0.5075212349,0.5080483395,0.5084522848,0.508873311,0.5091965832,0.5093559313,0.5095670176,0.5096503144,0.5099453058,0.5099684992,0.5100974799,0.5099854942,0.5096975122,0.5094341559,0.509035434,0.5085124376,0.5079216104,0.5073019562,0.5065346956,0.5057656937,0.5049490145,0.5037379491,0.5023559861,0.500632188,0.4980100525,0.4943336041,0.4898335382,0.4852057938,0.4810734528,0.4779300268,0.4757061007,0.4741732751,0.4729866762,0.4717603262,0.4706252307,0.4696124421,0.4687270556,0.4681153579,0.4677502478,0.467715754,0.4680751918,0.4687430089,0.4695434979,0.4703634945,0.4710206414,0.4715500861,0.4720128956,0.4723356254,0.4725059364,0.472583796,0.4725069946,0.4722706525,0.4718788815,0.4713711762,0.4706648702,0.4697847348,0.4685624672,0.4669778594,0.4649104718,0.4623498969,0.4592499518,0.4556276971,0.4513607791,0.4465770946,0.4414868316,0.4361570731,0.4310327953,0.4261472177,0.4216148473,0.4171376157,0.4119492875,0.4051937304,0.3959388366,0.382786701,0.3641516082,0.3399860713,0.3124079777,0.2840220253,0.2577737445,0.2355010607,0.217770752,0.2043112203,0.1941278263,0.1865821533,0.1810677834,0.1772308103,0.1747590822,0.1733748197,0.1728428317,0.1732143179,0.1747313804,0.1775706727,0.1816454035,0.186686764,0.192365821,0.1984803711,0.2048188298,0.2113898696,0.2179644942,0.2244892351,0.2309083694,0.2371490079,0.2431995492,0.2490300807,0.2545551393,0.2597721193,0.2647622441,0.2695076377,0.2740475385,0.2782767421,0.2822634267,0.2859605389,0.2895770111,0.2930564476,0.2963356281,0.2995740753,0.302620328,0.3055681584,0.3083339099,0.3110214784,0.3134690615,0.3158050881,0.3179043042,0.3196972494,0.3211641083,0.3220746312,0.3223858287,0.3222766582,0.3222328084,0.3227593039,0.3239797762,0.3252718611,0.3259400384,0.3257463821,0.3247802918,0.323224139,0.3213807388,0.3194545283,0.3174886399,0.3153937052,0.3132233075,0.3110997238,0.3088382883,0.306769995,0.3052930809,0.3042039325,0.3023894867,0.2999744168,0.2971287375,0.294186214,0.291652839,0.2896068107,0.2881383944,0.2870581671,0.2863766947,0.2861979681,0.2863797787,0.2868086722,0.2863905903,0.2872089818,0.2879732248,0.2885343419,0.2889301887,0.2890519515,0.2886351884,0.2873238127,0.2846126355,0.2801396325,0.2732585915,0.263305185,0.249645351,0.2312241546,0.207363764,0.1796587671,0.149955927,0.1210389153,0.09591289106,0.07685392063,0.06383948038,0.05576805015,0.05080204417,0.04788676673,0.04624390462,0.04550372213,0.04552848085,0.04612533322,0.04726061875,0.0487924836,0.05073861624,0.053002839,0.05555753185,0.05833461257,0.0614191568,0.06471674739,0.06822756099,0.07190937001,0.07570127463,0.07957151926,0.08343451682,0.08733071041,0.09112789626,0.09476623096,0.09826298294,0.1015012422,0.1045900791,0.1073424549,0.1099358769,0.112376178,0.1147712319,0.1171754001,0.1195509199,0.1219988962,0.1243843145,0.1266599868,0.1289036951,0.1310428989,0.1331183102,0.1351440358,0.1370879935,0.1389414244,0.1406385104,0.1421616193,0.1436447578,0.1451537459,0.1468590234,0.148698127,0.1507394627,0.1527833754,0.1548125933,0.1566520186,0.1583159941,0.1599136472,0.1615948591,0.1634290334,0.1652521285,0.1671464317,0.1690438308,0.1708645447,0.1725292118,0.1740622847,0.1754639064,0.1766160554,0.1772582554,0.1772013034,0.1763321461,0.1745486926,0.1719047025,0.1689229027,0.1657085389,0.1626742624,0.159728249,0.1568418973,0.1540834568,0.1515681536,0.1492278176,0.1470307157,0.1442979015,0.1411675628,0.1374418716,0.1337343896,0.1315013021,0.1307362375,0.1299530456,0.1283263295,0.1262544915,0.1239415394,0.1215604293,0.1195214392,0.1179479301,0.1166426817,0.1148790813,0.1128549836,0.110547263,0.107838643,0.1052408942,0.1026449203,0.09989267207,0.09729953544,0.09461980068,0.09185302034,0.08918758349,0.08605084787,0.08316265457,0.08051382478,0.0776120426,0.07483175259,0.07203398342,0.06971798092,0.06725440612,0.06456385036,0.06267434039,0.06046076624,0.05892532366,0.05744330898,0.05627525142,0.05514505346,0.05389441336,0.05350644789
0.5591621926,0.5620810808,0.5636252792,0.5652781512,0.5670966771,0.5687133337,0.5703313081,0.571947735,0.5732501989,0.5746258163,0.5756876626,0.5766277318,0.5773367932,0.5778675943,0.5783338895,0.5785908683,0.5784696162,0.5783468131,0.577893692,0.5773193969,0.5766300996,0.5757782032,0.5748346976,0.573616214,0.5718950409,0.56933407,0.5653683629,0.5596000094,0.5519699136,0.543152775,0.5341943632,0.5262566632,0.5199913125,0.5154650882,0.5121229425,0.509358973,0.5068873808,0.5045866608,0.5026177042,0.5012118598,0.5005910667,0.5006925647,0.5014738644,0.5029176758,0.5048387172,0.5069688001,0.5089744461,0.5107781931,0.5124507194,0.5139595883,0.5151973538,0.5163119901,0.5171855573,0.517825475,0.5181437028,0.5181672851,0.517815858,0.5169720384,0.5155957313,0.5136757441,0.5109373402,0.5073032163,0.5027904713,0.4971798099,0.4905521108,0.4826948293,0.4739527857,0.4645928465,0.4549993892,0.4459150757,0.4373790833,0.429542693,0.4217876821,0.4133254508,0.4028425934,0.3887317871,0.3690884164,0.3423746064,0.3095831201,0.2742153069,0.2397359297,0.2097000202,0.1852942973,0.1666148776,0.152630417,0.1421996709,0.1344801112,0.1288827951,0.1250168126,0.1225027105,0.1210390558,0.120351911,0.1204637017,0.1215750997,0.1238023499,0.1271195938,0.1313447482,0.1362417304,0.1416528355,0.1473837449,0.1534375853,0.159641694,0.1659511478,0.1722897188,0.1785435618,0.1847619933,0.1908546744,0.1967576204,0.2024503899,0.2080093339,0.2133442615,0.2184905159,0.2233740858,0.2281096862,0.2327013072,0.2371670457,0.2415591228,0.2457814832,0.2499395646,0.2540596433,0.2580525866,0.2619590401,0.265692209,0.2692427989,0.2725351608,0.2756497291,0.2785068124,0.2811046055,0.2833875354,0.2851587681,0.2862147905,0.2864437608,0.2860513029,0.2855706488,0.2853998553,0.285353806,0.2849980596,0.2839208649,0.2824099055,0.2806493863,0.2787492606,0.2764132425,0.2737203735,0.2709482371,0.2682374038,0.2655388512,0.2630602239,0.2609582401,0.2588645467,0.256509672,0.2538559988,0.2511367074,0.2485266879,0.246305683,0.244539669,0.243147864,0.242129386,0.241620392,0.2416225543,0.2421524116,0.2431022672,0.2444678477,0.2456388212,0.246692839,0.2477118711,0.2483070032,0.2485251152,0.2480951513,0.2466735212,0.2438107185,0.2389237862,0.2313630622,0.2203428218,0.205416581,0.1859417083,0.1621183063,0.1359820553,0.1096680753,0.08568422022,0.0663296717,0.05277226923,0.04418376928,0.03919644063,0.03632696878,0.03468240063,0.03370106612,0.03326759604,0.03318131061,0.03334124521,0.03377581083,0.03446637995,0.03534112689,0.03635241737,0.03758734522,0.03903537247,0.04060986325,0.04241861992,0.04436716306,0.04644107929,0.04862582689,0.05093943575,0.05323931943,0.05563192308,0.05803244046,0.06037027674,0.06267299715,0.06479157466,0.06683540651,0.06875116401,0.07056365483,0.07231469279,0.07404954726,0.0757866152,0.07763340234,0.07951720058,0.08138366424,0.08322361314,0.08508920982,0.08688390804,0.08867267064,0.09047401453,0.09226672449,0.09408468375,0.09589558594,0.09762385252,0.0992963706,0.1009071674,0.1025002918,0.1040867103,0.1058195084,0.1076334678,0.1095406836,0.1115162189,0.1134311509,0.1153889129,0.1173614777,0.1193909058,0.1214329214,0.1234724725,0.1254527665,0.1273478581,0.1289993874,0.1304275631,0.1316160391,0.1325547672,0.1330268944,0.1328758847,0.1319790604,0.1303585088,0.1280662478,0.1251771753,0.1218501388,0.118298239,0.1146827613,0.1111428758,0.1079199831,0.1050965889,0.102748309,0.1006982569,0.09848161202,0.09619772277,0.09407498134,0.09261638371,0.09146812689,0.09062678476,0.08936800439,0.08770182455,0.08566265347,0.08347093537,0.08128443846,0.07951643495,0.07821897347,0.07703898172,0.0754274623,0.07396663461,0.07235520701,0.07056196973,0.06877904546,0.06693747145,0.06529128365,0.06354341704,0.06183781733,0.05990650207,0.05820475506,0.05621823099,0.05456082105,0.05284412501,0.05087523205,0.04921482706,0.04742339736,0.04597594806,0.04461088209,0.04304262785,0.04179264117,0.0411201628,0.03995157657,0.03954076956,0.03892320984,0.03814641057,0.03808055195,0.03713901746
0.562524586,0.5656423907,0.5672842028,0.5688047166,0.5706739408,0.5722373673,0.573841729,0.5753019883,0.5765908805,0.5777469807,0.5788806969,0.5797908914,0.5804428683,0.5810138383,0.5814719797,0.5815931441,0.5815634261,0.5813957977,0.5809413624,0.5804803521,0.5798875921,0.5790101841,0.578131393,0.5768602449,0.5752569855,0.5726469704,0.5689763597,0.563363789,0.5561211164,0.5476286864,0.5390474411,0.5314002394,0.5253247262,0.5209248759,0.5176867114,0.515143763,0.5128020417,0.5105293968,0.5086863497,0.5074174014,0.506804664,0.506927393,0.5077075898,0.5091501015,0.5110816502,0.5131735375,0.5151156443,0.51687431,0.5185244237,0.5200296586,0.5212524577,0.5223143565,0.523166298,0.5237531209,0.5240798202,0.5241027912,0.5237599478,0.5230385942,0.5217678341,0.5198308407,0.5172332928,0.5137707135,0.509405054,0.5040031995,0.4975358682,0.4899335598,0.4813507808,0.4721437009,0.4627495423,0.45372213,0.4453076795,0.437551328,0.4298620752,0.4214210484,0.410989073,0.3970412661,0.3776442747,0.3510783438,0.3183007438,0.2827323015,0.2477956852,0.2170754033,0.1919963418,0.1727761428,0.1584039337,0.1477110354,0.1398706677,0.1342802979,0.1304486982,0.1280456476,0.1266787948,0.1261270065,0.1263502963,0.1276072905,0.1300084407,0.1335526461,0.1380461617,0.143187384,0.1488505907,0.154867135,0.1611239504,0.1675350333,0.1740389665,0.1805406471,0.186967439,0.1933331287,0.1994916088,0.2054374752,0.2111988925,0.2167229875,0.2220844173,0.2272001672,0.2321281963,0.2368960305,0.2414624258,0.2458973726,0.2502320941,0.2545025654,0.2586334134,0.2627257887,0.2667384513,0.2705900899,0.2743153261,0.2778432902,0.2811284195,0.2841886845,0.2870262873,0.2895797859,0.2918088974,0.2935843285,0.2945101032,0.2945910998,0.2940097553,0.293409027,0.2930791118,0.2929872037,0.2926028957,0.2914515963,0.2898414558,0.2880769295,0.2860887414,0.283663324,0.2808195881,0.2779198152,0.274971776,0.2721912043,0.2697405184,0.2676638702,0.2656662173,0.2633425029,0.2607783776,0.258075264,0.2555571291,0.2533808778,0.2517219342,0.2502782435,0.2494001405,0.2488406002,0.2488474703,0.2492860933,0.2502354342,0.2514626354,0.2526042142,0.2536972102,0.2546558404,0.2552727147,0.2555531416,0.2551712151,0.2537730261,0.2508913494,0.2459873218,0.2383820982,0.2272710061,0.2122550867,0.192548658,0.1681160291,0.1410776383,0.1135926738,0.08833198425,0.06760043661,0.05290851456,0.04347651759,0.03789261001,0.03465773633,0.03277724749,0.03171798412,0.03120239158,0.03111866737,0.03139158102,0.03196423546,0.03277449698,0.0337821902,0.03507101014,0.03650688446,0.0381496429,0.04000983795,0.04208975226,0.04430542757,0.04667322985,0.0491553675,0.05171510717,0.05427943395,0.05694399414,0.05959255227,0.06211704119,0.0645343853,0.06679805707,0.06895897052,0.07092235498,0.07278446261,0.07451803998,0.07624862484,0.0780625545,0.07991158974,0.08178476618,0.08367505836,0.0855294701,0.08738030859,0.08916282232,0.09095456852,0.09277904071,0.09459800707,0.09645036173,0.09822478171,0.0999530413,0.101617201,0.1032376674,0.1047383213,0.1063428383,0.1080200379,0.1098767599,0.1118355336,0.1138541748,0.1158572578,0.1179378816,0.11994014,0.1220762905,0.1241454569,0.1263175172,0.1284007373,0.1303397472,0.1320742433,0.1335720443,0.1348385134,0.1358531659,0.1362851967,0.1360778244,0.1350886143,0.1332860729,0.1309848762,0.1279649539,0.1244925986,0.1207907757,0.1169868428,0.1132480319,0.1100151797,0.1071228251,0.1047094167,0.1025907445,0.1002956252,0.09786298095,0.09575318652,0.09423449868,0.09314098437,0.09227786362,0.09099434213,0.08909871453,0.08705580366,0.0847328368,0.08245491767,0.08054649371,0.07928713099,0.07789621563,0.07633213897,0.07465397782,0.07299980545,0.07127964786,0.06934550908,0.06728496384,0.06542700989,0.06351774952,0.06189786785,0.05985578007,0.05793903597,0.05591444153,0.05409920829,0.05177658202,0.05033298118,0.04813013201,0.04665643752,0.04467262221,0.04304726013,0.04137153954,0.0402899742,0.03911030464,0.03787521722,0.03738456627,0.03644439492,0.03588186188,0.0353607313,0.03529356934
0.5563714305,0.5599401083,0.5614862558,0.5631353292,0.5649741861,0.5665293549,0.5682347403,0.5698096849,0.5710690403,0.57248583,0.5734786655,0.574416377,0.5751450771,0.575691709,0.5760873636,0.576301773,0.5762614099,0.576051518,0.5755933516,0.5750428843,0.5743666866,0.5734913377,0.572579032,0.571303681,0.5696054033,0.5669937791,0.5630351587,0.5572186346,0.5494847015,0.5405450854,0.5315923187,0.5236560029,0.5174604749,0.5130231237,0.5098678134,0.5072879419,0.5049439926,0.5027497335,0.500923377,0.4995795792,0.4989768314,0.4991448818,0.4999686551,0.5014537433,0.5033990522,0.5055238319,0.507547756,0.5093522133,0.5110113461,0.5125183678,0.5137691445,0.514833369,0.5157106906,0.516294108,0.5165889224,0.5166404347,0.5162781247,0.515418001,0.5140116619,0.5120426716,0.5092528728,0.5055982195,0.5010442315,0.4954072485,0.4886646538,0.480817112,0.4720045176,0.4625782937,0.4529591899,0.4437697758,0.4351618858,0.4272576965,0.4194362744,0.4108482771,0.4002628263,0.3860308742,0.3662473851,0.3393309518,0.3065258348,0.2712020391,0.2368671103,0.2070535731,0.1829656904,0.1646515224,0.1510779395,0.1410472712,0.1337177522,0.1284756954,0.1248934181,0.1226350886,0.1213637197,0.1208472488,0.1211082529,0.1223261196,0.1246450108,0.128083329,0.1324192946,0.1374030474,0.142863592,0.1486738676,0.154757205,0.161004675,0.1673239918,0.1736899059,0.1799644936,0.1861645751,0.1922566823,0.1981539715,0.20385092,0.2093956476,0.2146991426,0.2198316621,0.2247184663,0.2294380509,0.2339953617,0.2384678594,0.242797495,0.2470126845,0.2511584774,0.2552377191,0.2592183639,0.2631042313,0.2668085274,0.2703658859,0.2736484099,0.2767382344,0.2795467553,0.282152614,0.2843733161,0.2861222016,0.2871126789,0.2873197192,0.2868958561,0.286368289,0.2861652593,0.2860923064,0.2856797476,0.2846054222,0.282999154,0.2812315076,0.279285416,0.2769493454,0.2742512758,0.2714236541,0.2686837284,0.2659601977,0.2634981444,0.2613807188,0.2592118016,0.2568121789,0.2541110404,0.2513737003,0.248715288,0.2464093502,0.2446322088,0.2431651532,0.2421128749,0.2416088178,0.2415404032,0.2419465027,0.2428817783,0.2441513618,0.2452765552,0.2463353106,0.247211876,0.2477515232,0.2479435973,0.2474272385,0.2459673881,0.2430394366,0.2380786605,0.2303990264,0.2193452926,0.2043478238,0.1848202798,0.1610382263,0.135025285,0.1089381946,0.08532326406,0.06637610708,0.05322325976,0.04493025439,0.04019366328,0.03746521956,0.03591479008,0.03503210166,0.03463767222,0.03455750262,0.03476982336,0.03525199226,0.03592838251,0.03678296868,0.03785864628,0.03909569264,0.04053481878,0.04212301699,0.04394719791,0.04586361595,0.04795407625,0.05015738226,0.05244097291,0.0547920698,0.05719336149,0.05961518502,0.06195428511,0.06421507469,0.06631359789,0.06836225947,0.07028154336,0.07205724302,0.07377661252,0.07542532093,0.07720074331,0.07900493993,0.08084712933,0.08267605356,0.08451799799,0.08629669188,0.0880610109,0.08984180126,0.09158971788,0.09338129317,0.09519840521,0.09691656444,0.098611189,0.1002868213,0.1018568373,0.1034111902,0.1049498024,0.1066475241,0.1084586342,0.110341263,0.1122435594,0.1141669913,0.1160820824,0.1180287883,0.1199648334,0.1220238276,0.1240045818,0.1259193091,0.1277779301,0.1294204343,0.1308653397,0.1320265206,0.13292204,0.1333613868,0.1331833517,0.1323701024,0.1306725044,0.1284034045,0.1255348359,0.122217851,0.1187448829,0.1151221747,0.1117367262,0.1084848071,0.1056956918,0.1034143065,0.1013125263,0.09918802164,0.09699472019,0.09474515565,0.09330228557,0.09230995126,0.09143713268,0.09017800247,0.08850848254,0.0864733361,0.0844756078,0.08225028829,0.08049586789,0.07916925561,0.07788983126,0.07655299723,0.07497141759,0.07330851573,0.07175738957,0.06994656955,0.06827583665,0.06638012205,0.06483600791,0.06311082161,0.06129571768,0.05947267807,0.0575822787,0.0557210051,0.05399589522,0.05232608624,0.05047576459,0.04892441123,0.04743420562,0.04578948234,0.0444074532,0.04362187617,0.04309381098,0.04167209646,0.04080567843,0.04046167486,0.04002367096,0.03974956638,0.03926291442
0.4326541969,0.4354869009,0.4365435036,0.4374343671,0.4384726411,0.4394411081,0.4402936802,0.4410981618,0.4418391549,0.4425357543,0.4429575869,0.4435107949,0.4439395502,0.4443615907,0.444646665,0.4447448836,0.4448562886,0.4448267019,0.4447050628,0.4443880087,0.4440906447,0.4435916053,0.4430312391,0.4423457206,0.4414027758,0.4401095972,0.4379758598,0.4347089602,0.4301370349,0.4245292535,0.4189112063,0.4140674698,0.4103776862,0.4077905572,0.4060446376,0.4046984835,0.4034389708,0.402159672,0.4010728982,0.4002095417,0.3997796475,0.3996920205,0.3999834779,0.4008328654,0.4022068873,0.4039630374,0.4056860124,0.4071966737,0.408566446,0.409669942,0.4106402524,0.4113977024,0.4119582664,0.4123317538,0.4125165201,0.4124737742,0.4122072017,0.4117246458,0.4109587936,0.4098175458,0.4081875806,0.4060341074,0.4032053857,0.3997514504,0.3954848375,0.3904958968,0.3847683751,0.3785868423,0.3721293044,0.3657546024,0.3597094567,0.3540673053,0.348365868,0.3419962419,0.3340191914,0.3231431685,0.3078559549,0.2867411871,0.2604708921,0.2318065418,0.2037710685,0.179223803,0.1594220373,0.1445158185,0.1336108215,0.1256574474,0.1200113544,0.116069551,0.1134686376,0.1119174002,0.111120467,0.1109383374,0.1114084308,0.1127831148,0.1151936994,0.118604138,0.1228107572,0.1275686817,0.1327463696,0.1381805366,0.1438929254,0.1497162028,0.1556234396,0.1615511836,0.1674087794,0.1732125473,0.1788358973,0.1843256339,0.1896296518,0.1947798572,0.1997701536,0.2045601011,0.2091058412,0.2134310442,0.2175329483,0.2214936551,0.2252986832,0.2290182844,0.2326552504,0.2362216557,0.2396919819,0.2430445702,0.2463139412,0.2493546141,0.2521303983,0.254690777,0.2569872227,0.2590491837,0.2607655152,0.2619866235,0.2626824792,0.2629646802,0.262862435,0.2626186406,0.2623330336,0.2617357416,0.2606824905,0.2590337974,0.2568475465,0.2544574396,0.2519073149,0.2492130942,0.2462841898,0.2432923651,0.2404625206,0.2377502422,0.2357847197,0.2349402984,0.2345007595,0.2331943914,0.2309655689,0.2281607081,0.2252411347,0.2227554268,0.2210846478,0.2200727605,0.2192423925,0.2186450877,0.2185038455,0.2187472048,0.2193001766,0.2214155349,0.2222107445,0.2229236094,0.2235075846,0.2238438942,0.2238536818,0.2233073204,0.2217911669,0.2189627969,0.214276599,0.2070820974,0.1967091999,0.1827770063,0.1646417235,0.1426197366,0.1186220407,0.09478129983,0.07355620839,0.05681907249,0.04535878452,0.03826119588,0.03416927382,0.03177982541,0.03041803051,0.02968450745,0.02934722376,0.02933790983,0.02966333236,0.03017184837,0.03090500608,0.03183193938,0.03293420496,0.03418265158,0.03561846318,0.03722638911,0.03890139577,0.04080558129,0.04284557287,0.04496902431,0.04721704044,0.04951119009,0.05186061311,0.05421591506,0.05651286933,0.05879025626,0.0609262936,0.06295269123,0.06481146477,0.06656495916,0.06823033249,0.06993644033,0.07174019791,0.07363855739,0.07560059524,0.07754700034,0.07948187982,0.0814207274,0.08329743121,0.08518833566,0.0869973368,0.0888019972,0.09063641788,0.09235971727,0.09407312356,0.09562891304,0.09715341739,0.09858424689,0.09999351322,0.1014645873,0.1029890041,0.1045420608,0.1058433687,0.1071183598,0.1084264965,0.1098652424,0.1113258447,0.1128225668,0.1143827806,0.1158127268,0.11719327,0.1183840176,0.1194393008,0.1201856374,0.1205010002,0.1202628587,0.119244888,0.1174211335,0.1148918968,0.1118636744,0.1085155725,0.105195093,0.1019893531,0.09898771196,0.09630472748,0.09404684926,0.09215911698,0.09042476997,0.0887397908,0.08633542051,0.08350273195,0.0806024105,0.07811944719,0.0768276634,0.07684888092,0.07654144138,0.07538661837,0.07378260019,0.07190842858,0.06990988373,0.06819517814,0.06712246216,0.06634234575,0.06533129056,0.06409494294,0.06264624861,0.06121775393,0.05951145973,0.05805255371,0.05647653331,0.05500202244,0.05355310723,0.05203504789,0.05012694759,0.04881586318,0.04723021832,0.04583746198,0.04434492446,0.04263645327,0.04112832001,0.03993850163,0.0385862758,0.03745335396,0.03624033002,0.03541586044,0.03445089181,0.03373220033,0.03289257114,0.03228334548,0.03165689396,0.03208869467
0.5537649758,0.5569100216,0.558619144,0.560061515,0.5618369002,0.5634367295,0.5648317609,0.5661392876,0.5672420094,0.5683698776,0.569481301,0.5702151105,0.5708657376,0.571373631,0.5717842666,0.5719491209,0.5718848092,0.5717100953,0.5712791004,0.5708055561,0.5701452768,0.5692695995,0.5682721701,0.5670803522,0.5654296793,0.5630101457,0.5592234465,0.5535877204,0.5462054388,0.537492495,0.5286966711,0.5211412711,0.5154340486,0.5114996962,0.5088581355,0.5067161171,0.5047443198,0.5028758058,0.5012715328,0.5002090985,0.4998241452,0.5000817908,0.5010974397,0.5026185982,0.5045511155,0.5066429104,0.508580193,0.5103866795,0.5119619004,0.5134087306,0.514632721,0.5155697445,0.5163851487,0.5168500289,0.5170245964,0.5169461274,0.5165507544,0.5157501876,0.514385782,0.5124484968,0.5098417761,0.5063440958,0.5019174737,0.4963976388,0.48986773,0.4822614669,0.4735730029,0.4643231008,0.4548445174,0.4456296802,0.4370829897,0.4290554308,0.4211404443,0.4124130525,0.4015985287,0.3870822533,0.3670187677,0.3399474834,0.3068768782,0.271358205,0.2368484254,0.2069535129,0.1830276521,0.1650849524,0.1520305529,0.1426781401,0.1360274991,0.1314960501,0.1286005742,0.1270088104,0.1262955072,0.1262949147,0.126968295,0.128601232,0.1314054854,0.1353390643,0.1401605415,0.1456161127,0.1515730608,0.1578036748,0.1642694302,0.1708247465,0.1774796714,0.1840971708,0.1906372795,0.1970503343,0.2033005204,0.2092673904,0.2150685282,0.2206098005,0.2259401375,0.2310723932,0.2359843555,0.240692298,0.2452514275,0.2496975103,0.2540110931,0.2582847674,0.2624473667,0.2665798844,0.2706247609,0.2745224759,0.2782990716,0.2818600709,0.2851601919,0.2882683458,0.2910848124,0.2937019091,0.2959739439,0.2977836159,0.2988127951,0.2989501374,0.2985208769,0.2978991124,0.2976221341,0.2974561991,0.2969194331,0.295633025,0.2938515422,0.291793392,0.289604657,0.2870989219,0.2842888237,0.2814547991,0.2786284223,0.2758441035,0.2732969429,0.2709786764,0.2686444547,0.2658926915,0.2630292621,0.2600551969,0.2572444961,0.2548669045,0.2528661398,0.251216839,0.2498289601,0.2491912414,0.2489848429,0.2494040589,0.2501029695,0.2513554623,0.2523567037,0.2532357309,0.2539599262,0.2544007013,0.2544749012,0.2539329018,0.2522426617,0.2491228545,0.24380075,0.2357665024,0.2241260246,0.2085927088,0.1883837376,0.1636533233,0.1366470938,0.1097244607,0.08547406279,0.06608285971,0.05266754988,0.04433969666,0.03959135906,0.03692342647,0.03542802291,0.03464800656,0.03432087259,0.03437274095,0.03471127778,0.03532715521,0.03618857557,0.037268555,0.03853033455,0.04000255315,0.04165713961,0.04357856993,0.04564419505,0.04789028501,0.05029493207,0.05281468285,0.05540275531,0.05803775847,0.06070112221,0.06337969534,0.06593386799,0.06843977414,0.070704471,0.07285541001,0.07483689172,0.0766832449,0.07841558543,0.08011288131,0.08189042105,0.08369476035,0.08551509682,0.08729250632,0.08912566569,0.09091372194,0.09267300403,0.09441926435,0.09619160028,0.09802090902,0.09984688007,0.1016120448,0.1033556269,0.1050513977,0.1067075224,0.1082701361,0.1098657364,0.1116272096,0.113489334,0.1153997636,0.1173028778,0.1192929504,0.1212364952,0.1232411541,0.1252554225,0.1272445668,0.1292762331,0.13118096,0.1330014978,0.1346854114,0.1360510977,0.1372464855,0.1380412103,0.1384400322,0.1381348783,0.1371448378,0.1354840275,0.1328745972,0.1296796242,0.1262132793,0.1224532614,0.1186647778,0.1150133529,0.1115370034,0.1086315082,0.106204715,0.1040849427,0.1018737842,0.09957593839,0.09748621607,0.09579380087,0.09458586145,0.09365799154,0.09239487745,0.09074753063,0.08874582985,0.08650793306,0.08441619603,0.0827030114,0.08138432272,0.0799543016,0.07836813734,0.07665077809,0.07495181839,0.07326938332,0.07156930518,0.06960875304,0.06784510875,0.06585290279,0.06397650743,0.0620237134,0.06017759462,0.0581476685,0.05619672928,0.05439697732,0.05261679646,0.05082792826,0.04920404453,0.0474036829,0.04591053892,0.04440923493,0.04319128704,0.04212245967,0.04126984532,0.04023071722,0.03917676139,0.03904698616,0.03872430927,0.03779439373
0.5410272766,0.5446973315,0.5455981406,0.5467871894,0.5479090195,0.5487755016,0.5498652656,0.5506937846,0.5514852668,0.5521445927,0.5529552254,0.55353427,0.5541108144,0.5544489985,0.5547837874,0.5551150806,0.5551433961,0.554997469,0.5548400475,0.5544831227,0.5540776743,0.5535813665,0.5530472323,0.5524128236,0.5514938201,0.550162054,0.5478509997,0.5443377793,0.539490551,0.5338035471,0.5281910676,0.5235680731,0.5201546117,0.5178336866,0.5162514816,0.5151294894,0.5140018049,0.5127789988,0.5118081722,0.5111396511,0.510888646,0.5110063294,0.5114293696,0.5121319435,0.5132281874,0.514519505,0.5157957314,0.5169299454,0.5180092243,0.5189920691,0.5197636191,0.5204450238,0.5209841478,0.5212631109,0.5213963824,0.5213160104,0.5209157319,0.5202492677,0.5192430975,0.5178937174,0.5160103878,0.5135537245,0.5104058648,0.5064932101,0.5018396943,0.4963745139,0.4902511127,0.4836799179,0.4769429054,0.4704113388,0.464255457,0.458442122,0.4526381393,0.4458046717,0.4368832804,0.4244095713,0.4065218867,0.3815840382,0.350173408,0.3156362308,0.281493989,0.2515225267,0.2271820713,0.2085804042,0.1946563982,0.1842186423,0.1765186651,0.1709926548,0.1671888603,0.1648158296,0.1635206941,0.1631525172,0.1637316924,0.1656553686,0.1690420429,0.1737769227,0.1795552667,0.1860819937,0.1931741858,0.2006236938,0.2083878781,0.2163403846,0.2243689281,0.2324302622,0.2403437198,0.2481543239,0.255817691,0.2631366046,0.2703466957,0.2772505264,0.2838627172,0.2902496116,0.2962759108,0.3019663613,0.3074519385,0.312666674,0.3176561643,0.3224385451,0.3269442099,0.3312823127,0.3354035553,0.3393315437,0.3430089026,0.3464148047,0.3495943858,0.3524902226,0.3551920291,0.3576083198,0.3597713271,0.3614513137,0.3625702885,0.3631289222,0.3631539905,0.3628733672,0.3625306089,0.3620958748,0.3615311335,0.3605195029,0.3591016178,0.3576062754,0.3559390234,0.3539543943,0.3516111715,0.348983826,0.3461387612,0.3431366122,0.3402046571,0.3381199402,0.3363565921,0.3339171483,0.3307411041,0.3271313741,0.3233075329,0.3201016204,0.3177001401,0.3157942261,0.3143941679,0.3135702829,0.3133045976,0.3136015453,0.3142901161,0.3171081529,0.3180020861,0.3188899376,0.3194776336,0.3197192186,0.3193853893,0.3182196103,0.3157734452,0.3115563462,0.3049268133,0.2950389054,0.2809508268,0.2620883639,0.2375675857,0.2072977303,0.1738303003,0.1399626337,0.108857627,0.08349957331,0.06545366067,0.05372783383,0.04671018936,0.042519811,0.04000347634,0.03852523663,0.0378166547,0.03774434734,0.03821452561,0.03910054256,0.04038649344,0.04206513284,0.04395024507,0.04619176019,0.04861189829,0.05135903332,0.05433207682,0.05757045122,0.06101292837,0.06460995768,0.06827299638,0.07210909146,0.07599297875,0.07982939578,0.08364530872,0.08745260754,0.09109661981,0.09468518227,0.09810801875,0.1014288147,0.1047611271,0.1081013509,0.1115269649,0.1151421413,0.1188178176,0.122517355,0.1262253911,0.1299149724,0.1334873156,0.1370493291,0.1405521281,0.1440991216,0.1475302605,0.1508458789,0.1541304781,0.1571161846,0.1599483079,0.1626051979,0.1651228852,0.1677990723,0.1703177793,0.1726937056,0.1749712419,0.1771430357,0.1794080368,0.1816625668,0.1839042603,0.1861023639,0.1883103881,0.1903666549,0.1921646989,0.1937303669,0.1951150037,0.1960797525,0.1966360757,0.1965621987,0.1957032651,0.1940521246,0.1916495338,0.1884846293,0.1846235732,0.1802863165,0.1758508391,0.1715667012,0.1677764753,0.1645161287,0.1616424035,0.1589557836,0.1561434059,0.1527005888,0.1487610605,0.1443691923,0.1404014179,0.1378696051,0.1367088448,0.1350190618,0.1324967529,0.1292696123,0.125837632,0.1223302955,0.1190270432,0.116367779,0.1141864872,0.1118483882,0.1090560358,0.1061979825,0.1033422302,0.1001750067,0.09738293142,0.09457127478,0.09150540014,0.08862789657,0.08580330848,0.08266180118,0.07970833575,0.07684254379,0.07372296213,0.07073534769,0.06805549375,0.06505254659,0.06260797383,0.05962698267,0.05737390384,0.05507410966,0.05318585926,0.05165625995,0.04964980913,0.04802301818,0.04664437832,0.04596450751,0.0457295629
0.481170886,0.4834145612,0.4844255594,0.4856164216,0.4868136906,0.4879655495,0.4891432917,0.4901545334,0.4911559898,0.4918639664,0.4926704581,0.4930802673,0.4934364797,0.4935690099,0.4935874971,0.4936086011,0.493360652,0.4931794071,0.4927785014,0.4922703716,0.4916719856,0.4908653515,0.4901097362,0.4890767051,0.4877472302,0.4858969311,0.4829462686,0.4784075948,0.472034377,0.4644634532,0.4570245728,0.4507031734,0.4461497673,0.4429114625,0.4406010965,0.4386932721,0.4367978518,0.43497129,0.4335136549,0.4326934738,0.4325559666,0.4330004728,0.433900238,0.435193216,0.4369193834,0.43881476,0.4405552232,0.4421082391,0.4433696018,0.4445828224,0.4455758302,0.4463377772,0.4468978354,0.4472663505,0.4473698729,0.4471754457,0.446650184,0.4456972532,0.4443673133,0.4424985554,0.440094626,0.4370051617,0.4331986286,0.4285888272,0.4230659188,0.4166370472,0.4094225918,0.4017789705,0.3938832602,0.3861807334,0.3789179837,0.3720450123,0.3650943764,0.3573229992,0.3475100551,0.3343831949,0.3163203682,0.2921664643,0.2631916681,0.2326542774,0.2037430287,0.1793429985,0.160338522,0.1464589274,0.1366042317,0.1296060006,0.1246890897,0.121292755,0.1190711757,0.1177499175,0.1170495454,0.1169157448,0.1173456675,0.1185871421,0.1207956686,0.1239070317,0.127778221,0.1321634648,0.1369876867,0.1420832908,0.1474568024,0.152968294,0.1586075953,0.1642756607,0.1699514627,0.1755980221,0.1811605483,0.1865464497,0.1917642512,0.1968852451,0.2018496939,0.2066693834,0.2111639388,0.2155657383,0.2197350893,0.2237281843,0.2275953594,0.2312587225,0.2348646845,0.2383696314,0.2417944099,0.2450720528,0.2481261881,0.2509788607,0.2535168417,0.2558029396,0.2578380932,0.2596966247,0.2613576433,0.2626520267,0.2633542722,0.2635293112,0.2634379182,0.2631289427,0.2624546496,0.2610875159,0.2588029856,0.2555893689,0.2520239926,0.2485602801,0.2454798697,0.2427699372,0.2403698411,0.238274372,0.2363381505,0.2345548437,0.2330374902,0.2317566072,0.2303193623,0.2282143614,0.2256827591,0.2229530184,0.2204172811,0.218315011,0.2166973372,0.2155122419,0.2147781166,0.2142641613,0.2141487484,0.2143552776,0.2148631826,0.2159295533,0.2165858387,0.2172114866,0.2176719765,0.217801667,0.2175418477,0.2166105561,0.2148244309,0.2116783291,0.2066412077,0.1991528754,0.1886383138,0.1749201691,0.1575730993,0.1370086215,0.1155117379,0.09517276742,0.07772771195,0.06435584624,0.05534303125,0.04967185419,0.04635008856,0.04434743366,0.04317484695,0.04254258455,0.04221409543,0.04221921252,0.04246194274,0.04286603122,0.04348847451,0.04427550869,0.04515864827,0.04620951064,0.04736136948,0.04866876297,0.05003931234,0.05150698597,0.0531114919,0.05474362922,0.05646912714,0.05830865127,0.06015308303,0.0620119098,0.06383261932,0.06563048003,0.06739556312,0.06903820899,0.0706409433,0.07215124403,0.07360473918,0.07504579486,0.07655027752,0.07813238206,0.07976864865,0.08144602634,0.08312442351,0.08480216816,0.08646441514,0.08808410062,0.08966305353,0.09121091352,0.09274033555,0.09418315071,0.09563964671,0.09700433792,0.09829648778,0.09954611708,0.1007222767,0.1019490843,0.1032166815,0.104476711,0.1055769159,0.1065725331,0.1076387058,0.1087850357,0.1100119749,0.1112097974,0.1124403753,0.1134904613,0.1145683649,0.1154582441,0.1162109608,0.1167425298,0.1169567847,0.1166996125,0.1159334851,0.114522085,0.112484168,0.1098944256,0.1070537634,0.1038441422,0.1006662165,0.09773952626,0.09499975987,0.09274262964,0.09086476428,0.08914678255,0.08720082822,0.0850892567,0.08294237925,0.08111770265,0.07983299694,0.0793166555,0.07912495602,0.07857980583,0.07756272763,0.07629399661,0.07482452234,0.07328383861,0.07207030965,0.07125878797,0.0704764026,0.06954109978,0.06854339863,0.06751972135,0.06625554121,0.06502572784,0.06374524671,0.06243747265,0.06115857838,0.06007584942,0.058681913,0.05731890233,0.05624846041,0.05502295651,0.05374928236,0.0524604013,0.05130278017,0.05028208738,0.04926759184,0.04825311387,0.04711630003,0.04632323088,0.04543087178,0.04482558771,0.04437922966,0.04407029757,0.0434643474,0.04289361778,0.04279823619
0.5519754963,0.5563246119,0.5581728207,0.5599886061,0.561983016,0.5639107855,0.5657232832,0.5673614026,0.5687226615,0.5699998906,0.5709368352,0.572112259,0.572895802,0.5735604047,0.5740339874,0.5742785406,0.5743428099,0.574125508,0.5735771541,0.5729044526,0.5720744475,0.5710606247,0.569842468,0.5682814047,0.5661754665,0.5630762599,0.5584249906,0.5515710289,0.542481075,0.5318631857,0.5210434856,0.5116929563,0.5042470542,0.4989828711,0.4950738885,0.4919602235,0.4891127265,0.486368234,0.484119381,0.4825723935,0.4816731558,0.4819184785,0.4834315591,0.4857692985,0.4886860238,0.4917041203,0.4944460986,0.4967960969,0.4988604053,0.500701066,0.502264143,0.5035071613,0.5044617677,0.5051253529,0.505369313,0.5053491436,0.5048723289,0.5038686896,0.5023018571,0.5000522401,0.4969238045,0.4927787166,0.4875949824,0.4811697332,0.4736116987,0.4647753715,0.4548129304,0.4441471593,0.4332168829,0.4227301945,0.4128434652,0.4036895552,0.3945670154,0.3846355581,0.372684642,0.3570455874,0.3358586573,0.3078951337,0.2746520485,0.2397491294,0.2067034139,0.1786392512,0.1565653213,0.1402734037,0.1285150651,0.1201500006,0.1142551472,0.1101754436,0.1075405923,0.1059967953,0.1052217515,0.1050470279,0.1054364694,0.1066011045,0.1086933834,0.111768806,0.1156252633,0.1200397315,0.1249174832,0.1300521208,0.1354447568,0.1409812236,0.1466182661,0.1522939424,0.1578930134,0.1634381877,0.168892699,0.1741842544,0.1793129027,0.1842664581,0.1890128264,0.1936268823,0.1980453637,0.2022996622,0.206394084,0.2103891439,0.214325056,0.2181945658,0.2220056637,0.2257045122,0.2293626275,0.2328838883,0.2362888367,0.2394728883,0.242487427,0.2452389081,0.2477304854,0.249961199,0.251977382,0.253475455,0.2542325127,0.2541910642,0.2535379437,0.2526415886,0.251757835,0.2508291837,0.2494573817,0.2473676435,0.2444677982,0.2411917636,0.2379775477,0.234541706,0.2307446642,0.227281142,0.2249789607,0.2234456282,0.2222593074,0.2209564594,0.2191494279,0.2167721432,0.2141964175,0.2117508953,0.209703078,0.2080576697,0.2066983379,0.2054423522,0.2046748658,0.2047124479,0.2054120722,0.2062962367,0.2073351108,0.2087880361,0.2099057226,0.210891416,0.2116430073,0.2121925014,0.2122665354,0.2117734026,0.2103463054,0.2076243156,0.2030268828,0.1959923902,0.1859088222,0.1724795114,0.1552458576,0.1346073359,0.1125347795,0.09109318813,0.07226702274,0.05766211739,0.04782633914,0.04187439326,0.03859070574,0.0367595834,0.03579221672,0.03523885138,0.03502484952,0.03499201211,0.03515249104,0.03551241417,0.03598104158,0.03658590173,0.03732093072,0.03818582141,0.03917809261,0.04030128112,0.04154219551,0.04290882216,0.0444187222,0.04601637044,0.04766889642,0.0493766663,0.0511647409,0.052934503,0.05468553786,0.05640278924,0.05797458397,0.05949232955,0.06092232675,0.06225459323,0.06351630517,0.06473934946,0.06599790431,0.06726402032,0.06854675834,0.06982966914,0.07108999442,0.07233425832,0.07360579363,0.07483139001,0.07608750432,0.0773448824,0.07858600769,0.07981735273,0.08101071885,0.08213603002,0.08320399169,0.08429597587,0.0853754065,0.08653921778,0.08786052776,0.08931620064,0.09086992898,0.09248165831,0.09415035643,0.09573852058,0.09737242371,0.09899834577,0.1006114177,0.1021869908,0.1036141885,0.1049333926,0.1060359253,0.1070094762,0.1077485091,0.1080444487,0.1077284918,0.1068158629,0.1051411002,0.1027987234,0.09983404337,0.09643216592,0.09305327596,0.08962092417,0.08647734181,0.08389710363,0.08149181533,0.07933783359,0.07731783338,0.07526505197,0.0731461809,0.07147096911,0.07045015541,0.07006796635,0.06980469602,0.06878111936,0.06757192952,0.06639908599,0.06514170415,0.06382194317,0.06274197013,0.06196307515,0.06119515754,0.060377759,0.05947635261,0.05854418391,0.05760610763,0.05650187399,0.05524535464,0.05421743811,0.05308339257,0.05176879189,0.05088315874,0.04963305688,0.04855565673,0.04753865261,0.04622638349,0.04529529081,0.04411563554,0.04324979764,0.04200062738,0.04103312091,0.04014085367,0.039581439,0.03905186075,0.03830386858,0.03800844383,0.03733442078,0.03721384848,0.03713218774,0.03684814805
0.5004154409,0.4977110549,0.4987830398,0.4996974454,0.5005532894,0.5013927067,0.5022278243,0.5028304591,0.5033433524,0.5039095103,0.5043353037,0.5044217457,0.5048657433,0.505213561,0.5054841675,0.5059264221,0.5063140888,0.5065498629,0.5066969138,0.5067246096,0.5064361855,0.5061232421,0.5055335026,0.5050099299,0.5041138806,0.5028740114,0.5008492261,0.4976661355,0.4933772381,0.4882269875,0.4829168164,0.4783033538,0.474873773,0.4728975104,0.4715482773,0.470679627,0.4697994861,0.4690765981,0.4684522755,0.46809074,0.4681637571,0.4686157164,0.4691352434,0.4700529714,0.4710877744,0.4721872526,0.4731808336,0.4740676954,0.4750514204,0.4759166719,0.4766286357,0.4771921636,0.4776228094,0.4779156228,0.4779786514,0.4778900653,0.4775425671,0.4769437206,0.47615021,0.4751009354,0.4737414944,0.4719560733,0.4697011096,0.4666869418,0.4630336511,0.4585711757,0.4532449297,0.4475158783,0.4413878378,0.4353883839,0.4295176106,0.4240365674,0.4184205598,0.4122825102,0.404400511,0.3937048192,0.3785752762,0.3575871585,0.3311820053,0.301566672,0.2715091519,0.2444428701,0.2219276785,0.2047531331,0.1922857762,0.1834399523,0.1773090991,0.1733524341,0.170919688,0.169574364,0.1690039558,0.1690513921,0.1698508272,0.1716868105,0.17471824,0.1790532415,0.1842732629,0.1901069876,0.1963073493,0.2027658857,0.209372732,0.2159685429,0.2225063531,0.2290550487,0.2353662429,0.2415199766,0.2474578908,0.2531405017,0.2585623733,0.263769808,0.2688292449,0.2735530526,0.2780788146,0.2823175925,0.2862802084,0.2901500811,0.2939302219,0.2976366075,0.3010935802,0.3044645356,0.3079190759,0.311132402,0.314094343,0.3169794443,0.3197812442,0.3222067345,0.3245884583,0.326558118,0.3281760913,0.3293972357,0.3302128825,0.3304124001,0.3304588117,0.3304711952,0.3307385133,0.3309291528,0.33072685,0.329661765,0.3280517802,0.3261126389,0.3242630074,0.3223766826,0.320412382,0.3183335278,0.3165312381,0.3147742111,0.3128687314,0.3110486601,0.3088857262,0.3064010063,0.3038646268,0.3012093181,0.2984518428,0.2960249577,0.2938610649,0.2919355834,0.2905367237,0.2895986678,0.2893329294,0.2892853679,0.2896402901,0.2858749623,0.2872150063,0.2882340413,0.2888245862,0.2893861296,0.2895459856,0.2889671726,0.2875154749,0.2846678442,0.2798531716,0.2724249827,0.2615191468,0.2466403382,0.2268098563,0.201837088,0.1738039164,0.1448034107,0.1175022922,0.09468792829,0.07811993993,0.06723637898,0.06076118603,0.05701777144,0.05497588032,0.05393105313,0.05361640556,0.05385999164,0.05460382834,0.05582036339,0.05741631723,0.05924063951,0.0614792745,0.06386553871,0.06644270353,0.06936909035,0.07246987404,0.07584804152,0.07933636762,0.08291228867,0.08660841281,0.09029843785,0.09407126649,0.09763088807,0.1010632046,0.1042855941,0.1072502168,0.1099522559,0.1124319202,0.1147365422,0.116878529,0.1190143847,0.1212355134,0.1235214013,0.1258189389,0.1280160081,0.1301417984,0.1321413792,0.1340695221,0.135993175,0.1377440716,0.1395208921,0.141179216,0.1428081876,0.1443463391,0.1458198987,0.1470463105,0.1482471818,0.1494250341,0.1506876341,0.1519974741,0.1535133457,0.1549803747,0.1562509432,0.1576247662,0.1592423395,0.1610378961,0.1627160179,0.1644982019,0.1664094362,0.1683603377,0.1701045277,0.1718442777,0.1732839466,0.174405139,0.1751273033,0.1749440152,0.174048159,0.1726042386,0.1704154289,0.167897335,0.1651517744,0.1623871064,0.1593602526,0.1565015759,0.1536983822,0.1513289791,0.1490531198,0.1469838763,0.1447802075,0.1424450717,0.1398032244,0.1374005293,0.1354489831,0.1337047772,0.1321725879,0.1301597686,0.1280885261,0.1258631531,0.1236503531,0.1216427877,0.1200756503,0.1187319717,0.1171078481,0.1150621391,0.112903396,0.1107044688,0.1086932532,0.1061174532,0.1036319853,0.1011461945,0.09820843107,0.09594652624,0.09299054358,0.08983342463,0.08695490812,0.08407065844,0.08136849247,0.07871998691,0.07618668444,0.07387488568,0.07107009847,0.06869998438,0.06656359358,0.06463449386,0.06316641437,0.06155215289,0.05993146689,0.05899693286,0.0582773881,0.05774412014
0.477652386,0.480024349,0.48166048,0.483315272,0.485108588,0.486754343,0.488519681,0.490042407,0.491420513,0.49253403,0.493510195,0.494275122,0.494922467,0.49528074,0.495505779,0.495605396,0.495554204,0.495246792,0.494793024,0.494101794,0.493277816,0.492276226,0.49115818,0.489831092,0.488081943,0.485531308,0.481338509,0.474733644,0.465555892,0.454750722,0.444322305,0.435765514,0.42942584,0.424931233,0.421556413,0.418625963,0.415682702,0.412758592,0.410447734,0.409198875,0.409011878,0.40971865,0.411249751,0.41353152,0.416450881,0.419663788,0.422681863,0.4252492,0.427425893,0.429348351,0.43096286,0.432268836,0.433280491,0.433920371,0.434101509,0.433913302,0.433270338,0.43216481,0.430464075,0.428084152,0.424974673,0.420997337,0.416102627,0.410100131,0.403127539,0.395055995,0.386135849,0.376795662,0.367351342,0.358203799,0.349564153,0.341404253,0.333210156,0.32418456,0.313069203,0.29825875,0.278410226,0.252927151,0.223585069,0.19417647,0.16767297,0.146304973,0.130254909,0.118799842,0.110690105,0.104890839,0.100762985,0.097828614,0.095883415,0.094675212,0.094052335,0.093876674,0.094227154,0.095340491,0.097254868,0.099927622,0.103247654,0.10702013,0.111203933,0.115697568,0.120494359,0.125475942,0.130642313,0.135966846,0.141309918,0.146739065,0.152151225,0.157479953,0.162774359,0.167986407,0.173119498,0.178142216,0.182937963,0.187588639,0.192007629,0.19627754,0.200415029,0.204398322,0.208274254,0.211977138,0.215518698,0.218928225,0.222127349,0.22507984,0.22773674,0.23008829,0.232166649,0.234176239,0.236171609,0.237850458,0.238997615,0.23962578,0.239672545,0.239286456,0.238328724,0.236364201,0.233253278,0.2291112,0.224539183,0.219828449,0.215461847,0.211641935,0.208537326,0.206182762,0.204351241,0.202701662,0.201438636,0.200714804,0.199796081,0.19776175,0.195022919,0.192315823,0.190201103,0.188677841,0.187680096,0.187006578,0.186540807,0.186318562,0.186411267,0.186791841,0.18742415,0.188173302,0.188941948,0.189544202,0.189910862,0.190000087,0.189624544,0.18859889,0.186642361,0.183451626,0.178452514,0.171178845,0.161123879,0.148254741,0.132454467,0.114415707,0.096045552,0.078895531,0.064417821,0.053418861,0.045996173,0.041369389,0.038619659,0.036995229,0.036032936,0.035485408,0.035239741,0.035236153,0.035435139,0.035833071,0.036369893,0.037030459,0.037794509,0.038705747,0.039734603,0.040803114,0.04198719,0.043270661,0.044652495,0.046114467,0.047596424,0.049184027,0.050759558,0.052340645,0.0539609,0.05557929,0.057153967,0.058700352,0.060196149,0.061665149,0.063110952,0.064567699,0.066176095,0.067840873,0.069597949,0.071364382,0.073162646,0.0749214,0.076612257,0.078359395,0.080038621,0.08167762,0.083269948,0.084769772,0.086256223,0.087655038,0.08903388,0.090239295,0.091313437,0.092416369,0.093505701,0.094534125,0.095469565,0.096343538,0.097181113,0.098083392,0.099051934,0.100080337,0.101028557,0.101917137,0.102640852,0.103174098,0.103535912,0.103693816,0.103652153,0.103202512,0.102376647,0.10105432,0.099197426,0.096944182,0.094391936,0.091524607,0.088682838,0.085894364,0.083287274,0.081275472,0.079526672,0.077662165,0.075420578,0.072956035,0.070589095,0.068955182,0.068190053,0.068131722,0.068515024,0.06828492,0.067424211,0.066113474,0.064591863,0.062998348,0.061853821,0.061310953,0.060766373,0.060051764,0.059203681,0.058269302,0.057286527,0.056301849,0.05540868,0.054457088,0.053524891,0.052427665,0.051413056,0.050513051,0.049635844,0.048858318,0.047718651,0.0467187,0.046024822,0.045033847,0.044310252,0.043140479,0.042390496,0.041663216,0.041037845,0.040508922,0.040027339,0.039828513,0.039498642,0.038962926,0.038263051
0.4304597207,0.4345451132,0.435486506,0.4363545317,0.4372272149,0.4381645574,0.438930022,0.4396760012,0.4402889414,0.4408269555,0.4414280442,0.4419678422,0.4424018154,0.4428263818,0.4431569445,0.44335372,0.4434818269,0.4435514617,0.4434709488,0.4432618124,0.4429570687,0.4425141124,0.4420687983,0.4414869921,0.4406126459,0.4393402461,0.4375060417,0.4346732245,0.4305469141,0.4256839298,0.4206740878,0.4163058205,0.4128836035,0.4104326831,0.4087099238,0.4074077965,0.4061700941,0.4049169605,0.4038171211,0.4030602813,0.4025761319,0.4024331164,0.4026214173,0.4033104434,0.404550977,0.4061996294,0.4078226384,0.4091800748,0.4103831654,0.4114031072,0.412268482,0.4130013749,0.4135840897,0.4139645193,0.4141270735,0.4140894254,0.4139421981,0.4135117564,0.4128731908,0.4118534819,0.4104064558,0.4085059149,0.4059992422,0.402849511,0.3990060279,0.3944596264,0.3893000227,0.3836684269,0.3778040648,0.372047487,0.3666281829,0.3615730833,0.3565388275,0.3508468448,0.3436360795,0.3337386726,0.3197198134,0.3000925504,0.2752658488,0.2477879795,0.2205348513,0.1963594092,0.1764360785,0.1611188474,0.1496955059,0.1411883421,0.1349279209,0.130406721,0.1273024438,0.1253287252,0.124150971,0.1236942883,0.123931787,0.1251139016,0.1273677035,0.1306772572,0.1347569184,0.1394320645,0.1445714592,0.1499911051,0.1556558868,0.161418608,0.1673197313,0.1732256587,0.1790353777,0.1847988861,0.1904756901,0.1959051325,0.201200607,0.2063294872,0.2113295921,0.2160881586,0.2205716215,0.2248733883,0.2289487711,0.2328744458,0.2366255282,0.2402795663,0.2437933309,0.2472586257,0.2505653084,0.2537916146,0.2568594782,0.2596994789,0.2623553489,0.2647269216,0.2668948843,0.268853942,0.2704151449,0.2715376531,0.2721497518,0.272336111,0.2721520522,0.2718658367,0.2716052172,0.2710949247,0.270233803,0.268812217,0.2668606449,0.2646811403,0.2623595782,0.2597645702,0.2569387762,0.254135259,0.2514126883,0.2488113769,0.2468549199,0.2461715809,0.2460569621,0.2450577036,0.2430497131,0.2404949466,0.2376863938,0.2354491745,0.2340335844,0.2331991625,0.2325372577,0.232199034,0.2321380682,0.232520921,0.233119461,0.2333582702,0.2341956557,0.234962151,0.2355928662,0.2360096728,0.236069358,0.2355732772,0.2341841668,0.23153456,0.2270250338,0.2201177973,0.2100961403,0.1965091575,0.1786986195,0.1567559241,0.1323872442,0.1077370463,0.08540610549,0.06740574447,0.05483142214,0.04685315598,0.04213447638,0.03941565634,0.03779191432,0.03684651855,0.03638842,0.03632825348,0.0365662788,0.03709857837,0.03785624117,0.03883767356,0.03993167204,0.04125261894,0.04276368204,0.04444637712,0.04629713938,0.04827922266,0.05043418665,0.05265640849,0.05502157844,0.05737574034,0.05986773583,0.0623536174,0.06479801147,0.06719698668,0.06945526889,0.07165393355,0.07370617048,0.07565142847,0.0774940282,0.07937536245,0.08139041482,0.0834557519,0.08565048941,0.08779205979,0.0899526714,0.09209147011,0.09416254052,0.09619800858,0.09816089998,0.100120296,0.1020354218,0.1038422952,0.1055997237,0.10724578,0.1088178294,0.1102655499,0.1116739199,0.1132104527,0.1147561144,0.1162545079,0.1177202965,0.1190335176,0.1204166179,0.1218830262,0.1234003479,0.1249240983,0.126506268,0.128034865,0.1294584729,0.1307498855,0.1318410629,0.1326626953,0.1329813824,0.132790004,0.1317478605,0.1299873928,0.1274602465,0.1244015337,0.121097695,0.1177381611,0.1145131314,0.1115224081,0.1088233414,0.1066325189,0.1047739521,0.1029797047,0.1009813322,0.09840811356,0.09552885222,0.09237272172,0.08958403925,0.08831432583,0.08852000324,0.08832273858,0.0871555145,0.08533433679,0.08331177983,0.08131855331,0.07928253961,0.07800239081,0.07726478293,0.07625419131,0.07468815367,0.07322893426,0.07141497174,0.06977042667,0.06808295232,0.06654851627,0.06503401479,0.06327032849,0.0616663344,0.0598782736,0.05829551929,0.0565964697,0.05492108974,0.05331380868,0.05163648994,0.05010129863,0.04854534511,0.04709440475,0.04565245395,0.04454305103,0.04331223259,0.04267201495,0.04156415092,0.04074778391,0.03999989199,0.03987390603,0.03948060708
0.5896562925,0.5920656574,0.593676099,0.5953535326,0.5971423421,0.5987067139,0.6002643523,0.6016914568,0.6029792024,0.604026398,0.6049320428,0.6056345689,0.6062368944,0.6067259236,0.6069959448,0.6072261926,0.6072127642,0.6069268809,0.6064915171,0.6059091916,0.6052298361,0.6042219638,0.6032434812,0.6020934847,0.6005798075,0.5982642814,0.5945534048,0.5886718575,0.5804755977,0.5709506937,0.5617968306,0.5543283053,0.5491436887,0.5457661792,0.5436065649,0.5420448547,0.5406995257,0.5393241958,0.5382773591,0.53760552,0.5375688249,0.5380408869,0.5389436083,0.5402222762,0.5417426689,0.5433034147,0.5447723475,0.5461760079,0.5474978434,0.5487613948,0.5498179244,0.5507168547,0.5513365392,0.5516354713,0.5516595834,0.5512741577,0.5505195138,0.5493265789,0.547570231,0.5452327355,0.5422369504,0.5383555383,0.5334675602,0.5274401797,0.5205076593,0.5125021685,0.5035448533,0.4941441386,0.4846304099,0.4754850715,0.4669619736,0.4590770919,0.4509955607,0.4418328821,0.4300542635,0.4139298888,0.3914397647,0.3613973615,0.3253771613,0.2875882727,0.2520384658,0.222290498,0.1992813526,0.1824631128,0.1704115137,0.1617102833,0.1554805638,0.1510854794,0.1481967182,0.146483587,0.1456058121,0.1453987021,0.1460387675,0.1478712925,0.1509975346,0.1553474027,0.1606513961,0.1666849057,0.1731993881,0.1801191226,0.1873976281,0.1949288942,0.2025495447,0.2102664901,0.2179755155,0.2256550871,0.2332259099,0.2406241587,0.2478410055,0.2549200177,0.2617997917,0.2684388176,0.2746754484,0.2806560086,0.28632713,0.2918457697,0.2971634523,0.3022220429,0.3070526338,0.3116646058,0.3160317994,0.3201653737,0.3240643796,0.3277069242,0.3311151766,0.3341709426,0.3370055609,0.3395535224,0.3419328303,0.3438674274,0.3454208292,0.3464103533,0.3469687382,0.3470495019,0.3467513428,0.3460954962,0.3447635419,0.3430417987,0.3410035933,0.3388902638,0.3366655961,0.3341311276,0.3312555611,0.3281942703,0.3251392802,0.3221572735,0.3193153879,0.3167198169,0.3140397206,0.3109745763,0.3073856716,0.3035489033,0.2997996184,0.2965482831,0.293696213,0.2914111909,0.2897007154,0.2886630792,0.2881414233,0.2882154731,0.2887834208,0.2919456729,0.2929342082,0.2938201858,0.2943114294,0.294333807,0.2937111641,0.2921496284,0.289239716,0.2843853446,0.2769998254,0.2662057483,0.2513377842,0.232028432,0.2076788416,0.1788865325,0.1485241611,0.1192695112,0.09372084653,0.07371361658,0.0600635559,0.05150874774,0.04648294591,0.0435774949,0.04186218066,0.04089210912,0.0404655634,0.04049611077,0.04083238438,0.0414827639,0.04244203353,0.04362988947,0.04504614684,0.0466574656,0.04846732637,0.05049941148,0.05270514596,0.05511103945,0.05769910521,0.06042470675,0.06329583945,0.06626993387,0.06928627052,0.07231356595,0.0753429719,0.07839441601,0.08137591174,0.08429886479,0.08707831316,0.08978366961,0.09252023537,0.09534691794,0.09833869342,0.1014796517,0.1048003401,0.1081227431,0.1114686303,0.1148236202,0.1180309503,0.1211881102,0.1243043182,0.1274048735,0.1305098839,0.1334756933,0.1364022496,0.1391427398,0.1417104039,0.1440238902,0.1461230255,0.1481338761,0.1500687291,0.1517909791,0.153298526,0.1547877191,0.1563070212,0.1579847959,0.159793092,0.1615471194,0.1632813144,0.1649243978,0.1664634869,0.1677405457,0.1687109297,0.1693631852,0.1696095301,0.1692149324,0.1682641538,0.1667252431,0.1648574034,0.1625324253,0.1599877668,0.1570863295,0.1539921596,0.1507556189,0.1474544996,0.1443355945,0.1414852995,0.1385871074,0.1356951457,0.1325212996,0.1293501061,0.1263020884,0.1238913797,0.1219305219,0.1201111929,0.1180069818,0.115640533,0.1128625411,0.1099539701,0.107011359,0.104303308,0.1020365549,0.09978579956,0.09743587571,0.09499234533,0.0925944789,0.09009839553,0.08767942868,0.08515082138,0.08279484662,0.08038116533,0.07793667194,0.07551191613,0.07327573074,0.07082810421,0.06844851875,0.06626622546,0.06400206533,0.0617517768,0.05961911911,0.05765137362,0.05543145359,0.05388600098,0.0519445192,0.05074639395,0.04946539627,0.04792830727,0.04713363365,0.04605694521,0.04533086719,0.04468734588
0.4471757268,0.4513431631,0.4523919101,0.4534896821,0.4547014459,0.4556994328,0.4567613703,0.4576475108,0.4584207391,0.4591669678,0.4597612878,0.4603317712,0.4607651924,0.4611303224,0.4612625135,0.4612716286,0.4613437806,0.4611301161,0.4608113164,0.4604387141,0.4598270235,0.4592534474,0.4584920737,0.4576416798,0.4565234289,0.4547552855,0.4519398855,0.4476881967,0.4417494726,0.4348856572,0.4282171774,0.4227807388,0.418862936,0.4160815213,0.413996029,0.4121052278,0.4102061433,0.4083948992,0.4071143675,0.4065099017,0.4066169262,0.4072167219,0.4083146639,0.409882672,0.4117214092,0.4136051752,0.4153539146,0.4168832108,0.4182274897,0.4193789135,0.4203502718,0.4211085671,0.421682796,0.422043101,0.422132021,0.4219740079,0.4215206697,0.4206687382,0.4194640118,0.4177987139,0.4156146687,0.4127167919,0.4091731434,0.4048259091,0.3996641272,0.3936410768,0.3869311007,0.3797018798,0.372338381,0.3651579977,0.358313854,0.3517468173,0.3450936713,0.3374836585,0.3277763404,0.3145804544,0.2963021114,0.2719289977,0.2427714306,0.212291363,0.1837810937,0.1601256157,0.1420458521,0.1290664855,0.1199121476,0.1134186211,0.1088838334,0.1057427865,0.1037532233,0.1026104591,0.1021278213,0.1021694744,0.102823374,0.1043055592,0.1067806589,0.1101897188,0.114343739,0.1190463817,0.1242093114,0.1296894698,0.1354363075,0.1414385316,0.1475493755,0.1537482699,0.159946706,0.1661340375,0.1722360949,0.1781427783,0.1839727954,0.1896648249,0.1951756114,0.2005015637,0.2055558017,0.2104216879,0.2150268569,0.2194338142,0.2236941622,0.2277206146,0.2316331445,0.2353388486,0.2389472427,0.2423480673,0.2455622375,0.2485342372,0.2511793499,0.2534991496,0.2556123307,0.2576976046,0.2594926668,0.2609931341,0.2619701116,0.2622744714,0.2620647536,0.2614343271,0.2603399385,0.2586478041,0.256186073,0.2531125454,0.2495948789,0.2460449967,0.2427668844,0.2399057504,0.2375003428,0.2354371606,0.2336116161,0.2316989084,0.2298704989,0.2282350566,0.2262508418,0.2235534703,0.2204323682,0.2175713911,0.2152904288,0.213447401,0.2120974796,0.2109536509,0.2099962047,0.2093656886,0.2090701765,0.2091809435,0.2095962149,0.2118607212,0.2125305258,0.2130780007,0.2133893793,0.2134202006,0.2129726465,0.2118372025,0.2097014455,0.2061877859,0.200636178,0.1925343318,0.1811980483,0.1665361916,0.1481005058,0.1265635769,0.1044880913,0.08400481544,0.0670091207,0.05449103662,0.04640920654,0.04151084648,0.03867852823,0.03707847463,0.0361180409,0.03556905793,0.03535512655,0.03535486877,0.03558748452,0.03601948543,0.03655584962,0.03729311637,0.03815384548,0.03909953943,0.04020238159,0.04141566309,0.04272883576,0.04413937315,0.04568540171,0.04731599086,0.0490232965,0.05082080092,0.05269396711,0.05454398359,0.05645985351,0.05837786475,0.06023276003,0.06210132112,0.06392961647,0.06572044637,0.06750045034,0.06932094014,0.07119166668,0.07310352492,0.07505253631,0.07707979127,0.07908479626,0.08118608075,0.08314768361,0.08513604072,0.08708806225,0.0890277901,0.09096064395,0.09279616758,0.09461563908,0.09628032766,0.09792971905,0.09941704082,0.1008641488,0.1022902685,0.1037169301,0.1051602528,0.1066100455,0.107926064,0.1092114819,0.1105093736,0.1117560807,0.1128967054,0.1140180632,0.1150152677,0.1157592617,0.1163797163,0.1168514206,0.1170361446,0.1170005517,0.1165946477,0.1157600135,0.1142996482,0.1122720331,0.109552383,0.1063707187,0.1029216319,0.09940105507,0.0961287036,0.09328360877,0.09084708417,0.08876893596,0.08662495471,0.08424838452,0.0814249517,0.07889853204,0.07718111555,0.07644864729,0.07622562001,0.07597757046,0.07525284913,0.07396385494,0.07248370885,0.07068403379,0.06897322107,0.06765277502,0.06664523446,0.06580426815,0.06474266663,0.06368326733,0.06251295421,0.06133711912,0.06013577783,0.05883086187,0.05774796202,0.05642605599,0.05520021836,0.05409921731,0.05271961537,0.05161017939,0.05064046067,0.0498224046,0.04844616831,0.04751308739,0.04624581925,0.04531086309,0.04436490696,0.04331578385,0.04242284525,0.04138808329,0.04092511328,0.04035312591,0.04004042352,0.03957772032,0.03908588494,0.03910256068
0.4917102133,0.4929657221,0.4941773452,0.4952603884,0.4964000109,0.4975012178,0.4986256108,0.4996857919,0.5005492497,0.5012528,0.5019686006,0.5025419743,0.50291664,0.5032055042,0.5033934006,0.503445063,0.5033455415,0.5033863278,0.5030995004,0.5028258283,0.5023980742,0.5018429464,0.5012669744,0.5005462591,0.4994554057,0.4979031688,0.4954248665,0.4917416786,0.4867179004,0.4807879167,0.4749242006,0.469908342,0.4662465335,0.4637743857,0.4622104515,0.4610964766,0.4600134952,0.4590480804,0.4581457182,0.457631659,0.4574838475,0.4576820477,0.4581308356,0.4589334247,0.4599600293,0.4610505916,0.462100863,0.4631591895,0.4641317161,0.4650778732,0.4658334039,0.466469398,0.4669970133,0.4672760038,0.4673832532,0.4672786266,0.4669638172,0.4663108072,0.4652426907,0.463821971,0.4618597866,0.4594038525,0.4563409547,0.4525425352,0.4480031401,0.442710536,0.4366899505,0.4302021129,0.4235241496,0.417033875,0.410921021,0.4051969869,0.3994536058,0.3929497064,0.3846346668,0.3732162746,0.3571819478,0.3349393794,0.3071585773,0.276659863,0.2464638754,0.2198042787,0.1980342387,0.1812929942,0.1688079808,0.1595844665,0.1528712984,0.1481712674,0.1450523088,0.1431564264,0.1421669039,0.1419525586,0.142513703,0.1441064611,0.1469581113,0.150942624,0.1558580761,0.1614622725,0.1675297223,0.1738786826,0.1804381067,0.1871179664,0.193863856,0.2006269069,0.2073126442,0.2138915691,0.2203210847,0.2264903666,0.2324961682,0.2383264002,0.2439292757,0.2493496795,0.2543961329,0.2591978682,0.263775621,0.2680404395,0.2722127713,0.276109373,0.2799377627,0.2836343567,0.2871523013,0.2905571386,0.2937931516,0.2967972785,0.2995147439,0.3019335971,0.3041530275,0.3061132361,0.3076843592,0.3087280225,0.3092592266,0.3092616673,0.3088672748,0.3085225697,0.3082858549,0.3082446345,0.3080689237,0.3075719266,0.3066611764,0.3055362436,0.30422376,0.3025627166,0.3006599053,0.2984015466,0.2960616487,0.293747845,0.2916193898,0.2896604249,0.2876397264,0.285253981,0.2824570087,0.2795887783,0.2766584271,0.2740097333,0.2717006839,0.2698362839,0.2683599923,0.2674315641,0.2670853706,0.2670634884,0.2674282195,0.270210855,0.270934324,0.2715803394,0.2719714181,0.2720881408,0.271798267,0.2708890195,0.2689520817,0.2656445051,0.260354944,0.2524094561,0.241062597,0.225739998,0.2056648936,0.1807167733,0.1527713369,0.1241623963,0.09762806352,0.07581159702,0.06021783923,0.05016540451,0.04421216331,0.04073987093,0.03874989928,0.03768072547,0.03722659176,0.03726413533,0.03767613503,0.0384824719,0.03950152439,0.04083805081,0.04235634067,0.04410266257,0.04607096274,0.04826760742,0.05063843343,0.05325726341,0.0560541977,0.0589799335,0.06208931294,0.06525494229,0.06846027868,0.07170135453,0.07494215528,0.07810320905,0.08116433716,0.08412670464,0.0869364316,0.08962498607,0.09224170714,0.09485733424,0.09753091895,0.1003043274,0.1031110216,0.1059118609,0.1086205851,0.1113349197,0.113868972,0.1163551633,0.1187313937,0.1210308335,0.1232868954,0.1254238874,0.1273976397,0.1292730023,0.1310633511,0.1327306326,0.1343681076,0.1361128719,0.1380277467,0.1400220532,0.1418532655,0.1435514498,0.145325102,0.1472154881,0.1490233175,0.1508275722,0.1526275981,0.1543685684,0.156063023,0.157587239,0.1588942985,0.1599066004,0.1605396791,0.1606738926,0.1599877451,0.15865356,0.1565483668,0.1537592423,0.1507028692,0.1475620348,0.1443681994,0.1414991385,0.1389325707,0.1367166875,0.1349467163,0.133181797,0.1311804727,0.1287420959,0.1259957669,0.1230168732,0.1203572277,0.118267874,0.1166395194,0.114535163,0.1122425976,0.1097864058,0.1070549607,0.104475816,0.1021333555,0.1002281158,0.09824292371,0.09617767691,0.09403178394,0.09189919203,0.0896876084,0.08720914923,0.08494693484,0.08272593707,0.08014334118,0.07790101741,0.07534101707,0.07292731952,0.07039697884,0.06802246713,0.06571342932,0.06328837329,0.06096810497,0.05856084309,0.05639252835,0.0544762665,0.05242398237,0.05062416033,0.04904027352,0.04778774755,0.04671896328,0.04510946942,0.04462478971,0.04367934451,0.04359953797
0.4895445382,0.4931683731,0.4942969826,0.4955301464,0.4964347234,0.4975144987,0.4986832016,0.4993817306,0.5002278661,0.5009359538,0.5016153872,0.5020415568,0.502630808,0.5031803628,0.5035480243,0.5038129078,0.5038967135,0.5040917425,0.5038107407,0.5036351463,0.5032908672,0.5029468349,0.502298772,0.5017474343,0.5007969946,0.4993247342,0.4972625618,0.4938361335,0.4890899874,0.4835310184,0.4777911362,0.4728519483,0.4691834378,0.4668260107,0.4653991857,0.4642854943,0.4633837468,0.462354749,0.4616696325,0.4613238886,0.4613248029,0.4618413238,0.4625576361,0.4635217079,0.4647166936,0.4659006161,0.4670610651,0.4680804052,0.4691672148,0.470075404,0.4708430703,0.4715701856,0.4720095238,0.4723788669,0.4724214939,0.4722648551,0.4719099226,0.4714328617,0.4706422937,0.4695812143,0.467866966,0.465640037,0.4627774513,0.4592547633,0.454889605,0.4497862303,0.4439193036,0.437556741,0.430931761,0.4244104095,0.4183131339,0.4125722472,0.4067811022,0.4003160839,0.3920682138,0.3806357758,0.3644939555,0.3421374607,0.3140839744,0.2829730412,0.2518448884,0.2241652299,0.2016219074,0.1846004629,0.1722556681,0.1636193985,0.1576545659,0.1536344862,0.1511709656,0.1498405194,0.1492261427,0.1492360799,0.1499439149,0.1516513378,0.1545554063,0.1586279039,0.1636003851,0.1691715709,0.1752072233,0.1814446444,0.1878823432,0.1943531013,0.2008688358,0.2073934491,0.2136981919,0.219909227,0.2259913523,0.2317639368,0.2373452153,0.2427189145,0.2479503151,0.2529190845,0.2576263409,0.2619719053,0.2661588223,0.2703016857,0.2742994039,0.2781215492,0.281796039,0.285342811,0.2887614995,0.2922007672,0.2953302351,0.2982750528,0.300999437,0.3035426836,0.3058369639,0.3078828777,0.3096413119,0.3109397858,0.3116301791,0.3119016918,0.3117342363,0.3116302858,0.3116866115,0.3116981081,0.311181878,0.3100368087,0.3084247154,0.3065304874,0.3044933301,0.3023799485,0.3001695621,0.2980256752,0.2959449882,0.2939531302,0.2919461488,0.2899383251,0.288029818,0.2856442119,0.2831664025,0.280506379,0.2777838034,0.2753756196,0.2733336985,0.2715573973,0.2702866343,0.269425263,0.2689573235,0.269036927,0.2694114158,0.2720210766,0.272911155,0.2738417324,0.2744904674,0.274814067,0.2748175523,0.2741623816,0.2724401871,0.2692451478,0.2639294498,0.2561099691,0.2446892748,0.2293996182,0.2092410831,0.1842089643,0.1566085122,0.1289524165,0.1038785875,0.08366775369,0.06964304513,0.0608925521,0.05583291125,0.05305702326,0.05150711378,0.05067817785,0.05037356981,0.05048741774,0.05095059586,0.05174337384,0.05287466356,0.05419626643,0.05573993599,0.05745137798,0.05943471488,0.06161675139,0.06397431199,0.06660887558,0.06944165387,0.07223880254,0.07528333441,0.07835958665,0.08143917522,0.0845066611,0.08749421862,0.09037531401,0.09299488731,0.09540688873,0.09757933784,0.09962840122,0.1016473011,0.1037389417,0.105907754,0.108175099,0.1104907135,0.1127030552,0.1149237759,0.1170171801,0.1189574569,0.1208573783,0.1227624812,0.124505252,0.1262019349,0.1277523938,0.129144321,0.1304483078,0.1316493498,0.132620699,0.1335584959,0.1346534265,0.135829716,0.1370613587,0.1382765373,0.1395388566,0.1408362366,0.1423192109,0.1439625478,0.1455523299,0.1473346815,0.1492016407,0.1510112576,0.1526731009,0.1543406271,0.1558531627,0.1568968268,0.1574964682,0.157346386,0.1565018691,0.1549054574,0.152705169,0.1501699147,0.1475354519,0.1447574491,0.1419788756,0.1393207017,0.1367205139,0.1345396636,0.1322349307,0.1302518624,0.1280724448,0.1256836669,0.1231823325,0.1210159543,0.1193423195,0.1180941152,0.1164861858,0.1146404286,0.1124659564,0.1104894708,0.1081285527,0.1065575661,0.1051537074,0.1037496649,0.1022127084,0.1005772466,0.09863144283,0.09677055952,0.0946524786,0.09239052568,0.09041203387,0.08842291189,0.0862508126,0.08368841886,0.08122415604,0.0789234709,0.07654532009,0.07413086156,0.07196111528,0.06978144458,0.06778551534,0.06602732546,0.06400385702,0.0622737056,0.06038587066,0.05852274144,0.05706379671,0.05619255564,0.05548990463,0.0543749814,0.05358859626,0.05340153758
0.4999318849,0.5039614257,0.5044483247,0.5047937283,0.5054301986,0.5058627559,0.5060003215,0.5062649039,0.5064608859,0.5066050671,0.5066976454,0.5068137361,0.506861283,0.5069574203,0.5068935297,0.506722406,0.5064097936,0.5059706138,0.5055929613,0.5049095875,0.5042489847,0.5034922309,0.5026285894,0.5017159826,0.5006422611,0.4992065942,0.497391196,0.4946971475,0.4909763562,0.486359292,0.4816774519,0.4776504504,0.4746370069,0.4726045665,0.471222724,0.4701108895,0.4691287043,0.4681357272,0.4672139148,0.4664830178,0.4659501301,0.46569816,0.4657767666,0.4661464964,0.466681712,0.4675037569,0.4681598361,0.4686998904,0.4692005306,0.4695943153,0.4698102077,0.4699588158,0.4700745178,0.4699240582,0.4696585372,0.4692477795,0.4687223228,0.4679929411,0.4670379772,0.4658725793,0.4642565928,0.4622326167,0.459658237,0.4565850719,0.4529111552,0.4486887894,0.443861424,0.438648264,0.433329354,0.4280663038,0.4231425572,0.4184844791,0.4137780703,0.4083861747,0.401425398,0.3918711848,0.3782737614,0.359150432,0.3347218975,0.3070513753,0.2786893638,0.2528145432,0.231105025,0.2142770894,0.2017878942,0.1926003474,0.1859876941,0.1813979577,0.1784114742,0.1766315777,0.1757696239,0.1757015271,0.1764265944,0.1782881125,0.1814517436,0.1858560081,0.1911265098,0.1970283585,0.2033002377,0.2097420233,0.2163585561,0.2229724275,0.2295247956,0.2358944355,0.2421147994,0.2481381641,0.2539272888,0.2593651873,0.2646035916,0.2695325555,0.2742331515,0.2786845839,0.2828256343,0.286741727,0.2904258514,0.2939856725,0.2973578116,0.3005284412,0.3036272619,0.3065372918,0.3093758544,0.3120391615,0.3145808849,0.316905537,0.319069407,0.3209897024,0.3226833033,0.3240017326,0.3247922715,0.3250268028,0.3248571366,0.3247675597,0.3252971861,0.3264460205,0.3276476299,0.3282467511,0.3280040407,0.3270594359,0.3255726962,0.3238480008,0.322105584,0.3202745347,0.3182745816,0.3161734796,0.314070593,0.3119844808,0.3097974197,0.3082223489,0.306772949,0.3048031178,0.3021898759,0.2994003669,0.296395524,0.2936976593,0.2915650285,0.2897910284,0.2884019411,0.2875685338,0.2872951689,0.2871696267,0.2875216494,0.2885647047,0.2891277613,0.2896305291,0.2900052113,0.2901417335,0.290003498,0.2894059251,0.2877497372,0.2848221384,0.2801140632,0.2730088874,0.2627672864,0.2488898113,0.2302374238,0.2062417999,0.1786879618,0.1495846046,0.1215310231,0.09741289716,0.07939840114,0.06730446428,0.05992014461,0.0556130807,0.0531784231,0.05188776025,0.0513893432,0.05159111201,0.05232512633,0.05354433506,0.05516879015,0.05716931986,0.05944720329,0.06201995394,0.06480410329,0.06787091112,0.07121384936,0.07469046433,0.07840109577,0.08220346352,0.08612227819,0.09003094856,0.09394240181,0.09773998931,0.1013738002,0.104887366,0.1081505033,0.1112440504,0.114126186,0.1167849093,0.1193028776,0.1217137649,0.1241796241,0.1265883576,0.1290615442,0.1314179763,0.1337570391,0.1360138427,0.1381607202,0.1402949449,0.1423133574,0.1442357763,0.1460844144,0.147762352,0.1492961062,0.1507276494,0.152275066,0.1539690765,0.1557477404,0.1576904023,0.1596624148,0.161658155,0.1632933222,0.1648475395,0.1663317106,0.1678940544,0.1695560255,0.1711878984,0.1728776228,0.1744684705,0.1759707553,0.1773778964,0.1787521,0.1800569545,0.1810448775,0.181578127,0.1814058519,0.1804304304,0.1788253814,0.1762783588,0.1733449145,0.1702981136,0.167423918,0.1646213556,0.1619355412,0.1593609745,0.1567943625,0.1545423071,0.1523174233,0.1497606686,0.1466921595,0.1430486156,0.1395433061,0.1370778921,0.1359614712,0.1348247933,0.1330587104,0.13075548,0.1284863099,0.1261925711,0.1239906515,0.1221695699,0.1207399247,0.1188920814,0.1165322356,0.1139784889,0.1113478769,0.1086990063,0.1060813879,0.1032599893,0.1004491486,0.09773918215,0.09489055305,0.09206524932,0.08915669389,0.08616457156,0.08331088769,0.08049326581,0.07783315769,0.07503951596,0.07241263172,0.07013284722,0.06763413995,0.06583532555,0.06358515825,0.06164539652,0.06026359255,0.05905293578,0.05771401459,0.05659163088,0.05606551868
0.4338113616,0.4368630569,0.4377951567,0.4388256533,0.4398072263,0.440800949,0.4417046563,0.4425312354,0.4432102912,0.4438519835,0.4444607352,0.4449798571,0.4454221345,0.4457824116,0.4460179627,0.4461880177,0.4462777451,0.4462846911,0.4460484873,0.4457808681,0.4454246356,0.4448591835,0.444279738,0.4435410355,0.4426013065,0.441184797,0.4390157406,0.4356162499,0.4307982143,0.4250275214,0.4192303687,0.414231558,0.4104653801,0.4077992602,0.4060457941,0.4047331604,0.4034265044,0.4021251365,0.401018588,0.4001905378,0.399754066,0.3996996571,0.3999386355,0.4007791922,0.4021615447,0.403977555,0.4057243731,0.4072005262,0.4085007918,0.4096516532,0.4105576924,0.4113293195,0.4119600526,0.4123585074,0.4124345901,0.4123910987,0.4121392499,0.4116396305,0.4108064125,0.4095645637,0.4078455053,0.4056391792,0.4027778387,0.3991991771,0.3948093239,0.3896485519,0.3837836652,0.3774579255,0.3707882401,0.3642757078,0.3581211682,0.3523522681,0.3465404895,0.3399946006,0.3317964137,0.3207075073,0.3050838619,0.2836863672,0.2570559559,0.2281462584,0.2000509815,0.1755910502,0.1559809447,0.1412770626,0.1305983415,0.1228760409,0.1173868008,0.1135612234,0.111084994,0.1096222762,0.1089007681,0.1087469166,0.1092451459,0.1106389303,0.1130684505,0.116490184,0.120649574,0.125390815,0.1305600254,0.1359946997,0.1416764584,0.1475063613,0.1534139854,0.1593199867,0.1651534798,0.1709496477,0.1766216444,0.1820806554,0.1874167265,0.1925766523,0.1976085217,0.2024281524,0.2069959937,0.2113142277,0.2154580013,0.219416142,0.2232600259,0.2269730475,0.2305869488,0.2342087641,0.237713496,0.2410592429,0.2442488952,0.2472705587,0.2500574828,0.2526073595,0.2549342007,0.2569629922,0.2586780333,0.2599595461,0.2606446089,0.2609394238,0.2608005582,0.2606033237,0.2602674432,0.2596973425,0.2586446209,0.256999813,0.2548979965,0.252448692,0.2499216578,0.2472274489,0.2443274712,0.2413507874,0.2384851675,0.2358206664,0.2337346154,0.2328191235,0.2323058426,0.2309812917,0.2287287169,0.2258854622,0.2229581381,0.2204203908,0.2187329122,0.2176177891,0.2166787386,0.2160998723,0.2159332689,0.2160778094,0.2165767268,0.2185599904,0.2193374159,0.2200589896,0.2205328877,0.2208498565,0.2207729288,0.22015237,0.2186036342,0.2156959431,0.2109758141,0.2036507228,0.1931753418,0.1791635223,0.1610839278,0.1391862349,0.1154344391,0.09201975208,0.0713367487,0.05522140544,0.04427975021,0.03759784453,0.03376821032,0.03154362058,0.03030786824,0.0296277435,0.0293271448,0.02934224428,0.02962897562,0.03013787241,0.03079665488,0.03168422601,0.03270330698,0.03389592909,0.03522827802,0.03675908473,0.03840027726,0.04019644333,0.04213176057,0.04419049995,0.04635248771,0.04854557695,0.05080210247,0.05309098016,0.05533259825,0.05752662954,0.05958958433,0.06156129333,0.06343075815,0.06514388792,0.06681521503,0.068480344,0.0702424472,0.07212265041,0.07404546057,0.07599806562,0.07791059317,0.07983674753,0.08168914271,0.08351803663,0.08534278301,0.0871576983,0.08891502653,0.09067661665,0.09230656785,0.09389508768,0.09541469765,0.09684474233,0.09822489239,0.09969266378,0.1012129445,0.102727432,0.1040512359,0.105295611,0.1065971655,0.1079333206,0.1093986055,0.1108193554,0.1123024696,0.1137463065,0.1150895351,0.1162292161,0.1172273912,0.1179691601,0.118247748,0.1179751424,0.1169732524,0.1151673258,0.1126753951,0.1096432271,0.1064561593,0.1032159063,0.1001312286,0.09718894519,0.09457039644,0.09238106062,0.09050941319,0.08885646684,0.08705469813,0.08470026505,0.08194763712,0.0791086693,0.07662725494,0.07531255459,0.07531517262,0.07505147797,0.0737590336,0.07230318374,0.07050263139,0.06856851462,0.06681354702,0.0656180433,0.06502874162,0.06399566036,0.06273472098,0.0613197586,0.05975934502,0.0582210886,0.05667843111,0.05523539977,0.05387558012,0.05233811372,0.05081424915,0.04937956456,0.04781963042,0.04637236353,0.04483522762,0.04328314144,0.04206347653,0.04055803633,0.03926831415,0.03792627608,0.03675302895,0.03585087623,0.03496861988,0.03405246862,0.03319443616,0.03247523182,0.03202834458,0.03157535775,0.0310786439
0.4477354791,0.4508032859,0.4518419332,0.4530227318,0.454217571,0.455234016,0.4563082075,0.4571624813,0.4580018038,0.4587970909,0.4593831749,0.4599434036,0.4603818092,0.460731888,0.4608705446,0.4608526922,0.4609463805,0.4606858731,0.4603778656,0.4600087207,0.4593861528,0.4588307433,0.4580426304,0.4572064016,0.4560877282,0.4542754264,0.4515420528,0.4471754515,0.4411993517,0.4343307039,0.427600105,0.4220859615,0.4180871492,0.4152359582,0.4131065047,0.4111889243,0.4092095932,0.4073841766,0.4060248086,0.4054450752,0.4054946406,0.4060904754,0.407170306,0.4087052811,0.4105122369,0.4124231108,0.4141623252,0.4157160797,0.4170813325,0.4182653712,0.4192149713,0.4199677483,0.4205697694,0.4209494876,0.4210586118,0.420937632,0.4204385545,0.4196019161,0.4183574251,0.416696904,0.4144161242,0.411528985,0.4080024442,0.403582948,0.3984163769,0.392326844,0.385538968,0.3782833684,0.3708972628,0.363703054,0.3568121082,0.3502413343,0.34360001,0.3359965388,0.3262592028,0.3130222223,0.294730947,0.2702613571,0.2410145579,0.2104984973,0.1819590603,0.1583140134,0.1402669626,0.1272375526,0.118032257,0.1114911499,0.1068549205,0.1036663036,0.1016126867,0.1004147117,0.09986012232,0.09979432398,0.1004004364,0.1018240004,0.1042334618,0.1075432239,0.1115904051,0.1161955235,0.1212554483,0.1266789114,0.1323354966,0.1382921494,0.1443503053,0.1504783369,0.1566738902,0.1628082779,0.1689041078,0.1748356351,0.1806229388,0.1862872219,0.1918345255,0.1971886029,0.2022674941,0.2071790638,0.2118156269,0.2162359807,0.2204833338,0.2245557605,0.2284728239,0.2322425994,0.2358558443,0.2393194127,0.2425546031,0.2455115382,0.2482024467,0.2505690814,0.2527158433,0.2547616199,0.2566119103,0.2581410644,0.2591619766,0.2595571197,0.2593422844,0.258780636,0.2577163701,0.2560428174,0.2536161648,0.2506342456,0.2471523703,0.2436029628,0.240390803,0.2375617969,0.235145389,0.2331166062,0.231325483,0.2294069984,0.2275646049,0.2259348015,0.2239781726,0.2212906963,0.2181709774,0.2153077085,0.2130066117,0.2111782008,0.2097699626,0.2086166032,0.2076805677,0.2071016269,0.2068475991,0.2069616429,0.2073568844,0.2097645867,0.2104315089,0.210998423,0.2113589829,0.2114502987,0.211014995,0.2098916654,0.207714071,0.2041783563,0.1986593429,0.1905644162,0.1792634826,0.1646163097,0.1462257025,0.1247880082,0.102873322,0.08260204523,0.0658401734,0.05356784652,0.04565877477,0.04085040071,0.03810696454,0.03656040294,0.0356068432,0.03507164789,0.03483983905,0.03481676844,0.03503146344,0.03543187393,0.03598712578,0.03661731271,0.03743224468,0.03836339788,0.03939988552,0.04054351904,0.04182075675,0.04317308721,0.04463659218,0.0462033485,0.04783698607,0.04955846615,0.05132507067,0.05313311369,0.05499685582,0.05683614194,0.0586721723,0.06050305362,0.0622614671,0.06400764222,0.06577748883,0.06754479486,0.06941058748,0.0712916764,0.07325637913,0.07518386361,0.07721547607,0.07926694926,0.08124624358,0.08324792428,0.08522474261,0.08717332891,0.08908629338,0.090904774,0.09273631871,0.09443189726,0.09608919083,0.09761949369,0.09907704261,0.1005226519,0.1019935762,0.1034541399,0.1048401123,0.106196913,0.1074842255,0.1087633255,0.1100126455,0.1111758224,0.1122548824,0.1132168358,0.1140748157,0.1147160309,0.1151561259,0.1153645361,0.1153117002,0.1149650253,0.1141360664,0.1127272878,0.1106670828,0.1079657063,0.1048489312,0.1014535675,0.09798048471,0.09473590727,0.09191565163,0.08959571678,0.08744385985,0.0853882492,0.08296622262,0.08030932304,0.07776245463,0.07604242652,0.07532096003,0.07498579557,0.07479086196,0.07403928142,0.07284421418,0.07127532893,0.06951061423,0.06782135017,0.06643960829,0.06559827643,0.06461284575,0.0635683461,0.06248321596,0.06146045918,0.06023634926,0.05899156921,0.05778066306,0.05667438084,0.05540868907,0.05404129387,0.05302812301,0.05186670558,0.05099388327,0.0498178284,0.04873513399,0.04773160946,0.04674530406,0.04557215041,0.04444873075,0.04346738767,0.04260829454,0.04175053241,0.04104996384,0.04016901239,0.0397476672,0.03944818873,0.03907856955,0.03885842843,0.03861130174
0.5268865738,0.5292281183,0.5305681172,0.5320127712,0.533493524,0.5349420449,0.5362310194,0.53737491,0.5385172583,0.5393427775,0.5401992865,0.540869621,0.5413559789,0.5418311716,0.5421038579,0.5421774986,0.5421183178,0.5419512609,0.5415044828,0.5410533028,0.540461054,0.5397234689,0.53887497,0.5378310593,0.5364068141,0.5344952367,0.53132466,0.5262449172,0.5191906695,0.5107965127,0.5023648816,0.4951286954,0.4896336921,0.4857024546,0.4828224627,0.480479769,0.4782617764,0.4759303367,0.4740018515,0.4725704966,0.4718011943,0.4717912424,0.4725038449,0.4739265779,0.4760236048,0.4783598461,0.4806206388,0.4825442788,0.484272643,0.4857667189,0.4869871529,0.4879785082,0.4887426142,0.4892747443,0.489522927,0.4894347406,0.4890195237,0.4881015296,0.486769239,0.48484246,0.4821314404,0.4786591344,0.4743984814,0.4691254175,0.4628186329,0.4554433944,0.447166322,0.4383489926,0.4292872639,0.4205628098,0.412392018,0.4047593657,0.3971137915,0.3885207076,0.3777861644,0.3632354925,0.3430251073,0.3156732869,0.282446957,0.2472424694,0.2136615203,0.1850933581,0.1625277872,0.1457378943,0.13346339,0.1244616342,0.1179463611,0.1132990096,0.1101725304,0.1081878774,0.1071338758,0.1067777548,0.1071355913,0.1084481974,0.1108690346,0.1143189727,0.1186033215,0.123570775,0.1290209621,0.1348298255,0.140957177,0.1472725348,0.153698684,0.1602181225,0.1666815484,0.1732080006,0.1796585562,0.185916595,0.1920474827,0.1979640722,0.2036795796,0.2092294644,0.21451019,0.2195668483,0.2244701104,0.2292094753,0.2338124216,0.2383005135,0.2426591295,0.247010427,0.2511400878,0.2552272687,0.2590953595,0.2627933622,0.2662461166,0.2694559971,0.2724368681,0.2751905345,0.2776209907,0.2795762242,0.2811436643,0.2822767913,0.2829473213,0.283046363,0.2826432148,0.281627755,0.2798521924,0.2772476956,0.2740141185,0.2706561386,0.267341603,0.2640824027,0.2606935963,0.2575320567,0.2545413542,0.2519308397,0.2497981149,0.2482260499,0.2465534472,0.2439185846,0.2406260543,0.2371274199,0.2339297107,0.2313761615,0.2295247038,0.2280889978,0.2271995175,0.2269113536,0.2271518862,0.2278502165,0.2289605291,0.2291211809,0.2302840015,0.2313026418,0.2321451981,0.2326829696,0.2326993051,0.232007292,0.2302094549,0.226789033,0.2211221673,0.2125770087,0.2004119058,0.184369818,0.163881223,0.1396276798,0.1140075834,0.08953300825,0.06856392548,0.05264097441,0.0421432597,0.03587824238,0.03230889809,0.03024612229,0.02903594127,0.02832822747,0.0279617794,0.02785757821,0.02799550995,0.028337867,0.0288629108,0.02953362799,0.03034279164,0.03132167277,0.03243828233,0.03369826582,0.03510796883,0.03660660138,0.03820785251,0.03987579581,0.04162118184,0.04348200681,0.04551792036,0.04757796795,0.04965166045,0.05171352879,0.05373824744,0.05572420662,0.057589048,0.05935132885,0.06107905553,0.06277930844,0.06458531517,0.06642604341,0.06832562955,0.0702446851,0.07219619017,0.07418684354,0.07621196945,0.07824095854,0.08023782365,0.08229482587,0.08433128275,0.08639376592,0.08842511004,0.09040593519,0.09240142227,0.09423789001,0.09598936802,0.09776436975,0.09948481352,0.1012142589,0.1029088533,0.1045196464,0.1062039481,0.1078563684,0.109541438,0.1112779866,0.112915095,0.1145127654,0.1159986312,0.1173036561,0.1183390578,0.1191404048,0.1195360265,0.1193912349,0.1185672806,0.1169891069,0.1147285112,0.1118187041,0.1085913191,0.1049400731,0.1012339983,0.09771329682,0.09454420543,0.09183659787,0.0895150983,0.08739188589,0.08515029125,0.08267757215,0.08018687163,0.07772375889,0.07595492741,0.07494776843,0.07439083496,0.07348156333,0.0719850377,0.07017710816,0.06819591519,0.06632969071,0.06473428381,0.06357500972,0.06249115449,0.06120872887,0.05990820413,0.0584584501,0.0570876057,0.05558102975,0.05396591468,0.05270152503,0.05136821081,0.04965500711,0.04825497151,0.04675462515,0.04532129065,0.04384322427,0.04235678405,0.04098296404,0.03979390191,0.03842097348,0.03750366738,0.03636752921,0.0350821236,0.03435526099,0.03373003535,0.03260979127,0.03240857314,0.03167956314,0.03112555876,0.03094918461,0.03078578293
0.5170104695,0.5207083488,0.5215905336,0.5228726077,0.5239517276,0.5248047342,0.5258448447,0.5265908761,0.5273317813,0.5280429483,0.5287902346,0.5294535235,0.530027738,0.5306175012,0.5310269445,0.531485074,0.5316525417,0.5316866238,0.5316646994,0.5314521197,0.531222608,0.5309254619,0.5305434595,0.5299611583,0.5291974069,0.528100274,0.5260478122,0.5229452287,0.5187854042,0.5137771423,0.5088151946,0.5046575005,0.501604086,0.4994237115,0.4979985946,0.4970520843,0.4960772728,0.4950275395,0.4941506843,0.4936389962,0.4934764705,0.4936656396,0.4941646851,0.4949832804,0.4961485357,0.4975107957,0.4988726041,0.5000690233,0.5011218329,0.5021463154,0.5029809026,0.5036707007,0.5041878956,0.5045710959,0.5046968729,0.5047399728,0.5044441909,0.5039017931,0.5031807017,0.5021002117,0.5005410743,0.4984358568,0.4956949398,0.4923389181,0.4882100023,0.4833552037,0.477843748,0.4719113918,0.4657689668,0.4597562166,0.4541351317,0.4487845705,0.4433697959,0.4370923968,0.4289898192,0.4177353562,0.401596901,0.3789465985,0.3501310577,0.3180867165,0.2859040025,0.257201139,0.2335311956,0.2153123509,0.2016995986,0.1915923355,0.1842531685,0.17904675,0.1755810738,0.1734966461,0.1724462498,0.1722128699,0.1728868743,0.1747429986,0.1779840304,0.1825368643,0.1880573856,0.1943105341,0.2009955872,0.208005321,0.2152685239,0.2226953351,0.2301511807,0.2376016038,0.2448731598,0.2520678421,0.2590422643,0.2657517922,0.2722652985,0.2785265807,0.284511532,0.2902359115,0.2956794188,0.3007760708,0.3056475293,0.3103154824,0.3148157036,0.319108626,0.3231946874,0.3271912341,0.3309736688,0.3345339689,0.3379100063,0.3410366689,0.3439536064,0.3465879645,0.3490542706,0.3512550344,0.3531379318,0.3546111404,0.355440152,0.3556048309,0.3553269247,0.3548469266,0.3543572463,0.35380963,0.3532167622,0.3521814811,0.3507990104,0.3492768975,0.3475274317,0.3455383767,0.3431635122,0.3406699601,0.337960358,0.3351112516,0.3324231285,0.3306231555,0.3291528676,0.32708619,0.3244255432,0.3213514955,0.318325757,0.31570756,0.3137886273,0.3122920924,0.3111407917,0.3105580501,0.3103891199,0.3107565723,0.3113968595,0.3138693609,0.3147764645,0.3156527743,0.3163189324,0.3166020661,0.3164057452,0.3155218585,0.3135030821,0.3099668819,0.3041193706,0.2953256279,0.282643494,0.2655243535,0.2429129303,0.2145790912,0.182795578,0.1500386166,0.1195014238,0.09412787506,0.07577005482,0.06376895522,0.05651991083,0.05224170941,0.04974713746,0.04834749183,0.0477407707,0.0477559278,0.04825234863,0.04925133282,0.05058148328,0.05221411683,0.05421313427,0.05649062036,0.05898126385,0.06179124579,0.06483558377,0.06809758865,0.07157672823,0.07516938103,0.07893484407,0.08270455519,0.08654408673,0.09034505175,0.09406799962,0.09768183231,0.1011530375,0.1044496589,0.1075341418,0.1104254099,0.1133114098,0.1162006347,0.1192379315,0.1224069968,0.1257625419,0.1290784409,0.1323438786,0.1354853687,0.1385964441,0.1416934261,0.1446712788,0.1476255088,0.1505316034,0.1533145046,0.1559907921,0.1583941311,0.1606158678,0.1627478144,0.1648243313,0.1670383197,0.1692393743,0.1713774868,0.1733964521,0.1753535509,0.17748865,0.1796235532,0.1818755125,0.1841305766,0.1864589564,0.1886533243,0.1907081684,0.1925017629,0.1940857075,0.1953417482,0.1962186279,0.1965120619,0.1960041118,0.1946702202,0.1924103967,0.1893821204,0.1856453163,0.1813264496,0.1769790256,0.1727415936,0.1688567269,0.1654682539,0.1625202114,0.159706175,0.157008155,0.1537118858,0.1500032634,0.1458688832,0.1421770205,0.1400394697,0.1392246622,0.1377853433,0.1354351286,0.1325624409,0.1293358268,0.1260360296,0.1229901888,0.1207762604,0.1188970244,0.116721594,0.114391787,0.1118256502,0.1091363824,0.1063179758,0.1033442071,0.1008646654,0.09803910365,0.09531304789,0.09248043085,0.0895421592,0.08658766553,0.08384195124,0.08105319028,0.07806985616,0.07551350711,0.07269046521,0.06997644376,0.06768154792,0.06538140788,0.06339923674,0.06095755164,0.05929093043,0.05782380927,0.05624728525,0.05508913095,0.05434658325,0.05353413296
0.5283338478,0.5327079659,0.5337931292,0.5350264991,0.5361284725,0.5372069303,0.5381475219,0.5390656814,0.5397598945,0.5406082685,0.5412625799,0.5418541413,0.5424210506,0.5428027765,0.5431562975,0.5434510419,0.5435043642,0.5433294916,0.5430695288,0.5427049302,0.5422761578,0.5416818463,0.5410413989,0.5402980043,0.5392375645,0.5377078665,0.5352711759,0.5313491851,0.5259983165,0.5198120891,0.5137460532,0.5087914266,0.5053003541,0.5029005617,0.5013890437,0.5001921145,0.4991851372,0.4980070969,0.4969805723,0.4963370214,0.4961194297,0.4962813923,0.4967794508,0.4975790043,0.4987195226,0.5000284998,0.5013255221,0.5024596081,0.5035272505,0.5045309841,0.5053555757,0.5059899236,0.5065011958,0.5068063524,0.5068847369,0.5067103414,0.5062723191,0.5054769586,0.504413872,0.5028991317,0.5008941231,0.4981643498,0.4947397586,0.4906084949,0.4855833713,0.4797853389,0.4732242751,0.4662250901,0.459065393,0.4521732886,0.4456580676,0.4395726924,0.4333756201,0.4261714311,0.4166784868,0.403521511,0.3847391204,0.3589788472,0.3269816762,0.2923879204,0.2587331139,0.229746151,0.2066311134,0.1892498602,0.1765176751,0.1671563992,0.160354634,0.1555755088,0.1523550292,0.1504016773,0.1494614137,0.1492864553,0.1500255652,0.1520469239,0.1554059609,0.1600605202,0.1657262699,0.1720747695,0.1789797107,0.186239576,0.1938054941,0.2015366802,0.2093814542,0.2172583451,0.2249878838,0.2326641521,0.2401707999,0.2473876394,0.2544764455,0.2613244511,0.2679127554,0.2742212808,0.280256325,0.2859670297,0.2914260093,0.2966123432,0.3015679052,0.3063040232,0.3108023385,0.3151293704,0.3191577801,0.3230145695,0.3266566681,0.3300437237,0.3331529393,0.3359855787,0.3386154557,0.3410610283,0.3430992688,0.3447883584,0.3459748439,0.3465933326,0.3467125346,0.346523249,0.3462102531,0.345864561,0.345277776,0.3442552337,0.3429471958,0.3414444399,0.3397813014,0.3378472973,0.3355341137,0.3329131368,0.3300270721,0.3270033146,0.324050261,0.3217551461,0.3197936206,0.3171442047,0.3138318299,0.310038703,0.3061604463,0.3028187682,0.3001656689,0.2981035685,0.2964969656,0.2955440748,0.2950854215,0.2952381239,0.2956927119,0.2989442572,0.2997960928,0.30056128,0.3009945584,0.3010178943,0.3005230231,0.2991197878,0.2964946222,0.292054477,0.28524192,0.2751981636,0.2610189668,0.2423361682,0.2182020468,0.1888599584,0.1569870297,0.1253223255,0.09695877148,0.07425392511,0.05858070325,0.04869430638,0.04294486944,0.03956091429,0.03755716283,0.03643643749,0.03593415743,0.03594719576,0.03636987919,0.03714814629,0.03823948796,0.03968162892,0.04132777983,0.04324201047,0.04538406551,0.04779937666,0.05039905524,0.05319526362,0.05627211914,0.05945764627,0.06279590008,0.06622322679,0.0697417282,0.07326351912,0.07678789522,0.08030531449,0.08368283065,0.08707652001,0.09030799474,0.09346071659,0.09659048076,0.09974516487,0.1030364073,0.1064492453,0.1099712608,0.113489562,0.1169831132,0.1205088152,0.123925303,0.127340743,0.1306660989,0.1340772781,0.1373971968,0.1406543044,0.143739262,0.1466714145,0.1493468692,0.1518951182,0.1543289216,0.1568509287,0.159252742,0.1615305552,0.1635790515,0.1655895267,0.167664077,0.1697400307,0.1717814765,0.1737495697,0.1757342199,0.1774922606,0.1791097429,0.1804395441,0.1815635565,0.1824295636,0.1828787756,0.1827476665,0.1818884389,0.1803643591,0.1780854776,0.1751820424,0.1717592767,0.1679572156,0.1638983035,0.1600280209,0.1564908531,0.1534410153,0.1507868974,0.1481266767,0.1454404287,0.142255352,0.1384584428,0.1345377431,0.1307893079,0.1281818724,0.1269315781,0.1253464846,0.12272609,0.1197311636,0.1164897994,0.113166498,0.1099689649,0.1074234922,0.1053386855,0.1029729706,0.1004342459,0.0976849187,0.09484022563,0.09205091507,0.08928830019,0.08661746556,0.08391004404,0.08115086807,0.07851769356,0.07583024793,0.0732144186,0.07021388168,0.06770771533,0.06496344367,0.06258433298,0.05993009637,0.0578503803,0.055452209,0.05336880824,0.05098791588,0.04938888444,0.04778961111,0.04618640844,0.04534302725,0.0442651937,0.04346868863,0.04272197126
0.4401388321,0.4427568278,0.4439618354,0.4452246178,0.4466229155,0.4477164002,0.4488482883,0.4498756141,0.4508951204,0.4516605573,0.4523558666,0.4529307884,0.4534330728,0.4537639822,0.4538430737,0.453845053,0.4537348737,0.4535434081,0.4531790189,0.4526735521,0.4520468883,0.4513534464,0.45056523,0.4496653213,0.4484895892,0.4466292289,0.4435501237,0.43884415,0.4322386806,0.4246282431,0.417443713,0.4116697764,0.4076705606,0.4050300637,0.4031507396,0.4015241888,0.3998213018,0.3981816415,0.3969853064,0.3964767837,0.3967122741,0.3974334487,0.3985785285,0.4001153955,0.4019878379,0.4038703773,0.4055988502,0.4071118071,0.4084429197,0.4096808073,0.4106301387,0.4114376589,0.4120263625,0.4123601259,0.4124470577,0.4122375104,0.41158178,0.4105643112,0.409123796,0.4071936732,0.4046580635,0.4014689002,0.3974930829,0.3927139463,0.3870048533,0.3804574799,0.3732242679,0.3655885394,0.3577185023,0.3501547807,0.3430049439,0.3361449016,0.3291609014,0.321126161,0.3107358071,0.296586846,0.2771835406,0.2516930251,0.2217998556,0.1912757902,0.1634961847,0.1411530901,0.1245732119,0.112987284,0.1050412366,0.0995404928,0.09578188447,0.09324497869,0.09168622214,0.09084740337,0.09054579355,0.09071546323,0.09141233087,0.09292347313,0.09535848537,0.0986750377,0.1026526942,0.1071791465,0.1121541154,0.1174577851,0.1231138353,0.1289738791,0.1350362233,0.1411815649,0.1473829392,0.1536161933,0.1598228617,0.1658860511,0.17187003,0.1777413448,0.1834537973,0.1889976629,0.1943392261,0.1994200491,0.2042426907,0.2088979822,0.2133435639,0.2175499029,0.2215905419,0.2254270365,0.2291223011,0.2326083933,0.2358446861,0.2388757449,0.2415698825,0.2439817994,0.2462245072,0.2483300045,0.2502304623,0.2518053935,0.2529426485,0.2534916546,0.2534756245,0.253090429,0.2521466095,0.2505659487,0.2482557299,0.2454481777,0.242161423,0.238674275,0.2354884484,0.2326553933,0.2301684805,0.2280264058,0.2260383544,0.2240101791,0.2220330288,0.2200740307,0.2178628732,0.2149510549,0.2115828113,0.2084415397,0.2057942847,0.2036775298,0.2020224404,0.2005722592,0.1994114573,0.198618265,0.1981247065,0.1981066906,0.1983684089,0.1992756802,0.1998020567,0.2002510803,0.2005049572,0.2003588429,0.1997487082,0.1983329177,0.195840765,0.19187693,0.1858908772,0.1773254714,0.1656479858,0.1507818821,0.1325854194,0.1118807154,0.09136896721,0.07317273483,0.05864446557,0.04826438837,0.04172054777,0.03777605426,0.0355545876,0.03420698168,0.03340956821,0.03298562831,0.03279966443,0.03283581109,0.03308792157,0.03347029321,0.03399041429,0.03463379904,0.03537935671,0.0362051061,0.03712140401,0.03815948946,0.03929547293,0.04049921726,0.04183625789,0.04321215966,0.04467741222,0.04623302323,0.04783812688,0.04945270872,0.05112013199,0.05281944681,0.05444210592,0.05610845999,0.05777955928,0.05941005901,0.06109826604,0.06279255921,0.06461309505,0.0664689048,0.06838641592,0.07038707014,0.07237631797,0.07439812484,0.07637924776,0.07838304145,0.08035591121,0.08231369799,0.08423666546,0.08610828118,0.08790585379,0.08962736607,0.09127971504,0.09279409084,0.09419769541,0.09556196654,0.0968942091,0.09823607456,0.09946548667,0.100657233,0.10179735,0.1029289456,0.1040348257,0.1050842391,0.1060839105,0.1069742805,0.1077646071,0.108351885,0.1086595895,0.1088091433,0.1087271907,0.1083599509,0.1076741376,0.106401079,0.1045468513,0.1021796945,0.09946716506,0.09636227692,0.09325349388,0.0903327535,0.08763799039,0.08534216397,0.08328279178,0.08117614708,0.07871572467,0.07601348523,0.07354625649,0.07204101075,0.0712849295,0.07118973908,0.07096153053,0.0701468808,0.06897158598,0.06738186183,0.06566999931,0.06393865645,0.06269467298,0.06166838769,0.06081671559,0.05975779065,0.05880021617,0.0577131283,0.0567684714,0.05552389515,0.05446465061,0.05326228604,0.05220257194,0.05119752853,0.05000434346,0.04902043115,0.04811711371,0.04723692873,0.04625978583,0.04532097522,0.04427935637,0.04334779531,0.04243401391,0.04156169764,0.04061966152,0.03992881357,0.03931916526,0.03830804534,0.03811634143,0.03789626879,0.03751933426,0.03719034781,0.03699851279
0.4509577465,0.4542696217,0.4554914454,0.4568112364,0.4580160562,0.4592840049,0.4603235858,0.4613137682,0.462246026,0.4631090832,0.4639419205,0.4646407996,0.4652393262,0.4656111375,0.4659530305,0.4660164506,0.4661444107,0.4660675188,0.4659133679,0.4656339165,0.4651688155,0.4646542742,0.4640482124,0.4631994219,0.4622119943,0.4606249769,0.458086541,0.454038446,0.448341528,0.4415998811,0.4348060997,0.4291724664,0.4250960362,0.4222178824,0.4202004582,0.4185395875,0.4168684478,0.4152348294,0.4139934459,0.4132968352,0.4132685835,0.4137996109,0.4147953613,0.4161234597,0.4179037672,0.4198376284,0.4215932326,0.4231299403,0.4245506816,0.4257044285,0.4267115699,0.4275525826,0.4282300877,0.428661093,0.4288270103,0.42874234,0.4283903663,0.4276949414,0.4266193542,0.4250753838,0.4229992154,0.4202925166,0.4169009024,0.4126948008,0.4076508044,0.4017496629,0.3950864026,0.3879567177,0.3806851606,0.373541265,0.3667786061,0.3604018703,0.353921467,0.3466683201,0.3374209262,0.3250046572,0.3077973428,0.2846738884,0.2567517132,0.227152023,0.1989474966,0.1749770216,0.1562145102,0.1424260459,0.1326178756,0.1256254948,0.1207424173,0.1173954099,0.1152269529,0.1139397556,0.1133407944,0.1132557247,0.1137700943,0.1151204167,0.1174378471,0.1206868676,0.1246574411,0.1291424305,0.134074334,0.139296281,0.1447264225,0.1503422724,0.1560596125,0.1618017517,0.1674936845,0.1731357923,0.1786966487,0.1840541631,0.1892551394,0.1943274253,0.19922706,0.2039108295,0.208386036,0.2126674243,0.2167516582,0.2206837164,0.2245003305,0.2281456423,0.2316966208,0.2351971253,0.2385472314,0.2417529412,0.2447936797,0.2476614647,0.2502057191,0.2524814749,0.2544876576,0.2563555743,0.258007874,0.2592449518,0.2599840068,0.2602326331,0.2602291925,0.2600189502,0.2595131616,0.258260834,0.2560408785,0.2529417557,0.2494234457,0.2460586317,0.2430114169,0.2402659762,0.2378506569,0.2357872336,0.2339847422,0.2323319605,0.2309295835,0.2297674269,0.2284011362,0.2263866808,0.2238590281,0.2212064963,0.2187255847,0.2166244633,0.2150623139,0.2140104208,0.2132622057,0.2128542471,0.2127603255,0.2130131283,0.2134681706,0.2159403241,0.2165887377,0.2172067746,0.2176715029,0.2178381586,0.2176160199,0.2168715007,0.2151244217,0.2120909446,0.207228986,0.199883081,0.1895964209,0.1760898745,0.1588329599,0.1381754716,0.1163968427,0.09552772711,0.07744815375,0.06350020831,0.05402492785,0.04807036343,0.04458758692,0.04255626097,0.04136348016,0.04072143451,0.04047198317,0.04053882823,0.04082393214,0.04131420353,0.04201500364,0.04286837534,0.04384473622,0.04497790479,0.04624118484,0.0476577459,0.04917108309,0.05079956678,0.05254495107,0.05435072395,0.05625745507,0.05821628539,0.06019124712,0.06218560934,0.06413820322,0.06608063956,0.06793673009,0.06973133477,0.07145175005,0.07308838445,0.07465850627,0.07619379071,0.07781057719,0.07940905101,0.08107832133,0.08277719445,0.08447221579,0.08618814253,0.08787740611,0.08952156564,0.09115766384,0.09274705112,0.09425638956,0.09578196461,0.09720576811,0.09863472088,0.1000141576,0.101317251,0.102611414,0.1039738661,0.1053363825,0.1067248155,0.1079319706,0.1090201356,0.1101486968,0.1113021346,0.1125315358,0.1137957921,0.1150000847,0.1161422844,0.1172170779,0.1180664439,0.1188443768,0.1193997448,0.1195948865,0.1193956337,0.1185432587,0.1170905366,0.1150688384,0.1124312353,0.1094802577,0.1062718118,0.1030250213,0.09995121206,0.09721591275,0.09481494526,0.09285868349,0.09109632696,0.08922490986,0.0869743556,0.08479516299,0.08290832048,0.08170280447,0.08115567382,0.08096877714,0.08043843284,0.07946210853,0.07806398175,0.07667729166,0.07517515575,0.07404876117,0.07315087692,0.07242066196,0.07142903552,0.07040996898,0.06911922799,0.06795444519,0.06675208577,0.06535360911,0.06418411825,0.06276974915,0.06151062983,0.05988962069,0.05875391571,0.0573367902,0.05617503195,0.05491423678,0.05356689486,0.05237043044,0.05096415622,0.04990097474,0.04886300578,0.04809946717,0.0467966528,0.04594961831,0.04522570809,0.04464371141,0.04415642166,0.04358090266,0.04338887106,0.04368524889
0.4438448022,0.4475288174,0.448661903,0.4498905197,0.4510721462,0.4522167882,0.4532375546,0.4541801057,0.4550743059,0.4558389385,0.4564245218,0.4570382791,0.4574889885,0.4578375938,0.4581353917,0.4580719498,0.4580961615,0.4579108717,0.4575374379,0.4571333882,0.4565041547,0.4558191466,0.4551006383,0.4541623198,0.453042561,0.451223346,0.4482413839,0.4436181154,0.4372829057,0.4299175385,0.4228585106,0.4171062761,0.4130033142,0.4100906306,0.4079237639,0.4059792328,0.4040443011,0.4021499802,0.4007758017,0.4001933917,0.4002591778,0.4009177754,0.4020855282,0.4036970834,0.4056293882,0.4076466153,0.40953787,0.4111252423,0.4125669865,0.4137816021,0.4148467349,0.4156778922,0.4163155623,0.4166805172,0.4168054469,0.4165787413,0.4160584644,0.4151827698,0.4138953036,0.4121289804,0.409816011,0.4068344186,0.4030851954,0.3984755997,0.3929811632,0.38670724,0.379692097,0.3721613811,0.3644600838,0.357000312,0.3498925035,0.3430785238,0.3361887048,0.3283907461,0.3183061742,0.3046661108,0.2858799341,0.2609290384,0.2314232964,0.201038604,0.1728906197,0.1499219632,0.1325960864,0.1202793966,0.1116534309,0.1056136091,0.101374211,0.09851376956,0.09667334774,0.09561821915,0.0951604573,0.09522314637,0.09581635929,0.0972546284,0.09963077338,0.1028679218,0.10675594,0.1112531791,0.1161649384,0.1214118355,0.1269909337,0.1327775808,0.1387150106,0.1448012843,0.1508924221,0.1570236373,0.1630623131,0.1689523369,0.1748087876,0.1805166572,0.1861371944,0.1914992851,0.19663629,0.2015541304,0.2062537301,0.2107237286,0.2150876556,0.2192034133,0.2232237342,0.2270653324,0.2307535667,0.234229261,0.2375370392,0.2406157418,0.2433752912,0.2458310156,0.2480517828,0.2501794199,0.2521393374,0.2537512214,0.2549279882,0.2554043859,0.2553701794,0.2548796787,0.2537942426,0.2519510694,0.249382554,0.2461498892,0.2426087983,0.2389014312,0.2354645147,0.2324932698,0.2299023023,0.2277823069,0.225826265,0.2238579098,0.2220162331,0.220381401,0.218438231,0.2157704153,0.212564723,0.2096500588,0.2073131643,0.2054253546,0.2040392516,0.2028959658,0.2019671429,0.2013086236,0.2010984562,0.2011921455,0.2015860161,0.2030442609,0.2037171529,0.2042725909,0.2046271828,0.2046537846,0.2042046243,0.2030332551,0.2008309971,0.1971582034,0.1915341393,0.1833304951,0.171946432,0.1573470613,0.1392239315,0.1183667267,0.09737949528,0.07836358135,0.06302537399,0.0519068027,0.04484305374,0.04063789943,0.03817869542,0.03681679766,0.03593047369,0.03543418366,0.03521193434,0.03522745972,0.0354403069,0.03583108603,0.03633049518,0.03694753884,0.03767475513,0.03855773138,0.03949854444,0.0405583932,0.04172442229,0.04294279777,0.04428505658,0.0456997353,0.04718086731,0.04875121557,0.05040528157,0.05205014744,0.0537152398,0.05539377109,0.0570493222,0.05874894217,0.06037429393,0.06197734231,0.0636254497,0.06526848655,0.06699729051,0.06881803509,0.07069412465,0.07259415256,0.07458948812,0.07652971368,0.07844748668,0.08039248817,0.08227477289,0.08418840769,0.0860224601,0.08781349949,0.08960952743,0.091295068,0.09283197868,0.09431204358,0.09569887808,0.09708102917,0.09840294628,0.0997389378,0.1009496584,0.102119028,0.1033285594,0.1045116394,0.1056875755,0.1067846939,0.107831666,0.108776284,0.109593515,0.1102232288,0.110628269,0.1108002191,0.1107582885,0.1103614381,0.1095408268,0.1081791026,0.1061463125,0.103616884,0.1006856352,0.09734219003,0.09401722346,0.09091529593,0.08816809222,0.08587003378,0.08391404292,0.08187947607,0.07952703472,0.07687826831,0.07457121366,0.07293735121,0.0723094526,0.07214904485,0.07202093776,0.07136196033,0.07007321232,0.06869010653,0.06704817274,0.06538249525,0.06412496137,0.06335101439,0.06245163542,0.0614938196,0.06065619803,0.05961463505,0.05850184433,0.05739392438,0.05636992072,0.05523512478,0.05415801227,0.05304937603,0.0518838262,0.05090311589,0.05009259502,0.04910094072,0.04822461593,0.04724266085,0.04622630867,0.04513669151,0.04426174962,0.04344328202,0.04256055929,0.04193652728,0.04120584814,0.04046280507,0.0402750149,0.03970641279,0.0393629445,0.03887738718,0.03853344059
0.5482269545,0.5518327043,0.5537762688,0.5553986129,0.5572219531,0.5590370682,0.5606831888,0.5621812366,0.5636483315,0.5648320564,0.5657157454,0.5666970406,0.5674551528,0.5678708529,0.5682367845,0.5683412362,0.5683337286,0.568125095,0.5677618476,0.5672248986,0.5664525494,0.5655239915,0.5644979026,0.5631608089,0.5613904223,0.5586581311,0.5545228405,0.5484326339,0.540312814,0.5309258318,0.5216740971,0.5136436598,0.5075132836,0.5032779636,0.5002391292,0.4978820415,0.4957266246,0.4935876593,0.4918358488,0.4906560047,0.4901354079,0.4903609213,0.4912423613,0.4927793142,0.4948231228,0.4969253681,0.498992495,0.5008030092,0.5024388251,0.5039639342,0.5052201083,0.5061861861,0.5070008684,0.5075622432,0.5078156922,0.5076767432,0.5071491244,0.5062627927,0.5047405587,0.502580046,0.4996569631,0.4958216848,0.4910265856,0.4851399189,0.4782384623,0.4700865498,0.4609706895,0.4513080467,0.4414954393,0.4320965686,0.4233788863,0.4152897931,0.4072754013,0.3984228472,0.3875229047,0.3729167749,0.3526800033,0.325485389,0.2925673831,0.2575782075,0.223981528,0.1951552147,0.1722398575,0.1550794066,0.1425594056,0.1334737256,0.1269581067,0.1223932022,0.1193814261,0.1175616477,0.1166379357,0.1163856183,0.1168227285,0.1182014477,0.1206112414,0.1240967428,0.1283954763,0.1333640006,0.1387901011,0.1445245504,0.1505340625,0.1566752151,0.1628820483,0.1691553687,0.1753356548,0.1814799006,0.1874458031,0.1932428385,0.198822593,0.2042402185,0.2094906983,0.2145391442,0.2193610009,0.2239975187,0.2285209663,0.2328503765,0.2371401859,0.2413339208,0.2454521422,0.2494774454,0.2534533937,0.2572653295,0.2609650185,0.2644302127,0.2677438426,0.2707738435,0.273610217,0.2761676596,0.2784151496,0.2801613426,0.2811582292,0.2813777322,0.281001192,0.2805554638,0.2803586193,0.2802545391,0.2798683421,0.2787959797,0.2771933387,0.2753310015,0.2733410028,0.2710485597,0.2684046037,0.2656378071,0.2629011813,0.2601137032,0.2575856906,0.2554138754,0.2530806553,0.2504811658,0.2476322517,0.2447360418,0.2420715388,0.2396493165,0.2377165669,0.2360803932,0.2348749987,0.2342079145,0.2340803431,0.2345202039,0.235209892,0.2362688649,0.2372454024,0.238167742,0.2389182639,0.239435046,0.2394574845,0.2388838285,0.2373002194,0.2342411525,0.2292170127,0.2214971053,0.2103118077,0.19545883,0.1762674874,0.1530283308,0.1278544897,0.1029563348,0.08081460204,0.06333078274,0.05144380785,0.04418534413,0.04010279601,0.03788494564,0.0366419267,0.03592627822,0.03562749216,0.03559561327,0.03581803979,0.03625705791,0.03686584632,0.03763222914,0.03860396172,0.03970353163,0.04103870157,0.04250369866,0.04413995451,0.04590511972,0.04785780075,0.04991597331,0.05208393043,0.05424831008,0.05649157887,0.05875128349,0.06095735558,0.06311150788,0.06513649251,0.06705829692,0.06883040996,0.07054078031,0.07217866667,0.07376048027,0.07539289505,0.07708579731,0.07878528467,0.08051722597,0.08223458646,0.08391748139,0.08558231419,0.08724233139,0.08889629326,0.09058473762,0.09231497161,0.0939747686,0.09563517703,0.09723016373,0.0987257115,0.100211235,0.1016718369,0.1032956062,0.104997864,0.1068247955,0.1086347412,0.1104307004,0.1122457574,0.1140634215,0.1159693488,0.1178251843,0.1197447918,0.1215681774,0.1232655951,0.1248267295,0.1261253881,0.1272553048,0.1280599226,0.1284315795,0.1282391491,0.1274192203,0.1258437011,0.1236240231,0.1209678056,0.1176844262,0.1143172674,0.1108515131,0.1075034613,0.1043372787,0.1017098035,0.09942724939,0.09746850632,0.09551066751,0.09349338683,0.09149582408,0.08993498656,0.08884484928,0.08791794944,0.0867041625,0.08509736672,0.08335223854,0.08132036771,0.07940864697,0.07780602883,0.07649220497,0.0752294343,0.07381898052,0.07223276807,0.07081794902,0.06930084581,0.06755440794,0.06602973285,0.06427728971,0.06262263634,0.06103730791,0.0592426358,0.05756820432,0.05614552748,0.0544449744,0.05285649556,0.05136258,0.0496241835,0.04826164435,0.04687335096,0.04556480027,0.044448717,0.04308500158,0.04239650253,0.04177488448,0.04067696333,0.04021698436,0.03990212973,0.03940628887,0.03944258428
0.4502945263,0.4532175825,0.4542920652,0.4553484985,0.4564881076,0.4575454598,0.4585892253,0.4594799354,0.4602960401,0.4610363833,0.4616753997,0.4622182498,0.462559348,0.4628075798,0.4630352631,0.4629516823,0.4629125785,0.4627528087,0.4624105338,0.4619646771,0.461427891,0.4607834345,0.4601063416,0.4593055266,0.4582446454,0.456605676,0.4539453584,0.4497991974,0.4439926928,0.4373771063,0.4309906533,0.4257599507,0.4219746518,0.4193588114,0.417346402,0.4156064501,0.4138065641,0.4121109478,0.4108041199,0.4101843369,0.4102202534,0.410766165,0.4117601021,0.4131164154,0.4148116053,0.4166663162,0.4182752683,0.4197289656,0.4209208592,0.4220248447,0.4229254846,0.4236637008,0.4242340082,0.4246050491,0.424710135,0.4245297482,0.4239960638,0.4231280917,0.4219002602,0.4201347089,0.4178553228,0.4149998161,0.4115085982,0.4072295011,0.4021407751,0.3962639743,0.3897057345,0.3827315252,0.3756041705,0.3686922634,0.3621191032,0.3558366631,0.3494973663,0.3421563766,0.3327011403,0.3195798222,0.3013714759,0.276977118,0.2476778823,0.2171113486,0.1884976467,0.1646948438,0.146505403,0.1333175336,0.1239418245,0.1172387592,0.1124469276,0.1090968761,0.1068921485,0.1055821223,0.1049585905,0.1048719025,0.1054863695,0.1069773723,0.109509288,0.1129751892,0.1171979022,0.122032317,0.1272866015,0.1328916254,0.1388298636,0.1449694653,0.1512567161,0.1576627895,0.1640683952,0.1704507507,0.1768262475,0.1829706849,0.1890461528,0.1949809933,0.2006822158,0.2062328841,0.2115007957,0.2165698323,0.2213738322,0.2259796953,0.2303804058,0.2345108047,0.238524255,0.2423219515,0.245913908,0.2493163429,0.252488579,0.2554252446,0.2580841953,0.2605107331,0.2626819821,0.2647508198,0.2666118516,0.2681599041,0.2692386578,0.269693343,0.2696983165,0.2692268463,0.268377462,0.2668448122,0.2645474198,0.2616755803,0.2584158293,0.2550214728,0.2517516112,0.2488223131,0.2462988162,0.2442122183,0.2422811041,0.2402959586,0.2384098999,0.2367232856,0.2347369963,0.231972349,0.2287729927,0.2257837867,0.2232982802,0.2213957776,0.2199499065,0.2187464777,0.2177235277,0.2170758644,0.216825899,0.2169301868,0.2173366434,0.2194394053,0.2201179145,0.2206559063,0.2210273434,0.2210427976,0.2205433356,0.2192607347,0.2170302816,0.2132630925,0.2074836651,0.1989944213,0.1872484765,0.1720510628,0.1529855449,0.1307416988,0.107832158,0.08656495938,0.06880634128,0.05558528033,0.04696061055,0.04165549789,0.0385829752,0.03680878018,0.03571774679,0.0350783468,0.03477080305,0.03477831992,0.03502418729,0.03545389557,0.03605798251,0.03678914023,0.03771818659,0.03875916067,0.03991825276,0.04122490146,0.04263709261,0.0441698448,0.04581562441,0.04752892092,0.04937578491,0.051262138,0.05320205896,0.05521779339,0.05721883891,0.05926447632,0.06126802861,0.06329712932,0.06530180474,0.06730214666,0.06929432611,0.07130322835,0.07338571695,0.0755685356,0.07786658174,0.08014370791,0.0824399611,0.08473288744,0.08705155032,0.08931816582,0.09155788229,0.09379995316,0.09600174857,0.09808454779,0.1001534699,0.1020948529,0.1039190675,0.105637151,0.1072022104,0.1088013312,0.11032224,0.1118351328,0.1132805939,0.1146184834,0.1159709385,0.1172961744,0.1185786244,0.1197777075,0.1209087618,0.1219785524,0.122805011,0.1235145704,0.1238985002,0.1241523482,0.1240661415,0.1237149646,0.1229371124,0.1215651267,0.1195690932,0.1169861262,0.1139088046,0.1104229299,0.1069397549,0.1035783103,0.1005448949,0.09796020505,0.09546251043,0.09291303112,0.09001856571,0.08704608325,0.08419913079,0.08231948347,0.08164060543,0.08146514521,0.08141345204,0.0805686662,0.0791387897,0.07724063507,0.07514512152,0.07310567585,0.07161224274,0.07058647062,0.06949181464,0.06834156367,0.06692876495,0.06574801074,0.06440600329,0.06315422508,0.06169588874,0.06032405887,0.05902297796,0.05762523162,0.05627884531,0.05511561656,0.05392530596,0.0526091428,0.05157902465,0.05035032638,0.04910010708,0.0482200063,0.04670842325,0.04578287363,0.0444637262,0.04356894831,0.04306892799,0.04213347156,0.04160826801,0.04099809278,0.04047985202,0.04033556109,0.03988809969
0.5748893246,0.578415778,0.5796977441,0.5812110941,0.5826178392,0.5838988515,0.5851269178,0.5862791997,0.587251839,0.5882297088,0.5889269685,0.5895595338,0.5901506661,0.5906188126,0.5908760838,0.5910877688,0.5911239798,0.5909943739,0.5906542169,0.5901597187,0.5896098031,0.5887513203,0.5879809625,0.5870599836,0.5857860919,0.5839406038,0.5809395251,0.5760671982,0.5692814195,0.5612897408,0.5535011695,0.5470828335,0.5425594061,0.5395553982,0.5375316959,0.5360472283,0.5347197193,0.533355445,0.5321777231,0.5315239172,0.5314689538,0.5319357929,0.5328186919,0.5341364599,0.5356812098,0.5373072048,0.5387960623,0.5402005674,0.5414870834,0.5426838916,0.5436608057,0.544470155,0.5450532161,0.545350078,0.5453665464,0.5451377059,0.5445383049,0.5436229704,0.5423111497,0.5404921751,0.5380725915,0.5348800498,0.5308122638,0.5257181864,0.5197753948,0.5128252215,0.5049722117,0.4966340746,0.4881464472,0.4798651307,0.4721197147,0.4648304961,0.4573809507,0.4489106271,0.4380425211,0.4231853101,0.4023757339,0.3742584194,0.3399521989,0.3033039266,0.2680203327,0.23784424,0.2140555931,0.1963869214,0.183624282,0.1743384606,0.1677236778,0.1631163683,0.1601270331,0.1584308803,0.1576456103,0.1575995962,0.158422784,0.160471378,0.1638835554,0.1685867641,0.1742242598,0.1805809246,0.1874214814,0.194583707,0.2020992684,0.2097838221,0.217541521,0.2253279239,0.2330001471,0.2406128991,0.2480599237,0.2552488946,0.2622512496,0.2690149437,0.2756089979,0.2819426229,0.2878422428,0.2934686404,0.2988453706,0.304015485,0.3090052411,0.3138810291,0.3184922911,0.3229850363,0.3272454333,0.3313923681,0.3352926516,0.3389617429,0.3423682957,0.3454823586,0.348323253,0.3508607815,0.3532834003,0.3553617004,0.3569379018,0.3581134973,0.3586493052,0.3587462727,0.3584032944,0.3574736984,0.3559198948,0.353816429,0.3514397589,0.3488720528,0.3463009033,0.3437063148,0.340862289,0.3380088701,0.3352307768,0.3325629447,0.3300102295,0.3276191719,0.3251084678,0.322152475,0.3187469315,0.3151295457,0.3115673111,0.308445265,0.3057675122,0.303684338,0.3020681997,0.3011560915,0.3008589609,0.3010484078,0.3016717598,0.3049947254,0.3060462455,0.3069023112,0.3074749573,0.307672641,0.3072177697,0.3060176258,0.3034794765,0.2990301914,0.2920761472,0.2816999218,0.2672121253,0.2481241649,0.2235982813,0.1938775281,0.1617171489,0.129834401,0.1010752589,0.07790448925,0.06147698701,0.05084330698,0.04449571251,0.0406685195,0.03848096822,0.03722093129,0.03665355453,0.03670380695,0.0372339088,0.03817965961,0.03947815733,0.04114243261,0.04307071501,0.04525663671,0.04768473549,0.05039681543,0.05329268078,0.05639011529,0.05970730239,0.06313125407,0.06669948507,0.07029797468,0.07395019888,0.07758109092,0.08117044026,0.08465092332,0.0880155134,0.09126346086,0.0943107887,0.09719123014,0.1000555238,0.1029743507,0.1061134069,0.1094190696,0.1129157709,0.1163877123,0.1198192706,0.1231567806,0.1264221996,0.1295967352,0.1327279715,0.1358072927,0.138906123,0.1419026832,0.1448472318,0.1476498529,0.1502527409,0.1525986863,0.1547329115,0.1567915333,0.1587219781,0.1604792716,0.1620568812,0.1635577486,0.1651402244,0.1669064657,0.1688260576,0.1707310049,0.172691333,0.1745263677,0.1761649237,0.1775111772,0.178489836,0.1791067816,0.1792016262,0.1787127608,0.1774618193,0.1756917254,0.1733032928,0.1706421912,0.1676338286,0.1642084573,0.1604632591,0.1567705155,0.153063827,0.1496171755,0.1464597532,0.1435123486,0.1406260151,0.1375532053,0.1343152767,0.1311322941,0.1284247101,0.1264729452,0.1247582603,0.1228069213,0.120359168,0.1176850666,0.1147493662,0.1117889478,0.1093354388,0.1070483751,0.1047584368,0.1023926396,0.1001273341,0.0976498135,0.09514024139,0.09251464493,0.0899769192,0.08738124134,0.0847271846,0.08207604289,0.07919259552,0.07654951996,0.07366983538,0.07095783146,0.06844003195,0.06580379799,0.06319020732,0.06071702333,0.05793239703,0.05577059606,0.05383759662,0.05134305882,0.04983117339,0.04806498173,0.04664367069,0.04524073069,0.04411244935,0.04337071757,0.04259331789
0.5006332675,0.5041889363,0.5046454725,0.504999543,0.5055709626,0.5059543916,0.5061696252,0.5063992485,0.506631712,0.5066885946,0.5069135495,0.5069260558,0.5070148055,0.5071391484,0.5070743439,0.5068861689,0.5065898266,0.5062255541,0.5057189697,0.5051128908,0.5044776493,0.5037339646,0.5028634313,0.502002535,0.5009277883,0.499551666,0.4977822401,0.4951468227,0.4914904578,0.4869279768,0.4823663269,0.4783825582,0.4754119896,0.4734299632,0.4720892682,0.4710490979,0.470086254,0.469115624,0.4682238877,0.4675011108,0.4670271101,0.4667329633,0.4667968244,0.4671515733,0.4677032545,0.4684584797,0.4690550067,0.4696422973,0.4701115079,0.4704590528,0.4706956862,0.4708593069,0.4709076124,0.4707398493,0.4704547114,0.4700487838,0.4695000722,0.4688209762,0.4678591666,0.4667082437,0.4651097371,0.4631322375,0.4605685397,0.4575187673,0.4539632721,0.449772302,0.4450622453,0.4399120427,0.4346978267,0.4295081072,0.4247072595,0.4201621101,0.4156001327,0.4102531755,0.4033098407,0.3937683957,0.3803037357,0.3612680559,0.3368226154,0.309042481,0.2805487981,0.2545128893,0.232627373,0.2156791397,0.2031369314,0.1939524247,0.1873487591,0.1827853927,0.1798008454,0.178074833,0.1772733877,0.1772424072,0.1780206118,0.1799392705,0.1832215307,0.1876700617,0.1931000937,0.1990720608,0.2054864654,0.2120528178,0.2187748106,0.2254903585,0.2321159558,0.2386331573,0.2448915023,0.2509675929,0.2567900087,0.2622889429,0.2675636113,0.2725443123,0.277269572,0.2817042107,0.2858575159,0.2898039036,0.2934993975,0.2970468254,0.3004173741,0.3035916607,0.3066806324,0.3095833477,0.3123905475,0.315053567,0.3176269873,0.3199519461,0.322111766,0.3239928676,0.325677701,0.327004,0.3278064226,0.3280108937,0.3278186165,0.3276670087,0.3281812911,0.3293312186,0.3305412927,0.3311720701,0.3309495006,0.330021288,0.3285034965,0.3267537562,0.3249441252,0.3230691584,0.3211162559,0.3190695119,0.3169820995,0.3148699067,0.3127554829,0.3112175479,0.3097586718,0.3077984865,0.3052514445,0.3024307479,0.2994328857,0.2967067614,0.2945827402,0.2928375248,0.2914664495,0.2906352839,0.2902581214,0.2902744958,0.2906038903,0.2908522938,0.2914441481,0.292000971,0.2923732818,0.2925527808,0.2924448658,0.2917827391,0.290161443,0.2872403613,0.2825129979,0.2753398528,0.2649916945,0.2510066595,0.232164073,0.2077958388,0.1797281586,0.1501153279,0.121607819,0.09714964574,0.0789934684,0.06678108753,0.05939423441,0.05510326166,0.05269050826,0.05140367519,0.05093135015,0.05115541971,0.05189341985,0.05315405702,0.05480943224,0.05684190655,0.05916541654,0.06180275588,0.06469136109,0.06783825099,0.07123526112,0.07482099593,0.07860728793,0.0824715935,0.08645483838,0.09044386015,0.09441154965,0.09830296762,0.102032647,0.10561479,0.1089540575,0.112114183,0.1150535582,0.117765253,0.120334315,0.1228087226,0.1252999793,0.1277876502,0.1302392571,0.1326901155,0.1350559553,0.1373276597,0.1395113147,0.1416797178,0.1437178849,0.145709431,0.1476155043,0.1493409031,0.1508601279,0.1523365453,0.1539233243,0.1555965666,0.1573987199,0.1593682923,0.1614181212,0.1633425146,0.1650576009,0.1665902604,0.1681226153,0.1696656413,0.1713557065,0.1730407994,0.1747307292,0.1764478093,0.177971282,0.179425276,0.1808122583,0.1820965152,0.1831190619,0.1836410535,0.1835142436,0.1825566214,0.1808582519,0.1783087699,0.1753759449,0.1722776742,0.1693243359,0.1665044236,0.1635810146,0.1609849473,0.1584493974,0.1560831351,0.1538678479,0.1512823289,0.1481561958,0.1444574751,0.1408532226,0.1383808367,0.1373043536,0.1362258715,0.1343125249,0.1320894908,0.1298076395,0.1273373624,0.1250924564,0.1233356098,0.1217958164,0.1199338424,0.1176906001,0.1151303296,0.1123852079,0.1096292174,0.1069125677,0.1041249189,0.1011191826,0.09839590391,0.09541437121,0.09260926496,0.08967277082,0.08692998693,0.08349687884,0.08077495686,0.07790187133,0.07515586514,0.07232459113,0.07021916156,0.06792227455,0.06581996654,0.06378361104,0.0617767806,0.06012013997,0.05894153655,0.05761141363,0.05633668594,0.05560070738
0.4100893668,0.4298660391,0.431025442,0.4321093786,0.4332207764,0.4344336196,0.4353369796,0.4363076649,0.4371678268,0.4378881429,0.4384571578,0.4390222667,0.4393602024,0.4395812181,0.4397381469,0.4395952839,0.4395443619,0.4392348597,0.4388640848,0.4383731082,0.4377605406,0.4371045286,0.4363272839,0.4354706348,0.43435265,0.4326265909,0.4297570384,0.4253902945,0.419290338,0.4122978851,0.4056480665,0.4002666706,0.396511391,0.39399946,0.39214167,0.390491832,0.3888417216,0.3872579612,0.3860724398,0.3854520688,0.3855431997,0.3861366058,0.3870892453,0.3885065669,0.3901630241,0.3918794127,0.3934641949,0.3948041731,0.3960441984,0.3970814703,0.3979519298,0.3986393895,0.3991583177,0.3994549797,0.3994829855,0.3992108433,0.398590989,0.3976410892,0.3962614763,0.3943929084,0.3919965465,0.3890010117,0.3853100678,0.3807956305,0.3755361158,0.369470931,0.3627072665,0.3555270185,0.3482359827,0.3411826898,0.3345056245,0.3281152398,0.3216425035,0.314214463,0.3045120655,0.2912572757,0.2729348883,0.2486683595,0.2199911908,0.1905164793,0.1633275735,0.1412768023,0.1246962907,0.1130260999,0.1048732026,0.09919353927,0.0951990878,0.09250404559,0.09079478053,0.08985549262,0.08945185634,0.08952979494,0.0902115755,0.09167567875,0.09406822942,0.09729990361,0.1012371228,0.1057285106,0.110651013,0.1158913643,0.1214509842,0.1272156852,0.1331271291,0.1391670113,0.1452216508,0.151303997,0.1573050455,0.1632000316,0.1690094494,0.1746810558,0.1802334504,0.185545688,0.1906417752,0.195508346,0.2001185419,0.2045884037,0.2088688868,0.2129139311,0.2168062671,0.2204865093,0.2239650147,0.2272515034,0.2303680447,0.2332127028,0.2358126129,0.2381429447,0.2402359666,0.2421892104,0.2440158315,0.2455353097,0.2465825078,0.2471182085,0.2471410602,0.2467393848,0.2459561035,0.2445232784,0.2424044658,0.2397476971,0.2367778838,0.2335389777,0.2304826818,0.2276902578,0.2252562985,0.2232149731,0.2213545938,0.2193626109,0.217467215,0.2157237262,0.2135980151,0.2108698238,0.207647357,0.204666222,0.2022192215,0.2001843502,0.1986206948,0.1972489151,0.1962021551,0.1954533441,0.1950872834,0.1950669352,0.1953412435,0.1994948376,0.199994645,0.2004128369,0.2006204654,0.2005098753,0.1999150827,0.1985640429,0.1961350197,0.1923006052,0.1864364363,0.1780450017,0.1665816744,0.1518798279,0.1337303661,0.1129518288,0.09203416286,0.07321533547,0.05805645441,0.04719592352,0.04031327786,0.03626702083,0.0339645764,0.03260648466,0.03180059903,0.03134110754,0.03116529597,0.03120545793,0.03140528502,0.03175802126,0.03226144222,0.03288142408,0.03361747798,0.03445773495,0.03538937192,0.03639935367,0.0375497637,0.03878119008,0.04014674611,0.04156894721,0.04307355052,0.04461900794,0.04627256908,0.0479830887,0.04966724194,0.05140296548,0.05311926986,0.05486975538,0.05657844167,0.05828595975,0.06005758583,0.06184512492,0.06368779375,0.06557701483,0.06759894123,0.06965119502,0.07169690429,0.07376195682,0.07581295898,0.07784758667,0.07985622191,0.08186034817,0.08383107597,0.08574839295,0.08760824313,0.08938075922,0.09102648349,0.09258398857,0.09402976665,0.09549105965,0.09683366503,0.09826210586,0.09952436625,0.1007605984,0.1019334914,0.1030924945,0.104238563,0.1053267723,0.1063208294,0.1072659199,0.1079631497,0.1085395176,0.1089056593,0.1090461982,0.1090102668,0.1086383707,0.1078557005,0.106664735,0.1048294455,0.1025143434,0.09983547027,0.09675806979,0.09359149452,0.09065884024,0.08798066709,0.08558688379,0.08341827246,0.08123074114,0.07870391327,0.07595755924,0.07351267974,0.07187764415,0.0711478344,0.07088933729,0.07063496584,0.06998136453,0.0685703567,0.06702218022,0.06520144202,0.06338042611,0.06194771657,0.06117645457,0.06019653312,0.0589456319,0.05801233531,0.05675433196,0.05558509217,0.05439818159,0.05334787355,0.05213097715,0.05102989271,0.04986594949,0.04879906156,0.04760360483,0.04678216619,0.0457519289,0.04464187644,0.04378728635,0.04277496911,0.04178827925,0.04081995726,0.03997458513,0.039021265,0.03823936574,0.03770827768,0.03693620894,0.03678507534,0.0358820492,0.03533380417,0.03552113027,0.03530160989
0.429770774,0.444213655,0.445794343,0.447267499,0.448981695,0.45063643,0.452316429,0.453770478,0.455135859,0.456311455,0.457236007,0.457980883,0.458473621,0.458987227,0.459145218,0.459253922,0.459182428,0.458918256,0.458542167,0.457929149,0.457116196,0.456124131,0.454968496,0.453599883,0.45180621,0.449205712,0.445047889,0.438512374,0.429478622,0.41888217,0.408532725,0.39992119,0.39354154,0.388999566,0.385499953,0.382448364,0.379378317,0.376387185,0.374034112,0.372792991,0.37260689,0.373424823,0.375007271,0.377318653,0.380310222,0.383547282,0.386556375,0.389123734,0.391325364,0.393201429,0.394806378,0.396089696,0.397077352,0.397683572,0.397845678,0.397693853,0.397071746,0.395954223,0.394361762,0.392205176,0.389303934,0.3855748,0.380957552,0.375244679,0.368562967,0.360906419,0.352420847,0.34349289,0.334461635,0.325739678,0.317486368,0.309632855,0.301809591,0.293303674,0.282889823,0.269221508,0.250984677,0.227829559,0.201264303,0.174697682,0.150824049,0.131614893,0.117182957,0.106875309,0.099594129,0.094417022,0.09074058,0.088168047,0.086436755,0.085394805,0.084861243,0.084720115,0.085052079,0.086001379,0.08766844,0.090047571,0.092940473,0.09627966,0.099984762,0.103941644,0.108152108,0.112546231,0.117094809,0.121756387,0.126445191,0.131227659,0.135948344,0.140607209,0.145220054,0.149755626,0.154218548,0.158586209,0.162757374,0.166785253,0.170618062,0.174355655,0.177967274,0.181427947,0.184820928,0.188075788,0.1911986,0.19419172,0.19702168,0.1996342,0.201998437,0.204083427,0.205812964,0.207475059,0.209210237,0.210712195,0.211698754,0.212143041,0.212116113,0.211680363,0.210654986,0.20866333,0.205539763,0.201431343,0.196862352,0.192196165,0.187895702,0.184201354,0.181180563,0.179089058,0.177576176,0.176279706,0.175404727,0.174883315,0.174049884,0.172302826,0.169847628,0.167506732,0.16570767,0.164537937,0.163780615,0.163261904,0.162927836,0.16283467,0.162987571,0.163316059,0.163829163,0.165232186,0.166192365,0.166933508,0.16734018,0.167522986,0.167271531,0.166486072,0.164912133,0.162249142,0.158025543,0.151767787,0.143108986,0.131946326,0.118157676,0.102438141,0.086378662,0.071328758,0.058575775,0.048778579,0.042117492,0.037952959,0.035529176,0.034043041,0.033187117,0.032679548,0.032459262,0.032458738,0.032641028,0.032968995,0.033425376,0.034049465,0.034740845,0.035491023,0.036354609,0.037371853,0.03845084,0.039580717,0.040812201,0.042101243,0.043445222,0.044814803,0.046242425,0.047675241,0.049077642,0.050485841,0.051895042,0.053249669,0.054552314,0.055835856,0.057113697,0.058374848,0.059761767,0.061162425,0.06261641,0.06410595,0.065604098,0.06710321,0.068584502,0.070000839,0.071447652,0.07276906,0.074189754,0.075481079,0.076707467,0.077877477,0.079046114,0.080085897,0.081075055,0.082051064,0.083054598,0.084034436,0.084876703,0.085632275,0.086394582,0.087171054,0.088048496,0.088875748,0.089655601,0.090350283,0.090947943,0.091397404,0.091658082,0.091709379,0.091526915,0.091113141,0.090312082,0.088997435,0.087252997,0.085090303,0.082773187,0.080216784,0.077555762,0.07502486,0.072822267,0.070952115,0.069214164,0.067462815,0.065435008,0.063305616,0.061141854,0.05981526,0.059200805,0.059391141,0.059730012,0.059598879,0.058868188,0.057705051,0.056357106,0.055031096,0.054042389,0.053594283,0.053162426,0.052451563,0.051870309,0.051029002,0.050215545,0.049355159,0.048641005,0.047745118,0.046896322,0.046098416,0.04517219,0.04450963,0.043892593,0.042905393,0.042101179,0.04115892,0.040472195,0.039672905,0.038813757,0.038169865,0.03736414,0.036631204,0.03594426,0.035528965,0.035487591,0.034886785,0.034168782,0.03414099,0.034123724
0.462570346,0.4847116914,0.4850102392,0.4855111894,0.4858507779,0.486286078,0.486731059,0.4870500608,0.4872868785,0.4874900699,0.487580786,0.487765218,0.4877887847,0.4877582692,0.487649154,0.4873630953,0.4870853584,0.4866696002,0.486212084,0.4855404626,0.4849988638,0.4842856446,0.4835431661,0.4826886964,0.4815857212,0.4802647307,0.4785403518,0.4760331675,0.4724846705,0.4682284309,0.4637887017,0.4598803663,0.4568453227,0.4546734045,0.4531371101,0.4519729259,0.4508763399,0.4497767499,0.4487117849,0.4478270941,0.4471575066,0.4468913706,0.4468730923,0.4471580986,0.4477229431,0.4485029787,0.4492437397,0.4499434741,0.4504228269,0.4509242568,0.4511886501,0.4513263712,0.4513443933,0.4512821167,0.4510905286,0.4506679726,0.4501584997,0.4494593532,0.4484935672,0.4473339938,0.4457733693,0.4437616648,0.4412808395,0.4383681011,0.4348386097,0.4307828101,0.4262033629,0.4212860141,0.4162197198,0.411258584,0.4065415388,0.4021350535,0.3976487344,0.3925919664,0.3861665794,0.3773733701,0.3648162556,0.3470904876,0.3242192866,0.2980724872,0.2711017947,0.2462052602,0.2250887627,0.2083418142,0.1955923417,0.185988846,0.1788638998,0.1737372506,0.17019018,0.1679609453,0.1666889787,0.1662438076,0.1665989199,0.1680482195,0.1707906746,0.1746947945,0.1794874069,0.1848647999,0.1906864785,0.196713184,0.2028972995,0.2090993973,0.2152381537,0.2212377783,0.2271419109,0.2328201491,0.2382856491,0.2434255492,0.2483497825,0.2529971652,0.2574162621,0.2616402989,0.2655348213,0.2692891701,0.2727802528,0.2760772013,0.279217466,0.2822779233,0.2852337326,0.2880965031,0.2908467529,0.2934627073,0.2959329747,0.2982398287,0.3003385688,0.3022311234,0.3038723647,0.3051927747,0.3060237789,0.3062321531,0.3060438588,0.3059060234,0.3063333453,0.3074016553,0.3085814896,0.309129267,0.308849649,0.3078150863,0.3062868583,0.3045323265,0.302616069,0.3006802352,0.2986495817,0.2965549091,0.2944903714,0.2923151809,0.2903037132,0.2889248809,0.2878138595,0.28609072,0.2836816956,0.280990069,0.2782001043,0.2756616077,0.2737173194,0.2722641366,0.2711231649,0.270389132,0.2701921234,0.2702869681,0.2705890986,0.2759779635,0.2765996147,0.2771846036,0.2776400407,0.2779209493,0.2779697132,0.2774711672,0.2760910821,0.2735118323,0.2692313747,0.2626756367,0.2531280485,0.2400603531,0.222459026,0.1997979247,0.173379101,0.1450059958,0.117298016,0.09316876659,0.07482793972,0.06228824533,0.05444930249,0.04974689619,0.04692735691,0.04537156798,0.04470326845,0.0446995379,0.04529739274,0.04645328566,0.04796891086,0.04989218225,0.05209346322,0.0545493223,0.0573037556,0.06027574149,0.06346047521,0.06685654339,0.07046277858,0.07410251451,0.07787123944,0.08159263238,0.08534530035,0.08894542766,0.09242001622,0.09578968843,0.09887898426,0.101776117,0.1044248595,0.1068993109,0.1091713757,0.1114022457,0.1136594778,0.1159276088,0.1182210877,0.1204489767,0.122604155,0.1246616814,0.1266128296,0.1285689765,0.1304343895,0.1322750191,0.1340012003,0.1355451384,0.1369512179,0.1383257364,0.1397435043,0.1413339082,0.1430737016,0.1449277592,0.1468989506,0.1487691818,0.1504654595,0.1519991098,0.1535719571,0.1551657089,0.1568517712,0.1586298523,0.1603935936,0.162083851,0.1638054317,0.1653638112,0.1668381199,0.1682130575,0.1692388926,0.1698227153,0.1697482355,0.1689008223,0.1672000223,0.1646616182,0.1617312988,0.1587141433,0.1558635103,0.1530664092,0.1502551601,0.1475838175,0.1451327552,0.1429705767,0.1407954877,0.138265725,0.1352181,0.1316983795,0.1281857856,0.1259316148,0.1253152944,0.1246290642,0.1230357457,0.1210293189,0.1189114026,0.1166324829,0.1144842152,0.1130210557,0.1118830753,0.1102591474,0.1082997339,0.1058887499,0.103640564,0.1010414472,0.09856391082,0.09591264685,0.09336503461,0.09076831165,0.0883280958,0.08535128393,0.08260373116,0.07974497548,0.07729719798,0.07471793347,0.07179530707,0.06951874848,0.06698544987,0.06457265864,0.06209430498,0.06033576764,0.05809518829,0.05620359057,0.05492857711,0.05348615856,0.05295698983,0.05189219991,0.05085675086
0.4367496987,0.4395131312,0.4402778048,0.440926193,0.4416349779,0.4423858241,0.4430311372,0.4435875316,0.4442558996,0.4446021691,0.4450740357,0.4454887887,0.445862205,0.4461027567,0.4463626296,0.4464594562,0.446509247,0.4465513844,0.4464694648,0.4462985297,0.4461437234,0.4456477756,0.4452111339,0.4446244054,0.4439374858,0.4428045365,0.4412031546,0.4387533726,0.435333683,0.4311090261,0.4267517609,0.422757595,0.4196475532,0.4174097456,0.4158116694,0.4145821713,0.413454559,0.4122940795,0.4112956175,0.4105971306,0.4102097348,0.4101088347,0.4103172719,0.4110255957,0.412305573,0.4139107062,0.4154363767,0.4167553719,0.4178532738,0.4188158705,0.4196071185,0.4202323052,0.420738765,0.4210589442,0.4211480698,0.421113596,0.4209824115,0.4206606786,0.4201558023,0.4193891997,0.4182311805,0.4166375324,0.4145483053,0.4118973345,0.4086789345,0.404819378,0.4003146568,0.3953768368,0.3901167134,0.3848805292,0.3798288033,0.3751061152,0.3704175301,0.3651123004,0.3585904569,0.3497969286,0.3372503208,0.3195596466,0.2966964482,0.2707445178,0.2441127205,0.2196528833,0.1988755399,0.1825809187,0.170324016,0.1612801512,0.154771139,0.1502220803,0.1472462378,0.1454711314,0.1445595213,0.1442904011,0.1447388589,0.146124501,0.1486115345,0.1522054236,0.1566159444,0.1616303326,0.1670108628,0.1725875418,0.1783817427,0.1842165442,0.1900785102,0.1958916548,0.2015406805,0.2070791554,0.2124628558,0.2175900296,0.2225214933,0.2272550336,0.2318454157,0.2361782045,0.2402831074,0.244149584,0.2477822249,0.2513010448,0.2547339252,0.2580486645,0.2613455896,0.2645604928,0.2676997944,0.270792741,0.273667406,0.2763944966,0.2788690432,0.2811063744,0.2831363986,0.2848698257,0.2862615279,0.2870954119,0.2874006082,0.2872104609,0.2867046658,0.2861674086,0.2856116505,0.2848594206,0.2836242235,0.2817703631,0.279438025,0.2769346614,0.2743538471,0.2715536141,0.2685150324,0.2654179688,0.2626692868,0.2602234074,0.2585570082,0.258256883,0.258456227,0.2577840078,0.2560567185,0.2537294104,0.2513096058,0.2494223623,0.2482962297,0.2477041525,0.2472582531,0.2469955562,0.2470590886,0.2474009828,0.248049927,0.2499516421,0.2508610719,0.2516958486,0.2523289492,0.2528442888,0.2531133688,0.2529156385,0.2519207468,0.2496845204,0.245767992,0.2395217382,0.23024091,0.2173448054,0.2000954394,0.1781368275,0.1527851738,0.1259962998,0.1004090263,0.0784831216,0.06220364129,0.05126080559,0.04450431614,0.04045074111,0.03805319282,0.0367840149,0.03624251215,0.03624106887,0.03679836339,0.03767264393,0.03896441586,0.04055526716,0.04239982369,0.04444535809,0.04675469721,0.04929270288,0.0519781151,0.05483281454,0.0578711228,0.06093882599,0.06410910021,0.06728093436,0.07047079964,0.07359756491,0.07658219106,0.07939217446,0.08194060223,0.08430564664,0.08634883812,0.08818127554,0.08990753217,0.09160484234,0.09345000639,0.09541104197,0.09748469287,0.09957901668,0.101621087,0.1036263301,0.1055341645,0.1074023604,0.1091503775,0.1109076669,0.1125892736,0.1142221849,0.1157056755,0.1170778055,0.1183666597,0.1196497003,0.1208950591,0.1223112738,0.123787826,0.1252530637,0.1266295376,0.1278918261,0.1292747487,0.1307425838,0.1323932204,0.1340450338,0.1357786536,0.1374646988,0.1390700377,0.1405703565,0.1418209893,0.1427681314,0.1432377746,0.1428900722,0.1417063396,0.139504125,0.1363940096,0.1326718544,0.1287037967,0.1245850553,0.1207933212,0.1173833081,0.1144064328,0.1121335697,0.110194235,0.1084144265,0.1063813363,0.1037207436,0.1005031598,0.0973454031,0.09475968422,0.09365083535,0.09400623382,0.09391524865,0.09268859767,0.0909431006,0.08889603523,0.08669365339,0.084865286,0.0838374583,0.0834139063,0.08247705571,0.08108150794,0.07946732849,0.07775894118,0.0760299006,0.0742094341,0.07274497548,0.07091188166,0.06917590267,0.06699102413,0.06487810784,0.06290370448,0.06085742436,0.05854457706,0.05644774652,0.05466253707,0.05261973347,0.0506656661,0.04885372812,0.04708595593,0.04572763873,0.04423514352,0.04296291909,0.04155854341,0.04098512055,0.04013214215,0.03956046298,0.0394077013
0.4945128375,0.4961347809,0.4973401753,0.4981858948,0.4994593885,0.5005111449,0.5015644891,0.5025669114,0.5034564907,0.5041300411,0.5047850795,0.5053321011,0.5057413519,0.506048873,0.5063280258,0.506357367,0.5063613516,0.5062250988,0.5060028966,0.5056264769,0.5052186224,0.5047610094,0.5041069974,0.5033793263,0.5022644596,0.5006932216,0.498290444,0.4946416686,0.4895558953,0.4837614452,0.477917835,0.4730028421,0.4694098894,0.4670214873,0.4654970856,0.4644415663,0.4634941411,0.4625242175,0.4616255586,0.4611277271,0.4609681896,0.4612098015,0.4617605323,0.4625909094,0.4635478591,0.4646806465,0.4657612244,0.4668020702,0.4678144193,0.4687070577,0.4695059135,0.4701275219,0.4706444761,0.470943735,0.4710704817,0.4708979459,0.4705768684,0.469978595,0.4689814386,0.4675721056,0.4656767818,0.4631824819,0.4601297474,0.4563857302,0.4518411221,0.4465741647,0.4405640887,0.4340993306,0.4273884446,0.420954164,0.4148673072,0.4092064421,0.4034777199,0.3970017376,0.3887521848,0.3774946023,0.3615508514,0.3394412632,0.311767774,0.2812719298,0.2510076576,0.224179229,0.2022751504,0.1854502262,0.1729891265,0.1638269902,0.157237415,0.1526747729,0.1496674351,0.1479184145,0.1470653308,0.1469804652,0.1476314801,0.1493402696,0.1522896225,0.156449507,0.1614892606,0.1671909151,0.1733833061,0.1797913371,0.186486362,0.1932332908,0.2000150052,0.2067914733,0.2135303131,0.2201493876,0.2266065227,0.2327320289,0.238722141,0.2445089201,0.250119918,0.2554866856,0.2605387232,0.2653130926,0.2698128165,0.2740846677,0.278187849,0.2821021161,0.2858646842,0.2895730378,0.2930781763,0.296470528,0.299614457,0.302607438,0.3053068938,0.3077558504,0.3099869988,0.3119084324,0.3134588425,0.3144473834,0.3149678103,0.3149176105,0.3144741777,0.3140175566,0.313784624,0.3136648132,0.3135518142,0.3129704141,0.3120919951,0.31093797,0.3095729506,0.3079384059,0.3059138394,0.3036557113,0.3013383999,0.2989698503,0.296875492,0.2948864187,0.2928441327,0.2905116238,0.2877550583,0.2848059884,0.2819364347,0.2793204019,0.2770682911,0.2752009687,0.2737513126,0.2728242253,0.2723621302,0.2723885369,0.2727626961,0.2748717437,0.2755435589,0.2761603653,0.2765182131,0.2765840648,0.2762665445,0.2753290788,0.2734286235,0.2701127194,0.2648175271,0.2568331194,0.2454246343,0.2300983838,0.2098855945,0.1846580333,0.1564456034,0.1273948277,0.1004733881,0.07819947614,0.06224603868,0.05190444296,0.04577384554,0.04225239403,0.04021161196,0.03913709792,0.03869997287,0.03880890079,0.03930382199,0.04016287874,0.04134301933,0.04276870431,0.04440712991,0.04629456165,0.04837508313,0.05070811704,0.05325952652,0.05602392833,0.05897109175,0.06205276478,0.06527519518,0.06857186723,0.071930338,0.0753196449,0.07862752423,0.08190664137,0.08506151942,0.08807468935,0.0908835303,0.09359006922,0.09620493067,0.09881344859,0.1015192292,0.1043008598,0.1071629564,0.1099252941,0.1126725908,0.1153324085,0.1178940772,0.1203726286,0.1226831732,0.1249583832,0.1271618511,0.1291808223,0.1311133131,0.1329295901,0.1346084445,0.1362692818,0.1378611807,0.1396213368,0.1415332836,0.1434738319,0.1453121555,0.1470065336,0.1487778809,0.1506164265,0.1525107334,0.1543092323,0.156116025,0.1579461167,0.1596528319,0.1612297684,0.1625070393,0.1635056409,0.1641557224,0.1642148198,0.1635892226,0.1621736101,0.1599901653,0.1572530616,0.1541286627,0.1509049204,0.147686803,0.144612229,0.1420840547,0.1399401318,0.1380423092,0.1362565991,0.1342220609,0.1318208972,0.1289928024,0.1260506894,0.1234418075,0.1213490277,0.1196894807,0.1176005052,0.1151476654,0.1127677915,0.1100491749,0.1073718483,0.1050582079,0.1030831209,0.1011634919,0.09912407417,0.09682854914,0.09472866905,0.09239486261,0.0900359603,0.0876579825,0.08532457685,0.08287674338,0.08053632755,0.07795832948,0.07551725193,0.07300179176,0.07052550382,0.06790220375,0.06551964439,0.06296354114,0.06060244911,0.05830606491,0.0564473412,0.054440692,0.05248596371,0.05088441682,0.04931060571,0.04798460816,0.04674683193,0.04611047135,0.04537429515,0.04456771921
0.5075774491,0.5100755306,0.5114026642,0.5128312768,0.5141795184,0.515458242,0.5168835953,0.5179645312,0.5190741141,0.5198873945,0.520687895,0.5211755896,0.5216810077,0.5222022239,0.522420006,0.5225161263,0.5226231818,0.5224135223,0.5221315032,0.5217192781,0.5211442751,0.5204989816,0.5196346962,0.5186901636,0.5173824301,0.5154350257,0.5123117678,0.5077369368,0.5014053791,0.4939489898,0.4867329642,0.480599113,0.4762169413,0.4733522046,0.4715382267,0.4702153372,0.4690950452,0.4679811729,0.4669688167,0.4663192416,0.4661402515,0.4664323534,0.4670762611,0.4681072907,0.4692998,0.4707353994,0.472070471,0.4733391134,0.4745009304,0.4756572679,0.4766270269,0.4774000085,0.4780018585,0.4783230737,0.4783687557,0.4782665387,0.4776753587,0.4768669726,0.4756768654,0.4738946825,0.4715221628,0.468385391,0.464562039,0.4599183137,0.4543608444,0.4478622981,0.4405873201,0.4327580562,0.4247786273,0.4170760766,0.4099008061,0.4032109623,0.3965121369,0.3889231539,0.3793534507,0.3662128521,0.3478129933,0.322851191,0.2923291349,0.259608395,0.2281172619,0.2011794118,0.1797644509,0.1637489247,0.1521098093,0.1437027824,0.1376897518,0.1335236228,0.1308292753,0.129232251,0.1284837729,0.1283952604,0.1290325171,0.1306477457,0.133429093,0.1373148199,0.142057855,0.1474573917,0.1533348128,0.1595182599,0.1659980201,0.1726213228,0.1793574473,0.1861217952,0.1928253241,0.1994408172,0.2059753202,0.2122708038,0.2184352138,0.2244655128,0.2303148176,0.2359221649,0.2412359413,0.246310255,0.2511439411,0.2557346137,0.2601647923,0.2643700481,0.2684205382,0.2723688978,0.2761374434,0.2797773852,0.2832143585,0.2864158932,0.2894050027,0.2921149789,0.2945246805,0.2966805849,0.298489751,0.2997667305,0.3004828086,0.300541986,0.3002904938,0.2999570683,0.2998699897,0.2998574305,0.2997810926,0.2992664207,0.298367954,0.2971663553,0.2957021014,0.2940044572,0.2918342517,0.289448043,0.2870043501,0.2845277522,0.2821500822,0.2800476729,0.2777955493,0.2750539931,0.2718966861,0.268653648,0.2653840793,0.2624056078,0.2599040571,0.2578019701,0.256245036,0.2551910503,0.2547103182,0.254744484,0.2551007818,0.2568131679,0.2574850394,0.2580832977,0.2584552034,0.2585063536,0.2580889386,0.256959717,0.2548057963,0.2511887468,0.2454848871,0.237009557,0.2250257298,0.2091642459,0.1887958439,0.1641790671,0.1375482807,0.1113109466,0.08819437766,0.07007634439,0.05787569758,0.0504621292,0.04627272656,0.04393030501,0.04262585369,0.04194132083,0.04164179773,0.04167838721,0.04196590367,0.04249640407,0.04323185386,0.04411966127,0.04518763619,0.04644782219,0.04784865674,0.04947725748,0.05122658518,0.05320183774,0.05534015583,0.05760786092,0.06003402119,0.06255784604,0.06517653511,0.06781223953,0.0704480196,0.07312474897,0.0757287039,0.07826519132,0.08072569181,0.0831096739,0.0854348537,0.0877749904,0.09018539425,0.09265240129,0.09517139259,0.09763600212,0.1000934344,0.1025176423,0.1048728457,0.1072492595,0.1094921723,0.1116925876,0.1138375741,0.1158194029,0.1177661877,0.1196006331,0.1213335483,0.1229867819,0.124645352,0.1264085151,0.1282479638,0.1301205839,0.131978506,0.1336341733,0.1352906855,0.1369829839,0.1387548736,0.1403837994,0.1419209203,0.1435275226,0.1450601482,0.1463865338,0.1475219334,0.1484206889,0.1489412999,0.1489846784,0.1483162312,0.1469856537,0.1450393122,0.1425486372,0.139797068,0.1368036528,0.1339737532,0.1313026531,0.1288756058,0.1269303995,0.1252005496,0.1235321162,0.1217249552,0.1194248553,0.1168472352,0.1141661469,0.1117127975,0.1096891714,0.1080020664,0.1063645498,0.1041296984,0.1017685117,0.09941292902,0.09716756509,0.09510565005,0.09322020577,0.0914488389,0.08956179202,0.08758199355,0.08561709232,0.08355071038,0.08147046122,0.07943286317,0.07733513361,0.07550996124,0.07328967631,0.07122416369,0.06913801762,0.06718311681,0.06531351286,0.0632461931,0.06134231443,0.05946140909,0.05779290519,0.05602324993,0.05433707441,0.05322297046,0.05161348085,0.05002164343,0.04935910546,0.0482686185,0.04722110093,0.04654198901,0.04639239541,0.04590323836
0.5678358443,0.5708407007,0.5722391607,0.5733471307,0.5746861814,0.5759600959,0.5770232123,0.5783197401,0.5790600399,0.5798720636,0.5805978167,0.5812944864,0.5819445307,0.58237468,0.5828809794,0.5831318662,0.5833822678,0.5835737346,0.583284529,0.5829049962,0.5826574738,0.5820685525,0.5814005723,0.5806406443,0.5796176033,0.5781956835,0.5755720491,0.5714779475,0.5658944107,0.5593605718,0.5529775507,0.5479733088,0.5441849417,0.5416018856,0.5398512038,0.5384229165,0.5371669701,0.535929914,0.5348654277,0.5342802066,0.5341562338,0.5345808622,0.5352218444,0.5363376677,0.5374581221,0.538729072,0.5398535674,0.5409494266,0.5420640458,0.5431340515,0.5440343816,0.5447639595,0.545354277,0.5457672228,0.5458769841,0.5457497417,0.5453970679,0.5447568793,0.5437074816,0.5422697038,0.5403792271,0.537836806,0.534450291,0.5302889056,0.5252562705,0.5193284328,0.5126770047,0.5056080331,0.4983035161,0.4913243683,0.4847794472,0.4785762251,0.4723463931,0.4650747897,0.455683271,0.4424511877,0.4235981197,0.3976161266,0.3654794201,0.3306548315,0.2968412182,0.2677122093,0.2443936222,0.2267619783,0.2137600416,0.2041236377,0.1971269095,0.1921534343,0.1888109713,0.186786766,0.1856721656,0.1853623988,0.1859434936,0.1877210857,0.1908542142,0.1951816478,0.2004884431,0.2064533216,0.212955862,0.2198621751,0.2271354421,0.2345567548,0.2421471551,0.2497931684,0.2574306153,0.2649351476,0.2722949637,0.2794692517,0.2865029505,0.2932438288,0.2998514642,0.3062086649,0.3121693665,0.3178650716,0.3232083202,0.3284771013,0.3335842599,0.3384346373,0.3430366652,0.3474763035,0.3517498887,0.3558167764,0.3595661825,0.3630967707,0.3664703376,0.3695035471,0.3723818904,0.3748874559,0.3771437917,0.379186786,0.3808980308,0.3821084895,0.3828647973,0.383347922,0.3835076516,0.38331825,0.3826334866,0.381552441,0.3799882559,0.3782934536,0.3765374728,0.3746416952,0.3726453078,0.3704879557,0.3682789731,0.3659049901,0.3633143984,0.3608442349,0.3582708746,0.3551511627,0.3518817089,0.3482763216,0.344701178,0.3413637943,0.3387840989,0.3366380366,0.3350496281,0.3341892738,0.3339827237,0.3342341575,0.3347959126,0.3395250023,0.3405539215,0.3415075465,0.3420738348,0.3423597343,0.3420089097,0.3406853232,0.3380941691,0.3335475638,0.326701401,0.316737841,0.3025459712,0.2838275398,0.259631807,0.2304745125,0.1992272721,0.1687544722,0.1420210733,0.1211860091,0.1069422513,0.0979868404,0.0926084363,0.08945112106,0.08764943373,0.08655485138,0.08604952508,0.08601899407,0.08635473105,0.08715243372,0.08830965707,0.08982341694,0.09151164624,0.09334787423,0.09527364116,0.09746055368,0.09985766128,0.1025267225,0.1054374076,0.1084244056,0.1115144176,0.1146251387,0.1178163814,0.1210833556,0.1244365896,0.127717928,0.1308198816,0.1338405761,0.1367258657,0.1395036914,0.1423508836,0.145336068,0.1485544933,0.1518689276,0.1553182929,0.1586427247,0.1618961395,0.1651699378,0.1684033572,0.1716964623,0.1750120263,0.178305924,0.1816411631,0.18477569,0.1878130746,0.1906347353,0.1933528855,0.1958809296,0.1980052732,0.2002231374,0.2022472309,0.2041422661,0.2059777028,0.2077112728,0.2096690796,0.2116555561,0.2137537798,0.2157129636,0.2175888603,0.2194072206,0.2209922219,0.2224773844,0.2237754075,0.2249173528,0.2256240116,0.2258928583,0.2254792973,0.2244257275,0.2225337936,0.2201685971,0.2171980527,0.2137884122,0.2101629203,0.2064045857,0.2028609443,0.199737204,0.1969124018,0.1943495917,0.1917351179,0.1889889285,0.1858095851,0.1824225594,0.1793569117,0.1769414874,0.1749165336,0.1726522641,0.1700507184,0.1671917273,0.1641496842,0.1611686644,0.1585635474,0.156048274,0.1537376342,0.1513992003,0.1490606204,0.1461723581,0.1437126269,0.1411393285,0.1385432289,0.1358848574,0.1335274803,0.1308726435,0.1280279838,0.1254262573,0.1226877242,0.1198718963,0.1171936875,0.1149814149,0.1122356197,0.109707334,0.1074925368,0.1045738915,0.1029425722,0.1007375327,0.09859034249,0.0969878225,0.095800871,0.09448544101,0.09307072554,0.09178441769,0.09208512408
0.458246612,0.458002466,0.459666534,0.461324744,0.463126142,0.4649974,0.466752277,0.46834767,0.46985047,0.471116822,0.472085327,0.472869082,0.473425589,0.473817826,0.474024999,0.474083192,0.474034312,0.473712822,0.473314084,0.472634145,0.471711513,0.47076665,0.469496322,0.468074136,0.466222922,0.46346916,0.459018542,0.452077946,0.442383404,0.431093416,0.420129134,0.411051618,0.404404586,0.399634554,0.396073969,0.3929814,0.389874829,0.3868049,0.384423445,0.38317003,0.38299241,0.383832987,0.385515753,0.387956416,0.391032451,0.394406856,0.397525654,0.400213061,0.4025399,0.404535122,0.406219137,0.40757171,0.408597548,0.409239853,0.409425392,0.409237972,0.408578469,0.407339156,0.405554053,0.403200877,0.400083283,0.396077489,0.391132911,0.385014408,0.377947101,0.369824489,0.360842474,0.351422013,0.341911025,0.33270029,0.324001038,0.315833937,0.307674404,0.298712951,0.287773716,0.273425529,0.254395193,0.230253939,0.202779671,0.175515427,0.151194809,0.131849955,0.117410134,0.107181141,0.100031439,0.094974372,0.091392386,0.088903175,0.08725537,0.086267795,0.085779122,0.085680308,0.086027718,0.086994598,0.088682192,0.091057597,0.093972094,0.097319531,0.101039344,0.105013397,0.109274003,0.113707834,0.118319206,0.123027715,0.127780961,0.132636944,0.137480461,0.142246943,0.146968428,0.151636047,0.156221448,0.160714103,0.165032553,0.169200494,0.173172163,0.177016444,0.180717194,0.184346728,0.187861351,0.191225638,0.194478029,0.197544812,0.200496238,0.20321248,0.205668296,0.207807834,0.209651482,0.211418947,0.213191521,0.214769486,0.21583088,0.216336491,0.216339101,0.21594369,0.214947704,0.213006547,0.209842045,0.205710936,0.201121969,0.196374633,0.192032329,0.188304131,0.185247898,0.18305119,0.181511904,0.180195252,0.179193154,0.178580717,0.177701502,0.17583873,0.173249853,0.170823454,0.168896475,0.167613416,0.16676198,0.166263365,0.165880287,0.165715588,0.165836447,0.166157689,0.166715628,0.167455837,0.16824013,0.168892094,0.169275071,0.169340811,0.169019813,0.168167317,0.166479417,0.163675026,0.159219904,0.152721412,0.143819697,0.132427474,0.118446399,0.102641807,0.086681997,0.071891598,0.059495559,0.050149707,0.043831495,0.039950949,0.037727446,0.036379237,0.035587161,0.035129719,0.034931437,0.03492178,0.035115495,0.035424299,0.035869662,0.036435895,0.037077626,0.037822767,0.038597204,0.039555656,0.040563994,0.041612622,0.042798076,0.043990202,0.045293357,0.046576165,0.047918069,0.049308298,0.050691639,0.052039895,0.053393058,0.054709828,0.055993567,0.057255964,0.058458017,0.059733563,0.061045365,0.06245417,0.063905644,0.065367459,0.066830786,0.068341353,0.069776549,0.071185214,0.072594231,0.073968103,0.075308589,0.076584514,0.077877239,0.079088319,0.080249892,0.081312526,0.082266817,0.083249349,0.084253011,0.085240658,0.086123804,0.086870429,0.087579848,0.088405821,0.089226944,0.090015262,0.090821895,0.091478444,0.092084934,0.092495759,0.09278052,0.092834514,0.092716804,0.092330516,0.091488178,0.090229603,0.088509499,0.086432111,0.084089932,0.081546176,0.079058292,0.076660872,0.074372154,0.072537837,0.070865218,0.069171855,0.067214497,0.065022685,0.063019308,0.061626031,0.06116698,0.061207158,0.061556305,0.061435902,0.06061867,0.059497459,0.058104296,0.056832719,0.055992698,0.055531467,0.055052525,0.054513329,0.053720026,0.052938664,0.05213571,0.051287535,0.050470635,0.049644862,0.048934486,0.048317999,0.047519325,0.046701464,0.04584154,0.045080215,0.044186118,0.043494193,0.042736256,0.041752115,0.041214406,0.040350161,0.039739356,0.039285925,0.0384579,0.037975455,0.037407569,0.036973113,0.036806534,0.036540467,0.036065957
0.5276147142,0.5326913632,0.5336756292,0.5349046947,0.5358189318,0.5369218636,0.5376678069,0.5384664893,0.5390393446,0.5397736202,0.54035163,0.540978878,0.5415811222,0.5421114652,0.5425844396,0.5427859543,0.542872782,0.5427740765,0.5425371641,0.5420820233,0.541581724,0.5409889564,0.5403201887,0.5394973197,0.5384839213,0.5369858091,0.5345317888,0.5308297824,0.5257137691,0.5197650846,0.5139550935,0.5091236194,0.5055921077,0.5031328349,0.5013643713,0.5000369543,0.4988209294,0.497554295,0.4963872587,0.495616048,0.4952812333,0.4953600902,0.4957336953,0.4964766866,0.4976178038,0.49892349,0.5002638602,0.5014190309,0.5024844367,0.50346226,0.5042760042,0.5049079722,0.5054755824,0.5057663439,0.505878673,0.5058116992,0.5053943655,0.50480017,0.5038514057,0.5025262921,0.5006834748,0.4981554182,0.494924747,0.4909364237,0.4861480044,0.480534178,0.4742263768,0.4674960888,0.460595125,0.4539534714,0.4477059101,0.4418630947,0.4359690136,0.4291880416,0.4202906149,0.4078934884,0.3901192783,0.3654951527,0.3347383666,0.3013061677,0.2685172788,0.2399421903,0.2168582626,0.1992146347,0.1859755766,0.1761054063,0.1687903346,0.1635209224,0.1598694989,0.157559969,0.1562642596,0.1558188058,0.156313116,0.1580550173,0.1611708402,0.1655345752,0.1708842044,0.1769503865,0.1835710555,0.1905329032,0.1978311362,0.2053041317,0.2128550625,0.2204501459,0.2279502294,0.2353561584,0.2425945703,0.2496171912,0.2564294638,0.2630341253,0.2694230389,0.2755144594,0.2813159384,0.2868341881,0.2920982407,0.2971545599,0.3019761059,0.3065524845,0.3109198658,0.3151284008,0.3191257483,0.3229109248,0.3264655669,0.3297476768,0.3328154003,0.3355752958,0.3382364897,0.3406164442,0.3426268436,0.3442688903,0.3453212487,0.3457850719,0.3457511889,0.3455014786,0.3452587771,0.3449792199,0.3445133726,0.3436767079,0.3425097609,0.341189769,0.3396267699,0.3377200239,0.3353705369,0.3328233157,0.3300965593,0.3271132566,0.3242003479,0.322098031,0.3204050696,0.3180787246,0.3149545882,0.3113948547,0.3078430013,0.304653771,0.3022794387,0.3005316972,0.2992168852,0.2983207887,0.2980519437,0.2982581898,0.2989107299,0.301591648,0.3025514603,0.3033791566,0.3039448913,0.3041838593,0.3038300052,0.3027036885,0.3003095764,0.2963026921,0.2900037501,0.2805464476,0.267243241,0.2494213309,0.2262720086,0.1978953384,0.1666754997,0.1352639763,0.1066316787,0.08335042995,0.06685360239,0.05627666437,0.04997901683,0.04622223629,0.04399445438,0.04265654216,0.04202555307,0.0419628483,0.04230792983,0.04308884872,0.04420850937,0.04564741436,0.04732226967,0.04930308384,0.0514138532,0.05381378176,0.05648574713,0.05936020412,0.06241052524,0.06562526949,0.06896074424,0.07239164668,0.07586281328,0.07938090906,0.08287839747,0.08633073967,0.08969887236,0.09301788714,0.09622426656,0.0993211385,0.1023826621,0.1054644995,0.1086700335,0.1119805577,0.1153389687,0.1187947653,0.122201137,0.1256011688,0.1289173355,0.1322751319,0.1355458307,0.1388189044,0.1420484016,0.1451193483,0.1481362288,0.1509390344,0.1535191972,0.1560237435,0.1584931424,0.1610790198,0.1634723253,0.1657747109,0.1679093368,0.1699731871,0.1721772574,0.1743099221,0.1763334466,0.1784496392,0.1804551796,0.1822995888,0.1839832244,0.1855052715,0.186732224,0.187683665,0.1882110593,0.1882396779,0.1874640987,0.1860891998,0.1839306395,0.1811647207,0.1778392046,0.1740376999,0.1701336652,0.1662079473,0.1626797889,0.1595549504,0.156696219,0.1541014502,0.151388451,0.1480885035,0.1442979448,0.1401948565,0.1363882507,0.1339680536,0.132963241,0.1315876546,0.1291714205,0.1261204025,0.122880035,0.1195235984,0.1164363666,0.1140346617,0.1121258311,0.1099563984,0.1074021826,0.1047674001,0.1018476582,0.09925797422,0.09664681467,0.09399770973,0.09138728798,0.08868321049,0.08597968219,0.08322486829,0.08051694257,0.07793973533,0.07514045578,0.07264701774,0.07002880079,0.06769612717,0.06491267368,0.06295673173,0.06085709175,0.05858278778,0.05678625688,0.05499670973,0.05361785218,0.05287123592,0.05157506924,0.05072188657,0.05057876291
0.5021257516,0.5062173982,0.5065849181,0.5072463947,0.5077565505,0.5081204274,0.5085551154,0.5088886365,0.5091217281,0.5092622906,0.5093945169,0.5095630857,0.5096240491,0.5096732437,0.5096534984,0.5095036966,0.5092050255,0.5089074054,0.5084031315,0.5078406937,0.5070998171,0.5063939216,0.5055674014,0.5046306194,0.5034749633,0.5021054345,0.500170123,0.4973922652,0.4935522168,0.4888884998,0.4841871872,0.4800629383,0.4768894292,0.4746696938,0.4732159254,0.4720919342,0.4709830563,0.4698700382,0.4689292461,0.4681368139,0.4675932976,0.4673165602,0.4673747047,0.4676746019,0.4683735625,0.4692299125,0.4699853578,0.4706393918,0.4712230765,0.4716563097,0.4719709316,0.4721205913,0.4722117318,0.4721905369,0.4719830196,0.4715532545,0.4710236917,0.4703125843,0.4693661828,0.4681492821,0.4665752791,0.4644963226,0.4619423984,0.4588406678,0.4551548965,0.4507949808,0.4458852867,0.4406099719,0.4351401791,0.4298315505,0.4248346642,0.4201237835,0.4153032397,0.4098791797,0.4029409491,0.3933735939,0.3797688386,0.3606425888,0.3362011404,0.3085121156,0.2801537216,0.2542040942,0.2323676724,0.2153056939,0.2025129839,0.1930631659,0.1862212158,0.1813891713,0.1781828885,0.1762334122,0.1752130453,0.1750027856,0.175627461,0.177336215,0.180369302,0.1846540339,0.1897979553,0.1955790005,0.2017552289,0.2081258612,0.2146308214,0.2211884295,0.2276344034,0.2339407524,0.2401483071,0.2460726098,0.2518488907,0.2572951587,0.2624746001,0.2673794807,0.2720927389,0.2766008767,0.2808227,0.2846962628,0.2883640266,0.2918941851,0.2952601177,0.2984905883,0.3015331613,0.3045354879,0.3073358146,0.3099222365,0.3124493765,0.3147707521,0.3169044448,0.3187513968,0.3204012185,0.3215793236,0.3222531129,0.3222620004,0.3218725608,0.3215872913,0.3219934001,0.323120411,0.3244103399,0.3250156775,0.3247445101,0.3237506284,0.3223441778,0.3205329855,0.3186874163,0.3167174165,0.3145667051,0.3122523457,0.3100111138,0.3077657975,0.3056974669,0.3042535249,0.3030759977,0.3012592331,0.2988235399,0.295926451,0.292971137,0.2903680939,0.288366946,0.2868461428,0.2855508267,0.2846490576,0.2842270473,0.2841813493,0.2843187286,0.2866851552,0.2872465585,0.2877501293,0.2880852475,0.2883009292,0.2882218211,0.2875586197,0.2859925765,0.2831620141,0.2785485699,0.2716293623,0.2615540775,0.2478253858,0.2294277439,0.205727899,0.1782469694,0.1487515025,0.1200902823,0.09514124124,0.07625185465,0.06335183408,0.05543515406,0.05073027534,0.04800938453,0.04655166117,0.04600622356,0.04613192084,0.04684159642,0.04807818544,0.04974098435,0.05175111379,0.05410079577,0.05673404947,0.05958153726,0.06273603262,0.06609347001,0.0696823332,0.07346090185,0.07727436291,0.0812105194,0.08515276569,0.08907138352,0.09292283523,0.09662009918,0.1001568437,0.1034300416,0.1065181362,0.1093503786,0.1119566728,0.1144479295,0.116808649,0.1192541253,0.1217383779,0.1242564185,0.1266811339,0.1290828596,0.1313743039,0.1335103318,0.135545539,0.1375151424,0.1394071649,0.1411353166,0.1426314946,0.1439626721,0.1451530703,0.1464631757,0.1479480277,0.1495903656,0.151426839,0.1532718304,0.1550702562,0.1567084633,0.1581004375,0.1596076508,0.1611482798,0.1627769164,0.1644706913,0.1661967801,0.1679052783,0.1695819746,0.1711761839,0.1726953991,0.1740727083,0.1752643625,0.175918688,0.1758905258,0.1749796581,0.1731980544,0.1707145394,0.1678794575,0.1651206654,0.162473592,0.1600201411,0.1575208029,0.1552698558,0.1532040951,0.1511323,0.1488527041,0.1460838656,0.1428689622,0.1393192609,0.1360006727,0.1337248381,0.1328522891,0.1318502387,0.1300151225,0.1276187174,0.1253385172,0.1229192321,0.1207615442,0.1190594466,0.1178076318,0.115953748,0.1138297201,0.1113715403,0.1088153784,0.1059846998,0.1032336578,0.1006491442,0.09796192386,0.09525751828,0.0924665681,0.08983082387,0.08672468521,0.08366073188,0.08097416995,0.07795822129,0.07528665398,0.07277918344,0.07004236879,0.06757982952,0.06517194653,0.06277641169,0.0607743588,0.05893444057,0.05732481164,0.05591069311,0.05464103894,0.05389618757,0.05301976377
0.5857101989,0.5867467481,0.5879363198,0.5892723237,0.5906813984,0.5918435639,0.593138603,0.5941857981,0.5952057872,0.5961852833,0.5968081736,0.597488477,0.598031469,0.5984308204,0.5987436869,0.5989368969,0.5990224636,0.5988724281,0.5985830707,0.598132791,0.597624097,0.5969296874,0.5962346974,0.5953692959,0.5941083506,0.5923913574,0.5896165427,0.5850553496,0.5786727351,0.5711897623,0.5638959099,0.5577232203,0.5532816536,0.5502809922,0.5481723167,0.5465523678,0.5451381141,0.543750574,0.54252154,0.541816457,0.5417070476,0.5420412893,0.5428719197,0.5440847143,0.5456052035,0.5471230603,0.5485512374,0.5498394152,0.5510614592,0.5522251907,0.5531489265,0.5539310337,0.5544935019,0.5548072594,0.5548503285,0.5546497897,0.5541151516,0.553314562,0.5520604094,0.5503350138,0.5480834878,0.545046068,0.5412277257,0.536471154,0.530842103,0.5242595227,0.5168093166,0.5088624877,0.5007849004,0.4928243925,0.4854508688,0.4785283838,0.4714406164,0.4634072682,0.4531160331,0.4388901695,0.4188797364,0.3915388153,0.3577409003,0.3212946183,0.2858534876,0.2551606102,0.230641001,0.2121687261,0.1985755181,0.1885099239,0.1812218248,0.1760273243,0.1724988227,0.1703928249,0.1692490529,0.1689261078,0.1695629116,0.1714524712,0.1747676583,0.1794044846,0.1850184676,0.19132639,0.1982175152,0.2054405798,0.2129902509,0.2207478472,0.2285552663,0.236381633,0.244106634,0.2517837861,0.2592843875,0.2665563584,0.273581323,0.2804114187,0.2870553742,0.2933360707,0.2993173855,0.3049832621,0.3103616553,0.3155740571,0.3205926212,0.3254918514,0.3301454081,0.334668164,0.33897939,0.3431512929,0.3471155524,0.3508114978,0.3542711035,0.3573316956,0.3601816086,0.3627707617,0.3652048108,0.3673216617,0.3689669721,0.37015384,0.3707189453,0.370816458,0.3703754709,0.3694974129,0.3679126608,0.365877649,0.3634446411,0.3609800756,0.3584332279,0.3557644634,0.3530506853,0.3501926014,0.3474774289,0.3449522879,0.3425105355,0.34027342,0.3379441198,0.3350847119,0.3318445764,0.3282709102,0.3249697921,0.3220065884,0.3194378226,0.3175207342,0.3160857205,0.3154329056,0.3152399152,0.3156312975,0.3163930136,0.3192626806,0.3205481705,0.3216009663,0.3223841442,0.3227351907,0.3224952319,0.3214768547,0.3191500638,0.3148622657,0.3080906109,0.2978977025,0.283502591,0.2643167203,0.2395730292,0.2092332447,0.1760607137,0.1428011598,0.1123571025,0.08745804188,0.06955863501,0.05776070542,0.05057684834,0.04618095414,0.04354251951,0.04197124752,0.0412380962,0.0411736331,0.04170358101,0.04269190732,0.04410986064,0.04587592898,0.04795208116,0.05032404447,0.05292752397,0.05583451942,0.0589085474,0.06221806793,0.06575083448,0.06938387258,0.07313017539,0.07694655056,0.08081602867,0.08465097432,0.08840733315,0.09206668167,0.09558802953,0.09898789608,0.1021713913,0.1051765836,0.1081840056,0.1112209379,0.1144904328,0.1179313206,0.1215670012,0.1252132058,0.1287850093,0.1322984873,0.1357202315,0.1390901504,0.1423101367,0.1455110021,0.1487375172,0.1519100562,0.155003668,0.1579295195,0.1606708097,0.1631141107,0.1653129497,0.1673871965,0.1694663696,0.1712838803,0.172939365,0.1745567815,0.1763087894,0.1781942859,0.1802661776,0.1823670541,0.1844118161,0.1864759009,0.1882413613,0.1896949331,0.1908626942,0.1915698701,0.1917157403,0.1912659704,0.1899896928,0.1881075578,0.185711901,0.1828675993,0.1796425684,0.1761292336,0.1722705955,0.168349919,0.1643572243,0.1608060045,0.1574246573,0.1543970235,0.1513593018,0.1482056461,0.1448563734,0.1415182387,0.1389102111,0.1368187963,0.1350587374,0.1329915314,0.1304785387,0.1275735389,0.1247189084,0.1217042755,0.1189209257,0.1167206379,0.1144466005,0.1120529961,0.1095284025,0.1070686659,0.1043588633,0.1017130521,0.09891341903,0.09629084094,0.09339770969,0.09065597518,0.08774329871,0.08481928991,0.08184001024,0.07901442426,0.07597088564,0.07305591379,0.07048659286,0.06768666765,0.06506056593,0.06239697605,0.06004303971,0.0583489043,0.05588918887,0.05429605434,0.05245522397,0.05131215211,0.05026679671,0.04903271722,0.04814375944
0.4345367069,0.437574945,0.4385390786,0.4395869537,0.4405856349,0.4414777256,0.4424120881,0.4431654631,0.4439362877,0.4444884886,0.4451518634,0.4456160899,0.4460892135,0.4464697492,0.4466986746,0.4469156291,0.4469363593,0.447000007,0.4467473425,0.4464745012,0.4461082721,0.4455680477,0.4449611465,0.444241722,0.4432605875,0.4418619008,0.4396692447,0.436303748,0.4314826821,0.4257626732,0.4199497525,0.4149522644,0.4111291434,0.4085499104,0.4067510224,0.4054245408,0.4041429833,0.402835793,0.4017125116,0.4009312986,0.4005107206,0.4004323306,0.4006971866,0.4015391051,0.4029607956,0.4047496324,0.4064712528,0.4080136576,0.4092962164,0.4104329506,0.4113599645,0.4121019647,0.4127250464,0.4130957382,0.4132255109,0.4131376666,0.4129184224,0.4124084377,0.4116334689,0.4103578896,0.4086714262,0.4064506047,0.4035805858,0.3999945936,0.3955979034,0.3904103905,0.384606877,0.3782642401,0.371571662,0.3650507557,0.3588519557,0.3531007966,0.3472988149,0.3407592355,0.3325804861,0.3215051327,0.3058902722,0.2844085603,0.2577712741,0.2288317214,0.2006582213,0.1760972139,0.1563941695,0.1416199891,0.1308902606,0.1231276352,0.1175822791,0.1137533061,0.1112489014,0.1098065335,0.1090884257,0.1089470732,0.109467674,0.1108599057,0.1132826918,0.1167138708,0.1209276639,0.1257074839,0.1308967214,0.1363642607,0.142080129,0.1479411787,0.1538733155,0.1597962781,0.1656830739,0.1715032192,0.1771897856,0.1826775659,0.1880321534,0.1931934374,0.1982362084,0.2030813108,0.2077021128,0.2120080875,0.2161585731,0.2201446812,0.2240028973,0.2277205619,0.2313689206,0.2349893643,0.2385176233,0.2418708523,0.2451041447,0.24812366,0.2509307067,0.2534807128,0.2557894213,0.257871656,0.259570133,0.2608048588,0.2615171432,0.2617930768,0.2616683867,0.2614417686,0.2611303028,0.2605498474,0.2594883655,0.257900164,0.2557713187,0.25332263,0.2507672185,0.2480173427,0.2451220078,0.2421793006,0.2393159794,0.2366057417,0.2345463836,0.233618696,0.2331085506,0.2318059608,0.2294840442,0.2266705504,0.2237366267,0.2212614201,0.2195280983,0.2183070155,0.2174841348,0.2168758485,0.2167125197,0.2168866258,0.2173361891,0.2188485918,0.2196146159,0.2202999061,0.2208472201,0.2211491643,0.2211234022,0.2204944124,0.2189183024,0.2160016908,0.2112608481,0.2039372202,0.1934294372,0.1793996233,0.161243331,0.1392806098,0.1154249056,0.09189377227,0.07110644649,0.05485110389,0.04380003631,0.03706657684,0.03319216969,0.03098718684,0.02970779405,0.02900759851,0.0287050174,0.02873729556,0.02901896667,0.0295211784,0.03021695518,0.03110068863,0.03214588278,0.03334028402,0.03469794009,0.03627464654,0.0379353548,0.03970955868,0.04170418723,0.04377797994,0.04596384518,0.0481782447,0.05050032982,0.05277861891,0.05502183113,0.05721639675,0.05931486433,0.06130479921,0.06314475686,0.06490465479,0.06658776504,0.06822397637,0.07000556291,0.07190071885,0.07384191855,0.07579044798,0.07771776296,0.07965519513,0.08151255846,0.08337872364,0.08518896698,0.08699151879,0.08878620432,0.09054472552,0.09219736522,0.09378875456,0.09532364959,0.09671460386,0.09813234357,0.09955139024,0.1011202838,0.1026092808,0.1039437748,0.1051978088,0.1065028943,0.1078948462,0.1093423168,0.1108170423,0.1122931921,0.1137434079,0.1150813921,0.1162782359,0.1172548199,0.1179544126,0.1182845004,0.1179732572,0.1169688587,0.1151581931,0.112671892,0.1096208167,0.1064012905,0.1031022186,0.0999846451,0.09704866996,0.09451097381,0.09219643132,0.09039346901,0.08872938208,0.08687961098,0.08454528908,0.08180281322,0.07894557223,0.07637878084,0.07511413294,0.07515213044,0.0748146533,0.07357763755,0.07202420068,0.07031182577,0.06831724728,0.06652622143,0.06534564612,0.0645749895,0.06360565475,0.06240950424,0.0609441402,0.05939563102,0.05787985628,0.05641600775,0.05504860482,0.0536082389,0.05194825585,0.05036483557,0.04897046427,0.0474859081,0.0459148206,0.04446605269,0.04278321469,0.0414417122,0.04011927393,0.03888109614,0.037496497,0.0361826616,0.03538710694,0.03413289595,0.03335966924,0.0327962527,0.03219859468,0.03137440271,0.03143362597,0.03121604267
0.5439304018,0.5460296674,0.547205533,0.5483108544,0.549539746,0.5506433988,0.5518522057,0.5528255282,0.5538983868,0.5545575414,0.5553869645,0.5559520137,0.5565159738,0.5567512495,0.5570216252,0.5571314213,0.5571484377,0.5569077427,0.5567157982,0.5563750772,0.5558617358,0.5552295634,0.5545735553,0.5536834107,0.552555246,0.5508998052,0.5482674284,0.5441906759,0.5383369567,0.5313865324,0.5241989182,0.5177999895,0.5126584833,0.5087253821,0.5057976981,0.5033730395,0.5009121598,0.4985659986,0.4964895531,0.4949990393,0.4941451649,0.4940066621,0.4945723252,0.4959309123,0.4979475607,0.5003068372,0.5025805899,0.5044607222,0.5060956172,0.5074681412,0.5086512587,0.5096062306,0.5103972296,0.5109078893,0.5112202112,0.5112008841,0.5109544855,0.5103916205,0.5093568655,0.5077526475,0.5055951247,0.5027358637,0.4991730877,0.4946977363,0.4893180758,0.4829785845,0.4758230497,0.4679627175,0.4599170463,0.4520488103,0.444627231,0.4376874412,0.4307545189,0.423084413,0.4135517938,0.4006671037,0.382507776,0.3573099017,0.325751188,0.2910781899,0.256597348,0.2259913519,0.2007263112,0.1810574163,0.1661981914,0.1549649808,0.1465802553,0.1404992486,0.1362122078,0.1334527903,0.1318241361,0.131092737,0.1312116225,0.1324258909,0.134885019,0.1385178748,0.1431015764,0.1484207071,0.1542587558,0.1604784111,0.1669965317,0.1736886916,0.180386115,0.1871442832,0.1938702158,0.2005335594,0.2071056437,0.2134497063,0.2195895208,0.2255254342,0.2312117537,0.236663175,0.2418591934,0.2467889185,0.2515876067,0.2562056185,0.2607207693,0.2650953561,0.2694466782,0.2737322062,0.2779283193,0.2819904127,0.2859233577,0.2896541582,0.2931767578,0.2963910184,0.2994002643,0.302179883,0.304581865,0.3065086632,0.3080195258,0.3090362625,0.3095874006,0.3095323962,0.3088944444,0.307612114,0.3054896191,0.3024783531,0.2988883019,0.2951215774,0.2915093274,0.2878781694,0.2842663855,0.2809185139,0.2779567169,0.2753507707,0.2734264983,0.2722538832,0.2710563355,0.2688298538,0.2657942141,0.2626498281,0.2597616759,0.2576217234,0.256166687,0.2552495767,0.2547392811,0.2547817594,0.2554179851,0.2564635522,0.2577727747,0.2583694478,0.2597780276,0.2610952065,0.2622446209,0.263087574,0.2635114169,0.2632390879,0.2618950923,0.2590072038,0.2539523671,0.2458937254,0.2341567643,0.2181705649,0.1971480363,0.1712526217,0.1427601852,0.1140348408,0.08793370831,0.06686331298,0.05209065844,0.04256950551,0.03697654039,0.0335976938,0.03153318,0.03030341787,0.02961818267,0.02942241649,0.02955297731,0.03001259957,0.03072341375,0.03169485316,0.03287485812,0.0342913392,0.03592005269,0.03777259987,0.03972834894,0.04182836803,0.0440308257,0.04626126827,0.04862553623,0.05114239945,0.05378952123,0.05646671221,0.05910536389,0.06171669051,0.06422281577,0.06655972337,0.06873816566,0.07078226128,0.07270856745,0.07458366318,0.07653341075,0.07853141534,0.08062950214,0.08275896144,0.08492910869,0.08711464236,0.08930026281,0.0914742458,0.09362115176,0.09585855999,0.09810263514,0.1003532803,0.1025881812,0.1047408988,0.1068197238,0.1088454736,0.1107739692,0.1126930053,0.1146131951,0.1165529912,0.1184359412,0.1203750087,0.122325706,0.12427789,0.1263042069,0.128284989,0.1303448845,0.1323524554,0.1342399095,0.1358651572,0.1371690687,0.1382879612,0.1388298456,0.1387191514,0.1377098618,0.1358032106,0.1330110622,0.1294575275,0.1254073708,0.1210119496,0.1164734492,0.1121685222,0.1083337717,0.1051375158,0.1023804174,0.09993192017,0.09740472667,0.09460771536,0.09161884107,0.08886338846,0.08688357997,0.08606585004,0.08560134375,0.08469645097,0.08298302315,0.08101098251,0.0788696876,0.07663097698,0.07486501297,0.07377664387,0.07252944652,0.07119197952,0.06978080467,0.06822103856,0.06661614702,0.06485369802,0.06305512873,0.06139488715,0.05950625464,0.05770909398,0.05574848792,0.054078399,0.05214682323,0.05038802451,0.04865481068,0.0468162883,0.04547082898,0.04373550614,0.04194966855,0.04041008512,0.03904140244,0.03805404368,0.03666323612,0.03558757669,0.03478507603,0.03400672994,0.03356192114,0.0331605379,0.03285054242
0.4338122436,0.4370189517,0.4379962429,0.4391796846,0.4403490301,0.4415770275,0.4425280319,0.4435407003,0.4445090615,0.4452681191,0.4459713953,0.4464790156,0.4470293299,0.4472327529,0.4474334331,0.4473971266,0.4474009662,0.4471984067,0.4468418441,0.4463798595,0.445829492,0.4451893952,0.4444921325,0.4436622432,0.4425906129,0.4408945664,0.4380151005,0.4336776982,0.4276047128,0.4205474314,0.4138160818,0.4083637335,0.4044750992,0.4017883736,0.3997664607,0.3979993932,0.3962098761,0.3944669052,0.3931940799,0.3926299934,0.3927244819,0.3933509367,0.3943784869,0.3959089251,0.3977608558,0.3996459554,0.4014080825,0.4029017401,0.4042664053,0.4054046865,0.4063941066,0.4071978752,0.4078188281,0.4082007462,0.4082928782,0.4080957971,0.4076150724,0.406722828,0.4054158461,0.4036612304,0.4013428413,0.3983918705,0.3947140508,0.3902281285,0.3849478201,0.3788623198,0.3720185479,0.364798556,0.3573964378,0.3502983932,0.343504166,0.3370574087,0.3305256413,0.3230558864,0.3133284636,0.3000754734,0.281767821,0.2574877551,0.2287500929,0.1990681622,0.1716529791,0.1492525048,0.13237507,0.1203438373,0.1119180583,0.1060097793,0.1018308714,0.09898216765,0.09714652359,0.09610638563,0.09566253694,0.0956884944,0.09632960035,0.09775540892,0.1000955234,0.1032907298,0.1071899379,0.1116328937,0.1164815025,0.1216977222,0.1272420393,0.1329740102,0.1388564248,0.1448891977,0.1509308843,0.1569789372,0.1629457965,0.1688160827,0.1745867558,0.1802240741,0.1857149011,0.1910232387,0.1961115132,0.2009845934,0.2056192242,0.210050776,0.2143605852,0.2184166658,0.2223616501,0.2261012056,0.2296532225,0.2330238041,0.2361714923,0.2390709975,0.2417749349,0.244145804,0.2463252896,0.2483348657,0.2501783465,0.2517556512,0.2528435377,0.2533873709,0.2533630602,0.2529434205,0.2520232748,0.2504935646,0.2481389103,0.2452108942,0.2418918931,0.2384013544,0.2351216435,0.2322341345,0.2296877052,0.2276223614,0.2257617276,0.2238730123,0.2220129103,0.2203809091,0.2184067495,0.2156956497,0.2125306067,0.2096472992,0.207272538,0.2053435034,0.2039685137,0.2027473672,0.2017658703,0.2011443668,0.2008645539,0.2009336199,0.2012747437,0.2033849327,0.2040085907,0.2045697338,0.2048570756,0.2048332485,0.2043870761,0.2031598356,0.2009469603,0.197320902,0.1917078634,0.1835732254,0.1723515883,0.1579586197,0.140029708,0.119400287,0.09855862261,0.07965879817,0.06424628688,0.05302251663,0.04580909104,0.041423138,0.03888764708,0.03745478302,0.03653164817,0.03602061585,0.03580031021,0.03582287174,0.03603586673,0.03645139527,0.03697275043,0.0376492738,0.03842646954,0.03931643656,0.04032913268,0.041463982,0.04265431541,0.04394301969,0.04535458475,0.04684876384,0.0484028503,0.0500156722,0.051685846,0.05339528539,0.05509649616,0.05684823875,0.05860156053,0.06034546848,0.06206092536,0.06372190862,0.06540426022,0.06714922699,0.06894092905,0.07083294241,0.07279805633,0.074799831,0.07678914517,0.07877352262,0.08076978647,0.0827819213,0.08473550266,0.0867052365,0.08862380261,0.09048753625,0.09230381973,0.09405803084,0.09570947822,0.0972536023,0.09867612388,0.1001425424,0.1015678327,0.1029231531,0.1042574196,0.1054791205,0.1066890347,0.1078874141,0.1090284735,0.110147571,0.1111953466,0.1121286681,0.1128717575,0.1134959597,0.1138535257,0.1140285914,0.1139771132,0.1135700892,0.1128021601,0.1115664839,0.1096941778,0.1071570191,0.1043210142,0.1011150415,0.09781130086,0.094761498,0.09190609274,0.08956399922,0.08747962032,0.085356729,0.08287986376,0.08016755835,0.07766436837,0.07614128141,0.0754857025,0.07543980126,0.0752949979,0.07455988717,0.07336284951,0.07177551263,0.07013716579,0.06841198172,0.06706833992,0.06626981154,0.06532024648,0.06428286178,0.06319651261,0.06218443907,0.0611452382,0.05998605002,0.05877817012,0.05757030211,0.05649219354,0.05531017897,0.05425468542,0.05317280509,0.05214977946,0.05136696984,0.050306518,0.04909352611,0.0482169788,0.04728074035,0.04618838313,0.04528691121,0.04441651204,0.04355917738,0.04269178507,0.04216356655,0.0415277422,0.04139371211,0.04114253275,0.04031725932,0.04029386193
0.4335550583,0.4361697464,0.4375004217,0.438523878,0.4398882222,0.4411116011,0.4421398883,0.4431286068,0.4440390701,0.4448877091,0.4454728079,0.4461660995,0.4464766368,0.4468254381,0.4469889809,0.4469054336,0.4467924798,0.4466139021,0.4462694002,0.4457644549,0.4451668992,0.4445304963,0.44375899,0.4428716854,0.4417627691,0.4399889607,0.4370753018,0.4324861803,0.4262309256,0.4188759484,0.4119223338,0.4063025743,0.4023190318,0.3996616529,0.3976567823,0.3958803074,0.3941186585,0.3923462315,0.3910968154,0.3904963774,0.3906155684,0.3911896861,0.3922731298,0.3937638635,0.3955545582,0.3974676958,0.3992012711,0.4006912626,0.4019951102,0.4031506663,0.4041019691,0.4049043025,0.4055217675,0.4058939638,0.4059641034,0.4057928021,0.4052497732,0.4042548765,0.4029118178,0.4010412779,0.3986134546,0.3954876504,0.3917064099,0.3870530429,0.3816110146,0.3752713703,0.3682882483,0.3608650962,0.3533105012,0.3460469616,0.3391309115,0.3325608083,0.3259351936,0.3182558777,0.3083698798,0.2948378056,0.276268183,0.2516240849,0.2226581923,0.1929632643,0.1657006524,0.1435936317,0.127098065,0.1153879916,0.1072437717,0.1015181401,0.09751068477,0.09477465644,0.09303405542,0.09202889507,0.09159620644,0.09162815155,0.09223049894,0.09360834191,0.09592762429,0.09902056802,0.1027963696,0.1071210954,0.1118935348,0.1170074636,0.1224364358,0.1280627177,0.1338878346,0.1398231371,0.1458063159,0.1517884925,0.1577487438,0.1635602433,0.1693067838,0.1749439796,0.1804122726,0.1857405574,0.1908050485,0.1957129098,0.200405283,0.2048737104,0.2091642522,0.2132478535,0.2171905455,0.2209831811,0.2245055151,0.2278997706,0.2310598543,0.233977445,0.2366346396,0.2390129815,0.2412008434,0.2432170135,0.2451544164,0.2467724617,0.2478773226,0.2484410275,0.2484828194,0.248081133,0.2472484167,0.2458026316,0.2435306039,0.2407750824,0.2375492892,0.2341426442,0.2309981663,0.2281664543,0.225711051,0.2236672088,0.221721777,0.2198025027,0.2179596119,0.216138425,0.2140258858,0.2112551851,0.2080325769,0.2050529919,0.2025733136,0.2006415288,0.1991192457,0.197792842,0.1967506572,0.1960305605,0.1956574281,0.1957172991,0.1961188166,0.1980912324,0.1987000352,0.1992534364,0.1994917674,0.1994519856,0.1989293975,0.1976710827,0.1953653313,0.1916315966,0.185927917,0.1777220433,0.1664507687,0.152062242,0.1343405608,0.1140605164,0.09377115628,0.07554884497,0.06093583035,0.0503871295,0.0436614118,0.03965892859,0.03736587177,0.03598652292,0.03513138129,0.03466422128,0.03448943658,0.03447220682,0.03466578926,0.03504410717,0.03555263152,0.03620056552,0.03687513199,0.03771376106,0.03862235802,0.03965337322,0.04076257296,0.04198560306,0.04328568595,0.04463111818,0.04610699619,0.04762398319,0.04917809096,0.05080314054,0.05242239911,0.05408923996,0.05568098926,0.05735268385,0.05898291971,0.06059044522,0.06226074127,0.06390822366,0.0656247837,0.06743719647,0.06933022894,0.07124027297,0.07318469593,0.07512473437,0.07708683428,0.07902590341,0.08096611332,0.08287658532,0.08480044171,0.08661665273,0.088423746,0.09011737098,0.09178671594,0.09332776425,0.09478908492,0.09620258256,0.09759853009,0.09895983061,0.1002393895,0.1014767374,0.1026252929,0.1038124232,0.1049402718,0.1060124439,0.1070256615,0.1078653122,0.1086616806,0.1091919015,0.1095617105,0.1097335629,0.1096597527,0.1092479679,0.1085273293,0.1072462209,0.1054515308,0.1031430181,0.1003805454,0.09733085084,0.09421846479,0.09120442089,0.08854971657,0.08633051504,0.0842835447,0.08225591594,0.07984626914,0.0772333145,0.07484532156,0.07333747997,0.07267729,0.07250736622,0.07227845165,0.07157380782,0.07029584272,0.06884616601,0.06723077897,0.06550918403,0.06425597034,0.06336491061,0.0623588564,0.06133396584,0.06040724643,0.05933544867,0.05838641002,0.05722051127,0.05618643089,0.0549567782,0.05386501396,0.05271707367,0.05167908625,0.05046920858,0.04976614997,0.04893321828,0.04795561067,0.04697040892,0.04596576253,0.04524318302,0.04417399452,0.04326304328,0.0425653375,0.04176951034,0.04113737363,0.040558692,0.04001740551,0.03957404648,0.03947671331,0.03880789011,0.03852856028
0.4371621305,0.440139549,0.4413742008,0.4424545634,0.4436675464,0.4448915809,0.4459073731,0.4469433918,0.4477540241,0.4484683226,0.4491397034,0.4497079632,0.4501040092,0.4504336302,0.4505268131,0.4505486928,0.450475925,0.4502539353,0.4499219423,0.4494048815,0.448867798,0.4481904117,0.4474544736,0.446558463,0.4454185959,0.4436936573,0.4407604648,0.4362460529,0.4300189735,0.4228399657,0.4159675511,0.4104757658,0.4065915217,0.4039880245,0.4021062689,0.4004292577,0.3987435761,0.3970984074,0.3958768525,0.3953087483,0.3954290746,0.3961027761,0.3971723623,0.398639847,0.4003778251,0.4022148619,0.4038704764,0.405353178,0.406638895,0.407741666,0.4087009533,0.4094714196,0.4100724549,0.410394117,0.410483673,0.4102526123,0.4097416504,0.4087675745,0.4074003857,0.4055210766,0.4031832664,0.4000999656,0.3963072976,0.3917506015,0.3863409604,0.3800917984,0.3731189351,0.3657606435,0.3582602949,0.3509686889,0.3440944756,0.3375104897,0.3308102219,0.3231105514,0.3131078249,0.2994013779,0.2805502046,0.2555610282,0.2259807641,0.1955932615,0.1676251863,0.1448658361,0.1278603161,0.1158358731,0.1074887509,0.1016710225,0.09761278778,0.09486486574,0.09311015283,0.09212688127,0.09173919829,0.09183211855,0.09249522664,0.09399185588,0.09640344781,0.09968355198,0.1037528084,0.1082977629,0.1133133929,0.1186822677,0.1243830886,0.1302895853,0.136360809,0.1425630707,0.1487787273,0.1549658889,0.1611381722,0.1671570629,0.1731289293,0.1789373752,0.1846080858,0.1900749779,0.1953042792,0.2003458316,0.2050786114,0.2096586444,0.214068319,0.2182454038,0.2222458783,0.2260768065,0.2296885809,0.2331306114,0.2363971198,0.2393955843,0.2420686657,0.2444775543,0.2467034403,0.2487719018,0.2506722619,0.2522225376,0.2533146894,0.2538142356,0.2537922169,0.2533760139,0.252526152,0.2509825538,0.2488089167,0.2460107887,0.2428549116,0.2394663152,0.2363189514,0.2335571093,0.2311321826,0.22901862,0.2270916927,0.2251065622,0.2231663949,0.2213218132,0.2191122208,0.2162639411,0.2129612169,0.2098937358,0.2073508415,0.2052833108,0.2036173486,0.202256902,0.2011517206,0.2003733703,0.1999896093,0.1999273578,0.2003275063,0.2017095448,0.2022994177,0.2027261047,0.2030217831,0.2029421237,0.2023828979,0.2010572276,0.1986547662,0.1947940338,0.1889313922,0.180433896,0.1687765784,0.1538557588,0.1354543323,0.1144115906,0.09323484784,0.07425798258,0.059042505,0.04815048231,0.0412782203,0.03719955267,0.03486319399,0.03349767432,0.03267433166,0.0322373342,0.03203633399,0.03206588934,0.03227901285,0.03266744219,0.03320723806,0.03386070908,0.03459247941,0.03542716477,0.03636295749,0.03739323241,0.03853584667,0.03977718505,0.04114293261,0.04252926182,0.04405895744,0.04559738225,0.04724112776,0.04890164233,0.05061761687,0.05233192278,0.05404592968,0.05572981856,0.05745153421,0.05917270049,0.0609302815,0.06264800702,0.06449805789,0.06634134225,0.06829942969,0.07031712759,0.07232043697,0.07435751706,0.07638896841,0.07841530318,0.08039916245,0.08239688448,0.08439147633,0.08623038925,0.08813541499,0.08992127439,0.09158383197,0.09319298762,0.0946843213,0.09616931735,0.09760098585,0.09902963744,0.100383468,0.1016682646,0.1029401352,0.1041488897,0.1053779201,0.106465929,0.1074843759,0.1084459821,0.1092150378,0.1098309878,0.1101609435,0.1103079996,0.1101991367,0.1098352686,0.1090795718,0.1077165829,0.1058221796,0.1033911946,0.1005813378,0.09745062604,0.09421049419,0.09117373179,0.08842868333,0.08608581393,0.08395812023,0.08182708747,0.07926942212,0.07653410591,0.07403301582,0.07248218674,0.07170271061,0.07151301537,0.07123759759,0.07047238196,0.06914228741,0.06758228937,0.06582216469,0.06402868746,0.06272355048,0.06171757237,0.06084925442,0.05983129828,0.05868786949,0.05758991103,0.05640014662,0.05524096124,0.0540727795,0.05296125116,0.05170196204,0.05062128323,0.04967073707,0.04838534545,0.0475793564,0.04672927166,0.04557075049,0.04451792157,0.04360774259,0.04265814439,0.04169250582,0.04046240486,0.0398066824,0.03892024706,0.0383767808,0.03775621677,0.0373955457,0.03686038613,0.03655768294,0.03601834457,0.03615808868
0.5093904364,0.512150516,0.5133454734,0.5147934934,0.5162186846,0.5175253959,0.5189155326,0.5201036778,0.5211055266,0.5220646202,0.5227145057,0.5234588671,0.523956098,0.5243416303,0.5246552665,0.5247703566,0.5247460164,0.5246639846,0.5242955644,0.5238933039,0.52329515,0.5226602442,0.5218464456,0.5209044173,0.5195370257,0.5175251537,0.5144299962,0.509793308,0.5034687941,0.4960992464,0.4888406807,0.4826626529,0.478153143,0.4751336653,0.4731906672,0.4717760279,0.4705547437,0.4692956346,0.4682088046,0.4675119291,0.4672806042,0.4675018496,0.4681423869,0.4691191583,0.4703298751,0.4716953063,0.4730724394,0.4743147021,0.4755152611,0.4766264712,0.4775598764,0.4783378507,0.4790063424,0.4794068453,0.47947363,0.4792975816,0.4788129161,0.4780170482,0.4767408019,0.4750653599,0.4726842391,0.4696254219,0.4658762032,0.4612268097,0.4556794548,0.4492112379,0.4419202523,0.4341046119,0.4260650267,0.418317403,0.4111431372,0.4043898263,0.3976390286,0.3900325174,0.3804359656,0.3672887998,0.3488658957,0.323875357,0.2932228964,0.2604429006,0.2288843257,0.2017985438,0.1802414322,0.1640322627,0.1521826543,0.1435225753,0.1372647186,0.1329445121,0.1300752163,0.1283448611,0.1274524427,0.1272791541,0.1278232976,0.1293486413,0.1320375395,0.135827611,0.1405026889,0.1457991984,0.1515667144,0.1576876351,0.1640925953,0.1706808586,0.1773291083,0.1840533154,0.1907224529,0.1973136851,0.2038009472,0.2100693041,0.2162309767,0.2222121423,0.2280568426,0.2336663379,0.2389503583,0.244019263,0.2488282613,0.2534171512,0.2578453141,0.2620307584,0.2661200863,0.270091175,0.2738835293,0.2775404557,0.2809661477,0.2841441762,0.2871105058,0.2897834755,0.2922351807,0.2943939503,0.2961490167,0.2974151461,0.2981255656,0.2982578323,0.2979796206,0.297669537,0.2975999434,0.2975914791,0.2974255462,0.2969410662,0.2960320543,0.2948524052,0.2934431919,0.2917069951,0.289591283,0.2872328632,0.2847299416,0.282245417,0.2799635284,0.2778078466,0.2754691451,0.2728080199,0.2697526629,0.2664310425,0.2631914141,0.260265413,0.2577655292,0.2556644068,0.2540922345,0.2530876755,0.2526488852,0.2526941868,0.2530078766,0.2561917234,0.2569120593,0.2575799104,0.2579509047,0.2580429918,0.2576577624,0.2566276073,0.2544887345,0.25094571,0.2452604325,0.2368654542,0.2249044796,0.2091675513,0.188849213,0.1642775253,0.1376149221,0.1113128377,0.08789315587,0.06953153133,0.05710226644,0.04950048527,0.04519615854,0.04279118778,0.04141487111,0.04067471475,0.04033461097,0.04035838402,0.04060822591,0.04111962412,0.04179075661,0.04267609808,0.04374280238,0.04495001779,0.04638000401,0.04796365552,0.04973695832,0.051677477,0.0537942433,0.05606823879,0.05847559246,0.06095622894,0.06353230893,0.06618145407,0.06880508187,0.07145526112,0.07406451826,0.07659499072,0.07907108678,0.08142536674,0.08378644236,0.08611808458,0.08854181167,0.0910132452,0.09351399091,0.09604683204,0.09854626881,0.1010041232,0.1033728977,0.1057318545,0.1079773136,0.1101864127,0.1123545495,0.1143594194,0.1163411012,0.1182173856,0.1199248353,0.1215799815,0.123207272,0.1249541982,0.1268348727,0.1287177185,0.1305391373,0.1322471488,0.1339007377,0.1356541188,0.1373602655,0.1390572857,0.1406810274,0.1422676154,0.1438053817,0.145114749,0.1462485887,0.1471161236,0.1476897379,0.147749682,0.1471553567,0.1458581288,0.1439089859,0.1414062042,0.1386601625,0.1357627822,0.1328829128,0.130149042,0.1277759188,0.1257895992,0.1239983491,0.1223248745,0.1205653291,0.1182916057,0.1156750565,0.1130120098,0.1104734277,0.1085263829,0.1068046471,0.1050696617,0.1029962849,0.1005493799,0.09827537595,0.09586444607,0.09376962209,0.09188565167,0.09006452289,0.08821385755,0.08634115133,0.08430435618,0.08220998721,0.08015510564,0.07799019229,0.07609468761,0.07404712428,0.07210982247,0.06998137796,0.06789253749,0.06590564527,0.06370357495,0.0619044964,0.0597308082,0.05822890287,0.05640102056,0.05474214445,0.05310428632,0.05142794595,0.04979325395,0.04901106436,0.04735575841,0.0464173947,0.04599271534,0.04497399483,0.04485657389,0.04442337357
0.5106230728,0.5131717593,0.5144424158,0.5158380161,0.517276868,0.5186427297,0.5198573843,0.5211499698,0.5220881944,0.5230891528,0.5237502479,0.5243999436,0.5249651928,0.5253262374,0.5256100284,0.5257590383,0.5257269582,0.5256695499,0.5253547318,0.5250447546,0.5245164479,0.5238133503,0.5231129742,0.5221187617,0.5208460334,0.5189231106,0.5159667554,0.5114556048,0.5054665748,0.4983556307,0.4913163734,0.4853147427,0.4809795553,0.4779798621,0.4760602652,0.4746723045,0.4734199698,0.4722164196,0.4710918315,0.4703903161,0.4701321925,0.4703806634,0.4709664148,0.4718404497,0.4730388684,0.4743975882,0.4757096689,0.477022485,0.4781361586,0.4792344632,0.4801408389,0.4809213105,0.4815354402,0.4819186548,0.4819992075,0.4818802754,0.4814436814,0.4806891013,0.4795205484,0.477807916,0.4755398813,0.4724918732,0.4688922191,0.4643659791,0.4590234122,0.4526549201,0.4455805136,0.4379334568,0.4301314147,0.4225654558,0.4154803307,0.4089228933,0.4023670916,0.3949126157,0.3855470436,0.372697364,0.3546425817,0.3300072182,0.2996195303,0.2668315249,0.235003542,0.2074754937,0.1853190422,0.1685679639,0.1562562028,0.1472144305,0.1406619299,0.1360994978,0.1330438171,0.1311665656,0.1302044638,0.1300176607,0.1305291336,0.1320436838,0.1347552597,0.138610169,0.1433499673,0.1487370248,0.1546236036,0.1608400867,0.1673478111,0.1740190921,0.180765258,0.1875503409,0.1942713734,0.2009354067,0.2074584944,0.2137730051,0.2200017621,0.2259948653,0.2317939843,0.2374105469,0.2426858413,0.2477458657,0.2525409266,0.2571085338,0.2615541511,0.2657451133,0.2698226026,0.2737674093,0.2775895888,0.2812090798,0.2846661549,0.2878615267,0.2908735602,0.2935409451,0.2959884565,0.2980931967,0.299870676,0.3011521138,0.3018277711,0.3018513367,0.3015757563,0.301234636,0.3010764102,0.3011053082,0.3009328394,0.3004423329,0.2995369655,0.2983352703,0.2968433965,0.2950726756,0.2929752022,0.2906400792,0.2881593334,0.2857032479,0.2834425804,0.2813292211,0.2791416315,0.2764703204,0.2734844247,0.2702455195,0.267096902,0.2642639782,0.2618188777,0.2597990019,0.2582457032,0.2572370512,0.2568647163,0.2569228894,0.2573179347,0.2601980487,0.2609776153,0.2616076947,0.2620685117,0.2622241507,0.2619148145,0.2609413272,0.2589255098,0.2554198825,0.2498324622,0.241455674,0.2295878102,0.2137850898,0.193314877,0.1683595209,0.1410812097,0.1139304022,0.08956405969,0.07025380163,0.05699063829,0.04878679974,0.04412721805,0.0414697221,0.03998029544,0.0391853816,0.03882252433,0.03883339867,0.03912610468,0.03966270032,0.04042913912,0.04139197093,0.0425446662,0.04385323897,0.04536539115,0.04708430154,0.04896554337,0.05098988518,0.05327568042,0.05565846707,0.05816704814,0.0608211852,0.06357575143,0.066335277,0.06909439022,0.071842708,0.07453206227,0.07718420848,0.07967777966,0.08212250437,0.08448668978,0.08687564713,0.08931286757,0.09181337472,0.09440469,0.09692413401,0.09943445471,0.1019364912,0.1043081573,0.1066633455,0.1089033796,0.1111304765,0.113254536,0.1153182101,0.1172775852,0.1190797606,0.1208032553,0.1224376343,0.1240807376,0.1258292924,0.1277512328,0.1296840335,0.1315379701,0.1332219427,0.1349997624,0.1367713094,0.1385781763,0.1403371846,0.1420543419,0.1437370064,0.145345561,0.1468127697,0.1480469643,0.1489970201,0.1496238989,0.1496925019,0.1490806834,0.1476799955,0.1456083372,0.1430366246,0.140225719,0.1371371503,0.1341653376,0.1313341015,0.1289099697,0.1269400824,0.1251788996,0.123487147,0.121661303,0.1193398262,0.1166156995,0.1139555867,0.1114474985,0.1095360527,0.1078302022,0.1061042368,0.1038742893,0.1014337579,0.09906298527,0.09666627689,0.09448874777,0.09249317717,0.09073531562,0.08885030032,0.08694257043,0.08485577474,0.08276161983,0.08067607348,0.07843663182,0.07646330328,0.0744125331,0.07222445223,0.07023582104,0.06796103782,0.06574655889,0.0637929222,0.06164616109,0.05949508351,0.05755656681,0.05580980525,0.05411102258,0.05230424008,0.05088429396,0.04926000044,0.04797137887,0.04689497964,0.0458040453,0.04504868385,0.04467495768,0.04375322682,0.04330776273
0.4356559318,0.4392085083,0.4401049485,0.4411512705,0.4421250384,0.4431118982,0.4439333553,0.444704619,0.44537062,0.4460054743,0.4464984507,0.4470193442,0.4475197297,0.4479441081,0.4481686871,0.4484189273,0.4485107718,0.4485362048,0.448297415,0.4479639798,0.4476237274,0.4470261598,0.4464042282,0.4456556574,0.4446201973,0.4432066746,0.4409740105,0.4374630796,0.4325619434,0.4267262819,0.4208186994,0.4157408009,0.4119010094,0.4092573214,0.4074845919,0.4061327371,0.4048622644,0.4035433171,0.402411495,0.4016066915,0.4011999609,0.4011026414,0.4014010326,0.4022254484,0.4036233232,0.405486076,0.4071894499,0.4087164371,0.4099800619,0.4110970812,0.4120551287,0.4127964506,0.4133866033,0.4137645671,0.4138465567,0.4137507485,0.4134810949,0.4129755894,0.412187568,0.4109326784,0.409235321,0.4069822118,0.4040676061,0.4004371131,0.3959878257,0.3907652633,0.3848226886,0.3783744798,0.3716024059,0.3650102527,0.3587355091,0.3529201908,0.3470289533,0.3403989095,0.3321110277,0.3208681719,0.3050811558,0.283415729,0.2565308889,0.2274095015,0.1990932188,0.1744487111,0.1547239654,0.13996665,0.1293159718,0.1216083989,0.1161561213,0.1123995096,0.1099514311,0.108554659,0.1078619227,0.1077450808,0.1082892736,0.1097290846,0.1121941739,0.1156659695,0.1199253872,0.1247068957,0.1299664519,0.1355034904,0.141245504,0.1471452137,0.1531190095,0.1590966297,0.165011211,0.1708482958,0.1766117379,0.182132447,0.1875165187,0.1927358289,0.1978141111,0.2027067485,0.2073239875,0.2116963968,0.2158738097,0.2198613243,0.2237223708,0.2274713442,0.2311600995,0.2347612688,0.2383111842,0.2416583838,0.2448822922,0.2479166066,0.2506922057,0.2532301824,0.2555371425,0.2576209678,0.2593388551,0.2605732174,0.2612421807,0.2614860304,0.2614047866,0.2611901461,0.2608715018,0.2602859877,0.2592237843,0.2576031717,0.2554488041,0.2530087405,0.2504022263,0.2476722752,0.2447713648,0.2417859738,0.2388991817,0.2361842577,0.2340781965,0.2331494795,0.2326409823,0.2312761069,0.2289854059,0.2261430072,0.2231276703,0.220614264,0.2188553461,0.217690164,0.216802589,0.2161582816,0.2159969895,0.216122033,0.2165523706,0.2176496398,0.2184308836,0.2190369558,0.2195875491,0.2198337792,0.2197657386,0.2190797105,0.2174903494,0.2145596063,0.2097236804,0.2022934585,0.1916813587,0.1775384293,0.159283914,0.1372262314,0.1133064509,0.08980554158,0.06913930036,0.05307232325,0.04219608434,0.03561551567,0.03179250153,0.02967178645,0.02844922846,0.02776704866,0.02751155671,0.0275253867,0.02780130856,0.02830641896,0.02900844348,0.0298901169,0.0308943725,0.03207495916,0.03344885989,0.03496197127,0.03662852515,0.03841391339,0.04029565157,0.04236934886,0.04450942977,0.04674272933,0.04901502991,0.05129630042,0.05354649279,0.05572322286,0.05781242138,0.0598350457,0.06167682574,0.06341723164,0.06512966668,0.06677215361,0.06857793824,0.07042522394,0.0723806469,0.07433013946,0.07629214396,0.07823621239,0.08013732295,0.08196240091,0.08378627299,0.08558149844,0.08738869744,0.08912076273,0.09079431815,0.09238606798,0.09390606536,0.09532277601,0.09675386504,0.09817198282,0.09972610436,0.1011793391,0.1024777571,0.1037264572,0.1049959368,0.1063681467,0.1078542446,0.1092759907,0.1107713915,0.1121892562,0.1135069535,0.1146997972,0.115677362,0.1163571624,0.1166452734,0.1164008142,0.1153468162,0.1135608564,0.1110647628,0.1080618671,0.1048551783,0.101538675,0.09846465643,0.09555390213,0.09292527129,0.09068163212,0.08879134274,0.08723915238,0.08532671959,0.08299327252,0.08023287496,0.07743859794,0.07485455789,0.07364098107,0.07358238179,0.07329705932,0.07201387814,0.07039427589,0.06859078713,0.06669075786,0.06495720559,0.06382612625,0.0630483631,0.06209062372,0.06073980475,0.05932222061,0.05776190382,0.05608874592,0.05470585948,0.05328262254,0.05171064384,0.05023589357,0.04885845118,0.04731145504,0.04579750771,0.04426499355,0.04267925602,0.04113704812,0.03967011603,0.03828091686,0.03705156504,0.03593554211,0.03465086118,0.0334425553,0.03264376462,0.03180498291,0.03108562992,0.03012585884,0.03008688356,0.02959124164,0.02937084126
0.5592193094,0.5628255851,0.5641606472,0.5656425422,0.5670774048,0.5685447417,0.5696982937,0.5709476021,0.5720587056,0.5730811428,0.5739176581,0.5748726744,0.5754593887,0.5759592478,0.5764158125,0.5766257524,0.5765753654,0.5764210677,0.5760355584,0.5755867536,0.5749611191,0.5741591326,0.5732748138,0.5722064564,0.5707268119,0.5684690817,0.5650256625,0.560095773,0.553495169,0.5456920991,0.5377408047,0.5306648831,0.5251107294,0.5211322411,0.5183253738,0.515953363,0.5138842956,0.5118300386,0.510157724,0.5089491482,0.5083488605,0.50840128,0.509212533,0.5105985017,0.5124886344,0.5144772982,0.5163335986,0.518121335,0.5196273148,0.5209691783,0.5220857397,0.5229893631,0.523643334,0.524202,0.5244713117,0.5245153892,0.5241505642,0.5234620387,0.5223054767,0.5206303906,0.5182972138,0.5151576262,0.5111372435,0.5061050551,0.5001577289,0.4930785949,0.4850547854,0.4764087914,0.4675718398,0.4589409142,0.4509556423,0.4434934357,0.4360464799,0.4278638214,0.4177926063,0.4042273159,0.3853203066,0.3594121564,0.3272982256,0.2921761638,0.2574659095,0.2267478223,0.2016102201,0.1822111461,0.1677467582,0.15703778,0.1492271781,0.1437312139,0.1400152584,0.1377402014,0.1365223776,0.1361335033,0.1365298051,0.137946099,0.1405492076,0.1443394574,0.1490791015,0.1545092358,0.1604717625,0.1667025442,0.1732115744,0.1798319266,0.1865182025,0.1931831859,0.1997052069,0.2061051171,0.2123167767,0.2182684969,0.2240232142,0.2295066976,0.2348084956,0.2398352526,0.2446501546,0.2493483071,0.2538844804,0.2582546621,0.2625131025,0.2667022784,0.2708725588,0.2749644331,0.2789821418,0.282879085,0.2866705802,0.2903168033,0.2936900476,0.2968299908,0.2997393577,0.3023958958,0.3046918819,0.3064717501,0.3075378472,0.3077869057,0.3074483584,0.3070181455,0.3068111951,0.3067662086,0.3063444295,0.3051545379,0.3034052023,0.3013720199,0.2991846647,0.2967669885,0.2939628976,0.2911700877,0.2883404284,0.2856464363,0.2832249824,0.2810331951,0.2787667509,0.2762005123,0.2733524274,0.2705335502,0.2678820612,0.2655299905,0.2637266179,0.2621628358,0.2610614324,0.2604685025,0.2604570247,0.2609688773,0.261910757,0.2634967959,0.26465217,0.2657562464,0.2666312585,0.2672704661,0.2674982579,0.2671154526,0.2657451346,0.2629337788,0.2580359766,0.2502905519,0.2390294675,0.2237110524,0.2035196809,0.178475762,0.1506039576,0.1220311844,0.09556074043,0.07359710055,0.05782129114,0.04758505802,0.04145376573,0.03786656287,0.03577435622,0.03464607122,0.03408026646,0.03403071607,0.03439917359,0.03512386235,0.0361463816,0.03741944704,0.03891973725,0.04065297359,0.04259152127,0.04480773281,0.04721377483,0.04977017931,0.05249785769,0.05529034029,0.05820458207,0.06117474739,0.06414048443,0.06707318448,0.06985978561,0.07253767703,0.07499937612,0.07729605696,0.07942469667,0.0813891974,0.08324608102,0.08503698707,0.08682362594,0.08867160406,0.09054566732,0.09235988898,0.09417299531,0.09596119538,0.09777710397,0.09959517353,0.1013662513,0.1032162737,0.1051090918,0.1069907547,0.1088014483,0.1105820764,0.1123328308,0.1140976798,0.115817462,0.1177655161,0.1198604821,0.1220505857,0.1243137421,0.126486261,0.1286853985,0.1308458638,0.1330925336,0.1353408281,0.1375621809,0.1396709653,0.1417115668,0.1435226013,0.1450845248,0.1463539496,0.147322385,0.1477534853,0.1474815523,0.1465266352,0.144664192,0.1420080825,0.1386601611,0.1348471589,0.1308592727,0.1267476716,0.1227374947,0.1190195697,0.1158482626,0.11309824,0.1108222894,0.1086288733,0.1062297883,0.1038217469,0.1019631276,0.1007934889,0.09988558347,0.09855641356,0.09672058497,0.09463463314,0.09250227252,0.09014881009,0.08838504791,0.08694184821,0.08552612392,0.08388759674,0.08220684838,0.08039370893,0.07853961759,0.07646133153,0.07455279013,0.07243289161,0.07034536328,0.06829155289,0.06614988606,0.06386749916,0.06178389393,0.05954308239,0.05722157678,0.05523273733,0.05342234586,0.05130006259,0.04921954497,0.04763933568,0.04602961656,0.04468641897,0.0433217727,0.04193124477,0.0414305133,0.04030982358,0.03986013647,0.03915909891,0.03869764114
0.459244649,0.459138225,0.460766292,0.462284451,0.464105965,0.465931363,0.467645302,0.469173999,0.47052033,0.471733183,0.472665358,0.473351311,0.474019242,0.474493693,0.474763333,0.474915228,0.474866932,0.474617909,0.47428341,0.473599397,0.472758937,0.471685181,0.470453194,0.469021332,0.467158156,0.464414694,0.460052948,0.453161752,0.443650371,0.432495464,0.421648859,0.412630229,0.406000254,0.401257943,0.397674892,0.39455952,0.391472942,0.388371698,0.386003714,0.384710732,0.38447595,0.385297307,0.387005754,0.389397744,0.392495911,0.395850673,0.398969509,0.401624931,0.403888343,0.405890388,0.407547991,0.408894024,0.409915757,0.410505459,0.410729965,0.410516541,0.409896646,0.408744095,0.407041113,0.404784978,0.401774281,0.397867856,0.393009592,0.386995901,0.379990265,0.371963694,0.363106525,0.353753212,0.344304683,0.335189624,0.326575735,0.318458281,0.310354276,0.301508817,0.290643277,0.276376641,0.257425684,0.233282612,0.205786096,0.178328581,0.153749703,0.134073101,0.119326658,0.108838292,0.101494293,0.096246987,0.092548461,0.08996822,0.088260621,0.087224371,0.086700367,0.086572877,0.086926002,0.087906525,0.08963509,0.092054035,0.095027251,0.098434828,0.102232665,0.106285008,0.11061271,0.115147929,0.119810159,0.124580449,0.129401489,0.134305314,0.139241742,0.144029038,0.148819311,0.153515051,0.158159066,0.162674172,0.167045858,0.171241318,0.175218279,0.17910801,0.182859292,0.186459869,0.189983566,0.19338595,0.196639309,0.199732853,0.202670266,0.205386498,0.20784124,0.209992284,0.211806926,0.213588046,0.215389959,0.216942936,0.21801275,0.218542742,0.218531285,0.218110353,0.217079745,0.215087059,0.211889303,0.207765883,0.203115744,0.198347192,0.19400389,0.190218547,0.187123982,0.184988546,0.183420543,0.182066213,0.181118617,0.180550667,0.17969677,0.177784476,0.175265602,0.17281966,0.170918085,0.169621652,0.168803126,0.168341547,0.167975867,0.167851079,0.167940624,0.168295945,0.168880625,0.169186355,0.170060875,0.170797988,0.171183735,0.17131719,0.171047136,0.170232116,0.168534893,0.165759996,0.161330273,0.154778831,0.14583036,0.134289003,0.12013784,0.104057336,0.087680992,0.072438271,0.059649425,0.049881628,0.043319159,0.039184801,0.036826396,0.03541296,0.034541089,0.034058702,0.033846749,0.033823523,0.034017351,0.034368151,0.034843205,0.035418035,0.036112464,0.036898298,0.037703669,0.038678325,0.039756479,0.040861659,0.04212127,0.043352552,0.044688399,0.046056412,0.0474663,0.048914874,0.050333737,0.051747233,0.05315653,0.054539273,0.055828483,0.057109163,0.058411392,0.059695484,0.061065315,0.062469184,0.063980331,0.065490356,0.066990127,0.068528264,0.07001088,0.071459072,0.072880999,0.07432691,0.075701333,0.077028487,0.078265296,0.079540232,0.080747647,0.081824421,0.082793115,0.083810918,0.084849199,0.085815418,0.086713358,0.087465314,0.088211091,0.089033217,0.089891183,0.090755256,0.091550377,0.092288516,0.092877807,0.09331038,0.093568489,0.093643532,0.09345831,0.093104331,0.092308119,0.09096074,0.089222953,0.087100831,0.084705776,0.082101737,0.0794201,0.076992009,0.074732587,0.072791415,0.071077703,0.069357951,0.067212352,0.065010704,0.062992744,0.06159845,0.061022467,0.061127764,0.061422057,0.061242133,0.060468105,0.059293828,0.057854973,0.05653914,0.055658155,0.055181244,0.054625095,0.054122634,0.053256575,0.052513865,0.051598547,0.050872264,0.050044715,0.049021731,0.048310321,0.047463566,0.046739246,0.045752513,0.045160107,0.044106356,0.043407277,0.04270421,0.042026455,0.04107617,0.040273689,0.039534345,0.038499404,0.037821826,0.037415527,0.037249626,0.036591916,0.035784115,0.036017927,0.035358064,0.035107613
0.5010552631,0.4983399038,0.4992764844,0.500452152,0.5012715892,0.5020403985,0.5028462904,0.5035507387,0.5041320134,0.5046667769,0.5050555569,0.5050964626,0.5055240004,0.5058455297,0.5062426746,0.5065648098,0.5069442993,0.507085657,0.5074146066,0.5072695136,0.5070890749,0.5066935423,0.5061380494,0.5056157385,0.5047230493,0.5033357709,0.5013823822,0.4981371786,0.4936788773,0.4884598153,0.483076298,0.4783899112,0.4751007758,0.473096009,0.4718672844,0.4711223249,0.4702327592,0.4695688849,0.4689688598,0.4687454114,0.468806657,0.469244203,0.4698059029,0.4707876722,0.4718112403,0.4728807783,0.4738637671,0.474748326,0.4757254311,0.4765640655,0.4773778353,0.4779370644,0.4783400537,0.4785378061,0.4786761842,0.4785770967,0.4781699106,0.4775243661,0.4767613782,0.4757184615,0.474255048,0.4724602494,0.470162048,0.467153672,0.4633903176,0.4588510786,0.4534546392,0.4475651112,0.4414078412,0.43524081,0.4293015224,0.4236995489,0.4179751462,0.4116379483,0.4036058746,0.3926835557,0.3771793596,0.3558872567,0.3291173341,0.2991800314,0.2689704521,0.2417843228,0.2193842815,0.2023970299,0.1902075516,0.1816888722,0.1758946981,0.1721906344,0.1700189425,0.1689597751,0.1685690335,0.1687870185,0.1697433348,0.1716775884,0.1749152515,0.1793569036,0.1847654428,0.1906690201,0.1970856144,0.2036247121,0.2102828975,0.2169720088,0.2236220967,0.2302643242,0.2366321795,0.2428253026,0.2488290868,0.2545392553,0.2599986146,0.2651918396,0.2702929961,0.2751214525,0.2795804833,0.2838103717,0.2878060978,0.2917469279,0.2954755912,0.2991651655,0.3026990944,0.3060869495,0.3094416629,0.3127324183,0.3157741756,0.3186450665,0.3213953887,0.3237665648,0.3261011554,0.3280512334,0.3297471453,0.3310522165,0.3318235227,0.3319544095,0.3319492668,0.331975672,0.3322125152,0.332362756,0.3321227015,0.3310497616,0.3294359358,0.3274195138,0.3255223425,0.323631315,0.3216008804,0.3195466367,0.3177144049,0.3158160966,0.3139477244,0.3120035916,0.3098225289,0.3072960984,0.3046318734,0.3019276608,0.2991913181,0.2965919886,0.2943685692,0.2925080909,0.291092183,0.2900365674,0.2895062257,0.2894648176,0.2898043687,0.2862810612,0.2875388619,0.2885074804,0.2890611049,0.2894544652,0.2895214838,0.2888175854,0.2873157249,0.2842927657,0.2793743881,0.2718079785,0.2607266566,0.2456102736,0.2253756888,0.2001156693,0.1718839877,0.1427742444,0.1156140339,0.09306638275,0.07679449169,0.06614037857,0.05991851663,0.0564163274,0.05449972907,0.05360482938,0.05336612705,0.05367264014,0.05442403063,0.05572083285,0.05731026757,0.0592484654,0.06139246616,0.0638391111,0.06650923157,0.06948386873,0.0725978906,0.07594116327,0.07945749789,0.08311895502,0.08690172002,0.09057401169,0.09434436629,0.09798150721,0.10143271,0.1047248763,0.1076698689,0.1103770149,0.1128423115,0.1150913002,0.1173053369,0.1193861504,0.1216699603,0.1239570522,0.1262774826,0.1284364421,0.1305374027,0.1325379773,0.1344715513,0.1363716933,0.1382346738,0.1400015045,0.1416659361,0.1432243935,0.1447545379,0.1462026918,0.147572976,0.1486957684,0.1498712125,0.1511034313,0.152457961,0.1539380407,0.1553916885,0.1566715318,0.1580166985,0.1595334103,0.1613157983,0.163010658,0.1647768213,0.1667377661,0.1686284976,0.1703556169,0.1719985293,0.1734120908,0.1745598286,0.1752395734,0.1750072696,0.1741774901,0.1726946985,0.1705416051,0.1679032347,0.1651001095,0.1623280093,0.1593245471,0.1564079122,0.1536607579,0.1511645157,0.1488096751,0.1468740238,0.1447216643,0.1422926675,0.1395620255,0.1372040949,0.1351929367,0.1335857072,0.1319285631,0.1300517543,0.1278040783,0.1256725541,0.1233522172,0.1214942307,0.1198297583,0.1185592245,0.1167713682,0.1149027873,0.1124676505,0.1103176275,0.1082383872,0.1058687672,0.1031982981,0.1006969097,0.09805884938,0.09496817746,0.09238721505,0.08936816039,0.08677633834,0.08354986348,0.08086918094,0.07805782653,0.07576770572,0.07324092196,0.07095978409,0.068319284,0.06625771406,0.06491570541,0.06231825237,0.06071383072,0.059938414,0.05846140239,0.05805647002,0.0568422302
0.4735197705,0.4774665182,0.4785618872,0.4798117973,0.4809743522,0.4821397409,0.4831843163,0.484169899,0.485004478,0.4858367397,0.4865382087,0.4872301204,0.4876072245,0.4879694438,0.4881845668,0.4883761434,0.4882700067,0.4881639004,0.4879111879,0.4875085363,0.48693041,0.4863017028,0.485559337,0.4846837625,0.4834782509,0.4817289248,0.4789447019,0.4747550913,0.4688211549,0.4618628248,0.4547793276,0.4488510378,0.4444144278,0.4413498277,0.4391189935,0.4373177225,0.4355175459,0.4337673755,0.4323588271,0.4315829941,0.4314513523,0.4318243717,0.4326732541,0.434021114,0.4357346538,0.4375441776,0.4392863472,0.4407969063,0.4421322579,0.4433241203,0.4442947253,0.445080983,0.4456251559,0.4460642416,0.4461648179,0.4460502306,0.4456093172,0.4448669303,0.4437198432,0.4420999611,0.4399613997,0.4371420767,0.4336325615,0.429319471,0.4241231667,0.4180463851,0.4112506635,0.4039167052,0.3964012034,0.3891452281,0.3823350203,0.37598517,0.369550029,0.3622271703,0.3528451295,0.3402876966,0.3230685501,0.2999264865,0.2719362073,0.2423720347,0.214092606,0.1900168596,0.1710274121,0.1570142939,0.146959625,0.1397830493,0.1346578586,0.1311578454,0.1288317415,0.127405605,0.126702757,0.1265342001,0.1269459929,0.1282416734,0.1304853546,0.1336756563,0.1376379498,0.1420776357,0.1469690067,0.1521072649,0.1574542984,0.1629674083,0.1685970192,0.1742492151,0.1798571765,0.1854337915,0.1909183921,0.1961955892,0.2013682555,0.2063503083,0.2112199618,0.2158777654,0.2202939023,0.2245273359,0.2285820132,0.2324660873,0.2362068284,0.2398065968,0.2433062685,0.2467277418,0.2500498692,0.2531945489,0.2561947755,0.2589871582,0.2614878613,0.2637643762,0.2657585096,0.2675569664,0.2691648697,0.2703528066,0.2710311133,0.2711776553,0.2710992973,0.2708905826,0.2704145169,0.2693338063,0.267310143,0.2644926947,0.2612686213,0.2580389431,0.2550548535,0.2523057743,0.2497259213,0.2474514917,0.245533581,0.2438529237,0.2424172963,0.24126007,0.2399130109,0.2379062835,0.2353869807,0.2327550154,0.230281153,0.2282473451,0.2266764641,0.225657498,0.2249016966,0.2244017179,0.2242557231,0.2244804036,0.2249987689,0.2263742765,0.2270996219,0.2277482546,0.2282800191,0.2285699802,0.2284333912,0.227736697,0.2260603416,0.2230621936,0.2182236554,0.210976668,0.2008014081,0.1875174283,0.1705431221,0.1500826584,0.1282475465,0.1071116917,0.08839813148,0.07352212726,0.06298411934,0.05611738153,0.0518597869,0.04932807547,0.04779250529,0.0469069367,0.04652849786,0.04654113858,0.04684077919,0.04741700696,0.04823626617,0.04929423788,0.05048508604,0.05184808074,0.05334689497,0.05501491856,0.05676263376,0.05862742647,0.06057741598,0.06255770291,0.06466569153,0.06677982622,0.06894141578,0.07110016375,0.07325690794,0.07535568407,0.07735233762,0.07926079119,0.0810353602,0.08274197005,0.08436636857,0.08599166703,0.08767456678,0.08934691256,0.09108393229,0.09287029296,0.0946313203,0.09642252884,0.09816041739,0.09982411838,0.1014600729,0.1030788461,0.1046822725,0.1061610804,0.1076548152,0.109045514,0.1103688636,0.1116321515,0.1128865649,0.1141325899,0.1154792184,0.1167407906,0.1179162523,0.1189511888,0.1200342527,0.121172566,0.1223629054,0.123588959,0.1248468018,0.125894205,0.1269496981,0.1279151997,0.1286731912,0.129201137,0.1294731179,0.1292528707,0.128486686,0.1271024609,0.1250761535,0.1224521211,0.1195975196,0.1164098257,0.1132942196,0.1104190645,0.107759256,0.1054277978,0.1034050382,0.1014779208,0.09944611058,0.09712358665,0.09488948082,0.09300781827,0.09164875551,0.09114905605,0.09097661685,0.09048448337,0.08933126689,0.08791309196,0.08632045149,0.08463517311,0.08340037468,0.08254940757,0.08171742327,0.08066355237,0.07951022259,0.07818315328,0.07685971936,0.07558149088,0.07406591998,0.07269558078,0.07128520835,0.06990907032,0.06851795177,0.0669807085,0.06548102197,0.06388864457,0.06262416184,0.06125081328,0.05983515114,0.05856715502,0.05739528714,0.05608374596,0.05463704663,0.05357929963,0.05245763705,0.05147308601,0.05088664233,0.05025246961,0.0494293008,0.04901129525,0.04880457298
0.5615070666,0.5647829038,0.5662400835,0.5678240025,0.569293181,0.5707236541,0.5721868837,0.5733796153,0.5745682841,0.575647407,0.5764950104,0.5773493383,0.5780188641,0.5785150928,0.5789659143,0.5792445977,0.5792716072,0.5790416628,0.5786682143,0.5782283231,0.5776030975,0.5768111585,0.5759667526,0.5749144449,0.5732915985,0.5709765551,0.5675058676,0.562354231,0.5555748225,0.5477150273,0.5396106825,0.5323736305,0.5266085423,0.5223980137,0.5192857184,0.5168507023,0.5144781839,0.5122796634,0.5104918807,0.5092214293,0.5085581488,0.5086476123,0.5094862224,0.5109084341,0.5127888241,0.5148780643,0.5167988913,0.5185679604,0.5201756645,0.5215844546,0.5227113714,0.5236587537,0.5244845276,0.525046345,0.5253009359,0.5253842724,0.5250746689,0.5243791867,0.5232343086,0.5215338487,0.5191293933,0.5159179922,0.5117881563,0.5066450819,0.5005144911,0.4932847124,0.48509049,0.4763201419,0.4672429683,0.4585311818,0.4504092235,0.4427552409,0.4352471762,0.4269839237,0.4168711524,0.4032102828,0.3841969577,0.3580716518,0.3255801253,0.290089613,0.2549626943,0.223898374,0.1983732373,0.1786150068,0.1638113617,0.1527598917,0.1446374444,0.1388164882,0.1348512408,0.1323602037,0.1309385402,0.1303735631,0.1306339047,0.131938359,0.1344145387,0.1380319997,0.142633772,0.1479082753,0.1537432671,0.1598959486,0.1662902059,0.1728599573,0.1794863288,0.1861448522,0.1926682925,0.1990806187,0.205312955,0.2113073074,0.2170821934,0.2226444278,0.2280172027,0.2331636343,0.2380630589,0.2428244684,0.247345235,0.2518127931,0.256162275,0.2603976219,0.2646146196,0.2687561914,0.2728213519,0.2768323381,0.2806703469,0.2842617035,0.2876761177,0.2908628249,0.2937582784,0.296452736,0.2987816255,0.3006682433,0.3016869004,0.3019133122,0.3014596473,0.3008831779,0.3006365447,0.3005213015,0.2999884603,0.298822794,0.2970608036,0.2950799864,0.2929646937,0.2905282536,0.2877117529,0.2848991093,0.2820824697,0.2793835244,0.2769553502,0.2748643162,0.2726710616,0.2702337278,0.2675454029,0.2647833899,0.2621954266,0.2599921445,0.2582401803,0.2567496987,0.2558098118,0.2553092611,0.2553838937,0.2559721301,0.2569716411,0.2585943908,0.2597383218,0.2608678984,0.2618025266,0.262461179,0.2628205899,0.2624425113,0.2611154222,0.2582830166,0.2534079285,0.245719649,0.234480057,0.2191851082,0.198971947,0.1739525594,0.1461234391,0.1176922834,0.09131027429,0.06953565747,0.05393059177,0.04382602956,0.03776962866,0.03423858576,0.03211596191,0.03093607469,0.03033447974,0.03023584965,0.03048913482,0.03111974432,0.03199658082,0.0331672602,0.03453450007,0.03610800109,0.03792582785,0.03996899324,0.04218762461,0.04454984982,0.0471113315,0.04978606549,0.05254100321,0.05530597691,0.05814487048,0.06094156199,0.06359729089,0.06616648547,0.06856830491,0.07078866695,0.07283432186,0.07473298632,0.07648649187,0.07827483231,0.08009419918,0.08192419659,0.08382782314,0.08574215525,0.08758183364,0.08946469667,0.09126527177,0.09309760202,0.09494241361,0.09678243789,0.0986914751,0.1005385284,0.102355063,0.1041107373,0.1057863706,0.1074642665,0.1091515332,0.1109659295,0.1129829168,0.1151438329,0.1172219208,0.1193087707,0.121467006,0.1236014181,0.1258190161,0.1280653221,0.1303223408,0.1324607125,0.1344710187,0.1363107515,0.1379140876,0.1392845296,0.1402421987,0.1407800145,0.1405837144,0.139616603,0.137716222,0.1350747168,0.1318444596,0.1280110485,0.1239817992,0.119852515,0.1158734498,0.1124144192,0.1092725896,0.1066784405,0.1044525139,0.1021890313,0.09982449192,0.09745623921,0.09574243135,0.09453679588,0.09362519451,0.09222025706,0.09050006921,0.08841873694,0.0860532962,0.08387268742,0.08199222676,0.0805937486,0.07919975914,0.07754828181,0.07586941185,0.07400104195,0.07220197976,0.07031910188,0.06825664683,0.06627167752,0.0643425498,0.06222920335,0.06005338517,0.05806943705,0.05593527075,0.05377123383,0.05174434639,0.04983371871,0.04786936221,0.04568822575,0.04392796102,0.04206302573,0.04071506691,0.03925964641,0.03808132573,0.03678912239,0.03591171316,0.03513508068,0.034456257,0.03404848367,0.03336166969
0.5020071,0.502607146,0.5029727543,0.5034313922,0.5040250887,0.5043472394,0.5048405048,0.5051294466,0.5054116185,0.5056357676,0.5058235453,0.5059789973,0.5061186439,0.5060208326,0.5060714761,0.5057497709,0.5055224105,0.5051490514,0.5046552921,0.5041715614,0.5035983885,0.5029749287,0.502153044,0.5013212852,0.5003419634,0.4990781329,0.4973112357,0.4949264051,0.491546978,0.4874528576,0.4831255767,0.4793356957,0.4763633405,0.4742560269,0.4726894012,0.4715401907,0.4704513625,0.4693163511,0.4682867558,0.4674717394,0.466862948,0.4664829487,0.4664587068,0.4667613695,0.4674473285,0.4682197093,0.4689328376,0.4696147297,0.4701639541,0.4705912259,0.4708606216,0.4710517105,0.4711286829,0.4710836176,0.4708343451,0.4705275953,0.4700321671,0.4693970026,0.4684849939,0.4672869309,0.4658114761,0.4638550054,0.4614181833,0.4585158214,0.455132849,0.4512170631,0.4467164156,0.4419028442,0.4368954298,0.4319980999,0.4273498988,0.4229273163,0.4184953266,0.4135354114,0.4071924631,0.3984286756,0.3858909849,0.3680179473,0.3449007146,0.3182226084,0.2903807686,0.2644077564,0.2420327465,0.2241592644,0.21046516,0.2000624211,0.1923790954,0.1867942883,0.1829521784,0.1804986357,0.1791366638,0.1786521809,0.1790170923,0.1805904637,0.1835027902,0.1876565247,0.1927597001,0.1984585429,0.2046249924,0.2109669634,0.2175221433,0.2240281478,0.230471401,0.2367775448,0.242908133,0.2487984237,0.2544557807,0.2597531063,0.2648487171,0.269654645,0.2742022071,0.2785262734,0.28253495,0.2863104421,0.2899123221,0.2933515645,0.2966229749,0.299766746,0.3028067651,0.3057869757,0.3086642169,0.3114307122,0.314021231,0.316417327,0.3186712378,0.3207331904,0.3223997101,0.3237335982,0.3245458978,0.3247524438,0.3244775064,0.3243351999,0.3248185379,0.3260259225,0.3273084688,0.3279511718,0.3277178329,0.3266175733,0.3249877942,0.3231144033,0.3211253109,0.319170203,0.3170531944,0.3148982086,0.3127740571,0.3105668027,0.3085877255,0.307338108,0.3062822867,0.3046986802,0.3023168727,0.299648811,0.2968470511,0.2943949387,0.2925765623,0.2912082047,0.2902083584,0.2896414225,0.2894288635,0.2897319533,0.2901173582,0.2893192295,0.2902444545,0.2910481927,0.291696359,0.2920990261,0.2922702664,0.2919313703,0.2907341789,0.2883296288,0.2841552317,0.2776965642,0.2681250565,0.2548147584,0.23671063,0.213134311,0.1853552061,0.155026153,0.1249499121,0.09825212742,0.07760924305,0.06328633851,0.05421198833,0.04869113643,0.04541640436,0.04358974747,0.04279299406,0.04281822359,0.04353287956,0.04483253843,0.04662487136,0.04883519173,0.0513604885,0.05424532041,0.05738122825,0.06076819125,0.06444349478,0.06828316575,0.07235349161,0.07650642571,0.08070981513,0.08489024184,0.08904593896,0.09303035746,0.09685279912,0.1004804339,0.1038214804,0.1068824329,0.1096958331,0.1122357895,0.1146321179,0.1169031531,0.1192291969,0.1215419425,0.1238889903,0.1261454408,0.12833718,0.130466815,0.1325210854,0.1344559117,0.1363392326,0.1381543521,0.1398997057,0.1414210057,0.1428138478,0.1441017475,0.1455519768,0.1472100365,0.1490262347,0.1510005081,0.1531281934,0.1551411425,0.1569995165,0.1586748631,0.1603223318,0.1621522214,0.164008129,0.1659868897,0.1680012768,0.1699908341,0.1718374595,0.1736739013,0.1753895686,0.1769279052,0.1781288137,0.1788773576,0.1788836651,0.1780189113,0.1762024881,0.1734374704,0.1701657097,0.1668037432,0.1636886677,0.1606158694,0.1576083904,0.1548060964,0.1522207206,0.1497996388,0.147492064,0.1449226947,0.1415342036,0.137751337,0.1339911747,0.1316190297,0.1309841644,0.1303288078,0.128700962,0.1265904637,0.1244015814,0.1221265297,0.1197745919,0.1181604031,0.1171356628,0.1155213707,0.113299342,0.1108060832,0.108278775,0.1054570128,0.1026654995,0.09993964999,0.09700803398,0.09427744266,0.09137713452,0.08844805359,0.08522233797,0.0821569867,0.07931195255,0.07595470986,0.07305202781,0.07020111123,0.06764593853,0.06481557168,0.0624792839,0.06010812527,0.05820476135,0.05615717121,0.0548072289,0.05283810429,0.05188523358,0.0508311022,0.05054301785
0.5482184476,0.5519172342,0.5534195009,0.5550498618,0.5569273049,0.558547278,0.5598381916,0.5612236607,0.5624873012,0.5634021417,0.5643492769,0.5651734868,0.5658343953,0.5664103858,0.5666734103,0.5668509307,0.5668769006,0.5666622011,0.5661952008,0.5656693916,0.5649170726,0.5641344297,0.5630616788,0.5618744852,0.5603028204,0.5577944229,0.5539771322,0.5483291558,0.5407674476,0.5320214854,0.523282753,0.5156603374,0.5097926209,0.5057148312,0.5027988677,0.5004765094,0.4982527954,0.4962082653,0.4944934539,0.4932259532,0.4926703805,0.4928157291,0.4936812103,0.4951290864,0.4970765138,0.499108833,0.5010664503,0.5027635578,0.5043340237,0.5057708353,0.5069281073,0.5078678144,0.508571547,0.5090330426,0.5092721788,0.5091497247,0.508671548,0.5078074554,0.5064267935,0.5044793995,0.5016992557,0.4980737447,0.4935303556,0.4879741334,0.4813959563,0.4736405291,0.4649292666,0.4556468215,0.4461338975,0.4370321461,0.4285868618,0.4207559862,0.4129596025,0.4042838766,0.3935642909,0.3791368743,0.3591011114,0.3321117576,0.2991418591,0.2639366581,0.2299401004,0.2005908579,0.1770991403,0.1594150757,0.146414863,0.1369180557,0.1300498499,0.1252288914,0.1220019033,0.1200265623,0.1190236155,0.1186827226,0.1191040258,0.1204627744,0.1229419688,0.1265009149,0.1308735739,0.1359404265,0.1415022997,0.14736869,0.1534972623,0.1598029615,0.1661603592,0.1725693782,0.1788908635,0.1851258986,0.1911908551,0.1970775442,0.2027853394,0.2082406937,0.2136016663,0.218676776,0.2235446679,0.2282247335,0.2327375937,0.2371600909,0.2414891335,0.2456965403,0.2498459625,0.2539737564,0.2580292752,0.2619354712,0.2657229158,0.2693139701,0.2726760709,0.2758036402,0.2787060946,0.2813554445,0.2836903431,0.2855221613,0.2866160113,0.2869305274,0.2866841637,0.2863179897,0.2861407108,0.2860918464,0.285615229,0.2844822352,0.2827911424,0.2808831193,0.2787998715,0.2764499147,0.273846183,0.2712377789,0.2685501695,0.2658880955,0.2633588593,0.2610467668,0.258631108,0.255897929,0.252993688,0.2499918712,0.2471893358,0.2447172792,0.2426542926,0.240980224,0.2397496982,0.2392018076,0.2391668472,0.2396006716,0.2403963736,0.241615904,0.2427471398,0.2437410036,0.2445072604,0.2450035029,0.2451698566,0.2445918741,0.2430791224,0.2400280573,0.2349619506,0.227025276,0.2157463537,0.2005332856,0.1809275945,0.1569778791,0.1309620769,0.1051372845,0.08199461057,0.06364358308,0.05097933659,0.04317399815,0.03875802563,0.03624715751,0.03481017582,0.03403047845,0.03367592565,0.03360291243,0.03383967404,0.03429384723,0.03497761143,0.03584929372,0.03690779927,0.03813103501,0.03953066343,0.04107484961,0.04279639605,0.04475089494,0.04683216019,0.04900009474,0.05127984303,0.05364067821,0.05604293381,0.05842162315,0.06071773106,0.06298597593,0.06513091314,0.06715035673,0.06901415361,0.07077706056,0.07246528293,0.07414501886,0.07585957315,0.0775662705,0.07932832128,0.08109423325,0.08283767123,0.08461731112,0.08633199004,0.08803446402,0.08976157888,0.09151990144,0.09334768677,0.09510148367,0.09682536761,0.09851545169,0.1001669663,0.1017594355,0.1033745423,0.1051424297,0.1069320473,0.1088963685,0.1108338462,0.1127439467,0.1146937471,0.1166271432,0.1186117522,0.1205704222,0.1225753818,0.1244958933,0.1262927259,0.1278733518,0.129251749,0.1304064865,0.1312086775,0.1315858378,0.1313770396,0.1304701969,0.1287765432,0.1264216663,0.1235094632,0.1200318808,0.116386346,0.1127216252,0.109093985,0.1058102854,0.102789026,0.1003732973,0.09843705581,0.09644118138,0.09432219282,0.09215181652,0.09050426647,0.0892695019,0.08821898993,0.08703978666,0.08538167745,0.0835520706,0.08154393164,0.07953355024,0.0778143507,0.07652728753,0.0751805953,0.07365089902,0.07221363037,0.07068440279,0.06894234521,0.06720440129,0.06552189942,0.06362697964,0.0620266146,0.06030740139,0.05849316859,0.05652920093,0.05479633965,0.05310423728,0.05124483369,0.0495828359,0.04773680169,0.04637715987,0.04475481003,0.04332614428,0.04228608613,0.04120068351,0.04019523222,0.0392644802,0.03832489014,0.03789201726,0.03710259217,0.03724764133,0.03658024787
0.5026904413,0.5053373106,0.5058359056,0.5063428663,0.5067934274,0.5073143145,0.5076554479,0.5079921861,0.5081606295,0.5084438742,0.5084995691,0.508772703,0.5087543105,0.5088161284,0.508664229,0.5083995623,0.5081404319,0.5077157689,0.5072370629,0.506574915,0.505920735,0.5051802788,0.5044138356,0.5035750322,0.5023810199,0.5010134159,0.49920358,0.4965336466,0.4928219599,0.4882096808,0.4834934253,0.4793805453,0.4762505589,0.4741119383,0.4727245886,0.4716153586,0.4705350029,0.4694661263,0.4685289546,0.4676883164,0.4671555304,0.4668042155,0.4668440126,0.4671992053,0.4678701735,0.4686991135,0.4695275935,0.4701623908,0.4706902309,0.4711254879,0.4714654642,0.471667697,0.4716875448,0.4716297618,0.4713685226,0.4709732066,0.4704315204,0.4697471954,0.4687723237,0.4675268367,0.4658701168,0.463748183,0.4611308791,0.4579733413,0.4542375039,0.4499567001,0.4451320628,0.4399302792,0.4345894094,0.4293488148,0.4243841603,0.4197503106,0.4151579968,0.4097929161,0.4028825752,0.3933473574,0.3799532172,0.361015614,0.3365640851,0.3087814361,0.2802757735,0.2540467708,0.2319513645,0.214626182,0.201662249,0.1920220194,0.185018084,0.1800660346,0.176736762,0.1747180985,0.173671483,0.1734100475,0.1740248479,0.1758003891,0.1788561887,0.1831436071,0.1883681188,0.1942457157,0.2004743787,0.2069269812,0.2135654842,0.2201878887,0.2267306627,0.2331933271,0.2394716317,0.2455038842,0.2513110003,0.2567444585,0.2619348231,0.2668882484,0.2716496955,0.2761014992,0.2802970345,0.2842699874,0.2879787537,0.2915141137,0.2949053231,0.2981503377,0.3013013944,0.3043460762,0.3072635333,0.3100323715,0.3126061301,0.3150397888,0.3172973121,0.319386162,0.3211767767,0.3225711306,0.3234330956,0.3237094867,0.3235293339,0.323474972,0.3239482394,0.3251391606,0.3263544036,0.3269571136,0.3267049148,0.3257298403,0.3241515747,0.3222804126,0.3202781227,0.3182481423,0.3161404996,0.3139502728,0.3117506622,0.3094621902,0.3073576679,0.3058490535,0.3047611574,0.3028304254,0.3003125188,0.2975071115,0.2944598946,0.2918688482,0.2898383914,0.2883017422,0.2871357035,0.2863757345,0.2861103235,0.2861889777,0.2866312738,0.2863665283,0.2870573428,0.2876227959,0.2880565792,0.2883394482,0.2884086523,0.2878941515,0.2863866318,0.2836229349,0.2789682938,0.2719001979,0.2618255253,0.247903325,0.2292934606,0.205229976,0.1774147309,0.1477326575,0.1190790864,0.09423442482,0.07565114836,0.06309637004,0.05537499323,0.05078284374,0.04811931206,0.04667387944,0.04609108419,0.04623790248,0.04697681726,0.04818621785,0.04982119818,0.05182782907,0.05414445589,0.05673616053,0.05958147487,0.06274445584,0.06610635249,0.06965890619,0.07345076965,0.07730536144,0.08124655593,0.08517555928,0.08908963102,0.09291933168,0.0965720837,0.1000863789,0.1033705486,0.1064152811,0.109186045,0.1117454705,0.1141624616,0.116506634,0.1188457309,0.1211668492,0.1235820492,0.1258669942,0.1280629581,0.1302963899,0.1323782088,0.1344475923,0.1364390297,0.1383286922,0.1401005823,0.1416745152,0.1431885194,0.1446043694,0.1461149205,0.1477452882,0.1495585486,0.1514880791,0.1535540608,0.155531241,0.1573241164,0.1589091335,0.160512286,0.1621909745,0.1638787758,0.1656804815,0.1675268687,0.1693626325,0.1711017673,0.1727279002,0.1742354328,0.1756043952,0.1766317159,0.1772244903,0.1772000686,0.1762258164,0.1744568707,0.1717773775,0.1687896835,0.1656130119,0.1626895647,0.1597165483,0.1567647566,0.1540506284,0.1515211385,0.1492265895,0.1470469511,0.1443900644,0.1411376648,0.1375507264,0.1338570776,0.1316173347,0.1309044237,0.1301567755,0.1283868604,0.1263909631,0.1241873509,0.1216757028,0.119719185,0.1180803255,0.1168285585,0.1150548924,0.1130767387,0.1106748277,0.108058591,0.1052691081,0.1029445203,0.1002929573,0.09768436559,0.09491442748,0.0920672781,0.08929346373,0.08642956878,0.08353458691,0.08077273109,0.07778846712,0.07524285527,0.07225754662,0.0699808139,0.06755153051,0.06510075962,0.06296044408,0.06076662987,0.05955901665,0.05758169672,0.05645286614,0.05549817979,0.05462560278,0.05391177125
0.4898246712,0.4913502715,0.492639971,0.4936855918,0.4950764888,0.4962917265,0.4973042186,0.4985004778,0.4993044421,0.5000846249,0.5007970997,0.5013675423,0.5018584214,0.5022457632,0.5023723221,0.5024781812,0.5024429067,0.5024063073,0.5020842174,0.5017866328,0.5013269046,0.5007218119,0.5001200802,0.4992556699,0.4981540411,0.4965021755,0.4938984447,0.4899511992,0.4846283818,0.4783001582,0.4720866573,0.4669301252,0.4632173924,0.4607532298,0.4592352141,0.4581930219,0.4571710109,0.4562033416,0.4553608665,0.4548063866,0.4547065355,0.4549441525,0.4554877029,0.4562758967,0.4573378014,0.4585118004,0.4596287734,0.4606936306,0.4617285065,0.4626561171,0.46340772,0.4640603892,0.4645630192,0.4648758802,0.4649167578,0.4648039115,0.4643677793,0.4636665275,0.4626200249,0.4610718993,0.4590257186,0.4563795129,0.4531273225,0.4491171167,0.444327057,0.4386976218,0.4324380071,0.4256464689,0.4187341087,0.4120148149,0.4057179521,0.3998562503,0.3939586047,0.3872247271,0.3786425895,0.3668333287,0.3502147093,0.3274166781,0.2991089542,0.2682873335,0.2380460528,0.2116217044,0.1902315171,0.174023574,0.162071652,0.153361664,0.1471362112,0.1428486469,0.1400088009,0.1383474778,0.1375649838,0.137494577,0.1381771625,0.1398746015,0.142792156,0.1468481963,0.1518086607,0.1574221113,0.163495169,0.1698137916,0.176427848,0.1831113364,0.189869927,0.1966538362,0.2032909636,0.2099254897,0.2163849576,0.2225699705,0.2286012218,0.2344613519,0.2401470576,0.2455847678,0.2506920789,0.2555501214,0.2601530573,0.2645090803,0.2686920942,0.2726665216,0.2764917745,0.2801837091,0.2837656974,0.2871458994,0.2903185242,0.2933183503,0.2960455288,0.2985134643,0.3007178299,0.3026819434,0.3042665868,0.3054452051,0.3059744285,0.3059811138,0.3056688024,0.3053170054,0.3050908275,0.3050477337,0.3048307601,0.3043699736,0.3034972256,0.3023758357,0.3010076703,0.2993788652,0.2973884388,0.2951714787,0.2928545872,0.2904406133,0.2882446338,0.2862088471,0.2840552457,0.2816093527,0.2786779776,0.2756881454,0.2726461651,0.2698568152,0.2674765411,0.2655058796,0.2639328116,0.2629837126,0.2625278327,0.2624380645,0.2628192915,0.2649069019,0.2655534081,0.2660656701,0.2663938214,0.26647678,0.2661162551,0.2650566908,0.2630509463,0.2595613018,0.2540504182,0.2459051513,0.2343203953,0.2188658038,0.1986754047,0.173758181,0.1461805333,0.1182573973,0.0927686474,0.07211109275,0.05763958938,0.04850339168,0.04322575228,0.04017136034,0.03844418605,0.03753710533,0.03719638679,0.03723603874,0.0376712788,0.03838112176,0.03936347929,0.04058456014,0.04200300386,0.04363005128,0.04548499996,0.04754372141,0.04978675006,0.05222690469,0.05493111951,0.05767575858,0.06061252502,0.06367299626,0.06676153607,0.06989203702,0.07297102911,0.07608071813,0.079015801,0.08192375339,0.0846529308,0.08726897354,0.08988392241,0.09246524896,0.09512357496,0.09786315092,0.1006397156,0.1034154786,0.106117881,0.108799269,0.1113526095,0.1138031705,0.1162022572,0.1184975738,0.1207603474,0.1228623396,0.1248910911,0.1267525748,0.1285605018,0.1301796432,0.1318174272,0.1335794012,0.1354824426,0.1374154089,0.1391943962,0.1408699428,0.1425833943,0.1443244135,0.1461217611,0.1478269989,0.149520467,0.1512117303,0.152761987,0.1541741027,0.1554076649,0.1563562434,0.1569693601,0.1569861861,0.1563549261,0.154940325,0.1528695191,0.1502569417,0.1473708962,0.1442453567,0.1412605497,0.1383642718,0.1358574844,0.1337911859,0.1319634173,0.1301878478,0.1281538416,0.1257796074,0.1230300821,0.1201693963,0.1175527944,0.1155282497,0.113729412,0.1117521923,0.1095899122,0.1070773455,0.1044120037,0.1018892107,0.0995813964,0.09756877771,0.09569055166,0.09350025219,0.09148206209,0.08932331178,0.08705051636,0.08469545281,0.08247238836,0.08014505429,0.07798414807,0.07582743283,0.07330081659,0.07097093851,0.06844517615,0.06621410969,0.06409284748,0.06168401954,0.05931323757,0.05730193134,0.05504100611,0.05319960063,0.05134879043,0.04983030681,0.04795681668,0.04684132404,0.04573220651,0.04496521898,0.04402905276,0.04329938596,0.04283041175
0.4877736249,0.4909197487,0.4918478273,0.4929417537,0.4941415659,0.4952389037,0.4962917496,0.4970279598,0.4978203192,0.4983689201,0.4989821799,0.4996091007,0.5001715075,0.5005833321,0.5010660244,0.5013361017,0.5014168226,0.5014323683,0.5010622758,0.5008397958,0.50030662,0.4997348852,0.4990264837,0.4982519887,0.4971596807,0.4954899027,0.4929657118,0.489008794,0.4838147425,0.477889701,0.4718820098,0.4668838836,0.4630345626,0.460290685,0.4583626077,0.4569642451,0.4556122639,0.4541974404,0.4529460079,0.4520011125,0.4515602892,0.4517270011,0.4523309184,0.4532766207,0.4545273768,0.4559674307,0.457319422,0.4584319897,0.4595327966,0.4605366272,0.4613191329,0.4619641041,0.462437826,0.4626003793,0.4625960228,0.4623902708,0.4619743212,0.4613956018,0.4604619004,0.4591515062,0.4573801404,0.455004474,0.4519578669,0.4482221622,0.4436345402,0.4381701166,0.4320714808,0.4254988397,0.4188832879,0.412534215,0.4068170296,0.4016225769,0.3962074582,0.3895784011,0.3806021433,0.3683678744,0.3517604174,0.3288149719,0.3001277298,0.2690531826,0.2387747353,0.2123308996,0.1909303328,0.1746635695,0.1626454917,0.1538306073,0.1474802527,0.1429880885,0.1400022516,0.1381529373,0.1371742707,0.1369308742,0.1373811323,0.1388304524,0.1414242916,0.145128312,0.14964081,0.1547967126,0.1603948972,0.166321814,0.172549956,0.1788686857,0.1852720721,0.1917713778,0.1981930127,0.2045232412,0.2107577413,0.216872631,0.2228321165,0.2285023383,0.2340317833,0.2393871967,0.2443530952,0.2491319849,0.2535862378,0.2578764933,0.2620644079,0.2659611362,0.2697708581,0.2733693084,0.2768299411,0.2801987475,0.2832823692,0.2860980696,0.288765658,0.2911598757,0.2933281544,0.2952196615,0.2969356142,0.2981948731,0.2989271051,0.2990498467,0.2987411905,0.2982371618,0.2978975735,0.2977257634,0.2971655055,0.2960612188,0.2942495294,0.2922692185,0.2900037357,0.2874206432,0.2845379587,0.2818458201,0.2795983656,0.2775630169,0.2758860957,0.2745854405,0.2734074962,0.2714611278,0.2687603658,0.2659075638,0.2631404691,0.2607653255,0.2588899714,0.2574221393,0.2564815279,0.2559616709,0.2559302378,0.2564086427,0.2570336082,0.2629920803,0.2638934195,0.2647814502,0.2656002623,0.2659960719,0.2660240921,0.2652823314,0.263324331,0.2595911976,0.2538430418,0.245517253,0.2337441595,0.2183462421,0.1983603351,0.1733911909,0.1462428783,0.1197630765,0.09656969291,0.07850470162,0.06628530325,0.05862851202,0.05411361812,0.05151584575,0.05004360335,0.04921129991,0.04884607542,0.04872479641,0.04890324753,0.04937292982,0.05017339684,0.05127473593,0.05252680772,0.05382385161,0.05533742923,0.05700270188,0.05881754694,0.06090813979,0.06324697997,0.06565125255,0.06808031916,0.07053615041,0.07315038041,0.07581684756,0.07854106704,0.08122451516,0.08388137412,0.08641136873,0.0886854594,0.09093605644,0.09325216172,0.09567964522,0.09823416326,0.100897258,0.1035605855,0.1062049365,0.1087453548,0.1112246492,0.1136416499,0.1160877515,0.1185091724,0.1208645872,0.1231279722,0.1252044235,0.127153859,0.128892986,0.1305959262,0.1321749979,0.133577525,0.1351182572,0.1367548224,0.1384424333,0.1401252438,0.1417167858,0.143376786,0.1451311371,0.1468844054,0.148590325,0.150319107,0.1519449704,0.1534242859,0.1547685387,0.1560009744,0.1570007492,0.1578015113,0.1581221839,0.1578393117,0.1567764311,0.155026427,0.1525247193,0.1495475988,0.1462451832,0.1428327031,0.1394661441,0.1363090155,0.1336556967,0.1312084801,0.1287848999,0.1261307277,0.1231620237,0.1200303638,0.1167872079,0.1144453683,0.1132651093,0.1125869842,0.1113748673,0.1093361034,0.1071097616,0.1047154079,0.1023415539,0.1001086528,0.09869503491,0.0972125221,0.09569132386,0.09385703732,0.09204139355,0.08988387445,0.08795340088,0.08584247672,0.08411856784,0.08220072321,0.08040833127,0.07857434726,0.07654273694,0.0748640428,0.07254151596,0.07063301563,0.06918793113,0.0671792844,0.06507820386,0.06338349725,0.06140064575,0.05978113185,0.05836192903,0.05707682851,0.05589390508,0.05510976191,0.05348629917,0.05265969037,0.0521190427,0.05167282718
0.4481725566,0.4513548691,0.4526137534,0.4539977423,0.4551823539,0.4562526875,0.4574528459,0.4585162935,0.4593218128,0.4604022016,0.4610290175,0.4617783271,0.4622774094,0.4628072653,0.4630620173,0.4631772953,0.4632545143,0.4632283483,0.4630184142,0.4628040082,0.4624342586,0.461859979,0.4612715936,0.4605471485,0.459510725,0.45796766,0.4554886699,0.451582052,0.4459830206,0.4393357739,0.432721837,0.4271889108,0.4232414494,0.4205621669,0.4186733541,0.4171204778,0.4156256578,0.4140796272,0.4128646325,0.4122757778,0.4123400189,0.4128863516,0.4138239781,0.415263389,0.417103676,0.4189759885,0.4207607553,0.4223489375,0.4237284176,0.4249019565,0.4258993152,0.4267476615,0.4273788318,0.4277658407,0.4279575981,0.4278838679,0.4275228941,0.4268137699,0.425751524,0.4242601765,0.4222060515,0.41957,0.4162318777,0.412094473,0.4071668122,0.4013551317,0.3948402594,0.3878480099,0.3806323941,0.3735656384,0.3667999088,0.3604226397,0.3539943373,0.3467310862,0.33751962,0.3251348896,0.3080404863,0.2850963202,0.2573732944,0.2279663915,0.1998396499,0.1758815903,0.1571363469,0.1433953945,0.1337619886,0.1269859449,0.1223240161,0.1191986587,0.1172667346,0.1162115305,0.1158147278,0.1159101154,0.1165551655,0.1180475287,0.1205426134,0.1239934411,0.128165611,0.1328492025,0.1379430624,0.1433378095,0.1489138008,0.1546676113,0.1604620194,0.166256415,0.1719944121,0.1777047673,0.1832430728,0.1885991941,0.1937765753,0.1987780207,0.2036490686,0.2083177585,0.2127456589,0.2169614312,0.2209819008,0.2248851474,0.2286247003,0.2322589099,0.2357476968,0.239187387,0.2424713685,0.2456575277,0.2486648219,0.251478951,0.2539910957,0.2562258826,0.2582249156,0.2600636252,0.2616661734,0.2628752198,0.2634660529,0.2636607215,0.2635592345,0.2632789961,0.2626862865,0.2613873614,0.2590500244,0.2557973605,0.2521965982,0.2486875668,0.2454668104,0.242717665,0.2402445879,0.2380958522,0.2362962179,0.2346464283,0.2332461589,0.2321023117,0.230767886,0.2287508727,0.226230288,0.2235840435,0.2211661886,0.2190764154,0.2175307216,0.2164712887,0.2157047127,0.2152724297,0.2151433724,0.2153256916,0.2157657871,0.2180736959,0.2187358824,0.2193034792,0.2197638726,0.2198595614,0.219594285,0.218787178,0.2170718373,0.214023764,0.2091638977,0.2018522725,0.1915398135,0.1779722543,0.1606385194,0.1398674848,0.117827914,0.09663990734,0.0782615356,0.06401660563,0.05432998083,0.04829741371,0.04477137347,0.04277579085,0.04162124124,0.0410218841,0.0407956765,0.04088610586,0.0412679046,0.04183183549,0.04259827603,0.04353615007,0.04457642004,0.04582614697,0.04719484366,0.04869284858,0.05031582168,0.05207487579,0.05392556347,0.0558407603,0.05782800683,0.05989468647,0.06201717342,0.06411725578,0.06617696194,0.06822556469,0.07010483411,0.07196086457,0.07370923838,0.07531977407,0.07691633918,0.07846294013,0.08006505367,0.08166674396,0.08336444188,0.08502708605,0.0867245499,0.08841088202,0.09007626981,0.09170715447,0.09329557353,0.09481682775,0.09631133128,0.09776194197,0.09919082764,0.1005404269,0.1019290758,0.1032245408,0.1044831247,0.1058486005,0.1071753433,0.1084891615,0.1096715997,0.1107891296,0.1118644716,0.1130746516,0.1143178819,0.1155890309,0.1168021685,0.1179444664,0.1189820835,0.1199130629,0.1206571841,0.1211794166,0.1213343507,0.1210841494,0.1203063798,0.1187490115,0.1166033312,0.1139888077,0.1109175781,0.1075892198,0.1043299777,0.1011829593,0.09839120019,0.09602148361,0.09400537397,0.09216550947,0.09016178714,0.08809178134,0.08583531975,0.08394280977,0.08264131731,0.08217852566,0.08203538246,0.08159751498,0.08051138748,0.07926642903,0.07766500989,0.07640290076,0.07522971288,0.07431138948,0.07360650218,0.07257288477,0.07149786765,0.07036061669,0.06914986379,0.06778442823,0.06656296272,0.06526778763,0.06384286068,0.06232354081,0.0609175513,0.05965929829,0.05834314974,0.05684842151,0.05572927383,0.05442463661,0.05311095672,0.05169349942,0.05076248603,0.04958065612,0.04843247673,0.04721026307,0.04660628358,0.0458451158,0.04523403273,0.04448170528,0.04407481208,0.04346069785,0.04376496989
0.5100033458,0.5107573849,0.5112134412,0.5114760776,0.5120071734,0.5122607484,0.5127045723,0.5129268741,0.513148287,0.5133337312,0.5133955125,0.5135472399,0.5135589844,0.5134841176,0.5134266061,0.5131889685,0.512979045,0.5126665287,0.5121253372,0.5116614545,0.5110924089,0.5104348269,0.5096424444,0.5088542362,0.5078767642,0.5066338671,0.5049283813,0.5026798959,0.4995105933,0.4955771842,0.491479481,0.4878926373,0.485143647,0.4832522061,0.481840458,0.480842749,0.479840101,0.4788432493,0.4779755387,0.4771834666,0.476649786,0.4763799416,0.4763395283,0.4765971244,0.4771409299,0.4777906311,0.4783421586,0.4788650505,0.4793504845,0.4796519841,0.4798743478,0.4799651604,0.4800025998,0.4799062704,0.4796118463,0.4792459764,0.478731444,0.4780597815,0.4771745083,0.4760353821,0.4746288874,0.472826187,0.4705360609,0.4678069886,0.4646047988,0.460890952,0.4565962662,0.45203127,0.4472420477,0.4425752819,0.4381626795,0.4339466474,0.4296817598,0.4249190187,0.4187121331,0.4101439643,0.3978679308,0.3804230547,0.3577430161,0.3314374985,0.3038974997,0.2781694107,0.2561031201,0.2385009872,0.2251443613,0.2151415028,0.2078346143,0.202640097,0.1991045392,0.1969260001,0.1958323528,0.1955222144,0.1960701162,0.1977861316,0.2008816551,0.2052385242,0.2105709382,0.2164332043,0.2226935898,0.2291808875,0.235758662,0.242295562,0.2487564728,0.2550302326,0.2611084096,0.2669778544,0.2725466094,0.2777741898,0.2827523427,0.2874858916,0.2919403676,0.2961688123,0.3000890526,0.3037912828,0.3072778259,0.310599045,0.3137683819,0.3167635656,0.3196776347,0.3225004709,0.325218476,0.3278388658,0.330270982,0.3325470609,0.3345889071,0.3364919196,0.3380422003,0.3392555433,0.3399280169,0.3400340513,0.3396769835,0.3394434619,0.3399168863,0.3411481148,0.3424509919,0.3430497672,0.342852101,0.3418304571,0.3403413933,0.338545759,0.3367456759,0.3349263979,0.3329565424,0.3308951116,0.3289239639,0.3268889866,0.3249610976,0.3235927718,0.3223725701,0.3206191412,0.3181864555,0.3155306008,0.3128128765,0.3103321499,0.3084143644,0.3069205039,0.3058484493,0.3051451702,0.3048889338,0.3050189834,0.3054308161,0.3053729649,0.3062789254,0.3070494134,0.3076280851,0.3079872292,0.3080641182,0.3076501264,0.3063529114,0.3039221158,0.2997209216,0.2932351102,0.2836697776,0.2704152763,0.2523297885,0.2286568481,0.2006308334,0.1699433671,0.1394134282,0.1122346587,0.0911048177,0.07638784612,0.06707034258,0.06140231467,0.05812893969,0.05633129636,0.055598836,0.05577054954,0.05667628574,0.05818710614,0.06020688878,0.06269616335,0.0655012501,0.0686150343,0.07206176385,0.0757217098,0.07970862842,0.08383099331,0.08819534075,0.09257063383,0.09706028069,0.1014638242,0.1058584621,0.1100962374,0.1141461125,0.1179351456,0.1214735198,0.1247081082,0.1276348869,0.1303054084,0.1328570261,0.1352588903,0.1376587901,0.1401069231,0.1425220633,0.1448903274,0.1471655368,0.1493327667,0.1514687597,0.1535350458,0.1553972761,0.1573050317,0.1590962818,0.1606410578,0.1620285123,0.1633479298,0.1647509241,0.1664743858,0.1682963049,0.1702675214,0.1723476218,0.1743226567,0.1761220293,0.1777409109,0.1793721249,0.1810192945,0.1828436516,0.1847776666,0.1867101499,0.1885711795,0.190281582,0.1920051857,0.1937180646,0.1952121986,0.1963963577,0.1971210192,0.1971278616,0.1962641201,0.1944144352,0.1916928873,0.188531717,0.1851699342,0.1820576964,0.1791042666,0.1762872146,0.1734650973,0.1709174523,0.1685510783,0.1662919615,0.1636356767,0.1604220573,0.1565970442,0.1528667556,0.1503360108,0.1493668471,0.1482510748,0.1464813439,0.1442379001,0.1419868269,0.1395914524,0.1372853692,0.1356435062,0.1343605203,0.1323947284,0.1301190684,0.1275873822,0.1246792863,0.1218430939,0.1189848832,0.115970555,0.1127465168,0.1096999776,0.1065659208,0.1033684375,0.1002125769,0.09677278253,0.0936104315,0.09037014538,0.08714810072,0.0838854949,0.08072735837,0.07837585583,0.0755015009,0.07296569883,0.07082984009,0.06842786686,0.06655407061,0.06473896627,0.06369607986,0.06268785846,0.06170936574
0.5575493545,0.5620980505,0.5635237175,0.5649852465,0.5664918047,0.5680240318,0.569375334,0.5705814505,0.5715289401,0.572469003,0.5732787124,0.5740961935,0.574941026,0.5755109945,0.5759143985,0.5761724135,0.5762125907,0.5760404308,0.5756711054,0.5752009538,0.5745677035,0.5737223892,0.5728242544,0.5717552315,0.5702721871,0.5679245911,0.5644839621,0.5594050811,0.5526436556,0.5446618485,0.5366099832,0.5295672045,0.5240769153,0.5202329814,0.5174494223,0.5152117905,0.5131895877,0.5112072026,0.5095833854,0.5084194683,0.507852033,0.5079816362,0.5088314385,0.5103329971,0.512252929,0.5143235472,0.5162325733,0.5179652049,0.5194543513,0.5208484523,0.5219195884,0.5228138207,0.5235443284,0.5240051664,0.5241936622,0.5241460914,0.5238260601,0.5231178831,0.5219559468,0.5201979868,0.5177156571,0.5144871939,0.5103064273,0.5051724405,0.4990277343,0.4918004949,0.4835877999,0.4748218036,0.4658149449,0.4571109302,0.4490174281,0.4414630893,0.433938843,0.4255809074,0.4153175323,0.4014993529,0.3822575365,0.3559419183,0.323546745,0.2883165634,0.2537353708,0.2233267452,0.1986365968,0.1797649923,0.1658202162,0.1555493279,0.1481804225,0.1430210542,0.139604471,0.1375773729,0.136554307,0.1363269619,0.1368206475,0.1383288388,0.1410270082,0.1448828639,0.1496779493,0.1551399949,0.1610912939,0.1673340257,0.1738460152,0.1804498774,0.1871214832,0.1937219437,0.200260518,0.206636712,0.2128511552,0.21874922,0.2244746879,0.2299192605,0.2352178041,0.2402767453,0.2451452062,0.2497893293,0.2542649067,0.2586211162,0.2629145776,0.2670902321,0.2712579025,0.2754096972,0.2794393928,0.2833312617,0.2871644209,0.2907611421,0.2941528243,0.2973162778,0.3002664532,0.3029352234,0.3052641725,0.3070845442,0.3081260709,0.3083448541,0.3080740608,0.3076982814,0.3074778988,0.3074484348,0.3070115023,0.3058365494,0.3040601743,0.3020462972,0.2998419436,0.2973212548,0.2945731516,0.291786442,0.2889489711,0.2862580787,0.2837244887,0.2814522759,0.2790884823,0.2763457408,0.2734195038,0.2705265395,0.2678295373,0.2654321409,0.2635177224,0.2618899538,0.2606041673,0.2601100291,0.2600464761,0.2605711428,0.2613731265,0.2626544087,0.2637332768,0.264760161,0.2655461347,0.2661792146,0.2663581703,0.2659282723,0.2645475246,0.261642414,0.2566459565,0.248834608,0.2375006032,0.2221368578,0.2019868958,0.1770426634,0.1493844907,0.1213449547,0.0955373767,0.07437944155,0.05927966895,0.04958753822,0.04390279315,0.04059193458,0.03871604013,0.03765338091,0.03719197067,0.03715336734,0.03750722865,0.03821308228,0.03918116258,0.0403788684,0.0418265492,0.04348624562,0.04536783884,0.04747279565,0.04977290662,0.05218323491,0.05484353516,0.05757765407,0.06043625638,0.06327183956,0.06617468078,0.06897914559,0.0717222971,0.07431056341,0.07674834854,0.07896910666,0.08102694492,0.08288376791,0.08469536822,0.08644470261,0.08816504295,0.08995879082,0.09172763766,0.0934777539,0.09519874852,0.09695487689,0.09869815444,0.1004080134,0.1021613651,0.1039532267,0.1058055534,0.1075810269,0.1093825961,0.1111556947,0.1128725687,0.1145585316,0.1162696271,0.1181559351,0.1201774585,0.1223399049,0.1245275041,0.1267315973,0.1288759619,0.1310097618,0.1331873325,0.1353116221,0.1375175358,0.1396625891,0.1415971086,0.1433423912,0.1448735372,0.1460977962,0.1471242519,0.1475625229,0.1473089455,0.1463009703,0.1444738541,0.1418151487,0.1385383055,0.1347631389,0.1308067996,0.1267222681,0.1227092477,0.1189893139,0.1156950922,0.1129593461,0.1106763735,0.1085450573,0.1061785328,0.1038471836,0.102008518,0.1009413295,0.09993839967,0.09865395966,0.09692900985,0.09491893345,0.09288493897,0.09071522019,0.08883958358,0.08752646472,0.08606906084,0.08450962759,0.08274257503,0.081123675,0.07925630596,0.07722198622,0.07542767926,0.07347617131,0.07136576223,0.06923738389,0.06722817739,0.06515381808,0.06290414122,0.0607426255,0.05886175036,0.05686479183,0.05472676429,0.05297323415,0.05123293653,0.04943484475,0.04792045518,0.04654698085,0.04503434155,0.04407569795,0.04302922455,0.04236011097,0.04178314784,0.04167012033,0.04085613206
0.5143880524,0.5179958771,0.5191824111,0.520337551,0.5214951761,0.5226623661,0.5238639871,0.524744863,0.5255081307,0.5260792058,0.5269106663,0.5274770012,0.5280721206,0.5286070094,0.5290058127,0.5292352609,0.529303406,0.5291879558,0.5290565135,0.5286293273,0.5280766363,0.5273240977,0.5266789124,0.5256474911,0.5244061357,0.5225254859,0.5196479339,0.5154135445,0.5097349339,0.5031191583,0.4966559199,0.491252531,0.4873106383,0.4846279371,0.4828433385,0.4815202101,0.4801753231,0.4788385082,0.4777553943,0.4769775354,0.476514719,0.4766760484,0.4773035302,0.4782549376,0.4795890276,0.48106734,0.4824103522,0.4836472291,0.4847449851,0.4858785694,0.4866762672,0.4873860907,0.487909047,0.4882614851,0.4881910514,0.4879673116,0.4875136337,0.4868092167,0.4857444052,0.4843261347,0.4823811952,0.479777998,0.4764324716,0.4722108734,0.4671989291,0.4612883357,0.4545528669,0.4474062599,0.4400777543,0.4330169523,0.4263333498,0.4200619831,0.4135564703,0.4062150762,0.3968173349,0.383982648,0.3658129721,0.3411745531,0.3109584275,0.2784221113,0.247045384,0.2198996459,0.198269599,0.1821135353,0.1703466339,0.1618249036,0.1557832719,0.1515916701,0.1489302128,0.1473926936,0.1466753933,0.1466632943,0.147399155,0.149069614,0.1519611348,0.1559882231,0.1608807033,0.1664243659,0.1724128871,0.1787482544,0.1853313754,0.1920429914,0.1988413261,0.2056893105,0.2124645734,0.219109016,0.2256734605,0.2320810408,0.2382552908,0.2442078013,0.2499708894,0.2555682926,0.2608040334,0.2658348232,0.2705388674,0.2750853038,0.2795244264,0.2836838849,0.2876728889,0.2915653963,0.2953251936,0.2989051984,0.3022201663,0.3053521836,0.3082266405,0.3108896809,0.3132729177,0.3154123988,0.3172773306,0.3188005346,0.3197161989,0.3199867034,0.3197751192,0.3195413697,0.3194747201,0.319563343,0.3192156388,0.3184320087,0.3170683894,0.3153374605,0.3130989215,0.3106831494,0.30797396,0.3053680199,0.3029268923,0.3005022795,0.2982898575,0.296639984,0.2949072929,0.2924147879,0.2894210963,0.2859474873,0.2826870677,0.2798596226,0.2775847173,0.2757738838,0.2743983967,0.2736393588,0.2734334561,0.2736586516,0.2739891863,0.2793450632,0.2801602468,0.2808568264,0.2812497121,0.2813789972,0.2809745949,0.2797707362,0.2773762123,0.273495813,0.2675126933,0.2585975401,0.2459997463,0.2293652704,0.207898157,0.1820443005,0.1544410834,0.1274450472,0.103891728,0.08559548475,0.0731880468,0.06544679906,0.06096630468,0.05843245156,0.05696361172,0.05626723139,0.05588615301,0.05591877669,0.0562134302,0.05681963561,0.05781720912,0.05904508798,0.06044802833,0.06198458401,0.06360973598,0.06547537435,0.06755086033,0.06983023296,0.07236399765,0.07497999659,0.07757906723,0.08026384216,0.08304492471,0.08591545742,0.08877346255,0.09166953052,0.09446104219,0.09707550196,0.09954887756,0.102008099,0.1043947927,0.1069418704,0.1095592797,0.1122261298,0.1149320874,0.117573727,0.1201267949,0.12259531,0.1250411506,0.1275114371,0.1300036181,0.1324335157,0.1348188901,0.1370303876,0.1391399281,0.1410648519,0.1429942106,0.1447377584,0.1464023003,0.1481859218,0.150029827,0.1519837988,0.1538933219,0.1557512506,0.157586947,0.1594371522,0.1612208436,0.1630461316,0.1647617495,0.1663830253,0.1678358837,0.1691668233,0.1703998655,0.1714195047,0.1721443385,0.172389573,0.172091384,0.1710176851,0.1692802548,0.1667696961,0.1638503056,0.1605790441,0.1572330137,0.1539679362,0.1508302689,0.1481981612,0.1457942198,0.1434929326,0.1409954696,0.1380501524,0.1348390699,0.1315512349,0.1289535224,0.1274790742,0.1265032077,0.125032918,0.1228748203,0.1206139262,0.1180143076,0.1152290728,0.1128957093,0.111278193,0.1095643492,0.1077194255,0.1056053911,0.1037415757,0.1013824766,0.09940039518,0.09708231073,0.09509464981,0.09312780036,0.09120326809,0.08904592493,0.08668618821,0.08465686023,0.08257731647,0.08040123729,0.07846516252,0.07645802481,0.07449218304,0.07233210604,0.07042179779,0.06872923852,0.06706766207,0.06522591804,0.06427533139,0.06255700886,0.06203983907,0.06061588086,0.05978598149,0.05941459513
0.5856935189,0.5873806625,0.5886247576,0.5899287449,0.5914037015,0.5925757499,0.5939077614,0.5950056092,0.596080875,0.5969714829,0.5978142016,0.598461266,0.5990252649,0.5994479019,0.5997547662,0.5999355783,0.5999776319,0.5998088807,0.5995439169,0.5991192814,0.5985782568,0.597891789,0.5971423538,0.5963036353,0.5950939835,0.5933359449,0.5905016647,0.5859042195,0.5794449983,0.5718520612,0.5643941159,0.5581934867,0.5536912957,0.5506020462,0.548501658,0.5469155041,0.5455153866,0.544065214,0.5428440005,0.5421141824,0.5420194676,0.5423929491,0.5432152104,0.5444951326,0.5460158389,0.5475962892,0.5490371088,0.550348528,0.55161262,0.5527646668,0.5537024931,0.5544846552,0.5551042665,0.5554687393,0.5554669851,0.5552755987,0.5547863793,0.5539444352,0.5527237573,0.5509705478,0.5486704842,0.5456422034,0.5417728107,0.5369093145,0.5312276816,0.5245640006,0.5170072869,0.5089543027,0.5007137182,0.4927399455,0.4852667153,0.4782405907,0.4711171568,0.4629884457,0.4525174631,0.4381155291,0.4179136403,0.3903469954,0.356395524,0.3197703818,0.2841712168,0.2534471999,0.2289245143,0.2104424229,0.19689925,0.1868787144,0.1796157978,0.1744574021,0.1709724755,0.1688831725,0.1677909084,0.1674935366,0.1681461069,0.1700541141,0.1733785355,0.1780164937,0.1836764228,0.1899830581,0.1968439185,0.2040893162,0.2116086299,0.2193617061,0.2271873523,0.2350077492,0.242743697,0.2504193315,0.2578936534,0.2651189534,0.2721370533,0.2789772792,0.2856119344,0.2918870426,0.2978494294,0.3034880742,0.3088695546,0.3140407521,0.3190909252,0.3239832004,0.3286425749,0.3331641329,0.3375477797,0.3417160551,0.3456695766,0.3493741398,0.3528232155,0.3558742696,0.3586992559,0.3613247049,0.363812418,0.3658861542,0.3675557872,0.3686801167,0.3692248671,0.369317976,0.368960678,0.36800378,0.3664552085,0.3643411351,0.361894928,0.3593882025,0.3568124902,0.3541392285,0.3513267136,0.3485189253,0.3458018301,0.3431761364,0.3407337179,0.3384737959,0.3360952748,0.3332962507,0.3300101411,0.3264641822,0.3230429,0.3200700525,0.3175128155,0.3155568349,0.314166562,0.313454656,0.3131664237,0.313575419,0.3143438392,0.3169992198,0.3182754986,0.3194074634,0.3201763197,0.3204914431,0.3202819084,0.3192661784,0.3169597616,0.3127052406,0.3059164505,0.2957093284,0.2812930336,0.262183124,0.2374453659,0.2072209072,0.1741123712,0.140903447,0.1105750228,0.08574866265,0.06785793368,0.05605369368,0.0488499432,0.04445236629,0.04178257038,0.04022446074,0.0395065897,0.0394237339,0.03995130228,0.04097478661,0.04237594462,0.04417856776,0.04623164389,0.04861821079,0.05122861688,0.05413761803,0.05724438604,0.06055597933,0.06409575614,0.06773116122,0.07151914271,0.07532277636,0.07917385023,0.0830273522,0.08675208526,0.09044187251,0.09393870635,0.0972722999,0.10045415,0.1034364601,0.1063416921,0.1093746468,0.1126277218,0.1160946639,0.1197000593,0.1233385795,0.1269201095,0.1303633193,0.1337546453,0.1370419583,0.1402807816,0.1434823462,0.1466972141,0.1498018776,0.1528556931,0.1557264039,0.1584554216,0.1608764424,0.1630033101,0.1650962282,0.1671265969,0.1689376661,0.1705834683,0.1722076437,0.1738941572,0.175771711,0.1778254174,0.1798540704,0.1819535829,0.1839214291,0.1856942724,0.1871775892,0.1882846406,0.1889848954,0.1891222711,0.1886170099,0.1873624173,0.1854367848,0.1830795708,0.1801495192,0.1769642045,0.1734620567,0.169634211,0.1657450227,0.1617921102,0.1582728442,0.1549537053,0.1519107085,0.1489313877,0.1457587446,0.1423861237,0.1391775646,0.1364881583,0.1344928631,0.1327445731,0.1307461567,0.1283093401,0.125307299,0.1224768923,0.1193887401,0.1167501929,0.1144561088,0.1123901895,0.1099766162,0.1074110833,0.1049957795,0.1024327652,0.09980240843,0.097044569,0.09419207405,0.09142163405,0.08876599182,0.08576555601,0.08288720591,0.07996618599,0.07712601467,0.07420034363,0.07120410103,0.068809981,0.06601797555,0.06340421643,0.06038877226,0.05853392461,0.05611034942,0.05416398701,0.05243380695,0.05111551321,0.04939801575,0.04832425884,0.04728530202,0.04624054711
0.5266843058,0.5310953638,0.5321790097,0.5331767691,0.5342819369,0.535173854,0.5360852329,0.5367706842,0.5374346124,0.5380998064,0.5387811104,0.5394552638,0.5399771703,0.5406696639,0.5411429854,0.5414791233,0.5417276748,0.5418391009,0.5416905822,0.5415819077,0.5412933856,0.5409637327,0.540623093,0.5400167644,0.5392252022,0.5380224805,0.536186674,0.5331642496,0.529061694,0.5242061175,0.5194099873,0.515399704,0.5123719419,0.510368933,0.5090333831,0.5080544771,0.5071772035,0.506111792,0.5053356154,0.5048243923,0.5046931278,0.5048796253,0.5053855678,0.5062834748,0.5074959329,0.5089093113,0.5102442288,0.5114482433,0.5125293581,0.5135420822,0.5143070605,0.5150064975,0.5155134092,0.5158738054,0.5160065256,0.5160029896,0.5157386567,0.5153723851,0.5146328978,0.5135990074,0.512207636,0.5102360154,0.507629444,0.5043544251,0.5004162899,0.4957010309,0.490304149,0.4844630287,0.4783933757,0.4724551878,0.4667751016,0.4614555307,0.4560422965,0.4497976094,0.4417395648,0.4305809255,0.4146179696,0.3921575576,0.3635660895,0.3315027181,0.2990935555,0.2698913061,0.2457475111,0.2271171086,0.2132893813,0.203122477,0.1958694586,0.1908564276,0.1876180882,0.1858084727,0.1849710204,0.1849689024,0.1858027967,0.187923736,0.1914015458,0.1961934688,0.2020421636,0.2085192065,0.2155034275,0.2227337561,0.2302048136,0.2377522941,0.245329138,0.2528596176,0.2602281614,0.2674441104,0.2744277383,0.2811073348,0.2875825167,0.2937820633,0.2996852034,0.305341759,0.3106333072,0.3157111016,0.3204619495,0.3250740628,0.3294595348,0.3336967637,0.3377091076,0.3416366045,0.3453793633,0.3488902276,0.3522279365,0.3553301333,0.3581400431,0.3607365011,0.3631476255,0.3653239343,0.3671719398,0.3685413949,0.369243736,0.3693090723,0.3688813226,0.3682366632,0.3676086328,0.36697279,0.3662545019,0.3651205956,0.3635871387,0.3619460772,0.3601322469,0.357932047,0.3554551744,0.3528819306,0.3501153785,0.3472051008,0.3445243364,0.3427194207,0.3413750438,0.3393560471,0.3367887002,0.3338038909,0.3307335846,0.3281329523,0.3262285649,0.3247619047,0.3238112173,0.3230826053,0.3229233178,0.3231250642,0.3237947477,0.3265264834,0.327417287,0.3282038852,0.3288372946,0.3291256088,0.3289839292,0.3281829988,0.3261581852,0.3225907177,0.3168614948,0.3081284832,0.2954156884,0.278232762,0.2553176545,0.2265329133,0.1939435466,0.1600944871,0.1280770352,0.1011706212,0.08144775228,0.06834628477,0.06039495275,0.05570934665,0.05295565312,0.05154966464,0.05094116503,0.05105528998,0.05171750342,0.05294146791,0.05455053178,0.05659462726,0.0589257463,0.06152531531,0.06444394872,0.06761863119,0.07104979667,0.07471780424,0.07862501113,0.08265809185,0.08680252156,0.09096734595,0.0951229747,0.09924679169,0.1032457625,0.1071031092,0.110696009,0.114149976,0.1173124424,0.1202996369,0.1231334061,0.1260432597,0.129075047,0.1322461756,0.13557683,0.1388645168,0.1420899164,0.1452297743,0.148335887,0.1513660988,0.1543066085,0.1572510125,0.1601144585,0.1627881109,0.1653599582,0.1677189051,0.1699352536,0.1719238069,0.1739356979,0.1760649418,0.1782622888,0.1803801745,0.1823364647,0.1843356328,0.1864956419,0.188718851,0.1909594688,0.1932293886,0.1955647465,0.1979286315,0.2000158513,0.201851167,0.2034957764,0.2049048709,0.2057722285,0.2060588732,0.2055146676,0.2040277417,0.2015742112,0.1984008846,0.1944262957,0.1899339231,0.1853267606,0.1808725203,0.1768490257,0.173229914,0.1702545907,0.1674408908,0.1646170681,0.1612898425,0.1573608098,0.1530846397,0.1493506921,0.1472889441,0.1466838493,0.1453400613,0.1429597456,0.1399828621,0.1366656486,0.1331771224,0.1301811197,0.1279862889,0.1262343367,0.1240355442,0.1215684996,0.1190072836,0.1163881354,0.1133805732,0.1105267738,0.1074770457,0.1049166358,0.1019475113,0.09904651448,0.0959624111,0.09282242937,0.08974411064,0.08668640898,0.08370125005,0.08089923652,0.07798436386,0.07506629629,0.07229712528,0.06995080624,0.06751765987,0.06559836742,0.06356992042,0.06225398076,0.06050334017,0.0591129515,0.05819573932,0.0574582777
