1000,1005,1010,1015,1020,1025,1030,1035,1040,1045,1050,1055,1060,1065,1070,1075,1080,1085,1090,1095,1100,1105,1110,1115,1120,1125,1130,1135,1140,1145,1150,1155,1160,1165,1170,1175,1180,1185,1190,1195,1200,1205,1210,1215,1220,1225,1230,1235,1240,1245,1250,1255,1260,1265,1270,1275,1280,1285,1290,1295,1300,1305,1310,1315,1320,1325,1330,1335,1340,1345,1350,1355,1360,1365,1370,1375,1380,1385,1390,1395,1400,1405,1410,1415,1420,1425,1430,1435,1440,1445,1450,1455,1460,1465,1470,1475,1480,1485,1490,1495,1500,1505,1510,1515,1520,1525,1530,1535,1540,1545,1550,1555,1560,1565,1570,1575,1580,1585,1590,1595,1600,1605,1610,1615,1620,1625,1630,1635,1640,1645,1650,1655,1660,1665,1670,1675,1680,1685,1690,1695,1700,1705,1710,1715,1720,1725,1730,1735,1740,1745,1750,1755,1760,1765,1770,1775,1780,1785,1790,1795,1800,1805,1810,1815,1820,1825,1830,1835,1840,1845,1850,1855,1860,1865,1870,1875,1880,1885,1890,1895,1900,1905,1910,1915,1920,1925,1930,1935,1940,1945,1950,1955,1960,1965,1970,1975,1980,1985,1990,1995,2000,2005,2010,2015,2020,2025,2030,2035,2040,2045,2050,2055,2060,2065,2070,2075,2080,2085,2090,2095,2100,2105,2110,2115,2120,2125,2130,2135,2140,2145,2150,2155,2160,2165,2170,2175,2180,2185,2190,2195,2200,2205,2210,2215,2220,2225,2230,2235,2240,2245,2250,2255,2260,2265,2270,2275,2280,2285,2290,2295,2300,2305,2310,2315,2320,2325,2330,2335,2340,2345,2350,2355,2360,2365,2370,2375,2380,2385,2390,2395,2400,2405,2410,2415,2420,2425,2430,2435,2440,2445,2450,2455,2460,2465,2470,2475,2480,2485,2490,2495,2500
0.06648248,0.09247778,0.07981620,0.10051919,0.10317167,0.10162368,0.09323622,0.10028601,0.09779006,0.10124963,0.07577936,0.07085053,0.06927224,0.07515355,0.06435365,0.05650581,0.06375676,0.06630649,0.06194050,0.05680814,0.06155879,0.05901661,0.06743406,0.07067983,0.08024621,0.09165664,0.10228152,0.10878149,0.11164547,0.10762710,0.10199017,0.08831324,0.10196714,0.09266096,0.09556016,0.10774622,0.14069472,0.15413166,0.19049065,0.21116676,0.23047673,0.23559062,0.22852192,0.23947459,0.22750275,0.19131103,0.16946144,0.13512276,0.12478228,0.09654001,0.08941965,0.09371442,0.07046588,0.07529652,0.05735997,0.06372674,0.06584820,0.06466033,0.06402017,0.05897766,0.06215407,0.06899108,0.05771402,0.06000962,0.06096345,0.05300497,0.05626333,0.05307642,0.06528200,0.05558192,0.07192059,0.07291055,0.08500001,0.10632776,0.12521031,0.16430494,0.18535569,0.21784317,0.20674109,0.19044791,0.18495938,0.17345250,0.14538930,0.12918268,0.13573745,0.12734839,0.13831100,0.15963314,0.16577877,0.18092020,0.20294823,0.23601777,0.23724669,0.25975973,0.27855181,0.29793379,0.30432719,0.34218064,0.35119558,0.37567316,0.38368315,0.36425726,0.35620089,0.34366474,0.29083209,0.25367332,0.22302288,0.17512389,0.15221378,0.12266058,0.11403090,0.10389328,0.09193847,0.11005373,0.08884615,0.09004846,0.10402010,0.10394406,0.10845487,0.09119076,0.09064879,0.08963165,0.07947968,0.07184156,0.08285934,0.08513047,0.09348599,0.11516604,0.10920932,0.14342463,0.17189699,0.19556718,0.21960966,0.23963226,0.27717487,0.30248713,0.32314010,0.33531521,0.36210676,0.38991661,0.39624323,0.42275413,0.40503769,0.40563468,0.39464980,0.38294698,0.33648958,0.31153063,0.27774814,0.24278280,0.22736278,0.21185351,0.19663443,0.20535714,0.18891898,0.18036525,0.16589517,0.15542224,0.13700807,0.13750459,0.11223463,0.09142215,0.08682055,0.07156501,0.07338595,0.06254326,0.07714521,0.06513492,0.07090825,0.06228316,0.06414627,0.05907996,0.06208770,0.06491520,0.07518018,0.07956335,0.08032837,0.07116250,0.07054713,0.07476455,0.08455532,0.09852690,0.09332437,0.09663237,0.10732763,0.12562332,0.12251227,0.12370754,0.13174005,0.11359658,0.11793676,0.10551421,0.12088003,0.11092914,0.09885632,0.09460589,0.10628187,0.12223543,0.12405926,0.13291330,0.15763119,0.18191714,0.19809967,0.23235007,0.23810330,0.26972003,0.30672064,0.32725841,0.37074812,0.38003073,0.40048909,0.40890521,0.41532364,0.44649582,0.41906280,0.42256176,0.41710867,0.38673506,0.38709463,0.35909353,0.34239256,0.33027931,0.27910014,0.27355641,0.25184558,0.21779007,0.20691171,0.20566804,0.20804225,0.20302935,0.22358811,0.23448863,0.24682263,0.27268979,0.26762637,0.27385258,0.27531503,0.27644240,0.24537280,0.22517144,0.21801856,0.18597082,0.16862706,0.14029976,0.14283703,0.12915414,0.12370480,0.12571125,0.13494978,0.15326278,0.18301343,0.20899510,0.24551930,0.28037672,0.33330820,0.36524220,0.41553560,0.45815875,0.48797829,0.49527360,0.51858647,0.51695027,0.54376362,0.52763293,0.47832595,0.48517700,0.44436366,0.43532288,0.40427778,0.40500997,0.39249050,0.32910080,0.29322379,0.24453320,0.19072636,0.17303014,0.13025629,0.09549717,0.08432291,0.07114842,0.07144087,0.07087878,0.06089547,0.06456980,0.06151017,0.05547856,0.06900512,0.06515182,0.06894901,0.06569239,0.07383059,0.07055143,0.06964690,0.08520025,0.07762063,0.06898750,0.07445055,0.06894234,0.07030652,0.07401413,0.07040698
0.01858274,0.00654270,0.00983957,0.01911775,0.02321658,0.02315199,0.02796818,0.01852947,0.02825297,0.01512729,0.01556847,0.01566355,0.00772557,0.00725190,0.00738553,-0.00163981,0.00683348,0.01566731,0.00642761,0.00955001,0.00943580,0.00054861,0.00642255,0.00824493,0.01686728,0.02623238,0.02488487,0.03630848,0.03640143,0.04514547,0.02962240,0.03660773,0.02742122,0.02326097,0.04215856,0.04786565,0.04109709,0.06027290,0.07938558,0.10479127,0.12648053,0.13512766,0.14688938,0.13791351,0.14571978,0.12909327,0.11763766,0.09903920,0.08146057,0.05665141,0.04200330,0.02833559,0.01984174,0.01806436,0.00777988,0.01388805,0.01092634,0.01150659,0.01344761,0.00491360,-0.00374484,0.00824559,0.01513400,0.01363515,0.00285502,0.00189687,0.00134058,-0.00614252,0.00735541,0.01276015,0.00752547,0.02368276,0.02406276,0.03609961,0.03508284,0.06285588,0.08050781,0.12416836,0.13212553,0.13255423,0.13138382,0.12620470,0.11643194,0.12337649,0.13577773,0.13199782,0.17290144,0.19268285,0.24008983,0.26197319,0.29825419,0.33330086,0.35505719,0.37813191,0.36381456,0.39516313,0.39786812,0.36680533,0.36672470,0.34210086,0.32350876,0.31991989,0.28198378,0.26827807,0.22210421,0.19140722,0.15179736,0.13570216,0.11989479,0.10138276,0.09479408,0.10176025,0.10575758,0.12586762,0.14066677,0.14154958,0.17132861,0.15795407,0.15245233,0.14212420,0.13840442,0.09587595,0.09455516,0.06971517,0.04949852,0.04656624,0.03515162,0.04514683,0.03822189,0.05197442,0.05633628,0.06019679,0.06714986,0.11153706,0.11468031,0.13794028,0.15955346,0.19044086,0.21040899,0.22265608,0.24361613,0.25933880,0.27367491,0.27162390,0.27130941,0.26913995,0.25021103,0.22992318,0.22876768,0.20321493,0.18531449,0.15728214,0.14248968,0.13373670,0.11615337,0.12198363,0.10345224,0.11161349,0.08899273,0.09071617,0.07074576,0.05439829,0.03830714,0.03749835,0.03598412,0.01835024,0.01295557,0.00691033,0.02085980,0.00627237,0.01914829,0.00537925,0.01224270,0.01214728,0.01141053,0.01537556,0.01609258,0.01944246,0.01831929,0.02785384,0.03734398,0.03712338,0.04791086,0.05485307,0.06932667,0.06371611,0.07606446,0.07646112,0.08372478,0.08167380,0.08132867,0.07846434,0.07514597,0.07419157,0.06656704,0.07528235,0.06071147,0.04624666,0.06465723,0.07011946,0.07477326,0.06926329,0.08841297,0.09792817,0.11842846,0.13581211,0.16057691,0.19722164,0.20858015,0.23733937,0.26188160,0.29397459,0.32983765,0.37183809,0.39615445,0.43215659,0.44584516,0.47252105,0.48618498,0.49230727,0.49737850,0.47559014,0.47269079,0.44093356,0.40466877,0.37774747,0.33869449,0.29324094,0.24605765,0.21573853,0.21482765,0.18785763,0.17427649,0.17785157,0.15565034,0.16396140,0.15373706,0.16066181,0.14631535,0.14369765,0.13522659,0.12429832,0.10662353,0.10032522,0.09075482,0.09965632,0.09834215,0.09108757,0.12737491,0.16865903,0.17671832,0.20479833,0.26131296,0.29927626,0.32546938,0.36760989,0.39526452,0.41236923,0.44027255,0.46642061,0.44858920,0.44859102,0.44503499,0.41794128,0.40499246,0.37908158,0.37221305,0.34546524,0.33119865,0.32154372,0.32560059,0.29263051,0.25422149,0.22874790,0.19422233,0.14338781,0.10677816,0.08458266,0.03808402,0.03593132,0.02659931,0.01589962,0.01775084,0.01227638,0.01317437,0.01192644,0.01323596,0.02484498,0.01070162,0.01268820,0.01952521,0.01349552,0.01512059,0.01494853,0.01217818,0.02109780,0.01623388,0.02419885,0.01726493,0.02261900,0.01904493
0.04696265,0.05908575,0.06602649,0.06988325,0.06531617,0.08154695,0.06503699,0.07411998,0.07508485,0.06386762,0.05978048,0.04930325,0.04717147,0.03976661,0.02827967,0.02865420,0.03709754,0.03246833,0.03102275,0.01667182,0.03016235,0.03165195,0.03913599,0.04545555,0.04836185,0.07015695,0.08492459,0.08162513,0.09420138,0.09135028,0.07117848,0.07589778,0.06375933,0.05397631,0.05725832,0.07587164,0.08712301,0.09619257,0.11350498,0.12495199,0.15864134,0.15855369,0.16763501,0.16185889,0.15779095,0.15116596,0.12308253,0.10697372,0.08022492,0.06763742,0.06925957,0.05883918,0.04729082,0.04301518,0.04536085,0.04290897,0.02639999,0.04493489,0.03152378,0.03340248,0.04093804,0.03856349,0.04929647,0.04013310,0.03128982,0.03902950,0.03525471,0.04772992,0.03901555,0.04115395,0.04124452,0.04870891,0.05727419,0.06948024,0.09088678,0.11274822,0.12653909,0.13356073,0.15633090,0.15662968,0.14907940,0.15047160,0.14799846,0.14790177,0.16101397,0.18228284,0.20898396,0.23538406,0.26340949,0.27124113,0.29717044,0.31797665,0.33129689,0.35242050,0.36739208,0.38036169,0.38509187,0.41061408,0.41528042,0.42473274,0.40742767,0.42160304,0.39059869,0.36083767,0.33076219,0.29058621,0.23293279,0.19966188,0.15926613,0.12095057,0.10904008,0.10717978,0.09830934,0.09164966,0.08380020,0.10314997,0.09338370,0.09128114,0.09032845,0.09082705,0.08242747,0.07547248,0.07312500,0.07154752,0.08252896,0.07337383,0.08322747,0.09802924,0.10641094,0.12669253,0.14478331,0.17414997,0.18983934,0.20547236,0.23746249,0.26716528,0.28784221,0.30934127,0.31443061,0.34310265,0.34280002,0.33148979,0.32505823,0.32523001,0.33302729,0.30419664,0.28217825,0.24738205,0.23652839,0.22643172,0.18453182,0.18832617,0.18788070,0.18732858,0.18154271,0.17457792,0.17169741,0.16948624,0.16214397,0.13853052,0.11437453,0.10543956,0.08419638,0.07949769,0.06954854,0.06717396,0.06293958,0.06765680,0.05743826,0.05762293,0.05982829,0.05977502,0.06360314,0.06563348,0.07689271,0.08501165,0.09265180,0.10440249,0.11161136,0.12098626,0.13228205,0.15619970,0.16755970,0.18390220,0.20811562,0.21134835,0.22549116,0.22401371,0.24757354,0.23630972,0.24498162,0.21786477,0.21549295,0.20876433,0.19810273,0.18692801,0.16479580,0.15751247,0.15436036,0.16168738,0.16124785,0.17892708,0.20647231,0.23118414,0.26160393,0.28594074,0.31082805,0.34620797,0.37447077,0.41145707,0.41567532,0.45245154,0.45882489,0.47844250,0.47809291,0.49982420,0.49433446,0.49458370,0.45755368,0.43835799,0.41189236,0.39227027,0.37253721,0.33778200,0.29372976,0.28214019,0.25395150,0.24313155,0.23123843,0.23801461,0.24378582,0.23195494,0.26001033,0.28647034,0.29601915,0.30994928,0.30627519,0.28789641,0.27536813,0.27193699,0.23985781,0.23226308,0.20659565,0.18361576,0.16581686,0.14456521,0.14511760,0.15921676,0.16547618,0.18197799,0.21212884,0.24012120,0.27468696,0.30319966,0.35359690,0.39611988,0.41359953,0.46522224,0.49533619,0.52268230,0.54137754,0.52548107,0.51649809,0.49469179,0.47046407,0.47070867,0.45823532,0.43099983,0.41213004,0.37246594,0.36698091,0.34414859,0.29682266,0.25885802,0.23784996,0.17805976,0.16051271,0.12454467,0.11617654,0.10116121,0.10197353,0.09779708,0.08963623,0.09558610,0.10655625,0.10724659,0.11101469,0.11354104,0.11567262,0.11829004,0.11167269,0.13274761,0.11843938,0.13957103,0.12581530,0.12485389,0.14179246,0.13606817,0.13180185,0.13241924,0.14838230
0.08608503,0.08802635,0.09061222,0.10011970,0.11673986,0.11851111,0.12906753,0.12207677,0.11322012,0.10848420,0.09044553,0.08477442,0.08857158,0.07623752,0.07003457,0.06103091,0.06968454,0.06949552,0.04809434,0.06554580,0.06742196,0.07341176,0.07111620,0.08182404,0.10058553,0.11351798,0.12436857,0.13715112,0.13665713,0.14867434,0.12378265,0.11580488,0.11118135,0.08172919,0.08797080,0.08834510,0.09072375,0.09916611,0.09507537,0.11327382,0.11927303,0.12635024,0.12453111,0.12034076,0.12154340,0.10487631,0.10320340,0.10181757,0.09093641,0.07908657,0.08238620,0.07186472,0.06335673,0.06960612,0.07599535,0.07158568,0.06553845,0.06519957,0.07368813,0.06504977,0.07323290,0.07315448,0.06721456,0.07936921,0.06716926,0.07506582,0.06851575,0.07762341,0.06713803,0.06801569,0.07731168,0.06730673,0.08312947,0.08847279,0.09346019,0.10002683,0.11132285,0.12511011,0.11729683,0.14041093,0.14013117,0.14881435,0.15337305,0.16455697,0.18886206,0.22037206,0.23182575,0.27067433,0.30208641,0.32372591,0.33412299,0.36933992,0.38484385,0.39489752,0.39171499,0.39882326,0.43720199,0.42371665,0.43534914,0.45253167,0.48085567,0.45975530,0.45091412,0.44376245,0.40857798,0.36990811,0.32540045,0.26091553,0.24183132,0.20647699,0.16638122,0.15906978,0.17212340,0.17285358,0.18218720,0.18411203,0.18965437,0.18994620,0.17128799,0.16329994,0.16421051,0.14891111,0.14236897,0.13150948,0.11508280,0.12549745,0.12242984,0.13067929,0.15122253,0.18658077,0.20353476,0.22748124,0.24732251,0.28061084,0.30954796,0.32196446,0.33166634,0.35077231,0.35969343,0.34609662,0.33226867,0.30195354,0.29148361,0.27234780,0.26019298,0.24554390,0.22544923,0.20136318,0.17599497,0.16499702,0.16638958,0.15252177,0.13736541,0.13919827,0.14138567,0.13156618,0.12277760,0.13310686,0.12871482,0.12624916,0.10918499,0.10931194,0.09380960,0.09733630,0.08247233,0.08804830,0.08664544,0.08627544,0.09687981,0.09061806,0.08793497,0.07931859,0.09935568,0.09440071,0.10970700,0.10463254,0.10760519,0.10766017,0.12879468,0.13327310,0.13923080,0.15379802,0.15509323,0.17414315,0.18701000,0.19494447,0.20217281,0.21057499,0.20360258,0.23233801,0.22261818,0.21949704,0.20094835,0.18599908,0.18776686,0.18826395,0.17508342,0.18339787,0.18507821,0.19954250,0.22667438,0.22748302,0.25999078,0.29179652,0.33874033,0.37537076,0.38776911,0.43834946,0.47239345,0.50095005,0.53543115,0.53642612,0.56435500,0.57077039,0.58288144,0.56952001,0.56034805,0.55090485,0.54078559,0.51937528,0.47652952,0.45742153,0.42521212,0.39572349,0.37199604,0.34946096,0.32974441,0.30853140,0.30539557,0.30981092,0.32118922,0.33053853,0.34218270,0.37795628,0.38737229,0.39333246,0.40830864,0.39745082,0.40003237,0.35778873,0.34636863,0.31102944,0.28262551,0.25789506,0.21881548,0.21483297,0.20433265,0.20542564,0.19786376,0.22046385,0.23034319,0.25612639,0.29015536,0.32728481,0.34335052,0.37930887,0.39835059,0.45153028,0.45874288,0.46614071,0.46659009,0.44593539,0.44390550,0.40355634,0.38406866,0.33777928,0.31901149,0.29245983,0.26585763,0.24805545,0.22345851,0.22370849,0.20240739,0.17601772,0.16693950,0.14223183,0.12754547,0.12090687,0.12934406,0.10422337,0.10786110,0.10786997,0.10541958,0.10371257,0.10805534,0.10829892,0.12086878,0.11680622,0.11915697,0.11446339,0.11563377,0.12603107,0.13613980,0.12961584,0.12515400,0.12965018,0.12781769,0.12776365,0.13220374,0.12335559,0.14255488
0.04044201,0.04340990,0.05656459,0.07043291,0.07468389,0.08636405,0.08133074,0.09315221,0.07239226,0.06417763,0.04804038,0.04087994,0.02909317,0.02605840,0.02432826,0.00880281,0.01872454,0.01368781,0.01100468,0.01775853,0.01134421,0.02218824,0.03253503,0.02991095,0.04446620,0.06174241,0.08479796,0.10697475,0.11324696,0.09539807,0.09315850,0.07359317,0.05088611,0.05047446,0.05191139,0.04657202,0.06618764,0.06815347,0.08732012,0.09503609,0.10535596,0.11959395,0.12886453,0.11871727,0.11270020,0.09862825,0.07941781,0.06929240,0.04632035,0.04181256,0.03614749,0.02831676,0.02973743,0.02106863,0.03043883,0.01567674,0.03186216,0.02361696,0.01894153,0.03036609,0.01821665,0.02263164,0.01810908,0.02693288,0.01922025,0.02483004,0.02911707,0.02367172,0.02752865,0.03350586,0.03132105,0.04450380,0.04172559,0.04566401,0.06901352,0.08315901,0.09234875,0.11536886,0.12193934,0.13181480,0.12574659,0.13119216,0.14045087,0.16042780,0.16707938,0.18937273,0.21788970,0.25744784,0.29140837,0.32511476,0.33959683,0.35957681,0.36664780,0.38420446,0.37092939,0.38081383,0.39150251,0.41422343,0.44478840,0.46556074,0.47485668,0.47664370,0.45301595,0.41765079,0.37253416,0.32921547,0.28520938,0.24430802,0.18833104,0.15755924,0.13814544,0.12013214,0.11852576,0.11981343,0.14072859,0.13581154,0.14936466,0.13784544,0.12862366,0.13108361,0.09491191,0.10290981,0.09654392,0.08026661,0.07774159,0.08031499,0.09125031,0.09539570,0.13565146,0.15282226,0.19032602,0.22645039,0.25323360,0.28319477,0.31327856,0.35035361,0.35200307,0.36151542,0.38227749,0.35879708,0.35286282,0.33500850,0.31055279,0.30828003,0.28260398,0.26442841,0.24043157,0.19154974,0.18379789,0.16897432,0.15612284,0.12782222,0.13085238,0.12087574,0.12102305,0.11427019,0.10577268,0.10579628,0.09339946,0.08535409,0.08112756,0.07153371,0.05559578,0.05861087,0.05666733,0.04487619,0.05900184,0.05848654,0.06104236,0.05310942,0.04614269,0.05721775,0.05551720,0.06821915,0.06279870,0.07167120,0.07103147,0.08923997,0.09849859,0.12342296,0.12494269,0.13286065,0.15480019,0.17436773,0.17842949,0.20807531,0.20001380,0.22249939,0.21266374,0.23466628,0.22123990,0.21307694,0.18716828,0.19324290,0.16788617,0.17526564,0.16801674,0.17568900,0.16679130,0.19343492,0.20509001,0.22707302,0.26271640,0.29368905,0.32408529,0.39122181,0.42504279,0.45795383,0.49925560,0.52862360,0.54010753,0.55388201,0.57979305,0.58006058,0.57291367,0.55993247,0.56228492,0.52453669,0.49565359,0.47457208,0.44852095,0.42080082,0.40616715,0.34346566,0.33524001,0.29898330,0.29245699,0.28525493,0.28606781,0.29578298,0.31058301,0.33521337,0.35598467,0.38545543,0.38934210,0.42163326,0.42405095,0.39397630,0.36626480,0.33985058,0.31177981,0.27559166,0.24739130,0.21479132,0.20094272,0.18073645,0.17996954,0.17633962,0.17397808,0.19652728,0.22232874,0.25085578,0.28250421,0.32200267,0.36012157,0.39355001,0.43921207,0.46369052,0.48466922,0.48735073,0.48993428,0.49919804,0.47004674,0.46689344,0.40178477,0.36481272,0.33769897,0.30453360,0.29426167,0.26618496,0.26105653,0.22058543,0.20542520,0.17194794,0.15499420,0.12409077,0.11868315,0.09100242,0.09739729,0.07853823,0.07483541,0.08979498,0.07701336,0.08156607,0.09969216,0.09812705,0.08935155,0.09240875,0.09389574,0.09109641,0.10186578,0.11325513,0.10205783,0.11327965,0.11629563,0.10932120,0.12703663,0.10568261,0.12364062,0.12186597,0.11387772
0.02351370,0.01414686,0.01620113,0.01716966,0.01668491,0.01175579,0.01171504,-0.00075924,0.00740014,0.01020844,0.00757851,0.00799376,0.00560215,0.00327908,0.00182812,-0.00301915,-0.00130619,-0.00253703,0.00276536,0.00498517,0.00074027,0.00086103,0.00216297,0.00748849,0.00909338,-0.00456760,0.01915700,0.01091640,0.02197719,0.01348992,0.01928501,0.01197571,0.02381426,0.01691702,0.03169395,0.03493438,0.04016115,0.05209408,0.07700454,0.09536033,0.11337112,0.13296726,0.13713506,0.14454465,0.13546762,0.12181674,0.10474565,0.09033279,0.07863188,0.05438909,0.04147771,0.02441184,0.02388168,0.01088867,0.01382439,0.01249981,0.01222610,0.01199721,0.01848638,0.00182021,0.00453362,0.00559692,0.01755009,0.01204711,0.00465548,0.01775013,0.00828363,0.01177964,0.00529337,0.01277177,0.01526189,0.02046604,0.01662597,0.03822115,0.04846821,0.07041265,0.10001087,0.10873098,0.12908139,0.13429428,0.15408765,0.15646365,0.16389911,0.18832475,0.20003891,0.22684767,0.27595926,0.31446442,0.35589072,0.41462436,0.45325995,0.45510628,0.46127058,0.45620284,0.43512992,0.41488187,0.37786255,0.34242106,0.29385307,0.25458138,0.22816155,0.21585462,0.18105826,0.15572209,0.13584176,0.09644162,0.09807335,0.09033638,0.07485397,0.08237764,0.06844663,0.08446849,0.09609802,0.10282679,0.12512688,0.12965754,0.14118023,0.14408165,0.13442048,0.13782501,0.11861612,0.11142464,0.08038647,0.06189932,0.05391299,0.05310007,0.03888592,0.03786363,0.03427059,0.06205502,0.05483665,0.06332449,0.05426763,0.07191399,0.08584778,0.11269307,0.10940201,0.14619954,0.15322412,0.18268621,0.20418223,0.22978547,0.23913184,0.27035915,0.24713544,0.26394007,0.25657625,0.24313241,0.21136104,0.18740189,0.16309264,0.14498975,0.13567366,0.12307806,0.08705107,0.08302476,0.07101455,0.05726224,0.06913423,0.05516595,0.05067808,0.04881317,0.05158365,0.03810072,0.04342116,0.04039858,0.03324998,0.03635972,0.03187511,0.04048762,0.04496869,0.04296205,0.03734479,0.04597533,0.05150606,0.06502799,0.06486548,0.08917457,0.10235188,0.12063017,0.15022971,0.15364804,0.19246890,0.22425226,0.24459480,0.27938508,0.29544260,0.32857200,0.31550533,0.32786985,0.32613320,0.31428655,0.29183802,0.28525089,0.27539112,0.23470662,0.21009204,0.18294323,0.16749290,0.15625759,0.13863024,0.12616188,0.10281417,0.10285617,0.11600274,0.11096623,0.11891586,0.13133196,0.14808033,0.16699871,0.18486619,0.19249407,0.21638815,0.23418364,0.26686396,0.28338397,0.30610200,0.33892124,0.34162959,0.34096347,0.35486756,0.35825734,0.34423461,0.31422154,0.30397571,0.27736466,0.26966716,0.23958985,0.20667598,0.19795907,0.15762456,0.15279440,0.15262614,0.14534717,0.12522930,0.12264956,0.12802509,0.12671451,0.11856722,0.10411867,0.10408760,0.10203879,0.09043426,0.09220728,0.07862456,0.09615127,0.09783060,0.11050529,0.12051032,0.13622832,0.16624350,0.17449006,0.20868512,0.22257595,0.25102807,0.27456449,0.31096050,0.32254040,0.33378848,0.33038565,0.35675457,0.35259974,0.36510770,0.36332781,0.33683272,0.32507714,0.30560268,0.30355782,0.30298110,0.27277574,0.27122566,0.24879246,0.24336868,0.21304362,0.20504748,0.15225479,0.14213426,0.11177354,0.09854542,0.08113297,0.09143542,0.07888677,0.07020707,0.06824492,0.07848546,0.07695209,0.08189146,0.07900206,0.08479814,0.09641874,0.11387528,0.11312589,0.10535634,0.12019799,0.11666757,0.13540033,0.12522517,0.13911888,0.14242081,0.13913970,0.15058116
0.03267245,0.02393590,0.02578861,0.03341620,0.02918232,0.03464577,0.02767756,0.04379930,0.02944613,0.01928995,0.02147301,0.01670305,0.02490592,0.01277274,-0.00180000,0.01334575,0.00189734,-0.00019571,0.01148722,0.00888807,0.00178351,0.01430979,0.01661622,0.01448868,0.02277967,0.03237138,0.03453505,0.03035457,0.02898787,0.03685016,0.04638120,0.03888909,0.03364313,0.03635773,0.03071195,0.03544829,0.04854809,0.05643883,0.07979076,0.09567709,0.10808541,0.11525534,0.12280396,0.11824902,0.11491137,0.10183208,0.08201437,0.05691563,0.05981276,0.03227990,0.02269209,0.02967949,0.01216751,0.01822753,0.01005200,0.00541588,0.01400337,0.01802570,0.01180496,0.00343264,0.01473991,0.02087612,0.01801372,0.01007470,0.01179051,0.01336048,0.01617701,0.00618470,0.01455132,0.01845067,0.01419269,0.02113317,0.02779623,0.04624446,0.05950508,0.07286267,0.10819500,0.11982396,0.14150369,0.14068964,0.16556251,0.15853868,0.18161956,0.22351820,0.26064138,0.30753043,0.38300390,0.42300678,0.49210095,0.53101552,0.57320370,0.57601777,0.58946363,0.61413641,0.59013659,0.55533304,0.50421194,0.47343180,0.41981844,0.39334279,0.33606215,0.31562728,0.27434559,0.23506199,0.22514873,0.16576899,0.14097401,0.13463096,0.13226246,0.11748124,0.14210246,0.14372200,0.17131234,0.19987805,0.22717793,0.24238686,0.24706422,0.23807015,0.21866418,0.18971696,0.16166377,0.14287627,0.11375792,0.08814321,0.07824065,0.06888860,0.05131221,0.04994196,0.07386698,0.07795784,0.08631553,0.09487918,0.11111655,0.12067379,0.14520579,0.15983388,0.17181591,0.18279937,0.20177034,0.21814282,0.20837170,0.21885325,0.21861633,0.21571956,0.22924096,0.22124909,0.20868909,0.20249788,0.15761318,0.14937308,0.12785496,0.10684189,0.11238565,0.09626801,0.08083724,0.08070756,0.06880200,0.06780392,0.07058789,0.07204108,0.05431502,0.04927637,0.03423956,0.04058722,0.03408711,0.02887383,0.02416398,0.03384931,0.03612166,0.02841366,0.04387904,0.03636324,0.04321496,0.04364426,0.05399415,0.06506371,0.07214954,0.09118181,0.11105311,0.12123089,0.15079041,0.18551440,0.21299984,0.22242680,0.25502950,0.26721473,0.28854152,0.29636390,0.30796543,0.29040372,0.28624477,0.27070204,0.27472539,0.25281040,0.21936888,0.19803514,0.16657603,0.16123881,0.14566599,0.14294610,0.15161634,0.14204014,0.13666019,0.14709046,0.17342324,0.18374209,0.21363846,0.24346906,0.28843024,0.31215510,0.33543076,0.36255132,0.40474757,0.42894195,0.50187875,0.52216701,0.54894643,0.58297783,0.61522321,0.60699178,0.58646739,0.56535917,0.54058130,0.50206178,0.46341986,0.42273133,0.39715644,0.33661651,0.30117018,0.26520799,0.23850626,0.22362133,0.21924488,0.20949659,0.21400755,0.20364833,0.20249495,0.19451804,0.18166555,0.17809180,0.16276772,0.13945269,0.14402679,0.14037138,0.13709160,0.14553213,0.16547631,0.18935624,0.21291291,0.24242260,0.28018332,0.33254227,0.37164177,0.39648681,0.42635367,0.44409277,0.48641928,0.48356661,0.48100580,0.45174157,0.44905047,0.43377985,0.41525112,0.38028494,0.33543803,0.32292437,0.29306676,0.28281938,0.26138639,0.23594172,0.23545354,0.20967658,0.18824228,0.17697579,0.15428637,0.11394275,0.10131512,0.09567510,0.08089296,0.08805179,0.07152991,0.06684152,0.06623804,0.07017357,0.07490115,0.08148971,0.08496540,0.08740810,0.09346492,0.09605077,0.10693262,0.11371012,0.11647327,0.12200553,0.12725870,0.12642355,0.12803200,0.12009391,0.14316134,0.13671892,0.14770695
0.02381839,0.03025600,0.02246147,0.02483978,0.02175521,0.02177440,0.03133006,0.03842731,0.03192975,0.02327328,0.01709271,0.02327634,0.00902947,0.00794674,0.00560230,0.00230841,0.00399257,-0.00074824,0.00175907,0.00623018,0.00438782,0.00665905,0.00932402,0.00522746,0.00960385,0.01591790,0.01971220,0.03186125,0.03466044,0.03033920,0.03548620,0.02424937,0.02321583,0.01688377,0.02645270,0.02241266,0.02224762,0.03542813,0.03274430,0.04384337,0.05111859,0.04996263,0.06685126,0.04811046,0.05509191,0.03699655,0.04782369,0.03682034,0.02659712,0.01319006,0.01262930,0.00817464,0.00307164,0.00757922,0.00478719,0.01483640,0.00605513,0.00287266,0.00141265,0.00240469,-0.00040491,0.01166786,0.00199747,0.00394358,-0.00055452,0.01619392,0.00381050,0.00349980,0.00413216,0.01098544,0.00987066,0.01302206,0.01312011,0.03191672,0.02447275,0.03347128,0.04002248,0.06117860,0.06730446,0.06506806,0.07911306,0.08720449,0.11503409,0.13550140,0.16595072,0.20190804,0.23987837,0.26601282,0.31031254,0.36936801,0.37925413,0.41170643,0.40383514,0.41523318,0.39862165,0.37174774,0.36017206,0.34432861,0.34024656,0.29960725,0.28543726,0.25769195,0.21833579,0.20160400,0.17764692,0.15105364,0.11743482,0.12038920,0.09623003,0.10087875,0.08136998,0.10094380,0.10200295,0.11735023,0.13191815,0.13927565,0.15177670,0.14435599,0.11446156,0.12323584,0.09537607,0.09155620,0.07437111,0.05919541,0.03614974,0.03160034,0.03801365,0.03509094,0.03465870,0.05399822,0.05714369,0.06999996,0.07797655,0.09186399,0.08944708,0.11440718,0.13590911,0.12860768,0.12991408,0.13732215,0.13100937,0.12850318,0.14099807,0.13293955,0.12108819,0.10990530,0.10901240,0.09862988,0.08977688,0.07738086,0.07546574,0.06534461,0.05766260,0.07273752,0.06031496,0.05671692,0.06738645,0.06161673,0.05371560,0.05313687,0.04010375,0.04651908,0.02195623,0.01062660,0.02783461,0.00982431,0.01922880,0.01213223,0.01391192,0.00985087,0.02273626,0.01615228,0.01628303,0.02227131,0.02162279,0.02826502,0.02735298,0.05809716,0.07640648,0.08044527,0.08741833,0.11755070,0.12392801,0.14436614,0.15633654,0.18227588,0.18978860,0.20134635,0.19903042,0.20274085,0.21294695,0.19157779,0.17849737,0.17658646,0.14460149,0.13196182,0.12306697,0.10276456,0.09503314,0.10140258,0.09460648,0.08571660,0.10189764,0.10247598,0.12274996,0.14912889,0.15670580,0.18181479,0.19342249,0.23542210,0.24432968,0.27288399,0.32010209,0.33068423,0.34809647,0.37713036,0.39308673,0.39566523,0.41572733,0.42099908,0.40519346,0.39170930,0.37524662,0.35137545,0.32529704,0.29581523,0.25865875,0.22962044,0.21551319,0.17970081,0.15349015,0.17097049,0.16028979,0.14334810,0.16414561,0.14740873,0.14900502,0.15590653,0.13260942,0.12766434,0.09722771,0.10524701,0.09764441,0.07941621,0.07350852,0.09399684,0.08993394,0.09532383,0.10336375,0.15271164,0.16731551,0.21205363,0.23881290,0.27019102,0.28048531,0.30637473,0.30580371,0.31391639,0.31558389,0.32697234,0.28698393,0.27620131,0.26319651,0.23342199,0.23124056,0.18806752,0.18453129,0.17479294,0.16161507,0.16880855,0.14100208,0.13560468,0.11597859,0.09339828,0.07469506,0.05154452,0.04427746,0.04176802,0.02087233,0.02418680,0.02092964,0.02503596,0.02477936,0.02943736,0.02412720,0.03553829,0.03955078,0.03263979,0.03970313,0.03832506,0.04398919,0.04646454,0.04800212,0.05020262,0.06734971,0.05956700,0.06028765,0.06300801,0.06830454,0.06460057,0.07415263
0.00645128,-0.00841816,-0.01228364,0.00509675,0.01200373,0.00583735,0.00943842,0.02203382,0.02042906,0.00874612,0.00305579,-0.00297647,-0.00501546,-0.00282665,-0.00284920,-0.00537383,-0.00564285,-0.01488791,-0.01083555,0.00215401,-0.00882039,-0.01023957,-0.00466755,0.00431180,0.00422037,0.01299803,0.01958382,0.02336776,0.02756549,0.03564795,0.03049058,0.02111266,0.02216081,0.03027481,0.04393167,0.05289449,0.07671478,0.10627871,0.13378977,0.16402360,0.18582938,0.20705607,0.22668899,0.21711360,0.21281563,0.18211419,0.15625112,0.11994941,0.08611237,0.06685619,0.05787682,0.03616853,0.03302902,0.01904659,0.01379774,0.01216860,0.00733947,0.00726581,0.01465656,0.01077690,0.00886964,0.01226792,0.01294240,0.01103335,0.00904273,0.00056390,0.01509191,0.01048957,0.01155613,0.01778732,0.02715694,0.02784165,0.03582519,0.05468750,0.08926468,0.10936975,0.15711616,0.17586636,0.18798699,0.19015773,0.17968794,0.16204126,0.14015953,0.12472130,0.10266591,0.12062688,0.12697644,0.13654964,0.15613803,0.15633141,0.18294822,0.18491925,0.21384685,0.21825417,0.24208675,0.25094034,0.25941044,0.27044187,0.26502536,0.29124902,0.28473963,0.26854653,0.24901220,0.22658079,0.21202222,0.18830505,0.16110770,0.12537989,0.10622413,0.08968726,0.07925394,0.08079933,0.07589443,0.07477350,0.07729771,0.07562380,0.07678916,0.09371474,0.08021278,0.07318463,0.08387141,0.06621680,0.05866452,0.05845970,0.07482222,0.05950395,0.05634430,0.06798479,0.07884037,0.08607429,0.11242147,0.10434151,0.14152477,0.17103016,0.17846980,0.22134749,0.23995976,0.27752093,0.31130602,0.35036659,0.35859496,0.38630043,0.39476893,0.41908716,0.39976703,0.41654764,0.38694788,0.36723797,0.33316714,0.28204754,0.26876894,0.23432614,0.20723003,0.18718730,0.17768264,0.16404343,0.15747373,0.12765296,0.13491339,0.11709257,0.09586621,0.10094600,0.08293367,0.06962348,0.05988278,0.05291944,0.06004934,0.06625477,0.06520545,0.04820934,0.06316538,0.05975627,0.06325166,0.05482909,0.06432815,0.06847502,0.06737532,0.06938865,0.07743955,0.08137604,0.09142351,0.09510105,0.10420527,0.11714387,0.12197113,0.12500468,0.13830216,0.13440988,0.14919846,0.13928957,0.13114736,0.14184540,0.12954095,0.12343494,0.12778224,0.12330384,0.12185747,0.10998151,0.11000629,0.11797340,0.12274937,0.12803180,0.14803684,0.16801435,0.17781442,0.19059701,0.22468529,0.22505082,0.26422433,0.27242205,0.28250721,0.30076177,0.32361964,0.35395979,0.34170462,0.36926126,0.38057912,0.36015717,0.36965768,0.35593889,0.33401947,0.31769296,0.30407764,0.26983632,0.26262457,0.23842188,0.22430451,0.18922955,0.20301526,0.19605716,0.19572720,0.20149111,0.20273504,0.20589347,0.21744059,0.20936212,0.21204101,0.21535585,0.20843934,0.21457172,0.18974272,0.18547476,0.17662708,0.14855383,0.12697768,0.13145568,0.12789938,0.13913935,0.14290377,0.17170786,0.16685125,0.20840155,0.23597217,0.25325908,0.29901727,0.32099249,0.38728714,0.40106749,0.45885770,0.49355510,0.50529854,0.54314692,0.53721724,0.53931907,0.54462551,0.52388824,0.51418122,0.51330857,0.49865982,0.49394067,0.46011930,0.42799807,0.37256493,0.32244385,0.29207903,0.23442565,0.19415817,0.15064322,0.12387956,0.11372595,0.12316734,0.10517101,0.09484243,0.08725735,0.09969367,0.08411464,0.09757129,0.09619228,0.08819409,0.09732848,0.09557745,0.09331442,0.09105488,0.10899950,0.10155419,0.10621015,0.10592360,0.10578703,0.10773433,0.09418555,0.11313670
0.03291160,0.03244791,0.03241980,0.03871625,0.05080652,0.03822366,0.03876801,0.04083930,0.03193889,0.03578283,0.03483130,0.03724203,0.03826360,0.03975270,0.03332149,0.03671686,0.03408159,0.02986583,0.02385995,0.03703947,0.03323930,0.03586033,0.03988831,0.03792026,0.04538765,0.04878620,0.05462426,0.05401054,0.04739103,0.05360460,0.06419074,0.06240083,0.07158172,0.08656504,0.09595076,0.11302599,0.14779146,0.17405320,0.23247413,0.26329075,0.28840384,0.33184470,0.33675695,0.34301200,0.31327529,0.28277141,0.24958729,0.21647690,0.15833707,0.13040747,0.10623096,0.08895656,0.06535468,0.06390574,0.06218923,0.05551599,0.05831010,0.05073021,0.05943329,0.05743131,0.05357359,0.05621748,0.05930207,0.04793865,0.05842398,0.04894479,0.06493054,0.06483955,0.05513487,0.06804103,0.07068248,0.07794475,0.09567063,0.11939202,0.14318674,0.20599426,0.22771645,0.26483227,0.30246417,0.27915101,0.27159622,0.24228666,0.21121912,0.19098230,0.18325299,0.18038379,0.18686334,0.22151223,0.23312201,0.26336838,0.27777666,0.30936894,0.32528591,0.33527112,0.33117815,0.34620979,0.33656518,0.33417928,0.32308021,0.30880402,0.28625437,0.25668601,0.25051833,0.22769981,0.18451106,0.17403944,0.15699810,0.13696379,0.13707350,0.12601774,0.12441633,0.13571119,0.14375980,0.16155076,0.17758894,0.18191758,0.16581834,0.19343729,0.17542922,0.16642764,0.15808199,0.13401825,0.13883282,0.10897598,0.10865201,0.10944146,0.10424416,0.10281772,0.11200283,0.11966661,0.13283343,0.13616163,0.14121462,0.17072948,0.19752221,0.21789523,0.26584113,0.31096665,0.34594470,0.40656355,0.46102961,0.49782622,0.51154505,0.55703454,0.55623181,0.55307872,0.52059923,0.48702084,0.44971380,0.41055054,0.36844278,0.33194874,0.28742932,0.27590482,0.23536609,0.23310881,0.21693618,0.20127020,0.19068712,0.18162407,0.15555341,0.14220087,0.12608732,0.12928843,0.11858201,0.11450712,0.10676921,0.11640241,0.10564141,0.10080170,0.09142097,0.10982301,0.10798358,0.10876260,0.10798493,0.11277009,0.11084611,0.12587121,0.12164827,0.11104724,0.12829119,0.13151278,0.12110769,0.13983052,0.13884490,0.14744743,0.15051889,0.15476077,0.16008305,0.15065725,0.14373687,0.13768977,0.15828269,0.15333323,0.15685905,0.14648089,0.14418172,0.14338355,0.15198907,0.15844464,0.14884519,0.15127685,0.15445912,0.15460918,0.18873775,0.18855928,0.21863686,0.23443918,0.25482392,0.27135348,0.29400684,0.31676043,0.34904506,0.37833151,0.40582841,0.43264168,0.46025795,0.45352056,0.48139843,0.47341096,0.48482314,0.47549606,0.45875063,0.41256831,0.40633519,0.36584337,0.33996846,0.30409961,0.29206628,0.25772080,0.24346111,0.21526293,0.21737987,0.21703796,0.21795293,0.20420395,0.20283559,0.19323986,0.20274331,0.20980029,0.19623638,0.17924247,0.17796208,0.18294371,0.18323362,0.19432273,0.19466681,0.21605477,0.23029439,0.26438233,0.29683868,0.31975503,0.34875509,0.40103212,0.43856583,0.48439333,0.53131914,0.55633611,0.61808424,0.65440716,0.66501104,0.67348985,0.69717783,0.69369226,0.70108552,0.68347292,0.68084815,0.65826530,0.65022850,0.62224191,0.58831956,0.57936165,0.51479491,0.44022990,0.38482902,0.33378734,0.27552773,0.24049428,0.20808323,0.19329743,0.17499371,0.17674708,0.15924972,0.16750649,0.15987919,0.15920748,0.16151655,0.15199931,0.16654512,0.15604307,0.16118784,0.16287156,0.17206904,0.16912485,0.17723539,0.17754278,0.16236006,0.16558454,0.16332859,0.17470394,0.16209544
0.02120581,0.02488871,0.02830727,0.04281463,0.05380792,0.04309116,0.05299072,0.04903452,0.04163542,0.04992169,0.03608116,0.02121981,0.01099813,-0.00329948,0.00328789,0.00307010,-0.00592030,0.00277937,-0.00447457,-0.00314211,0.00116323,0.00157993,0.00827487,0.01701655,0.03068556,0.03993104,0.06804255,0.06485982,0.07308464,0.08981840,0.07420950,0.04887710,0.02695968,0.02918985,0.01869025,0.01560239,0.01977515,0.01519513,0.02293883,0.02973880,0.02977340,0.03568397,0.03684447,0.03170265,0.02453946,0.02717592,0.02590030,0.02687602,0.02493804,0.01317877,0.00994125,0.02004475,0.01332267,0.01635176,0.00720380,0.01897703,0.02985230,0.00631239,0.01004520,0.01870940,0.01639617,0.00436565,0.01645100,0.01942360,0.01929609,0.01835561,0.01366149,0.02729972,0.02806572,0.02566685,0.02468394,0.02106659,0.03060179,0.03685118,0.03797991,0.03304475,0.04813570,0.06152090,0.05826218,0.06196199,0.08171470,0.08455412,0.10009252,0.12533143,0.15680297,0.18649359,0.22377566,0.25681177,0.30268569,0.31266118,0.33956775,0.35787433,0.41408857,0.42853864,0.43605439,0.44867732,0.45444423,0.47866740,0.50239573,0.48551514,0.48968379,0.49572217,0.45424725,0.42966116,0.37590098,0.33055612,0.27414877,0.21497703,0.17619192,0.15572961,0.13231833,0.12485743,0.12411036,0.11209033,0.11970807,0.12936785,0.13018764,0.11255820,0.11878422,0.11505413,0.10246009,0.09243809,0.08896242,0.07463242,0.08045912,0.08779715,0.09284162,0.09961622,0.12701252,0.14253426,0.16928368,0.19157881,0.21499576,0.25218732,0.24332811,0.26658080,0.29158150,0.27681238,0.27998747,0.24908655,0.23970168,0.22195724,0.19601742,0.17365814,0.16716507,0.14023191,0.12432555,0.11709726,0.10972653,0.11785786,0.11695706,0.12522968,0.14673183,0.16194285,0.16434141,0.17992521,0.18274885,0.17576718,0.16079029,0.14568268,0.12216223,0.11254362,0.09330203,0.09364085,0.07749675,0.06792634,0.07717940,0.06128476,0.07145509,0.06960354,0.07020095,0.06938853,0.07396372,0.07559585,0.07459142,0.09835644,0.10027891,0.11011508,0.12031612,0.14853206,0.16186954,0.16268996,0.18580718,0.20452010,0.22365467,0.24046421,0.25619105,0.25582686,0.26343857,0.25309631,0.25410436,0.24670093,0.24056369,0.22519843,0.22990517,0.20883468,0.20727045,0.18895297,0.20034715,0.18852558,0.20624730,0.23411144,0.25447154,0.28907987,0.30628090,0.35878756,0.40153977,0.42137652,0.47257735,0.49758624,0.54772258,0.56566772,0.57452463,0.60247297,0.61411399,0.63066888,0.61024554,0.60291430,0.58329704,0.55318581,0.52391299,0.50712287,0.44967213,0.43739073,0.37722005,0.34612840,0.35055908,0.33526881,0.31334499,0.29874782,0.30663518,0.31699307,0.34296580,0.35656903,0.37643805,0.38662809,0.39649041,0.39493165,0.37880964,0.32740394,0.33100289,0.28871112,0.24833916,0.23410218,0.19889426,0.19877386,0.18097707,0.19836746,0.20573440,0.23850016,0.27143648,0.30784345,0.34677845,0.38211235,0.42599102,0.43530190,0.47806283,0.46988092,0.48879345,0.47293450,0.46889278,0.47341543,0.42815798,0.40132612,0.38144638,0.36980443,0.33980555,0.32092480,0.29996652,0.28852950,0.24969019,0.24548635,0.20334613,0.19230156,0.17434463,0.16299275,0.13701203,0.13649622,0.12834806,0.12360482,0.11166050,0.12681860,0.12200640,0.11971396,0.12638895,0.12887303,0.12241023,0.13740582,0.14065444,0.14499328,0.14745091,0.16009193,0.14993547,0.16348066,0.16782202,0.16389939,0.17395542,0.16455187,0.16661931,0.17065145,0.17314827
-0.03848550,-0.02176828,-0.02808750,-0.02681434,-0.01132836,-0.01547976,-0.01082157,-0.01553567,-0.02162833,-0.01325279,-0.02521038,-0.02521758,-0.04013452,-0.02916941,-0.03552242,-0.03473035,-0.05018804,-0.03010946,-0.03333790,-0.03756683,-0.02454210,-0.02981835,-0.01685580,-0.02312252,-0.02955391,-0.02048375,-0.01202357,-0.00189589,0.00323003,0.01221636,0.00583964,-0.01044970,-0.00721437,-0.01914481,-0.01396864,-0.00435248,-0.00802161,0.00098721,-0.00012847,0.01577262,0.02587859,0.03336738,0.03473168,0.03783867,0.03552766,0.01905054,0.01402883,0.00883221,0.00140789,-0.00160622,-0.01236988,-0.01387296,-0.00885513,-0.00539333,-0.01614654,-0.02062314,-0.01237118,-0.01556045,-0.00401545,-0.01676240,-0.00619150,-0.01544730,-0.00959726,-0.01016488,-0.02119651,-0.01383115,-0.01270777,-0.00845891,-0.00138674,-0.00416513,-0.01479171,-0.01001532,0.00540455,0.00436720,0.01737554,0.02554238,0.03097272,0.03858450,0.03418360,0.04183098,0.03908917,0.04422366,0.02628094,0.02370913,0.02736485,0.04019475,0.04386001,0.06408337,0.08217705,0.10692328,0.15656730,0.18658815,0.23210685,0.29766558,0.35733139,0.40607168,0.48935371,0.52150086,0.53823645,0.56658665,0.55248528,0.49587492,0.46247098,0.39489643,0.33301748,0.28501575,0.22459313,0.16881139,0.12612445,0.09739826,0.06491567,0.05225841,0.04255877,0.04023638,0.05060136,0.04796953,0.04306166,0.04598884,0.04423986,0.03901433,0.03849631,0.02886886,0.03036077,0.03237857,0.04344697,0.03450342,0.04687480,0.04832266,0.05579190,0.05935967,0.08282091,0.09258719,0.10815425,0.12428778,0.14331153,0.13286738,0.16362108,0.16045041,0.15877987,0.17230010,0.17003939,0.18181933,0.16537819,0.15884201,0.15673515,0.15663960,0.14859496,0.13942247,0.13824815,0.15683668,0.16267817,0.20755607,0.23379302,0.28527914,0.32148452,0.34993731,0.37555393,0.37525829,0.33792575,0.28946645,0.24112937,0.19869898,0.15745004,0.12838532,0.09239913,0.07871694,0.05890480,0.05326044,0.05709943,0.05712237,0.04912073,0.04200986,0.04619375,0.04652814,0.05112018,0.05459215,0.06210709,0.05556464,0.05190270,0.05869064,0.06236965,0.06458312,0.06503605,0.05784795,0.05580150,0.06406330,0.05910254,0.07346522,0.07543750,0.07919518,0.07273416,0.06647012,0.07745512,0.06848802,0.07561034,0.07491721,0.09287460,0.09069494,0.09871490,0.10544174,0.11029929,0.12345002,0.15040123,0.16702522,0.19843742,0.23406758,0.25617521,0.29648053,0.35238345,0.38443010,0.42437757,0.48286271,0.53973041,0.59532502,0.64398536,0.69962723,0.71569828,0.71108384,0.72749829,0.73400924,0.69308321,0.65352457,0.61470021,0.55938225,0.47979666,0.42590133,0.38503319,0.33555388,0.28911194,0.26204718,0.24552350,0.23651694,0.22121786,0.23586316,0.23760353,0.23661945,0.24010723,0.22212769,0.23171362,0.21440650,0.19229560,0.18729943,0.16987491,0.16653371,0.16690508,0.15922921,0.16745233,0.17482968,0.20018957,0.25008320,0.29325634,0.36108641,0.41456538,0.51122615,0.54297266,0.60699880,0.65502079,0.68812962,0.66503757,0.66102974,0.65361926,0.62257013,0.58255238,0.57482442,0.59873063,0.59309293,0.60274033,0.59498077,0.60890047,0.57985255,0.54733167,0.49789929,0.42638903,0.38240806,0.30503745,0.26263153,0.21791041,0.16643837,0.15934645,0.14748647,0.12713786,0.12414660,0.12276674,0.11925571,0.13146632,0.12810859,0.12600798,0.12479937,0.12559025,0.11191717,0.12509512,0.12426262,0.12732672,0.12362489,0.11804752,0.11735368,0.11554034,0.12606838,0.11918584,0.13324162,0.12424690
0.00981435,0.01282030,0.02086657,0.01533251,0.02497147,0.01665940,0.01972066,0.02645733,0.02331554,0.01923025,0.01120436,0.00557113,0.00162848,0.00068428,-0.01391965,-0.00659465,-0.00434755,-0.00077785,-0.00980608,-0.01102464,-0.00968579,-0.00708261,-0.01093670,0.00628158,0.01142719,0.02134024,0.01708649,0.04450222,0.03463240,0.03563481,0.03046878,0.01820637,0.00641264,0.02077254,0.00807247,0.00548491,0.01116774,0.00433232,0.01132588,0.02093272,0.02575643,0.02681245,0.02496867,0.03920830,0.02660924,0.02118715,0.02302126,0.02057246,0.00663057,0.00248439,0.00210583,0.00724421,0.01214338,0.01077290,0.00842238,0.00535974,-0.00138749,-0.00109333,0.00598603,0.00581375,0.00319863,0.01661987,0.00385031,0.00173601,0.00879608,0.01563075,0.01830143,0.01374560,0.01590286,0.01065181,0.01861730,0.01201876,0.01279529,0.03035950,0.03250381,0.03169329,0.03958712,0.03957389,0.05129918,0.06813580,0.07227160,0.08142566,0.10295754,0.11798470,0.13896150,0.17630498,0.20578141,0.22868789,0.27865426,0.30938400,0.30516629,0.37837343,0.37760975,0.42744441,0.42737094,0.46770484,0.48611745,0.49931391,0.53817123,0.51979564,0.53002020,0.49324082,0.46398175,0.40456074,0.33460828,0.29160034,0.23120754,0.19251325,0.13831336,0.12676072,0.09283860,0.07126844,0.07225756,0.06390494,0.06522886,0.07033526,0.05947412,0.06167394,0.05162524,0.06123199,0.05251895,0.04638217,0.04202942,0.05900247,0.05362743,0.06934861,0.06881471,0.06726313,0.09167439,0.10967760,0.11422997,0.13169089,0.14635984,0.15814634,0.18145004,0.18228355,0.20237358,0.19444050,0.19876301,0.20680541,0.19008640,0.17595988,0.17382976,0.16082428,0.14379396,0.13532660,0.13785775,0.12703477,0.11957272,0.13360300,0.13951101,0.15401280,0.19966807,0.21284259,0.24758140,0.25431614,0.28534794,0.27344239,0.27513256,0.23489357,0.20408279,0.16183970,0.13759654,0.11398658,0.09116963,0.08604859,0.07465521,0.07183854,0.06048639,0.05902347,0.06267416,0.08816074,0.07625909,0.08036718,0.09096638,0.09209653,0.10411725,0.13165002,0.15122376,0.16437968,0.18166083,0.20288693,0.23021966,0.26252102,0.27734109,0.29485786,0.32705054,0.32489577,0.32071267,0.32906759,0.32442828,0.33284536,0.30212190,0.28940492,0.25735997,0.23558200,0.23190828,0.21373259,0.20964364,0.19866450,0.19082164,0.19704664,0.19972607,0.22734015,0.25552953,0.27764624,0.30022374,0.33852960,0.37095243,0.42375898,0.43747839,0.48952504,0.54360998,0.54924064,0.57239706,0.57800839,0.60229756,0.60600771,0.60095682,0.58736122,0.56892332,0.53465588,0.49199298,0.43942445,0.39718899,0.36092006,0.31901239,0.28773012,0.26749607,0.25745113,0.24054610,0.25170855,0.25050746,0.27167739,0.26591490,0.27577435,0.27838780,0.27543630,0.26853985,0.26080981,0.23560874,0.22240636,0.19636075,0.18210438,0.18274464,0.17203672,0.17987830,0.18443409,0.19586992,0.21745935,0.26271916,0.29715910,0.35106534,0.40184022,0.44170267,0.48318899,0.51270674,0.53266793,0.55234873,0.52448898,0.52203314,0.51223829,0.49465667,0.47199473,0.46428185,0.45762590,0.47890867,0.45645000,0.44702862,0.43955959,0.41347573,0.37166510,0.33832722,0.27822857,0.24085645,0.19909769,0.19274726,0.16483562,0.15091002,0.14177131,0.14187868,0.13324316,0.13571121,0.13522617,0.14119203,0.13809522,0.14944816,0.14758299,0.15102928,0.15808553,0.15466633,0.17181953,0.18422570,0.18954434,0.19606559,0.17566801,0.19872109,0.20339697,0.19063028,0.18765884,0.20911812
0.02563548,0.01368793,0.01966962,0.02070423,0.00594978,0.00976511,0.01538003,0.00867285,0.01358314,0.01892053,0.00502360,0.01374837,0.01149440,0.01370848,0.01726297,0.01371535,0.00836310,0.01509656,0.01642760,0.00820607,0.00725913,0.00217939,0.01632161,0.02051614,0.01667575,0.00264182,0.01861977,0.01135931,0.00921356,0.01904472,0.01525394,0.02185320,0.03146831,0.02617083,0.04543303,0.05739724,0.07404263,0.09238167,0.11690106,0.16572532,0.16093410,0.17787355,0.19802938,0.18995829,0.17007316,0.15073986,0.11342424,0.09547362,0.08910212,0.05552067,0.04878078,0.03159743,0.02583410,0.01640776,0.01030059,0.02044566,0.02013269,0.01656124,0.02162497,0.01356790,0.03155407,0.01801544,0.01293379,0.02066572,0.02086339,0.02185473,0.02215919,0.01913656,0.01947701,0.02620788,0.03327866,0.03091890,0.04863861,0.05449362,0.08418030,0.10971528,0.13310166,0.17134515,0.17034469,0.18086774,0.18226504,0.18908784,0.18819412,0.19546345,0.21929176,0.24569830,0.28832957,0.33990400,0.37494150,0.39050983,0.43564212,0.46255873,0.44788914,0.46068219,0.44522399,0.42797455,0.38281597,0.37000806,0.32350241,0.26673847,0.24308609,0.20165110,0.16686427,0.13162927,0.11392275,0.09267196,0.07392231,0.05751601,0.06802504,0.06642919,0.07767421,0.08245453,0.11184871,0.11767371,0.13805098,0.13865128,0.13860231,0.14202365,0.13010966,0.12775502,0.10698766,0.07999300,0.07282619,0.06230051,0.04550046,0.04143679,0.04657742,0.03847788,0.03955332,0.03381036,0.04081825,0.04538110,0.05279993,0.06064837,0.08151263,0.08828503,0.11227799,0.14240285,0.16439543,0.19112828,0.22738751,0.24938105,0.27457384,0.28577689,0.30090584,0.29744895,0.27022020,0.25320340,0.24441771,0.20829302,0.19256704,0.17447268,0.16759477,0.15421967,0.14451279,0.14368379,0.13566774,0.12848669,0.12485841,0.10982362,0.08897293,0.07947733,0.06444530,0.05327767,0.03706384,0.03390803,0.03972540,0.04388770,0.04345336,0.04502103,0.04049328,0.03873661,0.04593800,0.05804386,0.05264897,0.06096120,0.08118605,0.08894684,0.10643012,0.14415560,0.15723067,0.17545916,0.19845000,0.22891498,0.24754076,0.26208302,0.26055450,0.28167866,0.29966445,0.29025729,0.28476352,0.27552299,0.24948311,0.23046110,0.20233702,0.17338142,0.16528134,0.14334378,0.12167035,0.10839682,0.09490048,0.07611489,0.07937057,0.08234044,0.08512700,0.08210724,0.10537469,0.10460337,0.11946111,0.15085033,0.18945917,0.20811935,0.23897691,0.27404689,0.30461732,0.33868238,0.37337051,0.40195220,0.41289426,0.40632721,0.40811529,0.40130045,0.37324037,0.35644360,0.34039498,0.29414473,0.27375936,0.23132836,0.19419149,0.15675894,0.12334129,0.11699109,0.09916513,0.08469492,0.07785098,0.06929250,0.06165360,0.05106919,0.06785496,0.04866647,0.05598371,0.05986839,0.06692950,0.07242289,0.07226720,0.09435916,0.09927839,0.13013173,0.15006275,0.18055065,0.20349736,0.24570241,0.28849654,0.31037534,0.35107736,0.36446953,0.39345483,0.41492025,0.42539439,0.42284974,0.43842903,0.43716466,0.42490794,0.42387308,0.40730608,0.41561234,0.39841002,0.38085889,0.38527331,0.35437946,0.34792588,0.30716282,0.28674506,0.24864428,0.18902654,0.14205097,0.12112063,0.10285845,0.08723632,0.09192852,0.07903925,0.07553195,0.06407285,0.07294697,0.07407323,0.07536100,0.07382080,0.08050796,0.08552921,0.09508600,0.09669781,0.10270069,0.09190526,0.11141204,0.10817987,0.11713330,0.11879206,0.12009349,0.12592812,0.12180516,0.12305568
0.00820820,0.01851534,0.00018164,0.00976980,0.01231611,-0.00129114,0.00851521,0.00364821,0.00222173,-0.00042307,0.00186894,-0.00272396,-0.00666133,-0.00688992,-0.00469620,-0.00390401,-0.00451211,0.00287824,0.00108007,0.00877802,0.00326913,0.00000719,0.01182051,0.00891113,0.00993410,0.00576980,0.00922252,0.01807952,0.02071466,0.01970193,0.01636160,0.02101141,0.02670701,0.02390948,0.02926678,0.02623886,0.04467005,0.06339136,0.08394960,0.09968044,0.10414463,0.12679998,0.11588215,0.12816130,0.11755489,0.11435460,0.09446082,0.08608548,0.06895827,0.03968649,0.04499601,0.04226273,0.03532607,0.03405038,0.02671809,0.02535853,0.03083195,0.01705998,0.02566376,0.02916952,0.02249783,0.02642157,0.02604579,0.03057836,0.02090874,0.02849397,0.03661618,0.03118393,0.04093618,0.02878660,0.03228507,0.03857155,0.04361188,0.05964872,0.07996489,0.09468160,0.12349302,0.13816405,0.15769054,0.17006344,0.17376875,0.18764729,0.18900424,0.20494870,0.22099247,0.25247399,0.28180667,0.32095054,0.35573763,0.39252548,0.41426413,0.41929729,0.42522797,0.42475538,0.43776265,0.40548831,0.40951087,0.36365442,0.33387769,0.33003193,0.30017190,0.28020469,0.24314606,0.21745190,0.19936546,0.17970651,0.14750217,0.12651877,0.10656983,0.10206788,0.08487693,0.09388403,0.08721165,0.08772984,0.09266392,0.08186877,0.10334588,0.09513725,0.09501262,0.08578536,0.08653822,0.08111042,0.07996020,0.08185202,0.08626280,0.07517421,0.08031552,0.07436347,0.09278369,0.09376998,0.09951645,0.11430415,0.12897462,0.15028894,0.14427242,0.17818778,0.17995588,0.20597578,0.22611996,0.22881996,0.24379703,0.26697053,0.26852229,0.28952672,0.28448016,0.28990516,0.24441612,0.27073023,0.24970196,0.22329997,0.21145010,0.22171757,0.20268975,0.19863589,0.21020390,0.20428795,0.20576835,0.19946256,0.18934875,0.16701385,0.16289790,0.14113756,0.14086381,0.12066223,0.10612428,0.11230004,0.11391396,0.10396616,0.11014583,0.09952193,0.11494009,0.11261032,0.12365946,0.11840695,0.14086315,0.15919177,0.15997329,0.19420340,0.20188148,0.23699987,0.26434466,0.30373158,0.31739127,0.37500679,0.40362706,0.41630574,0.45938516,0.46389672,0.48091872,0.48921162,0.47559369,0.43042190,0.43950132,0.39973008,0.36466741,0.32963814,0.31346537,0.27595645,0.25379452,0.22801985,0.22193840,0.20039478,0.21329279,0.20998337,0.20717890,0.21735000,0.21762910,0.22367612,0.25209804,0.26072405,0.27357952,0.30259946,0.31209049,0.32103228,0.36456787,0.35760250,0.37066955,0.37805832,0.37192102,0.38169686,0.35931187,0.35245455,0.33259744,0.30864836,0.29837088,0.28595726,0.26698395,0.24468312,0.22602392,0.22589746,0.20903523,0.23185844,0.21958659,0.21252175,0.22143173,0.22106647,0.21667731,0.22298675,0.21852117,0.20791164,0.20780190,0.20690004,0.21060414,0.18582758,0.18608343,0.19751480,0.19750607,0.18991084,0.20614375,0.23181481,0.23826459,0.28119780,0.28432613,0.32915397,0.34241487,0.36430933,0.39656337,0.42222799,0.44307700,0.45932237,0.46033509,0.48186506,0.46216417,0.45344347,0.48666483,0.47588438,0.46220403,0.46795292,0.44963731,0.44701434,0.43127378,0.40731826,0.37896849,0.35623422,0.31013424,0.28704045,0.24301150,0.21979993,0.22571386,0.22090105,0.21105155,0.20217781,0.20666682,0.21286269,0.21909853,0.21913115,0.22685820,0.22865241,0.24499065,0.24598310,0.26427971,0.26496136,0.26287623,0.28500506,0.27803713,0.29690011,0.29926981,0.30476759,0.30309778,0.29917469,0.29660720
0.03246768,0.03416544,0.04448497,0.04517515,0.04132414,0.05328082,0.05274839,0.04720179,0.03996421,0.03521039,0.04186465,0.02564090,0.02568156,0.02320947,0.02381350,0.01937843,0.00825865,0.01950013,0.01144587,0.02137110,0.01475520,0.02282825,0.03092163,0.03006832,0.03448003,0.04822424,0.04788935,0.05718787,0.06333650,0.06333577,0.04213025,0.05468218,0.03864214,0.03928329,0.04596780,0.05502847,0.05627726,0.08467447,0.08648160,0.10735312,0.11350872,0.11316251,0.12702927,0.10503532,0.10822683,0.09358214,0.07389674,0.07262866,0.04842000,0.05029646,0.04123895,0.02335122,0.03717346,0.03047496,0.02124487,0.02381401,0.01440626,0.02492426,0.02708606,0.01808861,0.02686846,0.02682305,0.01946414,0.02181598,0.02648023,0.02584516,0.01927829,0.02773310,0.02468700,0.03588420,0.04077008,0.03693900,0.03900203,0.06439273,0.06755626,0.08546783,0.09716190,0.11366366,0.11107576,0.11235452,0.11618698,0.11529945,0.10955191,0.13450458,0.14685061,0.16455850,0.19087754,0.22346013,0.24364408,0.28475888,0.30093410,0.31802088,0.32997053,0.34047215,0.37764818,0.37224220,0.39550191,0.40039273,0.41674820,0.39141491,0.37962378,0.36492514,0.35517999,0.30028842,0.25668750,0.21778680,0.17971890,0.15938163,0.12756948,0.11331596,0.10494048,0.10210464,0.11306425,0.12776626,0.12492367,0.11871209,0.11795646,0.11373235,0.10343947,0.09678338,0.09402602,0.07592252,0.07325598,0.06907380,0.05855978,0.06806235,0.07582856,0.08431972,0.09405860,0.09991562,0.12112512,0.14626058,0.15606554,0.17861430,0.20787921,0.22266144,0.23779176,0.23801186,0.25221675,0.25019662,0.25484874,0.26847522,0.26367189,0.24976784,0.23949844,0.21798116,0.20701572,0.19427022,0.17757938,0.17336735,0.15543136,0.16616134,0.16654941,0.18571724,0.17663777,0.18746115,0.18564408,0.15550916,0.14840941,0.13122958,0.11350842,0.07881416,0.08932638,0.07669565,0.05979221,0.06264928,0.05767200,0.05652778,0.05852273,0.06214879,0.06721404,0.05224507,0.05740154,0.05416799,0.06686476,0.06885873,0.07780035,0.07984931,0.08022518,0.09814446,0.11005257,0.12767729,0.12524553,0.13768331,0.14729940,0.15128994,0.16967915,0.15727930,0.16613939,0.15334168,0.14877352,0.14827375,0.13514311,0.14898660,0.13678518,0.13122494,0.12460837,0.12033625,0.12706566,0.13351417,0.14415015,0.15973983,0.20176112,0.20701283,0.25523913,0.25612200,0.30200288,0.32008818,0.36740346,0.38340963,0.41335965,0.44145977,0.48830477,0.49998648,0.50241879,0.51063948,0.52666870,0.52298348,0.50052982,0.48472117,0.47611866,0.42978631,0.39675685,0.37208082,0.33147936,0.31106921,0.27747577,0.26098630,0.23926485,0.23511062,0.24238737,0.25404469,0.25284624,0.25761231,0.25008548,0.25635127,0.24813725,0.25577025,0.23317145,0.21234182,0.18593045,0.18709714,0.15936299,0.16364528,0.14265026,0.15973492,0.16346366,0.17830095,0.21928649,0.23994607,0.27186000,0.31003665,0.33871273,0.40047441,0.42021660,0.45088954,0.45606289,0.48160709,0.49141527,0.48525910,0.45200653,0.46735002,0.42898624,0.42301642,0.43053279,0.39163635,0.39292099,0.36397559,0.35508111,0.33169416,0.31747376,0.26490404,0.24279475,0.21372685,0.16842982,0.14700617,0.12506227,0.10184459,0.08912664,0.10965393,0.08674836,0.08624406,0.09207506,0.09366389,0.09403928,0.09957154,0.09329558,0.09579095,0.09262932,0.09351648,0.09949704,0.10428644,0.10924997,0.10917906,0.10890649,0.10814728,0.10692086,0.11220189,0.10607738,0.11512065,0.10711338
0.01031631,0.01567675,0.01221649,0.02181924,0.02415980,0.02675157,0.03115125,0.01763805,0.00883880,0.01634516,0.01134383,0.00086045,0.00371511,-0.00427957,-0.00538331,-0.01166045,-0.00823308,-0.00559966,-0.01609011,-0.01153145,-0.01909883,-0.01116715,-0.00621547,0.01350942,0.01200068,0.02621764,0.03496462,0.04395925,0.04703956,0.03457461,0.03046477,0.01174795,0.01072125,0.01334062,0.00502519,0.01151497,0.02153245,0.00876283,0.01702824,0.01818488,0.02301118,0.02274697,0.03332297,0.03092047,0.01885554,0.02382635,0.01285011,0.00095424,0.01111037,-0.00092398,-0.00439636,0.00221962,0.00378199,-0.00455037,0.00331253,-0.00816811,-0.00353396,-0.00727400,0.00063259,-0.00501814,-0.00506793,-0.01252940,0.00170260,-0.00037295,0.00206459,0.00222617,-0.00311845,-0.00378829,-0.00852602,-0.00590611,0.00491573,-0.00722657,0.00920942,0.01146027,0.00948092,0.03335810,0.03199756,0.03669337,0.03945219,0.04711100,0.04999990,0.05569251,0.07008379,0.07975201,0.09521577,0.11483340,0.12716323,0.14397790,0.18331266,0.19858120,0.23828823,0.27130760,0.31416370,0.35126061,0.38347772,0.42240578,0.46666335,0.47991472,0.50934397,0.49482529,0.48303879,0.47257986,0.43832476,0.36597541,0.30756062,0.24400653,0.20436201,0.16520831,0.11528865,0.09942940,0.08440898,0.05437705,0.06223377,0.06761078,0.06324835,0.07890016,0.06467485,0.06658270,0.05852760,0.05768170,0.04651780,0.04588565,0.04225695,0.02683103,0.03607019,0.04676964,0.04822924,0.05679512,0.07535015,0.07989690,0.09551022,0.10773291,0.12976480,0.16030924,0.16489661,0.18037254,0.18196655,0.19302243,0.18690480,0.18550364,0.17048091,0.15769941,0.14234535,0.13321042,0.13777377,0.11233392,0.10468665,0.10771604,0.10000337,0.11092979,0.11682332,0.14443487,0.17333959,0.19696992,0.22467040,0.23371915,0.25221048,0.23501253,0.20976980,0.17826660,0.14311004,0.11622279,0.08722446,0.06725222,0.04372712,0.02669114,0.02083011,0.02086313,0.03655542,0.02632714,0.01927397,0.02330892,0.01366779,0.02832770,0.03132307,0.03796119,0.04323372,0.05487919,0.04120422,0.06054027,0.07560662,0.08665510,0.09034978,0.11200012,0.11303591,0.12185108,0.12753354,0.13270470,0.12484255,0.13394288,0.12253099,0.13096563,0.12734797,0.11461444,0.10876436,0.10631416,0.08876308,0.10949063,0.09941426,0.10923018,0.12252521,0.13023381,0.16500272,0.18001266,0.21623614,0.25940317,0.28676799,0.31388982,0.38286188,0.42240910,0.44001025,0.48526782,0.52576265,0.56651475,0.59760537,0.61085593,0.61510145,0.61357635,0.61012441,0.58982472,0.55949557,0.50976650,0.46334702,0.40901447,0.37735905,0.33803729,0.29062448,0.26830813,0.24085650,0.21714187,0.23474241,0.22475287,0.23136452,0.22944685,0.24303911,0.24733948,0.24752038,0.24090119,0.23024875,0.21459544,0.18961606,0.17626592,0.14637547,0.13657248,0.12286616,0.12737326,0.12571819,0.14345966,0.17615698,0.19781422,0.24337141,0.28638890,0.35161575,0.39880492,0.44236822,0.48396596,0.50288661,0.52425297,0.52422046,0.51055687,0.50923464,0.46587351,0.43758832,0.42514547,0.40026536,0.40871105,0.39092689,0.40163229,0.37496417,0.36066545,0.32259577,0.30032250,0.23867636,0.19944677,0.16814496,0.13823249,0.09042173,0.07982850,0.07240401,0.06241009,0.05330747,0.06052602,0.05987872,0.06194934,0.04965637,0.06075341,0.05782250,0.06660546,0.06198583,0.05486716,0.07469780,0.07723182,0.07989039,0.06245685,0.07158852,0.07308142,0.07914895,0.06888770,0.07762527,0.07783904,0.08254306
0.06633020,0.06138725,0.06980474,0.06389831,0.07185867,0.07748901,0.07866761,0.08502972,0.06990725,0.06844239,0.07291328,0.06819320,0.05014194,0.05393232,0.05198403,0.04584992,0.04075452,0.04897778,0.04699091,0.04602643,0.04411071,0.06082357,0.05831074,0.05828342,0.06189652,0.07847859,0.07931460,0.10450438,0.09163727,0.08582150,0.08263789,0.08157923,0.07850252,0.08344718,0.07335963,0.09018253,0.09282549,0.10270074,0.12833488,0.13430468,0.14584293,0.15491925,0.15073760,0.15327330,0.13873564,0.13942724,0.13295288,0.10182736,0.09605681,0.09204628,0.07780861,0.06551131,0.06166819,0.06521500,0.06344247,0.06531586,0.07546084,0.06367328,0.06779988,0.06363981,0.06258139,0.06638421,0.06867448,0.06249877,0.08308968,0.06477553,0.06890420,0.07105584,0.07829569,0.07490767,0.06343640,0.08441668,0.08290648,0.09613885,0.12656600,0.14271873,0.15422206,0.16121164,0.18046199,0.18159458,0.18150388,0.18894215,0.19711458,0.20610978,0.24956706,0.26723344,0.32251316,0.35457492,0.38734366,0.45037184,0.43241513,0.45920061,0.47182878,0.45849215,0.45568996,0.43471691,0.40942304,0.39855304,0.36975569,0.37353034,0.36170211,0.33027881,0.32495656,0.29983814,0.26876908,0.23512009,0.22257619,0.19413695,0.16702450,0.17082123,0.16681502,0.18365894,0.19769950,0.21017568,0.21902191,0.22691081,0.23188410,0.22061794,0.19715091,0.18929609,0.17999153,0.15124716,0.14698048,0.13797144,0.13629215,0.13075412,0.13293536,0.13240425,0.14988520,0.15704736,0.17070414,0.20167640,0.21941871,0.23153407,0.24376296,0.27811648,0.29140770,0.29432102,0.31426745,0.32440490,0.30527327,0.31847917,0.31380671,0.32168127,0.29346747,0.29355147,0.27909033,0.25221911,0.24095572,0.22076072,0.19847521,0.18981175,0.17279336,0.15840228,0.16788792,0.15651552,0.13491130,0.14809001,0.13190525,0.13428978,0.12803826,0.12494434,0.12630753,0.11427270,0.10741835,0.13178250,0.12901471,0.11010355,0.11633232,0.12594116,0.12225315,0.14267967,0.12605324,0.15182638,0.14190982,0.14796470,0.15836358,0.16832822,0.18462398,0.19488229,0.21175951,0.23108646,0.25774168,0.27714137,0.28296896,0.30205110,0.32017213,0.32877407,0.32854010,0.31954939,0.30985222,0.29863006,0.30979795,0.28542970,0.24793257,0.27288123,0.23849461,0.22590955,0.22622912,0.23132455,0.21935780,0.22109288,0.24516153,0.28025334,0.31108099,0.30851963,0.33306966,0.37349388,0.38144571,0.40649753,0.42947250,0.45236783,0.45965668,0.48968054,0.51389789,0.53236747,0.51076825,0.53062475,0.51731598,0.51823274,0.49072682,0.49538275,0.45966963,0.45261370,0.42907227,0.38043556,0.36680116,0.35000872,0.35621816,0.32113387,0.34241279,0.32197523,0.32453461,0.32352604,0.34492672,0.33856165,0.34023144,0.32681483,0.31357805,0.30187201,0.29047909,0.28219266,0.25630006,0.24202374,0.23127499,0.24001890,0.24478616,0.26493997,0.27120877,0.30527258,0.32580018,0.35260644,0.37179926,0.39626347,0.43640034,0.45453597,0.47629071,0.48863641,0.51707104,0.50747147,0.49574333,0.49602894,0.46952655,0.43602699,0.43027572,0.40214202,0.39045297,0.37419444,0.36833946,0.35663570,0.32653075,0.30448967,0.29117233,0.27157010,0.26478239,0.23444318,0.22272213,0.20984460,0.20546654,0.19361487,0.19775034,0.19451610,0.18993724,0.20021286,0.19644240,0.20430579,0.23119085,0.21343974,0.21801971,0.22161046,0.22448291,0.22183361,0.24271506,0.22598617,0.23699068,0.24158921,0.25384720,0.24827866,0.23958316,0.25428952,0.24256925
0.03425132,0.01976586,0.02549105,0.01502875,0.01089827,0.02441908,0.01741348,0.01382559,0.01579528,0.01387548,0.00404505,-0.00164287,0.00060451,0.00006022,-0.01211111,-0.00460916,-0.00065568,0.00057863,-0.00495674,0.00325822,0.00101845,0.00009776,0.00377361,0.00112663,0.01016858,0.01675719,0.02528514,0.01595105,0.02593153,0.02378834,0.01819549,0.01588834,0.01811237,0.00565465,0.01546231,0.00529717,0.01618714,0.01176494,0.01709191,0.02667703,0.02297331,0.01751649,0.01048369,0.02492767,0.02386535,0.01462831,0.01873128,0.02544463,0.01278136,0.01223898,0.01442534,0.02557428,0.01907126,0.01785443,0.00942671,0.02273757,0.02845905,0.02420597,0.01531502,0.02601728,0.02166427,0.02370778,0.02552474,0.01437498,0.02679666,0.01766371,0.02974164,0.02164161,0.02867348,0.02860688,0.02220697,0.02660240,0.03425089,0.02870093,0.03798765,0.04196456,0.05200350,0.05567216,0.06566406,0.08022380,0.10296260,0.13566028,0.16171453,0.18711460,0.23829381,0.27384193,0.31566321,0.38929471,0.42322350,0.44572899,0.50748771,0.52447483,0.52882539,0.54692274,0.53737899,0.54157671,0.52843510,0.50952670,0.50055978,0.47541914,0.42065849,0.36503622,0.32864461,0.28359831,0.25000404,0.19409180,0.16836579,0.13155788,0.11358042,0.10713092,0.09713030,0.07739699,0.09558870,0.06863533,0.09087461,0.09175044,0.09020325,0.09509323,0.08606412,0.07699656,0.08023570,0.07210365,0.06273848,0.05954049,0.06614513,0.05849945,0.06586740,0.06233251,0.07600565,0.08225063,0.08464616,0.10040842,0.11333252,0.10173818,0.10951042,0.12632195,0.12260985,0.12179359,0.12171098,0.12543149,0.12282073,0.11448378,0.10139420,0.10254395,0.09368444,0.09675736,0.09457112,0.09241188,0.09383158,0.09507074,0.11571173,0.13319904,0.15419121,0.17866510,0.21766614,0.22391518,0.24928018,0.23320796,0.22032299,0.18902540,0.16687008,0.13526702,0.11402353,0.10438482,0.09009220,0.08101180,0.07970159,0.08212686,0.08856285,0.07295169,0.08232243,0.08614209,0.09613161,0.09996221,0.10957285,0.12521491,0.13375321,0.16458934,0.17939042,0.22178069,0.25392773,0.29518569,0.32821995,0.37468218,0.42472066,0.45542785,0.48612738,0.47660750,0.52555951,0.50802155,0.49187465,0.45904242,0.44179218,0.39161064,0.37444667,0.30656322,0.29190803,0.25930708,0.22970820,0.21854556,0.18968354,0.17594803,0.17214438,0.17930862,0.19651257,0.21370910,0.21425837,0.23552725,0.26930617,0.29442695,0.33189730,0.35934538,0.37044428,0.42273917,0.45540312,0.48585614,0.49753931,0.50448579,0.51269576,0.52489280,0.48612257,0.45143450,0.43217228,0.41070725,0.35356114,0.32367840,0.29102014,0.25836168,0.22613510,0.21443599,0.20071060,0.20834752,0.17895069,0.20076628,0.18751309,0.19364694,0.18802934,0.19128867,0.17611298,0.17409063,0.16551199,0.14545609,0.14243091,0.14707179,0.14172902,0.15301884,0.14313222,0.15383040,0.17533005,0.21570478,0.24703392,0.27877575,0.32758138,0.35087267,0.38148791,0.41984630,0.44408767,0.44679215,0.42094767,0.40510771,0.40521754,0.38195903,0.37469385,0.35018824,0.33193035,0.34179981,0.36293013,0.35423558,0.33979968,0.32855418,0.29637573,0.29391567,0.25960313,0.22668896,0.19667743,0.16782154,0.15639766,0.13837155,0.12665050,0.12791559,0.13560380,0.12250456,0.13286032,0.13970316,0.15301296,0.14539904,0.14508720,0.16098898,0.16817569,0.18284390,0.17476015,0.18835410,0.19655800,0.20965088,0.21109041,0.21983430,0.23708706,0.22605191,0.24066568,0.23337033,0.22903325
0.01497469,0.01052740,0.00370095,0.00782330,-0.00499522,-0.00148890,-0.00629760,-0.00536974,-0.02044123,-0.01129461,-0.00901871,-0.00407263,-0.01913204,-0.00494432,-0.00961286,-0.00889856,-0.01699895,-0.00908801,-0.00979655,-0.01347531,-0.01162902,-0.00708817,-0.01072358,-0.00875687,-0.01295196,-0.00326449,0.00050192,-0.00563064,-0.00141944,-0.00170871,0.00397281,0.00168853,0.00013014,0.00167242,0.01236133,0.00754869,0.01874420,0.03004871,0.03393407,0.04526852,0.05216413,0.06140290,0.05462833,0.06876428,0.04923253,0.04929635,0.04058448,0.02302724,0.01433119,0.00979113,0.00994026,0.00243109,0.00966498,0.00569989,-0.00478913,0.00983099,0.00014064,0.01301210,0.00106523,0.00385903,-0.00240504,0.00119103,0.00516842,0.01189300,-0.01066336,0.00910708,0.00555653,0.00308267,-0.00238458,0.00843565,0.00121624,0.00646598,0.01944863,0.02760857,0.03025144,0.03618175,0.05460990,0.06019040,0.07854594,0.09833301,0.11094889,0.11656592,0.15516901,0.20296668,0.23685523,0.27935501,0.33442842,0.39167959,0.46151373,0.49644768,0.52658246,0.55068704,0.55266102,0.54685096,0.53073308,0.48117364,0.44576515,0.39421425,0.35035994,0.29763053,0.24518596,0.21128910,0.17076114,0.14120375,0.11709149,0.09193691,0.07912089,0.06039444,0.07025663,0.06923731,0.07190212,0.08101812,0.10549409,0.11310733,0.13570915,0.15130135,0.13906002,0.14201495,0.13521783,0.12496913,0.09743698,0.09106654,0.06538697,0.06555537,0.04175549,0.03173628,0.03211620,0.02844496,0.03167414,0.04073241,0.02347239,0.03927192,0.03813670,0.04408142,0.04903161,0.05860456,0.06402853,0.06876153,0.07093083,0.08262631,0.10113530,0.10811173,0.11707920,0.11960563,0.12767696,0.11684762,0.11611637,0.11944507,0.09728669,0.09207982,0.08900454,0.08442007,0.08309870,0.09723373,0.10549440,0.09144222,0.09235175,0.08855633,0.09243023,0.06440046,0.07200174,0.06531433,0.04111456,0.04484212,0.03881393,0.03794338,0.03835152,0.03399257,0.01839075,0.02903504,0.03004704,0.03769812,0.04670871,0.06328525,0.05771063,0.08153198,0.09593310,0.09798122,0.12935866,0.15472352,0.18418845,0.22181302,0.26966121,0.29544182,0.33269996,0.36400609,0.39439291,0.39714135,0.38846623,0.42038145,0.38737416,0.39461122,0.36770131,0.32084729,0.29731227,0.26132384,0.23532979,0.20445193,0.16138732,0.13531679,0.11399590,0.11183041,0.10420834,0.09204863,0.09211511,0.09066719,0.10383992,0.10449345,0.13197463,0.16556753,0.17470075,0.19929156,0.23707761,0.26706872,0.29454964,0.33480942,0.36954121,0.39448661,0.40163931,0.41636090,0.40978226,0.41089019,0.39293190,0.35713332,0.34001536,0.30928480,0.26216156,0.22624957,0.20124455,0.18386739,0.15057991,0.14116495,0.11614982,0.10485210,0.09971475,0.08811560,0.08464292,0.07339180,0.07166680,0.06552836,0.07511820,0.08026062,0.07422848,0.07460897,0.09757713,0.08530434,0.09650001,0.12350174,0.14670270,0.18304406,0.20298693,0.24436109,0.26152574,0.28435312,0.31529098,0.32751018,0.34540664,0.34613838,0.33298825,0.32554276,0.30288877,0.30261454,0.26414169,0.25666896,0.24614351,0.21671830,0.21913681,0.22314236,0.22755246,0.20334838,0.20614210,0.17503102,0.16818460,0.16166219,0.12925035,0.11216639,0.09406871,0.07789773,0.07466008,0.08247907,0.07887316,0.08412974,0.07469407,0.08298366,0.09314066,0.08788284,0.09040721,0.10593078,0.10370624,0.12351151,0.12293950,0.12685525,0.14501726,0.15043704,0.15018750,0.15799658,0.16850624,0.16742041,0.16740378,0.16970451,0.16073113
0.03923478,0.03694302,0.03557184,0.02429371,0.02777869,0.02192514,0.01689566,0.01755181,0.03102579,0.02853965,0.01947146,0.02373731,0.01996706,0.00543278,0.01700757,0.00748173,0.02573276,0.00743438,0.01427319,0.02071595,0.01301170,0.01512797,0.00994483,0.01375461,0.01230983,0.02101703,0.02564698,0.02684820,0.02497269,0.02160799,0.02701174,0.02484380,0.02983474,0.03514518,0.03432867,0.04252275,0.04116258,0.06037779,0.07107543,0.08022253,0.09513200,0.08848645,0.09124164,0.08579626,0.10334703,0.07492281,0.07459588,0.04478982,0.04760408,0.03944554,0.03472323,0.02225139,0.02882538,0.01932042,0.02491872,0.02716540,0.01889315,0.01452821,0.02935530,0.00499575,0.01469142,0.02638594,0.01458509,0.02342739,0.01882464,0.02027301,0.02494722,0.02139154,0.02170367,0.02567862,0.02496921,0.02747637,0.04073950,0.04437742,0.06240561,0.07266416,0.07337066,0.09711944,0.10209554,0.12602732,0.12830857,0.14322855,0.15287427,0.18753178,0.21836175,0.25761343,0.29783304,0.33552446,0.37359494,0.40230348,0.42659494,0.44458531,0.45161075,0.46308197,0.48069205,0.44909251,0.45772031,0.44305618,0.41948540,0.39782499,0.34972856,0.31881506,0.26843078,0.21871098,0.18799259,0.15520700,0.11141298,0.09179422,0.07066841,0.05763064,0.04447331,0.04297389,0.03250506,0.03037050,0.04494016,0.03866156,0.03980037,0.03262546,0.03254081,0.03709067,0.03176706,0.02247961,0.03844869,0.02707754,0.03345697,0.03933549,0.04058809,0.03059053,0.03945469,0.04140910,0.03985212,0.06108864,0.07654142,0.07185479,0.08089068,0.09018064,0.11663695,0.11775632,0.12483259,0.13062698,0.13692634,0.15041566,0.16385049,0.15907236,0.16656890,0.16197938,0.16317636,0.14184553,0.14337207,0.14136264,0.14685508,0.16922015,0.19696415,0.20611450,0.21951531,0.22065447,0.23203262,0.22563443,0.19069686,0.17484073,0.12475500,0.11524781,0.08091134,0.05917500,0.04900799,0.03527307,0.03439990,0.04533245,0.04107181,0.04501785,0.04704950,0.05705592,0.04830507,0.05516557,0.08154254,0.08022902,0.10079722,0.12675954,0.15560761,0.18101465,0.21571376,0.25171870,0.28984488,0.34341598,0.34933574,0.39354843,0.40546657,0.40911849,0.43432906,0.43369792,0.39683177,0.37190083,0.35591068,0.31582545,0.27122406,0.23959208,0.22060262,0.17064726,0.15450269,0.12458548,0.13447647,0.11185329,0.10727754,0.11580608,0.11535138,0.12343896,0.12933903,0.14908958,0.16826116,0.19678505,0.22786903,0.25156674,0.27912260,0.32640989,0.36037162,0.37665858,0.39577786,0.38957744,0.38699466,0.38235225,0.37094338,0.35761068,0.31505629,0.28782370,0.24786944,0.20445587,0.17462425,0.15086376,0.13157693,0.11055952,0.10599382,0.09644997,0.08765891,0.08663437,0.08143110,0.08475369,0.08334375,0.08332153,0.06955757,0.07398745,0.06451444,0.05959037,0.04484905,0.05924792,0.06733049,0.06453498,0.06834764,0.08857433,0.10948316,0.14359397,0.16307898,0.20338368,0.24920655,0.28142764,0.33813418,0.35143206,0.35114222,0.38901697,0.38061377,0.38472894,0.37694607,0.35846286,0.36995999,0.37892896,0.37814749,0.40384607,0.39609062,0.40036005,0.37630622,0.36956589,0.33103388,0.29162726,0.25417593,0.20975657,0.15311092,0.11330118,0.09260416,0.08340719,0.06729524,0.06136720,0.05645411,0.05074691,0.06646726,0.06424209,0.07252251,0.07396076,0.07830862,0.08776222,0.09232748,0.10267015,0.11439285,0.11787642,0.13022545,0.13615468,0.13341800,0.13058735,0.13598503,0.15040403,0.14673134,0.15288353,0.13916069
-0.01950101,-0.02395945,-0.01739491,-0.00439223,-0.00338853,-0.00210943,-0.00068928,-0.00831898,-0.00785796,-0.01796447,-0.02040528,-0.02284581,-0.02920312,-0.03270308,-0.03382092,-0.04810805,-0.03835927,-0.03249716,-0.04537785,-0.04094744,-0.03420682,-0.03916623,-0.03032689,-0.01606119,-0.01883712,-0.00451234,-0.00414791,0.01186773,0.01781963,0.00966889,-0.00129831,-0.00170169,-0.00345154,-0.00841604,0.00519716,0.02200139,0.04052847,0.06684662,0.09418250,0.12173128,0.12837457,0.14688636,0.17011737,0.15236687,0.15434944,0.11535748,0.08779150,0.04873765,0.02503253,0.00857812,-0.00953606,-0.02221239,-0.02606281,-0.02547904,-0.03363143,-0.02937773,-0.02978256,-0.03661392,-0.03467908,-0.01795223,-0.04192196,-0.03871458,-0.02634829,-0.03581987,-0.02513854,-0.03286517,-0.03459850,-0.03242642,-0.02767410,-0.02495890,-0.02091930,-0.01803895,-0.00102481,0.02727009,0.04535948,0.07305567,0.10597894,0.12891829,0.14109856,0.13348543,0.11877716,0.10065301,0.08639974,0.08603576,0.09577479,0.12201375,0.14234353,0.16040346,0.18316803,0.21581045,0.24995257,0.27260355,0.29965586,0.31626736,0.33866633,0.34776386,0.36863802,0.38572497,0.37693554,0.37844466,0.36739968,0.33579815,0.30657294,0.27590962,0.23148327,0.18230505,0.14590829,0.09927732,0.08587833,0.06241435,0.05249890,0.04480985,0.04504794,0.05011328,0.06438395,0.06799088,0.07705645,0.07125407,0.05743728,0.04415801,0.03232016,0.02184779,0.01639943,-0.00199065,0.01860985,0.01535324,0.02035315,0.02753298,0.03726579,0.05258732,0.07543752,0.09196834,0.12159234,0.15062727,0.17416435,0.20024626,0.24513169,0.26256162,0.27902231,0.30971429,0.33690539,0.32928190,0.35533100,0.34791646,0.33565805,0.29764944,0.27626076,0.26986073,0.23372169,0.21384427,0.18033477,0.18242906,0.16546364,0.16268376,0.16022738,0.14506357,0.13647865,0.12251477,0.09828094,0.08738944,0.05737715,0.03165807,0.02331999,0.01037733,0.00530728,0.00855974,-0.00886021,-0.00448065,-0.00566673,-0.00492418,-0.00041056,-0.00360163,-0.00010671,-0.00312448,0.00703399,0.00564927,0.01297529,0.01653669,0.02276099,0.02003021,0.03532875,0.04354082,0.05008571,0.06497449,0.06881283,0.07493617,0.09059379,0.08461709,0.09439171,0.08941068,0.08629894,0.08859067,0.08850334,0.06568548,0.07267594,0.06333255,0.05345171,0.06694438,0.06230032,0.07496294,0.08098968,0.11236593,0.13201953,0.13966276,0.17834831,0.21061028,0.24272412,0.29499015,0.31318923,0.34298239,0.37519523,0.42196469,0.43536261,0.46677140,0.49773094,0.50848794,0.51504819,0.50158886,0.49954243,0.48403111,0.45756804,0.42126834,0.39361452,0.35131211,0.30181505,0.27230874,0.25122036,0.22532591,0.20066411,0.19677356,0.19230104,0.18686998,0.22038056,0.22108402,0.21312479,0.22553421,0.21274484,0.20351659,0.19665436,0.18296033,0.15917510,0.13970442,0.11670708,0.10609044,0.10380211,0.10874177,0.10134498,0.13066295,0.14381970,0.18269771,0.21380984,0.26316962,0.31212361,0.35067615,0.43030983,0.44989159,0.49891727,0.54655494,0.54336852,0.54672124,0.57636075,0.56085479,0.56831145,0.54063553,0.51951332,0.50500999,0.46871060,0.48540211,0.46078757,0.44205736,0.40908027,0.35319291,0.29858388,0.21476324,0.19113854,0.14339445,0.09518053,0.07400290,0.04835364,0.04453194,0.03864895,0.04063224,0.03374698,0.03153284,0.03400704,0.03238848,0.03290247,0.03222338,0.02714672,0.04743881,0.04462098,0.04943786,0.03778709,0.04814986,0.04800921,0.04481905,0.06017837,0.05337754,0.04946295,0.05082366,0.05713028
0.02376238,0.01954527,0.00747082,0.00339238,0.01325152,0.01108762,0.00380326,0.00464869,-0.00501201,0.01774226,-0.00431968,-0.00103296,-0.00531183,-0.00696780,0.00049394,-0.00106647,0.00496288,0.00780457,-0.00421433,0.00370317,0.00068226,0.00216567,0.00183958,0.00282495,0.00507109,0.01385895,0.01300755,0.01579960,0.01637418,0.01796985,0.00735645,0.01339032,0.00888586,0.01346858,0.01757624,0.04137007,0.03339188,0.04098239,0.05452348,0.06894314,0.08390918,0.08450455,0.09282494,0.08789261,0.07471484,0.07940368,0.05307368,0.06136796,0.03265761,0.02163662,0.02557263,0.02145154,0.01670097,0.01672014,0.02808042,0.00696862,0.01524630,0.02256824,0.01516054,0.01647000,0.01792689,0.02532292,0.01827922,0.01715118,0.02428015,0.01238249,0.01541957,0.02866286,0.02126939,0.02636556,0.02477532,0.03354370,0.03667265,0.05104914,0.06404774,0.08179516,0.10026513,0.10764386,0.11359091,0.13109448,0.15283150,0.16191015,0.18860897,0.23429125,0.27483413,0.31338809,0.36200244,0.39946647,0.44923256,0.49452091,0.52997923,0.51838883,0.52716799,0.52026595,0.51082858,0.48310750,0.45830896,0.42432469,0.40708587,0.36393162,0.31918048,0.26807200,0.24907573,0.18621434,0.16640936,0.13995702,0.11915112,0.09523638,0.08781613,0.08686469,0.10256153,0.09693368,0.10450865,0.11823533,0.13198563,0.14358666,0.14188700,0.14104095,0.12309431,0.11356054,0.09306032,0.08377836,0.08658225,0.06573846,0.06624363,0.05786044,0.06638173,0.06669556,0.06410011,0.09060631,0.08203916,0.07694162,0.09938045,0.09806634,0.11422795,0.11758748,0.12212068,0.14931128,0.14762258,0.16907436,0.16691224,0.18440007,0.18767221,0.18732981,0.18486149,0.18072837,0.16023455,0.15688547,0.16194208,0.15166261,0.16519402,0.16905415,0.16680565,0.17853062,0.18752841,0.19428245,0.19635065,0.17035192,0.16075123,0.14445186,0.12943525,0.11245945,0.09424332,0.08553717,0.07171531,0.07546748,0.06776654,0.07494446,0.06957285,0.07565224,0.08926769,0.07487215,0.08581825,0.10447941,0.11159519,0.12788242,0.14854579,0.16238069,0.19681574,0.22035179,0.24064171,0.27992281,0.32223833,0.36136353,0.37304362,0.40276614,0.42586365,0.43655212,0.45007711,0.42678302,0.39806155,0.38672760,0.35148449,0.33552616,0.29359366,0.26820812,0.22560394,0.19677474,0.18181477,0.17399029,0.15939285,0.14649290,0.16114567,0.16274195,0.17020797,0.18063029,0.20142102,0.21573001,0.24747371,0.27228784,0.29911328,0.33854241,0.35456876,0.41193497,0.45460438,0.46654800,0.48269865,0.48897528,0.49636081,0.48751246,0.45981527,0.43953739,0.43771498,0.40613223,0.36359990,0.30507684,0.29443202,0.26793488,0.21368112,0.21704579,0.20130781,0.17860654,0.16819671,0.16053078,0.16811436,0.16041437,0.15841384,0.14118075,0.14640755,0.14341014,0.14377526,0.13199445,0.14845794,0.14377356,0.15494630,0.16348404,0.17387827,0.21702764,0.24585694,0.27579731,0.28461292,0.32971516,0.38940521,0.42486152,0.43003384,0.45350531,0.44885811,0.46741038,0.44275512,0.45230142,0.44113731,0.40946643,0.39537972,0.41633254,0.39755127,0.38443489,0.38981815,0.38236642,0.38097231,0.35191269,0.33459833,0.31234476,0.27137482,0.23600111,0.20747713,0.17445311,0.16381317,0.15257871,0.15295443,0.14511145,0.14528240,0.13983366,0.14935836,0.14525837,0.15847972,0.16423001,0.15983360,0.17900146,0.19166747,0.17320681,0.20102705,0.20131963,0.21556913,0.21149523,0.22565416,0.23030629,0.22438109,0.24184963,0.22355236,0.23472594,0.24007429
-0.00955144,-0.01012952,-0.01579898,-0.01161113,-0.00431906,0.00476364,-0.00166551,-0.00566124,-0.00136115,-0.01033695,-0.01807702,-0.02887821,-0.04741371,-0.03638176,-0.04803929,-0.04848976,-0.04947436,-0.04964304,-0.04944781,-0.04635931,-0.05069934,-0.03959072,-0.04079431,-0.04212081,-0.01747033,-0.01471520,0.00202107,-0.00570069,0.00913335,0.00750197,-0.00479568,-0.02291020,-0.02227723,-0.03351405,-0.02817431,-0.02272990,-0.01706390,-0.01738803,-0.01363117,-0.00325353,-0.00244020,0.00344101,0.01037800,0.00373030,0.00916720,0.00077132,-0.00795517,-0.01776042,-0.02970725,-0.03540337,-0.03559024,-0.03404352,-0.03999137,-0.04792890,-0.04922622,-0.04547704,-0.03698112,-0.04634513,-0.04156557,-0.05029910,-0.03375250,-0.04211181,-0.04356796,-0.04052438,-0.04621924,-0.04436765,-0.04519436,-0.04285227,-0.04344561,-0.03302494,-0.03866299,-0.03265621,-0.03476485,-0.02422649,-0.00679247,-0.00396777,0.00704078,0.00797440,0.03628517,0.05263538,0.04936746,0.07306537,0.09360384,0.11683716,0.16356444,0.19747337,0.23274914,0.28306965,0.31639296,0.34169172,0.36614733,0.37462394,0.37233760,0.37361438,0.33383267,0.35165911,0.32667390,0.32597939,0.32152671,0.31849756,0.29089871,0.30139015,0.28268917,0.23163560,0.21060425,0.17367089,0.12920687,0.09318656,0.07157879,0.05695630,0.03338260,0.02793934,0.02116282,0.03174191,0.03523247,0.04012797,0.04029093,0.03772230,0.02980654,0.02099801,0.02306422,0.00778716,-0.00297577,0.00905750,0.00290154,0.00827925,0.00719293,0.01556731,0.02776438,0.05348378,0.07240166,0.09454725,0.11652421,0.14052699,0.15286999,0.16395854,0.17059507,0.18529328,0.18952709,0.17564919,0.16397813,0.15741643,0.14898117,0.13382004,0.11185468,0.10210920,0.07672791,0.06410739,0.05139857,0.05453097,0.03761429,0.03150450,0.01859782,0.03668378,0.02714210,0.03665676,0.02780082,0.02632786,0.01670103,0.00419021,0.00356443,0.00375788,-0.00606927,-0.00819465,-0.01772667,-0.00894147,-0.01440256,-0.01160060,-0.01765470,-0.01159712,-0.00792758,-0.00975855,-0.00282103,0.00836987,0.01056304,0.03630975,0.04593794,0.06767986,0.09041260,0.11168775,0.15067284,0.17803362,0.19693098,0.24545237,0.25714595,0.29932723,0.32151201,0.33284109,0.33375698,0.32761587,0.31482732,0.29427624,0.28816223,0.26843091,0.22168439,0.19234637,0.17598516,0.14512689,0.13411812,0.14009393,0.13286666,0.14009578,0.14032737,0.16115995,0.19426743,0.22392979,0.24379105,0.28424705,0.30789421,0.31699197,0.33817453,0.34047502,0.36318471,0.34170284,0.35003078,0.34831660,0.33283819,0.31991298,0.31884223,0.30385103,0.26608658,0.24969583,0.22011187,0.19134363,0.17963455,0.15950596,0.15045900,0.14582304,0.13466739,0.15983406,0.16909480,0.18568862,0.20142934,0.22260088,0.22041021,0.21955003,0.23464023,0.22692785,0.22792767,0.19515759,0.17560722,0.15053892,0.12529564,0.10924049,0.08575721,0.07694331,0.07517053,0.06705085,0.08923329,0.08958237,0.11453289,0.13449076,0.16826645,0.19011249,0.21160571,0.23911184,0.27771168,0.27744110,0.30035121,0.29977265,0.30142759,0.29803409,0.27190317,0.24628627,0.22104730,0.20362000,0.19054234,0.17432825,0.16429729,0.13827532,0.13656297,0.10972609,0.09916603,0.07967104,0.06949483,0.06045295,0.03450106,0.03290797,0.02959412,0.03374929,0.03517693,0.04327703,0.04410390,0.04182597,0.04080136,0.05132462,0.06106194,0.06250686,0.07614179,0.07667027,0.08802560,0.07975075,0.10065266,0.10002167,0.10130059,0.10240877,0.11643531,0.10938842,0.11637621,0.12546351,0.12785583
0.00706726,0.01561153,0.02044893,0.02661893,0.03734213,0.03556106,0.03466092,0.02941677,0.02434896,0.02330271,0.00871562,0.00667619,0.00301819,-0.00083176,-0.00705973,-0.00320712,-0.00401629,-0.01712913,-0.01730436,-0.00279236,-0.01364982,-0.00149329,-0.00332063,0.01452698,0.01213716,0.03593989,0.04593374,0.04264753,0.04797243,0.04872807,0.03670448,0.03029749,0.02670093,0.01411042,0.01197228,0.02252642,0.02586392,0.03246946,0.03989570,0.05297767,0.06674226,0.05009806,0.05125259,0.05669988,0.04694790,0.04236076,0.03218143,0.02042886,0.02519924,0.01955372,0.00802389,-0.01043650,-0.00344682,0.00713744,0.01030186,0.00973037,0.00483959,-0.00030063,0.00962819,0.00513532,0.00144191,-0.01057490,0.00137104,0.00650398,0.00875888,0.01031595,0.01093272,0.01773302,0.01342552,0.00297635,0.01633106,0.02156935,0.02892087,0.02939592,0.04920899,0.05007426,0.06943768,0.07513163,0.07585478,0.08756239,0.08806739,0.09089214,0.09843170,0.12300919,0.14726497,0.19050529,0.21208798,0.25617982,0.29274327,0.30716339,0.34901888,0.35213958,0.40108019,0.39880290,0.40212020,0.40702043,0.44597436,0.42296606,0.43923070,0.44761157,0.41275850,0.39397629,0.34894649,0.32518480,0.25419044,0.21569093,0.18777316,0.15473944,0.12691772,0.11428632,0.12271889,0.10959084,0.14591080,0.14879894,0.15216445,0.16224024,0.15146366,0.12680493,0.11960130,0.10190486,0.09601419,0.08095909,0.07951367,0.06379841,0.04831157,0.05940098,0.06765611,0.08440553,0.11214817,0.13369576,0.15168400,0.17696506,0.18895091,0.21064928,0.22901442,0.24074826,0.25363125,0.25452286,0.24911104,0.24705527,0.23386344,0.21767801,0.20938507,0.19429354,0.19127758,0.15725895,0.15694756,0.14172524,0.13257628,0.12122362,0.12618408,0.12990315,0.13095509,0.15259548,0.14350533,0.14554190,0.14453376,0.13490721,0.11733804,0.10764430,0.08873876,0.08092163,0.06228226,0.05426284,0.03873773,0.04585375,0.04318747,0.04379643,0.04177733,0.04412639,0.05580484,0.05213058,0.05174260,0.05071884,0.05804734,0.07166758,0.07099766,0.08345721,0.07271670,0.09777832,0.10055590,0.10584371,0.13358998,0.12685035,0.13918893,0.13153534,0.14257346,0.13729321,0.14819473,0.14188783,0.14008807,0.13892442,0.13293631,0.12823548,0.13230548,0.13272193,0.12471339,0.14313704,0.14048925,0.14819662,0.16639045,0.20385709,0.22231501,0.26720176,0.30028162,0.33983823,0.37384411,0.39801447,0.44557636,0.46630439,0.53212070,0.52538677,0.56210817,0.59022944,0.60138285,0.61578363,0.61278996,0.58091785,0.57694251,0.56296772,0.51144786,0.48329433,0.44615298,0.41970940,0.38197663,0.33559531,0.30683211,0.31272556,0.28109472,0.28767095,0.28073611,0.30541889,0.30018212,0.29735949,0.32162233,0.30857262,0.31431330,0.28950372,0.26041422,0.25242995,0.22511035,0.21334767,0.18701455,0.17643442,0.18119696,0.16488326,0.18442826,0.22852893,0.25493330,0.29483670,0.31934272,0.36951631,0.39708233,0.43835532,0.48452623,0.51225140,0.48851302,0.52253565,0.50225156,0.48261180,0.47634470,0.43452858,0.41883510,0.39520195,0.36823527,0.34646045,0.34434619,0.31729629,0.30597396,0.28349957,0.25314091,0.22996993,0.18061639,0.15788879,0.14501773,0.12369095,0.11648196,0.11449887,0.09976329,0.08666587,0.09059818,0.08414602,0.08993225,0.09154382,0.08840862,0.09534928,0.10081217,0.11113971,0.10563327,0.12164784,0.11933795,0.11797773,0.11413617,0.11783497,0.10813871,0.11665143,0.12698810,0.11666343,0.12847621,0.11154221,0.11829401
0.02723403,0.03268097,0.03018399,0.02435118,0.02355871,0.01559377,0.02249334,0.00950787,0.00952634,-0.00226320,0.01213397,0.01684132,0.01786485,0.01707024,0.00320800,0.01603042,0.01228588,0.01241375,0.01534616,0.02330340,0.02393169,0.02204425,0.01595267,0.01935021,0.02632243,0.01484329,0.02742541,0.02837813,0.03096833,0.02677770,0.03388519,0.02596753,0.03079448,0.03371038,0.04305017,0.06360300,0.07104546,0.08625133,0.10288061,0.11732392,0.12982829,0.14059013,0.16180242,0.14677624,0.12772733,0.11447352,0.10711934,0.10456162,0.07823112,0.07023601,0.04190035,0.04487444,0.04215081,0.05579108,0.03630374,0.04245364,0.03388330,0.05469416,0.04908540,0.04631142,0.02811519,0.05019700,0.04225787,0.04811040,0.04029787,0.04651234,0.04880196,0.04405304,0.03915975,0.05644850,0.04605748,0.06187055,0.07542013,0.08312824,0.09556203,0.11382790,0.14758864,0.15916727,0.18583805,0.19911417,0.19403271,0.22802303,0.23397063,0.26425603,0.32267626,0.37814538,0.42703369,0.47561175,0.50272954,0.54967702,0.58836031,0.57327427,0.57883044,0.58044539,0.54953845,0.51476826,0.46511629,0.43647818,0.38354016,0.33420098,0.28241134,0.24818807,0.22209598,0.18011820,0.17287523,0.13364953,0.11881044,0.12136176,0.11243741,0.10960346,0.12063895,0.12504887,0.13160144,0.12648418,0.15085460,0.14952900,0.15076951,0.14945526,0.15744099,0.14149952,0.12462186,0.12348019,0.10794802,0.09837610,0.08977002,0.08879086,0.08086359,0.09443939,0.08949108,0.09064934,0.10695579,0.09918985,0.10021877,0.11457075,0.12553511,0.14066972,0.15755397,0.17826008,0.19204524,0.22178195,0.23905460,0.25916906,0.26865297,0.27249588,0.27144854,0.26818906,0.25844641,0.24117258,0.23137509,0.21904143,0.19039566,0.20969700,0.20764333,0.20292940,0.20199187,0.19507091,0.19108031,0.19072919,0.18108022,0.17148063,0.15103776,0.14783360,0.13168541,0.12243342,0.11399291,0.10946828,0.11295659,0.11261508,0.11261820,0.11572047,0.11307604,0.11712118,0.13434275,0.13743096,0.15932981,0.17214521,0.18427845,0.21326578,0.24936209,0.28457764,0.31933448,0.36624261,0.40275957,0.45837040,0.48866284,0.51903454,0.57483712,0.56671100,0.58336702,0.57323964,0.54327104,0.54112164,0.49948732,0.44771548,0.40642605,0.36867974,0.33897715,0.29196616,0.27288717,0.23514339,0.20606848,0.19752074,0.19746952,0.17628625,0.18625773,0.19340011,0.18014774,0.19825826,0.21774056,0.23065020,0.26715783,0.28398028,0.32459014,0.33583776,0.37846211,0.39666516,0.41797797,0.42825665,0.45296610,0.44712082,0.44881954,0.41237815,0.40997560,0.37774408,0.35707253,0.33666615,0.28916055,0.26998917,0.24903052,0.23625196,0.21943962,0.19514945,0.19225179,0.18205501,0.18589908,0.17349841,0.16733551,0.15709672,0.16309362,0.15848736,0.16445356,0.16140052,0.16741257,0.17105931,0.17604769,0.17333502,0.19240835,0.21511871,0.23835643,0.25801281,0.28497115,0.32516106,0.34534317,0.37119128,0.42369940,0.40972408,0.43178812,0.44430959,0.45185553,0.46666690,0.45635905,0.44552734,0.45472342,0.44044608,0.43897904,0.44325510,0.43802093,0.43993387,0.44457429,0.40952324,0.38862259,0.36114716,0.34894635,0.31604162,0.28813371,0.25378850,0.22172308,0.19519280,0.21116165,0.19337224,0.20001244,0.20081035,0.20508286,0.22210970,0.21693568,0.21759112,0.23093990,0.22713545,0.23809232,0.25089909,0.25532579,0.26537781,0.28092964,0.28362892,0.29907602,0.29035365,0.29860753,0.31966091,0.30867052,0.30924213,0.31220264
-0.02835120,-0.02324376,-0.02406699,-0.02550250,-0.03017609,-0.02722446,-0.01812408,-0.03105060,-0.03893384,-0.03485750,-0.03693340,-0.03813660,-0.03917851,-0.03845455,-0.04639037,-0.04442871,-0.03820210,-0.04583274,-0.04699944,-0.04311298,-0.04056888,-0.04799336,-0.04678800,-0.04211855,-0.03402037,-0.03790724,-0.02209387,-0.01590738,-0.00813064,-0.02610013,-0.01976478,-0.02516206,-0.02454850,-0.01987092,-0.01034013,0.00384867,0.01776527,0.04393124,0.07375150,0.09417124,0.11868524,0.12288924,0.13511030,0.13696106,0.12431775,0.10163784,0.07636896,0.04044323,0.02825118,0.00514630,-0.01526971,-0.01442517,-0.03507395,-0.04504844,-0.02713195,-0.04012043,-0.03840786,-0.03148893,-0.04492008,-0.04308136,-0.03238442,-0.04908055,-0.04601573,-0.03778837,-0.03730441,-0.04056423,-0.04978332,-0.03965639,-0.05194573,-0.03183572,-0.02977417,-0.03012101,-0.01409285,-0.00657551,0.01511219,0.04754471,0.07569394,0.10135984,0.11701263,0.11682365,0.12678420,0.11571366,0.10451430,0.10629049,0.11342829,0.14592063,0.17692643,0.20526058,0.24943987,0.28746940,0.31597433,0.34393892,0.35310400,0.37316573,0.37757741,0.36872571,0.35405027,0.34989468,0.31290586,0.29657467,0.26341260,0.24037389,0.20493954,0.16757429,0.13002041,0.10845788,0.07394532,0.05272406,0.03442618,0.02754546,0.01881866,0.02879691,0.04171794,0.04969100,0.06030626,0.07179021,0.07214778,0.06675860,0.07007448,0.04569345,0.04015984,0.01613001,0.00671091,0.00843486,-0.00339061,-0.02593455,-0.01319756,-0.02168191,-0.00913063,-0.00222993,-0.01063461,0.01621592,0.03176137,0.03461739,0.06191274,0.07578993,0.09205986,0.12602703,0.15460794,0.18007331,0.21191650,0.23178402,0.24941014,0.27419225,0.25800898,0.25694652,0.23247780,0.21944151,0.18935711,0.18157597,0.16181821,0.14339369,0.12392481,0.12469215,0.11433349,0.11869849,0.11701766,0.09162791,0.09255368,0.07233854,0.04844730,0.03233949,0.01425920,0.00455154,-0.01136054,-0.02048927,-0.01910066,-0.02819790,-0.03816968,-0.01718272,-0.01303871,-0.01568178,-0.01836932,-0.02223579,-0.01169627,0.00041810,0.00536176,0.01526581,0.01898804,0.03097280,0.04731378,0.07288822,0.09147262,0.10921152,0.12995011,0.12602071,0.15209386,0.16944563,0.15544777,0.17024924,0.15123140,0.14441909,0.13588403,0.11390603,0.11283820,0.08502001,0.07117320,0.06554700,0.04995613,0.03846702,0.03916624,0.03993102,0.04720028,0.05035810,0.04938190,0.08042470,0.08301055,0.10380824,0.14168023,0.16346346,0.20305555,0.23770544,0.26258594,0.32215371,0.33176688,0.35828276,0.40420161,0.40045818,0.42101784,0.40831092,0.39931670,0.40940385,0.36325689,0.33983722,0.32453494,0.25024784,0.22102630,0.18645572,0.15777507,0.11837501,0.10794163,0.09682336,0.08886581,0.07356749,0.07147848,0.07512217,0.07039422,0.06178450,0.04830048,0.04711906,0.04906656,0.04324378,0.04460555,0.03813541,0.03553436,0.04905929,0.06005919,0.05514205,0.09227034,0.11652811,0.15317634,0.20618132,0.24358411,0.28139351,0.32563633,0.33977343,0.38843384,0.42879187,0.43191561,0.44957753,0.45462125,0.44619533,0.44226860,0.42868886,0.41884416,0.41871816,0.40605872,0.40263152,0.37764798,0.38144574,0.34606415,0.32072841,0.27268050,0.21235836,0.16577532,0.11124039,0.07548603,0.05327946,0.02631217,0.01030153,0.01313654,0.00000878,-0.00622463,-0.00584776,-0.00693245,0.00592722,0.00219808,0.00525669,0.00412805,0.00926542,0.01051005,0.01396644,0.02493867,0.01226730,0.02725469,0.02583565,0.03798170,0.04525393,0.03079501,0.03653390,0.03642169
0.00941322,0.00497746,0.00191580,-0.00009546,-0.00009727,0.01782096,0.00681391,0.00574195,0.00677010,-0.00784703,-0.00195636,-0.00762974,-0.00606450,-0.00857332,-0.02252574,-0.01544196,-0.01266183,-0.02021427,-0.02704188,-0.00943427,-0.01359264,-0.00435649,-0.01079031,-0.00628271,-0.00645920,-0.00811709,0.00030728,0.00383810,-0.00093422,0.01015718,0.00255381,-0.00978287,-0.00519405,-0.00154984,-0.00189302,0.00740799,-0.00911755,-0.00440483,0.01621792,0.01735606,0.00805283,0.01646529,0.02415128,0.00888495,0.01363925,0.02359728,0.00848285,0.00632951,0.00353134,0.00180756,0.00552048,-0.00805263,0.00090442,-0.00532613,-0.00917723,-0.02232753,-0.00814650,-0.01304821,-0.00518121,-0.00702738,0.00027021,-0.00294305,-0.00940868,-0.00490705,-0.01208039,-0.00647982,-0.01361434,0.00351716,-0.00834690,-0.00716412,-0.00364669,-0.00408957,0.00270787,0.00003668,0.01514332,0.01420625,0.02275097,0.02868004,0.04309468,0.05166643,0.06133242,0.07219361,0.10626911,0.11757829,0.14571055,0.17829980,0.21869736,0.27963343,0.32282724,0.35855417,0.40584583,0.41692209,0.43942997,0.45251135,0.47907020,0.48770009,0.46890193,0.45165895,0.44859450,0.40533784,0.35326519,0.32142585,0.27911912,0.22818072,0.17951207,0.14082537,0.11209597,0.08722580,0.06989544,0.05074392,0.05513585,0.05591804,0.07433147,0.08369323,0.09885461,0.11090889,0.10900137,0.10491624,0.08064373,0.08817653,0.07050941,0.04631082,0.03993213,0.02567491,0.02052953,0.01715741,0.01620933,0.01435660,0.01471705,0.01419660,0.02046603,0.02836885,0.03634635,0.03268719,0.04780904,0.04294571,0.06421986,0.05597761,0.06620068,0.06874890,0.08757784,0.06222425,0.07589235,0.07179728,0.06003811,0.06591784,0.06555101,0.05999465,0.07083050,0.06725683,0.08799987,0.09899997,0.11354431,0.13693809,0.16402377,0.16661990,0.19309222,0.19533145,0.17072290,0.12962701,0.11572634,0.09426940,0.06286447,0.04279429,0.02994537,0.01043952,0.01319019,0.00995146,0.01274829,0.01011357,0.00951123,0.01712148,0.00814458,0.01126115,0.02647643,0.03312362,0.04605796,0.04596239,0.06461786,0.07940698,0.09928546,0.11890529,0.14633403,0.16910417,0.19699132,0.18760426,0.21606523,0.21944684,0.22444201,0.21070147,0.21416345,0.20099625,0.18413406,0.16783289,0.16980457,0.13974075,0.10582988,0.10888062,0.08178704,0.06884880,0.08005482,0.06195550,0.08256743,0.07862956,0.09137059,0.10412024,0.13025051,0.15901963,0.17659544,0.22199892,0.25747003,0.30143182,0.33701205,0.39175021,0.43800194,0.47566830,0.51934161,0.54380904,0.55206490,0.57061555,0.54285006,0.50951162,0.47854993,0.44365252,0.38410693,0.33780900,0.30417933,0.24472811,0.20611492,0.16953453,0.14638530,0.12013791,0.10511069,0.08534152,0.08788932,0.08992531,0.08193989,0.08276157,0.08441950,0.06600328,0.07070298,0.06219696,0.05974092,0.05318229,0.06382546,0.07810694,0.09015102,0.11414131,0.14168814,0.18415791,0.23461638,0.27881536,0.33206109,0.35992673,0.41634570,0.43623432,0.44369294,0.44917703,0.41698281,0.40540305,0.37658860,0.33957313,0.32554861,0.30538855,0.31803049,0.30165494,0.31068010,0.30163758,0.30008435,0.28472475,0.26045984,0.24266273,0.19540030,0.16221129,0.13566562,0.09938438,0.07515262,0.04627952,0.04073391,0.03866459,0.04641691,0.03369612,0.04010972,0.03142597,0.03612752,0.04696449,0.04561726,0.04434072,0.04771570,0.05516822,0.05139405,0.06179550,0.07183527,0.06636191,0.06857696,0.08404852,0.08699567,0.07492011,0.07884437,0.08258107,0.08636365
0.03456299,0.03435644,0.03493945,0.03785414,0.03657375,0.03968843,0.02788382,0.03616288,0.03743643,0.03312199,0.03408656,0.01876066,0.01669006,0.00421734,-0.00134498,0.00200892,0.00543555,0.00701913,0.00495429,0.00983244,0.00284369,0.00818929,0.01175606,0.01200131,0.01702634,0.03545771,0.04071844,0.03945308,0.05962712,0.04390049,0.04614932,0.02662543,0.01910734,0.02641133,0.02842239,0.03247056,0.04539371,0.05330397,0.07596823,0.07839683,0.09222604,0.10678772,0.11496905,0.10387087,0.09490736,0.08184361,0.07360185,0.05595088,0.04642494,0.02438558,0.01507704,0.01742157,0.01138718,0.01190471,-0.00204135,0.00393677,-0.00480524,0.00737046,0.00416736,0.01269108,0.00612375,0.00649805,0.01083971,0.01270084,0.00995401,0.01421403,0.00199433,0.00948734,0.00170682,0.00516513,0.01529164,0.02158880,0.02169604,0.03128221,0.04026985,0.06805446,0.08020100,0.09126669,0.09889448,0.12105120,0.11428996,0.11517782,0.12761439,0.15124098,0.16191923,0.19901348,0.22116151,0.24380431,0.28829981,0.31357858,0.32546317,0.33786032,0.34002778,0.33828332,0.33990554,0.34183048,0.33537477,0.32743853,0.32901068,0.32056063,0.32140382,0.30621707,0.27766418,0.24579708,0.21456878,0.18620332,0.14937202,0.11902872,0.09193608,0.08146096,0.04890833,0.04238044,0.04419911,0.05097583,0.06230562,0.05001631,0.05867463,0.05031320,0.05288764,0.04411044,0.03187729,0.02889996,0.03086992,0.02779685,0.02791888,0.02633776,0.03261484,0.04753498,0.04281230,0.06980952,0.08376508,0.10390069,0.11414668,0.13460268,0.15489313,0.17566950,0.19259351,0.19582589,0.23076955,0.22890394,0.24053302,0.23474944,0.22671931,0.23677453,0.22390054,0.20051052,0.18836028,0.17702314,0.15908282,0.12739995,0.13316210,0.11555019,0.10800039,0.09782371,0.09911146,0.09666010,0.09813371,0.08027032,0.09104357,0.06860891,0.04731864,0.04842981,0.04053513,0.03132268,0.02650840,0.02038316,0.02484102,0.02384976,0.00839418,0.01519765,0.01451307,0.02460484,0.02199969,0.03009345,0.03687177,0.05671865,0.06554037,0.07217773,0.08965617,0.11710028,0.14911434,0.16143747,0.19816586,0.20669808,0.25144153,0.26890766,0.28467132,0.28931597,0.29410122,0.32313176,0.29933232,0.26474177,0.26985195,0.23870476,0.20983815,0.20267836,0.16856047,0.14182699,0.13925822,0.12303079,0.12218286,0.13230602,0.12942332,0.15025355,0.16710852,0.18693291,0.21053443,0.23753872,0.24999221,0.27457833,0.28128871,0.29789218,0.32283428,0.34004803,0.32445167,0.33009640,0.33179615,0.31081633,0.31052927,0.28734322,0.26990705,0.25589840,0.22315650,0.20013355,0.18494125,0.16570423,0.13807871,0.12930588,0.13891519,0.13087590,0.15372739,0.15503038,0.16237780,0.17439097,0.18435931,0.18767128,0.19553492,0.17328289,0.18226361,0.16696774,0.13395333,0.13280390,0.10800775,0.10689642,0.08112243,0.07762031,0.06653091,0.07572644,0.07552006,0.09419471,0.10518801,0.12500516,0.15754316,0.18002255,0.20746305,0.23219888,0.26337826,0.29418071,0.32359242,0.34829466,0.35724564,0.33867077,0.34271965,0.34596872,0.30895735,0.28593832,0.29727692,0.26643337,0.25176508,0.24379898,0.22330956,0.21106228,0.18361665,0.14944313,0.10975222,0.08008378,0.07306072,0.05557752,0.03697312,0.03449964,0.03796495,0.03371225,0.02208036,0.03346049,0.04421770,0.04514743,0.04582378,0.04669145,0.05823245,0.05840851,0.07600139,0.06665530,0.08422135,0.07193231,0.09377859,0.07851828,0.10272994,0.09771831,0.10521236,0.10403483,0.10575800
0.03733175,0.03830096,0.03252907,0.03116325,0.03331308,0.02367513,0.03323452,0.02264513,0.02090922,0.02844448,0.03526449,0.02255213,0.02306169,0.02170536,0.01871865,0.01755043,0.02498987,0.02167047,0.01088189,0.02079023,0.00792829,0.02010790,0.01740868,0.02843473,0.02991029,0.02290126,0.03475383,0.04262121,0.03966493,0.04979908,0.03570236,0.04818805,0.03951671,0.03971898,0.04766704,0.04500678,0.05416968,0.06744536,0.07665947,0.09747450,0.11758673,0.11218085,0.11578544,0.11185873,0.11160442,0.09885779,0.08858734,0.07328294,0.07465133,0.07119736,0.05303110,0.04921704,0.04105394,0.03195947,0.03699842,0.03823018,0.03532562,0.03702927,0.03467944,0.05023380,0.03696515,0.03550608,0.03701276,0.03766209,0.03664168,0.02828795,0.04412384,0.04728481,0.03764735,0.03667575,0.03787248,0.05557070,0.06008864,0.05931479,0.06393999,0.07856342,0.08896475,0.10865083,0.12854278,0.13434689,0.14767070,0.13768600,0.15334604,0.16859496,0.17927943,0.20806499,0.23964196,0.26715326,0.30540166,0.34077901,0.34731544,0.36458258,0.35806394,0.39053505,0.37195071,0.35352332,0.34021155,0.33387641,0.31285826,0.28301217,0.28333500,0.25032347,0.23004797,0.20336115,0.17354658,0.15319716,0.13199893,0.11532362,0.10045139,0.09984501,0.10077844,0.08466068,0.09172458,0.08350387,0.09877098,0.09725578,0.09122603,0.10544637,0.09848638,0.09618943,0.09084541,0.08555480,0.08035371,0.06739226,0.07014948,0.06141320,0.06708023,0.07430510,0.07675230,0.07715226,0.07859639,0.10348556,0.09863169,0.11654509,0.11546171,0.12889871,0.13747137,0.15217071,0.16689258,0.16709252,0.17936741,0.19727164,0.21464830,0.20740153,0.21305259,0.21151407,0.19103074,0.18133635,0.19220481,0.17774925,0.15040972,0.15844547,0.15466804,0.14260118,0.14223717,0.14269434,0.15964488,0.15961344,0.14323788,0.13838332,0.12583970,0.11338143,0.11218953,0.09246394,0.08694006,0.07603533,0.06812327,0.08194690,0.08060830,0.08453048,0.08625909,0.07767046,0.07808099,0.10522730,0.09195791,0.10934846,0.12171671,0.13056646,0.15249609,0.15740326,0.17191008,0.20419101,0.23526663,0.25135678,0.26615692,0.29257138,0.31923244,0.32117944,0.35225448,0.34714979,0.34484138,0.32447859,0.31505853,0.29286540,0.27071415,0.25004064,0.22304989,0.20386324,0.18426010,0.17580835,0.15947652,0.16035312,0.15301470,0.14438312,0.15678759,0.15868632,0.17594994,0.17500719,0.18836804,0.21118762,0.24212415,0.23035804,0.25999049,0.27564832,0.31096199,0.31891777,0.31797330,0.32771446,0.34080873,0.33510798,0.34046635,0.31188534,0.29972269,0.28630801,0.28302456,0.24705090,0.23562368,0.19847122,0.19723909,0.19521505,0.17825067,0.16809773,0.15899957,0.16078624,0.16067995,0.16792763,0.16642582,0.17236822,0.15649889,0.15235413,0.14704464,0.14761480,0.13636128,0.14010743,0.14152315,0.14020524,0.14209876,0.14421584,0.14627246,0.15889000,0.17598739,0.19987362,0.23772994,0.23432608,0.26858312,0.28273557,0.30528446,0.34578696,0.33733678,0.34526508,0.36082483,0.36710641,0.34740553,0.34490435,0.34047355,0.35133119,0.33030926,0.32527049,0.31656570,0.30443910,0.30501917,0.29451215,0.26275553,0.24044500,0.21825868,0.19662354,0.16485680,0.15148704,0.14431000,0.13206067,0.12509730,0.13865291,0.12440966,0.13087661,0.13765462,0.13893413,0.14652402,0.15280619,0.14954171,0.14522086,0.15739273,0.16317226,0.15906488,0.16972860,0.16414364,0.17738760,0.18778147,0.18467276,0.19161738,0.19764490,0.20216285
0.02784780,0.02461597,0.02455473,0.02808417,0.01602190,0.02658490,0.02511564,0.02070032,0.01826056,0.03090026,0.02213418,0.02483612,0.01413802,0.01375080,0.01822645,0.02213154,0.00857827,0.02262900,0.01896001,0.02686864,0.02061562,0.02427374,0.02357063,0.03299788,0.02324573,0.02038152,0.02301550,0.03176983,0.03993839,0.04010310,0.03530302,0.02797903,0.02798862,0.04095835,0.03697955,0.04834300,0.04571570,0.06610674,0.07375673,0.08396460,0.11215836,0.10586190,0.10895764,0.11090487,0.09793564,0.08982438,0.08209686,0.06733664,0.05879670,0.04870898,0.04443485,0.03297505,0.02706337,0.02862829,0.02615051,0.02530336,0.02093654,0.01229635,0.02278084,0.03217057,0.02179924,0.02791785,0.02437808,0.01958221,0.02436943,0.02255076,0.01847806,0.02745080,0.02256320,0.02620837,0.03284088,0.03930486,0.04373969,0.04480352,0.06330228,0.06669054,0.09025632,0.10857702,0.12207245,0.12271462,0.12290269,0.12488468,0.13629920,0.15934479,0.16807488,0.20478153,0.25426943,0.29937608,0.35682971,0.40259657,0.44430825,0.46608215,0.47749609,0.49403969,0.48606599,0.47857140,0.46617305,0.44360786,0.39490704,0.36430721,0.32921830,0.27658308,0.23582716,0.21253389,0.16976509,0.14457487,0.12089304,0.11695274,0.10967105,0.11339431,0.12792699,0.15062128,0.18052173,0.19633009,0.22240801,0.24623644,0.26271237,0.24521686,0.25168842,0.22118237,0.18212371,0.16376003,0.12508618,0.10005492,0.07279331,0.06978178,0.05904834,0.05672872,0.04712626,0.05995150,0.06213887,0.05834302,0.07448742,0.08300233,0.08930681,0.09011942,0.10647243,0.13490846,0.12770469,0.16160817,0.16964487,0.18577606,0.18052767,0.18648665,0.18765097,0.19681293,0.18011850,0.17389035,0.15928459,0.15503135,0.13201387,0.13690266,0.13918013,0.14271802,0.13712647,0.12932782,0.13957498,0.12000559,0.12208381,0.11286641,0.08489785,0.08572276,0.06626263,0.05747215,0.05729547,0.04441780,0.04672157,0.04593524,0.04656166,0.04556939,0.03515714,0.05127140,0.04586946,0.04099164,0.04457259,0.05140165,0.05131931,0.05833506,0.05371602,0.06125827,0.06975409,0.06879500,0.09165374,0.09125624,0.10143443,0.11590920,0.10058478,0.10405659,0.10251299,0.11454017,0.10948254,0.10248430,0.10188386,0.09106972,0.08461909,0.08867854,0.08123092,0.07990051,0.07188145,0.07679431,0.08941585,0.08741265,0.09273602,0.10033316,0.10728369,0.14449348,0.14257502,0.16125247,0.19796358,0.23482983,0.27721181,0.32373080,0.35764321,0.43514259,0.48819258,0.53204708,0.57743166,0.60633362,0.63523146,0.67639593,0.64361464,0.62987581,0.60742972,0.58547230,0.52274192,0.47576298,0.40003087,0.36634230,0.32415658,0.27143419,0.24213299,0.20997352,0.18649647,0.17608329,0.14395506,0.13565841,0.12241038,0.12106539,0.12306869,0.10592782,0.10340473,0.10168069,0.10946315,0.11654664,0.12067637,0.14141595,0.17235779,0.18826632,0.23832781,0.26201163,0.33510850,0.36762017,0.40470770,0.46633280,0.48499660,0.51839179,0.50875696,0.53766469,0.49769323,0.48322661,0.45068254,0.43062574,0.41190312,0.37547269,0.36494298,0.33576793,0.31937324,0.32723347,0.31484561,0.29205458,0.28231156,0.25416080,0.23057516,0.20387282,0.16948823,0.13686849,0.11712482,0.09408336,0.09775298,0.07694943,0.08370031,0.06150633,0.06792273,0.07472186,0.06294947,0.07216025,0.06754816,0.06859002,0.07289483,0.06762750,0.07431196,0.06694819,0.08148205,0.07984558,0.08895439,0.08451323,0.07396799,0.08528079,0.08064820,0.07843007,0.09056303
0.01375229,0.00720761,0.01230370,-0.00222707,0.01044274,0.01123937,0.01518737,0.01484701,0.01263477,0.00330631,0.00196999,-0.00243269,0.01119210,0.00616121,-0.00379745,0.00497159,-0.00841575,0.01485147,0.00370856,0.00899641,0.00738604,0.00151904,0.00334788,0.00552841,0.01313889,0.02707621,0.02545605,0.02974444,0.03264831,0.03006256,0.03403816,0.02753372,0.02747516,0.03690987,0.04084102,0.03590912,0.04912251,0.07794672,0.08770402,0.09908243,0.11289924,0.11870321,0.12129907,0.12228035,0.11428067,0.11207406,0.09202303,0.06771205,0.05031658,0.04563874,0.03797906,0.03519751,0.03315421,0.03073872,0.02504163,0.02600195,0.02723183,0.02763906,0.02889646,0.02913340,0.03501024,0.04024700,0.02485643,0.03135539,0.02812174,0.03187926,0.03628208,0.03661497,0.04146863,0.03900840,0.04469344,0.04731303,0.06659443,0.07180059,0.08222206,0.09770573,0.11842031,0.14006281,0.15757395,0.14977123,0.14364009,0.15006175,0.14847255,0.17298680,0.20368354,0.22202564,0.24557999,0.28356302,0.31995858,0.35592870,0.38680162,0.40485842,0.43929913,0.44804800,0.47403973,0.48964242,0.48757446,0.46394806,0.45119483,0.45194657,0.41467512,0.36272944,0.32092429,0.28587685,0.24569101,0.20253826,0.17187080,0.15576975,0.12732615,0.10638205,0.11969766,0.11886648,0.14148196,0.15022047,0.14933126,0.15526972,0.15697768,0.15370898,0.14160072,0.13312987,0.11892476,0.10740378,0.10976629,0.09216416,0.09318295,0.08255235,0.09236217,0.08910828,0.09237405,0.10887853,0.11571734,0.14229338,0.13756807,0.15066410,0.16675616,0.17775015,0.19263960,0.22115270,0.23230834,0.25131628,0.24852858,0.25171901,0.27102063,0.27369121,0.26798198,0.25224007,0.24464469,0.24931610,0.22032021,0.22109973,0.21742720,0.22917226,0.23723171,0.25056962,0.26011870,0.25287053,0.26555088,0.24330078,0.24097227,0.20386299,0.18497946,0.16101108,0.13424977,0.13000583,0.10910294,0.10561927,0.10356062,0.10641541,0.09659272,0.09839494,0.10139021,0.10774988,0.10973977,0.10227588,0.11576831,0.11761631,0.13948522,0.14015250,0.15968650,0.17510446,0.18763487,0.20468552,0.22593356,0.23346829,0.24317617,0.26106502,0.27888862,0.27920420,0.26911892,0.27705327,0.26132383,0.25781973,0.25584251,0.24561556,0.21665689,0.20202296,0.19093034,0.18676178,0.17387565,0.17613652,0.17788916,0.19307187,0.19442544,0.20553492,0.21738530,0.25472433,0.28703582,0.30483930,0.33067111,0.37610200,0.41287470,0.44699035,0.48837031,0.52630281,0.53124255,0.58137502,0.60706472,0.60749300,0.60367817,0.60124547,0.57852259,0.56007553,0.51006440,0.47819319,0.43851268,0.40208092,0.35690057,0.33319195,0.28561845,0.26942168,0.27217849,0.25135431,0.24774839,0.23443850,0.23705295,0.24352480,0.24889791,0.23791900,0.21197212,0.20634488,0.20058236,0.19920544,0.18602280,0.18089295,0.20381324,0.20607845,0.21954725,0.25142312,0.28867079,0.31134932,0.38137328,0.40925325,0.45145740,0.49261592,0.52961329,0.56534355,0.57117155,0.58320891,0.58841901,0.56947690,0.55920467,0.56329911,0.55804528,0.52959874,0.50709246,0.53526498,0.51699525,0.51193577,0.51313179,0.48682545,0.43885225,0.40334272,0.35560502,0.30894604,0.27474884,0.24187937,0.22149530,0.18243506,0.18677581,0.17535657,0.16586403,0.16233243,0.17701756,0.16348079,0.16948322,0.18127455,0.16743181,0.18260433,0.18842917,0.19177997,0.18325172,0.19193359,0.18140132,0.19927589,0.20110414,0.19797586,0.22002661,0.21610682,0.21439842,0.20973548,0.21535298
-0.00502744,0.00098336,0.00704283,0.00256436,0.00306867,0.00838146,0.01164109,-0.00172861,0.00118723,0.00106511,-0.01546900,-0.00255744,-0.01373745,-0.01531373,-0.01760818,-0.02245818,-0.01883573,-0.02038684,-0.02325773,-0.02702869,-0.01960450,-0.01690547,-0.01486532,-0.01395766,-0.00943781,0.00194851,0.00578163,0.01585336,0.02061820,0.01818421,0.01794133,0.01093910,0.00948723,0.01326801,0.00798890,0.02075436,0.02746626,0.03389923,0.06553884,0.07475444,0.10354686,0.10453393,0.10978386,0.09954940,0.09290566,0.07528979,0.06070907,0.04658429,0.03495042,0.02439857,0.01200473,0.00633786,0.00698243,-0.00731905,-0.00553477,-0.00659109,-0.00061677,-0.01364292,-0.00054177,-0.00364350,-0.00615982,0.00392972,0.00500975,-0.00362460,-0.00328371,-0.00834226,-0.01021606,0.00188867,-0.00053914,-0.00081242,0.00692355,0.00088866,0.01604382,0.02632656,0.04668887,0.07257104,0.07975096,0.09607452,0.12266835,0.10614905,0.11446754,0.10860584,0.11161272,0.11737248,0.12875492,0.15773043,0.19067020,0.22306479,0.23459724,0.28007627,0.30906366,0.31562851,0.33722403,0.35957901,0.36027801,0.37738655,0.39901166,0.40094673,0.39459482,0.38434031,0.37280526,0.34291894,0.30885873,0.27892281,0.23533683,0.19786663,0.15527696,0.13157962,0.09313166,0.08092098,0.08880160,0.07012061,0.06778144,0.07611893,0.06844735,0.07994194,0.07393499,0.09054953,0.07943283,0.07389363,0.05707466,0.05232576,0.05282552,0.03420274,0.05551113,0.04059198,0.05061859,0.04835354,0.06629282,0.07698049,0.08992703,0.09477840,0.11325052,0.13256953,0.16403911,0.18074948,0.19071670,0.19422284,0.23009096,0.24561269,0.24333590,0.25298963,0.25435318,0.25122660,0.25990340,0.24312313,0.23242285,0.21652683,0.19344983,0.17099949,0.18711541,0.17590457,0.17258345,0.18554548,0.19303435,0.20465934,0.19429555,0.17804608,0.15628428,0.14555970,0.12141666,0.09659115,0.07919565,0.06683824,0.05244617,0.05015464,0.04439161,0.04280848,0.03889779,0.04884012,0.04510106,0.04641263,0.05383947,0.05847314,0.06403222,0.06154261,0.06751212,0.06548663,0.09733328,0.11629065,0.12924394,0.14659873,0.16146367,0.17660346,0.19857939,0.20894032,0.21690004,0.21446546,0.23841058,0.22436366,0.22285974,0.21543467,0.22161216,0.18490853,0.17686471,0.15455290,0.15668334,0.13991313,0.13692663,0.13632148,0.14524893,0.14015816,0.15686691,0.18254558,0.19079841,0.21907575,0.24280942,0.26563452,0.30281546,0.33099101,0.36107924,0.38062518,0.41140038,0.43209932,0.45651987,0.49825770,0.49658229,0.50784348,0.49220550,0.47063702,0.43935054,0.43947454,0.39994522,0.36778997,0.34263578,0.29784128,0.27330715,0.23122780,0.21292131,0.21195434,0.20810664,0.19091568,0.21378849,0.21711468,0.21836633,0.22982195,0.22050411,0.20528211,0.21054014,0.19718029,0.19657105,0.15866511,0.16737409,0.14307484,0.14513056,0.13750820,0.13693862,0.16770117,0.17745423,0.21402504,0.24441745,0.27332386,0.30805451,0.34710785,0.39278459,0.41708889,0.46600853,0.48810622,0.51977010,0.50907028,0.51026927,0.50938015,0.50203468,0.48808651,0.46450025,0.46724499,0.45914085,0.45232151,0.44328463,0.40836198,0.38375538,0.35943173,0.31787851,0.27742704,0.21783703,0.18328833,0.15383330,0.12503502,0.11764135,0.11126798,0.11155063,0.10403729,0.09738735,0.10930585,0.08995097,0.11015260,0.11429116,0.12064158,0.13036055,0.11842475,0.13410212,0.13233413,0.13221245,0.13632514,0.12745855,0.13387713,0.14977921,0.13889622,0.14384150,0.14646021,0.14152904
-0.01563172,-0.00654209,-0.00895426,0.00138150,-0.00312893,0.00374291,0.01284406,0.00073878,0.00163321,0.00084237,0.00052203,-0.01331872,-0.01474019,-0.01786883,-0.02670439,-0.01819631,-0.01922354,-0.01468881,-0.02380021,-0.02711419,-0.01678652,-0.01541582,-0.01673360,-0.01293136,-0.00881688,-0.00412734,-0.00742742,0.00510528,0.01212181,0.01970644,0.00683606,0.01242189,0.00513979,0.02053353,0.01695701,0.04005011,0.06170777,0.09568756,0.11839130,0.16747838,0.19594759,0.22474457,0.24147387,0.24125651,0.20075525,0.19961204,0.16257211,0.13520853,0.09530365,0.06062905,0.04564724,0.01428039,0.00456230,-0.00333869,-0.01483164,-0.01173511,-0.01936082,-0.02230446,-0.01781800,-0.01505112,-0.01362346,-0.01456835,-0.01292603,-0.02679136,-0.02038546,-0.01905676,-0.01285606,-0.01495300,-0.00924488,-0.02214984,-0.01245988,-0.00062489,0.01841944,0.02967791,0.05623912,0.09272082,0.12351423,0.16509587,0.17950461,0.18749494,0.17193259,0.13696400,0.10078974,0.07521538,0.05832535,0.05331141,0.05587178,0.05437251,0.06893920,0.08437138,0.10280727,0.13239594,0.16023873,0.18044743,0.20580044,0.23598910,0.27278711,0.29275969,0.27911750,0.31183607,0.31201059,0.31271807,0.27473695,0.24467274,0.22229728,0.17848388,0.14313449,0.11528622,0.07505443,0.04505297,0.04265909,0.03039540,0.02135108,0.03678065,0.02470380,0.03047533,0.02629470,0.03298714,0.02406492,0.03263189,0.02854799,0.00751567,0.01266656,0.01169911,0.00472600,0.00480912,0.01518699,0.01333106,0.01805476,0.03958160,0.05739089,0.05651745,0.08377604,0.10662546,0.12622235,0.15674427,0.20231509,0.23369495,0.26995401,0.31449019,0.33550514,0.37068553,0.39432498,0.43184223,0.41845117,0.40435838,0.39339671,0.35856038,0.31554959,0.28942027,0.24468025,0.21871070,0.21457858,0.18006624,0.17837917,0.16632831,0.15871351,0.15022687,0.13346577,0.11110975,0.07811451,0.06371027,0.03500760,0.02195244,0.01099184,-0.00241440,-0.00326191,-0.01075641,-0.01480853,-0.01206469,-0.01456540,-0.01851080,-0.01602313,-0.01426276,-0.00801625,-0.00897167,-0.01221070,-0.01177627,-0.01127246,-0.00017260,-0.00105602,-0.00421412,-0.00926329,0.00096100,0.00932212,0.01175008,0.01071233,0.00984788,0.02253941,0.01880000,0.00306709,0.01080635,0.01468616,0.00569676,0.01429914,0.01555570,0.01471375,0.00896591,0.02388239,0.03263846,0.03540093,0.04789942,0.05498055,0.08357963,0.08828929,0.11500893,0.14310796,0.15762487,0.19512808,0.21900791,0.24606214,0.27241330,0.29831662,0.32559472,0.34057298,0.37126561,0.37109401,0.38094427,0.38024737,0.37008271,0.36286969,0.33052834,0.32216896,0.26900023,0.24409483,0.20506628,0.16771104,0.15094294,0.14008764,0.13752332,0.11402611,0.12620057,0.11994385,0.12495364,0.12758019,0.14156034,0.14328367,0.13414788,0.13043444,0.11253074,0.11290460,0.09950627,0.07415340,0.06710945,0.05948363,0.05688344,0.06014522,0.06489529,0.06719799,0.07970403,0.12029257,0.14451310,0.17918642,0.21554783,0.26364052,0.31876926,0.37106019,0.41086544,0.46426149,0.51020028,0.52178273,0.58529839,0.57197576,0.58166805,0.54693510,0.56791589,0.53824543,0.54753994,0.51570810,0.50777108,0.48319546,0.45331284,0.40486310,0.33740423,0.26942074,0.20122268,0.14828242,0.09182740,0.05342158,0.04217318,0.00201995,0.00267147,0.00202292,-0.00414063,-0.00591794,-0.00468362,-0.00043083,-0.00753000,-0.00545114,-0.00688415,-0.00434509,-0.01003123,-0.00488676,-0.00248512,-0.01080920,0.00787509,-0.00214419,-0.00407282,-0.00225550,-0.00450200,-0.00398944
-0.00765572,0.00269204,0.00454570,0.00702898,0.02451430,0.02410891,0.02039514,0.02141733,0.01344861,0.00757996,0.00400619,-0.00171215,-0.00469076,-0.01158938,-0.01344463,-0.01766790,-0.01642190,-0.02185203,-0.01560508,-0.01095001,-0.01841810,-0.01777248,-0.00314720,0.00159088,0.00603665,0.02513120,0.03056392,0.03270390,0.04264580,0.04538164,0.02728247,0.02711705,0.01431765,-0.00000752,-0.00330602,0.01504122,0.01044275,0.01111134,0.01828452,0.02655404,0.01543592,0.03280870,0.03271618,0.04136140,0.02420173,0.02908503,0.01448477,0.01308290,0.00966934,0.00248407,0.00603993,0.00300169,-0.00606461,0.00850681,-0.00136014,0.00191338,0.00222156,-0.01279634,0.00361594,0.00583516,-0.00066793,-0.00127904,-0.00814726,0.00429253,0.00648602,0.00549518,0.00061410,0.01105265,-0.00105884,0.00392317,0.00641062,0.00929076,0.01441778,0.01140849,0.03629718,0.03205757,0.03728398,0.05262350,0.05725565,0.06478195,0.06242473,0.07819530,0.08595482,0.09801150,0.11165779,0.14479137,0.16266158,0.17798563,0.21319699,0.22963380,0.27719374,0.29190866,0.31472041,0.34112315,0.35713988,0.39804061,0.39698319,0.42435221,0.44250341,0.43565388,0.44068215,0.41743572,0.39229644,0.34705766,0.31459238,0.25478902,0.20030422,0.16597140,0.13035014,0.09939142,0.09036056,0.07344795,0.07246531,0.06558238,0.07308210,0.07164664,0.07368599,0.07155935,0.07491646,0.06179766,0.05922741,0.04517284,0.04718445,0.05368990,0.05206768,0.04499150,0.06613936,0.07489028,0.08374296,0.09932201,0.12878281,0.13888363,0.17272716,0.20039092,0.20533732,0.21964109,0.22083660,0.22593542,0.20883956,0.21516485,0.20132043,0.20288634,0.18540175,0.16443825,0.14479636,0.13521907,0.13983027,0.11426951,0.12131965,0.11435935,0.13698023,0.14115992,0.14855809,0.16868813,0.19340989,0.21798804,0.20136397,0.18810024,0.18966239,0.15916886,0.12712431,0.12231948,0.08131778,0.06939575,0.07255550,0.04434303,0.04563896,0.04748762,0.05909157,0.05197772,0.04812654,0.04798710,0.06617989,0.06753757,0.06639641,0.07097584,0.07889842,0.09051392,0.09306714,0.10349133,0.14551687,0.14169855,0.16068029,0.17995160,0.19202258,0.20007492,0.21200815,0.22131303,0.21895589,0.21916039,0.21853138,0.19738238,0.20201533,0.18467203,0.18303050,0.16893093,0.15986856,0.14939215,0.15159451,0.16466726,0.17052142,0.18140192,0.21151422,0.22716283,0.26892927,0.29140627,0.32973382,0.36325208,0.39872461,0.42619683,0.46183849,0.47555240,0.49250997,0.51081900,0.53113810,0.54787852,0.54769433,0.53146099,0.52719645,0.48156973,0.46392319,0.43552806,0.39380800,0.34969857,0.30798927,0.29918149,0.28058318,0.25986734,0.24043581,0.25051308,0.24913433,0.24828886,0.26696079,0.26910062,0.31259356,0.29020094,0.29955690,0.29228122,0.26302969,0.26039621,0.24343118,0.21976890,0.19168317,0.17369738,0.16009799,0.17206699,0.15991207,0.14552568,0.18398024,0.20988062,0.23213072,0.27750537,0.32508279,0.35789969,0.40817310,0.41288755,0.44052156,0.46900312,0.47736668,0.47189859,0.45292942,0.45717855,0.41789151,0.41079295,0.38634197,0.38210398,0.35181765,0.36822889,0.35676188,0.31738985,0.29142846,0.28107439,0.22844416,0.19487086,0.17362118,0.15782267,0.12711488,0.13515121,0.10804637,0.11197929,0.10610610,0.11635098,0.10850558,0.10546155,0.11008061,0.11807809,0.11531726,0.11931670,0.12232749,0.12803772,0.12618757,0.12715882,0.13171508,0.13194813,0.14522780,0.13044436,0.14281536,0.14446145,0.14821296,0.14057931,0.13935975
0.01679244,0.01186648,0.02560555,0.03423892,0.03163599,0.03303923,0.03904667,0.03154018,0.02772117,0.01385373,0.02046465,0.01115436,0.00244318,0.00474416,0.00571498,0.00985867,0.00194911,0.00255638,0.00460175,0.00213966,-0.00627486,0.01238777,0.01307733,0.01040831,0.01678673,0.02463213,0.03601500,0.04661157,0.04779232,0.05098254,0.03736619,0.03760282,0.02640920,0.03760585,0.03803744,0.05849922,0.07807131,0.09989522,0.14203452,0.15455219,0.17528496,0.20123450,0.17739312,0.19464783,0.17305460,0.15426091,0.11749345,0.09305382,0.06770115,0.04665361,0.02102715,0.02141908,0.00690437,0.00664443,0.00657024,-0.00365734,0.00357731,0.00784764,-0.00029528,0.00131498,0.00380847,-0.00040644,0.00372524,-0.00842254,0.00134055,0.00544579,-0.01250401,0.00431323,0.00107185,-0.00269619,0.00953253,0.01968837,0.02592961,0.04598714,0.08397377,0.09589628,0.13311818,0.15501948,0.17277210,0.17323013,0.15629666,0.14785349,0.12747314,0.12475072,0.16502118,0.17657649,0.20389094,0.24878467,0.29018136,0.32601010,0.34964727,0.38210744,0.39785726,0.40351799,0.42098522,0.42151135,0.41533923,0.39797053,0.37766923,0.35119999,0.33298103,0.31176212,0.28458807,0.24538851,0.20758511,0.16529261,0.14301340,0.11955734,0.09896068,0.09156657,0.09267036,0.11564264,0.12670088,0.14452967,0.14836811,0.17418455,0.17798145,0.16339658,0.14981499,0.13716894,0.10135625,0.08514973,0.05489525,0.04173295,0.04312843,0.02787618,0.03450085,0.03312372,0.04102530,0.05668901,0.05773206,0.09803858,0.09977012,0.13622356,0.16383422,0.18312772,0.22090186,0.22542999,0.26087042,0.29675527,0.30669325,0.31713799,0.33345713,0.34885565,0.32384389,0.31754758,0.29404227,0.26100011,0.23220097,0.20586113,0.18118496,0.14020478,0.12853446,0.11294519,0.11888290,0.10594997,0.09921047,0.08108769,0.07027174,0.05672613,0.03792407,0.01792210,0.01453537,-0.00193918,-0.00148127,-0.00965377,-0.00881061,-0.01445442,-0.01709879,-0.01192140,-0.01015685,-0.01217440,0.00108180,-0.00821106,-0.00646810,-0.00787677,-0.00461444,0.00128289,0.00733631,0.02068142,0.01956852,0.03100303,0.03449313,0.04339364,0.03829971,0.04870278,0.05598575,0.05893286,0.06546162,0.05420700,0.05864516,0.04342223,0.04925040,0.04484278,0.03678531,0.04404589,0.03498416,0.04286872,0.03684519,0.06139306,0.05852959,0.05689558,0.08670170,0.11518452,0.14139241,0.15608626,0.18265348,0.24567506,0.26904019,0.29646846,0.33692396,0.37812570,0.42059978,0.44946893,0.48339596,0.51330626,0.51090604,0.53446463,0.54482147,0.54468294,0.51593705,0.48230516,0.46020060,0.41311265,0.37378284,0.34304620,0.29070628,0.24777426,0.21096343,0.19010502,0.18283279,0.17628020,0.16902511,0.16617019,0.16391449,0.14974076,0.14268831,0.13833517,0.12579197,0.11590340,0.09634499,0.08544486,0.08503485,0.06769326,0.07423210,0.06778010,0.09627921,0.10571338,0.15500159,0.17733786,0.23845481,0.27512065,0.34789338,0.37721499,0.41076103,0.44574660,0.46630998,0.49272458,0.49764977,0.51830157,0.50692524,0.50480705,0.48077877,0.46503528,0.43600848,0.41654171,0.40435248,0.38861344,0.35347705,0.32725756,0.31566392,0.26331146,0.21049629,0.18192508,0.13019547,0.09533584,0.05701582,0.01919546,-0.00682051,-0.00346181,-0.02339809,-0.01814397,-0.01583946,-0.02001664,-0.03064988,-0.02874841,-0.03072693,-0.01861115,-0.02469430,-0.02151398,-0.01778467,-0.01675647,-0.02284990,-0.01844880,-0.01291880,-0.02340635,-0.01933857,-0.01804953,-0.01746128,-0.01669686,-0.02203881
-0.00688274,-0.00432635,-0.00628079,-0.01363508,-0.01695591,-0.01650253,-0.01838743,-0.02240304,-0.02248877,-0.01770215,-0.01545901,-0.02309489,-0.02379288,-0.02689847,-0.01927259,-0.02561857,-0.01629277,-0.02158067,-0.01957929,-0.01945722,-0.01140906,-0.03467705,-0.00909390,-0.01554137,-0.02269440,-0.01657237,-0.01442940,-0.01199902,-0.00244546,-0.00842044,0.00027153,0.01106849,-0.00156356,0.00569966,0.03236076,0.03853301,0.05920703,0.08124444,0.12345326,0.15507417,0.19104756,0.20439190,0.20321218,0.19911497,0.18935061,0.17181629,0.15202689,0.09865643,0.08181235,0.03815196,0.02544732,0.01621880,0.01645140,-0.00320429,-0.00143189,-0.00739497,-0.00489565,-0.00486390,-0.00293973,0.00298108,-0.00669356,-0.00877743,-0.00268959,-0.00780715,-0.01132331,0.00443004,0.00398276,-0.00573818,-0.00905043,0.01348307,0.00383303,0.01267132,0.02260036,0.04638070,0.07820939,0.10757100,0.14082325,0.17375316,0.20300472,0.20310525,0.20140333,0.19688308,0.17962219,0.19217535,0.19747515,0.20525393,0.24587478,0.28136062,0.32690851,0.34527941,0.36791753,0.38109140,0.36161238,0.35035330,0.32895515,0.29165149,0.26330357,0.22714955,0.21174224,0.19461523,0.16673869,0.13264257,0.11434954,0.10228900,0.08429873,0.07372242,0.06506119,0.06240152,0.05670497,0.04156682,0.03703929,0.04832617,0.05915498,0.05549652,0.06592199,0.07898089,0.08181841,0.07936563,0.06538766,0.07258269,0.05736404,0.05174618,0.03913771,0.04478063,0.03078246,0.02960190,0.03028616,0.03731011,0.03527280,0.04618951,0.05156951,0.06372793,0.06411682,0.09594938,0.10953997,0.12264253,0.16748218,0.19306138,0.22743235,0.27441933,0.29703711,0.33287658,0.35835252,0.38382338,0.39318469,0.35186522,0.34933750,0.31633559,0.29598435,0.25772389,0.20258081,0.19250811,0.14888136,0.12467855,0.10383750,0.09449262,0.07165345,0.07141448,0.05664888,0.06945146,0.04640540,0.03918765,0.04467599,0.02736830,0.03701913,0.03360876,0.04298729,0.04053419,0.03508133,0.03651484,0.03793777,0.04355983,0.05231243,0.05664723,0.05225605,0.07862703,0.07892029,0.09524670,0.12338777,0.14176285,0.16912757,0.19203992,0.22600665,0.26013603,0.28670829,0.30316188,0.32457257,0.34613686,0.35737933,0.33972030,0.34164615,0.32944049,0.30277635,0.27276386,0.24284959,0.22224532,0.17858518,0.15915827,0.15615428,0.11879690,0.12060847,0.09918334,0.09837232,0.10365709,0.10087952,0.10506691,0.11403188,0.12885988,0.13173649,0.13954214,0.15382920,0.17454715,0.17931345,0.18050484,0.19770459,0.21654561,0.22920097,0.22577604,0.23371952,0.23316926,0.21524781,0.21234943,0.21454449,0.21124777,0.18798573,0.16413790,0.15713890,0.12852827,0.12755017,0.12276101,0.11164063,0.10007229,0.10001177,0.10388295,0.10565119,0.11146196,0.09526847,0.09019939,0.09149336,0.09412592,0.07841711,0.08834786,0.07253182,0.07812260,0.07344509,0.08668318,0.09492848,0.09454415,0.10720068,0.12321068,0.14252636,0.14930588,0.16211348,0.19685682,0.22293142,0.24836264,0.28236809,0.32073738,0.36132765,0.38682779,0.41975447,0.43406878,0.42940385,0.42923822,0.44470450,0.40941698,0.39361544,0.40449695,0.39650878,0.37510774,0.35770325,0.33469119,0.29027037,0.24752998,0.20041264,0.18001618,0.12582811,0.11627984,0.09403649,0.07984813,0.08507478,0.07755778,0.07400730,0.08067525,0.08529794,0.07565045,0.09667132,0.08416750,0.09145309,0.09054450,0.10810095,0.12096384,0.12231353,0.11915172,0.12463444,0.13638695,0.14361319,0.13447715,0.15130913,0.15014669,0.15224449
0.02879660,0.03129191,0.03556735,0.04255637,0.04158184,0.04464357,0.05564069,0.05072157,0.03866086,0.03890078,0.02833919,0.02848680,0.02052817,0.01984913,0.01140713,0.00683621,0.00952539,0.00247089,0.00978946,-0.00144976,0.00121190,0.00529023,-0.00393223,0.00803231,0.01818374,0.03787464,0.03825019,0.05797807,0.05457641,0.05279430,0.04529083,0.04269198,0.03469849,0.02570906,0.01902640,0.04196507,0.02992170,0.03910274,0.05128468,0.06386329,0.07487876,0.08972538,0.08630418,0.07802058,0.08033453,0.06835803,0.04864755,0.05808183,0.04001085,0.02599115,0.01523213,0.01036259,0.00428166,0.00197717,0.00157967,-0.00677782,0.00285771,0.00187417,0.00025892,0.00785963,0.00543251,-0.00367587,-0.00101213,-0.00415620,-0.00529330,0.00383554,-0.00707193,0.01033790,-0.00185168,0.00365947,0.00335600,0.01032215,0.01667532,0.01573905,0.03435155,0.04867928,0.05980323,0.08479640,0.10132264,0.09615682,0.10973449,0.12787453,0.13145722,0.15262252,0.19622188,0.22788708,0.28944055,0.33381849,0.38520114,0.42609497,0.47638068,0.48624034,0.52251922,0.52621328,0.49972639,0.46265523,0.44922417,0.43765321,0.40299542,0.36632230,0.34831674,0.33097462,0.31626137,0.26530433,0.24838330,0.21114428,0.17048350,0.17062159,0.13454530,0.11394812,0.11770559,0.11461517,0.14358134,0.14795453,0.18479536,0.19311490,0.19576810,0.20547872,0.18927895,0.17211091,0.14866307,0.11282841,0.08624930,0.05847912,0.05594101,0.03793743,0.04195515,0.04032844,0.05772011,0.06083210,0.07786263,0.10337672,0.12686797,0.14101542,0.16058270,0.17714682,0.18994311,0.20399441,0.21508693,0.21176894,0.21116739,0.20111968,0.19195533,0.19042546,0.18034967,0.15511324,0.14827689,0.13074287,0.10350605,0.09623270,0.07909554,0.05736419,0.05057553,0.05337062,0.03816451,0.02634977,0.02172595,0.02648794,0.00869460,0.01882440,0.01644661,0.00101599,0.00460613,-0.00093989,0.00063611,-0.00796006,0.00015578,0.00002560,0.00337796,-0.00399418,-0.00073023,0.00853990,0.00289851,-0.01110807,0.00933294,0.01345952,0.02478506,0.03912705,0.04021115,0.05850224,0.07595316,0.08478825,0.11753168,0.12948545,0.15911717,0.16027683,0.17592947,0.18031660,0.20024490,0.17933208,0.19268657,0.18114339,0.16832764,0.15331790,0.17220308,0.13876493,0.13392796,0.10974591,0.09969617,0.09937762,0.09615530,0.10976399,0.12902937,0.15514720,0.17915462,0.19392881,0.21590908,0.25893939,0.28482857,0.32742189,0.34594279,0.37818758,0.42691557,0.44437398,0.46891927,0.49050667,0.51826107,0.52136188,0.52998036,0.52007450,0.51841919,0.50898717,0.47688004,0.46055889,0.40836199,0.37685986,0.35059101,0.30784653,0.26896098,0.23692040,0.23906209,0.22889624,0.23048693,0.21599564,0.22634029,0.21618217,0.22296264,0.21629742,0.20412545,0.19336925,0.16974186,0.16901573,0.14426494,0.12659203,0.11253492,0.09834703,0.10997964,0.13939593,0.15000783,0.16824440,0.21101312,0.25465606,0.29827654,0.31570961,0.34438892,0.38399324,0.38858986,0.38589954,0.40682675,0.41002437,0.39459787,0.38212844,0.35485130,0.29955669,0.28732638,0.24785661,0.22247102,0.19330393,0.17847112,0.16647159,0.14796701,0.12796292,0.11182378,0.08583313,0.07651972,0.06139239,0.03267331,0.02925803,0.02447823,0.01569271,0.01367240,0.01311879,0.00921846,0.00268682,0.01607192,0.01392143,0.01864616,0.02090837,0.03151052,0.03141835,0.03034603,0.03484803,0.04194524,0.04315514,0.04878622,0.04874253,0.05300552,0.05771518,0.05631897,0.06164478,0.04876151
0.07130029,0.06383100,0.06836058,0.08960680,0.09135536,0.08619221,0.08527864,0.08461593,0.08844199,0.06756525,0.07237043,0.06956677,0.07217412,0.06546290,0.04861230,0.05822793,0.05753396,0.06019713,0.05413537,0.05577243,0.05774200,0.06264678,0.07172744,0.07208984,0.09117106,0.09357341,0.10190477,0.10934824,0.10658177,0.10890664,0.08888159,0.09189731,0.09674148,0.09403248,0.09896176,0.10730140,0.13323331,0.15844282,0.16826570,0.18607269,0.20691933,0.22581864,0.20735705,0.22101547,0.19125960,0.17806184,0.15857000,0.13993214,0.10449831,0.10663665,0.09406557,0.08106171,0.07185142,0.06264262,0.07062930,0.07336557,0.07359932,0.07024048,0.06911184,0.06905164,0.06676869,0.07263397,0.06946712,0.06837604,0.07471626,0.07313837,0.06006106,0.06938517,0.07642911,0.08196866,0.07555835,0.09481732,0.10967691,0.11780182,0.13971523,0.16997642,0.19014090,0.21176064,0.19965445,0.20403189,0.18061837,0.19027906,0.17504273,0.18266044,0.18406712,0.19700813,0.21319308,0.24252989,0.26106011,0.28162389,0.31138328,0.30721631,0.30752538,0.34205743,0.34815886,0.35301209,0.36175185,0.38422106,0.39579327,0.38297033,0.38488450,0.37667833,0.35523453,0.33144106,0.29887954,0.25740373,0.21767247,0.18912596,0.17051504,0.16791207,0.14901508,0.13876020,0.15231506,0.16724000,0.15855329,0.17241912,0.15982020,0.16077240,0.13509482,0.14331877,0.13840899,0.12956452,0.11323826,0.12625678,0.12100774,0.12396427,0.12298867,0.14010992,0.16661325,0.18839312,0.20879121,0.22262052,0.25273145,0.26676048,0.29884036,0.32642314,0.35907450,0.35668526,0.38899202,0.39002741,0.38132829,0.41108595,0.41166627,0.39387123,0.39050193,0.36954318,0.32955972,0.31207761,0.27489435,0.26734176,0.23599146,0.20917824,0.19925495,0.20369503,0.17971060,0.16789358,0.16506311,0.16001029,0.15429615,0.15500978,0.13948029,0.12797265,0.11581964,0.11495648,0.11292511,0.10511022,0.10613645,0.10718167,0.10959295,0.10259867,0.11681801,0.10637173,0.12017080,0.11589912,0.11862987,0.12813024,0.13381732,0.14490165,0.13932040,0.15709823,0.16717950,0.16992375,0.17809785,0.19251857,0.19603041,0.20248912,0.21379377,0.22151298,0.22259697,0.23349567,0.21425189,0.19935012,0.19645252,0.19259084,0.18886207,0.18220541,0.19200229,0.18730578,0.17835106,0.20883463,0.22158166,0.23299250,0.26084908,0.28627546,0.30289475,0.33850578,0.37062376,0.39303529,0.43063528,0.42679048,0.46585849,0.47432213,0.49507987,0.49447713,0.49966143,0.51177367,0.47330566,0.45897594,0.45127219,0.43327646,0.41559851,0.40015823,0.38091345,0.34170891,0.33375279,0.29884957,0.29954654,0.29772316,0.27604794,0.28750540,0.30652813,0.30230088,0.32833717,0.34170923,0.35020287,0.35093474,0.34372861,0.34851657,0.31020482,0.29752557,0.28437908,0.25524417,0.23906841,0.22689717,0.21560427,0.21927114,0.21085234,0.20984404,0.23648285,0.26745583,0.28818816,0.32754223,0.36547235,0.37673353,0.42452334,0.46997605,0.49520289,0.51555283,0.54367955,0.55983937,0.56123374,0.56279982,0.53461788,0.53297387,0.51399453,0.47706080,0.46670006,0.47289746,0.43933835,0.41272850,0.38678364,0.35104124,0.30598050,0.27879367,0.24047163,0.21474244,0.18246505,0.17860626,0.17038242,0.15424518,0.15488823,0.15899171,0.15361488,0.16620024,0.15612004,0.15274663,0.16676510,0.15908870,0.16991217,0.17127207,0.16540879,0.17685842,0.17148281,0.17848226,0.18734145,0.17997777,0.17423305,0.19287054,0.19310419,0.17780806,0.17972296
0.03904761,0.03643710,0.03270612,0.04301916,0.03860165,0.03263064,0.03396958,0.02929031,0.02702279,0.03098028,0.03144254,0.01779555,0.03407694,0.01398649,0.03732727,0.02785041,0.01772958,0.02418251,0.02225368,0.01387734,0.01965225,0.02373212,0.02830902,0.03087113,0.02625619,0.04150469,0.03561662,0.03496472,0.03490297,0.04160904,0.03311722,0.03553584,0.03742279,0.03515217,0.05402997,0.07004096,0.07682407,0.08600156,0.12166173,0.13169128,0.15321297,0.17052162,0.17641963,0.16276265,0.15282597,0.14195636,0.10775173,0.10343397,0.08276400,0.06904782,0.04563815,0.03920502,0.04374335,0.03919384,0.03853636,0.03037196,0.02690935,0.03882842,0.03179654,0.02510460,0.03504182,0.03386893,0.02991176,0.03398990,0.03034849,0.03536260,0.03252552,0.03517533,0.03943558,0.03294631,0.03965446,0.03872848,0.04361155,0.06524189,0.09741153,0.10153207,0.12233558,0.15423468,0.15832048,0.16530731,0.16816943,0.17257854,0.17968073,0.17014189,0.19678340,0.21519556,0.24979996,0.29556258,0.31849870,0.34878546,0.38438815,0.38261716,0.40003162,0.39555321,0.39921818,0.38847154,0.37169487,0.36222050,0.33004941,0.31339071,0.28245675,0.25671113,0.22602945,0.19260489,0.17967225,0.14330755,0.11764660,0.12461103,0.09908168,0.08772592,0.08956638,0.09075262,0.09842742,0.11129301,0.10756468,0.12646828,0.12437988,0.13238686,0.12474125,0.10763424,0.09213318,0.09494907,0.06861024,0.06776505,0.07636201,0.05538917,0.06205467,0.05966014,0.06478258,0.06710063,0.07477487,0.08776720,0.10134504,0.11380849,0.12793391,0.13879149,0.16095378,0.17236538,0.20856736,0.22001755,0.23436532,0.26004496,0.29229941,0.29615568,0.27907514,0.28880384,0.26969740,0.24980503,0.22613135,0.20904275,0.20087081,0.17773147,0.17648691,0.16490173,0.16788940,0.16435367,0.15898597,0.14868629,0.13648600,0.12695757,0.11307639,0.09849093,0.07788848,0.08607318,0.07544038,0.06834109,0.06330231,0.06093304,0.06400442,0.05962762,0.06078341,0.06038331,0.07475556,0.07616527,0.05912560,0.08685560,0.08886086,0.10998543,0.12700231,0.14402054,0.15832156,0.18615532,0.21714262,0.22195001,0.23621169,0.26985425,0.28827967,0.29568561,0.29165947,0.29862475,0.29704462,0.28167519,0.25007902,0.23729342,0.21479483,0.19230068,0.17232286,0.16447576,0.14072275,0.14354650,0.14144471,0.13094370,0.13760099,0.13063024,0.13220300,0.16171723,0.16770202,0.19162683,0.19465505,0.21452922,0.23494240,0.26819440,0.28921593,0.30815613,0.34385073,0.36696686,0.38373426,0.40308185,0.39379044,0.41116156,0.40699069,0.38945442,0.36417721,0.34413369,0.31263340,0.28206191,0.24552821,0.24089647,0.21668943,0.18296889,0.17947702,0.16606657,0.16456609,0.15841671,0.14354398,0.15969501,0.15248622,0.14403465,0.14243338,0.13005059,0.12441548,0.11519062,0.12563600,0.12457143,0.10712283,0.12304597,0.12865779,0.13241335,0.15841861,0.18479592,0.21187693,0.24267872,0.27806401,0.31100419,0.34770381,0.37668064,0.38182194,0.39537664,0.42060729,0.43732447,0.43920426,0.42887005,0.42835562,0.42520407,0.41758936,0.40730578,0.39431880,0.40696358,0.38959621,0.37984727,0.36644257,0.32850300,0.28730150,0.27333072,0.22271312,0.19226015,0.16766806,0.12649105,0.12245422,0.11503403,0.10668520,0.09160088,0.10701103,0.09651777,0.11146535,0.11549786,0.11433869,0.10987734,0.11832052,0.12258483,0.12860231,0.13350261,0.13470738,0.13696987,0.14286773,0.15229086,0.15101948,0.15052055,0.16346066,0.14516911,0.16696509
0.01991872,0.01634408,0.02041719,0.03467016,0.04098475,0.02818328,0.03332456,0.03640767,0.03104209,0.01834307,0.02201769,0.00780443,0.00477655,-0.00043032,-0.00438107,0.00125758,-0.00446291,-0.00809957,-0.00694409,-0.01281068,0.00176582,-0.00782365,0.01021864,0.00336579,0.00639349,0.02370547,0.03006233,0.04269680,0.04480676,0.04153171,0.04006666,0.02798032,0.02443269,0.00782155,0.01621669,0.01973421,0.01733664,0.02748608,0.03534935,0.04182929,0.03810111,0.05016663,0.05776423,0.05610550,0.03996018,0.03425673,0.03204875,0.02324001,0.01406617,0.01878084,0.02157675,0.01242086,0.01407310,-0.00023197,0.00178064,0.00241382,-0.00341010,-0.00280400,0.00350458,0.00060591,-0.01018426,-0.00291125,0.00092267,0.00199193,0.00235905,0.00328958,0.00416393,0.00540668,0.01198720,0.00981785,0.00857879,0.00049130,0.01633574,0.01244204,0.03126570,0.03432103,0.05123366,0.05963466,0.06547000,0.07496784,0.07850726,0.08762747,0.07921919,0.10078238,0.13578218,0.13592488,0.18219417,0.21096228,0.23293280,0.27367036,0.28379906,0.29766904,0.28718100,0.32171668,0.29465868,0.31708659,0.31691315,0.32319920,0.33434316,0.33984434,0.32597074,0.34458236,0.30462581,0.27552989,0.24484038,0.20159884,0.16758475,0.13349956,0.11781346,0.08411018,0.06981886,0.04981237,0.05358641,0.04811375,0.06025944,0.04708336,0.05768612,0.05443959,0.04462046,0.04961032,0.05222063,0.04607249,0.04511832,0.02955305,0.03249320,0.04945758,0.04532602,0.04940910,0.07229978,0.07573402,0.09196946,0.12649377,0.12995749,0.15242339,0.16218208,0.18059201,0.18173362,0.18490815,0.21068737,0.19918876,0.18941879,0.18041737,0.16984168,0.17549834,0.16079202,0.14267883,0.13607493,0.12259916,0.10850734,0.09934683,0.10016219,0.10325408,0.08841870,0.10280477,0.11164560,0.12734437,0.11187868,0.11559918,0.10168173,0.08850764,0.08099778,0.06739452,0.05840036,0.04587262,0.03837887,0.03461006,0.02892789,0.03084333,0.03023523,0.03249965,0.03502178,0.02510501,0.03538271,0.05454268,0.04506263,0.05014149,0.07079629,0.08422309,0.09678730,0.10388409,0.13564825,0.15990042,0.19290866,0.18821275,0.22357134,0.22293794,0.23983636,0.26299123,0.26960498,0.26680241,0.25371577,0.24218388,0.23528015,0.20439049,0.20384457,0.18332090,0.16634046,0.16377578,0.14358991,0.13963848,0.13905197,0.15462859,0.16106347,0.19856915,0.19329674,0.21998066,0.25047145,0.27183223,0.29567460,0.31540492,0.34075643,0.34785368,0.35743200,0.36869748,0.37331076,0.38588246,0.39852864,0.36875133,0.33849977,0.34725627,0.32338021,0.30218783,0.26664432,0.25461231,0.24307587,0.20289520,0.19675634,0.17972956,0.17194647,0.17534053,0.17834447,0.19330210,0.21369074,0.21729403,0.23502604,0.25140834,0.25009957,0.23466535,0.22248730,0.23731818,0.19969886,0.16780444,0.16383981,0.14377724,0.14184476,0.11215839,0.11922300,0.12016085,0.12147123,0.13009446,0.14393269,0.16526927,0.20881543,0.21752985,0.25982519,0.28990959,0.32027755,0.32454514,0.34004865,0.35416470,0.35574571,0.35929054,0.33134028,0.33608904,0.31788997,0.29286757,0.29162678,0.28235879,0.26442546,0.25343525,0.24332530,0.21510731,0.20030581,0.16321993,0.15307515,0.12053616,0.10382504,0.09133894,0.09640532,0.09782877,0.08746552,0.09001577,0.08319618,0.09348544,0.09263700,0.09469417,0.10074386,0.10939661,0.10044241,0.11643789,0.10266398,0.12154331,0.13227654,0.13532075,0.12849984,0.13235412,0.15032221,0.13355809,0.13317685,0.14218563,0.14113497
0.01551346,0.01229251,0.01940436,0.03236781,0.03123521,0.03188162,0.03548297,0.03602394,0.03018489,0.02710337,0.02837135,0.00129044,-0.00416954,0.00038945,-0.01631902,-0.01552930,-0.00771222,-0.01283745,-0.01292181,-0.00349775,-0.00432080,-0.01376942,-0.00354643,0.00252909,0.01802248,0.03053714,0.04501913,0.05462989,0.06225874,0.03786054,0.04133051,0.02081046,0.01746450,0.01088525,0.00084995,-0.00218300,0.00869316,0.00163174,-0.00173582,0.01730827,0.01435075,0.01127016,0.01723918,0.02265390,0.01179010,0.00462459,0.01279631,0.00474048,0.00358511,0.00108745,0.00021556,0.00256371,-0.00393755,-0.00206507,-0.00824213,0.00744575,-0.00879877,-0.00548598,-0.00152166,-0.00744286,-0.00149219,0.00493020,-0.00733245,-0.00303000,-0.00087656,0.00185990,0.00120518,0.00191004,0.00595884,0.01424843,0.00863880,-0.00128361,-0.00026305,0.00431504,0.00925537,0.01966686,0.02312753,0.03656310,0.04106963,0.05665014,0.06031679,0.08051497,0.09953506,0.12913966,0.14901255,0.18240325,0.22499454,0.26301959,0.28593750,0.31893403,0.34065622,0.35833780,0.36752716,0.37880565,0.41452013,0.41759740,0.41579070,0.44180688,0.44358664,0.43934905,0.43685308,0.44227253,0.40444015,0.35052201,0.30807535,0.26688788,0.20785222,0.16926744,0.12934665,0.10890388,0.08283762,0.08008611,0.08746034,0.09043218,0.08585452,0.08238193,0.08322031,0.09454081,0.06953734,0.07256065,0.05642393,0.04700813,0.05037339,0.04770741,0.04443837,0.05397531,0.06529140,0.08102271,0.08272155,0.10366014,0.15257879,0.15621065,0.17526155,0.21724690,0.23128540,0.24205696,0.23301462,0.24372511,0.22464757,0.20958998,0.20018677,0.19530289,0.16639452,0.13308371,0.12796975,0.11255129,0.09398144,0.08745808,0.08230792,0.08572996,0.09138131,0.09943266,0.10683381,0.12147638,0.12819665,0.14128297,0.13199927,0.12308857,0.10679837,0.09904331,0.08351337,0.07244210,0.05987659,0.04113843,0.04116249,0.02028548,0.03297645,0.04582128,0.03218425,0.03878962,0.03158040,0.03143547,0.03265732,0.04222965,0.05141734,0.05766715,0.06870357,0.08130122,0.09895948,0.11692622,0.12913180,0.14142516,0.17224667,0.19922993,0.21383079,0.21944586,0.23500948,0.22916720,0.24671230,0.24084845,0.21968156,0.21989810,0.22165188,0.19438161,0.17708480,0.15824505,0.15600515,0.15243340,0.15227028,0.17119022,0.16518335,0.19039443,0.21151617,0.24599968,0.28626538,0.33244813,0.36358117,0.39770823,0.42324090,0.46555233,0.48378296,0.48784510,0.51301956,0.53778846,0.52901906,0.52763757,0.54162357,0.52659026,0.50635988,0.46975549,0.45510986,0.40217224,0.36258728,0.33543991,0.30624046,0.27616098,0.24914996,0.24773431,0.24060948,0.25252405,0.26426111,0.27370840,0.30166217,0.29617429,0.30545601,0.33291172,0.32461114,0.31914372,0.28356226,0.25882079,0.24443475,0.20191602,0.17918063,0.15924109,0.13886108,0.13957564,0.13676439,0.14911089,0.16542698,0.18590232,0.22768219,0.27359010,0.28708613,0.31955843,0.35741718,0.40660430,0.41556898,0.41594218,0.43642297,0.42505186,0.39261592,0.39306700,0.36098056,0.34023250,0.31983464,0.28787143,0.27689994,0.26424025,0.25267900,0.22970304,0.20632997,0.17866942,0.15363890,0.13827548,0.11456207,0.10615781,0.09331161,0.08332498,0.05897188,0.06702894,0.06694429,0.06967404,0.07384188,0.06434103,0.07526177,0.07620141,0.08378330,0.08034928,0.09450286,0.09794385,0.09792347,0.09537340,0.10726218,0.10359777,0.12019803,0.12508029,0.10674415,0.11588180,0.12344683,0.12752207,0.11395216
-0.00353043,-0.00131300,-0.00182847,0.00626807,0.00432945,0.01807518,0.00508185,0.00415314,-0.00023513,0.00431740,-0.00828949,-0.00168101,-0.01515539,-0.01046788,-0.00656780,-0.02192559,-0.03476203,-0.01559847,-0.01554024,-0.01874589,-0.01757891,-0.00995558,-0.02170471,-0.00910997,0.00642334,0.00193627,0.01233561,0.01857584,0.02792072,0.01362236,0.01648276,0.01829187,0.01685302,0.00411310,0.01643088,0.02224114,0.03940323,0.06321000,0.06595095,0.08973369,0.11046912,0.11167771,0.11906762,0.12610899,0.12142349,0.10277428,0.07994803,0.06277507,0.04667698,0.03016610,0.00798393,-0.00157375,0.00428863,-0.01272506,-0.00178906,-0.00437317,-0.01187464,-0.00810086,-0.00527478,-0.01032863,-0.01236661,-0.00474782,-0.00488861,-0.00200282,-0.01241606,-0.00509097,-0.00634533,-0.00072929,-0.00621377,-0.00834128,0.00144247,-0.00350278,0.00861476,0.02621303,0.05184344,0.05943132,0.08768246,0.10750859,0.11063473,0.13019484,0.12226053,0.12004440,0.12148835,0.11746528,0.13062597,0.16826540,0.18545795,0.22284336,0.25489532,0.27330800,0.28428710,0.32223566,0.31474996,0.31600797,0.32370447,0.32469196,0.31750677,0.30511659,0.31012735,0.28983366,0.28899950,0.26981251,0.24532744,0.23273478,0.20228481,0.16450293,0.13406391,0.11135916,0.09460699,0.08178592,0.06259095,0.06686990,0.07157438,0.06485931,0.07657266,0.07333655,0.08318909,0.08620739,0.07895726,0.07448812,0.06052892,0.04431303,0.04212417,0.04417844,0.02649749,0.04436050,0.03518284,0.04105293,0.04575516,0.07096837,0.05903417,0.09713579,0.12174210,0.13338688,0.15486693,0.18725361,0.18536334,0.21961975,0.22596975,0.24878279,0.27261403,0.26756401,0.28228625,0.27164223,0.27363374,0.26741395,0.24981977,0.22235747,0.20039508,0.17968974,0.15493918,0.13555141,0.14023054,0.11908089,0.10596035,0.12550322,0.10546649,0.09084218,0.08531670,0.07084099,0.06875889,0.05783856,0.03237301,0.02812301,0.02965067,0.02100665,0.02315412,0.02285812,0.03045304,0.03172607,0.03080616,0.02224706,0.02904517,0.03102298,0.04017535,0.04667074,0.05319221,0.06932718,0.07872898,0.08730463,0.11149607,0.12639550,0.14602905,0.16619595,0.17824504,0.20165397,0.20358934,0.23321629,0.22738021,0.22734737,0.20823289,0.20765717,0.18624246,0.17328693,0.16821102,0.16004271,0.13895397,0.13007580,0.11367060,0.10252014,0.12927602,0.11497617,0.12870585,0.14672036,0.15080619,0.17259553,0.20554252,0.22010439,0.24860809,0.27897217,0.29546395,0.31388874,0.33510281,0.33215039,0.35572777,0.38765921,0.38344107,0.37139721,0.35448377,0.35624093,0.34952963,0.31846706,0.31926621,0.27429430,0.25432253,0.23245852,0.21581644,0.19420096,0.20197420,0.16579988,0.17864698,0.18040175,0.17261882,0.18530042,0.18744192,0.19112435,0.19996677,0.20453004,0.18212758,0.17880797,0.15995476,0.13606130,0.12908819,0.11854848,0.12511976,0.10755878,0.10587377,0.11699248,0.13290590,0.14427089,0.17017249,0.17450922,0.21449059,0.24418572,0.28209097,0.31478128,0.34824735,0.37233587,0.39755837,0.41107270,0.43069781,0.42517476,0.40788448,0.41872748,0.39245036,0.38909670,0.36502026,0.35033774,0.33631661,0.31094093,0.31006223,0.29558184,0.24274938,0.21332302,0.17455071,0.13644817,0.11020463,0.10175304,0.08638483,0.06903069,0.07297015,0.06268153,0.06163279,0.06333891,0.07638972,0.07409756,0.07112281,0.08331701,0.08460907,0.08189184,0.07642822,0.08468441,0.08857211,0.09989029,0.10236601,0.10848203,0.10152740,0.10463339,0.12602635,0.11677624,0.12459312
0.06681889,0.06719985,0.06743986,0.07295289,0.07501345,0.07820842,0.09206039,0.06941880,0.06675196,0.07026128,0.05639005,0.06359910,0.05468494,0.04530199,0.04836782,0.05404645,0.04579909,0.04945628,0.04714583,0.05184048,0.05206387,0.05249615,0.05017473,0.06142936,0.05459000,0.07807833,0.08260710,0.08554641,0.08882249,0.08520031,0.08506069,0.08095579,0.08983095,0.08088592,0.09578478,0.11648301,0.14493541,0.16997281,0.19018189,0.23444485,0.25060607,0.26278001,0.26534536,0.24572467,0.22879514,0.21549077,0.16454497,0.14778109,0.12203522,0.10224289,0.08358072,0.07224453,0.06708813,0.05777320,0.05098547,0.05149971,0.04997657,0.04947692,0.04460449,0.05357549,0.05400459,0.04322747,0.06003415,0.05116305,0.04216452,0.05867767,0.05510894,0.04999689,0.06040001,0.06751885,0.05424641,0.06461125,0.09252246,0.11384432,0.14150598,0.17698177,0.20203286,0.22324831,0.23944187,0.21561029,0.20106850,0.18442908,0.17825350,0.16681143,0.18181626,0.19343388,0.20434441,0.22667797,0.25783658,0.27537051,0.28564462,0.29381327,0.30631586,0.32393329,0.34874286,0.35196183,0.35954823,0.34463717,0.34673241,0.34925779,0.34434432,0.30892025,0.28204750,0.25353486,0.23064079,0.18101533,0.16482169,0.14041025,0.11069938,0.09952323,0.09888270,0.09728472,0.09731530,0.09158243,0.09181215,0.09997435,0.10691212,0.09941246,0.10369958,0.08625973,0.08421883,0.07726669,0.07999732,0.07405345,0.07428629,0.08163086,0.07944426,0.09339941,0.10545613,0.10630178,0.13507157,0.15463871,0.17472269,0.19337539,0.22058290,0.25977087,0.27550506,0.31162186,0.33155828,0.36622226,0.40599765,0.41243466,0.39583480,0.43258027,0.39112388,0.39393007,0.35847212,0.31892601,0.31504617,0.26025050,0.24966492,0.22334748,0.20810953,0.20332925,0.20769749,0.19134279,0.17564532,0.16211534,0.14929218,0.12165631,0.11390538,0.09904202,0.08643218,0.07082065,0.07596404,0.06491502,0.07417752,0.05838647,0.06547843,0.05961986,0.07178552,0.06913988,0.06083957,0.06905695,0.08553696,0.08697896,0.08201509,0.09660076,0.10829406,0.11728415,0.14193220,0.14225466,0.16154189,0.16223787,0.18758802,0.21551690,0.21245238,0.20503870,0.19689121,0.18741391,0.19394873,0.18396387,0.17379025,0.17202550,0.16951782,0.14495595,0.14254555,0.13125720,0.13833906,0.12783985,0.13926360,0.13873032,0.17031394,0.17762565,0.19158065,0.22322340,0.24497913,0.25695645,0.27916309,0.29446855,0.32691282,0.34339186,0.37024602,0.38841667,0.40142691,0.39728040,0.39490257,0.39547154,0.37910417,0.36520609,0.34824318,0.31634359,0.30067716,0.27637109,0.24791936,0.22713432,0.21149616,0.18927380,0.17826739,0.17449920,0.17110102,0.18315331,0.18581683,0.19267443,0.20792419,0.21148480,0.20340258,0.19036741,0.19376619,0.17226157,0.15494208,0.13480649,0.12325917,0.12447256,0.10924672,0.13608189,0.14347073,0.13877549,0.16247407,0.17657890,0.21317802,0.24380868,0.28371883,0.32169066,0.35752095,0.39051964,0.46020934,0.48120652,0.51620908,0.52222783,0.55060836,0.54631879,0.54060639,0.52905931,0.52056086,0.51472425,0.50683512,0.49351302,0.47653633,0.45165754,0.40371503,0.35914229,0.31243874,0.24074938,0.20727931,0.16779493,0.12656875,0.10177583,0.09481755,0.08166410,0.06911217,0.07488349,0.08466068,0.06754084,0.08888277,0.07971938,0.09029294,0.09380246,0.08817525,0.09023683,0.09980446,0.10652042,0.10519124,0.10828988,0.10200183,0.10646582,0.11019218,0.10912305,0.11639121,0.11312529,0.11139326
0.01350593,0.01747573,0.01141822,0.01649602,0.00612606,0.01636133,0.01271616,0.00891235,0.01685130,0.01215354,-0.00454292,-0.00210437,0.00799838,0.01187483,-0.00085991,-0.00587414,0.00883761,-0.00061606,-0.00346565,0.00353811,-0.00314264,-0.00193422,0.00756853,0.01152061,0.01269852,0.01142219,0.01924913,0.02644068,0.01530321,0.02976070,0.02120831,0.01786883,0.01232997,0.01148802,0.01969030,0.03177396,0.03991807,0.04376643,0.04442639,0.06567865,0.07873163,0.09685586,0.09345061,0.09170507,0.09066236,0.09023712,0.08007002,0.05633683,0.04377054,0.03667780,0.03073423,0.02271554,0.01942562,0.01024882,0.01756463,0.01413685,0.01418623,0.00576517,0.00150667,0.00696523,0.01179345,0.01124666,0.00890258,0.00787429,0.01103813,0.01591829,0.00777937,0.02012291,0.00646861,0.01033502,0.02080807,0.02432154,0.02110847,0.03595645,0.04401504,0.05442215,0.06886349,0.09846635,0.09640957,0.10658428,0.11772706,0.12482786,0.11349424,0.13392723,0.15572297,0.18182973,0.20851936,0.25818919,0.28483615,0.31736621,0.35087514,0.36380086,0.38528121,0.40921972,0.39814469,0.40032171,0.40627403,0.37696200,0.34931388,0.34095374,0.32279297,0.28417475,0.24369457,0.23100333,0.19881420,0.15540598,0.12383240,0.11313984,0.08658445,0.08155097,0.08109783,0.07175182,0.08661612,0.09897662,0.10112408,0.12433099,0.12755581,0.11732343,0.12969705,0.11072532,0.08611878,0.08678472,0.06650646,0.05762783,0.05557436,0.04879628,0.03929542,0.03574004,0.04344420,0.04672275,0.05053572,0.05308091,0.07151159,0.08179343,0.08446822,0.10097766,0.10443310,0.11797639,0.14136427,0.15185765,0.15990836,0.17270358,0.17947730,0.19226537,0.19250220,0.18798487,0.17581913,0.16554595,0.15346406,0.13338892,0.14258724,0.13652892,0.13768199,0.13854268,0.14589335,0.15111594,0.14518339,0.15215974,0.13750566,0.12834780,0.12477450,0.08474294,0.07139454,0.06725449,0.05618229,0.04754981,0.03631822,0.03756864,0.03323944,0.03621373,0.03441585,0.03247079,0.03436390,0.03755668,0.05242705,0.04536159,0.07993446,0.07042381,0.07401369,0.09290953,0.11540122,0.13653380,0.14012055,0.16173560,0.18791895,0.20601379,0.21507599,0.23601365,0.23580798,0.23217793,0.23870332,0.23795767,0.20301420,0.21477660,0.18974635,0.15573531,0.16512744,0.14131715,0.12319889,0.11894946,0.11315500,0.10588415,0.10773198,0.11230488,0.11510608,0.12465637,0.14211839,0.16631480,0.18525226,0.20576798,0.22226888,0.26033308,0.29843367,0.32920691,0.37581448,0.39675190,0.41952500,0.44810222,0.46421660,0.46418664,0.46423809,0.43989179,0.43854416,0.39495990,0.36963825,0.33527512,0.31951766,0.26750541,0.24439981,0.20998765,0.18080054,0.16396007,0.14885253,0.14538243,0.14178703,0.13707545,0.13171431,0.12582463,0.11792228,0.12514322,0.12477861,0.11507855,0.10441062,0.10179938,0.10630710,0.11498334,0.11461443,0.12785887,0.15012327,0.17451337,0.20228549,0.23951526,0.27729304,0.30571843,0.35800046,0.39409729,0.40561215,0.41129038,0.42119076,0.42927270,0.40766506,0.40816679,0.40278317,0.38025958,0.36112886,0.35844350,0.34857585,0.35610580,0.35002485,0.33142674,0.34173421,0.30175797,0.27173894,0.23018714,0.19521875,0.18116379,0.13821839,0.11413362,0.10689193,0.08754916,0.09028803,0.07071550,0.07051844,0.09050435,0.08089188,0.09655762,0.08602356,0.10258828,0.09338415,0.08740364,0.10410841,0.11254998,0.10808447,0.11482639,0.11139228,0.12227972,0.12112390,0.13353514,0.12415058,0.13153018,0.12157339
0.01418960,0.01625436,0.01838248,0.01640762,0.02558595,0.02884812,0.04516201,0.03935298,0.03557698,0.02735943,0.02223129,0.01573790,0.00002375,0.00631714,-0.00215007,-0.00854192,-0.01541456,-0.01437019,-0.00949800,-0.01616663,-0.01181346,-0.01138849,-0.01279898,-0.00719431,0.01078947,0.01095685,0.02940343,0.03435132,0.05189965,0.04495184,0.04575182,0.03506442,0.04074808,0.02541117,0.01489071,0.02274134,0.02726634,0.04237320,0.05892864,0.08452974,0.08811037,0.10943043,0.10333111,0.10947100,0.10407702,0.09563217,0.07824045,0.05995489,0.04779508,0.03491028,0.02181070,0.00776268,0.01729027,0.00060936,0.00338994,-0.00566001,-0.00665625,-0.00117022,0.00002040,0.01062444,-0.00988416,-0.00338139,0.00554707,0.00048809,-0.00423419,0.00615234,0.00435562,0.00708702,0.00676840,0.00438185,0.01384448,0.01655984,0.01935207,0.03063801,0.03921855,0.05055419,0.06074716,0.10200302,0.10299484,0.13126609,0.12348614,0.12690782,0.11538843,0.13051373,0.12871927,0.14257220,0.17999377,0.21448851,0.24423994,0.23949966,0.28947956,0.29554512,0.30800886,0.34450890,0.33089129,0.34523512,0.34444181,0.36589495,0.39078378,0.37395067,0.37064121,0.36700859,0.36054007,0.33567865,0.29281464,0.26754476,0.22131121,0.17628826,0.13629080,0.12437688,0.09970540,0.09601464,0.09842405,0.09025979,0.10234485,0.10567830,0.10368643,0.10393985,0.10173974,0.09752548,0.09104130,0.07417618,0.06437992,0.05324453,0.04490453,0.04335125,0.05025767,0.05278293,0.08063619,0.09504915,0.11004767,0.12501788,0.15426155,0.20163387,0.21491065,0.22771936,0.24139548,0.28180155,0.27656252,0.28805069,0.29086887,0.29509265,0.29622010,0.28568816,0.27911149,0.25472301,0.24552607,0.22286956,0.20633433,0.17204390,0.15953003,0.13889685,0.13759802,0.12921070,0.12303007,0.11698794,0.11636435,0.10842465,0.10176663,0.08413323,0.06978179,0.05862063,0.05470428,0.04840647,0.04191583,0.03142893,0.02739257,0.02840248,0.03347439,0.03641583,0.02869973,0.03756881,0.03907553,0.03563082,0.03694067,0.04831007,0.04766358,0.05479194,0.07090270,0.08719592,0.10392486,0.10319883,0.12703252,0.14162244,0.15652260,0.15935741,0.18383839,0.18730879,0.19190776,0.18066750,0.18751756,0.18467943,0.16555110,0.16760711,0.16691828,0.13029132,0.14374991,0.13133694,0.13373460,0.13563738,0.13535889,0.15217980,0.17049675,0.19169813,0.21492320,0.25847385,0.29532642,0.30497736,0.34426223,0.35234774,0.40486771,0.44013910,0.44126265,0.46420586,0.46148841,0.47564851,0.46626443,0.47158252,0.44788594,0.43274433,0.42830356,0.41163018,0.37473062,0.33224000,0.32643308,0.30498588,0.26470626,0.24763341,0.23732552,0.23280840,0.22666181,0.23535951,0.23473939,0.25020962,0.26989456,0.28465866,0.28669694,0.27660784,0.28609288,0.25695219,0.24237420,0.22116110,0.19748110,0.15739047,0.15936789,0.13159901,0.13332013,0.12872770,0.13656014,0.16971897,0.18318721,0.19968365,0.23935729,0.25816612,0.29889571,0.33189548,0.37498221,0.39248342,0.44195253,0.46438590,0.45983567,0.46388381,0.46489868,0.43977245,0.41886208,0.38640527,0.36468301,0.32978375,0.34080659,0.32054709,0.29462036,0.27305810,0.24434587,0.20894569,0.16750066,0.14563178,0.11849223,0.10110529,0.08545563,0.07413008,0.06557260,0.06342523,0.05924639,0.06264884,0.06112485,0.06587423,0.05960278,0.07530298,0.06821400,0.06770096,0.07085396,0.08136533,0.08726855,0.08476340,0.09053700,0.07989277,0.09258306,0.09176362,0.09794908,0.09348286,0.08845093
0.01232232,0.01480761,0.00688005,0.01651149,0.01352501,0.01684953,0.01682882,0.01871918,0.02127992,0.00975156,0.00877921,0.00696290,0.00472436,-0.00947543,0.00160048,0.00007181,-0.00941538,-0.00558749,-0.00928209,-0.00853112,-0.00185710,-0.00122088,0.00487514,0.00039540,-0.00589782,0.01186988,0.02733881,0.02498266,0.02637355,0.01797425,0.02208113,0.02197621,0.01779222,0.00993312,0.01938405,0.02693802,0.03120604,0.03592498,0.03732341,0.05362394,0.06691091,0.07473465,0.06875838,0.07677473,0.06587887,0.05184204,0.05023279,0.04184975,0.04349591,0.02355955,0.01429688,0.00966120,0.00964193,0.00328368,0.00951709,0.01650666,0.01241864,0.01265328,0.00485566,0.01583898,0.00367273,0.00299817,0.00359447,0.02368734,0.01311300,0.01111341,0.01350419,0.00842824,0.01261634,0.01322732,0.02991569,0.02838100,0.02951250,0.03428070,0.04556344,0.05977223,0.07075854,0.08286857,0.10164240,0.09738886,0.10920261,0.12205863,0.14122737,0.14732225,0.18461652,0.21335071,0.24195191,0.30592526,0.32152018,0.37376082,0.41956941,0.44566642,0.47601698,0.45828997,0.47887603,0.46947881,0.46428182,0.46856680,0.45661563,0.43680292,0.41977320,0.38822193,0.33889527,0.29854867,0.25793186,0.22091913,0.16990853,0.14579966,0.12004590,0.11069346,0.10812002,0.10286441,0.11905535,0.12754201,0.13389652,0.13804931,0.14704719,0.14307346,0.13481018,0.13019152,0.09961753,0.08423459,0.07129413,0.07640178,0.06369378,0.05854150,0.05395836,0.04879797,0.05813960,0.07706652,0.09667878,0.10490574,0.11125441,0.12477179,0.15476646,0.15582882,0.16559580,0.16955639,0.17739030,0.20322853,0.19212072,0.19930726,0.20527511,0.20161786,0.17560529,0.18050668,0.17355567,0.15641391,0.15583048,0.14497833,0.14698862,0.14403304,0.15927654,0.16903406,0.17983488,0.18980798,0.19168275,0.18537667,0.17675160,0.15539465,0.13255262,0.11386082,0.10411561,0.08013262,0.07617915,0.05760940,0.05708021,0.04741089,0.06303805,0.05078500,0.05503893,0.05875579,0.05926764,0.07021147,0.07002264,0.08816049,0.09234061,0.10045485,0.11425866,0.13133490,0.14006182,0.17237200,0.20059908,0.21268830,0.24043131,0.25713970,0.26466195,0.27938564,0.27211417,0.28585310,0.28086382,0.27383306,0.26372652,0.24696961,0.21475635,0.20324138,0.19467097,0.17115599,0.15749659,0.16019455,0.15355795,0.15758922,0.16773666,0.17951539,0.19313228,0.21916354,0.23932021,0.26292339,0.29613369,0.33089409,0.35968160,0.38298512,0.42065304,0.45655667,0.53077190,0.53545473,0.54805308,0.58729407,0.57312361,0.55933027,0.56022119,0.53109713,0.50896515,0.47325203,0.42392982,0.37330477,0.32913349,0.29553032,0.28498845,0.26290236,0.23706662,0.25725813,0.24486167,0.21069230,0.21949229,0.22086397,0.23040861,0.22057971,0.21332697,0.20312959,0.17859526,0.17345804,0.16826108,0.16164703,0.15491784,0.15984723,0.16359152,0.18107030,0.20270119,0.24249372,0.28469662,0.30119651,0.35033749,0.39100823,0.43143982,0.44800563,0.49099167,0.48083256,0.51398709,0.50806702,0.49851081,0.47929657,0.45752590,0.42200498,0.42190479,0.40602947,0.37939591,0.40576985,0.39241399,0.35528386,0.33802202,0.31824851,0.29919700,0.23035304,0.21929578,0.19706576,0.15947493,0.15370854,0.13556073,0.11901769,0.11337075,0.11023920,0.10715975,0.11052188,0.11840686,0.12269860,0.12277080,0.13153748,0.13878115,0.13640608,0.14805917,0.14676678,0.14525639,0.14056362,0.15482277,0.15131484,0.16187261,0.16287651,0.17217793,0.15781927,0.16805872
0.05644888,0.05881547,0.05309734,0.06273746,0.07434669,0.08096060,0.07379409,0.08430621,0.08722101,0.06341457,0.06212940,0.06370309,0.05098033,0.04535844,0.04500364,0.03113748,0.03082880,0.03393082,0.02906321,0.03079224,0.02260242,0.03831498,0.03471074,0.04612766,0.05946749,0.06988438,0.08401317,0.08622479,0.09289982,0.09955645,0.09540952,0.07987537,0.06850097,0.05989250,0.05691236,0.05158323,0.05980086,0.07905841,0.08201518,0.09826129,0.10129796,0.12242537,0.13349474,0.12284832,0.11191082,0.10994583,0.09667347,0.09150746,0.07649354,0.06507670,0.05289839,0.05543669,0.03623280,0.03048637,0.03944104,0.03222939,0.04068656,0.02338845,0.02383219,0.04061624,0.04371231,0.03582935,0.04004484,0.03725929,0.03316512,0.03737372,0.03669509,0.02735359,0.03254571,0.03876554,0.04153392,0.04749002,0.04904803,0.05299781,0.06402085,0.08055046,0.09755889,0.11155175,0.11575165,0.11729720,0.12982603,0.11508305,0.12907612,0.12993644,0.15279343,0.15237098,0.17356326,0.20597964,0.22965890,0.27258422,0.30187184,0.31153131,0.33770159,0.34251350,0.34842470,0.35339263,0.38076101,0.38032815,0.37642546,0.39718903,0.39767977,0.38485081,0.39200467,0.38009165,0.33381787,0.30813600,0.25190569,0.21686239,0.19833447,0.16990268,0.15122785,0.14042792,0.15966224,0.16666777,0.17597427,0.19145626,0.19034715,0.19226632,0.18270620,0.16160906,0.14733301,0.13202843,0.11421910,0.10680685,0.08988332,0.08497216,0.08589419,0.08890167,0.10696848,0.13033378,0.13655265,0.17076436,0.20306046,0.23688399,0.26010147,0.27156947,0.28386453,0.29875851,0.30496536,0.31339678,0.30774278,0.28853863,0.28742001,0.27234343,0.26330700,0.23794286,0.22346982,0.19915741,0.17695944,0.16398968,0.14028043,0.11985795,0.10627621,0.09958544,0.09097210,0.09339004,0.08769899,0.07879494,0.07914380,0.07578563,0.07043804,0.06766208,0.04918300,0.05640940,0.04581480,0.05249267,0.04759867,0.04338443,0.03760360,0.03735709,0.04054416,0.04436140,0.03692114,0.03851415,0.03903147,0.04061760,0.04492318,0.05229086,0.05115707,0.04896067,0.04216120,0.05177545,0.06996439,0.07726615,0.06653298,0.08203710,0.07896499,0.07744684,0.08669739,0.08381653,0.08070114,0.07521704,0.07274247,0.08304989,0.07367367,0.08361025,0.09163075,0.08937836,0.09966421,0.11330377,0.13151813,0.14979053,0.19387607,0.21238590,0.24388329,0.29411118,0.31009712,0.35699592,0.39090476,0.41933153,0.45419811,0.48695913,0.49064379,0.51942831,0.53124449,0.53762682,0.53800933,0.53725719,0.52720989,0.50680564,0.49950033,0.49060253,0.43811455,0.43221007,0.39539638,0.36074909,0.30916198,0.30723994,0.29829691,0.27471722,0.28277974,0.28349265,0.29442589,0.31948435,0.31712463,0.33599959,0.33703145,0.32452508,0.32227070,0.30874679,0.27466609,0.24102589,0.23064374,0.19568397,0.17112245,0.16990723,0.14535659,0.15855750,0.15758887,0.19672180,0.21752999,0.23946338,0.27472574,0.30197664,0.34922515,0.37794045,0.39918985,0.42941186,0.45993689,0.44663981,0.45518650,0.45486423,0.42092230,0.39076100,0.35270964,0.33207053,0.30111341,0.27111754,0.25985699,0.23288777,0.21416122,0.19398320,0.17196367,0.15424683,0.12305426,0.10612992,0.08661790,0.08135715,0.06227907,0.04983668,0.04431772,0.03708338,0.04461590,0.04593449,0.04203889,0.04340352,0.04287801,0.04871440,0.05114050,0.04249626,0.05173039,0.04683809,0.04171200,0.04340622,0.04524426,0.04940000,0.04369083,0.04572704,0.04179262,0.05226167,0.05764385
0.01394653,0.02376322,0.02346364,0.03211595,0.02931102,0.03467230,0.03183348,0.04783336,0.03060465,0.02096126,0.01860338,0.01613539,0.00075762,0.00182432,-0.00527162,-0.00241298,-0.01000773,0.00140417,-0.01270177,-0.00212179,-0.01156428,0.00005766,0.00626448,0.00529729,0.01650874,0.02670294,0.04138010,0.05053825,0.04602838,0.05037342,0.03059464,0.03103687,0.03168715,0.02325806,0.01480445,0.00879338,0.01683008,0.02311191,0.02751433,0.03969565,0.04549163,0.03684600,0.04537543,0.03403231,0.04949849,0.02613028,0.03318371,0.02614372,0.01908541,0.02593361,0.01525428,0.01328324,0.00697849,-0.00587976,-0.00398070,0.00575537,0.01069749,-0.00598699,0.01301005,0.00544257,0.00456359,0.00202645,0.00131984,0.00507033,0.00741800,0.00840075,-0.00013721,0.00998811,0.01257457,0.00495142,0.01619006,0.02346071,0.01690291,0.02291089,0.02382695,0.03879883,0.05136122,0.05230467,0.07853425,0.07341257,0.10392693,0.11407090,0.12878788,0.17919724,0.19206764,0.24344093,0.29721101,0.34395022,0.41080694,0.43833721,0.44471727,0.48725129,0.49302806,0.48944252,0.48665933,0.47259485,0.46405123,0.44143709,0.40664983,0.39160147,0.38790182,0.37263350,0.32569638,0.29602139,0.28143551,0.21982345,0.18926439,0.16091486,0.12574641,0.11513339,0.12518637,0.13119815,0.13940919,0.15951304,0.16738415,0.17499809,0.19014957,0.18707149,0.16971598,0.14785347,0.12538462,0.09991234,0.08248559,0.06833228,0.06464772,0.05596343,0.06620319,0.06373888,0.08382234,0.10753463,0.11305554,0.12558243,0.15861513,0.16757210,0.18965616,0.20105284,0.21120358,0.22493298,0.21528900,0.20558448,0.20276917,0.19287023,0.16546751,0.15743919,0.16119330,0.12573347,0.11894435,0.11434010,0.09411214,0.09843719,0.08855516,0.08401022,0.09288753,0.08610940,0.08469426,0.09315976,0.08835063,0.08224145,0.07232729,0.08039044,0.06396320,0.06336890,0.05272926,0.04862377,0.03579231,0.03615702,0.03954937,0.03292675,0.02900030,0.03009001,0.02678796,0.03422324,0.04075074,0.05742103,0.06018945,0.06405575,0.06479329,0.07953408,0.09563737,0.10719873,0.13780615,0.14879913,0.17798420,0.20084541,0.21683587,0.23820569,0.24643730,0.26534221,0.24714759,0.26797475,0.25288190,0.23283114,0.21276327,0.21594212,0.19619833,0.17555329,0.16590117,0.15730808,0.14616232,0.14822201,0.13978419,0.17717024,0.17478654,0.20691196,0.23664024,0.26866279,0.29872215,0.31009825,0.35016854,0.40185201,0.41689306,0.46149688,0.47205386,0.51273427,0.53171409,0.53836064,0.56172255,0.57033837,0.55454879,0.54941391,0.54008143,0.51904614,0.48926299,0.45303573,0.40870307,0.36547036,0.34244896,0.30507322,0.27845621,0.28011985,0.25469620,0.25828098,0.27218689,0.26992743,0.28358369,0.27493388,0.29008404,0.25767617,0.25005108,0.23433496,0.20827963,0.19408425,0.18940909,0.15309055,0.16027525,0.14748521,0.16757293,0.17457423,0.18460426,0.24585896,0.25797880,0.31411877,0.35565542,0.36723270,0.39321614,0.40613866,0.42650362,0.42167736,0.44308811,0.43214260,0.39077433,0.38202909,0.34093595,0.31735104,0.28959589,0.24824344,0.24882980,0.23436409,0.20519858,0.19411652,0.16530249,0.16527261,0.14687831,0.12349798,0.12000805,0.08959207,0.08416031,0.07318335,0.07962461,0.07801332,0.07242417,0.07221643,0.07743842,0.08175918,0.09078341,0.08397662,0.08831201,0.09436138,0.10133908,0.09266326,0.10971774,0.10220911,0.10945786,0.10889089,0.12871499,0.12908272,0.12492378,0.13033968,0.12378686,0.12668966,0.12312100
0.01615594,0.02690400,0.02704318,0.02540959,0.03419883,0.03635317,0.03739306,0.03110458,0.03557647,0.01415215,0.02231170,0.00974638,0.01655546,-0.00244878,0.00737197,0.00304716,0.00128608,-0.00353752,-0.00309848,0.00971818,0.00481793,0.01226333,0.00424360,0.01215571,0.01913406,0.03252032,0.03747524,0.04769281,0.04223105,0.05288818,0.05267766,0.03323860,0.03357043,0.02264476,0.02188580,0.02351379,0.02480869,0.01557892,0.03277112,0.03415645,0.04026808,0.03821816,0.05704377,0.05153884,0.04262744,0.03809664,0.03419520,0.03554032,0.02313572,0.00845040,0.02527759,0.02044157,0.01539204,0.02156690,0.01454445,0.01179458,0.01426178,0.01589562,0.02129950,0.01239344,0.01283875,0.01304643,0.01413319,0.01516328,0.01728759,0.01728100,0.02311170,0.02376413,0.02445754,0.01578885,0.02445089,0.03716441,0.02428837,0.03388317,0.04539373,0.03427706,0.05543443,0.07428338,0.06388634,0.07470975,0.08059878,0.09740801,0.10101507,0.10893887,0.13926019,0.17405353,0.18430052,0.22032689,0.25248412,0.27135285,0.31024934,0.33605258,0.34670304,0.35103289,0.38047011,0.37433496,0.40820917,0.38347989,0.41784971,0.39622886,0.38656014,0.37608413,0.34339836,0.33189498,0.28402114,0.24187596,0.20577395,0.17011489,0.12824858,0.12857260,0.09833967,0.09895943,0.09913133,0.10681161,0.12040239,0.12522618,0.11877993,0.12319555,0.11929721,0.09744535,0.09471445,0.08974600,0.07997970,0.05723696,0.07253730,0.06256223,0.07366072,0.07829095,0.07831676,0.10092386,0.12298211,0.13369518,0.14926345,0.17316037,0.17790021,0.19928012,0.19105175,0.20528024,0.19600474,0.19716902,0.20342353,0.17750371,0.16640314,0.15816539,0.13785838,0.13848346,0.13472623,0.11395842,0.11285551,0.11114253,0.11613230,0.11550784,0.12524237,0.13508958,0.15060667,0.16079339,0.16595999,0.16677469,0.15785407,0.12941132,0.11711091,0.09987428,0.08896666,0.07217041,0.05920037,0.06856604,0.05575450,0.05341865,0.05555682,0.05583644,0.05685828,0.04846838,0.05620130,0.06707316,0.06314600,0.06450193,0.07177045,0.08215594,0.09551893,0.10039878,0.11848193,0.13995880,0.13436020,0.16037731,0.15892159,0.18743778,0.19276482,0.19187616,0.20912190,0.19689105,0.19074298,0.18687064,0.18681662,0.15336541,0.15399653,0.15560180,0.14200739,0.14511297,0.13858653,0.14768452,0.15140268,0.17475763,0.18302639,0.19281119,0.21689875,0.24596530,0.27066710,0.29475699,0.33287394,0.37383285,0.39372191,0.42937598,0.45815015,0.48157307,0.49116985,0.51039001,0.49962514,0.50825663,0.50613576,0.48631785,0.49471927,0.43746390,0.40789901,0.39153039,0.34324276,0.33100878,0.28165792,0.28348011,0.25636153,0.23469214,0.22627735,0.24900742,0.24113164,0.24024515,0.25033783,0.25992077,0.25715973,0.25145034,0.22715171,0.24036244,0.21302644,0.19034632,0.17535766,0.15399398,0.15601462,0.15374503,0.14550284,0.16504224,0.17792033,0.19359993,0.23082066,0.26408891,0.29185984,0.34114195,0.35946536,0.37885541,0.42374394,0.41865020,0.40927164,0.43085989,0.40419587,0.39480656,0.36062859,0.36222085,0.32772415,0.31826828,0.28435304,0.28378208,0.27766440,0.27538888,0.23648447,0.23132044,0.19243260,0.17215963,0.15342569,0.12901385,0.11188127,0.09275471,0.09832250,0.09119252,0.07197982,0.08578408,0.07443266,0.08747158,0.08451719,0.08278849,0.09298984,0.08187778,0.09217929,0.08850052,0.09713475,0.10950188,0.09350457,0.10743056,0.12090881,0.10141458,0.11296230,0.09943213,0.11067255,0.11774760,0.11270597
0.00177833,0.00091086,0.01108689,0.00442605,0.01407748,0.00255867,0.01309798,0.01950011,0.01476406,-0.00231515,-0.00475250,-0.00555198,-0.00081008,-0.00975643,-0.01783182,-0.01623188,-0.01584451,-0.00386253,-0.01518209,-0.01407118,-0.01636603,-0.00737422,-0.01098919,-0.00458726,0.00829351,0.00762147,0.00995961,0.02359435,0.01978195,0.01879362,0.01605541,0.00949050,0.00595970,-0.00746101,0.00235967,0.01352875,0.01301038,0.02221300,0.02795795,0.03239694,0.05006312,0.04251976,0.04714757,0.04434893,0.04202270,0.04376957,0.02515901,0.02058591,0.02199517,0.01575390,0.00497129,-0.00203945,-0.00456410,-0.00292850,-0.00361828,-0.00622160,-0.00146428,-0.00840799,-0.00963520,-0.00709702,-0.00530920,-0.00584524,-0.00898255,-0.00669062,-0.00484901,-0.00793120,-0.00555513,-0.00598563,0.00561810,-0.00385324,-0.00118730,-0.00214064,0.00968547,0.00794280,0.01280052,0.03447532,0.04613862,0.05080597,0.06225218,0.07016271,0.07327486,0.09727480,0.10105636,0.13192442,0.15787464,0.17593457,0.25509872,0.29794536,0.34416034,0.40491032,0.43775263,0.47487602,0.47954783,0.51537571,0.49708979,0.49490467,0.47353039,0.44699687,0.44443636,0.41762864,0.36423379,0.34421855,0.29909430,0.26503786,0.21688179,0.17937295,0.14519991,0.12758760,0.11247378,0.12245338,0.12982073,0.14046570,0.15415218,0.21080753,0.22973370,0.24475241,0.23781899,0.23783890,0.21982553,0.18935512,0.15682365,0.12816786,0.09841122,0.06206661,0.05883108,0.04284825,0.03380972,0.04526255,0.03238949,0.05100003,0.07004312,0.06824139,0.09976838,0.10019402,0.11053759,0.13156498,0.14029298,0.15035282,0.14676686,0.14280608,0.14490131,0.16258212,0.15165678,0.13801178,0.12454761,0.12072305,0.12015911,0.10376636,0.09164073,0.08710334,0.08141261,0.09177364,0.08467904,0.10042539,0.11031321,0.11724240,0.11949014,0.10916167,0.09757402,0.07743947,0.05281801,0.05081595,0.03751386,0.02075567,0.01980626,0.01163841,0.01920793,0.01041427,0.01830334,0.00715238,0.00426738,0.01032812,0.01348391,0.00417566,0.01563579,0.01751043,0.01464324,0.02082583,0.02292509,0.02653526,0.03101734,0.03189480,0.04112910,0.04861675,0.04047026,0.05245445,0.06556607,0.06439838,0.06051026,0.06793054,0.05249282,0.05184791,0.05637876,0.05651429,0.04868822,0.05641476,0.04894335,0.05252497,0.05788674,0.07203066,0.07642814,0.09544997,0.10827778,0.12613016,0.14605067,0.17398100,0.21938617,0.24727523,0.28646407,0.32471796,0.36845614,0.42343999,0.45671309,0.51369178,0.58719960,0.61359487,0.64336048,0.70280628,0.71617796,0.70853006,0.70126568,0.66218019,0.62611667,0.56638810,0.53045253,0.46747622,0.42897087,0.36164496,0.31028436,0.26853025,0.22764559,0.22295724,0.20695576,0.19627865,0.19492225,0.17696079,0.16788608,0.17169742,0.15270007,0.13468554,0.14483839,0.12568314,0.12145577,0.11586017,0.12486321,0.13753670,0.15476652,0.18582019,0.22381504,0.28516942,0.33343241,0.36459678,0.42823327,0.47820812,0.48376718,0.52328890,0.55083910,0.51050365,0.49041773,0.47860780,0.44492786,0.40279732,0.36166359,0.34077268,0.30233727,0.27622197,0.27233812,0.25424411,0.24299475,0.22203203,0.20249604,0.18447754,0.14518773,0.13157688,0.09010239,0.06788028,0.04492502,0.03673337,0.03731885,0.03025626,0.01138396,0.02123892,0.01707753,0.01966789,0.02082126,0.02351632,0.01425823,0.02874284,0.01831613,0.02280578,0.02443570,0.02058446,0.02824281,0.02833303,0.02633162,0.03278226,0.01566287,0.01765576,0.01643180,0.02295983,0.02663077
0.04237650,0.04687394,0.03758211,0.04617976,0.04074106,0.04316848,0.04645418,0.05125762,0.03546298,0.03584502,0.02653895,0.03171281,0.02547937,0.03074954,0.02827684,0.02567940,0.02147444,0.01942128,0.02145877,0.01968685,0.02568132,0.02748126,0.02712295,0.03066629,0.03632822,0.03525343,0.03679415,0.04560702,0.03908775,0.05214494,0.04817686,0.06022737,0.04327439,0.05848990,0.07402916,0.09090469,0.10193577,0.11660768,0.15657593,0.17050161,0.20529957,0.22455981,0.21808702,0.21436308,0.20171333,0.17286940,0.14400677,0.12300275,0.10500299,0.08242828,0.06280407,0.06203048,0.05018891,0.03507339,0.03854839,0.03899860,0.02772212,0.03441770,0.02688467,0.02925405,0.03544406,0.03780760,0.03253558,0.03954173,0.03692975,0.03910965,0.01735292,0.03538391,0.03461421,0.03898479,0.04749713,0.04081651,0.06003231,0.07857553,0.10400794,0.14289974,0.17101487,0.18627340,0.19151363,0.21134688,0.19387883,0.20423288,0.19125093,0.20000325,0.21275354,0.24942169,0.28426982,0.30040867,0.33238658,0.36469426,0.40393605,0.39893571,0.39659212,0.38720340,0.38423343,0.38960775,0.35787925,0.35190632,0.32511149,0.29335101,0.27678589,0.25598094,0.22361181,0.20439303,0.16600247,0.15167922,0.12836864,0.11740680,0.08591549,0.08955923,0.09494685,0.08587988,0.09835391,0.10304911,0.10714667,0.11867770,0.10889011,0.11702151,0.10305510,0.10472705,0.08020440,0.07099645,0.08389782,0.07022759,0.07023084,0.07216256,0.07001508,0.07271454,0.08707705,0.08526786,0.09370647,0.11532254,0.11425392,0.14537168,0.14974146,0.18069208,0.20398727,0.23745040,0.27299635,0.31369878,0.32279561,0.35558445,0.34740044,0.36889904,0.37181207,0.34990586,0.33625113,0.30571238,0.26665542,0.26339159,0.22744169,0.20433154,0.19359646,0.17520394,0.17616279,0.16487394,0.15899377,0.14178341,0.12596193,0.11621027,0.09955333,0.09632430,0.08258259,0.07188867,0.06563518,0.06796731,0.07962717,0.06757319,0.05830187,0.06365130,0.07258687,0.06992201,0.08049776,0.09059279,0.08027289,0.10072507,0.11433380,0.13241522,0.14628303,0.16301677,0.18389729,0.21345248,0.24265923,0.26973381,0.29640317,0.30065476,0.32257052,0.32738854,0.32496615,0.33357748,0.32160735,0.30065370,0.29105866,0.26746734,0.24328608,0.20887028,0.19007829,0.19853484,0.16334579,0.17069486,0.15142896,0.14920216,0.14945185,0.16225793,0.15437311,0.16827113,0.20279698,0.21059851,0.22104690,0.25695125,0.26871366,0.29262156,0.29553722,0.32440115,0.33544647,0.35804365,0.37781948,0.36961824,0.38868271,0.36158255,0.36154253,0.34531370,0.32671077,0.29238936,0.26878369,0.24992645,0.23091682,0.19733449,0.20087436,0.17951505,0.16703502,0.17014357,0.17206448,0.18335592,0.16643467,0.16984388,0.14880448,0.16577993,0.15782269,0.14793356,0.14420090,0.13840661,0.13523013,0.11822254,0.12830412,0.13273513,0.14238252,0.15135629,0.17636721,0.18733649,0.22200088,0.24952992,0.27803845,0.31606293,0.33798713,0.37428934,0.42474667,0.40881992,0.45606218,0.47097244,0.48726301,0.47777547,0.49333723,0.47332840,0.47849333,0.47960651,0.47979427,0.46151671,0.45481770,0.41701700,0.40747405,0.35756125,0.30885719,0.29382393,0.23131614,0.20314105,0.15762901,0.13476914,0.12120474,0.11887924,0.11834532,0.11018404,0.12732115,0.12376039,0.11890040,0.11685129,0.13173075,0.12412613,0.13808145,0.14173990,0.13191714,0.15951352,0.15379421,0.15724252,0.15995046,0.16794551,0.16480439,0.17508009,0.18077356,0.18086739,0.17944877
-0.01374757,-0.01782052,-0.00259796,-0.00851501,0.00044521,0.00426449,0.00240203,0.00708052,0.00653171,-0.00779106,-0.00468365,-0.00856185,-0.02160414,-0.01251732,-0.01855977,-0.02076549,-0.02302863,-0.02581897,-0.02120964,-0.01975723,-0.01915434,-0.00905481,-0.00797918,-0.01895147,-0.00934378,-0.00342002,0.01596925,0.02853163,0.02186586,0.01866806,0.03039318,0.02028424,0.01402925,0.00865464,0.01605615,0.03175126,0.02897768,0.05095944,0.06583210,0.07992216,0.11666604,0.12151358,0.12845394,0.11843265,0.11252073,0.10686996,0.08885799,0.06731154,0.04512055,0.03491556,0.01611966,0.01621763,0.00595438,0.01093222,-0.01391091,-0.00453780,-0.00221454,-0.00563755,-0.00834473,0.00097739,0.00088033,-0.00616417,-0.00789448,0.00174482,0.00144455,0.00378282,-0.00183001,0.00465009,-0.00137083,0.00963809,0.00242382,0.01102473,0.01138778,0.03845052,0.04953895,0.06432939,0.08848274,0.10931010,0.11714389,0.11929261,0.13552487,0.12051393,0.12046008,0.11803250,0.11872890,0.15168258,0.15970044,0.20516890,0.22178694,0.23974082,0.27082695,0.27197859,0.29567151,0.32976841,0.32847290,0.32256608,0.33991758,0.33573650,0.34424324,0.35649300,0.33340512,0.32748324,0.30367610,0.28297222,0.25879344,0.20874519,0.17718826,0.14957161,0.10410617,0.09293570,0.07264288,0.07752945,0.08795958,0.09312731,0.09487863,0.10990673,0.10503451,0.10377479,0.08712396,0.09401330,0.07314455,0.07752207,0.05647528,0.06005526,0.05790381,0.05002220,0.05506799,0.04849006,0.06613414,0.08559194,0.09707410,0.11902795,0.13420667,0.16240577,0.18257361,0.20878738,0.22674595,0.22460979,0.26919653,0.27288282,0.29244772,0.29314301,0.31449244,0.28841355,0.29245060,0.27411713,0.26946164,0.24870047,0.21856666,0.18913457,0.18856929,0.18167449,0.15274728,0.16636386,0.17083575,0.16248671,0.15072090,0.14072737,0.14007626,0.11449279,0.10761541,0.07666793,0.07051429,0.06106907,0.06007896,0.05212155,0.04646386,0.04244687,0.04677094,0.05075734,0.03702909,0.04971223,0.04948778,0.05248491,0.05138780,0.06763341,0.05970738,0.06922430,0.08792967,0.08644393,0.09988892,0.11639299,0.12577447,0.14902421,0.15461468,0.17414428,0.18063835,0.19108629,0.18792610,0.18737725,0.18951854,0.18164217,0.17028742,0.16645335,0.14760973,0.14726325,0.14314172,0.12362271,0.12557605,0.14321929,0.13128021,0.15751236,0.16695291,0.18073654,0.19223154,0.21480869,0.24787519,0.27369728,0.30209632,0.32663010,0.36437963,0.37877074,0.39510133,0.41608744,0.42268503,0.46132717,0.45895355,0.46644999,0.44892874,0.43730504,0.43133642,0.42679783,0.38506690,0.35605706,0.31288279,0.28407336,0.26790830,0.25099470,0.21497592,0.21817766,0.21842160,0.21946955,0.21272579,0.23130873,0.23980483,0.23147457,0.24075211,0.24572074,0.23577192,0.22745805,0.19263039,0.18425432,0.16281303,0.16893121,0.15441466,0.12859995,0.14544859,0.13255619,0.15127964,0.18048609,0.20514986,0.23238606,0.26313791,0.30584860,0.34186614,0.37570899,0.41671037,0.42014350,0.46424121,0.48026474,0.50103657,0.50091694,0.49804002,0.48157149,0.44602492,0.44739737,0.42496587,0.40226444,0.39301259,0.39541016,0.36875341,0.34083260,0.29089180,0.26316600,0.21441019,0.18738504,0.15677484,0.12846881,0.11676223,0.09825481,0.09154511,0.08987165,0.07916744,0.07788343,0.08408029,0.08857592,0.09316316,0.09649156,0.10133245,0.09018102,0.09759981,0.09547411,0.11282679,0.10293895,0.11361225,0.11436379,0.11940108,0.11879282,0.10991978,0.12454444,0.12635074
0.05011514,0.06070789,0.05236631,0.07524707,0.08918119,0.09497590,0.10780224,0.08998072,0.07887546,0.06789083,0.04708649,0.03525987,0.03312037,0.02103552,0.01352103,0.00061161,0.01633823,0.00299377,0.00343010,0.01541284,0.00545971,0.03506495,0.03180541,0.03810333,0.05130204,0.08813945,0.10937907,0.11833897,0.12507598,0.11484696,0.09533701,0.07643812,0.05950002,0.04246727,0.04006410,0.02988117,0.04462535,0.03442868,0.03759996,0.03412334,0.05750221,0.06314722,0.05688718,0.05289545,0.04608036,0.04964997,0.04262160,0.03798385,0.03078400,0.02634419,0.02714991,0.01807435,0.02757769,0.01948569,0.02134753,0.02533258,0.02677988,0.02351130,0.02070349,0.01755883,0.01798320,0.02342964,0.02921965,0.02955413,0.02179682,0.02038650,0.01521146,0.02501744,0.02491592,0.02821734,0.03108042,0.03162458,0.02560111,0.04853586,0.05029520,0.05061687,0.06485964,0.07449032,0.08269293,0.07993135,0.09621265,0.10417948,0.11399339,0.12990081,0.14928641,0.18177576,0.21056220,0.23402350,0.25876530,0.28220015,0.30544220,0.32618729,0.34653466,0.35195852,0.36717960,0.39659703,0.42527647,0.47595951,0.51189481,0.53466839,0.55694874,0.57393828,0.56092077,0.51186376,0.49122283,0.40249058,0.32135018,0.26849583,0.20482395,0.16908634,0.15420154,0.13012462,0.13415498,0.14029815,0.13088416,0.14467006,0.14247504,0.13107198,0.13089594,0.11516806,0.10683565,0.09189476,0.09631128,0.09521291,0.09510287,0.11532039,0.12717975,0.14273234,0.18558285,0.20969932,0.25837973,0.31144580,0.35292354,0.38826173,0.40538100,0.42521585,0.43709445,0.42331581,0.41925053,0.38065890,0.36437817,0.33201161,0.28837607,0.26407343,0.22481924,0.19973040,0.17887820,0.15995723,0.14863491,0.13494121,0.12346923,0.11374151,0.11478659,0.11007460,0.12042465,0.10961962,0.11360205,0.10921449,0.11107759,0.11441216,0.09189312,0.08836568,0.07490648,0.08100390,0.07977626,0.06568586,0.06142021,0.08443736,0.07846211,0.08139635,0.07577939,0.08414045,0.07867422,0.08696949,0.08834195,0.09326160,0.11091981,0.11914027,0.11920445,0.13468003,0.13678408,0.15421566,0.17974000,0.18108359,0.20648069,0.21942723,0.21013597,0.20481865,0.21723441,0.20641380,0.22252556,0.21795515,0.20634307,0.20108999,0.19829973,0.19945824,0.20601994,0.21100140,0.22051076,0.25571637,0.29419349,0.31448318,0.36967400,0.40247250,0.46286862,0.51248260,0.59580201,0.62795940,0.65913866,0.69418433,0.70466315,0.71258469,0.70456118,0.70107619,0.69673461,0.66161029,0.65838923,0.58658018,0.55142067,0.51690867,0.47204758,0.43963564,0.40279012,0.37112489,0.35656010,0.33913712,0.32839423,0.34302933,0.36874344,0.36395962,0.42785744,0.46718644,0.48986039,0.55593262,0.56081992,0.56409826,0.56984212,0.54894231,0.50786899,0.49227692,0.45580164,0.38428014,0.33064864,0.31000354,0.26591602,0.23660409,0.24491837,0.22657413,0.22237310,0.26342167,0.26760093,0.30161542,0.33921322,0.37484050,0.42121912,0.46335045,0.49817074,0.50583324,0.53795415,0.55173387,0.51298691,0.52858724,0.46860907,0.44482673,0.39280051,0.37004266,0.31803227,0.31244797,0.26273623,0.25215110,0.24257012,0.21215053,0.20738981,0.19048661,0.17893810,0.15875856,0.14143927,0.15783208,0.14801456,0.14136019,0.13583076,0.14311425,0.14514616,0.14518941,0.14477400,0.14807158,0.15974263,0.15405154,0.15911799,0.16933516,0.17679630,0.17033078,0.16779644,0.16301916,0.17704688,0.17393655,0.17893424,0.17656924,0.17660248,0.17376967,0.17832737
-0.00246903,0.00468546,-0.00103924,0.00209560,-0.00373510,-0.00442190,-0.00597328,0.00624159,-0.00113344,-0.00916248,-0.00677983,-0.00707885,-0.00959657,-0.01311255,-0.01827843,-0.01512810,-0.00830714,-0.00570767,-0.02673169,-0.01154713,-0.01496770,-0.01015468,-0.01018554,-0.00581764,-0.00284807,-0.00817480,-0.00061396,-0.00179326,0.00323912,0.00775989,-0.00081695,0.01072005,0.00513149,0.01320408,0.02588609,0.03783283,0.04890162,0.07493395,0.10100963,0.11832727,0.11846614,0.14787822,0.15241290,0.15141391,0.13423732,0.10602984,0.10341332,0.06658315,0.05425020,0.03379334,0.01461088,0.00988991,-0.00549405,0.00503678,-0.00386390,-0.00793666,0.00432195,-0.00790650,-0.00976200,-0.00224299,-0.00570746,-0.00282838,-0.01324323,-0.00262632,-0.00357791,-0.00401623,-0.00667178,-0.00114623,-0.00421133,0.00077762,0.00406500,0.01777088,0.02347509,0.04677122,0.06367012,0.07579489,0.10448329,0.13207962,0.14663001,0.14682888,0.13652609,0.15145807,0.15510690,0.16099047,0.18049230,0.21509335,0.23785336,0.28695439,0.31476887,0.37211534,0.38918571,0.40483492,0.43231148,0.43185910,0.42594329,0.40528935,0.40079207,0.37238566,0.33226380,0.31531518,0.28730455,0.26068688,0.21592644,0.17176510,0.14353388,0.10762197,0.09049499,0.07447407,0.06006188,0.08131723,0.06966022,0.06780693,0.09303642,0.11012763,0.13108547,0.12996539,0.13628385,0.13804907,0.11839151,0.10764148,0.07308401,0.06968125,0.05073647,0.04160950,0.02650251,0.02239290,0.01887379,0.02366963,0.01770764,0.03912060,0.03121749,0.05253673,0.05699226,0.06524467,0.08651825,0.11566949,0.12496957,0.14595061,0.18661781,0.21130636,0.23680170,0.25618722,0.26663354,0.26898760,0.27302166,0.25552216,0.22969190,0.22825469,0.19633162,0.18364623,0.15730446,0.16054354,0.13898416,0.15032807,0.13376549,0.13911816,0.13267391,0.12061897,0.10872304,0.08462781,0.07607574,0.05433662,0.04473579,0.02774444,0.01891558,0.01914731,0.00808612,0.00863809,0.01137079,0.01438569,0.02265109,0.01371572,0.02347206,0.01715016,0.03577976,0.02478473,0.04691341,0.05319517,0.07096409,0.09688001,0.09812841,0.12448418,0.13023698,0.16191635,0.16301965,0.18694834,0.18190371,0.20450995,0.20703400,0.20181998,0.18185880,0.19077671,0.16421343,0.15650640,0.14691307,0.11351203,0.10313043,0.08483322,0.08224349,0.08160143,0.07479367,0.06650056,0.07082650,0.07400629,0.09716139,0.10665070,0.12922907,0.16314284,0.18047325,0.21924539,0.24385845,0.25264082,0.30847564,0.34214899,0.39098900,0.43300491,0.43627028,0.46155980,0.48197211,0.47751031,0.45000620,0.44582345,0.41647129,0.38107618,0.34717214,0.30681893,0.25401882,0.21798309,0.19268796,0.16806619,0.13605085,0.13171609,0.11488267,0.09865408,0.10621072,0.09298650,0.09578423,0.08279147,0.06904499,0.06477195,0.06796303,0.06335059,0.06605701,0.06785009,0.07610316,0.07982473,0.08761095,0.12135078,0.16023172,0.20747260,0.23082120,0.27242635,0.32614989,0.34824374,0.37575021,0.41501328,0.43311514,0.44580952,0.46813149,0.44504882,0.44485439,0.45481081,0.44077047,0.43169728,0.40990695,0.38957979,0.38857706,0.38004181,0.37812959,0.35753664,0.32214965,0.28619401,0.23538171,0.20997074,0.15103315,0.12061105,0.08083155,0.06652712,0.05801799,0.04344071,0.04354012,0.03351352,0.04007965,0.04713427,0.02670404,0.03917595,0.05016011,0.04603938,0.06082882,0.04968499,0.05724682,0.06311853,0.06790980,0.06396427,0.07233353,0.06877859,0.07313135,0.07625380,0.08205844,0.07840468,0.08585455
0.04388527,0.05023379,0.03728150,0.05073578,0.04782372,0.05102650,0.04844416,0.04480551,0.04172906,0.04036265,0.01691112,0.01679886,0.02039225,0.01516773,0.01405945,0.00662567,0.00591653,0.01673652,0.01065468,0.00030315,0.00994290,0.00474358,0.02164253,0.02692202,0.03018798,0.04002042,0.05672277,0.05879575,0.05496860,0.06416856,0.05207938,0.04596200,0.03442010,0.04243833,0.03780747,0.06332149,0.07799302,0.07850310,0.11382035,0.13723479,0.14608989,0.16199771,0.16878793,0.15150343,0.13298005,0.12461859,0.10239038,0.09158989,0.04655484,0.04488969,0.03325638,0.02893394,0.01508649,0.01743252,0.01890647,0.01022377,0.01132254,0.00607168,0.00396437,0.01025943,0.01031074,0.01553590,0.01677407,0.01667536,0.02778307,0.01760261,0.01857152,0.01116437,0.01850609,0.02231418,0.01793028,0.02263535,0.04229548,0.05928157,0.07825915,0.10534434,0.12602657,0.14353021,0.15899073,0.17275084,0.16573847,0.17063889,0.18189996,0.19431887,0.21087682,0.23625234,0.28022093,0.31196094,0.32299178,0.36211787,0.38665045,0.38751991,0.38312298,0.38428712,0.38141530,0.37713873,0.36369727,0.34286523,0.37092325,0.34903517,0.33902713,0.32827811,0.30655619,0.27482437,0.23759572,0.21348897,0.16535378,0.11975791,0.09269482,0.06833709,0.06649400,0.05712116,0.03976782,0.04904671,0.04296976,0.04772857,0.04658765,0.04346009,0.04504902,0.04642264,0.03606650,0.04103143,0.03779629,0.03851604,0.03382552,0.04261543,0.05324329,0.05974366,0.07336283,0.08363063,0.11476392,0.13226812,0.15885641,0.19089589,0.20175748,0.21786681,0.24212059,0.27528828,0.28371633,0.29980289,0.29159702,0.31240171,0.32947366,0.31457127,0.30451829,0.27656184,0.27025601,0.24693754,0.19839898,0.18677240,0.17871171,0.16101281,0.13414242,0.13053036,0.12962328,0.13173893,0.12585846,0.09942343,0.09701058,0.09053678,0.07088752,0.07127086,0.04820327,0.03822902,0.03958406,0.04390430,0.02605766,0.03182611,0.03204612,0.04014880,0.04977264,0.04511684,0.05598096,0.05876673,0.07941157,0.09037774,0.10777959,0.13092833,0.14656966,0.17795420,0.21130316,0.22988036,0.28232230,0.33008053,0.34652516,0.37369361,0.40024472,0.41441617,0.41974304,0.41032198,0.38966332,0.37799946,0.34088423,0.30980913,0.26930339,0.23707535,0.21900602,0.19749106,0.18318566,0.17520314,0.17533860,0.17054996,0.18687643,0.19575961,0.21416640,0.24008880,0.26258669,0.29437656,0.29536265,0.32793854,0.34115305,0.34016759,0.33708201,0.35594263,0.36184401,0.33648494,0.32321216,0.31815777,0.29960017,0.28200546,0.25761690,0.22908659,0.20488040,0.19635990,0.18102732,0.16854170,0.15928070,0.15732841,0.15937261,0.15216753,0.16130907,0.19131238,0.19924413,0.23064928,0.23211441,0.23236459,0.24661115,0.23463471,0.20993056,0.20829853,0.18219467,0.16335650,0.14681764,0.12376890,0.10826513,0.09624758,0.09945627,0.09702160,0.09494313,0.11755955,0.13144630,0.16710927,0.19744826,0.22120161,0.26299764,0.28958990,0.34113034,0.36288097,0.40538571,0.40543689,0.42788343,0.44130100,0.43753921,0.43059886,0.40341995,0.38844387,0.39336572,0.37322597,0.35593981,0.33984625,0.31334265,0.27899410,0.23634802,0.20237439,0.17259897,0.14207878,0.10882067,0.09099852,0.07913883,0.07291833,0.08253424,0.08683690,0.08305700,0.08982963,0.08709248,0.09515021,0.10041492,0.11874239,0.11648090,0.12086892,0.12865201,0.12479670,0.14166738,0.14165300,0.16297533,0.15234382,0.15945742,0.16642679,0.17788943,0.17281416,0.16221777
0.05542056,0.05345110,0.05873820,0.07066634,0.05326408,0.06949851,0.06392506,0.06228149,0.07784844,0.06334142,0.05629213,0.06232256,0.04949638,0.04787432,0.04938290,0.04704336,0.04585055,0.05182450,0.04485857,0.04638174,0.04878829,0.05257064,0.05586131,0.05757472,0.04633472,0.06968764,0.08739488,0.08162289,0.08255532,0.08892029,0.08398100,0.06994978,0.07932900,0.07586971,0.08591654,0.07868724,0.09669884,0.11524729,0.12546123,0.13690308,0.15142497,0.16467416,0.16914504,0.17643661,0.16736941,0.15178003,0.13235752,0.11981314,0.09248748,0.09281088,0.08934565,0.07583319,0.06026162,0.07106690,0.06309017,0.07153751,0.06647783,0.07281854,0.06945057,0.05885023,0.07409079,0.06618151,0.05564694,0.06264040,0.05598155,0.06473526,0.07252349,0.05781098,0.07217305,0.08168459,0.07441293,0.08118302,0.08592607,0.09575318,0.10626045,0.12737117,0.14555183,0.16844513,0.17614395,0.17028803,0.16717406,0.18457937,0.16167432,0.16823809,0.18057739,0.19283161,0.20084626,0.23399250,0.27854419,0.30492439,0.34357800,0.38544477,0.40849878,0.43114332,0.46125085,0.47953826,0.51615807,0.52454778,0.53300880,0.52188683,0.51079812,0.47210346,0.42816947,0.37254585,0.33152667,0.29014688,0.24223938,0.20286746,0.18059950,0.16117007,0.15316166,0.15361086,0.14777977,0.15561223,0.16735139,0.16531280,0.17846485,0.16314909,0.15814749,0.15243002,0.14539785,0.14048737,0.12889679,0.11814560,0.11953360,0.10611267,0.11346255,0.11973981,0.12542629,0.12465981,0.16128729,0.16391934,0.18872859,0.19999908,0.21586020,0.23611682,0.23380092,0.24608150,0.28767424,0.29923542,0.31499663,0.30886992,0.29808807,0.30590696,0.32078873,0.31322172,0.29632487,0.27952246,0.26733204,0.25569087,0.25075720,0.26549112,0.27669533,0.28799383,0.31789067,0.32471304,0.31339613,0.31676667,0.28842853,0.25492448,0.24303472,0.19682818,0.17015009,0.15380678,0.14593109,0.13337822,0.12277142,0.12185875,0.12674004,0.11688385,0.12737488,0.11773672,0.11820658,0.12044875,0.11506112,0.12514253,0.13260230,0.13749764,0.15098476,0.14218198,0.15973896,0.16092929,0.18039198,0.18172903,0.18006362,0.19973680,0.19676368,0.20941681,0.21191081,0.21769516,0.20658695,0.21393924,0.21211347,0.19656236,0.18277261,0.19019967,0.16864612,0.18303935,0.18147296,0.19143922,0.20012518,0.19299893,0.20629584,0.22700536,0.24053632,0.28050463,0.30279932,0.32594047,0.38242675,0.42150248,0.44312223,0.51316904,0.53406899,0.58738672,0.61876180,0.66958712,0.67274997,0.67930018,0.69353548,0.67804368,0.66391269,0.62767018,0.59560547,0.53725447,0.49747419,0.45842198,0.39916750,0.36601125,0.34104062,0.31511055,0.29075413,0.28847111,0.27606605,0.27422472,0.27814099,0.28673071,0.27215933,0.27648499,0.25938140,0.25554706,0.24432783,0.21578576,0.21494011,0.22365945,0.20696803,0.21634457,0.23395428,0.24922754,0.26643704,0.29664760,0.36317589,0.39980938,0.45338428,0.50778295,0.56703766,0.59170879,0.63104367,0.65764534,0.64920966,0.65371903,0.62876765,0.63484818,0.59688521,0.59321844,0.58535625,0.59362900,0.57961805,0.56263387,0.57255952,0.55257719,0.51959259,0.48797700,0.41967928,0.35904782,0.31814248,0.28503164,0.24559611,0.21607954,0.19737182,0.18491424,0.16858520,0.17249261,0.16423126,0.16747518,0.17211812,0.16134406,0.17363836,0.17667577,0.16910214,0.17387279,0.18229681,0.17467356,0.19585363,0.17616501,0.18382343,0.16962576,0.19217491,0.18031811,0.18418116,0.18958015,0.19122702
-0.01392463,-0.01770874,0.00072967,-0.00001429,0.01223474,0.00880560,0.00246820,0.00198960,-0.00530503,0.00705444,-0.00056824,-0.01175482,-0.00599681,-0.01534124,-0.01230717,-0.02484165,-0.01104955,-0.02041432,-0.01209513,-0.01602490,-0.01088718,-0.01626468,-0.01333620,-0.01045448,-0.00273323,0.00935289,0.01263998,0.01633988,0.02039194,0.01675285,0.02073927,0.01399034,0.00968347,0.01844971,0.03039347,0.04305228,0.06871584,0.09558565,0.13790977,0.17514803,0.18188319,0.19386297,0.22844068,0.19266561,0.17517685,0.16153825,0.12846319,0.09321892,0.05980073,0.04891808,0.01826750,0.01418275,-0.00541342,-0.00113886,-0.01569040,-0.01794326,-0.00601515,-0.02207551,-0.02059570,-0.02038527,-0.01326392,-0.01097351,-0.01066692,-0.01727107,-0.01592272,-0.01801688,-0.01554484,-0.00990439,-0.00373985,-0.00921895,-0.00043392,0.00936017,0.02188341,0.04158683,0.06175674,0.11132031,0.13561769,0.16907345,0.17610442,0.15237635,0.14659581,0.11613133,0.09832063,0.08424780,0.08180115,0.07821208,0.09684135,0.10451839,0.12210661,0.13374063,0.15957902,0.18466786,0.18954308,0.20332094,0.20820308,0.22757973,0.22364943,0.22593166,0.23786670,0.22659758,0.22354416,0.21768279,0.20693423,0.17841596,0.16080747,0.13477313,0.10843446,0.07492142,0.07784488,0.05338118,0.05723432,0.05363524,0.06878744,0.08044682,0.07292850,0.08900661,0.07652060,0.08229934,0.07697575,0.07350426,0.05773785,0.04563860,0.03834324,0.03523354,0.03265299,0.02505977,0.02725169,0.03373988,0.04704807,0.05880851,0.07048456,0.08644913,0.11046692,0.14693212,0.16834639,0.18703521,0.21650513,0.25188602,0.28925321,0.31108888,0.34806590,0.36987090,0.38408888,0.38168623,0.39464334,0.35388735,0.35301262,0.31985820,0.27193776,0.22486282,0.19939266,0.14870195,0.14971874,0.11730522,0.09267469,0.09660764,0.07678161,0.06760166,0.05747895,0.04545501,0.04333028,0.02086730,0.02667412,0.02584718,0.01115542,0.00694571,0.01114992,0.01088847,0.00705769,0.00477241,0.01660036,0.01395689,0.00879696,0.01049744,-0.00006172,0.01599519,0.02288838,0.01274527,0.02242920,0.02826131,0.02729574,0.02635907,0.03001122,0.03898698,0.03354710,0.03915372,0.04841502,0.03999625,0.04392596,0.05539243,0.04594752,0.03808487,0.04554228,0.05932105,0.04038766,0.03996731,0.04528507,0.04853114,0.06492300,0.07035098,0.07505523,0.09546878,0.10106433,0.12324517,0.13319062,0.16719747,0.19436370,0.21727752,0.22744252,0.25304579,0.28979791,0.28873099,0.29768880,0.34008629,0.31799679,0.31946214,0.35512230,0.34609478,0.33709240,0.33236583,0.30191417,0.30335020,0.28367276,0.26584335,0.21288513,0.20991448,0.19868739,0.18867508,0.17412101,0.16791327,0.15617761,0.16810851,0.16800354,0.17730464,0.17796781,0.17807325,0.17773413,0.18592085,0.18224670,0.16068297,0.14601877,0.12701657,0.11564589,0.10169621,0.10214750,0.10610404,0.09809193,0.11156080,0.13677184,0.14449535,0.16301838,0.19435184,0.23319918,0.25709475,0.30474400,0.33981843,0.37925128,0.40010276,0.44832851,0.47337300,0.49790432,0.51515139,0.51330433,0.48216989,0.47515880,0.45327037,0.42896693,0.43847037,0.40185019,0.38160131,0.35131491,0.30501596,0.28760256,0.25627805,0.18474306,0.14385969,0.10488750,0.08737796,0.07201819,0.06223974,0.05117661,0.04576342,0.05137048,0.05169062,0.05138539,0.04664042,0.04606422,0.04849210,0.04782246,0.04400146,0.04702351,0.04891684,0.05252299,0.04199938,0.06045963,0.05381782,0.06586526,0.05395588,0.06175113,0.05294815,0.04942804
0.08480406,0.06147390,0.08035552,0.07905298,0.07733892,0.08293067,0.08393736,0.08760518,0.07032875,0.07827073,0.05791714,0.05224309,0.05029963,0.04347874,0.04046277,0.04291128,0.04048329,0.03406764,0.04470284,0.04701070,0.04126552,0.04201895,0.03335476,0.04130958,0.04877474,0.06792868,0.08606140,0.09033570,0.08519638,0.07255788,0.07623966,0.07336006,0.06147149,0.05462194,0.04811482,0.04778879,0.04921018,0.05486391,0.06099417,0.07269118,0.06648115,0.08289933,0.06966245,0.07486544,0.07037086,0.06390518,0.06798750,0.05508825,0.05596231,0.04260885,0.05271054,0.03548847,0.04027467,0.04713681,0.04349090,0.02809253,0.03394546,0.03318896,0.02185315,0.03564693,0.04006064,0.04222662,0.03057528,0.03413733,0.03468372,0.03337801,0.02217085,0.03200917,0.03884606,0.03938323,0.02762466,0.03869295,0.04400563,0.04533785,0.05292826,0.06317976,0.07083068,0.08107454,0.10284916,0.10169751,0.12324711,0.11902333,0.14208257,0.16941554,0.19669212,0.23257476,0.27355321,0.29687098,0.35001480,0.38404916,0.40198238,0.41246054,0.43694790,0.44112563,0.44106814,0.44363347,0.43683488,0.44688633,0.41214373,0.40862166,0.40851783,0.38805682,0.34727165,0.32099008,0.29640110,0.24633164,0.19944083,0.17406178,0.13882518,0.10915681,0.10239608,0.08963244,0.08685562,0.08952582,0.09540660,0.09293631,0.09503582,0.09796549,0.08659934,0.08149761,0.07807860,0.07161517,0.06468019,0.05973297,0.05982974,0.06556936,0.06769150,0.07179400,0.08345805,0.09546499,0.11119706,0.13534799,0.14234102,0.16572930,0.18264558,0.18331682,0.21179210,0.21112142,0.20437208,0.19770389,0.19355175,0.18009673,0.17565075,0.15161657,0.14357529,0.12927441,0.11871765,0.10730755,0.11836773,0.09983986,0.10198756,0.11858578,0.12323652,0.13589027,0.14735704,0.14426059,0.13926097,0.14754507,0.13026503,0.11501012,0.09501000,0.06964431,0.07020496,0.05371050,0.05142743,0.04552318,0.03355247,0.03403139,0.03311134,0.04378627,0.04346154,0.05023688,0.03607302,0.05941865,0.06076035,0.07800017,0.07895546,0.09181209,0.12501827,0.14841150,0.15941047,0.18849317,0.21190489,0.23698723,0.24966076,0.29555687,0.30052947,0.30758322,0.31427039,0.31213764,0.29785742,0.28503367,0.26552357,0.25165387,0.22785501,0.21406280,0.19319992,0.17031967,0.15036721,0.14439404,0.15275482,0.15696617,0.16701361,0.19285061,0.19761310,0.23835435,0.26332725,0.30676666,0.31962068,0.33791488,0.36388694,0.40673647,0.39268481,0.42800332,0.44996841,0.46412511,0.45174160,0.44671760,0.42712826,0.43210168,0.40048608,0.36681195,0.34019299,0.31465180,0.27744319,0.23669151,0.23823421,0.21320342,0.20595302,0.19723963,0.19782476,0.19632431,0.20715446,0.22090476,0.23550658,0.24101616,0.22483363,0.24034930,0.21428974,0.19726890,0.19187194,0.16485543,0.15471231,0.12713800,0.11778794,0.10822028,0.09782532,0.12037048,0.13671037,0.15988039,0.17407791,0.21337751,0.23580447,0.27729269,0.32360011,0.34234730,0.35950318,0.36757810,0.37939928,0.37383549,0.36327455,0.35626768,0.35035340,0.31253079,0.28314987,0.29091560,0.27903804,0.26418019,0.25563172,0.23431158,0.20941254,0.18199948,0.16980066,0.13923876,0.13016027,0.08689443,0.07981342,0.06587597,0.06598312,0.06225797,0.06080244,0.06882214,0.05789422,0.05673792,0.06445051,0.06491602,0.07045568,0.07329347,0.07849026,0.08966380,0.08929505,0.10462726,0.11325441,0.11310612,0.10169499,0.12105572,0.10578676,0.12604328,0.12850181,0.13616547,0.12947772
0.00410060,0.00229089,0.00921084,-0.00209929,0.00346052,0.00501935,0.00915251,0.00290351,0.00435475,-0.00277839,0.00589198,-0.00618454,0.00167932,-0.00544525,-0.00952014,-0.00844213,0.00242019,-0.00348292,-0.00655966,-0.00200883,-0.00194318,-0.00440371,-0.00745236,0.00307178,0.00161088,0.01220048,0.01205251,0.02524754,0.01758344,0.03238224,0.01736809,0.00647478,0.03320385,0.02650686,0.03668061,0.04912959,0.07589727,0.10904727,0.13597844,0.17029591,0.19832809,0.21837891,0.19887783,0.21249718,0.18943243,0.17263728,0.13669676,0.10717745,0.08192743,0.06113040,0.04971696,0.01766997,0.02489485,0.01402267,0.00614045,0.01539624,-0.00044532,0.00739277,0.01074659,0.00588935,0.01208012,0.01141799,0.00822820,0.00338122,0.01283340,0.01195596,0.00961494,0.01066392,0.01388170,0.01547712,0.01791632,0.01944126,0.03892549,0.05750149,0.09332891,0.11875358,0.15283190,0.17283050,0.19766988,0.18175125,0.18315598,0.17311964,0.15221235,0.15710930,0.15927876,0.18000574,0.21042154,0.24117763,0.26096749,0.30745234,0.32773016,0.35476859,0.35990827,0.36262842,0.35195140,0.33475008,0.33211476,0.29991675,0.28730906,0.27647046,0.23986639,0.22008407,0.19546378,0.15954510,0.14256892,0.11725876,0.10844584,0.08913740,0.08018825,0.08170983,0.08382541,0.09525046,0.11054514,0.13485180,0.15125368,0.15053272,0.15394621,0.15664980,0.15028062,0.13960071,0.10209843,0.09186308,0.07801467,0.05828811,0.05200993,0.04166892,0.04296376,0.04178234,0.05090988,0.05951097,0.07536620,0.08233169,0.09144442,0.11278128,0.13190369,0.14541777,0.17562712,0.21969567,0.23920890,0.29409489,0.30882435,0.34631359,0.35728625,0.36998346,0.38897782,0.38980033,0.35253838,0.33087702,0.27429919,0.24764381,0.22885396,0.19957883,0.15432723,0.14712544,0.12792056,0.12358208,0.11285954,0.09999889,0.09536080,0.07387036,0.07128725,0.06670996,0.04825262,0.04278634,0.03551400,0.03401600,0.03891541,0.03592585,0.04477144,0.04742558,0.03538305,0.04235370,0.04319428,0.04051797,0.04139729,0.04906658,0.04763757,0.04999400,0.06700421,0.06973452,0.08191586,0.07450097,0.10260175,0.09623703,0.11252634,0.11603941,0.14245675,0.12545843,0.13387634,0.11923238,0.12613683,0.12690172,0.12301425,0.10685196,0.10913960,0.08750398,0.08568052,0.09403402,0.08072916,0.07991054,0.08956314,0.08688483,0.09179059,0.10228854,0.10574276,0.13581814,0.15390635,0.17378477,0.20803171,0.23154228,0.24264370,0.27740593,0.30368935,0.33990388,0.36405097,0.40396834,0.42531887,0.42487681,0.43600388,0.44482498,0.43880353,0.41056666,0.39964902,0.36841210,0.31621217,0.31154701,0.26040121,0.24077604,0.21315294,0.18300356,0.17657415,0.15799010,0.14947609,0.14644161,0.13646044,0.14683592,0.14183431,0.12623534,0.13248162,0.10992456,0.10414048,0.10261308,0.09989351,0.09708299,0.10672776,0.11255107,0.12471939,0.14456996,0.16625968,0.20083748,0.23636654,0.26127564,0.30355062,0.33312092,0.37258831,0.39232636,0.43532381,0.44444154,0.46057936,0.48865617,0.49335363,0.50312926,0.48916503,0.48128787,0.47322426,0.45355636,0.45113926,0.43261931,0.41176756,0.41512751,0.38374764,0.35167557,0.29027098,0.24979845,0.20049239,0.15676428,0.12017791,0.10892646,0.07677424,0.06673611,0.06949775,0.05899046,0.05417266,0.05008670,0.06192187,0.05939689,0.06597480,0.06226363,0.06882485,0.05820628,0.07437762,0.07848782,0.06487727,0.06936660,0.07088893,0.07116826,0.08012159,0.08948447,0.07722069,0.07638345,0.07866705
0.04419279,0.03376815,0.03332905,0.02192919,0.01751316,0.02382249,0.02266025,0.02249906,0.01763751,0.01145473,0.01890769,0.00988252,0.02059299,0.00784799,0.01289165,0.01677486,0.01191838,0.00764772,0.01883454,0.01444988,0.01286104,0.01694111,0.02291066,0.01723068,0.01964322,0.00250592,0.02212531,0.02786026,0.02827984,0.03011467,0.03104525,0.03372345,0.03239544,0.03523944,0.03762139,0.05873456,0.07846468,0.09934302,0.10487203,0.14433353,0.15030582,0.16947658,0.17701948,0.16461853,0.16214963,0.14265904,0.11937888,0.09649873,0.08419694,0.07053635,0.05335362,0.04363478,0.02980840,0.03676767,0.02956587,0.03538711,0.03168869,0.02914312,0.02666579,0.03393688,0.02266154,0.03223118,0.02421071,0.02250853,0.03858355,0.02853989,0.03233838,0.02739361,0.04175428,0.03099739,0.05075396,0.04869766,0.06018918,0.06294940,0.09209244,0.10772572,0.14609838,0.15953052,0.16553914,0.17644278,0.19671739,0.18822568,0.19643159,0.21585575,0.24319075,0.27878080,0.34032940,0.37077925,0.39691481,0.40134837,0.45741456,0.47346408,0.47676469,0.49203540,0.45829149,0.44352228,0.41254479,0.38272025,0.37196496,0.33019244,0.28687061,0.27629026,0.23699460,0.19402927,0.17151547,0.15926692,0.13221934,0.10461113,0.08921791,0.08914547,0.08134931,0.09230784,0.08846715,0.08175184,0.08287454,0.09664198,0.09601208,0.09948665,0.09649040,0.08396698,0.07855172,0.07926674,0.07656896,0.07190756,0.06830281,0.06052878,0.05745229,0.07277131,0.06315182,0.07440087,0.08045346,0.09124122,0.09338190,0.10381172,0.12446272,0.13607838,0.14726594,0.17177514,0.19964633,0.21469102,0.25499643,0.26943848,0.28576993,0.29450555,0.27703701,0.29588930,0.28610896,0.26567995,0.26033787,0.23099543,0.20201459,0.19928609,0.19901473,0.20299891,0.19728804,0.17870952,0.20129263,0.18799621,0.16014762,0.15097154,0.12951585,0.13188275,0.10159691,0.10041920,0.08955327,0.07960392,0.07796021,0.07227242,0.08357936,0.07061713,0.08744219,0.09476200,0.09514511,0.09709217,0.10609250,0.12581565,0.13812133,0.14757658,0.18175213,0.20991669,0.24792938,0.27668331,0.31263488,0.36701806,0.38997778,0.42859400,0.46371867,0.47209241,0.47784204,0.46451658,0.45938656,0.43660238,0.44286730,0.38950352,0.36743970,0.31539001,0.27145515,0.24926228,0.21401894,0.19487182,0.17760191,0.16281712,0.14823152,0.15660530,0.14554908,0.16574691,0.16604841,0.17300990,0.18642064,0.20695773,0.22676002,0.23847580,0.25770620,0.27993940,0.32655068,0.34336982,0.35124666,0.34957773,0.37404103,0.37124784,0.37919093,0.34235515,0.33334057,0.32850939,0.28414023,0.27214162,0.23743992,0.22435986,0.18644258,0.18677351,0.16200220,0.16724836,0.15129790,0.15419439,0.14186064,0.13980869,0.14471231,0.14344279,0.14255194,0.12669999,0.14034201,0.12887436,0.13248225,0.12159946,0.12363396,0.13571361,0.13660948,0.14685306,0.15555920,0.18885946,0.19150856,0.22996823,0.26507366,0.28952614,0.33143653,0.34569748,0.37518526,0.40252372,0.42266340,0.43635679,0.42363668,0.44927258,0.46548555,0.43954434,0.45794716,0.45117145,0.45480236,0.45860620,0.44344364,0.42863995,0.41991648,0.38583626,0.35433048,0.31639667,0.27589395,0.22623970,0.19942296,0.17638162,0.15307138,0.15073592,0.14531468,0.13137440,0.12692790,0.15090281,0.14056106,0.14332282,0.16402604,0.17029299,0.16435376,0.18270936,0.17955504,0.20283827,0.21001353,0.19736544,0.21395863,0.22739625,0.21822036,0.23559274,0.23139254,0.23117503,0.23323917
0.02578527,0.01944538,0.02523660,0.01351288,0.02290023,0.02199096,0.00932642,0.02242218,0.01247228,0.00825692,0.00272113,0.00117063,-0.00223144,-0.00557835,-0.00689430,-0.00709285,-0.00769623,-0.00429668,-0.01605493,-0.01122912,0.00024093,-0.01019279,-0.01210131,-0.00758062,0.01359046,0.00267614,0.01323170,0.01450674,0.01853505,0.01742277,0.02167533,0.01868348,0.02168340,0.01724011,0.01601917,0.02720509,0.05288808,0.05744168,0.08050481,0.10780708,0.11721358,0.12014084,0.13834752,0.14033167,0.12815455,0.10842490,0.09045499,0.06760630,0.04771788,0.02796027,0.02644954,0.01879552,0.00794829,-0.00437723,0.00234120,-0.00050937,-0.01047717,0.00966965,0.00122247,-0.00719522,-0.00345283,-0.00412052,-0.00509912,-0.00260771,-0.00292414,-0.00802779,-0.00276385,0.00318305,-0.00276682,0.00747340,0.00514409,0.01085757,0.01764761,0.02183866,0.04277213,0.06880790,0.09522188,0.10915429,0.13121184,0.14041875,0.13195260,0.13134142,0.13136484,0.13569534,0.15087636,0.17922576,0.20912135,0.23948049,0.26373409,0.30606387,0.30919200,0.32000457,0.32496455,0.31613782,0.31059486,0.31078362,0.28899958,0.28178750,0.29220910,0.28387847,0.25419044,0.23419485,0.23153473,0.21333635,0.17700536,0.15788926,0.12051881,0.09705286,0.06424807,0.05317006,0.04992304,0.03157558,0.02160502,0.02559528,0.02902448,0.03280236,0.02498882,0.03500701,0.03462692,0.02038056,0.02751448,0.01517460,0.02451885,0.02467066,0.00314013,0.01846608,0.02458232,0.03282041,0.03657118,0.04839364,0.05952706,0.07279348,0.08857886,0.11118489,0.13077964,0.13598919,0.16988839,0.17771019,0.20426375,0.21734889,0.24464367,0.24748927,0.26768669,0.25673830,0.26556619,0.24987341,0.23274577,0.22076991,0.20662620,0.16250069,0.15768433,0.14111311,0.13020947,0.12751016,0.11408666,0.11672280,0.11420140,0.09601178,0.09326722,0.07422364,0.07315637,0.04825496,0.03577004,0.03738749,0.01963521,0.02702946,0.01894510,0.02530648,0.01469194,0.01942813,0.01915847,0.01857110,0.01626187,0.03322525,0.03040703,0.05132808,0.05635337,0.07634004,0.09823064,0.11805601,0.15185755,0.17158450,0.18282605,0.21524546,0.25093737,0.26183779,0.28988201,0.30577428,0.33188506,0.30791727,0.30667280,0.29331894,0.27471051,0.25226669,0.22031597,0.19384891,0.17649383,0.16169590,0.13727149,0.13606794,0.11092902,0.11795880,0.11685736,0.12515041,0.13250154,0.13816032,0.16496771,0.16522800,0.18640645,0.20575674,0.22062817,0.23025866,0.25441164,0.24501680,0.26662741,0.28097255,0.27067622,0.26726408,0.26729493,0.25739508,0.24494071,0.21622643,0.21603218,0.19055970,0.15542181,0.15111296,0.14325238,0.11165106,0.11727544,0.10594242,0.11448224,0.12502714,0.11624129,0.13931915,0.13175804,0.15265523,0.14450021,0.14667652,0.13709450,0.13281918,0.11127568,0.10216480,0.09187725,0.08312955,0.07658439,0.07141939,0.07049735,0.05510525,0.07321188,0.08214653,0.09417294,0.11136507,0.14517119,0.16605775,0.19043009,0.21937139,0.25373305,0.29714458,0.32949070,0.34050802,0.35325615,0.36584588,0.36384832,0.38731780,0.37126915,0.35024958,0.33929811,0.33490765,0.33102416,0.31657455,0.30917368,0.28444270,0.24333351,0.21620498,0.17494294,0.14961987,0.11805698,0.08906180,0.06553047,0.06020758,0.06086467,0.06053004,0.05662324,0.05329344,0.06179479,0.07219231,0.07106016,0.06993890,0.07889688,0.08302562,0.09272099,0.09073529,0.09489585,0.10447749,0.09857912,0.11143580,0.12150552,0.11520998,0.14125827,0.12552001,0.13587274
0.07298674,0.06484482,0.05960192,0.06545668,0.06699323,0.06875742,0.06005106,0.07214056,0.06983345,0.06222262,0.05786710,0.04635571,0.05141963,0.04489989,0.05688140,0.04248746,0.06124676,0.04168982,0.05531412,0.04886215,0.04633910,0.04392794,0.04497303,0.06300932,0.05942451,0.05952908,0.05737564,0.06204126,0.05919807,0.06613363,0.07097926,0.05734869,0.05190391,0.06770571,0.06493891,0.07421508,0.09704835,0.10848733,0.12549876,0.14017934,0.16505108,0.16589556,0.17757740,0.14899018,0.14262235,0.14065920,0.13104397,0.09530658,0.08254743,0.07007720,0.06667239,0.05736945,0.04676111,0.05056122,0.05393882,0.05152442,0.05375228,0.04605132,0.05034168,0.02980326,0.04483460,0.04809897,0.04831101,0.04401251,0.04573687,0.05170474,0.03869473,0.04787180,0.05498472,0.03905675,0.05338380,0.06377938,0.07407211,0.08554207,0.09078797,0.10960290,0.12882136,0.14591272,0.16264839,0.15197238,0.15384272,0.14361622,0.15420791,0.16921745,0.19110037,0.19554907,0.23251734,0.28164049,0.29003463,0.32793483,0.34268087,0.36203393,0.38806412,0.40004804,0.41888781,0.42326242,0.43459548,0.39951623,0.39382238,0.36918300,0.34689627,0.33074292,0.29190427,0.25308270,0.18944633,0.16427326,0.13514099,0.12404805,0.10598170,0.09402240,0.09642009,0.09204501,0.10050818,0.09026809,0.10471533,0.11119432,0.10573619,0.10324865,0.09617387,0.09429338,0.09053964,0.07901066,0.07438657,0.06419064,0.05462512,0.06569690,0.06500653,0.07058714,0.06594275,0.08043949,0.08735168,0.09696883,0.09928474,0.11234281,0.13526449,0.13932342,0.15458571,0.16636526,0.19938839,0.20987183,0.21885424,0.22928262,0.24352447,0.23185561,0.23157894,0.24061994,0.23005965,0.21309710,0.20759742,0.20339373,0.18286485,0.19264575,0.19412341,0.21493182,0.20240991,0.22415163,0.22161960,0.19260503,0.18877678,0.16578480,0.14528213,0.11532837,0.09396533,0.08171304,0.07680552,0.06454325,0.05270053,0.06470609,0.06495156,0.05345357,0.06205287,0.05256936,0.06236435,0.06032342,0.07077799,0.07223147,0.08261507,0.10453666,0.11212774,0.13812669,0.13199961,0.14948111,0.17199691,0.20781933,0.21143815,0.22435774,0.23116737,0.23100198,0.23474881,0.23719014,0.21274193,0.20537332,0.20553130,0.19547021,0.16421099,0.14685700,0.13538482,0.11965285,0.11798366,0.11784724,0.10547685,0.11197373,0.12117016,0.13307905,0.14505124,0.15397173,0.17076651,0.20530553,0.22026961,0.27222354,0.28878551,0.30833787,0.35756693,0.39284221,0.42306553,0.44280833,0.46398549,0.45826377,0.45657778,0.44725448,0.42824114,0.42839665,0.37559412,0.35287153,0.30415202,0.28785260,0.24471129,0.20919925,0.18470183,0.17633724,0.15727261,0.14937963,0.13758821,0.15061641,0.14654630,0.12554072,0.13463198,0.13131071,0.12345802,0.11701986,0.10997802,0.10675168,0.09492126,0.11012692,0.10563468,0.11239859,0.11680376,0.13788282,0.16804431,0.20177624,0.22755043,0.26063625,0.31504397,0.36173945,0.37737312,0.43632628,0.44872578,0.44297184,0.45503608,0.45295523,0.45287917,0.43976946,0.43969291,0.44796054,0.44473842,0.42749847,0.42477107,0.42775838,0.42331145,0.39550947,0.36641006,0.32998491,0.26500371,0.23121119,0.18859164,0.15159606,0.12790860,0.09932969,0.07893380,0.07043102,0.07085820,0.07452028,0.07353634,0.07859479,0.08942049,0.08437563,0.09091376,0.08803013,0.10574915,0.09295104,0.09325765,0.09796518,0.10731899,0.11495537,0.10533761,0.11752674,0.11682969,0.12215872,0.11293030,0.10595295,0.11973169
0.03339852,0.02944167,0.02737311,0.03770631,0.02669573,0.02215810,0.02992776,0.02775669,0.04103781,0.02905331,0.02427257,0.02549606,0.02774714,0.00949738,0.01656695,0.02076868,0.01353509,0.01941456,0.01595849,0.02344440,0.01659055,0.03126048,0.03334149,0.02459505,0.03371183,0.03849796,0.03694123,0.05317040,0.03823573,0.04699818,0.05432615,0.04018830,0.05781052,0.04645285,0.05292800,0.05886627,0.07784959,0.09466145,0.11067923,0.12766069,0.13744939,0.14861618,0.15152169,0.15302143,0.13309137,0.11516280,0.11076817,0.08966918,0.08637621,0.06643638,0.05579453,0.04966340,0.04446520,0.04125413,0.06607452,0.03644512,0.04554556,0.04302782,0.06164706,0.04193794,0.04821119,0.04742057,0.04193182,0.04766152,0.04674073,0.04926926,0.05578292,0.04936571,0.05118764,0.04866548,0.05936640,0.06874687,0.08069310,0.09171908,0.10838605,0.12927031,0.14497744,0.14990690,0.16695628,0.17045452,0.17409468,0.17802307,0.19031544,0.20175456,0.22817552,0.27514840,0.29172156,0.34231496,0.39218561,0.43408775,0.46371680,0.49254260,0.50539870,0.52091861,0.53613188,0.52419911,0.50344342,0.48632577,0.45512553,0.43442841,0.39150463,0.36518747,0.31806368,0.26506269,0.24153913,0.20442286,0.18766469,0.17386265,0.15273195,0.14916300,0.15533267,0.16124263,0.18359965,0.20915827,0.21562499,0.22129903,0.22601150,0.21404793,0.20772549,0.19207939,0.16998989,0.16932176,0.15405149,0.12098695,0.13013302,0.11692872,0.11223264,0.10459790,0.12059948,0.12192628,0.12356466,0.13726614,0.15754957,0.16589426,0.18168964,0.19686744,0.21417061,0.22916429,0.24125276,0.27075185,0.26095712,0.29589323,0.29792815,0.30276462,0.28880358,0.28687240,0.27579673,0.26738542,0.24809404,0.22247782,0.21729506,0.23244840,0.23119897,0.23183244,0.24804936,0.24375069,0.24208668,0.23958366,0.23900959,0.19185347,0.17675538,0.15537324,0.14609117,0.12949791,0.12587277,0.10948090,0.11008739,0.11141945,0.10799667,0.11642851,0.12045555,0.11192960,0.12006375,0.12772349,0.13236338,0.14537488,0.14389291,0.16301383,0.16575339,0.18005728,0.18910123,0.21138946,0.22107896,0.23673421,0.24603035,0.26099786,0.26985618,0.27819059,0.27534271,0.27469487,0.28152147,0.25420467,0.25249591,0.24993256,0.22033115,0.21019396,0.20723151,0.18817705,0.18211240,0.19538086,0.17751495,0.19855282,0.22033549,0.22893113,0.22885907,0.25706680,0.26596722,0.30375365,0.34565152,0.37348870,0.41358503,0.45581166,0.49218329,0.52643395,0.59780800,0.61505880,0.65692268,0.66343617,0.68610023,0.68196087,0.64690077,0.64122930,0.61775104,0.56169673,0.50783065,0.45261382,0.41998414,0.38188799,0.35764147,0.31964200,0.29218281,0.27863194,0.27475203,0.25839900,0.24929950,0.25189077,0.23823158,0.23846641,0.23281115,0.23480677,0.22898073,0.22311960,0.21978202,0.21219148,0.22331799,0.24116289,0.25605091,0.27755369,0.31721829,0.35963608,0.39845884,0.44094530,0.49935368,0.54218687,0.55155324,0.61176788,0.59788439,0.61670473,0.60746778,0.58700803,0.59338962,0.57039809,0.54616873,0.54312222,0.51337239,0.51744354,0.50935910,0.51202489,0.49483319,0.47844585,0.45343449,0.40361995,0.36535350,0.31921565,0.28435217,0.24448881,0.22975690,0.21983692,0.19384071,0.19510892,0.18522920,0.18761939,0.18056948,0.18646475,0.18679787,0.20110879,0.19527671,0.20816931,0.19160707,0.19894250,0.20542251,0.20826854,0.21518586,0.22187363,0.21212029,0.21883268,0.23735157,0.21271486,0.22741946,0.23474769,0.22903478
-0.00569913,0.00583541,0.00616213,0.00671747,0.00317798,0.01632590,0.00507129,0.00250887,0.00526293,0.00436866,0.00209190,0.00247025,-0.01416686,-0.00160369,-0.00994490,-0.00557884,-0.01002580,-0.00563731,-0.01675562,-0.00998241,-0.00725900,-0.01308276,-0.00498397,0.00288638,0.01627042,0.01119823,0.02307743,0.02774208,0.02652834,0.02608923,0.01146275,0.01560918,0.02228523,0.01854782,0.02900151,0.04690626,0.05422302,0.07379401,0.09585036,0.10236232,0.11838185,0.12184423,0.14064946,0.11598164,0.11904365,0.09009011,0.08324134,0.05519683,0.04984654,0.03049434,0.01739962,0.01946835,0.01300071,0.01888609,0.00805356,0.01851844,0.00612863,0.00704006,0.01112838,0.01204927,0.00323450,0.02101997,0.02024762,0.01132513,0.01368583,0.01621526,0.01451684,0.01351922,0.01372239,0.01994390,0.03565336,0.03274129,0.05187150,0.04773805,0.06921698,0.09987685,0.11778126,0.12345802,0.12375973,0.12469413,0.11354067,0.11006049,0.10861528,0.10307541,0.11843608,0.12770465,0.14473396,0.15559444,0.20148189,0.20791890,0.23110790,0.26332428,0.28422296,0.31507720,0.32575552,0.35234584,0.36923461,0.39139377,0.38378903,0.37285684,0.35795496,0.34901210,0.31090963,0.26117716,0.21851296,0.17877203,0.16666124,0.10974024,0.10648330,0.09218829,0.07695783,0.08337333,0.07413449,0.07428549,0.07155100,0.08168654,0.08422140,0.07800574,0.06783133,0.06297457,0.06159288,0.06217559,0.06943657,0.07212601,0.06411735,0.07306121,0.07167612,0.08127314,0.08750079,0.09891776,0.11689515,0.12865159,0.13363182,0.16812309,0.19396116,0.19787716,0.23314177,0.23494249,0.25814979,0.25789280,0.27232651,0.28873338,0.30062159,0.28973778,0.28031356,0.25687071,0.25365761,0.22802216,0.20945551,0.21095768,0.20305034,0.20501330,0.21328195,0.22976616,0.22848454,0.24747846,0.22735282,0.21681156,0.16650309,0.17176848,0.13070879,0.11500806,0.09976653,0.09044585,0.08556456,0.07647841,0.06167918,0.08800150,0.06910075,0.07356311,0.07421647,0.07256068,0.07181513,0.08525152,0.08387709,0.08691464,0.08747822,0.10015533,0.10803301,0.12110556,0.12646229,0.13595900,0.15085578,0.17686646,0.17380633,0.17870473,0.17981105,0.19301534,0.18362780,0.19307884,0.17732143,0.16931889,0.17815857,0.14819572,0.14539336,0.13876003,0.13646687,0.14702730,0.14166418,0.14518951,0.16657827,0.15972757,0.18152025,0.18803414,0.21480506,0.25623302,0.26735971,0.28536719,0.32804722,0.35517387,0.38478823,0.42248439,0.45166869,0.46208634,0.48129631,0.50393178,0.51133874,0.49517466,0.50129399,0.44802846,0.43600020,0.40424563,0.36459928,0.33176064,0.30236337,0.27290825,0.26336064,0.22397649,0.22166510,0.22928746,0.19986539,0.22681619,0.22213023,0.22135633,0.22843734,0.23489931,0.22215296,0.21940471,0.20379204,0.20450121,0.19073618,0.16717389,0.16193752,0.15805637,0.16490127,0.16568717,0.18161371,0.19015950,0.21911552,0.25364107,0.27881681,0.31418977,0.37021121,0.41053597,0.44836370,0.46703550,0.49486292,0.51793552,0.53743222,0.56453423,0.52080709,0.51531253,0.51991891,0.51999410,0.49932649,0.52225006,0.48395523,0.49003856,0.47013726,0.44822752,0.39922038,0.36062036,0.31010715,0.27280689,0.22161523,0.19750891,0.17529204,0.14194735,0.12385393,0.12356640,0.12095713,0.13724540,0.13317985,0.12930945,0.13809762,0.12213553,0.13749141,0.13689632,0.13911662,0.12890649,0.14002443,0.15343068,0.15109965,0.14117677,0.15273467,0.14405239,0.13933384,0.14249289,0.15856152,0.15267058,0.15812689
0.00186634,0.00781556,0.02604838,0.03492366,0.04904036,0.05096551,0.05200464,0.05602114,0.04765175,0.03614231,0.03611650,0.01293493,0.01240394,0.00587430,0.00283141,-0.00245146,-0.00749158,0.00095268,-0.01037636,-0.00837902,-0.00485458,-0.00201722,0.00465156,0.01481608,0.02907344,0.04142849,0.05794286,0.06357113,0.07782334,0.07460853,0.06534326,0.04670585,0.02423235,0.03725305,0.02094351,0.02275954,0.01205933,0.03915272,0.03916366,0.05146701,0.05650928,0.07136608,0.06626880,0.07614140,0.06765605,0.06158955,0.03485380,0.03841622,0.02042762,0.00467268,0.01447410,0.00873275,0.00249538,0.00046731,-0.00475325,0.00343355,0.00298034,0.00185639,-0.00049496,-0.00113018,0.00490857,-0.00623970,-0.00338651,-0.00249440,0.00031745,0.00113701,-0.00808625,0.00203188,0.00077589,-0.00008161,0.00388622,0.00660773,0.00718147,0.01214906,0.03677714,0.04531157,0.05848776,0.05347277,0.07391510,0.06626843,0.07358577,0.07214251,0.07301547,0.08051499,0.09056810,0.09623878,0.13061664,0.15610363,0.17705793,0.19865083,0.23069505,0.24283156,0.27078142,0.29226685,0.31034484,0.33109565,0.33771674,0.36727851,0.37726267,0.41570997,0.42115344,0.40889852,0.39714668,0.36979869,0.33787012,0.29862233,0.24742985,0.20378953,0.16841708,0.14274681,0.11667506,0.11158347,0.10265386,0.10112939,0.12784621,0.12559247,0.13231096,0.13409019,0.12854516,0.09954746,0.10426632,0.07925677,0.06386743,0.06279827,0.05791781,0.05438441,0.06386051,0.06865920,0.09127955,0.11461528,0.14716546,0.16809089,0.19849236,0.21283801,0.26709795,0.26862070,0.28885272,0.30383169,0.29975680,0.30869696,0.29483151,0.24854638,0.24996956,0.22839779,0.19827792,0.18107182,0.16141853,0.14676167,0.13134668,0.11135003,0.09945135,0.09724429,0.07496157,0.07537614,0.07558103,0.07441943,0.07450936,0.06930553,0.06848405,0.04733654,0.04600313,0.04003719,0.02374822,0.02787769,0.01401639,0.01358358,0.01016642,0.01525739,0.01924337,0.00858167,0.02055542,0.00772094,0.01100127,0.01686742,0.01420575,0.01885500,0.00476157,0.01720964,0.01180054,0.02422793,0.01532709,0.02599841,0.02218467,0.03491454,0.02414097,0.02775181,0.03235255,0.03643887,0.03196406,0.03104184,0.03912643,0.03876816,0.03513568,0.04213410,0.04826961,0.04404767,0.04996891,0.07028936,0.08412001,0.10464879,0.12379264,0.15387816,0.19151784,0.21876114,0.26886978,0.30732141,0.35163018,0.38718141,0.44733843,0.46081266,0.49282022,0.51427742,0.52730429,0.53612687,0.54638976,0.52743990,0.54603951,0.54282324,0.52276412,0.49037845,0.46643415,0.44159409,0.41182664,0.36562208,0.33122056,0.28652829,0.27682979,0.25912233,0.25937217,0.24061302,0.27619923,0.27134615,0.31169188,0.32032544,0.32877515,0.34766582,0.35039879,0.33287586,0.33050968,0.28905309,0.26946154,0.23142512,0.21057104,0.16856422,0.14795258,0.13357390,0.13009225,0.13119334,0.13841580,0.15935562,0.18745956,0.21571214,0.26203769,0.27773122,0.33503147,0.35116258,0.39496435,0.41086703,0.44542084,0.44613166,0.41532857,0.41017649,0.40117530,0.36089549,0.32360038,0.29212113,0.26282846,0.23800690,0.21692180,0.19249337,0.17378988,0.15735147,0.12069224,0.09689428,0.07781882,0.06322111,0.04653382,0.03916069,0.02139534,0.02702891,0.02281219,0.02366940,0.01305982,0.01482253,0.00430163,0.01657785,0.01362051,0.01313835,0.00923205,0.01148875,0.00976052,0.01667290,0.01163281,0.01780106,0.01809033,0.01704549,0.01489253,0.00700960,0.00870816,0.01786313,0.00835318
-0.00561725,-0.00107737,-0.00326622,0.00045688,0.00466708,0.00206502,0.00685692,0.00584626,0.00715523,0.00020008,-0.01738238,-0.02030638,-0.02081733,-0.02032584,-0.02246152,-0.01411898,-0.01662174,-0.01866691,-0.02360321,-0.02313099,-0.01667895,-0.01969964,-0.00600544,-0.01153531,-0.00676274,0.00357878,-0.00016327,0.00403230,0.02197865,0.01294639,0.00737639,0.00444992,0.01087289,0.00532159,0.02508954,0.03373576,0.06873458,0.08157013,0.10562808,0.14102613,0.16086317,0.17770148,0.17273064,0.17678214,0.15342307,0.12832208,0.09706211,0.08751371,0.05898955,0.03948561,0.01131444,0.00462211,-0.00622289,-0.01417364,-0.01101199,-0.00595852,-0.00882080,-0.01676334,-0.01653073,-0.02137982,-0.01943364,-0.00492818,-0.01274589,-0.01845014,-0.01215237,-0.01314876,-0.00497105,-0.00610410,-0.02241774,-0.00228285,-0.00336328,0.00648994,0.02819091,0.04210631,0.06704661,0.09192807,0.12752237,0.14894664,0.15877382,0.16974917,0.16174397,0.14993094,0.15972197,0.16028622,0.19393099,0.19835279,0.24643754,0.28456784,0.32417374,0.34115229,0.36529638,0.39229839,0.38265485,0.38308329,0.37062668,0.31267436,0.32498963,0.29228994,0.28056524,0.24100818,0.22121868,0.19403840,0.18969058,0.16856899,0.13063167,0.09158607,0.09704458,0.08956718,0.07678478,0.07445585,0.07168477,0.09304678,0.10201684,0.11395132,0.12817637,0.12997924,0.13769104,0.11955470,0.12038544,0.10050809,0.08012769,0.06867963,0.05433246,0.04574418,0.03531036,0.02347728,0.02067771,0.02475279,0.04321728,0.05070210,0.06511596,0.07186416,0.09728313,0.12607638,0.14142236,0.17527219,0.19572877,0.21536060,0.24526157,0.27961880,0.30742877,0.31944890,0.33265280,0.34884332,0.33039025,0.30978857,0.29329896,0.24739200,0.21025087,0.19269883,0.14951885,0.12527802,0.10478583,0.09328421,0.06544672,0.05259980,0.03495002,0.02213686,0.02732991,0.02375599,0.01808791,0.00849726,0.01205186,0.01115549,0.00541930,0.00427859,0.00796269,0.00758726,0.00146709,0.01212784,0.01295901,0.01500155,0.02455562,0.01527904,0.03303088,0.03119514,0.04439544,0.05288255,0.07159080,0.08028951,0.09543822,0.11156723,0.13864294,0.15916313,0.17185382,0.18085980,0.20741540,0.20402689,0.19748800,0.19241941,0.21166769,0.18037241,0.17399098,0.15021765,0.14931977,0.12051213,0.11175372,0.09567087,0.09113538,0.09004419,0.08165248,0.08986784,0.09421434,0.10804947,0.13832222,0.14147175,0.17586734,0.18255883,0.20571408,0.23990869,0.25078278,0.27626023,0.29595795,0.30411809,0.32555017,0.34278382,0.35614680,0.35746402,0.36951298,0.35868316,0.34933552,0.32866453,0.31779373,0.29422219,0.26620320,0.23832283,0.21695059,0.20589361,0.18473298,0.16139209,0.16474289,0.15656389,0.15444758,0.15140620,0.15749528,0.15960288,0.14954336,0.14673417,0.13246735,0.12451256,0.11077328,0.10047844,0.09447440,0.08235581,0.07051930,0.08384832,0.08874163,0.10487954,0.13539361,0.15134633,0.19813458,0.19642744,0.25387853,0.28135216,0.30813265,0.31571486,0.34944282,0.36519227,0.40020843,0.41712493,0.42114267,0.41238700,0.41233247,0.39965572,0.38620873,0.36250308,0.32579292,0.32740835,0.30118823,0.27959687,0.25826501,0.22277965,0.21672037,0.17444538,0.12751901,0.08954824,0.07743088,0.05207537,0.04239778,0.04165993,0.02153243,0.02396117,0.03120455,0.03563409,0.03690867,0.02549959,0.04266940,0.02898939,0.04155098,0.04767452,0.04409304,0.04611312,0.06230109,0.05278452,0.07069717,0.07050756,0.06503926,0.07413476,0.06756912,0.07407605,0.06768926
0.00649183,0.00825702,0.00881681,0.00607180,0.01092520,0.00854749,0.01073704,0.01809544,0.00366468,0.01009741,0.00478111,0.00749034,0.00016811,-0.00875767,-0.01360865,-0.00611949,-0.01907117,-0.01094734,0.00166303,-0.01226367,-0.00207638,-0.00285366,-0.00011865,0.00298122,0.00348918,0.00751168,0.02065929,0.02477134,0.01601507,0.01484845,0.02109763,0.01001874,0.02028925,0.01276277,0.01302814,0.01572692,0.02426257,0.03580885,0.05361700,0.05381500,0.06109522,0.07395475,0.07940390,0.07292708,0.05052428,0.05286665,0.03674547,0.03170220,0.02334421,0.00855771,0.01172616,0.01146754,0.00717770,-0.01050011,0.00044668,-0.00660596,-0.00163835,-0.00399713,0.00731550,-0.00191778,-0.00047213,-0.00240554,-0.00864025,-0.00998791,-0.00389840,-0.00660837,-0.00841682,0.00020163,-0.00333397,-0.00782370,0.00401995,0.01780705,0.01392838,0.02242643,0.02942115,0.05173595,0.05483700,0.05994368,0.06991589,0.07344446,0.07469072,0.07203302,0.07537605,0.09070417,0.10314904,0.13721410,0.16909457,0.20208118,0.22503504,0.26829530,0.30659526,0.34215710,0.40347891,0.41054058,0.44934557,0.47299012,0.47921877,0.47229408,0.45430350,0.44388256,0.41558044,0.35862351,0.31518316,0.27379874,0.21713009,0.16524444,0.11765383,0.10576031,0.08952143,0.06880043,0.07824371,0.08318302,0.10899528,0.12541466,0.12170895,0.13196663,0.14369325,0.12755489,0.11958073,0.09963699,0.08330349,0.06547424,0.04867601,0.03191663,0.02351528,0.02430215,0.02602761,0.01988673,0.02829176,0.03621517,0.05222702,0.04939318,0.07674319,0.07993335,0.09186387,0.09029755,0.11649938,0.14002425,0.12527401,0.13119578,0.14637336,0.14146969,0.15412399,0.15969174,0.14665544,0.14100722,0.14781819,0.13176984,0.11683106,0.12315129,0.13267684,0.14497995,0.16604754,0.18116595,0.20636187,0.21187546,0.21824256,0.20078382,0.18970166,0.14975402,0.12251007,0.08036144,0.04742327,0.04168508,0.02540560,0.01643949,0.01300514,0.01063407,0.01534408,0.01238390,0.01209968,0.01142960,0.00571442,0.00709900,0.01234597,0.01507776,0.02889511,0.01544507,0.01741895,0.03078676,0.03022041,0.03974160,0.04487154,0.04537893,0.05646282,0.04935717,0.05730708,0.05684276,0.05700012,0.05849123,0.06805319,0.05664938,0.05299638,0.05135748,0.04734201,0.04716285,0.05809659,0.04616914,0.04087736,0.05309825,0.05923255,0.07902930,0.09242478,0.09780972,0.12279630,0.16034852,0.17789725,0.21683422,0.25832686,0.30720402,0.34784010,0.40483709,0.46550861,0.50685216,0.55213351,0.62202282,0.64102763,0.65329882,0.66298992,0.67523781,0.63326855,0.61514785,0.54176152,0.49832807,0.45132017,0.38876245,0.32979698,0.28841245,0.24702014,0.21628985,0.18555339,0.18243082,0.16069987,0.14142852,0.13450176,0.14579373,0.13157597,0.12462307,0.11819376,0.11404809,0.10577973,0.09705050,0.08170376,0.09341609,0.09322205,0.11365566,0.13651484,0.15689096,0.20015725,0.24984271,0.29291856,0.36076436,0.43041761,0.47708647,0.51216851,0.53823786,0.56162490,0.53969972,0.54420584,0.51596907,0.50058771,0.46216086,0.43800208,0.42912847,0.42646488,0.41949822,0.41313366,0.40555271,0.39635074,0.36500092,0.32820124,0.29836352,0.23996586,0.19416214,0.14653294,0.12353198,0.08486868,0.06755866,0.04960992,0.04616827,0.03786116,0.03565931,0.03622103,0.04173966,0.03549582,0.03924777,0.04982891,0.03313368,0.03861861,0.04199810,0.04037625,0.04364198,0.04670392,0.04412655,0.05448227,0.03424417,0.05333194,0.04757077,0.05112894,0.04340731,0.04120583
0.07059890,0.08345521,0.08772191,0.08619849,0.09863883,0.08843327,0.09517809,0.09917412,0.09679153,0.08639027,0.08559821,0.07281434,0.06062807,0.04436495,0.04871720,0.04097997,0.05073547,0.05883975,0.05429007,0.05742596,0.05570588,0.04811489,0.04106131,0.05470086,0.06775765,0.08562486,0.09666208,0.10063353,0.11320933,0.11557516,0.08624939,0.08886140,0.08343627,0.08180485,0.07979437,0.07346155,0.08540491,0.09684282,0.10737784,0.12775487,0.14622198,0.15819446,0.14630834,0.14844048,0.14075431,0.13651539,0.12623063,0.11767411,0.08251604,0.08741537,0.07349504,0.06237197,0.06843034,0.06204743,0.06491690,0.05427675,0.06558484,0.06324258,0.05999304,0.05977146,0.04947060,0.05748857,0.05577984,0.06251766,0.05341222,0.06086232,0.06803284,0.06256800,0.07275338,0.06986647,0.06917054,0.06060200,0.06916493,0.09574622,0.09174825,0.10310026,0.12145756,0.15468740,0.14866979,0.16877570,0.16829482,0.17390649,0.19874458,0.19366938,0.21531279,0.25627837,0.28433456,0.30789683,0.33256911,0.36420937,0.39331919,0.40038801,0.42908783,0.41113181,0.41755182,0.38831120,0.37221711,0.37289188,0.37683973,0.37537498,0.38599578,0.37596199,0.36053135,0.36682883,0.32900052,0.29269180,0.26335823,0.21020740,0.20439454,0.17025757,0.15545102,0.13056712,0.13242491,0.13721485,0.14579265,0.15774467,0.15120290,0.14668456,0.14750126,0.14041869,0.12595766,0.11861600,0.11559394,0.10627110,0.10279314,0.11874104,0.11680246,0.11631240,0.15356330,0.16396929,0.18507684,0.19510348,0.22189425,0.24720834,0.27605548,0.29032514,0.32506166,0.32273537,0.33608081,0.34732274,0.33209133,0.33438371,0.33371713,0.32001223,0.30470585,0.28916170,0.26021541,0.25677014,0.22417009,0.23315522,0.19062502,0.17967609,0.15504494,0.13366388,0.13254600,0.13806812,0.11564781,0.11806427,0.12112696,0.11567022,0.12342891,0.10438785,0.09626338,0.10088502,0.10165838,0.08293811,0.10320948,0.08896459,0.10469130,0.09565789,0.10481770,0.10430637,0.11514966,0.12057756,0.13857833,0.11794097,0.14307836,0.14243373,0.17141455,0.19187234,0.20035891,0.23535339,0.24051864,0.27750694,0.29669052,0.31345162,0.33877921,0.34451429,0.35491019,0.36640874,0.34811245,0.34004812,0.31685336,0.31721253,0.27452415,0.26521938,0.24738712,0.23785697,0.22411375,0.24183734,0.25211004,0.23383407,0.23833670,0.28179350,0.30326991,0.33764236,0.36064990,0.39350972,0.41054878,0.41648446,0.43570886,0.46432984,0.46529969,0.46402051,0.46671978,0.45908296,0.46945455,0.45590083,0.43591364,0.41081605,0.39118953,0.39190814,0.36380786,0.33058116,0.31031468,0.32008459,0.29255371,0.27815867,0.26496759,0.29990342,0.29579555,0.32509635,0.32981301,0.34940475,0.35479032,0.37695014,0.37417229,0.38173154,0.36769157,0.33894878,0.33404896,0.29209521,0.26191072,0.25282532,0.24057303,0.21358296,0.19855330,0.20608648,0.20862799,0.21947691,0.21759596,0.24908359,0.27794931,0.29302066,0.30528330,0.34101350,0.37219943,0.41539494,0.42338981,0.46695437,0.47477866,0.47178686,0.46612575,0.45388700,0.42063769,0.39611944,0.36008078,0.34175271,0.33324615,0.31744642,0.29864430,0.28877305,0.26966009,0.25525724,0.23591585,0.21920001,0.20056372,0.18553677,0.17317040,0.17614409,0.15920264,0.17381762,0.16093817,0.16840662,0.17736263,0.16086430,0.17396881,0.18793767,0.19999377,0.18408215,0.19922405,0.20559532,0.21263035,0.21334257,0.22154209,0.20934549,0.22732999,0.23178398,0.23329109,0.23586333,0.23789916
0.04339814,0.03822234,0.03414445,0.03741056,0.03354581,0.04266390,0.04492783,0.04090412,0.05253660,0.03525254,0.02929129,0.03864456,0.03482024,0.01702447,0.01556947,0.01699815,0.01479929,0.02497245,0.02069929,0.02587420,0.02088848,0.01648689,0.03291074,0.03138510,0.02896771,0.02768133,0.04003941,0.05834957,0.05996450,0.05809626,0.05505439,0.06156555,0.04803345,0.05261792,0.06138478,0.05983310,0.08105897,0.09504941,0.12471537,0.13779291,0.15238285,0.18025405,0.18105299,0.17419660,0.17798820,0.15697026,0.14213288,0.11431129,0.10546528,0.08865477,0.06395635,0.05280599,0.03649327,0.03967945,0.04419448,0.04342767,0.03193981,0.02948576,0.03712238,0.04957390,0.05041544,0.04917130,0.04064491,0.04844509,0.04677113,0.04359295,0.05137997,0.05313996,0.04900679,0.05194815,0.05177638,0.06415419,0.07296569,0.08917582,0.09077770,0.12336633,0.14091929,0.17227798,0.18865516,0.18998416,0.21592803,0.19603025,0.21568978,0.21601854,0.24006524,0.27217010,0.31298016,0.35807935,0.37163377,0.43129703,0.44510094,0.47421070,0.45840519,0.48493880,0.43694090,0.44465545,0.39752698,0.36788285,0.35411725,0.32378437,0.29783499,0.29034266,0.27412523,0.25809805,0.21597763,0.20721266,0.17759839,0.17335768,0.14978260,0.13843166,0.13561144,0.13023762,0.15942610,0.15635849,0.15792039,0.17411238,0.19172401,0.18805240,0.17348094,0.17210686,0.14458838,0.13491987,0.13521440,0.11528214,0.10548480,0.09945129,0.10027520,0.12143682,0.11457761,0.12231309,0.14250352,0.16620602,0.16084118,0.18524065,0.21480260,0.22869583,0.24123754,0.26579516,0.28531632,0.29336084,0.32536149,0.33231807,0.36126248,0.34976341,0.36552532,0.34149996,0.34449707,0.31069683,0.29519195,0.27102055,0.22318676,0.19367411,0.19611848,0.16653093,0.15937585,0.13680485,0.12821214,0.12323216,0.12253847,0.11534976,0.11037885,0.11082156,0.10941281,0.10903198,0.10830664,0.10296726,0.09779930,0.10085489,0.10100404,0.10638847,0.12222778,0.11562874,0.11324620,0.12016119,0.12662433,0.14034202,0.15214576,0.16663743,0.17315931,0.20244309,0.22698435,0.25173427,0.28539170,0.31626147,0.33031544,0.34437649,0.36627156,0.38695413,0.39440178,0.36748250,0.38387465,0.37136239,0.35606256,0.35946566,0.31173937,0.28844856,0.28301789,0.25546892,0.24431423,0.23394624,0.21576752,0.22241834,0.22106686,0.22855862,0.24270196,0.26306064,0.26477403,0.27680233,0.33288975,0.32244003,0.34789168,0.35949922,0.37322055,0.39664059,0.40178455,0.42453872,0.43438893,0.42891580,0.43444685,0.44060135,0.41470192,0.40866380,0.39549237,0.38929086,0.34659600,0.35690065,0.31629186,0.29307961,0.28063977,0.28147564,0.27322799,0.27171613,0.26456346,0.26681918,0.28730786,0.28581044,0.29439074,0.28380563,0.28006308,0.27143516,0.26550833,0.24017890,0.23463099,0.23310753,0.21606073,0.21240249,0.21083739,0.21362694,0.22923395,0.24486825,0.27472098,0.28307939,0.28894594,0.31986703,0.35587439,0.38067360,0.40504515,0.41931426,0.46355050,0.48216447,0.50593066,0.49668951,0.49138370,0.47635537,0.47104770,0.43643129,0.42599059,0.40791610,0.40313413,0.38555751,0.37157598,0.35526860,0.31982596,0.29901273,0.28310168,0.23237715,0.22437049,0.22203791,0.18208171,0.18820007,0.18885808,0.18463723,0.18560719,0.17948553,0.18036295,0.18201847,0.21320710,0.20130816,0.19968014,0.20020416,0.20994130,0.21484537,0.22775090,0.22750172,0.23025645,0.22766541,0.23872623,0.24195992,0.24735149,0.25357190,0.25754769
0.03248180,0.04866770,0.04527193,0.04870044,0.05549451,0.05277839,0.05293231,0.05090889,0.04367427,0.04884939,0.04970760,0.03739548,0.03665805,0.03323546,0.01951091,0.03268531,0.02487726,0.02447130,0.02523931,0.04003478,0.03776354,0.03881786,0.03907498,0.04668008,0.04738567,0.05495300,0.05657674,0.06615123,0.07280399,0.06957180,0.06272268,0.05166545,0.06677558,0.07028401,0.07000804,0.09436377,0.13121427,0.13865810,0.17547576,0.20428937,0.21911430,0.22410709,0.22711655,0.22087123,0.18355958,0.15736925,0.15233711,0.11742426,0.10818502,0.07169416,0.06757080,0.04832002,0.04695388,0.04332180,0.03746475,0.04796452,0.03980472,0.04127171,0.05470809,0.04422868,0.03754392,0.02960652,0.05014052,0.04849638,0.03547115,0.04273912,0.03763843,0.04395347,0.04107383,0.04116132,0.05516142,0.06881126,0.07598071,0.11700388,0.14019084,0.15726878,0.17694612,0.20511971,0.20281756,0.20130875,0.17031208,0.17306768,0.16742222,0.16469989,0.15727413,0.17658859,0.20465351,0.23325090,0.25481471,0.27217464,0.27578986,0.32324772,0.32105611,0.36157601,0.37976373,0.40299978,0.39983923,0.39448947,0.38766391,0.38304084,0.35874919,0.35357815,0.31384425,0.26297675,0.22948759,0.19815015,0.16861171,0.14488446,0.12308321,0.09987193,0.09197224,0.09439119,0.10678562,0.09786941,0.09827362,0.09723657,0.08375245,0.08904264,0.08657437,0.09368289,0.07862271,0.06762566,0.07976377,0.07014316,0.08616216,0.08162391,0.08880795,0.09979397,0.11215391,0.13041723,0.13400411,0.16162377,0.18052866,0.21239303,0.22676559,0.26075625,0.28575667,0.29947566,0.32913322,0.35685489,0.36858751,0.39250744,0.38948751,0.39911238,0.38552088,0.36707658,0.34416892,0.31412076,0.29116921,0.25699294,0.24088696,0.24782217,0.22695222,0.23898381,0.23901927,0.22858865,0.21494970,0.20026349,0.18154331,0.14524446,0.13404014,0.12007660,0.09143469,0.09234315,0.08093808,0.07647189,0.06917075,0.07224349,0.07214220,0.06969786,0.07211174,0.08351009,0.07297022,0.08068346,0.08594098,0.10158052,0.08710738,0.11427792,0.12792549,0.13578747,0.15517451,0.16735399,0.17584443,0.19460885,0.20164189,0.21083579,0.22766371,0.21872681,0.20814530,0.20848289,0.19633602,0.19007594,0.19017278,0.18894256,0.17444600,0.15961313,0.16320484,0.15338140,0.15348816,0.14869845,0.15772279,0.17528065,0.19715727,0.20167594,0.22428791,0.24762494,0.26864331,0.32296526,0.33576020,0.34204630,0.37960488,0.41780954,0.42979295,0.44074980,0.47350168,0.48570225,0.48441724,0.46316764,0.46607008,0.43494454,0.41087071,0.37580896,0.35061382,0.31186388,0.27834143,0.26238759,0.23689088,0.23796692,0.21423882,0.20222451,0.21392477,0.21757515,0.22149124,0.22689977,0.22432364,0.22414846,0.20811826,0.22056451,0.21989377,0.17704515,0.18575493,0.15583596,0.15379188,0.14778256,0.14037710,0.15102065,0.14687561,0.17347242,0.19895220,0.23793316,0.26109007,0.31481136,0.35161624,0.38799422,0.44906667,0.48096788,0.50242272,0.54670388,0.56937531,0.58901867,0.58296509,0.56957052,0.57841747,0.57103862,0.55775837,0.54879907,0.54124405,0.53154266,0.51069927,0.47335774,0.44664562,0.35666446,0.32953072,0.25799891,0.21733176,0.17619124,0.13651357,0.12179303,0.11133101,0.10976058,0.10975871,0.10030739,0.10299669,0.09893240,0.10563146,0.10384164,0.10962653,0.11003863,0.11774886,0.13089854,0.12140758,0.12169155,0.13235624,0.13172279,0.13089857,0.13168039,0.13752251,0.13105065,0.13859863,0.13400741,0.13452631
0.00027250,-0.00698127,0.00509258,-0.00236598,0.00174918,0.00345371,0.00777802,0.00330761,0.00918606,0.00105897,0.00364869,-0.00475964,-0.00833961,-0.00276781,-0.02242382,-0.00122899,-0.02229030,-0.01671995,-0.01506860,-0.01318395,-0.02901472,-0.01067244,-0.00730134,0.00204853,-0.00058623,-0.00893176,-0.00144440,0.00007581,0.00409468,0.00932462,-0.00936726,0.00708625,-0.00157791,0.00199407,-0.00769580,-0.00122880,0.01347640,-0.00131404,0.00316268,0.00702270,0.02807292,0.01600048,0.02803684,0.02677455,0.01098708,0.01087975,0.01367927,0.00565436,-0.00497898,-0.00587627,0.00437031,-0.00201624,-0.00104871,-0.00725922,-0.00944802,-0.00822903,-0.01275323,-0.01091421,-0.01507876,-0.00748020,-0.01057187,-0.01231675,-0.00557880,-0.00707703,-0.00291078,-0.00621615,-0.00853434,-0.00420943,-0.00494215,-0.00566006,-0.00533347,-0.00129610,-0.00566920,0.00859286,0.00813011,0.01208131,0.02368432,0.03194529,0.04203578,0.05037659,0.03625841,0.06464378,0.07272780,0.08742666,0.10334585,0.13117117,0.16828564,0.20972816,0.25933485,0.29470843,0.33081126,0.37699321,0.39816224,0.43201499,0.48951188,0.49711249,0.51194809,0.49950927,0.49788213,0.47885391,0.45391449,0.40225710,0.34203528,0.30090933,0.23078255,0.19348933,0.13847578,0.11603237,0.08145552,0.07862686,0.06709275,0.06490494,0.07038714,0.07263900,0.09032911,0.09678559,0.09670946,0.10221393,0.10603301,0.07347278,0.06272956,0.06849352,0.04049467,0.04077663,0.03076387,0.02152278,0.02402517,0.02392793,0.02207148,0.02777168,0.03728887,0.03388394,0.05149039,0.05689034,0.05816293,0.07832789,0.07714123,0.07523522,0.08375265,0.08223715,0.08668412,0.08320382,0.08922521,0.06689815,0.07487549,0.07825623,0.06803862,0.07052937,0.07689252,0.08382250,0.10980197,0.12785256,0.16123503,0.19039136,0.22426040,0.25361679,0.24658447,0.25085453,0.22657698,0.18879006,0.15417448,0.11258642,0.08526698,0.05532661,0.03752964,0.02862468,0.01731235,0.01392254,0.01456842,0.00154037,0.00334393,0.00603180,0.00506773,0.01273723,0.02219861,0.02068452,0.02438024,0.03469509,0.03791255,0.06304854,0.06169327,0.07687502,0.09339403,0.10004000,0.10074336,0.12886325,0.13950373,0.13157349,0.13345814,0.13764408,0.12325366,0.12200367,0.10660795,0.10725737,0.09659321,0.08415702,0.08312820,0.08317425,0.07069350,0.06548803,0.07283289,0.07612507,0.07790809,0.09186797,0.11447274,0.13641893,0.16169802,0.19424428,0.23198217,0.26669368,0.32423068,0.37067259,0.43774322,0.46822461,0.53858189,0.58894819,0.63408287,0.64348094,0.65576088,0.65428721,0.62393673,0.59246403,0.54710034,0.49953667,0.44822421,0.37097110,0.31314336,0.29385295,0.23491872,0.19444156,0.17105239,0.13708542,0.14145131,0.13592323,0.11224490,0.11484029,0.10826028,0.10755877,0.09046563,0.08927927,0.08871393,0.07181552,0.07361048,0.08748396,0.07504162,0.08410344,0.09885175,0.12300107,0.16403189,0.21320124,0.26323374,0.32109543,0.36835118,0.42724213,0.47251591,0.51157833,0.50822703,0.51173452,0.50494429,0.48468523,0.45490328,0.41716912,0.39861651,0.36752473,0.38688640,0.36561037,0.36146618,0.35685085,0.36679639,0.36866944,0.32503573,0.28202942,0.24029762,0.18038025,0.14671768,0.11326939,0.06244135,0.04959428,0.04155606,0.02505123,0.02807263,0.03247187,0.02347806,0.02816016,0.02994402,0.02435356,0.03494202,0.02830974,0.04164835,0.03070728,0.03080317,0.03896938,0.04605183,0.03616859,0.03686699,0.03337739,0.04753229,0.05533648,0.04853916,0.04573720,0.04890536
0.02538175,0.03371233,0.03363771,0.03140499,0.03459755,0.03270795,0.03723354,0.03565524,0.03783911,0.02392832,0.02302943,0.01180444,0.01397748,0.00714331,-0.00457104,0.00269687,0.00087300,0.00530111,0.00895847,0.00379780,0.01298629,0.00646974,0.00442050,0.01353244,0.03049751,0.03825230,0.04223827,0.04816084,0.05144765,0.04468587,0.04609717,0.04218977,0.03436001,0.02527496,0.01735959,0.02830451,0.03141851,0.03897420,0.04211760,0.04135143,0.04772996,0.05476922,0.05901738,0.04752891,0.05271694,0.05255376,0.03807493,0.03621200,0.04332314,0.03274528,0.01787549,0.02668006,0.02632470,0.02326457,0.01459471,0.01568656,0.01251339,0.02273041,0.02415535,0.02163733,0.02314958,0.02523589,0.03213862,0.02234049,0.02576242,0.03218681,0.02314087,0.01999180,0.03240762,0.03397142,0.03320935,0.02970902,0.03077367,0.03926641,0.05158742,0.05515390,0.06108815,0.07454418,0.08802769,0.09734093,0.11040771,0.12713077,0.14823767,0.17276155,0.21908456,0.26092657,0.30136152,0.34836283,0.37911264,0.40962535,0.45324214,0.46874946,0.45073645,0.47760377,0.45717824,0.44313089,0.41137346,0.40828280,0.36493321,0.37641148,0.35193213,0.33306758,0.30494561,0.28880512,0.26589168,0.22074629,0.18965016,0.15264013,0.14223739,0.12291545,0.12315993,0.11419734,0.11915472,0.13549589,0.14407222,0.15722537,0.15660171,0.16167952,0.14079159,0.13409396,0.13292460,0.10742280,0.09212949,0.09388115,0.07410056,0.07178913,0.08452926,0.09055484,0.08390809,0.09839453,0.12299831,0.13820800,0.15006264,0.17442418,0.19577879,0.17751348,0.21023779,0.21135011,0.20124357,0.20209559,0.21658043,0.19067652,0.18688019,0.17367596,0.16408887,0.16694748,0.14221094,0.14105073,0.13054375,0.10692538,0.10777553,0.11481494,0.11396482,0.11620828,0.11814711,0.11650995,0.11479983,0.11612768,0.11096204,0.09745296,0.08631353,0.09677810,0.07321797,0.06480039,0.06580183,0.05742642,0.05779295,0.05919296,0.05584167,0.06701967,0.06836975,0.06823386,0.07303247,0.08596161,0.08774406,0.09370706,0.11147855,0.13028767,0.15008905,0.16835874,0.20026976,0.22048612,0.22227446,0.26290026,0.29394219,0.31602733,0.33050300,0.34659826,0.35142632,0.36588763,0.35313168,0.32723719,0.31731141,0.28301608,0.26782677,0.23363820,0.22764898,0.19970068,0.19016884,0.18931065,0.18248207,0.19258967,0.19176703,0.21146152,0.21803062,0.25263106,0.25274355,0.28891111,0.33034066,0.35534252,0.36626785,0.40056143,0.40702773,0.43669127,0.45559109,0.47116932,0.47000483,0.49836583,0.47233569,0.47259821,0.45671076,0.44251449,0.40284040,0.38112287,0.34432642,0.32537008,0.29948807,0.26672603,0.25997584,0.25437340,0.24493603,0.25337751,0.24810106,0.25014799,0.27136530,0.25963584,0.26087085,0.24979146,0.25447979,0.23066540,0.21548592,0.20057470,0.19061229,0.18061206,0.17934000,0.16843810,0.17103105,0.18006377,0.18155558,0.19819379,0.23286871,0.26229818,0.29288238,0.30857086,0.32733674,0.35338977,0.39476830,0.38792220,0.39588166,0.37919693,0.38187730,0.35139535,0.35933308,0.32647859,0.30737547,0.28953070,0.27755751,0.25932802,0.25194006,0.24011024,0.21904081,0.19543122,0.18589377,0.16336377,0.14771548,0.13453919,0.11402211,0.11520752,0.10927624,0.10063530,0.11344687,0.09814727,0.10885370,0.11252026,0.12134530,0.12984853,0.12607859,0.13263084,0.13474805,0.14584014,0.14134864,0.16036158,0.16453411,0.16671644,0.17077439,0.16642569,0.17025708,0.18258705,0.17091735,0.17942790,0.17945686
0.01987864,0.01459375,0.02759421,0.03029454,0.03293893,0.02972836,0.03469773,0.03329344,0.02791261,0.02566143,0.02444876,0.01261410,0.02283456,0.02263802,0.01506522,0.01803057,0.01363953,0.01550533,0.01720794,0.01382736,0.01121359,0.01592299,0.01975430,0.02501073,0.03060553,0.02917211,0.04408120,0.05878124,0.05511356,0.05594294,0.04748159,0.03990799,0.05484978,0.04380032,0.04341700,0.05982774,0.07391526,0.08870362,0.10221873,0.11987572,0.15296562,0.16534557,0.16848734,0.16382897,0.14478553,0.14076326,0.11478090,0.10536802,0.08285005,0.06625899,0.06032703,0.05696090,0.04835190,0.04019944,0.04124803,0.03689816,0.03892829,0.03725785,0.03333927,0.03632880,0.03252152,0.03518797,0.04323031,0.03114681,0.04382336,0.04783520,0.04626823,0.04456102,0.05013979,0.04313375,0.04981418,0.05707760,0.06643989,0.05777714,0.09441387,0.11274398,0.13602984,0.14708746,0.17205614,0.15968015,0.16443796,0.14810778,0.13557824,0.11981495,0.14121885,0.13971737,0.16435348,0.17288394,0.20568915,0.23677554,0.27872155,0.30369797,0.32994560,0.38928727,0.45608017,0.46142557,0.50214131,0.53817605,0.53300787,0.53577405,0.54690497,0.48895243,0.45178653,0.40598621,0.33870868,0.29912476,0.24908454,0.20153635,0.17508950,0.13261539,0.12669063,0.12367812,0.12015049,0.10729939,0.13101337,0.12044675,0.11750268,0.10954765,0.10902654,0.11233979,0.09327075,0.09486773,0.09272796,0.08958706,0.09565482,0.09997931,0.09518514,0.09491153,0.12229434,0.11993140,0.14302874,0.16622771,0.16502663,0.18951986,0.21826010,0.24911440,0.25178643,0.27766593,0.30171760,0.29577855,0.32128248,0.32853313,0.34413914,0.34040442,0.34096665,0.34487046,0.32497809,0.28592232,0.28194211,0.29711068,0.28842765,0.27855983,0.29966738,0.29248703,0.34987598,0.34925823,0.35153553,0.33248535,0.32109542,0.27680803,0.23601914,0.20148639,0.17098798,0.14060507,0.13392433,0.12265569,0.10910506,0.09770189,0.10457018,0.10624699,0.10056803,0.10464449,0.11012885,0.09492534,0.11179133,0.11087927,0.11237736,0.11473605,0.11854335,0.13766304,0.14768519,0.14449462,0.15188806,0.16333286,0.15456784,0.18533813,0.19087010,0.19938123,0.20228498,0.20688849,0.19295404,0.20523731,0.19297009,0.18388808,0.18256342,0.16699690,0.17187657,0.16779684,0.16851146,0.18611926,0.19096703,0.19204753,0.21919951,0.24103593,0.26377556,0.28493576,0.32261577,0.36024088,0.38271358,0.42274345,0.47638808,0.50175696,0.54542934,0.60492105,0.62761066,0.65568449,0.69425217,0.69684133,0.67776349,0.67168985,0.64089808,0.65238064,0.58077595,0.53637817,0.48289225,0.44672986,0.39518704,0.36057094,0.33272876,0.30568431,0.28619254,0.27762806,0.27750438,0.27673620,0.28798417,0.27945616,0.28934998,0.30076325,0.29543554,0.28880180,0.25558273,0.23790527,0.21775659,0.21696020,0.21413158,0.21280587,0.22225441,0.24467076,0.25822313,0.29875605,0.32817742,0.40994468,0.46643299,0.51242295,0.54923374,0.62241874,0.66453657,0.67318819,0.70591523,0.71165145,0.69990133,0.70249545,0.67804551,0.69816750,0.68012916,0.67880253,0.66857434,0.69051133,0.66100301,0.66562254,0.60224308,0.54138550,0.49820321,0.44650259,0.36535849,0.30096887,0.26184744,0.23130007,0.19855990,0.19460795,0.17363913,0.17851275,0.17064720,0.17671658,0.16909662,0.16243071,0.17629760,0.16821528,0.16530868,0.17017899,0.17064301,0.18254187,0.17860225,0.18073524,0.18983900,0.19627557,0.20025122,0.19845598,0.19507385,0.19135480,0.19207816
0.01753391,0.01704260,0.02398454,0.02448477,0.01143540,0.01287883,0.01463445,0.01220448,0.00942063,0.01012188,0.00450717,0.01478966,0.00009531,0.00327288,0.00472137,-0.00620900,0.01012721,0.00243015,0.00331464,-0.00278251,0.00587258,0.01064425,0.00900335,0.00743389,0.01398238,0.01368904,0.01163982,0.01348338,0.01493257,0.02347266,0.02160047,0.02925843,0.01708072,0.02581953,0.03526021,0.06072084,0.06908419,0.09800995,0.11537359,0.13511857,0.16766708,0.18042258,0.18966132,0.16844526,0.15356608,0.14452495,0.12298157,0.07618802,0.06647961,0.04208510,0.02308682,0.01935443,0.01537319,0.01058409,0.00461322,0.00498234,0.00557604,0.00498425,0.01100412,0.00840862,0.00933013,0.00119014,0.00896014,0.00418672,0.00056648,0.00375150,-0.00193839,0.01470054,0.00855399,0.00093244,0.00822352,0.02000727,0.02773991,0.04986504,0.06928096,0.11106311,0.12700245,0.15234816,0.15841266,0.17520639,0.15073377,0.15554059,0.15369706,0.15730482,0.18050133,0.21851621,0.25302151,0.28654816,0.30632353,0.34119856,0.34826634,0.35732685,0.38303345,0.37995503,0.36433712,0.33671054,0.32447187,0.29798183,0.26190938,0.23383634,0.22336099,0.19332128,0.16942600,0.13257636,0.10816428,0.09894444,0.07728326,0.04105926,0.04613845,0.04792716,0.05035412,0.05443203,0.06647257,0.07369367,0.08091883,0.09213351,0.08127131,0.08283533,0.07116238,0.06335116,0.05163991,0.04935923,0.03517823,0.02015478,0.02162097,0.00245620,0.01832009,0.02097742,0.01822704,0.02537930,0.03828066,0.05424833,0.06449165,0.07372960,0.08667057,0.10626884,0.13169708,0.16153669,0.19462002,0.21127771,0.23757650,0.25404787,0.27533382,0.29127998,0.27296223,0.26356741,0.25069510,0.24227559,0.21394002,0.17871565,0.15397204,0.12335071,0.12665437,0.11934611,0.10275961,0.10347003,0.09369866,0.07319285,0.05927504,0.05798308,0.04855221,0.02909676,0.02362403,0.01222168,0.01220447,0.00917835,0.00408887,-0.00020894,-0.00020018,0.00245696,0.00451491,0.00784783,0.00969926,0.01598739,0.03315355,0.03169525,0.03967266,0.05006424,0.08568794,0.10197852,0.09936497,0.14027794,0.16893696,0.18600219,0.20987272,0.23321669,0.22831592,0.25417257,0.23682567,0.24590246,0.23735246,0.21292356,0.18884555,0.17976928,0.15172126,0.13440413,0.11259588,0.09309118,0.07156128,0.07063625,0.06039545,0.06361565,0.05616767,0.06094765,0.07979942,0.07110398,0.08734879,0.10799629,0.13599943,0.13848091,0.16997240,0.20493843,0.21151962,0.24051856,0.25051451,0.29536672,0.29625444,0.30246681,0.31198568,0.31348370,0.31500966,0.27582302,0.27526634,0.22705940,0.20779431,0.18583589,0.15456057,0.12325947,0.10788504,0.08776275,0.09426950,0.07897054,0.05359911,0.07404612,0.05397840,0.06385897,0.04949237,0.05333167,0.04745910,0.04182724,0.03567189,0.03833936,0.03520432,0.03883850,0.03407779,0.03342003,0.05152832,0.06638772,0.08102552,0.11099598,0.13656898,0.16401618,0.19644244,0.22212725,0.24966256,0.27216778,0.31650881,0.33815276,0.34693214,0.36666602,0.37396452,0.36039544,0.36142075,0.35570604,0.36350640,0.34012819,0.32846624,0.33648603,0.31964093,0.28751402,0.26076018,0.22497164,0.19340184,0.14312770,0.12025837,0.08363304,0.05207222,0.02915143,0.00931196,0.01289131,0.00301092,-0.00435833,-0.00319296,0.01005115,0.00425645,0.00879914,0.01300372,0.01101742,0.01347698,0.02360667,0.03360186,0.03466958,0.04682817,0.05292664,0.05058410,0.05154697,0.05907561,0.05324359,0.05649497,0.04768951,0.04720302
0.00461031,0.00134582,0.00584641,0.00825645,0.00807141,0.00960141,0.01458704,0.01030270,0.00518741,-0.00655853,-0.00220735,-0.00681581,-0.01058036,-0.01450196,-0.02440645,-0.00919302,-0.01069258,-0.02048206,-0.01384069,-0.02069388,-0.01938814,-0.00755088,-0.01498196,-0.00226046,0.00343387,0.00618932,0.01044441,0.02496959,0.01961584,0.02188255,0.01902803,0.00499725,0.01093933,0.01459473,0.03465442,0.03980695,0.08007549,0.11206457,0.13977892,0.17499685,0.18464519,0.20995254,0.20300297,0.19968120,0.17190099,0.14226413,0.10878567,0.08152190,0.04860904,0.03721897,0.01875717,0.00717242,-0.01131287,-0.00785871,-0.00972276,-0.00698866,-0.01830527,-0.01979736,-0.01467437,-0.01537674,-0.02064631,-0.00970052,-0.01116111,-0.01945329,-0.01749712,-0.01473369,-0.00099236,-0.01975008,-0.01068076,-0.01003574,0.00837882,0.01051256,0.02686613,0.05145894,0.09842001,0.12504340,0.15938444,0.17170838,0.18136286,0.15581441,0.15216573,0.13373415,0.13017173,0.11984067,0.14028320,0.14079765,0.18109427,0.20555197,0.20762040,0.23804272,0.24260032,0.24276017,0.24952436,0.23573861,0.23603630,0.24096477,0.22694590,0.22437187,0.20971250,0.21337850,0.19052619,0.20762546,0.16845344,0.15873454,0.12867625,0.09482714,0.08413200,0.07193394,0.04506191,0.03860485,0.02858818,0.02557147,0.02561650,0.02740182,0.02450747,0.03044360,0.03029780,0.01855178,0.02855921,0.02603149,0.00627894,0.00549551,0.00457698,0.00623996,0.00766280,0.01004136,0.02082104,0.02367277,0.05076391,0.06005997,0.07675292,0.09449735,0.12109359,0.14090580,0.17456984,0.20037183,0.24252186,0.25934832,0.29661898,0.32903962,0.35233639,0.36975063,0.37625583,0.37632289,0.37556566,0.33118480,0.31440012,0.26275142,0.22821965,0.19252078,0.15928317,0.12892437,0.09821652,0.07755547,0.05925656,0.05260557,0.04241911,0.03359391,0.02193684,0.01401290,0.01415066,-0.00100183,-0.00874786,0.00152073,-0.00528907,-0.01028380,-0.01288307,-0.00863301,-0.00559933,-0.00649450,0.00150875,-0.00317154,-0.00890719,0.00975540,0.01640503,0.01455154,0.02968056,0.04480986,0.05032995,0.08677038,0.09436396,0.11855766,0.13821980,0.14771645,0.16770332,0.17200589,0.20090608,0.19222363,0.18356388,0.20256914,0.17529728,0.15932377,0.15549305,0.11609023,0.10738636,0.09274415,0.08786522,0.07949206,0.07633114,0.08721794,0.07514451,0.09399664,0.10672242,0.11499455,0.13304729,0.15089628,0.16681706,0.18199848,0.18531646,0.21891257,0.23361644,0.22291038,0.22280977,0.23939323,0.23131211,0.22071142,0.22266736,0.21307154,0.19941763,0.19074681,0.17343048,0.16161241,0.14135724,0.12510902,0.12037835,0.10169332,0.09113433,0.09397384,0.09645569,0.09735298,0.10942365,0.11462951,0.12842733,0.12431925,0.14460230,0.14139512,0.13889041,0.12881113,0.11316812,0.09258094,0.08059153,0.07103769,0.05632927,0.05247767,0.04381881,0.03930623,0.03552893,0.05244726,0.05482315,0.07442981,0.10280232,0.11357441,0.13929497,0.16241305,0.20313360,0.26345399,0.29792620,0.35611052,0.36782953,0.41508144,0.41884140,0.42492887,0.42223437,0.43199180,0.38512460,0.37817495,0.38023356,0.36556761,0.31773201,0.32104664,0.28625170,0.22505922,0.19227577,0.14078390,0.10482357,0.08370692,0.05110127,0.02609617,0.01070004,0.02025387,0.00440477,0.00970553,0.00160397,0.00403498,0.01460922,0.00925992,0.01839038,0.01835415,0.02791905,0.02802787,0.02227528,0.03830502,0.03514621,0.04291906,0.03665251,0.04231985,0.04330330,0.04936363,0.05039365,0.04944253,0.05673024
0.04596189,0.04080633,0.05172227,0.05503865,0.06615930,0.06369493,0.07213450,0.06803842,0.06120153,0.06651933,0.05438717,0.04743867,0.03796520,0.03468633,0.02523632,0.03552017,0.02484666,0.02058794,0.02405018,0.01936599,0.02160234,0.03204784,0.02333141,0.03987944,0.05063824,0.05213454,0.06409026,0.07199299,0.08581239,0.09113738,0.08839458,0.06739647,0.06049999,0.04716111,0.03897108,0.04168956,0.03702281,0.03506738,0.04093050,0.03572889,0.04631981,0.05062790,0.05439119,0.05844682,0.06014912,0.05523509,0.04836671,0.05124065,0.03487706,0.03810647,0.03457366,0.03384123,0.02373273,0.03577699,0.02685441,0.03321107,0.03214666,0.02893216,0.03584325,0.03338053,0.03766619,0.01717991,0.02876546,0.03042481,0.03238754,0.04235391,0.03656429,0.03754783,0.02507815,0.03422525,0.04254035,0.03827575,0.03804428,0.03407070,0.04902228,0.04292416,0.05339043,0.05296627,0.05459331,0.07407615,0.07828409,0.07806382,0.08772825,0.08303268,0.10293702,0.12149901,0.12630384,0.15803177,0.18619737,0.20645648,0.23403986,0.27944377,0.28468392,0.33516261,0.37192716,0.39626608,0.43291220,0.45735655,0.48682675,0.52789202,0.53789754,0.50729618,0.48762910,0.46097695,0.42121488,0.37776675,0.29937297,0.27181677,0.20060277,0.15919027,0.13835625,0.12068262,0.12119940,0.10904074,0.10630387,0.10878418,0.11997647,0.11454896,0.12249030,0.11821685,0.11436241,0.09413683,0.08373837,0.08142656,0.07447434,0.07268905,0.07310358,0.08940528,0.08993784,0.12017016,0.13111107,0.15864026,0.17736008,0.19340417,0.23314723,0.22983170,0.25447498,0.24321638,0.24841444,0.23572257,0.22785012,0.22148112,0.19996809,0.19085565,0.17063113,0.15173200,0.14464506,0.13463554,0.12355393,0.12009848,0.12622325,0.13810995,0.16495789,0.17037207,0.19877676,0.21576999,0.23080466,0.24377146,0.22786780,0.20575909,0.17431791,0.15919710,0.12354200,0.10445275,0.09365093,0.07374353,0.06707086,0.06314380,0.05826197,0.06497046,0.06547695,0.04963429,0.05794671,0.05529851,0.06274672,0.06564848,0.06461128,0.07156166,0.06233718,0.06073057,0.09053023,0.08001150,0.10306369,0.11182963,0.10023407,0.09888137,0.12020166,0.11593585,0.11334063,0.12567491,0.11702191,0.12324293,0.11813692,0.11642989,0.11952896,0.10763759,0.11416026,0.12840254,0.12738200,0.13028369,0.14000817,0.17217255,0.19686371,0.21251715,0.24504597,0.28412624,0.31916911,0.35083937,0.39934353,0.44976183,0.47425559,0.52664644,0.56597608,0.59525368,0.62324092,0.63765425,0.64881790,0.64432555,0.63646951,0.60862565,0.60827654,0.57896138,0.54846841,0.50250297,0.46497978,0.41022711,0.39004666,0.33520519,0.31803145,0.28700296,0.27487566,0.27844819,0.30254691,0.30790957,0.31989168,0.31655436,0.32939053,0.31847278,0.31951662,0.30912422,0.28172753,0.26604390,0.24227891,0.20543626,0.17873100,0.16074566,0.16725535,0.16732094,0.16946583,0.20694492,0.24024403,0.28203830,0.33094378,0.37483879,0.40865931,0.44865319,0.48912683,0.52247523,0.52086074,0.52988622,0.52035938,0.50604206,0.46802947,0.44837053,0.42423607,0.40314723,0.40132668,0.38048628,0.37342996,0.34736798,0.32279067,0.29125830,0.27477806,0.22833450,0.19165860,0.17525732,0.14751427,0.11583443,0.10376766,0.09331170,0.08755525,0.08443776,0.08180740,0.07936969,0.08638174,0.07920777,0.08150778,0.08360139,0.09269451,0.07512886,0.08272695,0.08713163,0.08580375,0.07818660,0.09904153,0.09089459,0.08170140,0.09241783,0.08890899,0.08255518,0.08569624
0.01813938,0.01756567,0.00612666,0.02100493,0.02045323,0.01690394,0.00996968,0.01975000,0.01499069,0.01264113,0.01421358,0.01099622,-0.00457431,0.01221637,0.01266447,0.00702800,0.00633793,-0.00864925,-0.00585881,0.00596037,0.00669291,0.00544718,-0.00243273,0.00097466,0.01435913,0.01073519,0.02076958,0.02177199,0.02025699,0.04312499,0.02937936,0.02637572,0.02867156,0.02943257,0.04109105,0.04886555,0.08382545,0.10591422,0.13562211,0.16206847,0.18871485,0.21398209,0.21237904,0.21198772,0.18425374,0.15438402,0.13713394,0.11874933,0.08615529,0.06330037,0.03654387,0.02254727,0.01782096,0.02689597,0.01002386,0.01522756,0.00667607,0.00445747,0.00656840,0.01723724,0.00515440,0.00672406,0.00668337,0.01074296,0.00033811,0.01050130,0.01756273,0.01691014,0.00979655,0.01390771,0.02149997,0.02738124,0.03987620,0.05926944,0.08018912,0.11728461,0.13958579,0.17042436,0.19424329,0.19499894,0.18417484,0.15836046,0.13513482,0.13095310,0.12023572,0.13436189,0.13362311,0.16477585,0.18860355,0.20170997,0.21954142,0.25599338,0.25792553,0.27493308,0.28407755,0.28715160,0.30523373,0.29984782,0.29301113,0.29107414,0.27286500,0.24364231,0.23169642,0.20186818,0.18307072,0.14831109,0.11439849,0.08998495,0.07248695,0.06230778,0.05704139,0.05463820,0.05344557,0.05220872,0.07680568,0.06750503,0.06825338,0.06243031,0.07281806,0.05757746,0.05001461,0.05127572,0.05272783,0.03766026,0.03430217,0.03916592,0.03922860,0.03486525,0.04036770,0.05404389,0.05462356,0.07411160,0.09449048,0.11015786,0.13759563,0.15816263,0.18258477,0.21624856,0.24717757,0.27762252,0.30744988,0.33703101,0.35833637,0.36554804,0.36131034,0.35574291,0.34474783,0.32571755,0.29884726,0.25188915,0.23785484,0.19633103,0.20077505,0.17237680,0.16734235,0.16603109,0.16036934,0.15048618,0.13581481,0.11473321,0.09206109,0.09158582,0.06731382,0.03991447,0.03732013,0.03086199,0.03147692,0.02232346,0.01591754,0.03587038,0.02705542,0.03436862,0.02336535,0.03109941,0.03245906,0.04506823,0.05016912,0.05277891,0.06283010,0.08293600,0.08060317,0.09072573,0.11334524,0.11859631,0.12958744,0.13624807,0.14669565,0.14699208,0.14141078,0.14319201,0.15116841,0.14401471,0.13688624,0.13020461,0.11705497,0.10641773,0.09694845,0.09759138,0.09941584,0.08664872,0.08734117,0.08599429,0.08404053,0.11367327,0.10919324,0.12165142,0.15806581,0.16878311,0.19270012,0.20330403,0.21400204,0.25725895,0.26359773,0.31045195,0.31946223,0.33285864,0.34560316,0.32781149,0.34942866,0.34366561,0.32990792,0.31630388,0.29410837,0.26295072,0.23774952,0.21054822,0.18520907,0.17125343,0.14835530,0.13570743,0.12597137,0.11888513,0.11769566,0.11498274,0.13916650,0.12112575,0.13391166,0.12756433,0.12417725,0.10898268,0.10265307,0.10343128,0.09379954,0.09513938,0.07022303,0.07780930,0.08035969,0.09526738,0.09874939,0.12392994,0.14577909,0.16944697,0.19767731,0.24234536,0.28821444,0.30223797,0.35694498,0.39454402,0.42279182,0.44966157,0.47797644,0.50258788,0.50420216,0.50842168,0.48825250,0.48054941,0.49875767,0.46221417,0.46002265,0.45661839,0.42822168,0.39159360,0.32150577,0.28266564,0.23520155,0.18324035,0.13336993,0.09841161,0.07973747,0.05718393,0.05463186,0.05443336,0.04520916,0.04121287,0.05389215,0.03826507,0.04924819,0.04127481,0.05916120,0.05984760,0.05498697,0.06788127,0.06479472,0.06871712,0.06923542,0.06565496,0.06307070,0.06774568,0.06985306,0.07106108,0.07317471
0.06987731,0.05246874,0.06642134,0.05715924,0.04739491,0.05347969,0.05787084,0.04715714,0.04886110,0.06680077,0.05289066,0.04312297,0.04429111,0.05123798,0.03368983,0.03071840,0.03852128,0.03469621,0.04429719,0.03727322,0.04140526,0.04376183,0.04797122,0.04767249,0.05115925,0.05752408,0.05575380,0.06585627,0.06426132,0.06251265,0.06661601,0.06612032,0.04759715,0.04823264,0.05627060,0.06411329,0.07016846,0.09132302,0.09497351,0.10630038,0.11145498,0.11553180,0.11970536,0.12270247,0.12959045,0.10464681,0.09903187,0.09331311,0.07487604,0.06663660,0.04957004,0.05532652,0.04163647,0.04239340,0.04923429,0.04540123,0.05318259,0.05182287,0.04949700,0.05110796,0.04335188,0.03286889,0.05559129,0.03728184,0.04354731,0.06088578,0.04980342,0.05461993,0.04700898,0.04222721,0.06006456,0.05705376,0.07442019,0.06259251,0.08199309,0.10419105,0.11069433,0.14015657,0.14717332,0.15124162,0.16313020,0.18163610,0.19937405,0.21028536,0.25468570,0.28231559,0.34721651,0.38301028,0.41629634,0.45919623,0.47259339,0.48189614,0.49161207,0.50877425,0.51122610,0.46593098,0.42293409,0.39758242,0.38755720,0.33616773,0.31205745,0.29311566,0.25452664,0.23026280,0.18173752,0.15731012,0.14067756,0.12415239,0.10788291,0.10538148,0.11527688,0.10537693,0.12777425,0.13158448,0.13118183,0.14880505,0.15610920,0.12958265,0.13133327,0.13503873,0.11371823,0.08648779,0.09549134,0.08802264,0.07304677,0.06466713,0.06848436,0.07333927,0.08162802,0.08010648,0.09930743,0.10336510,0.11281456,0.12232933,0.13408386,0.15787375,0.15883787,0.16617033,0.17158033,0.20161336,0.20102194,0.20351236,0.20791124,0.19116770,0.21473943,0.20224768,0.18343809,0.17038500,0.15877476,0.16160413,0.15049257,0.14569464,0.13884676,0.15211059,0.14577486,0.15368708,0.15619817,0.14490853,0.13453683,0.12179918,0.11604402,0.10101356,0.07615705,0.06243843,0.07342384,0.06524408,0.05607786,0.06766843,0.05396693,0.07519474,0.07163686,0.06861319,0.07964989,0.08979816,0.09714249,0.11858952,0.11820550,0.15010130,0.15980840,0.18525640,0.21983451,0.25708968,0.29485578,0.31056575,0.33609119,0.36821275,0.37633107,0.37787171,0.40354136,0.39608620,0.36209809,0.36615423,0.32937138,0.29933407,0.25954901,0.23661350,0.21030960,0.18973097,0.17864547,0.15672770,0.15724866,0.14100373,0.14855548,0.15822835,0.15277714,0.16910057,0.19815113,0.21361055,0.22620545,0.26125375,0.26263310,0.27968212,0.32107168,0.34819572,0.38395885,0.38630072,0.39922666,0.42575690,0.41313571,0.41673355,0.39947636,0.37410129,0.36206204,0.34042757,0.30570488,0.26931711,0.25057310,0.22375407,0.20781885,0.18308052,0.18123978,0.17042186,0.16481831,0.15355786,0.15138761,0.15370116,0.15199061,0.14981700,0.15282510,0.14563167,0.11617668,0.11895841,0.11877133,0.10780505,0.11875348,0.12194086,0.14236430,0.14902936,0.16771437,0.20312767,0.22704238,0.26180743,0.27495048,0.31952951,0.33525208,0.38071897,0.37500757,0.38387510,0.38956321,0.38426022,0.36796857,0.36884499,0.34212564,0.34206946,0.33095608,0.31419309,0.31046878,0.29815509,0.29842098,0.27075569,0.26852978,0.24384486,0.23037461,0.18656943,0.15609171,0.13097881,0.12508519,0.11713514,0.10522316,0.10614002,0.10650101,0.09763128,0.09832978,0.10183474,0.11481307,0.11924153,0.11511945,0.11550315,0.12988076,0.13452392,0.14289117,0.16059338,0.15513229,0.14663494,0.15046190,0.18208890,0.16314826,0.18356809,0.17333531,0.16847071,0.17867532
0.00230887,0.00259547,0.01683757,0.03606490,0.03927042,0.05191898,0.04437094,0.04319823,0.03753470,0.03735971,0.02059752,0.00601285,0.00196977,-0.00841545,-0.01180752,-0.01062629,-0.01222559,-0.02427918,-0.00688825,-0.01777663,-0.01323408,-0.01388027,-0.01203817,0.00210870,0.01892319,0.03116740,0.05052824,0.06629063,0.06741192,0.06942479,0.06651716,0.04334913,0.03388424,0.01942748,0.01943250,0.02599120,0.04325154,0.04745346,0.06553402,0.09951024,0.11469356,0.13667350,0.12825372,0.13655617,0.11290351,0.11381448,0.09103355,0.06435943,0.05163940,0.03015620,0.01963638,0.00672166,0.00866423,0.00631777,0.00105307,0.00054763,-0.00005727,-0.00899348,0.00099069,0.00328795,0.00179338,0.00033620,0.00132509,0.00725779,0.00611982,-0.00030447,0.00092045,-0.00054462,0.00492553,0.00775442,0.01170725,0.01487936,0.03235999,0.03314855,0.05243415,0.07833400,0.09274234,0.11512864,0.12194823,0.13301668,0.13024982,0.10941211,0.10420734,0.10466495,0.10500419,0.11161411,0.14802416,0.15233283,0.19511727,0.20052218,0.23429450,0.25741565,0.27316325,0.31132407,0.34672830,0.36021807,0.40206889,0.42484775,0.45171382,0.48660106,0.48693553,0.49045411,0.48453706,0.46237217,0.42346643,0.35004510,0.30111487,0.22443497,0.18155341,0.15318910,0.12793209,0.11583657,0.09818233,0.09856984,0.09905944,0.10050173,0.10964601,0.11859731,0.10158744,0.09877594,0.07809445,0.07695373,0.07713512,0.06470686,0.06476052,0.07745934,0.08198351,0.09985973,0.11583191,0.14648588,0.17714897,0.20425068,0.23788392,0.27594662,0.29967021,0.32293374,0.36189179,0.39065999,0.39234208,0.41508498,0.39655777,0.39426598,0.38388366,0.36554218,0.34296473,0.31959861,0.30700168,0.26497421,0.23319947,0.22232970,0.20008075,0.18378738,0.18696889,0.16380090,0.18092943,0.17332877,0.16138600,0.16676955,0.14713394,0.12883555,0.11269388,0.10032919,0.07491821,0.06575689,0.05255520,0.05363104,0.05609582,0.03612176,0.04324667,0.04731903,0.05733634,0.04299394,0.05276427,0.05419073,0.05987869,0.05699875,0.06716145,0.06624020,0.08056863,0.08503322,0.08376430,0.08642348,0.11122570,0.11726654,0.11758064,0.11627003,0.11673104,0.13346368,0.14270597,0.12516023,0.12834660,0.14167417,0.13384273,0.13889058,0.12108677,0.13741637,0.13181160,0.13586020,0.14612424,0.16898143,0.18820710,0.22671413,0.24316180,0.28675343,0.33368927,0.38137463,0.41634632,0.46795626,0.50892856,0.56057903,0.57478705,0.60611844,0.63931891,0.62529718,0.64690422,0.63040337,0.62437276,0.61360271,0.58590999,0.56393650,0.52248276,0.49344109,0.45075717,0.40986952,0.38368115,0.34170244,0.32949969,0.30431254,0.30819278,0.29696335,0.32465391,0.34305583,0.36560754,0.37422742,0.41358503,0.42078933,0.43090886,0.42685728,0.41459029,0.38552307,0.35594758,0.30412090,0.27825881,0.25419411,0.22695643,0.20122014,0.18058994,0.17685076,0.19305481,0.20503651,0.23362346,0.26508397,0.31284371,0.35164143,0.41413257,0.44867647,0.51546485,0.56449544,0.57758134,0.63094123,0.62753974,0.62323551,0.60847637,0.58681898,0.56775258,0.52262089,0.50440609,0.47118839,0.46163538,0.41972728,0.40952111,0.36432695,0.33467209,0.27988103,0.23608941,0.19042761,0.16318668,0.14279459,0.12713396,0.12190478,0.10133705,0.09496082,0.10123230,0.10622927,0.10392940,0.11936347,0.11249455,0.11220714,0.10978319,0.11049445,0.12098775,0.11063681,0.11447000,0.12273236,0.11337370,0.10967814,0.11811280,0.11144979,0.13010788,0.13021619,0.11968646
0.00935892,0.00314593,-0.00340231,-0.00709194,-0.00022312,-0.00908770,-0.00314232,-0.01366388,-0.00994643,-0.01180749,-0.01237592,-0.02102223,-0.00733032,-0.00839702,-0.01937828,-0.01532404,-0.01327310,-0.02137368,-0.02639112,-0.01860271,-0.02291958,-0.00633045,-0.01888597,-0.00836531,-0.01046159,-0.01138478,-0.00226601,-0.00172251,-0.01041040,-0.00486738,0.00028383,-0.00043908,0.00138953,0.00768328,0.01658724,0.01877133,0.03475486,0.04621531,0.07471477,0.08826822,0.10856031,0.10959484,0.12453260,0.10332569,0.08971376,0.08181144,0.06513369,0.04741646,0.02860319,0.01347630,0.01258263,-0.00578814,-0.01263209,-0.01353847,-0.00352937,-0.00790031,-0.00224915,-0.01823785,-0.02026088,-0.01559789,-0.01857958,-0.01305286,-0.00716485,-0.01253887,-0.01508119,-0.01252265,-0.01768076,-0.00882725,-0.01123377,-0.01218120,-0.01570872,-0.00123754,0.00414558,0.02571760,0.04067975,0.06606636,0.08568450,0.10687437,0.12663102,0.11555925,0.14329174,0.14100540,0.14800094,0.18318188,0.22041228,0.26164633,0.29435489,0.33515886,0.37424172,0.40772520,0.43709701,0.42332001,0.44356890,0.43678959,0.41843562,0.39695261,0.36568491,0.33890351,0.30119036,0.27321691,0.22467241,0.20999289,0.18567990,0.13333947,0.11249799,0.09577548,0.06706205,0.04980118,0.04799894,0.03793344,0.03841686,0.04428607,0.04895833,0.04916068,0.06307186,0.06089391,0.07052165,0.05529633,0.05432784,0.04774334,0.04028527,0.02153201,0.01644748,0.02080875,0.00580117,0.01172034,0.00414206,0.01156719,0.00928028,0.01232028,0.02443378,0.03447615,0.05441024,0.05739369,0.07483748,0.08335484,0.11105744,0.12642914,0.14094143,0.16031503,0.19793675,0.19153855,0.21659837,0.20912568,0.19809100,0.20627650,0.18609358,0.17129868,0.15653017,0.14021290,0.11874154,0.11534487,0.10923680,0.11362105,0.10868925,0.11002301,0.10842586,0.10383545,0.08437730,0.06619109,0.05686844,0.04822521,0.02666681,0.02218824,0.01442446,0.01310151,-0.00482538,0.00919217,0.00871038,0.01540542,0.01122818,0.00467827,0.01782314,0.03377475,0.05357620,0.06430458,0.08397572,0.08930746,0.12592605,0.14992996,0.17589222,0.22131025,0.24865262,0.29847043,0.31345163,0.34414559,0.37016372,0.39601841,0.39436300,0.37227259,0.34748514,0.33294364,0.32045099,0.25665066,0.22848625,0.19097390,0.16315167,0.15665014,0.12496718,0.10595518,0.08343644,0.08838985,0.07425866,0.08021876,0.07857738,0.09183896,0.11084527,0.13178639,0.12948970,0.16348975,0.17221657,0.21263287,0.23268277,0.24853005,0.27470987,0.29638771,0.31054670,0.32085902,0.33225603,0.30620444,0.30563308,0.28927836,0.27315830,0.24340772,0.20325526,0.18832394,0.15627275,0.14104138,0.12545672,0.10250946,0.09917664,0.08737774,0.08307119,0.07435098,0.07297891,0.07419381,0.06382445,0.06617464,0.07206002,0.06613310,0.05911466,0.05350020,0.05090218,0.05404726,0.05376106,0.05347952,0.06537690,0.07903123,0.09383271,0.12668359,0.14178616,0.17801290,0.19972332,0.23401495,0.27518559,0.29503424,0.30734380,0.32361837,0.34183109,0.34348480,0.34627632,0.35042158,0.36279751,0.31852662,0.32885982,0.31701364,0.32337974,0.31792654,0.30029965,0.28923694,0.25541909,0.23977142,0.18707890,0.15984017,0.14313810,0.10019295,0.07689142,0.07402161,0.05421887,0.04987539,0.04772797,0.04466804,0.03659811,0.05023473,0.04651978,0.04313148,0.05808649,0.06893093,0.07940937,0.08693139,0.09125947,0.09591804,0.09448855,0.10422481,0.10330845,0.11218833,0.11558124,0.12040825,0.12968609,0.12531682,0.12408503
0.03678232,0.04591559,0.04565047,0.05207793,0.05913618,0.05335665,0.06787216,0.05353745,0.05878567,0.04372068,0.04033612,0.03543451,0.03014204,0.02712005,0.02912417,0.02068181,0.01374624,0.01767136,0.02027552,0.02328009,0.01997931,0.02435405,0.03268695,0.03496744,0.04131123,0.05770849,0.06714475,0.07426521,0.08142132,0.08069911,0.07389481,0.06213846,0.06071795,0.05048947,0.06143073,0.05413344,0.07052123,0.08274811,0.08866431,0.10663266,0.12714940,0.13329943,0.12768474,0.11884853,0.11536469,0.11298877,0.09640294,0.08346032,0.07786097,0.06600309,0.05008817,0.04282735,0.04365086,0.04011558,0.03449030,0.03756449,0.04292732,0.03917201,0.04066720,0.03366145,0.03335019,0.04745570,0.03409092,0.04474115,0.04611646,0.04991503,0.04040319,0.03372713,0.03954358,0.04488543,0.05626069,0.05472548,0.05639345,0.06486345,0.08328728,0.09981825,0.13456538,0.14797652,0.16337858,0.16048877,0.15886885,0.15789795,0.18852096,0.19938760,0.24676921,0.28046399,0.31717486,0.35107227,0.40579253,0.44220116,0.47202764,0.47746464,0.47208028,0.47375711,0.45648135,0.44780585,0.43184740,0.42481179,0.42496520,0.42580923,0.41258304,0.39717437,0.38019082,0.37035761,0.33613291,0.28905862,0.23131433,0.22093259,0.18213413,0.16304991,0.15765592,0.14044641,0.15753244,0.16814065,0.18471150,0.18111550,0.18218048,0.19030078,0.16999532,0.16707421,0.14611456,0.14403175,0.10749142,0.11129081,0.09494983,0.10783766,0.12738379,0.12055718,0.14860889,0.16595755,0.17686543,0.21048456,0.23171265,0.24849566,0.26241130,0.28360432,0.30782868,0.32086341,0.33734897,0.33625433,0.35326376,0.34175809,0.33517097,0.29697474,0.29620291,0.26503521,0.26805407,0.24485929,0.21790057,0.20068828,0.18255408,0.17452290,0.16250218,0.15633363,0.14827288,0.15319476,0.14874760,0.13062875,0.12429563,0.12124870,0.10443558,0.11787060,0.10177255,0.10464930,0.09619396,0.10998746,0.09868298,0.09944791,0.09500323,0.09639555,0.10478377,0.09849609,0.11119369,0.11678181,0.11471980,0.13911861,0.14082290,0.15274901,0.18484197,0.18836486,0.21568038,0.25080598,0.28330706,0.29155537,0.31341203,0.33014350,0.34977995,0.37584345,0.37400670,0.36759223,0.35702274,0.35200182,0.32135488,0.30624542,0.30091957,0.26665127,0.26265050,0.24158227,0.22693536,0.22270931,0.23780920,0.24987331,0.27765411,0.29587730,0.31789873,0.35364279,0.38466180,0.41046683,0.43673924,0.46115423,0.50034549,0.49499874,0.52236998,0.53610061,0.54285938,0.53109545,0.55528000,0.51529851,0.52592808,0.51191371,0.49258801,0.47041156,0.44959163,0.41675205,0.38865549,0.36474572,0.35317829,0.32515227,0.31579894,0.31843954,0.30599827,0.33566482,0.33574902,0.32871632,0.37262317,0.37211275,0.36894346,0.36714579,0.35630346,0.32934757,0.28948903,0.28120524,0.26330430,0.24880243,0.23053755,0.21810471,0.21664170,0.22120646,0.24008824,0.26337975,0.29189398,0.30350900,0.34757752,0.36092182,0.41394321,0.44501429,0.45464058,0.48184064,0.49836535,0.52452164,0.50783451,0.52410167,0.49425745,0.47499561,0.44067034,0.39050227,0.38130070,0.38249727,0.35987575,0.32054858,0.32453040,0.28870610,0.26050272,0.24310346,0.21555516,0.19615814,0.18087130,0.17480378,0.15511601,0.16014237,0.16731575,0.14792517,0.16339514,0.14921269,0.16237964,0.16748902,0.18099458,0.17542786,0.18025395,0.18394590,0.19752707,0.20418426,0.19832273,0.20358244,0.21301874,0.20466231,0.20998326,0.20695769,0.22769740,0.21854742,0.22056766
0.00576139,0.01999207,0.01619322,0.02627625,0.03543125,0.03857907,0.04664558,0.04695777,0.04450157,0.02912293,0.01881059,0.01365504,-0.00367678,-0.00010681,0.00249590,-0.00985036,-0.00382169,-0.00922401,-0.01229381,0.00742733,-0.00390165,-0.00289500,0.00187025,0.01027630,0.02320984,0.02313522,0.03972996,0.06238676,0.05885624,0.05576271,0.05076084,0.04226417,0.03057263,0.02838885,0.02133927,0.03300321,0.04046009,0.04526720,0.06942320,0.09560426,0.10786785,0.13158093,0.11207575,0.12264018,0.11498992,0.09894522,0.07887669,0.06516618,0.04611560,0.03767275,0.02148003,0.01596999,0.01124093,0.00324725,-0.00192502,0.00588424,-0.00521460,-0.00021782,-0.00276909,0.00942188,-0.00259357,0.00561492,-0.00112117,0.00254353,-0.00628240,-0.00310450,0.00098465,0.00133911,0.00415665,0.00708737,0.00675336,0.00172303,0.01417387,0.01622576,0.03448435,0.04929985,0.09142813,0.09253482,0.10593858,0.12637889,0.11122982,0.09848774,0.09450186,0.10060156,0.11624713,0.12591800,0.14398386,0.16853293,0.20121723,0.23437282,0.26072847,0.29449099,0.33386321,0.34478944,0.39644369,0.41761251,0.44918451,0.48309713,0.47888681,0.49238008,0.51542069,0.48960805,0.44455120,0.42359646,0.35032625,0.31861258,0.25076169,0.20857534,0.15755992,0.12567674,0.10425050,0.08969403,0.07938741,0.08505880,0.08121831,0.09560754,0.09750614,0.08470472,0.07308388,0.07821684,0.07007565,0.05629133,0.04328256,0.04415011,0.04119319,0.04248408,0.05204387,0.05609947,0.07323051,0.09574691,0.12043587,0.13392348,0.16543321,0.19568459,0.20170725,0.22328750,0.26897795,0.27528102,0.29904481,0.30263513,0.30382034,0.31998065,0.29537754,0.27946747,0.28478396,0.27898446,0.24884809,0.23638687,0.19053353,0.18306127,0.17178850,0.18151284,0.18270886,0.18705673,0.20473781,0.21162513,0.21791938,0.20057723,0.18146659,0.16261110,0.13702195,0.10966090,0.07862901,0.05987527,0.04600555,0.04284450,0.03059043,0.02467476,0.03696448,0.01972004,0.02694997,0.02774494,0.02329847,0.02260217,0.02854814,0.03373995,0.03793792,0.03847311,0.05134584,0.06660214,0.06882090,0.08485206,0.08957626,0.09334700,0.11621291,0.13197202,0.12301233,0.13624410,0.13059194,0.13127691,0.14393071,0.12880660,0.13092167,0.11587210,0.11631063,0.10708167,0.09646008,0.10574780,0.10079007,0.11849812,0.12766295,0.14980104,0.15939452,0.19462018,0.24087648,0.27788798,0.30770892,0.32382405,0.38917837,0.41972407,0.46141415,0.48933808,0.52966461,0.55876725,0.58205765,0.62124852,0.63596550,0.62292444,0.60304931,0.59307550,0.56488293,0.53017998,0.48064771,0.45766612,0.38773550,0.35096248,0.30443377,0.28333113,0.25824065,0.25303694,0.25684043,0.24882461,0.25928180,0.27346150,0.25910668,0.28304269,0.29604782,0.28289224,0.28054276,0.27312069,0.23928049,0.20216326,0.18470036,0.15994256,0.13770283,0.14501544,0.13454565,0.14720771,0.16569539,0.18420530,0.22098118,0.26361139,0.31614768,0.36805215,0.42267609,0.47002273,0.52251666,0.54142928,0.58063861,0.57731701,0.58291739,0.58775830,0.58210272,0.54225643,0.50608810,0.49390767,0.49189132,0.48694484,0.44725600,0.44354583,0.40898780,0.36995502,0.32222936,0.27586271,0.21935475,0.17609135,0.13418925,0.10031278,0.08148480,0.05761456,0.05843814,0.05906886,0.04336032,0.04115514,0.04681855,0.04706488,0.05126514,0.05681010,0.05398414,0.04767997,0.06093514,0.06323347,0.05909138,0.05851439,0.06570474,0.07309502,0.07190357,0.06326972,0.06109055,0.07557967,0.07581918
-0.01901965,-0.01051058,-0.01722926,-0.00605198,-0.00776934,0.00405756,0.00812833,0.00025088,-0.01050032,-0.01148202,-0.01295549,-0.00925522,-0.01903910,-0.01463237,-0.01824860,-0.02658489,-0.01531461,-0.02971715,-0.02633359,-0.01408410,-0.01963831,-0.01723828,-0.02481665,-0.01457744,-0.01432131,-0.00196583,-0.00728255,-0.00143822,0.00864671,0.00794966,0.00892992,-0.00389264,0.00854062,-0.00302331,0.01352036,0.00331935,0.02468533,0.04736813,0.06816863,0.07996772,0.10585628,0.11601743,0.11529605,0.10809071,0.09592929,0.07436226,0.07471638,0.05516677,0.03599314,0.02206044,0.00508247,-0.00487874,-0.01257263,-0.01249464,-0.00901206,-0.01013429,-0.01504649,-0.00689412,-0.00391288,-0.01689739,-0.01654134,-0.00294010,-0.00854847,-0.01193715,-0.01743646,-0.00589134,-0.00660321,-0.00809984,0.00221609,-0.01346645,0.00413836,0.01230957,0.01253110,0.03043211,0.04571706,0.05977796,0.08880291,0.10449070,0.12375750,0.12650412,0.11210564,0.11955289,0.13397486,0.14531509,0.16848920,0.21523197,0.25059312,0.29304480,0.35631744,0.39941024,0.44934904,0.47282013,0.49980238,0.48165610,0.50151275,0.47456455,0.43450043,0.40871763,0.39991714,0.37397205,0.32833346,0.30435681,0.25673675,0.22021852,0.18923333,0.15942424,0.13075965,0.11903315,0.10312867,0.09937330,0.11364756,0.13591263,0.16244948,0.18920613,0.22938538,0.22329268,0.24016657,0.23921330,0.21441569,0.18972763,0.16341700,0.14292969,0.10616769,0.06893245,0.06228602,0.04659037,0.05232835,0.04786351,0.05537829,0.06489821,0.07553206,0.08668632,0.10317113,0.11753075,0.11777966,0.14171972,0.16693457,0.18900377,0.20090181,0.22988153,0.23359179,0.25193320,0.26392629,0.25174135,0.25645960,0.24862173,0.23861761,0.21231530,0.19179088,0.17313692,0.15355228,0.14097175,0.12829488,0.13167658,0.12002387,0.12147705,0.11368948,0.11210222,0.10484035,0.09756308,0.07433836,0.07075133,0.06202632,0.05403327,0.05066181,0.04014942,0.03512927,0.04123248,0.03139728,0.03212426,0.03521959,0.03136847,0.04031045,0.04084628,0.04073682,0.04672360,0.05851311,0.05508309,0.04847147,0.06497744,0.07131382,0.08962674,0.08763128,0.10039208,0.09563276,0.10468651,0.12040762,0.11173471,0.10623958,0.11786326,0.11405017,0.10728854,0.11274451,0.11365821,0.09648041,0.10215040,0.09955146,0.08541682,0.08396976,0.10031132,0.10549957,0.11215364,0.14456032,0.14970703,0.16295305,0.19902515,0.20203176,0.25351852,0.25942712,0.33250953,0.36871137,0.38464778,0.44849995,0.50263168,0.55565559,0.59156065,0.64869899,0.65299420,0.67263721,0.68734281,0.70504391,0.64766745,0.64407184,0.58874053,0.55388830,0.50179083,0.43614218,0.38754785,0.35625857,0.31921164,0.28702791,0.26342608,0.24660231,0.23302270,0.21903002,0.21915947,0.20716842,0.20132038,0.20114169,0.18198415,0.18171607,0.17759290,0.16981132,0.17646134,0.16544526,0.17797867,0.19589846,0.24369728,0.25626507,0.31655633,0.34914110,0.41683636,0.44225678,0.49269398,0.55133952,0.56000057,0.56831876,0.58290800,0.57428533,0.56072235,0.54817873,0.53372129,0.50532252,0.48148995,0.44846211,0.43609754,0.40980539,0.39928787,0.38210516,0.38115103,0.34702381,0.31520991,0.28575049,0.25934648,0.21377177,0.18236890,0.16242459,0.13621808,0.12891886,0.12349078,0.10694879,0.10291259,0.10466055,0.11344812,0.11056347,0.09958137,0.11690029,0.11378960,0.10610241,0.11884718,0.12332950,0.12420833,0.11137621,0.13432506,0.11996635,0.14601020,0.12490574,0.12766705,0.12978965,0.12728379,0.12942804
-0.00630298,-0.01488847,-0.00692934,-0.00063326,-0.01611013,-0.00986975,-0.01048692,-0.01236678,-0.00877084,-0.01487979,-0.01302553,-0.01596552,-0.01520135,-0.01262071,-0.02132731,-0.02468819,-0.02846400,-0.02804595,-0.02208185,-0.01862280,-0.02552976,-0.01891406,-0.01928962,-0.02389264,-0.02140129,-0.01139567,-0.01460718,-0.01698136,-0.00364258,-0.01220841,-0.01315720,-0.00265950,-0.00346165,0.00136421,0.01025262,0.01229258,0.01398230,0.02850742,0.05427078,0.06909301,0.08252527,0.09675135,0.09488393,0.09513373,0.09167145,0.07442382,0.06960365,0.04676208,0.03191358,0.02993778,0.00218555,0.00645686,0.00116606,-0.00357692,-0.00409179,-0.01146928,-0.01295113,-0.00178300,-0.01547678,-0.00687835,-0.01253082,0.00099070,-0.00685385,-0.00693474,-0.00992726,-0.01280614,-0.00753612,-0.00986797,0.00036575,-0.00422854,-0.00667727,-0.01082747,0.00570427,0.01781158,0.02943388,0.05210540,0.06851923,0.08252318,0.10444270,0.10216872,0.10276357,0.10036446,0.11053033,0.13260690,0.12365915,0.16321770,0.19462527,0.23400636,0.26725310,0.32416103,0.34928829,0.37445568,0.40315217,0.40298126,0.41264809,0.43519608,0.40225075,0.39567764,0.37381663,0.34668974,0.32854976,0.28531491,0.25010691,0.19879269,0.17145879,0.12596619,0.09287114,0.08766618,0.07107163,0.06224858,0.05937656,0.07329311,0.08170323,0.08561688,0.11084367,0.11628757,0.12478025,0.11314782,0.11055137,0.10563661,0.08889985,0.07314724,0.06279459,0.03981870,0.03352363,0.02400425,0.01662133,0.02593341,0.02545365,0.03145585,0.03514111,0.03405588,0.04016397,0.06243193,0.06404965,0.07582776,0.09555851,0.10532906,0.12332997,0.14517732,0.15477565,0.16888189,0.18872684,0.20444960,0.20239822,0.19667634,0.18776980,0.17547144,0.16745824,0.15962663,0.14515531,0.13169713,0.15427241,0.15154500,0.16633496,0.16406491,0.15590681,0.15672838,0.15031709,0.14152289,0.10534823,0.07842210,0.06937576,0.05409631,0.04453435,0.03372467,0.02066141,0.02852189,0.02731342,0.02162523,0.03104665,0.01400922,0.03395126,0.02659558,0.03021387,0.04122383,0.04715796,0.05888353,0.05506625,0.07549395,0.08690256,0.10695583,0.11848096,0.12818318,0.15715257,0.16632500,0.18373308,0.18508299,0.18433517,0.19277131,0.18539929,0.18450239,0.16563974,0.16806619,0.14019246,0.13068315,0.11724770,0.10143367,0.09725213,0.09194957,0.08554925,0.08665540,0.07433756,0.08560519,0.09385283,0.10605478,0.12881353,0.14419741,0.15917099,0.20965794,0.24092977,0.27923149,0.31587740,0.35773934,0.37397562,0.42433848,0.47722401,0.48451267,0.51784403,0.50970206,0.53079211,0.49583529,0.47163498,0.45757869,0.40947334,0.37104845,0.31548255,0.26836893,0.22741517,0.18980346,0.17158936,0.14697368,0.13539357,0.11711094,0.10289147,0.10674045,0.10288376,0.09962305,0.08590234,0.08612429,0.08787703,0.07647521,0.08446933,0.08010689,0.08541534,0.09775272,0.10748085,0.12547877,0.15658819,0.18894185,0.21309554,0.27363146,0.32965731,0.34237046,0.40262105,0.42383684,0.44379044,0.46159448,0.45166119,0.45850898,0.45212486,0.44106167,0.41882839,0.43389289,0.41145401,0.40479842,0.39702675,0.39855213,0.38563040,0.38125472,0.35188744,0.32483345,0.28579033,0.24615482,0.22404679,0.18175760,0.13411361,0.11459003,0.08969379,0.07079150,0.06781205,0.06892388,0.05657852,0.06884039,0.06674728,0.07480958,0.05475284,0.07166913,0.07512149,0.08038200,0.08433497,0.09262788,0.08440621,0.09359433,0.08236017,0.10269647,0.09241245,0.10390403,0.10801473,0.11889162,0.10647057
0.01280859,0.01055979,-0.00410822,-0.00438421,-0.00582759,-0.00900288,-0.00353637,-0.00354774,-0.00369160,-0.01264719,-0.02304396,-0.00387609,-0.01323131,-0.01301625,-0.02255620,-0.01847283,-0.02027689,-0.01431542,-0.01813400,-0.01695023,-0.01792172,-0.00520992,-0.00706030,-0.00613751,-0.00562972,-0.00335420,-0.00525069,0.00215961,-0.00414981,0.00092217,0.00318504,0.00042326,-0.00085632,-0.00725282,0.00695360,0.00693501,0.01597866,0.02072887,0.03809407,0.03816467,0.04699673,0.06227895,0.06251392,0.07343416,0.05929879,0.04744754,0.03790149,0.02337037,0.02502527,0.01290061,0.00958111,-0.00622453,-0.00659188,-0.00054486,-0.00276238,-0.00341341,-0.00592462,-0.00348219,-0.00440151,-0.00075814,-0.00011264,-0.00170743,-0.01586599,0.01025962,0.01115210,0.00024518,0.00984550,0.01201278,0.01475290,0.00865330,0.00583096,0.01619522,0.01416288,0.02643946,0.03568721,0.05100061,0.06518152,0.08075918,0.10730354,0.12280631,0.13682372,0.16670531,0.17534761,0.22883208,0.29402302,0.33952778,0.40747114,0.46104086,0.50705376,0.55926307,0.61394672,0.61280573,0.60683317,0.56820485,0.55276139,0.51559473,0.48133008,0.42091461,0.37254023,0.32762034,0.30204388,0.25051010,0.22402440,0.18070372,0.15092958,0.12195300,0.11116561,0.08428001,0.09288169,0.09154083,0.07683660,0.09987723,0.12154625,0.14314163,0.14505920,0.15376460,0.15939923,0.15543955,0.15397455,0.12513837,0.10852653,0.09808649,0.07215848,0.06014854,0.04676291,0.03642519,0.03694450,0.03920435,0.03696008,0.04982104,0.05086596,0.05564810,0.06041786,0.07763063,0.08491795,0.09994580,0.09913615,0.10959770,0.12340994,0.13116763,0.13965812,0.14413558,0.13987493,0.14416325,0.13833127,0.13829505,0.12718993,0.11727778,0.11837928,0.10202831,0.10124856,0.10229529,0.10090886,0.11109167,0.11495044,0.11254443,0.11539013,0.10049788,0.09605572,0.09096917,0.07405801,0.05518911,0.05326092,0.04665181,0.03721077,0.03242305,0.04096594,0.03122284,0.04214049,0.03351781,0.04214817,0.04022436,0.06789836,0.05592383,0.08213274,0.08950254,0.10167181,0.13436068,0.16231697,0.19185472,0.23494721,0.27303332,0.30756446,0.34248019,0.38722169,0.41370907,0.44311825,0.46510674,0.46898028,0.44143370,0.42395091,0.40621450,0.37627895,0.32760789,0.29995590,0.27736701,0.22748205,0.19676690,0.17158702,0.15459382,0.12773891,0.12593190,0.12540051,0.13499695,0.12305018,0.15206289,0.16607892,0.18279948,0.20664098,0.22018060,0.26628698,0.27230465,0.34082462,0.35654031,0.40021302,0.43245119,0.47631103,0.46422341,0.48849350,0.48280028,0.48123262,0.44545649,0.43250114,0.39676220,0.36713687,0.31799110,0.29292702,0.26183056,0.20966870,0.19081814,0.16145976,0.15383714,0.15716364,0.13991627,0.12834758,0.13195177,0.13019822,0.11946941,0.12253628,0.10183360,0.10701533,0.10086493,0.11088210,0.09904503,0.10925418,0.12542482,0.13920746,0.15894004,0.20400081,0.22614127,0.25575821,0.28818945,0.34322171,0.34632759,0.38323552,0.38076691,0.39895037,0.39927424,0.37382845,0.36457627,0.34756029,0.31989894,0.31656755,0.29539233,0.29758037,0.28539974,0.26589992,0.26139625,0.25085842,0.23603682,0.22275335,0.20835611,0.18109130,0.15899710,0.14484574,0.11330739,0.10086115,0.09911951,0.07733233,0.07781114,0.08815144,0.09456165,0.07994303,0.10384262,0.10256122,0.11888734,0.11855354,0.12952607,0.11458600,0.13804781,0.14599582,0.15269806,0.15267612,0.16389198,0.17305684,0.17377914,0.18111103,0.18240652,0.17920158,0.18624331,0.19138556
0.00763910,0.01028880,0.00487701,0.01821684,0.03437001,0.03056214,0.03938044,0.03265374,0.03690121,0.02335714,0.02369424,0.00759665,0.01049648,-0.00508018,-0.01116250,-0.01854325,-0.01064444,-0.00491844,-0.01991693,-0.01122323,-0.00637064,-0.00016124,-0.00915320,0.01194705,0.01492257,0.02562199,0.02920765,0.04609572,0.04559303,0.05184079,0.03740693,0.03559083,0.01476806,0.01322694,0.01292737,0.02363319,0.03172065,0.04248883,0.05774426,0.07303217,0.07490453,0.09360018,0.08976327,0.09080270,0.10208756,0.08544752,0.06594707,0.04821320,0.03434891,0.02451823,0.02190037,0.00372577,0.00630324,0.00264834,-0.00578947,-0.01602363,-0.00058897,-0.02017342,-0.01120254,-0.01208873,-0.00227791,-0.00767552,-0.00145410,-0.01041505,-0.00847492,-0.00807929,-0.00592985,-0.01655712,-0.00657754,-0.00781207,-0.00110027,0.00404114,0.00157019,0.01464574,0.02709465,0.04600670,0.04342560,0.07273860,0.07657409,0.07870515,0.06778726,0.07125765,0.05435273,0.05634561,0.06493346,0.06367952,0.07800440,0.09925530,0.12127489,0.13370483,0.17109714,0.19323630,0.22436888,0.25631713,0.29463867,0.34107458,0.37228083,0.40667967,0.43084709,0.46260843,0.45509350,0.42718045,0.42517597,0.38349779,0.32879649,0.26669948,0.21191188,0.16060766,0.12486563,0.09717457,0.05970680,0.05018436,0.03881683,0.03682717,0.04268991,0.03767954,0.02554038,0.03261518,0.02793526,0.02381275,0.02175145,0.01625206,0.01522544,0.01382909,0.01050445,0.01561545,0.01914465,0.02665405,0.03984863,0.04948950,0.07567020,0.10295660,0.11728093,0.13004667,0.15487758,0.18741902,0.20369423,0.21559484,0.23087143,0.24201783,0.22504340,0.25785174,0.23821001,0.23511903,0.21302622,0.20620440,0.19132110,0.17125270,0.15929231,0.13890368,0.15360228,0.14056038,0.15579757,0.17820732,0.18034157,0.20902642,0.20108069,0.19833660,0.18143790,0.15327347,0.11369295,0.09552146,0.07125323,0.04305647,0.02570812,0.01578919,0.00937421,-0.00775771,0.00301427,0.00653603,-0.00188012,-0.00890244,0.00324915,0.00792207,-0.00447294,-0.00265948,0.00091529,0.00573895,0.00586139,0.02312789,0.02125907,0.04215945,0.03788780,0.04877373,0.05200883,0.05869433,0.06812677,0.07357961,0.06293212,0.06801793,0.07295336,0.07554846,0.06603337,0.06881769,0.05281546,0.05256341,0.05539962,0.06065564,0.06788306,0.06238597,0.07674384,0.09968709,0.12325513,0.14026894,0.17162247,0.19374431,0.23684578,0.26380517,0.30428528,0.34480577,0.37360955,0.41744079,0.44381527,0.47837046,0.48566226,0.51841912,0.55339171,0.54456637,0.52747716,0.50796495,0.47915397,0.43416444,0.39388161,0.36508842,0.30336272,0.27022895,0.24721548,0.21576696,0.18420513,0.17472433,0.16545318,0.17988106,0.17434657,0.19184805,0.20676485,0.21096777,0.21846510,0.21170838,0.20860335,0.19873121,0.16789631,0.15247219,0.13559977,0.10433672,0.09560104,0.07884558,0.07219647,0.07504156,0.09464342,0.11780961,0.14600396,0.18149112,0.21661996,0.27643497,0.34013598,0.38472990,0.40925837,0.45165615,0.47622955,0.48898612,0.50779887,0.48705641,0.47750283,0.46535291,0.43686313,0.44534112,0.44011147,0.42604346,0.41773068,0.39395022,0.35995861,0.33844186,0.29490916,0.24166591,0.17708841,0.14413632,0.08565218,0.06443918,0.02986643,0.02974374,0.01611169,0.01838757,0.00098163,0.00642786,0.00180170,-0.00109788,0.00718965,0.00609188,0.00827198,0.00195042,0.00001396,0.01174120,0.00484008,0.01529549,0.01953762,0.00386538,0.01865947,0.00529086,0.01645392,0.01264341,0.01562412
0.00154426,0.00721335,0.00376859,0.00211346,0.00440452,-0.00026295,-0.00094666,0.00884206,0.00908295,0.00982692,0.00015937,-0.00340999,0.00992393,0.00491934,0.00192665,-0.00419987,0.00257348,0.00160787,0.00644282,0.00437834,-0.00165945,-0.00226258,0.00753873,0.00717074,0.00193499,0.01701185,0.01165936,0.02460101,0.01191019,0.02053750,0.01825958,0.01747683,0.01690164,0.02707713,0.03099860,0.03622218,0.04572090,0.06771269,0.07907717,0.10322066,0.12086378,0.14752733,0.13597599,0.14126755,0.13101425,0.12487545,0.10179752,0.08129129,0.06873842,0.04932226,0.03325101,0.02259384,0.01681615,0.02285498,0.01537011,0.01459248,0.01733890,0.01184828,0.01270569,0.00980145,0.01268013,0.02572772,0.01536606,0.01994527,0.01137268,0.00796033,0.01901729,0.01144737,0.01381687,0.00703184,0.02575835,0.02395782,0.03634568,0.04854428,0.06294317,0.08951990,0.09752802,0.12477217,0.12729456,0.14105629,0.12873463,0.12800990,0.12195682,0.11733627,0.11260086,0.14879691,0.17006802,0.18402354,0.22034489,0.26122784,0.29508614,0.32502308,0.36133072,0.37499157,0.40620523,0.44617348,0.44481088,0.44236423,0.44165161,0.41925328,0.37956312,0.34909164,0.31075557,0.26301105,0.20296804,0.16356902,0.13341051,0.11075157,0.08295805,0.08402592,0.08953861,0.09330092,0.09555323,0.11053526,0.12437189,0.12046381,0.12038525,0.12824447,0.13965643,0.12463158,0.10571492,0.07779825,0.08105375,0.06604557,0.05825930,0.03899353,0.04913438,0.04408143,0.04221374,0.05298994,0.05823072,0.06362684,0.07230751,0.08398235,0.10016532,0.11711005,0.12936895,0.14220046,0.15693692,0.19650309,0.20391508,0.23023220,0.24473264,0.25074526,0.24704640,0.24363387,0.24109591,0.24829057,0.23022316,0.22502607,0.21906855,0.21545399,0.23110441,0.23077867,0.23851404,0.26329804,0.25444798,0.24826048,0.23578694,0.20379867,0.17581471,0.14732911,0.10432494,0.08622494,0.07696223,0.06573805,0.04810159,0.05467988,0.04927226,0.04632649,0.04701332,0.05196519,0.04636152,0.04734983,0.04998502,0.04693380,0.05837809,0.07193004,0.06679606,0.07327826,0.07589075,0.09087386,0.08444696,0.09912467,0.10116009,0.11350192,0.11748567,0.10513275,0.11895566,0.12702633,0.11633045,0.12186919,0.11520443,0.10829092,0.10196615,0.08828500,0.09700601,0.09404236,0.08782029,0.08288768,0.08073955,0.09397979,0.10513827,0.10657172,0.12480142,0.13227897,0.15315629,0.17296945,0.21358310,0.23583214,0.29609697,0.32479217,0.38073289,0.43027778,0.48331131,0.53930504,0.56470243,0.59872628,0.61203792,0.62123695,0.61155939,0.58759708,0.55034581,0.49885517,0.46409368,0.40394620,0.35147985,0.30835826,0.25326811,0.22148506,0.19604060,0.17694366,0.15922825,0.15032418,0.12954798,0.12314969,0.13127922,0.10002378,0.11165003,0.10368125,0.10945450,0.10659413,0.09655436,0.10581378,0.12696955,0.11935175,0.13643448,0.15404716,0.18637417,0.23687293,0.28629696,0.34598890,0.39238999,0.43215738,0.48966920,0.51852527,0.55507475,0.57501559,0.58976529,0.55811004,0.55748029,0.54397297,0.52848749,0.51346300,0.51772449,0.52629933,0.52615941,0.51551060,0.50288690,0.50139583,0.47049528,0.42399306,0.38986796,0.32547953,0.26519381,0.22199748,0.17725561,0.14258891,0.11995082,0.11381154,0.08923760,0.08944467,0.08903162,0.08058877,0.08461566,0.08275421,0.08521528,0.08031630,0.09035165,0.08502190,0.08646883,0.08824470,0.09045375,0.09916764,0.09250037,0.09641548,0.09188970,0.09603275,0.09625985,0.09613083,0.10532268
0.01430231,0.01598689,0.01774070,0.03148018,0.04361514,0.03707007,0.03337581,0.04263515,0.02342439,0.01021946,0.00772590,0.00413171,-0.00659651,-0.01571764,-0.02109573,-0.01420045,-0.00427626,-0.01871198,-0.00731971,-0.01443876,-0.00985350,-0.00144662,-0.00343031,0.00256227,0.00111443,0.03525673,0.04398843,0.05009828,0.05333816,0.05354361,0.04446153,0.02660723,0.02671672,0.00615329,0.00745856,0.02144502,0.03352688,0.03965113,0.05823052,0.06906743,0.08581195,0.08427476,0.08469722,0.08323526,0.07130923,0.06192030,0.04415920,0.03433469,0.01560443,0.01070921,0.00772705,-0.00825092,-0.00512839,-0.01152811,-0.01231751,-0.00858596,-0.00937432,-0.00795547,-0.00936829,-0.00659158,-0.01373492,-0.00824170,-0.01720379,-0.01093606,-0.01245696,-0.00161220,-0.01092186,-0.00694859,-0.00528809,-0.00664433,0.00087683,0.00988954,0.01481061,0.01805515,0.04940692,0.05172720,0.06248200,0.07993355,0.08280017,0.07940451,0.07842316,0.07220039,0.08372968,0.08289359,0.09547609,0.11387261,0.13611811,0.14861689,0.18706263,0.20185072,0.22996403,0.25630288,0.28583145,0.32728575,0.33545213,0.38498454,0.42821608,0.44612807,0.45186643,0.48009757,0.44904252,0.43638440,0.39556229,0.33740843,0.30189298,0.24741939,0.19092629,0.14152701,0.09924439,0.07609307,0.05466920,0.03956958,0.03697735,0.04524575,0.03823987,0.03852043,0.03635839,0.03261725,0.02774591,0.03052862,0.02557440,0.00900560,0.01109528,0.02392464,0.02170278,0.03579295,0.03357005,0.06319268,0.08107597,0.09722783,0.11498827,0.13644531,0.17164261,0.20140861,0.22103589,0.22601641,0.24849538,0.25031015,0.26399329,0.26380078,0.27581987,0.25150585,0.24384735,0.20101813,0.19794044,0.18293630,0.17222410,0.14981220,0.12868183,0.14235964,0.14831388,0.14458109,0.14957533,0.17692032,0.16802990,0.18133852,0.17375260,0.16360675,0.13251893,0.11158028,0.09461604,0.06588283,0.03897656,0.02142771,0.00878099,0.01835572,0.00237523,0.01417153,-0.01097659,0.00184515,0.00324518,0.00358130,-0.00113347,0.01138124,0.01776396,0.02326620,0.02676813,0.03732452,0.04442177,0.06596649,0.06364944,0.08066526,0.11044001,0.10998607,0.11043905,0.12789368,0.13191105,0.13970377,0.13464997,0.15098557,0.13042379,0.12281155,0.11132465,0.11089646,0.09825811,0.10078341,0.09703479,0.09285136,0.08981232,0.12236579,0.13073982,0.14322379,0.16689037,0.21028649,0.24830446,0.28159500,0.32381557,0.34616327,0.39916495,0.42885835,0.46067175,0.47565486,0.50009613,0.52415021,0.50174937,0.50562671,0.51683391,0.50759776,0.48790285,0.45269998,0.41698892,0.36194604,0.31903594,0.28563943,0.24818960,0.23026568,0.20676889,0.17788460,0.18699398,0.19015636,0.21042766,0.20744999,0.23131464,0.24768446,0.25808942,0.26072727,0.25871927,0.24119773,0.22646238,0.20622779,0.17993047,0.14929594,0.12039495,0.09589599,0.09013397,0.09590997,0.08470580,0.10396534,0.12161885,0.15900943,0.18779399,0.22979690,0.28959434,0.31984174,0.36701059,0.42505087,0.44761615,0.46190771,0.47405118,0.48830751,0.47187541,0.45682764,0.45222411,0.43490907,0.42264622,0.41167347,0.40837930,0.36148851,0.34186947,0.32646567,0.28220226,0.24854255,0.19791630,0.14032046,0.10834304,0.07689585,0.04753124,0.03205729,0.02427458,0.01694321,0.00642391,0.01358499,0.01053194,0.01125868,0.01599377,0.01640243,0.01399388,0.01896288,0.02484760,0.01691179,0.02188657,0.02801398,0.02976249,0.02669394,0.02998295,0.03026366,0.03374413,0.04272094,0.03040108,0.03527155,0.03484925
0.01273253,0.01951254,0.01875633,0.00795227,0.01599449,0.00689866,-0.00169312,-0.00431364,0.00104133,0.00185856,0.00012758,-0.00358328,-0.01211793,-0.00463837,-0.00760995,-0.00759372,-0.00040057,-0.01204436,-0.01217678,-0.00131203,-0.00258490,-0.01372269,-0.01256266,-0.00734376,-0.00350785,-0.00172675,0.00331500,-0.00502231,0.00074744,-0.00298874,0.00456435,0.01217065,0.00182101,0.01980152,0.02870812,0.03690552,0.05554561,0.05843798,0.08867389,0.09979492,0.12504223,0.12882449,0.14922144,0.14109843,0.12481117,0.11738080,0.08117454,0.07236352,0.04828986,0.04444923,0.01674023,0.02168173,0.00549659,0.00348346,-0.00280796,0.00733636,-0.00661093,-0.00380367,-0.00505066,0.00994688,0.00807568,0.00260246,0.00367083,0.00291436,-0.00352104,0.00106162,0.00542062,0.00151910,-0.00249708,0.00583274,-0.00307989,0.01234147,0.02108506,0.03887303,0.05555538,0.08688891,0.10316831,0.12747251,0.14942481,0.15380704,0.14732859,0.15327929,0.15571107,0.17690380,0.19571075,0.22269900,0.28234242,0.29679137,0.33281297,0.35546455,0.35545986,0.37112339,0.38391108,0.36765903,0.34585377,0.31753939,0.30864772,0.27960065,0.24285823,0.22086898,0.20768083,0.17251630,0.13763465,0.12258678,0.09292375,0.07251947,0.05461267,0.04455141,0.04007449,0.02351649,0.02192478,0.02891381,0.02979937,0.02520067,0.03283313,0.01993006,0.03098071,0.02991707,0.02946095,0.03334220,0.01980157,0.02685929,0.01282469,0.01036064,0.01395033,0.01160576,0.01649168,0.01473843,0.02544805,0.03036880,0.02372840,0.03268677,0.05348378,0.05842681,0.07129075,0.07830280,0.11465302,0.12927451,0.14852629,0.16610463,0.20462035,0.23299295,0.23743060,0.25398837,0.24378857,0.23881699,0.21643372,0.21054105,0.19282885,0.17140925,0.14226782,0.13472517,0.12430248,0.10971716,0.11087758,0.10972566,0.10436411,0.10368173,0.08554115,0.07567597,0.05018134,0.03576283,0.02698177,0.02697184,0.02244524,0.01926656,0.02184368,0.01779850,0.02158643,0.01659978,0.02717352,0.02946649,0.02901979,0.04914340,0.05590382,0.07005147,0.08617444,0.09897463,0.13128051,0.15288506,0.20626381,0.22115335,0.26731355,0.29579560,0.33985196,0.36145610,0.39371853,0.39989714,0.38648468,0.39126897,0.37465593,0.36153615,0.33313653,0.29342301,0.25709005,0.22816315,0.19330757,0.16286518,0.14093124,0.11849985,0.10310970,0.08455654,0.07789351,0.07676077,0.07490192,0.07772917,0.08397277,0.08509937,0.09997058,0.12063759,0.12536145,0.14470126,0.15757774,0.18488661,0.17658121,0.20573004,0.20224830,0.21144802,0.20602533,0.19690527,0.20829612,0.18607074,0.16910998,0.16109831,0.13151772,0.12894236,0.10027597,0.08382484,0.08325174,0.08405010,0.06145562,0.06816552,0.06049867,0.06310911,0.06119176,0.05517051,0.06832245,0.06089108,0.05746265,0.05660709,0.05768802,0.04946497,0.04134610,0.05041551,0.04017093,0.04306295,0.05580576,0.05903983,0.06257311,0.08996544,0.09217272,0.12088772,0.14065684,0.17781083,0.18358227,0.21763274,0.24463862,0.26874717,0.28925947,0.32360186,0.31855035,0.32972577,0.31346381,0.32925211,0.32201657,0.33479890,0.33808993,0.34729819,0.31549212,0.30901167,0.30706513,0.26424738,0.21915950,0.19340673,0.14853191,0.12316867,0.09984886,0.08131577,0.06593579,0.05100209,0.05014023,0.06343985,0.05415021,0.06283344,0.06564432,0.06648861,0.07973443,0.08642330,0.08695631,0.10218780,0.10514381,0.11892696,0.10860520,0.12139797,0.13737489,0.12389100,0.12614548,0.14253001,0.14567300,0.14255887,0.14053498
