1000,1005,1010,1015,1020,1025,1030,1035,1040,1045,1050,1055,1060,1065,1070,1075,1080,1085,1090,1095,1100,1105,1110,1115,1120,1125,1130,1135,1140,1145,1150,1155,1160,1165,1170,1175,1180,1185,1190,1195,1200,1205,1210,1215,1220,1225,1230,1235,1240,1245,1250,1255,1260,1265,1270,1275,1280,1285,1290,1295,1300,1305,1310,1315,1320,1325,1330,1335,1340,1345,1350,1355,1360,1365,1370,1375,1380,1385,1390,1395,1400,1405,1410,1415,1420,1425,1430,1435,1440,1445,1450,1455,1460,1465,1470,1475,1480,1485,1490,1495,1500,1505,1510,1515,1520,1525,1530,1535,1540,1545,1550,1555,1560,1565,1570,1575,1580,1585,1590,1595,1600,1605,1610,1615,1620,1625,1630,1635,1640,1645,1650,1655,1660,1665,1670,1675,1680,1685,1690,1695,1700,1705,1710,1715,1720,1725,1730,1735,1740,1745,1750,1755,1760,1765,1770,1775,1780,1785,1790,1795,1800,1805,1810,1815,1820,1825,1830,1835,1840,1845,1850,1855,1860,1865,1870,1875,1880,1885,1890,1895,1900,1905,1910,1915,1920,1925,1930,1935,1940,1945,1950,1955,1960,1965,1970,1975,1980,1985,1990,1995,2000,2005,2010,2015,2020,2025,2030,2035,2040,2045,2050,2055,2060,2065,2070,2075,2080,2085,2090,2095,2100,2105,2110,2115,2120,2125,2130,2135,2140,2145,2150,2155,2160,2165,2170,2175,2180,2185,2190,2195,2200,2205,2210,2215,2220,2225,2230,2235,2240,2245,2250,2255,2260,2265,2270,2275,2280,2285,2290,2295,2300,2305,2310,2315,2320,2325,2330,2335,2340,2345,2350,2355,2360,2365,2370,2375,2380,2385,2390,2395,2400,2405,2410,2415,2420,2425,2430,2435,2440,2445,2450,2455,2460,2465,2470,2475,2480,2485,2490,2495,2500
0.06160178,0.06596832,0.06658332,0.05634609,0.06982018,0.06547575,0.07222070,0.06930696,0.06214292,0.05090497,0.06122995,0.04865704,0.04585503,0.04404359,0.04421407,0.04872277,0.02909097,0.04135054,0.03736969,0.04527847,0.04675191,0.04698334,0.05678964,0.05131500,0.06053560,0.06618180,0.07431216,0.08575735,0.08669794,0.07954807,0.07349991,0.07526088,0.07132206,0.07345069,0.08159676,0.08562145,0.11181468,0.13880462,0.16167616,0.19511476,0.20884152,0.21513114,0.21883833,0.21786604,0.18091035,0.17561507,0.15801694,0.12472768,0.11240174,0.09323868,0.07188672,0.06748039,0.06437746,0.05880947,0.05574640,0.05316208,0.04521029,0.05129185,0.05241367,0.04958606,0.05231304,0.04657745,0.05061198,0.04843029,0.05354764,0.05157075,0.06370632,0.06088576,0.05069381,0.06196789,0.06860149,0.07013385,0.08099267,0.10845421,0.12369530,0.15414213,0.17821059,0.18924937,0.21943467,0.21875596,0.21070864,0.20842539,0.20156224,0.21600984,0.22685718,0.23580990,0.27863350,0.30913358,0.33436148,0.37080066,0.38819236,0.38500426,0.40083992,0.39952205,0.39848540,0.38710042,0.38275887,0.36819057,0.36706142,0.36267437,0.36695003,0.32305609,0.33040538,0.29773530,0.26892408,0.22399908,0.19754412,0.17073928,0.15049236,0.12572860,0.12312260,0.12450134,0.12700243,0.13355405,0.13675511,0.13809756,0.13464927,0.13822452,0.13213664,0.10961771,0.11340698,0.10330843,0.10062013,0.08828511,0.10439156,0.10470644,0.10219450,0.10517829,0.12947249,0.13758693,0.15725038,0.17364556,0.20000284,0.22582622,0.23903861,0.26602264,0.30717168,0.30600335,0.34358046,0.36338039,0.38031352,0.39410826,0.40295829,0.40897796,0.38409375,0.37777935,0.34670786,0.32603925,0.29693245,0.26042190,0.23539782,0.20465746,0.19744423,0.18718118,0.17921304,0.17739019,0.16494102,0.15453076,0.13602806,0.13751948,0.12776588,0.10234014,0.10289450,0.09807201,0.09293293,0.09293129,0.10554552,0.08014644,0.08152312,0.08810154,0.09208154,0.09608291,0.10115022,0.10264748,0.11246217,0.12424904,0.13548359,0.14905108,0.14958391,0.17420393,0.20792236,0.22442946,0.24043936,0.26734756,0.28391861,0.30366208,0.32909323,0.31367348,0.33022269,0.33192030,0.31229345,0.29525749,0.28512401,0.26574919,0.24344841,0.23421996,0.19784881,0.19669761,0.18542613,0.21157871,0.20195559,0.22020083,0.22086518,0.23326754,0.26785706,0.28866525,0.30341849,0.32737860,0.34725309,0.39024151,0.40813670,0.41289336,0.43036285,0.42794787,0.44362747,0.43868154,0.43395893,0.43772519,0.43939503,0.41713599,0.38837071,0.37803272,0.34071208,0.32424819,0.30761052,0.27974561,0.28456383,0.24989594,0.25285709,0.26156127,0.24954544,0.25731913,0.25703350,0.27968471,0.28957583,0.26664181,0.28198461,0.28914333,0.27964406,0.25857249,0.22554004,0.21173148,0.20085662,0.19013517,0.18999204,0.17086948,0.18698320,0.19476490,0.20601877,0.23085396,0.23572724,0.27101461,0.30933055,0.34416434,0.36929762,0.40938185,0.44543578,0.47341130,0.52111238,0.53875669,0.54411562,0.54216582,0.52852629,0.51395196,0.49914103,0.48527674,0.48385981,0.44906674,0.44746588,0.42512160,0.40220056,0.38010002,0.31889307,0.27900912,0.24360534,0.22187272,0.19250890,0.16695936,0.15201119,0.13709133,0.14645855,0.13994154,0.14174069,0.14104829,0.14552610,0.14804747,0.15639827,0.17212326,0.15679673,0.16673152,0.15940951,0.18128062,0.17130969,0.18591156,0.17832906,0.17969562,0.18308612,0.20042686,0.20112265,0.22122897,0.19186568
-0.04929875,-0.05450572,-0.06059132,-0.05465155,-0.05111453,-0.04486623,-0.04557131,-0.05679186,-0.05944406,-0.05656872,-0.05647817,-0.05118059,-0.06449125,-0.04596266,-0.06356063,-0.05976037,-0.06332311,-0.05929381,-0.06564016,-0.05938824,-0.05957296,-0.05276652,-0.06035275,-0.05888426,-0.04954534,-0.04834910,-0.03871042,-0.04585896,-0.03964154,-0.03551498,-0.04088952,-0.03712496,-0.03809488,-0.04523803,-0.03390471,-0.01313485,0.00710304,0.01401423,0.04636738,0.06768074,0.09291194,0.10526733,0.11764649,0.12049232,0.09545899,0.07464081,0.05682516,0.02662249,0.00777954,-0.01008149,-0.02854714,-0.04015351,-0.04204951,-0.05294610,-0.05300427,-0.06094450,-0.04941681,-0.05902229,-0.05745350,-0.06296263,-0.06281322,-0.05802354,-0.06049517,-0.05480532,-0.04987670,-0.05394245,-0.05829737,-0.07120559,-0.05646919,-0.05659523,-0.05068194,-0.04315615,-0.04285016,-0.02154696,0.00554821,0.02827500,0.05567993,0.07751047,0.09321325,0.10370538,0.10136589,0.09083322,0.09155147,0.08684472,0.11018185,0.12987487,0.16285170,0.22128511,0.27117034,0.30599208,0.32400444,0.35880302,0.37889435,0.36806131,0.34330032,0.36909027,0.32698185,0.31069972,0.27271275,0.23428512,0.21010647,0.18082576,0.15355565,0.12681090,0.09192965,0.08566810,0.05280045,0.04182508,0.02498165,0.02817632,0.03697947,0.05663411,0.07249083,0.09697990,0.12591599,0.14949589,0.13419062,0.12639587,0.12325585,0.10933977,0.06384391,0.05081328,0.03345420,0.01394099,-0.00732193,-0.01709216,-0.02678227,-0.01776643,-0.01996905,-0.01962935,-0.00476052,0.01472678,0.03057778,0.04172495,0.05355263,0.08799986,0.11405578,0.12961537,0.15689652,0.17155269,0.21310965,0.21790151,0.24318812,0.24868454,0.24098793,0.22977531,0.21274038,0.18992004,0.15763671,0.13325204,0.10827627,0.08534768,0.06461085,0.05152955,0.04927776,0.04360273,0.02599222,0.01985522,0.01206055,0.00017228,-0.01538824,-0.01489678,-0.01958853,-0.03870965,-0.03714274,-0.03674373,-0.04675015,-0.04791832,-0.03221839,-0.04659953,-0.04141571,-0.04489656,-0.04820024,-0.04497276,-0.03015958,-0.02696491,-0.03001996,-0.02099356,-0.00992834,-0.01181338,-0.00318652,0.01783381,0.02249627,0.02449031,0.03783083,0.04369238,0.05107833,0.05904854,0.05646762,0.05452811,0.04356420,0.04136169,0.04338432,0.03139315,0.02653287,0.03024219,0.01015026,0.00689131,0.01901403,0.00517965,0.01046012,0.01085162,0.03418898,0.03788056,0.06320530,0.06936825,0.08473764,0.12538435,0.13833612,0.18289165,0.21687509,0.25072182,0.28416535,0.34109447,0.39038797,0.42011881,0.42752010,0.45877701,0.45655598,0.46380592,0.47950251,0.46536443,0.41954271,0.38769970,0.35633804,0.32719807,0.26969054,0.23899844,0.20281433,0.15877241,0.13971713,0.12349953,0.10427937,0.08913524,0.08189228,0.08704721,0.07317035,0.07099704,0.05335211,0.05884227,0.04297539,0.04155182,0.03950342,0.04378902,0.04771810,0.05562787,0.07045079,0.09021150,0.12452211,0.16508554,0.20381809,0.25001530,0.28402421,0.32659917,0.36064990,0.38899144,0.39458993,0.40786192,0.41322957,0.44487273,0.41641191,0.41556175,0.40963304,0.36654855,0.34836165,0.33870793,0.32480474,0.29646359,0.28257940,0.27487657,0.25273416,0.22745516,0.18081782,0.13119740,0.10741517,0.05886421,0.04083567,0.01003389,0.00470396,-0.01319464,-0.01111381,-0.01583733,-0.01577929,-0.02394424,-0.02573211,-0.03073165,-0.02155156,-0.02968619,-0.01791366,-0.00752038,-0.00820703,-0.01506406,-0.00469784,-0.00652558,-0.00576714,0.00309329,-0.00661135,-0.00608947,-0.00202274,-0.00470082,-0.00204735
-0.02428704,-0.02446298,-0.02864700,-0.02009006,-0.03906205,-0.03160512,-0.02829022,-0.01626334,-0.01680111,-0.02703548,-0.03846413,-0.03719664,-0.03603783,-0.04933403,-0.03381705,-0.04181030,-0.04598123,-0.03128035,-0.04273232,-0.03294300,-0.03817500,-0.04034015,-0.02975305,-0.02024878,-0.03039271,-0.02622619,-0.02412570,-0.02232686,-0.01532614,-0.02335429,-0.02350741,-0.02762049,-0.02185805,-0.01222225,-0.00933704,0.00122989,0.01952348,0.02515727,0.04787478,0.07238486,0.07459556,0.09899836,0.09445489,0.09535609,0.07529257,0.06217784,0.05019502,0.02901503,0.01485455,-0.00101186,-0.01531566,-0.02402988,-0.02950195,-0.03303119,-0.04001634,-0.02278324,-0.03965656,-0.04383888,-0.04627888,-0.03147716,-0.03744809,-0.04229108,-0.03413176,-0.04276071,-0.03427914,-0.03013936,-0.03553000,-0.04618127,-0.03575748,-0.03398235,-0.04183622,-0.02829156,-0.02093670,-0.00088694,0.01605933,0.03208396,0.04474378,0.08033417,0.07271782,0.08258921,0.08466586,0.07223677,0.06767796,0.07036915,0.07787742,0.11764951,0.14537975,0.17792476,0.21025869,0.24821891,0.29463498,0.32966162,0.37186510,0.39713885,0.44248295,0.46041816,0.45523555,0.46273308,0.43386473,0.41029784,0.37404110,0.32968074,0.28575268,0.22726909,0.16951324,0.13245145,0.10552343,0.06440069,0.05475575,0.03359974,0.03943970,0.05089525,0.06773609,0.06648797,0.10047002,0.11550008,0.09414858,0.09756087,0.10013305,0.08145693,0.06027740,0.03689141,0.02330388,0.00820721,-0.00957499,-0.00618736,-0.01567361,-0.01148623,-0.01422830,-0.01250523,-0.01187634,0.00007694,0.00321862,0.02889707,0.04126051,0.06017929,0.07346110,0.08872185,0.12042891,0.13610872,0.14926590,0.16952136,0.17422855,0.17960608,0.17414344,0.17163525,0.16856914,0.15402910,0.14245023,0.12788164,0.13307549,0.12250721,0.15359021,0.15519413,0.18219066,0.17901151,0.19702819,0.17954685,0.15309114,0.11798151,0.08443540,0.05391123,0.01768382,-0.00059498,-0.02287614,-0.02357609,-0.03254811,-0.03758697,-0.04157637,-0.04701679,-0.03965523,-0.03463718,-0.03505663,-0.04412288,-0.03150254,-0.03424749,-0.03361645,-0.03018654,-0.03235442,-0.02301215,-0.01861159,-0.01793517,-0.00438549,-0.00923697,-0.01102789,-0.00517817,-0.00553585,-0.00434251,-0.00140156,0.00271081,0.00333697,0.00666287,-0.00490864,-0.00613699,-0.01770048,-0.01888600,-0.00823024,-0.00908111,-0.01376667,-0.00504738,-0.00131008,0.00440374,0.01070843,0.02779652,0.04672028,0.06572119,0.09372379,0.12327701,0.16314321,0.20557054,0.24957203,0.30243105,0.36822166,0.45250568,0.49954137,0.54044992,0.59273903,0.63134327,0.64586358,0.65912011,0.61193682,0.58857315,0.55250881,0.48940833,0.43803714,0.38738688,0.30424844,0.25577494,0.19548103,0.16580101,0.12761287,0.09488069,0.07339382,0.06559742,0.05824694,0.05783932,0.03968260,0.04402607,0.03253727,0.03111096,0.01255141,0.00844068,0.01218021,0.01687598,0.02035904,0.04236447,0.06019542,0.08608098,0.14073647,0.18133720,0.24645552,0.30492192,0.35385828,0.41593617,0.47951220,0.50828667,0.53087453,0.52206626,0.54254864,0.52956703,0.48698896,0.48268180,0.45956309,0.43769977,0.41492566,0.42498750,0.42424639,0.42720476,0.39942526,0.38631743,0.36865578,0.31472360,0.25217210,0.18351415,0.13492045,0.07122886,0.04408305,0.01007320,-0.00828627,-0.03425018,-0.03860791,-0.04173512,-0.04779786,-0.03920396,-0.04497143,-0.04829923,-0.03993254,-0.05091255,-0.04637861,-0.04227450,-0.03590537,-0.05049034,-0.04590169,-0.04264802,-0.03832002,-0.03370465,-0.03562230,-0.05002783,-0.04229791,-0.04093233,-0.02776073
0.02410466,0.02487766,0.03629233,0.03673043,0.03919965,0.04587201,0.04207697,0.03951359,0.02227033,0.01648884,0.02434185,0.01530865,0.00602436,0.01875233,0.01544752,0.01361664,0.01327818,0.01470398,0.00791392,0.01681429,0.01144933,0.01227002,0.01516349,0.01001478,0.02961509,0.03220184,0.03475590,0.04718195,0.04256018,0.04100428,0.04440494,0.02869128,0.04612375,0.04258009,0.03768670,0.05804311,0.06926301,0.08909883,0.11789729,0.15121039,0.17129009,0.19123582,0.19263543,0.19746206,0.18519497,0.15575199,0.14267171,0.12040938,0.10033767,0.07252784,0.06273106,0.04961759,0.02788488,0.02658223,0.02067447,0.02696584,0.02592410,0.02138121,0.02394608,0.02697223,0.02544688,0.02693855,0.02866729,0.02410661,0.03532859,0.02226728,0.01843973,0.02937946,0.02995825,0.02663358,0.03647803,0.03588670,0.05346842,0.06167843,0.09715176,0.11311762,0.14813640,0.16605279,0.17979685,0.19181904,0.18769354,0.17776373,0.16131599,0.16433462,0.18416437,0.20141755,0.21862139,0.27070491,0.28433978,0.31618360,0.35504022,0.35515784,0.35992845,0.38107416,0.35842824,0.34505221,0.33705041,0.32114533,0.31358764,0.29395371,0.27836309,0.26500269,0.24354704,0.21622723,0.19464254,0.17833055,0.15038982,0.13171890,0.11102882,0.10551835,0.11602388,0.11916735,0.11486625,0.13571934,0.13227176,0.14696803,0.15626458,0.15278659,0.14770209,0.12356111,0.11776637,0.10246693,0.08903059,0.07109466,0.06535787,0.07480743,0.06906588,0.07499412,0.08714670,0.09428991,0.10122996,0.12023723,0.12869418,0.16020849,0.17558223,0.20740786,0.22881341,0.23907071,0.27083859,0.30263780,0.31327804,0.34321931,0.33501293,0.36089432,0.34356174,0.33343134,0.34306713,0.32681634,0.28941764,0.25457433,0.21372813,0.18142190,0.15906610,0.14191527,0.13575218,0.11288443,0.11933341,0.10199331,0.10442529,0.08759619,0.08736053,0.08220988,0.07863748,0.07392388,0.05505570,0.05787659,0.05602368,0.05659841,0.05938454,0.05661091,0.06288851,0.06285750,0.05818371,0.06696544,0.07704474,0.07536986,0.08140374,0.09744702,0.11061165,0.12283680,0.14264412,0.15324770,0.16138332,0.17039621,0.19013285,0.19979865,0.22021716,0.23708407,0.23456572,0.23380949,0.23160682,0.21486850,0.19931921,0.20392715,0.18998140,0.17296516,0.16585565,0.15683275,0.15151396,0.14265624,0.14437530,0.14473841,0.15858513,0.17024760,0.18332014,0.20005660,0.20616899,0.24340343,0.25803049,0.26342568,0.30449390,0.30076016,0.33091597,0.35527074,0.35657846,0.37874546,0.40512486,0.40490558,0.38872040,0.40413287,0.38176378,0.38467798,0.35045817,0.34955570,0.31550571,0.29211712,0.25951420,0.24990223,0.22296646,0.21866690,0.21962756,0.21094619,0.21813720,0.20808624,0.21504638,0.20326899,0.20919547,0.21492900,0.20243952,0.19005805,0.18957545,0.18485323,0.15846878,0.16635876,0.14540820,0.14842943,0.14445293,0.16010446,0.15826727,0.19199435,0.21594604,0.24581892,0.25590718,0.29436849,0.33258883,0.35400172,0.37544921,0.42221461,0.43305587,0.47581084,0.47056780,0.47535629,0.45620182,0.47956515,0.46272627,0.43432096,0.42635514,0.40716546,0.38579954,0.37644091,0.35402746,0.31092530,0.29944863,0.26748667,0.22060642,0.18033354,0.16216480,0.14105850,0.12607748,0.12409219,0.10920968,0.10555321,0.10055463,0.11136506,0.09663464,0.10547044,0.10710978,0.11270540,0.11586398,0.11091390,0.12037448,0.11104357,0.11190360,0.13508092,0.12204242,0.12753380,0.13183666,0.14533883,0.13596856,0.14413332,0.13540026
0.03994407,0.04001885,0.03932923,0.04221168,0.05339017,0.04828790,0.05162514,0.04826308,0.04486146,0.05022244,0.04123010,0.03976318,0.03419887,0.02510003,0.02386574,0.03018444,0.03042158,0.01877197,0.01887616,0.02607423,0.02527858,0.03439043,0.02095113,0.04130200,0.03745181,0.04900759,0.06324967,0.06399450,0.06152863,0.05450068,0.07009074,0.05144350,0.05193916,0.06977240,0.07782915,0.08993730,0.11322621,0.12535147,0.18527464,0.20758444,0.21868252,0.25453505,0.25584783,0.24058685,0.22394557,0.21347275,0.16768111,0.14384056,0.11753731,0.08480211,0.07807779,0.06005260,0.04457619,0.03716726,0.04014248,0.04331626,0.03072910,0.01767572,0.03533678,0.03554194,0.02568596,0.03309492,0.03374932,0.03316331,0.03854911,0.03169797,0.03232109,0.03799807,0.02469748,0.03495092,0.03784587,0.04295856,0.07275623,0.08974800,0.11710257,0.15471399,0.16913917,0.20444131,0.22134790,0.23642373,0.20888870,0.18185076,0.17410762,0.15356311,0.15061829,0.16140717,0.18971935,0.20739101,0.24653705,0.25198392,0.27255614,0.28550303,0.31111370,0.32749216,0.30929901,0.32102279,0.30967324,0.29994434,0.31044128,0.29475349,0.28956385,0.27763621,0.27355724,0.25154564,0.22761989,0.19376743,0.16953153,0.14164590,0.12934930,0.11339945,0.10520634,0.10563964,0.10506144,0.13650826,0.13193793,0.13823851,0.15354582,0.14260181,0.14680675,0.12540683,0.12239147,0.09843590,0.09347981,0.08958806,0.08366089,0.06330562,0.07346524,0.07980731,0.09274572,0.10617056,0.11373835,0.11867547,0.14570003,0.18036450,0.21806103,0.22851545,0.26471175,0.30271827,0.33113085,0.35363759,0.38638962,0.41551399,0.43509241,0.43757338,0.44193220,0.43048356,0.39863262,0.37163365,0.33803757,0.30535955,0.26394589,0.21997287,0.19867257,0.17558160,0.15651709,0.14612873,0.12280895,0.11676742,0.10584271,0.09484316,0.08458095,0.07255395,0.06620516,0.06760561,0.05868120,0.06195144,0.05376152,0.05611958,0.06241681,0.06482189,0.05984410,0.06250756,0.05972636,0.06109396,0.05857910,0.06563643,0.07522373,0.07963913,0.09400377,0.08940857,0.10284351,0.10866927,0.11037583,0.12298230,0.13025057,0.14588434,0.14117388,0.14551851,0.15477466,0.13914936,0.14515108,0.15672456,0.13686202,0.12796415,0.12509559,0.11915002,0.12336255,0.11804456,0.12247418,0.13104631,0.13578405,0.13556627,0.13815027,0.17144586,0.18055147,0.20259575,0.22425430,0.25162370,0.26553707,0.28572795,0.31223458,0.35043780,0.33909755,0.38139854,0.37405368,0.40939364,0.40685161,0.41607963,0.41322816,0.40909828,0.39587853,0.37298861,0.37178979,0.34732274,0.29775855,0.29342073,0.26726956,0.24626138,0.23287685,0.23066636,0.20189856,0.21286570,0.21593936,0.23064596,0.22127352,0.23152110,0.22901983,0.21722853,0.21091512,0.20479194,0.18915808,0.19376015,0.16315535,0.15737766,0.15281108,0.15918295,0.15018239,0.17418056,0.17829796,0.19782714,0.21374084,0.25040972,0.27742173,0.30051439,0.35308411,0.37629345,0.42408537,0.44919182,0.50205210,0.54640230,0.52153893,0.57294068,0.58482207,0.54290747,0.53388683,0.50834516,0.50251303,0.48881441,0.46095161,0.45896871,0.43328563,0.39275993,0.36574245,0.30877980,0.26639459,0.21259014,0.18554965,0.16536660,0.12135896,0.12468449,0.09676669,0.10146870,0.10369712,0.09246987,0.08797412,0.10662522,0.09898606,0.10542158,0.10381487,0.11249400,0.10301713,0.10507041,0.09917480,0.11029839,0.09901431,0.11789920,0.11000832,0.11160601,0.11354196,0.11520957,0.11503120
0.00813699,0.01862499,0.02768984,0.03542236,0.03968571,0.04184692,0.04231994,0.05044498,0.04194244,0.03729195,0.02394819,0.02323152,0.02182758,0.01616480,0.01266818,0.01139119,0.00575267,-0.00134446,-0.00125455,0.00766625,0.01680924,0.00996504,0.00951618,0.01701376,0.02477942,0.03919241,0.04313627,0.04739505,0.06185482,0.05124551,0.05463502,0.05004346,0.03791076,0.05583742,0.06636400,0.08696733,0.11909882,0.14132344,0.18911927,0.23635267,0.25635440,0.28156888,0.28812385,0.29228030,0.24832159,0.22801571,0.18893943,0.13955345,0.11497256,0.08237405,0.06719271,0.05165029,0.02883595,0.01811315,0.00876492,0.01022668,0.01758529,0.00604956,0.01579898,0.01133070,0.01654857,0.01763655,0.01075231,0.00653111,0.01330861,0.02328889,0.02030192,0.00580512,0.01684064,0.01895340,0.02681284,0.02568584,0.04582346,0.07935721,0.09967977,0.15620799,0.18506447,0.23032458,0.22743104,0.24826202,0.21363719,0.17685429,0.15459067,0.12597443,0.12083456,0.10811715,0.12798283,0.14757037,0.17254401,0.19489445,0.20890272,0.22001079,0.24346672,0.25798518,0.26294520,0.26199085,0.29340841,0.30475970,0.31000952,0.31306587,0.28442514,0.28788288,0.28162435,0.25177350,0.23115360,0.20295603,0.15647402,0.13410690,0.10654091,0.07898012,0.08531548,0.08745841,0.08037396,0.09386163,0.10100614,0.09336117,0.09494896,0.10895026,0.09230484,0.08694871,0.07746622,0.06871562,0.05536319,0.04685137,0.04610477,0.04814422,0.04760029,0.05134758,0.07121352,0.08914228,0.10727908,0.13351089,0.16557273,0.18713835,0.21554644,0.25906888,0.29112883,0.34021364,0.35969011,0.40327048,0.43939192,0.47981036,0.48559396,0.51005820,0.49034107,0.47467534,0.43142921,0.41311293,0.36797141,0.32855890,0.28636671,0.23857767,0.20277705,0.18033277,0.15783022,0.15812746,0.14116887,0.11883492,0.10872995,0.08904509,0.07396378,0.06553649,0.05911708,0.03923591,0.04158648,0.04473626,0.02174228,0.03635363,0.01994370,0.04176802,0.03067838,0.03312965,0.03069321,0.03217096,0.03195074,0.04378413,0.03682105,0.04725832,0.04219725,0.04499964,0.05674620,0.06749922,0.06521930,0.07826162,0.08296541,0.08532786,0.09023448,0.09384048,0.07507831,0.08302590,0.08565754,0.08374980,0.07977287,0.07038003,0.07934123,0.08914165,0.08081381,0.08108640,0.08872536,0.10120761,0.09990700,0.11732428,0.13480514,0.15441112,0.18427700,0.19636173,0.22357578,0.26540017,0.28125499,0.31043108,0.33051650,0.34408098,0.37195750,0.37550370,0.39637948,0.40377622,0.40676413,0.41380440,0.42232072,0.38375488,0.37823226,0.35263610,0.31673593,0.29471989,0.27490711,0.24786435,0.22425682,0.20887898,0.20504412,0.18376183,0.18916140,0.19289706,0.20733814,0.21232808,0.20589135,0.22455562,0.23284371,0.21480363,0.20383567,0.18009077,0.17513364,0.16093453,0.16128309,0.12096336,0.12129533,0.12096775,0.11720352,0.12385337,0.14773578,0.17208208,0.18973393,0.21030795,0.25898280,0.30646401,0.34818594,0.39663443,0.44687936,0.48283918,0.52878677,0.57659424,0.60672034,0.64114383,0.64810972,0.63576394,0.61953072,0.57431182,0.57761040,0.55842321,0.53601316,0.51212734,0.49789141,0.43327112,0.37274402,0.33614377,0.26204489,0.19780006,0.15819520,0.12413872,0.09617993,0.09129562,0.08093036,0.06693565,0.06674427,0.06830140,0.05791624,0.06504622,0.05916038,0.05928369,0.07204997,0.05940014,0.06561154,0.07107753,0.06645800,0.07295683,0.07731144,0.07542159,0.07646401,0.07749168,0.06886618,0.06849538,0.08136881
0.07935152,0.06773827,0.07318817,0.06779419,0.07509824,0.06871481,0.07044276,0.08250670,0.07727005,0.06631990,0.06331622,0.04923658,0.05360162,0.04514508,0.05210011,0.05846733,0.05543084,0.05718118,0.05215064,0.05736111,0.05689846,0.05238852,0.04629846,0.06241227,0.05602059,0.06747548,0.06809534,0.07445152,0.07307977,0.07633179,0.07346967,0.07124328,0.06746742,0.06319270,0.06447337,0.06333547,0.07029538,0.08333445,0.09330214,0.11037376,0.12594952,0.11808161,0.11834230,0.11956645,0.12374264,0.11899505,0.09317260,0.08769695,0.09467172,0.07564476,0.05877898,0.05096697,0.06579750,0.06655143,0.05282338,0.05272719,0.04298511,0.05243823,0.04874095,0.05050505,0.05898382,0.06518027,0.04809838,0.04640983,0.05569667,0.04462043,0.04177771,0.04885631,0.03669816,0.05261939,0.05499338,0.05897011,0.06038553,0.07179144,0.08302502,0.09630179,0.10998976,0.13762571,0.12330864,0.14446976,0.14378311,0.15630602,0.16196137,0.18811549,0.20607204,0.23423316,0.25523734,0.29607544,0.32344121,0.32999031,0.37912054,0.37479421,0.38476757,0.39393037,0.41143365,0.39699658,0.37634295,0.36541764,0.38628627,0.34876103,0.32738092,0.30964750,0.27534388,0.25430889,0.24476641,0.19679431,0.17145436,0.13108150,0.12435906,0.11133357,0.10563137,0.10651136,0.10010010,0.10619803,0.11791338,0.12907568,0.12893209,0.12928413,0.10982010,0.10111226,0.10822429,0.09533171,0.07216473,0.08395978,0.07862429,0.07789402,0.07705013,0.08096937,0.08791409,0.09194137,0.09960170,0.12107639,0.13004232,0.14901310,0.15274423,0.17696447,0.17621115,0.18928195,0.20392933,0.20361974,0.21881260,0.20443397,0.21311065,0.20990891,0.19951693,0.20181743,0.18598708,0.17917739,0.16686661,0.16154513,0.14852907,0.15477600,0.15957006,0.14824576,0.15259876,0.15912588,0.16021247,0.15758521,0.13952234,0.11607072,0.10139336,0.10836976,0.09059443,0.06690285,0.07752684,0.06308676,0.06802526,0.06716551,0.07689633,0.05926006,0.07053698,0.06310037,0.06808313,0.07399300,0.06970023,0.08954816,0.10558309,0.10074010,0.12749947,0.14350973,0.16807316,0.17309656,0.18918851,0.22620404,0.24077979,0.26315253,0.27370867,0.29173109,0.28771763,0.30205373,0.28568937,0.27621981,0.24873606,0.23263594,0.20812036,0.20147020,0.18261382,0.15719891,0.15857592,0.14848851,0.14236668,0.13998174,0.14370875,0.15429946,0.16935166,0.19189400,0.19272105,0.23292330,0.24578920,0.26280681,0.29276659,0.32593139,0.34724056,0.36097341,0.36531912,0.37476946,0.39842880,0.40566825,0.40174490,0.39661349,0.38181089,0.35217789,0.32509616,0.30248530,0.28949872,0.25101968,0.23389488,0.20439960,0.20174942,0.18782724,0.17928548,0.18979189,0.18053230,0.17625936,0.18475118,0.18761355,0.17554281,0.18030158,0.16166021,0.16429546,0.15789095,0.14030145,0.11928512,0.12008160,0.11743179,0.11125742,0.12076946,0.12921015,0.14956959,0.16651602,0.19736545,0.22885476,0.25456652,0.28633680,0.32117092,0.32961759,0.36608030,0.36395898,0.36647606,0.37097476,0.36284469,0.36161344,0.34673252,0.33434738,0.32981204,0.31037547,0.31911815,0.29645935,0.30911033,0.27853959,0.26754501,0.24208334,0.21277580,0.17633258,0.16770209,0.12030831,0.10818281,0.10352346,0.07559266,0.08850553,0.07515165,0.07225188,0.08335642,0.08465800,0.08857353,0.09308269,0.07976758,0.08403628,0.10903893,0.09974500,0.10296408,0.11589765,0.11418996,0.10746147,0.11635161,0.13104747,0.14015481,0.13959863,0.12432607,0.13475427,0.13214714
0.03129648,0.01551295,0.02976402,0.02622446,0.04112457,0.03081235,0.03423495,0.02858891,0.02971690,0.02412750,0.01943155,0.01108347,0.02030294,0.00824215,0.00835412,0.00576491,0.01124505,0.01219038,0.01162453,-0.00008117,0.00875000,0.01474455,0.00696635,0.01341718,0.01899446,0.03405085,0.02391537,0.04982120,0.04008986,0.03438094,0.03436431,0.02595292,0.02554815,0.03458407,0.03111187,0.05160625,0.06079765,0.08814655,0.09010638,0.11225045,0.14155692,0.14489282,0.15668929,0.14030684,0.13072729,0.11470829,0.09366959,0.08122041,0.05509841,0.03766469,0.02923945,0.02346967,0.02536933,0.01372321,0.00793207,0.02246835,0.01445558,0.01434821,0.00394239,0.00955039,0.00831913,0.02212276,0.00178572,0.01373027,0.01160771,0.01614693,0.02141610,0.01492636,0.01369197,0.01956844,0.01318994,0.02812039,0.03687027,0.04869758,0.07635244,0.09169724,0.10415709,0.13291313,0.14799968,0.15862354,0.15987658,0.16598352,0.16197397,0.18915061,0.21968345,0.23843426,0.27462553,0.32250464,0.37515426,0.42014292,0.44208571,0.45520334,0.44451128,0.45381139,0.43394630,0.42466819,0.40474634,0.36499045,0.37584131,0.34066771,0.31922812,0.28981595,0.26202377,0.22830233,0.20942277,0.17440767,0.14629058,0.13254211,0.09150968,0.10004268,0.09395845,0.09087999,0.11435912,0.13542551,0.14698854,0.14218931,0.15382918,0.14110542,0.14415062,0.10117587,0.09573513,0.08691830,0.06274639,0.06718604,0.05269042,0.04559341,0.04942433,0.06473183,0.07387880,0.07029229,0.06715885,0.09834513,0.10986313,0.13192505,0.15805237,0.16161065,0.20186697,0.21478885,0.23470980,0.25091793,0.25972154,0.26160296,0.27076700,0.28014774,0.28293741,0.26201269,0.25770604,0.21522164,0.20940508,0.18051838,0.14722353,0.14473065,0.11723938,0.12884136,0.11204734,0.10978512,0.11105448,0.10649303,0.09604889,0.08651035,0.06464042,0.05804369,0.04230769,0.04374887,0.03227625,0.03105419,0.02815597,0.02424830,0.02384756,0.04271414,0.03327708,0.02811520,0.03844822,0.04564977,0.05859254,0.06024279,0.08087783,0.08608087,0.10400036,0.12477332,0.14465800,0.16618299,0.19543250,0.21079340,0.23304656,0.26079897,0.27838277,0.27709775,0.28750134,0.27851165,0.26944235,0.26463844,0.24486292,0.21549026,0.19218026,0.17514133,0.14893019,0.13856183,0.13531355,0.13438603,0.12674449,0.12291919,0.12837702,0.15150717,0.15945285,0.18757320,0.20569722,0.23059007,0.25344415,0.28706576,0.30743401,0.33453069,0.36493663,0.39937796,0.40117235,0.44231921,0.44018108,0.44157897,0.45848192,0.44908551,0.44242659,0.40957825,0.40630344,0.36756522,0.34017631,0.29348371,0.27138172,0.23230582,0.20059936,0.20523050,0.18938244,0.19097681,0.19048933,0.19427288,0.19946156,0.19109199,0.18562929,0.17976993,0.17215501,0.15642646,0.15719819,0.13057942,0.12820655,0.11336348,0.11108932,0.11461337,0.12108092,0.13624125,0.18435762,0.18351215,0.21471006,0.26498686,0.30783745,0.33989380,0.35290276,0.37905905,0.41435773,0.44294091,0.43799261,0.44701916,0.44284005,0.44536782,0.44218001,0.40964676,0.39070112,0.36311185,0.36382381,0.34611004,0.33817885,0.32412843,0.29537305,0.26365719,0.22215231,0.20832128,0.16422405,0.13850894,0.10844144,0.08679696,0.08406858,0.06717599,0.07453319,0.06393344,0.06144488,0.06861887,0.07792395,0.07809234,0.06964420,0.07891591,0.08585855,0.09163787,0.10093049,0.10621602,0.11032360,0.10918148,0.11424498,0.10701759,0.12516693,0.12317598,0.12967780,0.12409817,0.12671223
0.02008676,0.01658660,0.02535483,0.02195858,0.02938388,0.04210241,0.03065296,0.02824486,0.03010667,0.02658577,0.02782562,0.01417687,0.00369533,0.00177712,0.00276146,0.00224787,0.00278954,0.00557055,0.00389032,-0.00662817,-0.00273241,0.00428581,0.00815061,0.01460460,0.02204562,0.03073911,0.04568735,0.05321449,0.04996047,0.05045128,0.05017450,0.04045820,0.03836987,0.02512320,0.03424773,0.04949491,0.05384826,0.07027806,0.08091896,0.10208556,0.11769125,0.12751337,0.11779699,0.12411108,0.11482459,0.10038534,0.08146308,0.07069131,0.06097134,0.04911250,0.03559138,0.02409047,0.02277652,0.01732235,0.01705820,0.01740298,0.01878427,0.01909904,0.02701182,0.02986321,0.01964790,0.02379428,0.02370208,0.02573162,0.02110879,0.02581943,0.02467228,0.03382753,0.02365844,0.03090108,0.04104820,0.03724977,0.04824869,0.06077019,0.07321779,0.09864102,0.11683192,0.13420621,0.14660050,0.14350823,0.15681445,0.15499750,0.16928321,0.17881908,0.20390209,0.23408350,0.27336722,0.30519461,0.31684639,0.32611402,0.37401537,0.39871987,0.41879015,0.40396395,0.40238011,0.40144899,0.41073338,0.43338422,0.40950894,0.41008594,0.40475875,0.38093575,0.35444441,0.33670981,0.29085715,0.25516869,0.20668192,0.17400369,0.13939764,0.12837750,0.10902599,0.10766884,0.10558930,0.10356521,0.11422232,0.11475839,0.12359269,0.11451813,0.10789867,0.10101599,0.09161579,0.07818593,0.09320044,0.07816973,0.08593326,0.08885306,0.08603728,0.10210376,0.09616065,0.12532695,0.14498971,0.16272184,0.19073083,0.23252707,0.24010672,0.24338210,0.27743383,0.27952253,0.29956225,0.30934591,0.30642171,0.31411290,0.32881841,0.30134759,0.29896926,0.29383866,0.25762925,0.24114786,0.22624041,0.20104098,0.20475688,0.18034581,0.18629601,0.18012312,0.17269644,0.18162341,0.17596387,0.16606821,0.14510919,0.14107475,0.13099686,0.11187276,0.09697057,0.10182900,0.09177225,0.07751564,0.08994319,0.08211027,0.07988702,0.08065129,0.08125906,0.08767350,0.09650716,0.11233485,0.10834195,0.11962268,0.12662228,0.14417016,0.17042109,0.17820291,0.19871401,0.21934815,0.24724221,0.28450668,0.29895426,0.32060731,0.33586332,0.33576257,0.35810484,0.35665604,0.34468351,0.32740216,0.31255657,0.28971931,0.26017091,0.24048918,0.23461553,0.20930904,0.20237094,0.20308963,0.20992788,0.20621315,0.23106774,0.26576956,0.29233828,0.30610624,0.32679536,0.35315589,0.39175648,0.41423340,0.43986641,0.44116217,0.46585787,0.46540804,0.49358139,0.49269966,0.48576364,0.47919163,0.47291471,0.46181360,0.43845851,0.40255729,0.37165831,0.36710368,0.32247111,0.30406841,0.30181030,0.27501218,0.27085265,0.27036218,0.26714779,0.27743543,0.28639528,0.29865679,0.31329356,0.30962639,0.31964895,0.32157329,0.29626739,0.28349582,0.25368907,0.25102490,0.20118026,0.20275756,0.19450204,0.18839634,0.17925461,0.18713926,0.21039990,0.23075233,0.25204802,0.27979564,0.31502958,0.35172363,0.40392496,0.40985412,0.45302375,0.46224161,0.49219501,0.50211470,0.50361953,0.49522544,0.52189685,0.47691543,0.44319237,0.44809286,0.42961465,0.42385672,0.40732983,0.38352342,0.39804940,0.33765824,0.30859816,0.26683816,0.24782792,0.20833312,0.18428713,0.17962395,0.15417022,0.15043960,0.14467053,0.14140178,0.14044736,0.14864094,0.15886369,0.14905123,0.16302422,0.16636947,0.16561193,0.16937959,0.17325301,0.18675411,0.16998719,0.19692345,0.18883427,0.19860244,0.20449663,0.21488828,0.21514771,0.20471727,0.20513131
0.09041568,0.08895820,0.10024818,0.10606411,0.10450847,0.09686884,0.11170664,0.10356418,0.09684261,0.10204193,0.08943941,0.08463626,0.06504489,0.06602315,0.07247075,0.06787914,0.06787161,0.06307031,0.06520471,0.06630139,0.05137749,0.07158561,0.06543467,0.07084394,0.08331135,0.10075913,0.10476660,0.12887698,0.12508633,0.12064995,0.12002771,0.09689963,0.09253136,0.08464157,0.08878517,0.08826592,0.09815569,0.10859404,0.12064969,0.11108355,0.11886186,0.13798840,0.12580946,0.13420650,0.13551000,0.13001000,0.10319032,0.09524007,0.08697464,0.09144560,0.07695191,0.07170669,0.07369521,0.06862387,0.07551367,0.08015347,0.06241658,0.07402413,0.06656131,0.07382285,0.07173627,0.06025024,0.07012412,0.06151759,0.06701836,0.07223104,0.06969326,0.07240227,0.06417038,0.07894981,0.07427114,0.07085281,0.08586776,0.09571633,0.11187278,0.11996037,0.13330129,0.13368264,0.14083459,0.14864420,0.16126394,0.17880823,0.18920091,0.20168982,0.21818915,0.25111651,0.31096520,0.32595722,0.35038984,0.40134562,0.42641136,0.43597177,0.44517139,0.44603816,0.43121255,0.43726270,0.43993697,0.43792890,0.42677141,0.43631915,0.42589575,0.42667801,0.38567734,0.35413120,0.33514900,0.27815072,0.24681245,0.20254058,0.19547346,0.16941610,0.16636926,0.16253479,0.17195386,0.16940023,0.17598117,0.18061325,0.18009466,0.17969293,0.17336648,0.15733150,0.14337384,0.13105378,0.11454524,0.11507799,0.11862979,0.11520504,0.13462924,0.13439346,0.15081508,0.17092157,0.18472478,0.19714915,0.22947043,0.25739906,0.29895976,0.28474476,0.30085321,0.30973459,0.30258531,0.30527602,0.29934366,0.27907560,0.27354675,0.25878954,0.25200575,0.22454830,0.22255357,0.19626738,0.17614266,0.17435576,0.15381551,0.16168718,0.15247144,0.14857938,0.13029674,0.15210170,0.15389881,0.14560945,0.13847680,0.12636765,0.11615681,0.10141574,0.10834510,0.09946804,0.10142737,0.09634977,0.09476153,0.08825341,0.09039093,0.09838265,0.09868503,0.08800826,0.10822168,0.10546505,0.11242020,0.12697371,0.13075421,0.13657642,0.16622210,0.16903372,0.19011640,0.21381695,0.23138673,0.25462057,0.26501218,0.27522011,0.28141167,0.29043048,0.29407006,0.30494431,0.29034874,0.27118564,0.25469184,0.24422231,0.23642123,0.23339404,0.19845276,0.21470634,0.21037045,0.21991205,0.21301606,0.23256650,0.27646209,0.28591172,0.30826900,0.33570736,0.36888878,0.40062050,0.42614045,0.46914328,0.48064143,0.50488205,0.50151502,0.53090759,0.54064128,0.55125377,0.51842166,0.51830651,0.50927284,0.46350381,0.46382840,0.44228225,0.42041192,0.38736800,0.35720668,0.33476193,0.32522824,0.29214157,0.30002278,0.29531184,0.30899415,0.31793464,0.31491774,0.35186720,0.32869322,0.35066673,0.35232155,0.34586073,0.32635345,0.28819970,0.28289861,0.25027621,0.23180854,0.21500947,0.19322728,0.20995153,0.21112620,0.21357789,0.22247067,0.25131947,0.26782853,0.31399445,0.34145493,0.35984017,0.38175838,0.42427921,0.44485499,0.45525189,0.45260496,0.47275944,0.45417438,0.42528531,0.40307660,0.39981896,0.35110606,0.32437618,0.32165636,0.29891031,0.27895912,0.26729240,0.24948039,0.23570484,0.20838092,0.18406235,0.16654015,0.16240668,0.14473705,0.13837313,0.13484002,0.12156560,0.12771222,0.13556448,0.14689218,0.13124809,0.12740590,0.12952161,0.13846099,0.14789801,0.15970908,0.14318280,0.14693120,0.16207387,0.15601753,0.16517746,0.16399173,0.18010029,0.17858678,0.18034014,0.18154877,0.17729024,0.18206268
0.02820312,0.02961323,0.03754114,0.03633227,0.04756661,0.04173637,0.04669899,0.05248444,0.05007671,0.03215624,0.03834822,0.03800106,0.01624475,0.02206217,0.01730919,0.00177421,0.01187564,0.01790898,0.00881191,0.01202532,0.02017187,0.01706651,0.01781198,0.02256365,0.03626699,0.05402575,0.05320932,0.06779476,0.07063444,0.06573081,0.06697376,0.05072631,0.05013019,0.04008081,0.05315833,0.06976784,0.09680150,0.10574571,0.15134469,0.18402475,0.19772662,0.21190332,0.22400498,0.20714318,0.21404495,0.18039189,0.14326358,0.12534482,0.08918953,0.07655814,0.05258299,0.02836509,0.04600525,0.01889040,0.02146925,0.01780908,0.01105107,0.02419857,0.01838855,0.01723180,0.02168767,0.02885901,0.02248589,0.02590558,0.02157022,0.02324705,0.01538479,0.01756164,0.02854127,0.02135132,0.03352798,0.03881234,0.05701755,0.06944331,0.08987391,0.13512820,0.15839173,0.18064025,0.20239334,0.18906979,0.17428573,0.15436083,0.13218160,0.11185330,0.10754655,0.10393556,0.11351351,0.13046351,0.14411197,0.16305642,0.18162395,0.22096773,0.23438357,0.27298164,0.28854809,0.31347674,0.34279026,0.37810175,0.40458369,0.43336717,0.44571672,0.44006754,0.39671795,0.36199860,0.33365624,0.28371503,0.22540321,0.17403796,0.15146657,0.12226199,0.09505465,0.08752916,0.07774296,0.07995311,0.08574988,0.06707093,0.08351001,0.07767995,0.07432513,0.08095877,0.06177918,0.05746785,0.06237030,0.07025865,0.06211062,0.05720407,0.06536865,0.08884576,0.11410118,0.12759160,0.14112409,0.16439745,0.19628971,0.22103223,0.24278070,0.28949692,0.30444011,0.35431918,0.38353174,0.39516016,0.42010832,0.43655980,0.44575061,0.46024873,0.40947109,0.40549403,0.37683475,0.33594596,0.32357209,0.28880808,0.27246498,0.24478814,0.21612788,0.22922104,0.20911654,0.22117521,0.21084555,0.20405644,0.18565743,0.16958981,0.14273285,0.11079010,0.10187705,0.09615558,0.08452608,0.06630162,0.05438968,0.05336518,0.06055167,0.04671582,0.05300677,0.05926190,0.05110310,0.06353357,0.06142067,0.06308820,0.06679773,0.06830150,0.06974969,0.08628446,0.08563883,0.08856645,0.10083435,0.10240659,0.11511486,0.12554086,0.11990307,0.12700482,0.12829514,0.13465616,0.13117905,0.13513767,0.11806975,0.11121532,0.11640969,0.11804069,0.12858983,0.12433675,0.13344944,0.13963513,0.15097556,0.18172609,0.19753302,0.21866029,0.25518270,0.27529081,0.32012893,0.35050169,0.40538626,0.42430663,0.45205248,0.48302509,0.49592105,0.51769157,0.53210811,0.52174546,0.50219313,0.50212234,0.50607032,0.48272619,0.45758110,0.41164442,0.37923757,0.34588472,0.31072528,0.27850096,0.25065997,0.24164623,0.23848744,0.22689311,0.25135456,0.26317162,0.25946192,0.28034926,0.30181936,0.30677970,0.30325715,0.30274328,0.28810683,0.26164392,0.24345092,0.23048379,0.18670422,0.18326174,0.16213267,0.16684173,0.15695001,0.15968779,0.17210015,0.19816163,0.22362485,0.25277398,0.30225541,0.36057788,0.39914236,0.46140776,0.50599900,0.53936922,0.58538537,0.63051779,0.65001344,0.65140291,0.67672808,0.65048399,0.63533295,0.61223141,0.58733520,0.58438284,0.57183514,0.51342755,0.50140681,0.45340165,0.39829669,0.33478836,0.27130350,0.22376755,0.17704730,0.14990220,0.12498912,0.11218993,0.10991894,0.10315370,0.09483801,0.09229283,0.09762917,0.10768281,0.10387129,0.09785997,0.11211449,0.10231897,0.09927118,0.11049432,0.09257083,0.10438475,0.10146015,0.10983924,0.10953546,0.11210108,0.11272240,0.11623833,0.11800958
0.01527401,0.01878701,0.02359642,0.03144015,0.03109170,0.03050372,0.03275114,0.02671349,0.02736205,0.03742117,0.03343667,0.02865913,0.02870572,0.02726495,0.02073312,0.02963472,0.02792536,0.02558122,0.03291867,0.02717247,0.03634329,0.03126371,0.03701178,0.03224887,0.02511617,0.04169007,0.03526042,0.04437887,0.04559440,0.04213835,0.04876595,0.05616312,0.06218547,0.08002182,0.10593673,0.12595655,0.16204395,0.22669220,0.26714500,0.33670067,0.35979402,0.39098169,0.40308927,0.37988572,0.35428306,0.30604575,0.26391604,0.20390349,0.16093477,0.11659489,0.08858362,0.07515184,0.06607383,0.04645151,0.05368624,0.05017426,0.04823155,0.04225191,0.05788969,0.04126344,0.04786538,0.05635337,0.05371114,0.03709544,0.04264879,0.04917135,0.04001504,0.04926245,0.04931725,0.05476485,0.06465517,0.07800826,0.10556120,0.14024156,0.18645171,0.25365183,0.28472014,0.31444367,0.32456666,0.32061252,0.29698247,0.24469033,0.20479362,0.18503320,0.16231810,0.17653615,0.17265027,0.19284282,0.22116031,0.22610484,0.24158431,0.27453519,0.28168362,0.26642722,0.25295205,0.25499872,0.25224632,0.21775773,0.20720814,0.19911501,0.18428845,0.17205035,0.15444788,0.14225033,0.12045485,0.10779877,0.11459136,0.09922109,0.09816903,0.10379447,0.11134861,0.13658943,0.13798158,0.14931275,0.15611288,0.17121284,0.16817520,0.16873473,0.16190745,0.15189783,0.13825027,0.12265695,0.09861055,0.08390759,0.09364347,0.08178673,0.08108145,0.08771054,0.09007399,0.11354014,0.09628759,0.12920012,0.14674979,0.17207944,0.21125849,0.25374719,0.28069838,0.32777801,0.40419908,0.47108142,0.52056591,0.56714329,0.60483260,0.64593800,0.64697882,0.61301145,0.58321856,0.53846104,0.49125289,0.41633878,0.35958868,0.30493947,0.24622831,0.22677378,0.17776211,0.14518659,0.13338649,0.11246524,0.10802072,0.10406673,0.10564461,0.08953702,0.08583569,0.08333551,0.08607327,0.06554767,0.07544790,0.08274542,0.08310361,0.08031083,0.08858040,0.08380046,0.07800718,0.09144587,0.08785503,0.08318690,0.08864459,0.08341808,0.07835974,0.08212557,0.10013866,0.10303024,0.10316410,0.10372564,0.09796571,0.09777333,0.11264249,0.11166855,0.10600497,0.12278736,0.11172951,0.11607474,0.10063111,0.11100418,0.10375554,0.10848526,0.11363682,0.10383233,0.10948347,0.11019105,0.10144805,0.11450233,0.12632328,0.13670297,0.13176933,0.15469637,0.15425084,0.16695583,0.18552794,0.21555449,0.22223589,0.24221068,0.25940996,0.28686501,0.31297643,0.31354360,0.33879176,0.36289333,0.36756476,0.38765483,0.35558725,0.34696422,0.34721401,0.32205489,0.29769718,0.27813023,0.24581195,0.24445628,0.21758963,0.20249164,0.19580667,0.17043411,0.17160306,0.16673598,0.15796601,0.15898072,0.16058602,0.16034669,0.13730451,0.13677689,0.14590033,0.14329897,0.13403986,0.12599428,0.14984587,0.16086176,0.16392762,0.18223634,0.21028552,0.23441982,0.25625504,0.27725119,0.30869440,0.33897541,0.38004535,0.41859080,0.46804529,0.51174627,0.57703603,0.62832659,0.67150628,0.69215164,0.69973888,0.70191276,0.68145487,0.66628500,0.66051819,0.63465421,0.61872069,0.57803020,0.55456493,0.52164247,0.46713678,0.39057325,0.31168065,0.26964056,0.21595611,0.17352288,0.14604516,0.14008128,0.12842949,0.11994561,0.12144377,0.13249194,0.12898906,0.11345925,0.11748510,0.11791691,0.11287967,0.12736561,0.12631986,0.11345609,0.12481549,0.12529455,0.12591823,0.12000800,0.11792865,0.12042520,0.12145975,0.11914706,0.12872644
0.01747299,0.01657978,0.01574268,0.03067329,0.03158648,0.03493616,0.03864248,0.04856246,0.03255890,0.03280770,0.00860492,0.02649260,0.01152042,0.00436162,-0.00144619,-0.00818050,0.00035580,0.00995723,0.00781863,-0.00721077,0.00218773,-0.00157233,0.01155600,0.01724794,0.00720489,0.02730892,0.04467174,0.05580800,0.06740921,0.06314329,0.05831795,0.03226071,0.03616425,0.02844020,0.01441830,0.01417557,0.02410053,0.02683218,0.03005944,0.03862649,0.05251820,0.05462379,0.06539222,0.05583428,0.04588476,0.05133244,0.04047588,0.03105520,0.01430743,0.02750184,0.02390863,0.01945464,0.01489359,0.00767158,0.01919900,0.00984257,0.01453173,0.00951930,0.00928777,0.02039787,0.01140805,0.01286666,0.01561924,0.01454008,0.00877318,0.00873236,0.00820013,0.01367383,0.02045388,0.02040441,0.02458971,0.02124559,0.02448994,0.03184886,0.03835918,0.04417917,0.05451541,0.06742509,0.06321494,0.07464174,0.07923387,0.07730154,0.08723146,0.09347172,0.11929038,0.12608606,0.16737217,0.19108817,0.20978834,0.24206516,0.25733696,0.29121546,0.31551422,0.33186811,0.35287628,0.36832950,0.40452976,0.43660655,0.44021705,0.43725505,0.43782407,0.41603335,0.40788267,0.36299355,0.31329164,0.27387594,0.23765064,0.18198434,0.14742191,0.12937146,0.10236258,0.10037143,0.08635790,0.10433856,0.10078720,0.10562385,0.11702296,0.10651905,0.11354091,0.08890373,0.07349847,0.07766539,0.07015322,0.05610816,0.06368272,0.05951469,0.07362986,0.07835274,0.10042662,0.11760753,0.12796172,0.15113570,0.17045974,0.19707531,0.20674131,0.23493755,0.23694042,0.25836712,0.24224982,0.24091507,0.22954345,0.22706985,0.22364818,0.19848390,0.19268768,0.17257028,0.15890982,0.14372815,0.13405324,0.13476388,0.13255829,0.14662007,0.13972093,0.15814139,0.17846469,0.18192131,0.19045662,0.19049700,0.17269968,0.14962123,0.14182483,0.10984948,0.08527543,0.06539596,0.06888571,0.06293844,0.06643468,0.05850493,0.05874371,0.06439264,0.06137342,0.05994420,0.05859191,0.06078715,0.06252301,0.07120727,0.07872677,0.08977700,0.09287661,0.09786136,0.10058300,0.12198276,0.13981991,0.15442111,0.15109929,0.16241651,0.17194114,0.16845765,0.17684039,0.18464026,0.18045637,0.17212285,0.15470959,0.15974105,0.15234336,0.15874093,0.15496365,0.14825027,0.14845700,0.15261470,0.16517245,0.18833358,0.21328497,0.24228947,0.25472498,0.29614283,0.33880462,0.36967311,0.39798569,0.44872884,0.46877545,0.49559260,0.51549814,0.52651255,0.56813551,0.56419306,0.57043708,0.56034379,0.55660952,0.54587187,0.51860919,0.48991447,0.44179615,0.40980460,0.37271225,0.32597722,0.30288815,0.28382758,0.27232442,0.26020643,0.27065139,0.28037510,0.30497819,0.28698588,0.31035142,0.32286985,0.32443965,0.32505740,0.30659724,0.29242312,0.27199077,0.21212554,0.22757291,0.20011636,0.17760638,0.17726222,0.18208011,0.18499174,0.19867665,0.24128379,0.26929085,0.29205969,0.32648973,0.37665994,0.41860100,0.45201431,0.46867698,0.49976569,0.49951117,0.49921546,0.50152371,0.47059478,0.43999452,0.43486985,0.42069293,0.40621595,0.37636021,0.37253532,0.37632035,0.34033680,0.31738006,0.28984030,0.26012770,0.23550822,0.19686942,0.17556450,0.15629983,0.13562697,0.11958039,0.12654434,0.11703850,0.12080775,0.11831481,0.11133191,0.12462436,0.12197468,0.12301665,0.12457320,0.12777599,0.13156311,0.13173733,0.13632198,0.13725099,0.12916780,0.14399245,0.14926792,0.14600358,0.14469775,0.14952388,0.14551298,0.14545907
-0.00192563,0.00788423,0.00561069,0.01905019,0.02529277,0.02865824,0.02920269,0.02826253,0.03143807,0.01740937,0.00432200,-0.00619350,-0.00677547,-0.00846534,-0.01871178,-0.03026652,-0.02642684,-0.02558324,-0.03241582,-0.01837303,-0.01537178,-0.02042869,-0.01716529,-0.00534601,0.00026800,0.02064097,0.04064073,0.04250559,0.04586672,0.04880994,0.03174993,0.01432821,0.01080761,0.00383997,-0.01697646,-0.01209980,-0.01251641,-0.00011905,-0.00130986,0.00621594,0.00943649,0.01863934,0.02006034,0.01687390,0.01994571,0.00919009,-0.00201997,-0.00866753,-0.01138287,-0.01763374,-0.02419366,-0.03010143,-0.03500778,-0.02478540,-0.02313112,-0.03077711,-0.02253094,-0.01903636,-0.01946492,-0.02681858,-0.02324134,-0.01497837,-0.02566944,-0.02629115,-0.02275544,-0.02744819,-0.02188611,-0.02030743,-0.02464946,-0.02665759,-0.01998916,-0.01715375,-0.02146565,-0.00791367,-0.01019951,0.00061804,0.01566477,0.02092263,0.01723316,0.03616406,0.02683511,0.03247940,0.04171842,0.05508384,0.06609195,0.09105024,0.11473145,0.15818190,0.18766356,0.20844759,0.22970997,0.24765085,0.25760901,0.27824796,0.28568628,0.29182865,0.29978380,0.29741838,0.33060401,0.33751362,0.35426634,0.34457727,0.31207932,0.29794143,0.27611843,0.22657447,0.17152112,0.13942051,0.09991801,0.07405617,0.05212378,0.05814385,0.06357199,0.06426954,0.07281004,0.08259223,0.08058030,0.08628160,0.08425000,0.06162049,0.03987100,0.03040070,0.02219761,0.01850228,0.02050840,0.01552532,0.01653298,0.03130151,0.04656407,0.06960982,0.09817782,0.12066717,0.15083876,0.17521769,0.19004679,0.20649232,0.21888279,0.21656116,0.21329288,0.20480061,0.17623519,0.17500414,0.15710184,0.13178272,0.11925449,0.09806942,0.07794776,0.06016257,0.05330199,0.04018484,0.03124785,0.02676152,0.03364380,0.03261106,0.01813159,0.02942960,0.02756476,0.03177634,0.02468824,0.01320311,0.00305446,-0.00734891,-0.01008570,-0.01408304,-0.01778231,-0.02853213,-0.02465806,-0.01479650,-0.02272834,-0.02187699,-0.01759738,-0.01859838,-0.02571295,-0.02552491,-0.01639569,-0.01187369,-0.00927778,-0.00856404,0.01156886,0.02387878,0.02926848,0.02790042,0.02814801,0.05565587,0.06106914,0.06816835,0.07226649,0.08025245,0.06750641,0.07856176,0.05593259,0.06651381,0.06332464,0.06493383,0.05159870,0.05293920,0.05697877,0.06001921,0.07126410,0.07178182,0.10006996,0.11269409,0.14053986,0.17030894,0.20716994,0.23890622,0.27925172,0.31082393,0.34268667,0.35611739,0.38544254,0.40740260,0.42422305,0.43635508,0.43140132,0.42518274,0.41128521,0.41925672,0.39472618,0.37676636,0.34836770,0.32125947,0.28199110,0.27422336,0.23303763,0.20662835,0.19213500,0.17973479,0.17481085,0.17461589,0.19260962,0.20435252,0.21914036,0.25334996,0.26020788,0.26124717,0.25573744,0.26106682,0.25122320,0.21653716,0.17890703,0.16526107,0.12995362,0.10045447,0.08806936,0.07900123,0.07817180,0.06964762,0.09460665,0.10055928,0.12263175,0.15696867,0.18498820,0.21549596,0.24580185,0.26662945,0.29899685,0.29691469,0.31710808,0.32240754,0.31505855,0.29604012,0.26759618,0.22935720,0.22287163,0.18569349,0.15851051,0.14046015,0.11174808,0.09898205,0.08050578,0.05771963,0.05427670,0.03895621,0.01367683,0.00647909,-0.00517004,-0.02212479,-0.01725739,-0.01474291,-0.01148119,-0.01722327,-0.01955871,-0.02517927,-0.02284272,-0.02751316,-0.01591945,-0.01357604,-0.01037815,-0.00798542,-0.01791173,-0.01164763,-0.00520443,-0.00289210,-0.00120448,0.00134163,-0.00569135,-0.00921868,0.00021573,0.00106389,-0.00186964
0.02117566,0.03004424,0.02618917,0.01773710,0.02527230,0.03005316,0.02878947,0.03159448,0.02747722,0.01255302,0.01625389,0.00553982,0.01577177,0.00819616,0.00447842,0.00821157,0.00606464,0.00987991,0.00762866,0.00777178,0.00248479,0.00938590,0.01236460,0.01181175,0.02558267,0.02983016,0.03754807,0.03455613,0.04047078,0.04168325,0.02803942,0.03416255,0.02777064,0.02188183,0.01137314,0.01774763,0.01917837,0.02222141,0.03169166,0.03655536,0.03721224,0.03668576,0.03614299,0.03509736,0.02776827,0.02355727,0.01935817,0.02291137,0.01828194,0.01695885,0.01486684,0.00498985,0.02512585,0.01369318,0.01167121,0.01659964,0.01319708,0.01850870,0.01469530,0.01020641,0.01498750,0.02572729,0.00829310,0.00577038,0.01566981,0.00573305,0.01748063,0.02083941,0.01721165,0.02473528,0.02042858,0.02070221,0.01973322,0.03131165,0.03716172,0.04094448,0.05690879,0.06734756,0.08254391,0.07669550,0.10092327,0.12212159,0.15929152,0.18203121,0.24134238,0.26995743,0.32694758,0.38504128,0.43343874,0.46476721,0.49164675,0.49139124,0.52766995,0.51250454,0.50375745,0.48379106,0.46436346,0.43683893,0.42767926,0.39273291,0.35460553,0.34062909,0.28679195,0.25873535,0.22693828,0.18278696,0.15681075,0.13476735,0.12096783,0.11841309,0.13562371,0.13950147,0.15947130,0.18446685,0.17811757,0.18982220,0.20389857,0.19242346,0.18057795,0.13636403,0.13019759,0.11406479,0.08169542,0.07690505,0.08103258,0.05821705,0.06919554,0.06785477,0.07001888,0.08594015,0.10088196,0.12092271,0.12698513,0.12133429,0.14806491,0.15556183,0.16048057,0.15112210,0.15470999,0.16517340,0.15171655,0.13965204,0.12630466,0.12096101,0.11463823,0.10115938,0.10423139,0.09552587,0.09222886,0.09330784,0.09338261,0.10038791,0.11045656,0.12559728,0.13023069,0.13584103,0.13865366,0.11837197,0.11509057,0.08459257,0.07934128,0.07348560,0.05786464,0.06024555,0.04558776,0.05554653,0.04610799,0.05009956,0.05249767,0.06501603,0.04645830,0.06789911,0.06111753,0.05856507,0.07743802,0.08371997,0.08783025,0.09998450,0.12385774,0.13959444,0.14790990,0.17517119,0.19093527,0.22142414,0.21750709,0.23760408,0.25738581,0.25379917,0.25393307,0.25565901,0.23381983,0.21625353,0.20408875,0.17940310,0.18074837,0.15099673,0.14769860,0.14008007,0.14302264,0.14223728,0.14463458,0.16684135,0.17054879,0.19710166,0.21652071,0.24223358,0.27707852,0.31272792,0.32934325,0.37754556,0.42580765,0.46814909,0.50402154,0.52399958,0.53877137,0.57227753,0.60215631,0.60106378,0.62163694,0.59050356,0.58147154,0.54847918,0.51991972,0.45273926,0.43102089,0.38774368,0.33749743,0.30670473,0.28039792,0.25947700,0.24407647,0.24971432,0.22656329,0.22397912,0.24293722,0.22855500,0.22198754,0.22089203,0.21061013,0.18197966,0.17342076,0.15934952,0.14844066,0.16321793,0.17324535,0.16666704,0.19285408,0.22503310,0.25823439,0.29076467,0.34382601,0.38756603,0.40587422,0.44900519,0.44253249,0.48101221,0.47906508,0.46547552,0.43559813,0.41763060,0.37051563,0.35584002,0.33157963,0.30218799,0.27694712,0.27443036,0.25999133,0.23707843,0.22737304,0.21563315,0.19727381,0.17323423,0.15354983,0.14399072,0.10765475,0.10750976,0.09748914,0.09105372,0.08323122,0.08262834,0.08922366,0.09218518,0.08173037,0.09291235,0.10300912,0.10401386,0.10860364,0.11453358,0.10648002,0.10706374,0.11406180,0.12743575,0.13310579,0.12623807,0.12177115,0.12252288,0.14298717,0.13689713,0.14302375,0.13889703,0.13088319
0.01122144,0.01089673,0.01833590,0.01961800,0.00969203,0.02469047,0.01783556,0.03008681,0.01509318,0.00682059,-0.00713238,-0.00566326,-0.01190994,-0.01223336,-0.01784137,-0.02397233,-0.01415566,-0.01839774,-0.01062329,-0.01809288,-0.02738243,-0.01685640,-0.01702987,-0.00147579,0.00438699,0.01303122,0.01276877,0.01819839,0.03228346,0.02924477,0.01708334,0.01342646,0.00012882,-0.00735047,0.00160198,-0.01418890,0.00464178,-0.00596621,-0.00659903,-0.00349768,0.00634578,0.00519704,-0.00039707,0.00194316,0.01155520,-0.01053721,-0.00137169,-0.00723719,-0.00050418,0.00688891,-0.00555833,-0.00852296,-0.00956250,-0.01074630,-0.00510214,-0.00595915,-0.02053980,-0.00876205,-0.01375892,-0.01169335,0.00209642,-0.00606054,-0.00179968,-0.01471965,-0.00775416,-0.01268045,-0.01195687,-0.01065074,-0.00274561,-0.01043221,-0.01428299,0.00229526,0.00376350,-0.01003320,0.00190530,0.01139647,0.01267173,0.03144580,0.03152407,0.05576083,0.06891067,0.09604968,0.12206570,0.16063568,0.20232749,0.25233259,0.29883281,0.35995318,0.41566997,0.42845081,0.47168190,0.50702776,0.48438890,0.50072369,0.46334838,0.45728302,0.43959150,0.43160501,0.41979611,0.37053787,0.35929308,0.33752264,0.32230110,0.29348107,0.24602934,0.21127224,0.17011575,0.13141249,0.11696782,0.09283704,0.08538569,0.08483857,0.09817368,0.10807700,0.11804920,0.10681072,0.12567831,0.11369240,0.11296678,0.10409960,0.09387482,0.06912418,0.05984940,0.04964187,0.04215914,0.04643967,0.04500639,0.05388935,0.05825360,0.06731249,0.09054721,0.10679117,0.12143444,0.14125977,0.15530960,0.15381047,0.16019170,0.16765352,0.15412413,0.15568902,0.13097794,0.12743148,0.11538460,0.10466799,0.09616845,0.08125005,0.06270937,0.06119844,0.05323668,0.05592976,0.05979069,0.05680896,0.06651733,0.07217521,0.09636611,0.08915272,0.07809553,0.08018793,0.06874485,0.07125377,0.06096860,0.04210166,0.05211406,0.03967928,0.04035691,0.02661070,0.02105306,0.02607409,0.02482472,0.02352130,0.02187141,0.02865920,0.04135411,0.04485109,0.04834803,0.06090836,0.07748973,0.10173037,0.12004107,0.13973451,0.17395590,0.20206020,0.22913345,0.25826657,0.29500070,0.31779275,0.34982357,0.35977870,0.34923182,0.36593022,0.34676870,0.32361314,0.30746129,0.28093485,0.25234991,0.22711726,0.20617820,0.17418698,0.16918304,0.15721873,0.16999879,0.16623087,0.17489373,0.19115732,0.20532621,0.23085125,0.25545924,0.28655336,0.32226003,0.35030066,0.36911631,0.41103497,0.39692562,0.44090027,0.45081941,0.44763588,0.49624617,0.49495868,0.47154292,0.46936112,0.47483594,0.41877150,0.39991217,0.37975841,0.35543788,0.30769443,0.28889600,0.25336435,0.23628028,0.23774845,0.22100919,0.21534799,0.23169037,0.24476692,0.24505017,0.24560347,0.25572180,0.23361995,0.23428779,0.21232105,0.18413894,0.17549882,0.16038293,0.15458763,0.13469667,0.13134086,0.13522819,0.15440338,0.16680584,0.19049088,0.21115060,0.25019597,0.28035826,0.32570644,0.33882221,0.35706776,0.37000916,0.35745754,0.35293129,0.35027924,0.33893673,0.30659716,0.28043558,0.24887153,0.25061506,0.22619655,0.21008017,0.18855809,0.17777546,0.18102325,0.16325236,0.13579306,0.11609089,0.11776947,0.10106839,0.08392183,0.08331920,0.07595494,0.07816876,0.06549936,0.07755538,0.07138137,0.07363679,0.08463214,0.08363422,0.09838619,0.09894787,0.09417395,0.10677063,0.10936159,0.11444513,0.11259036,0.12239683,0.14054829,0.14688793,0.14801416,0.14824637,0.16383018,0.15661232,0.16566901,0.16635466
-0.00109765,-0.00550583,-0.00479167,-0.00710840,0.00346341,-0.00491740,-0.00140294,0.00238369,-0.00567758,-0.01376548,-0.02706490,-0.02222079,-0.03109169,-0.04059625,-0.04955364,-0.04468116,-0.04513417,-0.04194158,-0.05348557,-0.05280212,-0.04372930,-0.03353082,-0.04782016,-0.03972335,-0.01892042,-0.00831857,-0.00269898,0.01423318,0.01721898,0.01630676,0.00542335,-0.00674124,-0.01726727,-0.01858108,-0.02225831,-0.01540456,-0.01287857,-0.01658296,0.00128709,0.00549174,0.00994410,0.01884091,0.00401818,0.01033929,0.00475522,0.01220621,-0.00808271,-0.01226816,-0.01107846,-0.02171734,-0.02332418,-0.03607941,-0.04138375,-0.03000672,-0.03718404,-0.02960052,-0.03870133,-0.02967549,-0.03063222,-0.03650471,-0.03532551,-0.03181612,-0.03053577,-0.03655603,-0.04299111,-0.03115061,-0.03013519,-0.02713672,-0.03003082,-0.03439521,-0.01763283,-0.02536854,-0.02447384,-0.01534489,-0.01254473,0.00978384,0.01576906,0.03027896,0.03724073,0.05517120,0.07982229,0.08693933,0.10295817,0.13414117,0.16305089,0.21685624,0.25479349,0.29129547,0.34230367,0.35560750,0.39076556,0.39726256,0.39128852,0.37268634,0.34350892,0.32853207,0.30362076,0.30462667,0.30338046,0.29173303,0.28849514,0.27926260,0.26968756,0.23308624,0.21280975,0.17135831,0.14196021,0.11718341,0.08417372,0.05700201,0.04284304,0.02715712,0.00826023,0.01735782,0.01333612,0.01429393,0.00000170,0.00415085,0.00628877,0.01112425,0.01139514,0.00538577,0.00556141,0.00000898,0.00576110,0.00508909,0.00564938,0.02719620,0.03292895,0.05929328,0.08269238,0.09648134,0.12345893,0.14920186,0.15909206,0.17399642,0.18570815,0.20329745,0.18423247,0.19246976,0.17488247,0.17189951,0.16326342,0.14275609,0.12463383,0.12014453,0.08955752,0.08242509,0.07329055,0.06536120,0.06089301,0.04498949,0.04291686,0.03876680,0.04182917,0.03320943,0.04514674,0.03965389,0.02298529,0.03061132,0.02393044,0.01774416,0.00697975,0.00597243,0.00777500,0.00848704,0.00881673,0.00752020,0.00683996,0.01088618,0.01778359,0.01596738,0.02442692,0.03725071,0.04667412,0.05505682,0.07512739,0.09730142,0.12426019,0.16132085,0.20570607,0.22873969,0.27027715,0.31455776,0.36340805,0.39827900,0.41509389,0.43165676,0.46122878,0.45242377,0.44109738,0.41262622,0.37295886,0.35787296,0.31514676,0.28178858,0.23578935,0.20884164,0.19228154,0.16771937,0.17586680,0.17572235,0.17005849,0.18335690,0.20774283,0.22335423,0.25102979,0.25770805,0.29378173,0.29193112,0.30873970,0.31188549,0.32842598,0.30495310,0.29455860,0.28157664,0.25915364,0.23661549,0.24175136,0.20746789,0.19513945,0.18069125,0.16198120,0.14593616,0.12833566,0.11207780,0.10797121,0.11267150,0.11671755,0.13887438,0.13350357,0.16529560,0.18469919,0.21204727,0.22604161,0.23532762,0.24416094,0.24822696,0.21467792,0.21168385,0.18623938,0.17619569,0.15391158,0.12851392,0.10724258,0.07992610,0.08687140,0.06387732,0.07089560,0.06779010,0.07951545,0.09380701,0.11755716,0.12773217,0.14596732,0.16669784,0.20485494,0.21020688,0.24571078,0.25900857,0.25441065,0.26196876,0.26656626,0.23678903,0.22848920,0.20690963,0.20617321,0.17501089,0.16280624,0.15757969,0.14515532,0.12761082,0.11165920,0.10571710,0.08454972,0.07629876,0.07455266,0.05350846,0.06077389,0.05517013,0.05912423,0.06210941,0.05448850,0.07301729,0.07835169,0.08829714,0.07681722,0.09586598,0.10102880,0.11023160,0.11637810,0.12963950,0.14411762,0.14521369,0.15279314,0.15012448,0.15781759,0.15841447,0.17505297,0.16928317,0.17384923
0.02549758,0.01813004,0.01510443,0.02356497,0.01380091,0.01614358,0.00995099,-0.00273867,-0.00262555,0.00216107,0.01247827,-0.00204278,-0.00345185,-0.00199272,-0.00728073,-0.00934955,0.00279562,0.00272711,-0.00845038,-0.00070715,-0.00440146,0.00286758,-0.00638218,0.00123335,0.00475088,0.00187992,0.00424089,0.00395746,0.00824284,0.00590765,0.01817960,0.01399349,0.01310876,0.01609331,0.02581353,0.02741945,0.04795676,0.07161040,0.08531653,0.09388723,0.11361296,0.13567488,0.12480203,0.15174170,0.12346915,0.11610492,0.10165182,0.07445016,0.05393461,0.04792767,0.03298306,0.01659199,0.01878192,0.00721108,0.01130158,-0.00090656,-0.00042014,-0.00512185,-0.00482984,0.00478295,0.00394306,-0.00269504,-0.00007232,0.00981717,0.00121987,0.00128264,0.01237846,0.00303443,0.00521483,0.01236466,0.01395243,0.00991974,0.02720110,0.03401021,0.05255401,0.08036395,0.11744652,0.13048686,0.15508763,0.15622062,0.15569466,0.16831634,0.19148477,0.21290283,0.24210272,0.27210876,0.31237342,0.36044546,0.41766645,0.44370246,0.46658844,0.48573203,0.48307628,0.47077597,0.46485496,0.44661346,0.39815470,0.37349729,0.35606117,0.30747673,0.28245795,0.22787758,0.20614514,0.17504464,0.14573399,0.11419430,0.10218166,0.08880407,0.06536311,0.05400950,0.05441719,0.05342466,0.05623596,0.06530599,0.07781375,0.07469668,0.08624189,0.07924786,0.06912744,0.07698322,0.05851694,0.05602038,0.03700373,0.02739456,0.03365876,0.03268940,0.02403255,0.02659638,0.04156788,0.03773061,0.05530374,0.05229308,0.06434120,0.07726482,0.09378236,0.09536224,0.11718833,0.14327381,0.16157952,0.19789179,0.20951937,0.22854533,0.24015677,0.25247111,0.26168430,0.24316106,0.23687469,0.23036867,0.20169689,0.17815855,0.17090348,0.14622031,0.15059552,0.14616141,0.13433064,0.13949650,0.13193197,0.11490991,0.11829194,0.10292525,0.06972051,0.07642421,0.03990585,0.04412877,0.03385187,0.02839847,0.03109456,0.03609113,0.02849574,0.03115708,0.03908906,0.04319786,0.04364450,0.04940645,0.07086438,0.07851889,0.08893636,0.11358623,0.15157485,0.16700806,0.19732429,0.22397005,0.26986745,0.32401253,0.35762429,0.37449084,0.39697675,0.44020980,0.43267800,0.43106464,0.41614526,0.40824170,0.37053278,0.33164444,0.31418461,0.26992914,0.23047789,0.19489802,0.16303119,0.14883436,0.12917619,0.11860541,0.10696292,0.10377489,0.10408147,0.12019590,0.12759463,0.13828020,0.15528581,0.18456475,0.19180904,0.21688559,0.24976612,0.27128863,0.29702882,0.29512724,0.33430838,0.32961150,0.34067831,0.35028579,0.34640090,0.29355100,0.29844480,0.28345882,0.24726709,0.22662076,0.19971819,0.16612421,0.15562441,0.13909206,0.12200906,0.11822763,0.11073568,0.10206917,0.10237269,0.10259838,0.10302921,0.10484818,0.09222045,0.08626697,0.09010881,0.08568715,0.07944670,0.07361060,0.07524248,0.09259013,0.07804210,0.09801588,0.11556015,0.13295833,0.16215037,0.17931329,0.22204142,0.25984136,0.28783113,0.30842576,0.33127465,0.34574261,0.36997869,0.38142214,0.37945945,0.39450115,0.40826418,0.39885543,0.36718762,0.38200246,0.36480713,0.37306898,0.35372110,0.35469395,0.31901394,0.29482677,0.26174284,0.21557564,0.19311702,0.14563069,0.12369545,0.09930913,0.08002566,0.08116498,0.06386185,0.07059301,0.08184354,0.08304912,0.08639117,0.08626680,0.09356197,0.09510802,0.11027651,0.11622461,0.12183807,0.12472496,0.14187704,0.14979157,0.14315738,0.15264684,0.17022854,0.16237345,0.17579343,0.17346443,0.17691077
-0.02856043,-0.01795830,-0.00889015,-0.01053950,0.01089700,0.01664052,0.00815232,0.00432639,0.00660562,-0.00286240,-0.00194351,-0.01690366,-0.01960117,-0.02500057,-0.03015063,-0.03531396,-0.02814352,-0.03288579,-0.03166138,-0.02955398,-0.02704508,-0.02769907,-0.02899357,-0.01653450,-0.01461011,0.01044284,0.02276046,0.03041092,0.03528717,0.02203776,0.02290912,0.01617822,0.00252656,-0.00422902,0.00504290,0.00494139,0.01843969,0.03903257,0.05827562,0.06344315,0.07842843,0.09405319,0.08770152,0.09189157,0.09134232,0.07129123,0.05665562,0.04000780,0.02348533,0.00565270,-0.00478726,-0.00217290,-0.01214986,-0.01577687,-0.02669146,-0.00906278,-0.01256368,-0.02648294,-0.02563452,-0.02903363,-0.01767628,-0.01646930,-0.01929016,-0.01370236,-0.01404058,-0.01898890,-0.02917130,-0.01570565,-0.00713039,-0.01195473,-0.00690466,-0.00729069,0.00243189,0.02148168,0.02447470,0.05292818,0.07370745,0.08435382,0.08990222,0.08967229,0.09563883,0.07866193,0.06853990,0.07117267,0.06867756,0.08782294,0.09682705,0.09803131,0.11976816,0.13928429,0.16717411,0.18684479,0.22164759,0.22963534,0.26291784,0.28800001,0.31684699,0.34968433,0.37350864,0.39936036,0.38512038,0.39980665,0.37191177,0.34233457,0.30786228,0.24405293,0.21162932,0.15413700,0.12077650,0.09145435,0.05552038,0.04804274,0.04477363,0.04059123,0.04027904,0.04635913,0.04811800,0.04654926,0.03278990,0.03640774,0.03908456,0.03020528,0.02616264,0.02678562,0.02141214,0.03934254,0.03571335,0.04812419,0.06985643,0.09794756,0.11302652,0.14106329,0.16867314,0.19049891,0.22063685,0.23833073,0.24060542,0.26071018,0.26228514,0.28520526,0.28979238,0.30201088,0.28314142,0.28236660,0.26880861,0.24837526,0.23355792,0.21184017,0.18538205,0.17042886,0.15817407,0.15665433,0.15194398,0.14633675,0.15629853,0.16176296,0.15736831,0.15801846,0.13745581,0.11541401,0.10068262,0.07289338,0.05942228,0.03524551,0.03943245,0.02700813,0.03560814,0.03320166,0.02609702,0.02082871,0.03345517,0.01631405,0.03330216,0.02691862,0.02977591,0.04213482,0.03574438,0.05388824,0.05211929,0.05603833,0.07096840,0.08245308,0.08566680,0.09447064,0.09966389,0.11803510,0.12050840,0.12647714,0.12049104,0.12505696,0.12581345,0.11124294,0.12360591,0.11428857,0.10553595,0.10224823,0.09703400,0.09701011,0.10894018,0.11950496,0.13118007,0.14094060,0.16937260,0.19713162,0.22975703,0.27065734,0.29612385,0.33944777,0.37751813,0.41109322,0.43384455,0.44951929,0.48295538,0.48146923,0.49659623,0.50840561,0.48506325,0.49286139,0.45027311,0.42766396,0.40784391,0.37203779,0.35913316,0.31431902,0.28433489,0.26008598,0.22600478,0.21844333,0.21627947,0.20390736,0.22055504,0.22200290,0.25492180,0.26790114,0.28461064,0.28370033,0.28747376,0.28404664,0.26839121,0.25646538,0.22570956,0.21261043,0.18735386,0.16076326,0.12573580,0.11388840,0.11260990,0.12249605,0.12385678,0.15593975,0.18184547,0.21596245,0.25286812,0.30164342,0.34111015,0.38509134,0.42603609,0.48116211,0.50336202,0.50304515,0.51455028,0.51853569,0.49925028,0.49113277,0.46892943,0.45658066,0.44076916,0.41860282,0.41776131,0.39351247,0.35734158,0.31645697,0.28031910,0.23842343,0.20013966,0.16090378,0.13371876,0.11175161,0.09174807,0.07576293,0.08118281,0.07212949,0.07797529,0.07650440,0.06581846,0.07374335,0.06121459,0.06718779,0.07521760,0.08808035,0.08192531,0.07708317,0.06762934,0.08772576,0.09162053,0.08767434,0.10679653,0.09500789,0.09961690,0.09025335,0.09510932
0.02685121,0.03164177,0.03355750,0.03734023,0.04683041,0.04060782,0.05540139,0.04795604,0.04199173,0.03765920,0.02694889,0.01948957,0.01452493,0.00424006,0.00609757,0.01200424,0.00480610,-0.00708019,-0.00710709,0.00341663,0.00209936,0.00973077,0.00312212,0.01503908,0.02718023,0.02893034,0.05139897,0.06692450,0.06381220,0.07765368,0.06422608,0.04263116,0.05029777,0.04010417,0.04873957,0.03926530,0.05560276,0.08244114,0.09401973,0.10946000,0.14366390,0.15419662,0.15909878,0.14007841,0.14390483,0.12304843,0.11364733,0.08603294,0.06977270,0.04331721,0.04054317,0.02678484,0.02605867,0.01625605,0.00550781,0.01143691,0.01749332,0.00329760,0.00816002,0.01016424,0.00187872,-0.00010749,0.00274889,0.00732368,0.01329974,0.00936598,0.01129310,-0.00537826,0.00674318,0.01613619,0.01896760,0.01842790,0.03209720,0.04286147,0.05331481,0.08293155,0.11878375,0.12133998,0.14513131,0.14417189,0.13915148,0.13540600,0.12060396,0.12250024,0.12816727,0.13489641,0.14259781,0.15768359,0.19412754,0.19990817,0.20940976,0.20496907,0.22573344,0.22621118,0.23709945,0.24421115,0.24325431,0.24522067,0.26447181,0.29356953,0.31170889,0.31333955,0.31320223,0.30883558,0.27666626,0.25007358,0.21191771,0.17594016,0.13548049,0.10080323,0.08448695,0.07056964,0.04768279,0.06512751,0.05974548,0.04738380,0.04837183,0.05827834,0.05598580,0.04909929,0.05111624,0.04287326,0.04019254,0.05188656,0.04889397,0.04550932,0.05438391,0.06970823,0.07512384,0.10074154,0.11819788,0.15284274,0.18389755,0.19984941,0.23605635,0.27112524,0.28222025,0.31544531,0.32593598,0.33969630,0.36060097,0.35495280,0.35553483,0.34896870,0.34849254,0.30453434,0.29632011,0.26758212,0.23910258,0.20456335,0.17778093,0.15795026,0.13045520,0.11557284,0.09101606,0.08438449,0.06587397,0.06386530,0.06750049,0.05206659,0.04822258,0.03799565,0.03734232,0.03781284,0.02783515,0.02805612,0.03335163,0.03114066,0.02494552,0.01733991,0.03822605,0.03489803,0.03691316,0.04386415,0.04560265,0.04588622,0.05863983,0.06240357,0.08403022,0.08132674,0.10423385,0.12598351,0.13407278,0.15319777,0.16037597,0.17882292,0.20669268,0.20526927,0.20806017,0.21019839,0.19716271,0.20901517,0.19030793,0.18325738,0.16555911,0.15009000,0.14078771,0.13387589,0.14340407,0.13835139,0.14999364,0.14463355,0.17600684,0.19499691,0.23603279,0.25414948,0.27874986,0.31228117,0.33530974,0.35471604,0.38689327,0.37458984,0.38403437,0.37684151,0.35984105,0.34177360,0.33678789,0.30372767,0.29093390,0.27248229,0.23989343,0.21320355,0.21316461,0.18144896,0.16402153,0.16607184,0.15069136,0.14395135,0.15774734,0.16584529,0.18020511,0.20085359,0.24219475,0.26114463,0.28477507,0.29569008,0.30758617,0.29904830,0.30054461,0.27283272,0.25312456,0.21384802,0.20689472,0.15821206,0.14543402,0.12399112,0.11846662,0.10265259,0.09926592,0.10549094,0.09656504,0.12115251,0.13940334,0.16638422,0.17341981,0.21839245,0.25827439,0.30693387,0.34899790,0.37227059,0.40882567,0.43233469,0.44121767,0.42810187,0.39683884,0.37373121,0.35399197,0.35428473,0.32223683,0.29675893,0.26676851,0.26971891,0.24815267,0.20868207,0.18271373,0.14803104,0.12120302,0.10237620,0.07201612,0.07195214,0.06236885,0.07377744,0.06187920,0.06729168,0.06511569,0.07261708,0.08189220,0.06372550,0.07855563,0.07513200,0.08079911,0.08061302,0.09125910,0.08929151,0.10363087,0.09974481,0.09451252,0.09151346,0.09717162,0.09055110,0.09934000
0.07954714,0.08921471,0.07699253,0.07942499,0.08726114,0.07500285,0.07916941,0.08421596,0.07256684,0.07344706,0.06671216,0.06390500,0.07609212,0.07572813,0.06761767,0.06422668,0.06845955,0.06620934,0.06211308,0.06749691,0.06572324,0.06763953,0.07578873,0.06518691,0.07387805,0.07807341,0.07064078,0.08235495,0.07543655,0.08794089,0.07786424,0.08240896,0.07537956,0.07194119,0.09383698,0.11261612,0.13910993,0.14903676,0.16875810,0.19506584,0.21214601,0.20793422,0.23365764,0.21473613,0.20540075,0.19180333,0.16508190,0.14503738,0.12000033,0.09059551,0.08601887,0.07281794,0.07102537,0.07260181,0.07656045,0.05955330,0.05413260,0.06475724,0.06082905,0.06233641,0.06298650,0.05313715,0.06347971,0.06055977,0.06245606,0.05400477,0.05335721,0.06855523,0.05553739,0.07180100,0.06553946,0.07547445,0.07889622,0.10674848,0.11970412,0.13497600,0.16703514,0.18931983,0.20597435,0.21375226,0.19592434,0.18918851,0.20138224,0.19581999,0.21653017,0.22276088,0.26481453,0.29778576,0.33578323,0.37239913,0.37703659,0.42572763,0.44009388,0.45405242,0.43002746,0.45691918,0.46083201,0.42739994,0.40590201,0.38216351,0.35542823,0.29626879,0.26966733,0.24080419,0.19244177,0.17688695,0.14983318,0.12961166,0.10798764,0.11592816,0.10837950,0.12573160,0.13691009,0.14193627,0.15921789,0.17062047,0.16054756,0.14914640,0.15420141,0.11924350,0.11988192,0.11148032,0.08103131,0.08225178,0.07784675,0.07440408,0.06924732,0.06330473,0.07841195,0.07150854,0.08382926,0.08748706,0.10168640,0.12163449,0.12426066,0.14438476,0.15741895,0.20038005,0.22874718,0.26201899,0.28984032,0.29716060,0.32307125,0.32177364,0.32425449,0.32962416,0.28173694,0.28126629,0.26064432,0.24009167,0.21653497,0.21246759,0.20507986,0.20600807,0.20749851,0.21205065,0.21176514,0.17894592,0.16849050,0.15668299,0.12187744,0.11621524,0.09053959,0.07516717,0.06724571,0.06251687,0.05455430,0.04423286,0.05517953,0.05427857,0.04375920,0.05795294,0.05874904,0.05026025,0.06289785,0.06144720,0.06322796,0.07815589,0.09488409,0.10842188,0.12604605,0.13460137,0.14659560,0.16105626,0.18218528,0.18015797,0.19269294,0.21069450,0.18851703,0.20148740,0.20078568,0.17258207,0.17557575,0.15800878,0.13205900,0.13132766,0.11573062,0.11071291,0.09760806,0.09926690,0.09662579,0.10200098,0.09266240,0.11196757,0.11808614,0.13108037,0.16150705,0.17374415,0.19596207,0.23774748,0.26446930,0.30598260,0.33139832,0.38680377,0.42093664,0.46316814,0.49016644,0.49820478,0.50111249,0.51549699,0.49450981,0.48271770,0.45353502,0.40811430,0.37675159,0.32560741,0.27942752,0.24644769,0.20787464,0.18233974,0.15893751,0.15478389,0.12211950,0.12612168,0.11587734,0.11569399,0.11899975,0.11353658,0.09960759,0.09115734,0.09681159,0.08533246,0.08431863,0.08452319,0.08444464,0.10506977,0.11632060,0.13824803,0.17306566,0.20087497,0.26139096,0.28698928,0.33010005,0.37456599,0.42255074,0.43532358,0.45406054,0.49213087,0.48163593,0.48634639,0.51187156,0.50163881,0.48819823,0.47621377,0.45101030,0.44534405,0.47240933,0.44360617,0.43888042,0.42315934,0.39930281,0.36332334,0.30287273,0.24155955,0.19829301,0.15534769,0.11810013,0.09866622,0.06570565,0.06949406,0.04733759,0.05347523,0.05220241,0.04665279,0.04762283,0.05193192,0.04630469,0.05855542,0.05029068,0.06612396,0.05912160,0.06676183,0.06591410,0.06426658,0.06464770,0.08761130,0.08030558,0.07200912,0.08023899,0.07964426,0.08172993
0.07135163,0.07958418,0.07701028,0.08669546,0.10614205,0.10685636,0.10204632,0.09242809,0.09852983,0.08825105,0.07703021,0.07084416,0.07235084,0.06367138,0.06890906,0.06562549,0.05474867,0.05415716,0.05656875,0.05787153,0.06194837,0.05799503,0.06345108,0.07069260,0.08655355,0.09272950,0.09983869,0.11655434,0.11326535,0.12187624,0.11179382,0.10599984,0.09719525,0.12001397,0.12115574,0.15495732,0.18411033,0.22147890,0.27769271,0.30529031,0.32545622,0.35011589,0.35901659,0.35171798,0.32315043,0.27992408,0.24624207,0.20461024,0.16869308,0.15419574,0.11150224,0.10603841,0.08438985,0.07981951,0.08916994,0.07381545,0.07444730,0.07995268,0.08005292,0.07055228,0.07741092,0.07230615,0.06429169,0.07037379,0.07744129,0.07811842,0.07182664,0.07502847,0.07008341,0.08989210,0.08824250,0.10119118,0.10973288,0.14648886,0.19606081,0.22814538,0.27495672,0.30266671,0.30581038,0.31162800,0.26383611,0.21981825,0.19417659,0.16656014,0.15105503,0.15836919,0.15102709,0.14941290,0.18298190,0.18539690,0.19349246,0.23259319,0.23399672,0.27547175,0.28050180,0.31830645,0.32933081,0.35097660,0.39347704,0.41314991,0.41689250,0.42336482,0.40851742,0.37295724,0.32624113,0.29562516,0.26636963,0.21213818,0.18757879,0.15279264,0.14619313,0.13481489,0.12465372,0.11864334,0.11690782,0.10785140,0.11190144,0.10788670,0.10850524,0.11474219,0.10747445,0.11080424,0.11557948,0.11489064,0.12126505,0.12595142,0.13297996,0.14523452,0.15902085,0.18585864,0.21851398,0.23738936,0.28124555,0.32039391,0.34792229,0.39487010,0.42333037,0.48157227,0.51585568,0.54036417,0.57182047,0.62277834,0.61399721,0.61461520,0.59468943,0.56626410,0.54879012,0.52004066,0.45722337,0.39998211,0.35793141,0.31589656,0.28720176,0.25150952,0.25049381,0.22691969,0.21454623,0.21214857,0.19536204,0.17454155,0.16213136,0.13793872,0.11755915,0.12939433,0.11869402,0.11489965,0.11666246,0.11733415,0.10530314,0.10269253,0.10923072,0.11413205,0.11503023,0.11821453,0.11449386,0.12916988,0.11893250,0.12555142,0.12663217,0.13944908,0.14316050,0.14716273,0.15874702,0.15585266,0.16360345,0.16133640,0.17295336,0.16992783,0.17394231,0.16433433,0.17701354,0.17113621,0.16367859,0.15978985,0.16573266,0.16097249,0.17972193,0.17897228,0.18462831,0.18532165,0.21991999,0.24088228,0.27133973,0.29433078,0.30903354,0.34382838,0.39232575,0.41935569,0.43300629,0.45994745,0.47423570,0.46213862,0.48232664,0.48384998,0.48534516,0.49190418,0.44846621,0.45467882,0.42668989,0.39895851,0.38638662,0.33170927,0.31634148,0.30249771,0.28460348,0.26923265,0.25742964,0.25366295,0.25933110,0.27842258,0.27563133,0.31750461,0.33824504,0.33910700,0.36268906,0.37248894,0.36983506,0.35965148,0.34623384,0.31213708,0.30682639,0.26377662,0.25805124,0.23863584,0.20801505,0.21040591,0.19305935,0.20507605,0.20783285,0.21801315,0.23400369,0.28288263,0.30713139,0.34249688,0.40773651,0.46186580,0.52193074,0.59577918,0.64472616,0.67854036,0.75655964,0.75617908,0.76168988,0.75151413,0.75834264,0.71628719,0.68611646,0.65921250,0.63553987,0.60287778,0.57961545,0.50914904,0.45027813,0.40088164,0.33283399,0.27556511,0.22360326,0.19499085,0.18229657,0.16004263,0.15112950,0.15585778,0.14553216,0.14378839,0.13834414,0.13475467,0.14809542,0.15110735,0.13332550,0.15473634,0.15038666,0.14887238,0.14934679,0.14999560,0.14141724,0.15905055,0.16174165,0.15837173,0.17338496,0.16739146,0.15991597
0.02409244,0.01991037,0.02123331,0.03000112,0.03678586,0.05183999,0.04355140,0.03314076,0.03409813,0.03316118,0.02671011,0.02023728,0.02128721,0.00988197,0.00524794,0.01746249,0.00846161,0.00043395,0.00601292,0.00690284,0.01510979,0.01949967,0.01304720,0.02283211,0.02845814,0.04553594,0.03903687,0.06824128,0.05635766,0.05983635,0.05079075,0.04740084,0.04147437,0.03853957,0.03314072,0.03384717,0.05013105,0.04620476,0.07572027,0.09524647,0.08196609,0.10348239,0.09900257,0.09872865,0.09160046,0.08146402,0.08354200,0.07378022,0.05857316,0.04849898,0.03771059,0.02962926,0.03207461,0.04066557,0.02812045,0.02252049,0.01894068,0.01797571,0.03398245,0.03561383,0.02780508,0.03397424,0.03207576,0.04463715,0.02824193,0.02735590,0.02452075,0.03415910,0.04614215,0.03091213,0.03882770,0.02992244,0.04637138,0.05165602,0.07031927,0.08653323,0.09181254,0.10307345,0.11605227,0.12771557,0.11315807,0.13580235,0.12649532,0.13678343,0.15087320,0.18024386,0.20179883,0.25273157,0.27773706,0.32491478,0.35055912,0.36596782,0.42517748,0.42560434,0.45449191,0.47379644,0.49370840,0.48841731,0.50298421,0.48534128,0.49461045,0.47276542,0.44016728,0.37923554,0.34639337,0.29491531,0.24734942,0.19837032,0.17286934,0.14783253,0.14526114,0.12936968,0.14646179,0.15770072,0.15096430,0.16139958,0.15430267,0.16164449,0.14498239,0.13239327,0.11948229,0.12944209,0.11246465,0.09603581,0.09646021,0.08933753,0.10022263,0.10215348,0.11924365,0.12385112,0.13979389,0.16712994,0.18680690,0.20967257,0.21978064,0.23727038,0.26085098,0.27497527,0.28157294,0.27653381,0.28335841,0.28928518,0.26196017,0.25415644,0.24217235,0.24517081,0.21938484,0.21705465,0.20390009,0.19213775,0.18396936,0.20325077,0.19540331,0.21987319,0.24501473,0.24637016,0.24562000,0.25042118,0.22832956,0.20857942,0.17166359,0.15438825,0.13386165,0.11706591,0.09866735,0.09468783,0.08700788,0.09322656,0.08041116,0.09135801,0.08958019,0.09811922,0.08986868,0.09447171,0.09743942,0.10429611,0.09895284,0.10846296,0.12295523,0.13564341,0.13985939,0.15092081,0.17235741,0.16799686,0.18187259,0.18443160,0.21156624,0.21686365,0.20852540,0.22827464,0.21002776,0.21791893,0.20464363,0.18414026,0.18868237,0.18211772,0.16883748,0.17799816,0.16935011,0.18109893,0.20532130,0.20817918,0.22273169,0.24616223,0.27278762,0.31032901,0.34026195,0.37232192,0.41212843,0.46309690,0.49029500,0.52987200,0.55511539,0.58029286,0.62458138,0.63240288,0.65833929,0.66449587,0.66601262,0.64157018,0.62636223,0.60278369,0.56395074,0.51023591,0.48582936,0.44612662,0.38238996,0.35285680,0.34228259,0.31169592,0.31520476,0.31034187,0.29999548,0.31251525,0.31507273,0.33180477,0.31391130,0.30305262,0.30461585,0.29791583,0.29329163,0.26385135,0.24603221,0.23506680,0.21001210,0.20585350,0.21092222,0.22003443,0.24946071,0.28944843,0.31818773,0.37019931,0.41847414,0.48090274,0.51706809,0.55957100,0.56145368,0.58952460,0.59593981,0.60441298,0.59115522,0.56162289,0.55249341,0.53500710,0.50973212,0.48898012,0.48515632,0.46455825,0.47164075,0.43823347,0.41979143,0.38067367,0.34321275,0.30123576,0.25668439,0.22562375,0.19559388,0.18060495,0.15913527,0.14819026,0.14902087,0.14995505,0.15273479,0.14408919,0.14595208,0.16390202,0.15634836,0.14835414,0.15170027,0.15569361,0.15639017,0.16678367,0.15699067,0.16619792,0.16120150,0.17333954,0.17107773,0.16636770,0.17507735,0.17599425,0.16519360
0.04313059,0.05087582,0.05954677,0.06094320,0.07429169,0.06286263,0.07196037,0.05963306,0.05167301,0.04847425,0.03142047,0.03587795,0.01636943,0.01757090,0.00738241,0.00850345,0.00718086,0.00456733,-0.00221705,0.00904952,0.00737812,0.01286401,0.02030025,0.02755096,0.04933746,0.05591837,0.06548567,0.08679178,0.07857749,0.07122737,0.05727461,0.05913801,0.04616589,0.03420216,0.03751825,0.03855706,0.05059694,0.07281250,0.09891100,0.11673076,0.10506367,0.10853783,0.12040509,0.10005988,0.09496477,0.08605937,0.06591471,0.05282400,0.04116848,0.02754219,0.01788268,0.01685202,0.01654745,0.01668777,0.01570329,0.01080026,0.01398044,0.01446892,0.02512433,0.00035887,0.00902607,0.00854253,0.01000026,0.01705132,0.00387258,0.00591415,0.01110180,0.01859907,0.01826162,0.01119302,0.01498796,0.02293418,0.03233243,0.05463949,0.05562422,0.08311432,0.10152688,0.10751108,0.11530195,0.12054510,0.11845164,0.12039953,0.13182925,0.13779772,0.15824271,0.19153553,0.22244199,0.25102275,0.25738133,0.29409837,0.30831779,0.32409533,0.36414763,0.37067742,0.38529485,0.41334898,0.43395278,0.46925420,0.47680000,0.48452160,0.50277531,0.47736952,0.42544022,0.38757978,0.34476458,0.27362652,0.21783975,0.16753390,0.13129729,0.09718755,0.07116989,0.05439909,0.05138943,0.04398786,0.05462515,0.04517224,0.04108318,0.03979018,0.02788830,0.03329167,0.04971924,0.02680565,0.03548242,0.03413890,0.05175140,0.05048001,0.06934530,0.08398843,0.10779783,0.13196516,0.16173848,0.19322444,0.23169504,0.26734269,0.26713511,0.28438320,0.32123807,0.30915314,0.33013766,0.33095444,0.30536735,0.31062876,0.27893773,0.28649553,0.26985448,0.22671492,0.22098841,0.18978373,0.17628088,0.16074359,0.14364950,0.15031840,0.15241254,0.16678183,0.16994161,0.16169515,0.15603032,0.15265993,0.12143123,0.09974364,0.07948215,0.06545863,0.05397799,0.03972217,0.03312747,0.03635049,0.02900475,0.02606243,0.01973654,0.02371782,0.02314840,0.03487089,0.03449715,0.04537372,0.04816822,0.06177477,0.07141453,0.08336489,0.11274566,0.12895053,0.15114524,0.18532233,0.20293045,0.23002251,0.25237146,0.26057352,0.26478177,0.28244346,0.27423101,0.28271639,0.25927734,0.25784271,0.23045522,0.20301111,0.18990637,0.18452022,0.17944562,0.16255776,0.17028305,0.17635565,0.20118022,0.19517519,0.24161309,0.27155861,0.29750782,0.32951511,0.38610292,0.42327151,0.43838516,0.47586580,0.50547698,0.52134156,0.52856673,0.52798233,0.52860411,0.51452282,0.48783773,0.47025113,0.43264989,0.40816904,0.35844369,0.33644704,0.29625883,0.25567200,0.23932811,0.22232672,0.20577466,0.21030302,0.20964545,0.22670769,0.24731976,0.26646628,0.30090651,0.31254818,0.32706574,0.32359601,0.32520411,0.30288799,0.32290316,0.25718914,0.23594008,0.20484332,0.17004491,0.15529316,0.12441317,0.11174551,0.12159486,0.12330868,0.13576666,0.15278348,0.20188836,0.22682113,0.26619239,0.31246697,0.36738933,0.40567512,0.44553377,0.48523662,0.50336322,0.52573685,0.51895265,0.50688525,0.48117264,0.45445409,0.44207926,0.41956809,0.41523152,0.39356810,0.36528020,0.32955293,0.30109272,0.25885813,0.23553755,0.17477603,0.14137859,0.11438521,0.09915394,0.07286232,0.06863606,0.06759472,0.05529969,0.06728747,0.06427620,0.05989967,0.06595845,0.06774097,0.07016897,0.07697733,0.08947379,0.10090063,0.08797236,0.10210215,0.10203718,0.10717362,0.11626018,0.11010255,0.11969251,0.11735660,0.11733015,0.12300239,0.10871275
0.00862604,0.01287212,0.00811746,0.02169258,0.01047137,0.02148574,0.01714362,0.01557097,0.01689032,0.02811160,0.00884761,0.01925414,0.00855388,0.01167509,0.01891238,0.01123185,0.01526914,0.01453902,0.02002649,0.01218579,0.01382156,0.00521152,0.01827118,0.02119837,0.01172677,0.01858788,0.03047896,0.02768359,0.02429594,0.02815238,0.03188012,0.03123549,0.03250115,0.02802400,0.03523020,0.04814256,0.06383623,0.06539818,0.08294089,0.08554472,0.11461964,0.11327997,0.12319860,0.13107508,0.11762847,0.11207872,0.09710869,0.09718809,0.08524124,0.05887966,0.05153563,0.02789785,0.03472219,0.02744979,0.02008319,0.03165963,0.02181446,0.02370665,0.01822634,0.01959447,0.01921655,0.02262422,0.01744184,0.02688771,0.02468360,0.02624069,0.03178962,0.01914547,0.02380238,0.02862057,0.02570988,0.03341929,0.03694501,0.05024245,0.06516065,0.07473030,0.09604649,0.11116384,0.12046025,0.12813175,0.12933825,0.12947815,0.13400443,0.13299931,0.15511504,0.15718484,0.20912333,0.24519886,0.28177754,0.31766379,0.34222778,0.38747400,0.44044574,0.47098550,0.47858687,0.49619946,0.50542864,0.50567635,0.48832369,0.46623549,0.42899334,0.40102594,0.33926162,0.29391593,0.23986981,0.20138442,0.15475655,0.14158090,0.11746652,0.11244741,0.10464775,0.11693970,0.14085404,0.15406766,0.16735085,0.17622739,0.21226705,0.19856919,0.19600489,0.16943362,0.15839506,0.13869545,0.10950233,0.09450524,0.08695321,0.07081911,0.06170887,0.05237895,0.05509078,0.05934773,0.05487352,0.07032189,0.07049381,0.07358946,0.09004740,0.10683438,0.10758173,0.13981594,0.15239536,0.17386045,0.17596762,0.20724519,0.21069849,0.20957039,0.22842380,0.22511255,0.21667313,0.21332016,0.20128798,0.19991518,0.18550852,0.19511255,0.21433932,0.21721422,0.23331298,0.23642467,0.25125196,0.23293102,0.22776428,0.21426953,0.16377348,0.15013255,0.12125881,0.09792529,0.08315673,0.06894476,0.06370066,0.05323792,0.05019687,0.05602340,0.05655014,0.04400414,0.05114561,0.05522770,0.05832175,0.05874011,0.06373067,0.06400646,0.06901694,0.07672922,0.06157066,0.07827512,0.08552247,0.08935462,0.09538982,0.09477400,0.09970464,0.11164105,0.10733848,0.10679416,0.09751414,0.10356328,0.10780259,0.10874150,0.09212294,0.08308343,0.08736538,0.07836542,0.08429416,0.08714573,0.07634483,0.09258952,0.09676068,0.09899789,0.12035747,0.12606076,0.14695406,0.18275711,0.20913740,0.25491754,0.29269736,0.32658384,0.40098989,0.46575095,0.50349555,0.56206407,0.60955864,0.66995400,0.69868250,0.71329064,0.69784832,0.69531370,0.66568463,0.63602442,0.58605717,0.51737840,0.45416774,0.39842416,0.33537821,0.27782708,0.24227396,0.20216474,0.18998088,0.17435374,0.15832481,0.14514327,0.13516628,0.13151450,0.11940371,0.13125105,0.10407317,0.10895606,0.12009206,0.12674141,0.12180546,0.14380601,0.15763516,0.17919428,0.20208998,0.25528908,0.29343428,0.36177595,0.40536640,0.46960169,0.50339237,0.54735107,0.59126817,0.60214254,0.60144653,0.60420013,0.57351649,0.56007400,0.52646729,0.49793900,0.47860650,0.47179670,0.46835765,0.45765588,0.45607137,0.46616754,0.43348393,0.40470648,0.35912836,0.30236815,0.27430179,0.21052102,0.17672554,0.15091433,0.11327581,0.09353608,0.08342298,0.08858673,0.07257145,0.07888681,0.07090669,0.07347816,0.06565053,0.08429443,0.06999805,0.07178319,0.07900307,0.08216991,0.08199209,0.07390193,0.08057670,0.08027544,0.07981000,0.08273438,0.08112698,0.09405305,0.08819795
0.06045163,0.06975960,0.07749625,0.08097836,0.08526559,0.10485052,0.10217824,0.09946684,0.08659576,0.07684513,0.06439486,0.07157988,0.06214114,0.04281342,0.06124262,0.03224168,0.04185530,0.04989516,0.03905325,0.02802181,0.04909131,0.03402523,0.05008813,0.04755594,0.06368048,0.09235683,0.10411970,0.11422629,0.11492998,0.12304621,0.11007142,0.09801843,0.07460245,0.06777867,0.06138515,0.06988925,0.07233190,0.08500117,0.08296632,0.08523245,0.11998731,0.11514853,0.10803028,0.11111557,0.10045961,0.09892016,0.07838200,0.08191496,0.06743031,0.05444324,0.05799246,0.04953064,0.05652744,0.04548881,0.04521364,0.03963213,0.03842868,0.04435587,0.04512043,0.04511231,0.04547497,0.05069160,0.05001262,0.04379550,0.04297213,0.04633616,0.04173287,0.04394173,0.04734375,0.04911565,0.05234823,0.04731462,0.06064720,0.06841833,0.07371853,0.08018443,0.09264656,0.10938453,0.11885682,0.10840995,0.12336905,0.12515597,0.11804587,0.13242316,0.13441094,0.16385648,0.18918200,0.21201753,0.24557387,0.26395698,0.28909618,0.29827162,0.33263317,0.34690319,0.36658655,0.39405657,0.40824637,0.42338178,0.42716418,0.44972590,0.43811594,0.45549902,0.44808505,0.42801203,0.38741109,0.33726349,0.30045105,0.21892246,0.19782958,0.17588211,0.13951486,0.15737337,0.14473817,0.15062192,0.15412241,0.17109959,0.16301793,0.16009164,0.15557527,0.14670068,0.13586271,0.11984848,0.11107852,0.09900235,0.10193885,0.09006953,0.11107209,0.11586404,0.13885684,0.16508699,0.18272558,0.21969548,0.25019812,0.27598000,0.29584475,0.32698488,0.33698835,0.33947373,0.33999760,0.34596403,0.32099817,0.30335186,0.29538302,0.27897706,0.25659515,0.22990552,0.20741167,0.18783018,0.16118568,0.14338481,0.13623319,0.12750078,0.11443576,0.11357800,0.12099527,0.12141485,0.12078154,0.11006580,0.10191446,0.09259307,0.07960473,0.07968922,0.08600315,0.06566160,0.06654290,0.06163526,0.04796297,0.05801482,0.05969624,0.04762717,0.04497172,0.06095603,0.05817936,0.06201985,0.06700724,0.05041591,0.06587366,0.07610435,0.07746396,0.06805322,0.08071641,0.10302480,0.09533586,0.10460723,0.10243368,0.11425677,0.12441450,0.12178905,0.12004878,0.11957115,0.12640214,0.12192553,0.11299996,0.12263375,0.11583412,0.12258659,0.12309812,0.11926020,0.14099842,0.15178996,0.18158302,0.20048539,0.24509083,0.28352252,0.30803543,0.35371475,0.39845691,0.46089787,0.48158690,0.52106473,0.53929188,0.56161361,0.57808064,0.59508504,0.58300335,0.58907609,0.59695831,0.56793043,0.55526712,0.52121899,0.48680819,0.47272982,0.45298065,0.40203507,0.37988983,0.32417942,0.32703942,0.31418672,0.30122043,0.30243976,0.30617057,0.32743281,0.34540024,0.36932405,0.40605800,0.40405301,0.41966496,0.39392976,0.39637606,0.36657681,0.30784282,0.29092700,0.24259908,0.22092475,0.20097686,0.18235035,0.16520862,0.17135815,0.18608419,0.21324905,0.23007750,0.26263246,0.29329363,0.34512451,0.35946737,0.39754900,0.43783442,0.49113981,0.47963854,0.47898638,0.48412113,0.48381388,0.44669361,0.43349284,0.37773404,0.34490932,0.31355357,0.28910235,0.25851802,0.26531454,0.21855397,0.20670600,0.17965333,0.16598850,0.13997036,0.13343058,0.11276416,0.10101473,0.08312792,0.08337353,0.07829675,0.06937205,0.07539696,0.07631857,0.07920524,0.08019787,0.07920192,0.08596576,0.07580159,0.07490763,0.07141793,0.08145444,0.06736578,0.08926192,0.08817145,0.09030717,0.08475541,0.08142996,0.09082940,0.09812075,0.08403813
0.02162673,0.02702172,0.03030421,0.03003830,0.03765479,0.03614404,0.03872183,0.04701704,0.03564458,0.03409776,0.02536293,0.02111096,0.01788136,0.00717000,0.01578517,0.01471530,-0.00082491,0.00920270,0.01036443,0.00069129,0.01277762,0.01179770,0.00983378,0.00480877,0.02098490,0.02807229,0.03757169,0.04336028,0.05111862,0.04682625,0.04081119,0.04770184,0.02676239,0.04755226,0.02020618,0.03401957,0.03492588,0.04615352,0.06201900,0.06613150,0.08646668,0.09372952,0.11030830,0.09383757,0.09025159,0.07884653,0.06791845,0.05535545,0.04645942,0.02738263,0.03103582,0.02047539,0.01454884,0.01270289,0.00575681,0.01654609,0.01594730,0.01795167,0.01620250,0.01198759,0.01340358,0.01409419,0.01046042,0.01090175,0.01289892,0.01397962,0.01741410,0.01174238,0.01164434,0.01671393,0.02229225,0.02214176,0.03819941,0.03141022,0.05240022,0.06677048,0.08045948,0.09564180,0.10570374,0.10914505,0.12877363,0.12941021,0.14804559,0.16599957,0.19459338,0.23264777,0.29658630,0.32339468,0.36993319,0.42184124,0.44784030,0.48070813,0.47064322,0.48206980,0.46186514,0.44593372,0.41868261,0.39065005,0.38102979,0.36953722,0.33936316,0.32312174,0.31188537,0.27915673,0.26103070,0.22229215,0.20148456,0.16329190,0.14291315,0.12028089,0.12298319,0.12251621,0.13190977,0.14249889,0.16057767,0.17339502,0.17942141,0.19367671,0.17411595,0.15848750,0.13555312,0.11445797,0.09841079,0.09027516,0.07459854,0.06931946,0.07024491,0.07945519,0.08780131,0.08984453,0.12035830,0.12401123,0.14114976,0.16025760,0.18933417,0.19833536,0.21914409,0.22793974,0.24187755,0.24234360,0.25570821,0.24988957,0.24392466,0.24355730,0.21884008,0.21172176,0.20074787,0.17908699,0.15628003,0.15411772,0.14128475,0.11673997,0.11094681,0.08805527,0.08478789,0.07844011,0.06874826,0.07134354,0.07030678,0.06617176,0.05985482,0.05192551,0.04859171,0.04424500,0.03715348,0.04726133,0.04223154,0.04699769,0.04636959,0.04403222,0.04502341,0.05247041,0.05623402,0.06439354,0.06256038,0.07018428,0.08874481,0.09833915,0.10968980,0.12692101,0.14654711,0.15864600,0.20211600,0.21610530,0.23526864,0.26768004,0.27779810,0.27677019,0.28873080,0.29056764,0.28640570,0.27738792,0.26825294,0.25886169,0.24215995,0.21117933,0.20910437,0.17186128,0.16530815,0.16574469,0.16378642,0.17803009,0.17112902,0.18552604,0.20774322,0.23621339,0.26887849,0.28199652,0.31458691,0.34033936,0.37954196,0.40362945,0.41996074,0.44580592,0.46202303,0.47834964,0.48631313,0.48467850,0.46516817,0.47129083,0.45324112,0.45045160,0.42881714,0.40804509,0.37528895,0.35131644,0.33195219,0.30215638,0.26410676,0.26320816,0.25609738,0.23697454,0.25688960,0.26115773,0.26622959,0.27587753,0.28293580,0.26236858,0.26204247,0.23894823,0.22851592,0.20892621,0.17831616,0.17821817,0.16307917,0.15962323,0.16304202,0.17977296,0.18019812,0.20175181,0.24093955,0.25616664,0.29019239,0.29839243,0.33270642,0.36822435,0.38396955,0.40230208,0.42321028,0.43195811,0.42465356,0.40737710,0.37980339,0.36515962,0.33733431,0.30124822,0.27899735,0.25481917,0.24976253,0.22910524,0.22033159,0.20978601,0.19828560,0.16819019,0.15285158,0.13055893,0.13023158,0.11220856,0.09275515,0.09534312,0.08358148,0.08498127,0.09510047,0.08585634,0.08876540,0.10412684,0.10151900,0.10265645,0.10827414,0.10579803,0.12355349,0.12557975,0.12965609,0.13451989,0.13229140,0.13220594,0.13918893,0.15142257,0.14398531,0.15240002,0.14493030
0.06453923,0.04904345,0.04760078,0.04566260,0.05156795,0.05362205,0.05229319,0.04961818,0.04013499,0.03899021,0.02552680,0.03156852,0.02543373,0.03399988,0.03248433,0.02464984,0.01752880,0.02067346,0.01916724,0.02711520,0.01870619,0.02422763,0.01993558,0.04067868,0.04239312,0.04342025,0.05167331,0.04016543,0.06359720,0.05699598,0.05528199,0.05435069,0.03944578,0.03925017,0.05113002,0.04030680,0.05269262,0.06026134,0.07184539,0.08743764,0.08430516,0.08486151,0.09520898,0.09457725,0.09552453,0.08728105,0.07478023,0.07003101,0.05300740,0.04551823,0.04438794,0.04239128,0.02889062,0.04003702,0.03830137,0.03688908,0.03450064,0.03423826,0.03407604,0.03427737,0.03224547,0.04037814,0.04310970,0.03193482,0.03655864,0.03093370,0.04748967,0.04639671,0.04446181,0.04979079,0.04745662,0.04780219,0.05658893,0.06254031,0.08035341,0.08483315,0.11324742,0.12420887,0.13595305,0.15972325,0.16589475,0.19119821,0.23458189,0.28131596,0.32332766,0.38088236,0.42818152,0.47474198,0.50585493,0.53805281,0.53862379,0.53508676,0.52043372,0.48668054,0.45048949,0.39282739,0.37947392,0.33705012,0.33112790,0.29903275,0.27336583,0.24900467,0.22844478,0.19800903,0.18072807,0.16869719,0.13966601,0.11800241,0.10546574,0.09897050,0.07552156,0.08523853,0.05181926,0.05989788,0.06110312,0.05582725,0.06830762,0.07366342,0.06829463,0.06140963,0.06167388,0.06479958,0.06043096,0.06167360,0.07342193,0.08305357,0.07240306,0.08246576,0.08537352,0.10241914,0.12008995,0.13268701,0.13282154,0.16061555,0.16671399,0.18376610,0.18151573,0.19832325,0.18894055,0.20435409,0.19968663,0.21018305,0.20912228,0.19566313,0.18922642,0.17492702,0.16200544,0.15690619,0.15055080,0.12400672,0.11951763,0.11825108,0.12107190,0.11462664,0.10776817,0.09721403,0.09174718,0.09521474,0.09607640,0.09604678,0.08984165,0.08122137,0.06595993,0.08124656,0.07229231,0.07079105,0.07876277,0.08559346,0.08273418,0.08967458,0.09472067,0.09538649,0.10610487,0.11488623,0.13667465,0.16752118,0.19239926,0.22891600,0.25419393,0.31785026,0.35875472,0.42776223,0.47587824,0.54458209,0.56601011,0.61776414,0.62722973,0.65078034,0.65416719,0.64004755,0.60181052,0.57110195,0.52624682,0.46936305,0.42970467,0.38168640,0.34005719,0.29697358,0.25083182,0.23480395,0.21395124,0.20832296,0.20248847,0.19475537,0.21585469,0.21202270,0.21784602,0.23990798,0.24438593,0.24909194,0.25551421,0.24202870,0.25435879,0.24613717,0.25176594,0.23387974,0.22305778,0.21791434,0.20562595,0.19405110,0.17441795,0.18107082,0.15871762,0.15092353,0.15103581,0.14795365,0.15293402,0.14911213,0.13878221,0.15748138,0.15577740,0.17496787,0.18819241,0.19802753,0.20537366,0.19951401,0.20384284,0.18863842,0.19132317,0.15986054,0.17095463,0.14998578,0.13602429,0.15181155,0.13694667,0.11425260,0.11098775,0.11879049,0.12777266,0.12682582,0.13754298,0.14047644,0.16852424,0.17387856,0.20180011,0.20977778,0.22964958,0.24993678,0.27749362,0.27020951,0.28675065,0.27857178,0.26303701,0.27480118,0.26382105,0.25547256,0.24559531,0.23338528,0.22772841,0.21591821,0.19277413,0.19472232,0.17174015,0.16960071,0.15590208,0.15178788,0.13015573,0.13349329,0.12531026,0.12575020,0.13841823,0.12980611,0.14049122,0.15099650,0.15742558,0.17886870,0.17088958,0.18707272,0.19093332,0.20292917,0.21084961,0.24553579,0.24157774,0.24734619,0.26148524,0.26307355,0.26182017,0.27802105,0.28183645,0.28924693,0.28025027
-0.00101651,0.00457455,0.00218954,-0.00785858,0.00196045,-0.00073598,-0.00123056,-0.00541060,-0.01012376,-0.00141203,-0.00637535,-0.01074141,-0.01840410,-0.01820455,-0.00822623,-0.01225337,-0.02918668,-0.02624649,-0.02468910,-0.01276437,-0.02053172,-0.01411003,-0.01093232,-0.00238259,-0.00864972,0.00283355,0.00749641,0.00267476,0.01209950,0.01828564,0.01116666,0.01771350,0.00498390,-0.00888197,0.00585605,0.00009777,0.00484669,0.02129042,0.01982268,0.02804894,0.03618199,0.04473473,0.03895157,0.03179091,0.02976356,0.03641268,0.02999594,0.01283413,0.00713027,0.00569712,0.00119999,-0.00303835,0.00099886,0.00339567,-0.00166833,0.00766328,0.00421686,-0.00033419,0.01144690,-0.00661593,0.00053397,0.00644364,0.00799398,0.00713385,-0.00458853,-0.00060915,0.00472330,0.00899181,0.00763125,0.00351534,0.01394291,0.02202224,0.02093269,0.03195864,0.03769826,0.04837153,0.06612203,0.07096017,0.08580327,0.09797471,0.11549473,0.14237865,0.17073362,0.21654167,0.26878880,0.32216584,0.39921415,0.45561896,0.52983966,0.54731424,0.60407063,0.61312115,0.62787612,0.60024649,0.57119460,0.51376760,0.48449386,0.44769906,0.37256068,0.34004560,0.29013398,0.26288430,0.23062815,0.19769202,0.17407071,0.14789180,0.12354959,0.11874270,0.11480609,0.12179058,0.12206329,0.15104206,0.16863748,0.20102882,0.21666329,0.22244748,0.23550199,0.23306065,0.22691376,0.19481775,0.16006047,0.13083107,0.12026926,0.08457898,0.08081423,0.06799791,0.06771746,0.05309966,0.06075616,0.08229933,0.07938349,0.09149341,0.10456626,0.11910627,0.12151255,0.13460404,0.13991360,0.14192886,0.17053971,0.14912191,0.15384212,0.15115049,0.14462356,0.14712828,0.14243338,0.13367222,0.13637041,0.11213194,0.10198020,0.09796598,0.08437395,0.08599358,0.09058706,0.07594995,0.07106550,0.06480162,0.06237738,0.07875689,0.07238453,0.07149242,0.06755991,0.05687411,0.06453913,0.04775930,0.03189474,0.05485960,0.06301886,0.05560354,0.05826913,0.05814793,0.06323140,0.06106423,0.07562525,0.07301663,0.07611898,0.10067958,0.10436947,0.12067761,0.14024056,0.17849050,0.20682906,0.22327915,0.26046644,0.28965622,0.31797008,0.33386318,0.35929335,0.36506320,0.36589359,0.38645449,0.35928357,0.34032012,0.31845433,0.29003557,0.25461485,0.22682328,0.21400259,0.12010409,0.18259914,0.12794748,0.05353377,0.07185886,0.12478464,0.19100666,0.24651187,0.15389092,0.16906544,0.22233680,0.27358802,0.29607055,0.43050597,0.25838357,0.40377313,0.45744002,0.44351873,0.46019079,0.56371393,0.51778003,0.52529759,0.55155960,0.55333465,0.53565894,0.51194255,0.48929837,0.45234817,0.40412358,0.36727680,0.34931515,0.30546207,0.26809684,0.24168500,0.23302783,0.22642995,0.21770697,0.21295325,0.21380884,0.19682768,0.19767463,0.17682120,0.17954844,0.16493412,0.14281673,0.15699474,0.15903888,0.16891312,0.17367752,0.19870634,0.21565853,0.23881868,0.27443327,0.31245796,0.35488374,0.37867309,0.42105778,0.42912479,0.44403509,0.44037582,0.43291121,0.40362931,0.39020113,0.37679409,0.34820904,0.31173602,0.27406256,0.25699389,0.23788706,0.22218157,0.20575452,0.19624409,0.19984676,0.18251806,0.16785615,0.15605991,0.14828383,0.12917433,0.11953631,0.11251908,0.11890913,0.11394697,0.09704005,0.10194102,0.11473565,0.11522920,0.12931459,0.11890735,0.13076963,0.12816832,0.14891683,0.13798365,0.15050483,0.15637448,0.16091128,0.15897262,0.15738495,0.17037385,0.17227170,0.17823487,0.19411903,0.18360515,0.18608551,0.19282574
0.01400071,0.01470535,0.01659807,-0.00288264,0.00185281,0.00568959,0.00420469,-0.00499093,-0.00619108,0.00933883,0.00222416,-0.00965876,-0.01340066,0.00100231,-0.00947608,-0.00704384,0.00593587,0.00156671,-0.00729885,0.00891547,-0.00173314,-0.00593534,0.00195017,0.00643326,0.00613014,0.00904576,0.00336186,0.00883967,0.01283715,0.01265162,0.00557767,0.01889956,0.01376092,0.01700967,0.00861252,0.02649937,0.02432321,0.03154923,0.04230006,0.03954539,0.04862955,0.05101660,0.06029686,0.05498248,0.05409422,0.04904096,0.05109080,0.03379235,0.03603471,0.02696887,0.02598320,0.02616467,0.02481745,0.02471854,0.02930988,0.02241736,0.02407488,0.02603020,0.01918625,0.02906365,0.02382267,0.02169095,0.03122824,0.02420121,0.01392194,0.02223551,0.02995047,0.02599904,0.02605093,0.03291241,0.03255734,0.03132502,0.03751663,0.03966131,0.05477422,0.05518312,0.07650880,0.07805612,0.08628042,0.11522833,0.11728294,0.13413782,0.16631316,0.17227704,0.20471462,0.24132286,0.31244882,0.34286381,0.37228312,0.42711145,0.45564372,0.46431424,0.50622609,0.50398502,0.50988081,0.49987949,0.49303285,0.46999086,0.42118959,0.40481279,0.37963463,0.31584483,0.28754342,0.24062323,0.19324514,0.18034951,0.13156995,0.11305601,0.09893189,0.09330132,0.09573196,0.09846261,0.10046597,0.09724145,0.12833248,0.13499911,0.13421277,0.13296354,0.12938987,0.12252427,0.12153546,0.11223130,0.09652142,0.08180078,0.06787561,0.07149402,0.07527322,0.07194297,0.07612474,0.07108661,0.06795618,0.07776502,0.07843043,0.08660824,0.08729368,0.10214587,0.10405174,0.10649217,0.12289766,0.12477259,0.12947899,0.13450849,0.14977607,0.14892728,0.14053462,0.13488797,0.13369882,0.14237039,0.13229308,0.14688257,0.14824083,0.15374699,0.17292983,0.18956832,0.18601262,0.21498637,0.22197302,0.21413433,0.20532663,0.18285630,0.15803956,0.15422971,0.12467549,0.10712184,0.09364167,0.09384358,0.08304995,0.09440788,0.08036383,0.07499174,0.07779207,0.07956269,0.10125344,0.09278389,0.10181545,0.12433282,0.12672057,0.14117727,0.16912741,0.18054171,0.20201585,0.24138914,0.26783216,0.30605523,0.33526483,0.34984509,0.37174048,0.40951721,0.38677920,0.40839891,0.41006803,0.39213755,0.37418774,0.34939530,0.31587709,0.29410547,0.25677802,0.22721388,0.21291220,0.18124579,0.17033683,0.16134257,0.15555728,0.14801745,0.14460090,0.16012812,0.16060334,0.18188890,0.19696372,0.23718548,0.23743018,0.28122794,0.31283378,0.36457371,0.39652854,0.42343681,0.46844347,0.48993929,0.49012796,0.52964616,0.51387693,0.49323436,0.48271043,0.45252312,0.41471527,0.36084573,0.33190449,0.31499765,0.27240738,0.23178218,0.20668532,0.19188585,0.16773206,0.16110618,0.15528599,0.14059677,0.14526235,0.14164196,0.13779186,0.13685658,0.12956194,0.13344232,0.12375194,0.12725295,0.12326970,0.15100808,0.15264336,0.17655906,0.19384829,0.22736684,0.25754331,0.29006053,0.33122748,0.35615497,0.39791714,0.44368706,0.43084624,0.43877597,0.45204832,0.44198517,0.41652203,0.38506093,0.39929760,0.37015068,0.36713847,0.36729174,0.36556789,0.36811311,0.37122988,0.36160941,0.35868181,0.32431922,0.28870851,0.27200500,0.24241341,0.19925576,0.18693029,0.16594871,0.15317457,0.13844185,0.13659458,0.14182016,0.14130087,0.14324770,0.14627705,0.15160888,0.15525434,0.15292369,0.16757512,0.17793501,0.18473800,0.18683987,0.19368035,0.19133497,0.19452518,0.21087155,0.20813687,0.20591327,0.22511982,0.21752057,0.22255622
0.03824156,0.01803085,0.04103078,0.03318944,0.04262671,0.03725453,0.04207921,0.02106214,0.03406120,0.03465874,0.02415737,0.02335296,0.01357990,0.02203892,0.01281194,0.01925367,0.02482948,0.01979528,0.01914945,0.01590844,0.01477797,0.01096743,0.02500655,0.02439727,0.02854030,0.04157026,0.04843218,0.04349757,0.04397525,0.03731593,0.04212861,0.03894539,0.03854961,0.02051140,0.02948062,0.03326922,0.04101333,0.04315093,0.04841336,0.05937996,0.05698493,0.07200066,0.07627725,0.06984328,0.06529780,0.05161628,0.05029819,0.04296164,0.03390935,0.03103114,0.02373843,0.03272394,0.03348914,0.02231766,0.02736159,0.03342584,0.03003198,0.02326762,0.02017450,0.02083167,0.02431968,0.03347108,0.02153956,0.03188860,0.02136190,0.02903961,0.02698155,0.02957938,0.03229667,0.03264261,0.02394335,0.03527057,0.04254273,0.04277097,0.06323443,0.06241418,0.07102517,0.07317690,0.09373220,0.10028857,0.11485284,0.13453530,0.16635437,0.20246986,0.23555956,0.28317396,0.35379270,0.38405504,0.43477256,0.47054839,0.50738775,0.53599178,0.53561854,0.52610732,0.52237460,0.48081415,0.43883899,0.39988171,0.37338677,0.34225531,0.29854957,0.26562326,0.24650134,0.21552552,0.18919569,0.15897453,0.14628102,0.11966418,0.11910447,0.12555251,0.13788933,0.15527646,0.17756739,0.21516467,0.23749394,0.24336024,0.25018927,0.23814647,0.22686850,0.20647231,0.17266564,0.15007036,0.11966977,0.09462781,0.08570687,0.07588165,0.07496999,0.07629906,0.07509644,0.08059884,0.08437444,0.09821192,0.11796513,0.11093058,0.13180517,0.13170720,0.14425695,0.14017296,0.14208621,0.14405333,0.14396885,0.15191584,0.15274245,0.15459535,0.14501412,0.11065041,0.11543842,0.11451095,0.10854961,0.10981859,0.08518351,0.08776050,0.08651067,0.09070752,0.09331714,0.08704301,0.08554484,0.07294830,0.07797124,0.07302861,0.07369595,0.07339669,0.05639280,0.05823046,0.05194892,0.06234244,0.06408904,0.05952293,0.05496214,0.05618907,0.06950727,0.05266488,0.07144298,0.06683630,0.06439292,0.09767061,0.09517844,0.11250004,0.11453864,0.14498251,0.14626770,0.14982118,0.17709478,0.20887815,0.21358150,0.22800149,0.23161699,0.24769613,0.24178226,0.23747867,0.23287527,0.22003916,0.20789108,0.20155716,0.18629625,0.15505181,0.15768773,0.14598042,0.13594951,0.13487749,0.13650016,0.15504557,0.15127726,0.15440718,0.18435571,0.19253866,0.22143123,0.25491979,0.27977969,0.30706321,0.33719331,0.37723218,0.40443240,0.44887940,0.48178733,0.50725011,0.54092213,0.55290945,0.58282614,0.57223427,0.57261911,0.57091826,0.52645133,0.51017957,0.47235000,0.40312759,0.38550874,0.33868041,0.30556532,0.27357018,0.26154583,0.24626095,0.22099281,0.21919036,0.19748858,0.22340823,0.20140155,0.18258389,0.19688305,0.18055684,0.16478948,0.16378536,0.16200651,0.15888027,0.18294185,0.18048739,0.19714011,0.22438706,0.26360152,0.29251548,0.32183891,0.38131361,0.39851665,0.42800941,0.44391001,0.44653552,0.45769178,0.44420583,0.41731410,0.37711755,0.34887535,0.34393046,0.31991676,0.28007790,0.26289122,0.22456501,0.22241878,0.21478621,0.20588303,0.18519244,0.17378890,0.18210781,0.15464631,0.14024566,0.13738295,0.12530015,0.12240996,0.10876467,0.11322463,0.10368202,0.11674386,0.10646251,0.11656914,0.12673408,0.11271323,0.12701316,0.12737349,0.11618443,0.11255057,0.12482865,0.14174258,0.14441407,0.13285175,0.14673762,0.14483880,0.14849383,0.14000169,0.16287665,0.14626652,0.14688238,0.15974836
-0.00006611,-0.00471686,-0.00290751,-0.00666853,0.00018410,-0.00649840,-0.00349589,-0.00737435,-0.00077508,-0.00371337,-0.00759531,-0.01521198,-0.01548996,-0.01235764,-0.01903859,-0.00509202,-0.02231055,-0.01174776,-0.01382835,0.00077649,-0.00619254,-0.01642708,-0.01444269,-0.01465632,-0.00729144,-0.00942415,-0.01599290,-0.01282057,-0.00321661,0.00057862,-0.00347429,-0.00428478,0.00239124,0.00029338,0.00831893,0.01275694,0.03120374,0.05595439,0.06619807,0.08469970,0.09594045,0.12150969,0.11782155,0.11431486,0.09620699,0.07987978,0.06035023,0.04613965,0.02898391,0.01000394,0.00877579,-0.00719330,-0.00506922,-0.01529351,-0.01791743,-0.01329090,-0.01851954,-0.01961067,-0.02409586,-0.02419468,-0.03169750,-0.02833014,-0.01991128,-0.01113385,-0.02006112,-0.02509732,-0.00990300,-0.01937562,-0.01633679,-0.01439969,-0.02210614,-0.00618225,-0.00658220,0.02512232,0.04051435,0.04095899,0.06331143,0.08766226,0.09461929,0.10318398,0.08766502,0.08624310,0.07786890,0.08830803,0.09183805,0.11279874,0.15592016,0.17691412,0.19620214,0.23951687,0.26695166,0.29815745,0.32886410,0.35241425,0.37130402,0.39816701,0.41453577,0.40532720,0.37624946,0.36291594,0.33076877,0.27481403,0.25028906,0.19858734,0.13729154,0.12053551,0.07810431,0.06627446,0.04096724,0.03544542,0.03799952,0.03752314,0.04428931,0.05342747,0.06235873,0.06012819,0.06852435,0.06520387,0.05241010,0.04520596,0.03249940,0.01982724,0.00691431,-0.00532880,-0.00746535,-0.00766154,-0.01682337,-0.00509420,-0.00415615,-0.00731957,0.01228743,0.01946502,0.01655007,0.03821047,0.06404553,0.07050621,0.08598358,0.09243178,0.11849014,0.14001360,0.16176357,0.17629482,0.19363689,0.19612284,0.18417292,0.20119781,0.18348073,0.16531789,0.15368695,0.15366222,0.14979634,0.15355850,0.17104096,0.18546422,0.18807642,0.19465281,0.19389202,0.17688091,0.15328913,0.11606319,0.08715745,0.06488795,0.03481682,0.01626209,0.00038546,-0.00669485,-0.00761213,-0.02143601,-0.01454214,-0.01927562,-0.01885456,-0.02802917,-0.01411432,-0.01240479,0.00039126,-0.00996981,-0.00518053,-0.00239325,0.00353716,0.01471934,0.02992046,0.04552440,0.04355517,0.04826409,0.06098755,0.06979069,0.06787538,0.07403638,0.08113464,0.07458508,0.07111884,0.06416276,0.05564374,0.04933665,0.03529602,0.03260987,0.02051397,0.02524523,0.01312652,0.01142837,0.01218132,0.01427669,0.01759265,0.04518608,0.05158529,0.07761329,0.08668851,0.12569757,0.15432374,0.18718241,0.22443723,0.27534106,0.31728572,0.37407030,0.40830127,0.45061259,0.49031438,0.50244847,0.51629982,0.50822233,0.47769788,0.45658870,0.40573077,0.35741838,0.32434392,0.26602741,0.21812071,0.17994513,0.15139024,0.09738913,0.09385673,0.07116532,0.04819161,0.05405240,0.03741758,0.03974185,0.03499984,0.03279279,0.01940008,0.02087938,0.02397004,0.00264398,0.02091659,0.00981599,0.02408027,0.03492702,0.05391209,0.07440514,0.10438071,0.15079066,0.19114068,0.25302063,0.29920898,0.34745822,0.40228098,0.42237033,0.44678615,0.45414558,0.46201617,0.44919742,0.43267847,0.42484503,0.41273742,0.43742129,0.40140735,0.40242892,0.41120608,0.41167589,0.41186629,0.38658357,0.33361323,0.28280421,0.24852076,0.18753023,0.12576099,0.08356874,0.04768791,0.02688591,0.00140217,-0.01236848,-0.01665860,-0.02061275,-0.02860469,-0.03776169,-0.02317131,-0.01969197,-0.02246993,-0.01575182,-0.01290292,-0.01504346,-0.01149360,-0.01045876,-0.00577800,-0.00983910,-0.00369585,0.00139646,-0.00757372,-0.00432580,-0.01357686,-0.01521308,-0.00694831
0.02410979,0.02115319,0.02575763,0.04044101,0.04394004,0.05000074,0.04875603,0.05076673,0.04906974,0.03313709,0.02344830,0.02973097,0.02378645,0.01489599,0.00690910,0.00453166,0.00522077,0.00237508,0.00210209,-0.00042378,0.00682713,0.00587904,0.01652127,0.03087317,0.03093126,0.03275242,0.04825042,0.07516170,0.07712263,0.06017179,0.06252948,0.04814297,0.03737061,0.03321453,0.03122973,0.03872886,0.04582781,0.08237395,0.08745340,0.11031068,0.13146146,0.14150959,0.14516950,0.13918976,0.12786953,0.11578803,0.09378479,0.07258578,0.06349980,0.03080258,0.02497583,0.01725636,0.01310461,0.01166698,0.01441898,0.00044645,0.00985145,0.01566817,0.01359864,0.00741003,0.01382805,0.00576275,0.00997509,0.01376259,0.00812204,0.01114036,0.01812878,0.01874219,0.01773141,0.01637903,0.02474524,0.02382736,0.03358496,0.05238054,0.05870894,0.09059835,0.10151753,0.12757406,0.11997253,0.12381802,0.11546807,0.10345064,0.09670495,0.08839163,0.09061977,0.09650360,0.10168203,0.12235281,0.15376106,0.16158193,0.18752369,0.19905985,0.23484072,0.26076710,0.29082560,0.31547697,0.35004477,0.38273853,0.42220765,0.44204270,0.45599220,0.43650845,0.40941040,0.39042014,0.33909040,0.27814529,0.21946120,0.18398303,0.14305929,0.11577747,0.08297842,0.06885297,0.06534857,0.06201083,0.05960712,0.06115018,0.05631240,0.05844668,0.05175753,0.04348425,0.04559015,0.03878271,0.05033441,0.05032793,0.05538444,0.05507485,0.06657126,0.08817798,0.10871315,0.13027703,0.14820466,0.18234601,0.21482963,0.24532743,0.25399939,0.28196008,0.30190706,0.32437937,0.33229084,0.34557148,0.34571373,0.33745191,0.35278921,0.31262873,0.30044601,0.28712770,0.26615085,0.23853774,0.21456232,0.19982709,0.19519406,0.18948612,0.17304937,0.18937721,0.18918660,0.19114898,0.19162332,0.14907256,0.24251718,0.12471417,0.09520062,0.13718541,0.15817704,0.09519137,-0.00340284,-0.04060520,0.10875435,0.04272618,0.04371708,0.04336604,0.04643687,0.03796568,0.04473998,0.04514343,0.04225088,0.04298497,0.05896485,0.05538468,0.07398309,0.08029575,0.08708612,0.08151033,0.09564231,0.10677370,0.11249608,0.12362622,0.13379161,0.12833348,0.12513652,0.13968984,0.12785329,0.13360829,0.12409179,0.12060770,0.12174356,0.11226670,0.11940803,0.12601613,0.12848252,0.14717133,0.16610074,0.18108639,0.20843484,0.24419491,0.27947971,0.32485674,0.33896278,0.38290827,0.42448889,0.43729569,0.47436807,0.49942117,0.51162441,0.51374408,0.51907836,0.50145078,0.51276750,0.47278607,0.47365502,0.45446714,0.41338081,0.37760920,0.35029444,0.31790564,0.28574572,0.24094979,0.22516482,0.23489327,0.23119675,0.23376099,0.25899522,0.26281359,0.30065255,0.30694365,0.31193193,0.33119504,0.33733034,0.31461039,0.31926409,0.28909725,0.24197395,0.23205701,0.20138757,0.18688490,0.15272328,0.13891018,0.13170353,0.14494907,0.17095262,0.16851622,0.22203538,0.23431005,0.27149428,0.31495165,0.36984963,0.42898750,0.47553680,0.49316347,0.51353011,0.53993431,0.54642077,0.55248660,0.53455814,0.51294575,0.49236954,0.48778949,0.47675993,0.44551928,0.44453213,0.42233306,0.38644944,0.32327805,0.29966993,0.24082359,0.19459424,0.17145869,0.13506465,0.10919960,0.10596289,0.08884630,0.08629713,0.07430198,0.08210450,0.08168160,0.08681646,0.07795307,0.07457563,0.07458046,0.09476581,0.08477916,0.09514522,0.08667860,0.09485307,0.09037583,0.09717844,0.10183411,0.08608501,0.09435379,0.09850605,0.09231199,0.09736230
0.03200745,0.02335463,0.03384350,0.03916501,0.02945973,0.03534883,0.04645261,0.03869557,0.04025256,0.03161095,0.04074549,0.03117733,0.02934522,0.00982455,0.01492953,0.01280596,0.01008156,0.01233946,0.01861221,0.01964766,0.00690892,0.02874170,0.02273806,0.02998261,0.02898535,0.04423848,0.04949045,0.04878934,0.05838568,0.05998398,0.04375536,0.05315679,0.03636494,0.02838629,0.04254840,0.03808544,0.04675443,0.05205157,0.05747972,0.07370689,0.06854677,0.08881160,0.08416928,0.07955471,0.07945385,0.07099684,0.04821803,0.04906033,0.03883253,0.03961336,0.03652398,0.01813099,0.02374102,0.02561898,0.02132293,0.02964132,0.02963435,0.02819513,0.03415598,0.02470575,0.03140446,0.02966909,0.02994419,0.02768666,0.02179846,0.03905504,0.02770202,0.02764795,0.03933776,0.03448497,0.03467645,0.02713176,0.04409449,0.04763334,0.05561402,0.06882527,0.07600550,0.08807902,0.09865516,0.09263927,0.10934508,0.11497888,0.10586893,0.14722432,0.14856606,0.18464699,0.22013314,0.26611558,0.31494194,0.33548515,0.38398488,0.41813498,0.46679565,0.49477792,0.51366450,0.54539753,0.55064616,0.55066824,0.57158454,0.52576800,0.51512236,0.46432905,0.42415564,0.34982785,0.30068107,0.23695051,0.21770686,0.16879010,0.14587252,0.13728312,0.13393310,0.13422866,0.14635671,0.16905169,0.17473495,0.17882067,0.18688046,0.17090758,0.16010227,0.15203205,0.12467893,0.10436825,0.09988940,0.08242044,0.08138154,0.06443901,0.07375285,0.07625336,0.09191269,0.10852888,0.11587786,0.13393459,0.13636329,0.15909969,0.18012905,0.18028262,0.20122724,0.19263967,0.20775280,0.19931340,0.21514461,0.19977635,0.19406499,0.18420139,0.18220722,0.17335116,0.14787015,0.14996798,0.15195806,0.17083840,0.17309587,0.20118089,0.22208345,0.23461102,0.24614946,0.25718906,0.26459093,0.23511098,0.21732428,0.18537627,0.15666329,0.13421645,0.10024512,0.09968020,0.07900146,0.06544986,0.05196288,0.05984147,0.05616136,0.06409228,0.05904852,0.05499536,0.06267334,0.06050305,0.06951525,0.06685035,0.07436026,0.07971161,0.06435765,0.09028455,0.10226011,0.11361283,0.09887131,0.11638366,0.12237257,0.13185376,0.13094124,0.13728768,0.14624256,0.13476918,0.14283450,0.13541431,0.13001822,0.12453359,0.11466790,0.12076955,0.11656604,0.11549498,0.11862117,0.13369794,0.13576687,0.17030912,0.16642191,0.20201142,0.22008608,0.26562731,0.29648798,0.33634360,0.38803088,0.42930453,0.49938961,0.53549873,0.59029618,0.64022656,0.65447448,0.73007573,0.74482263,0.73908773,0.76407686,0.73379254,0.69563956,0.64776710,0.61828588,0.53123065,0.48805041,0.41942294,0.38007004,0.34330562,0.30807748,0.29306824,0.26363355,0.25752654,0.23331048,0.24524071,0.23872790,0.24781327,0.24610566,0.22966262,0.20730155,0.20582828,0.18956846,0.17171800,0.17756410,0.16223935,0.17225684,0.18448070,0.19909368,0.23287147,0.26834323,0.31823766,0.37545604,0.45986972,0.49734327,0.53662962,0.57321820,0.60191034,0.62772733,0.62618606,0.58652484,0.58311507,0.54166990,0.51139139,0.49688670,0.46499878,0.45058586,0.45904805,0.45152926,0.43457631,0.42153640,0.39055808,0.36118761,0.31769288,0.25934770,0.22436786,0.17243403,0.14327902,0.11607498,0.09978711,0.10306825,0.09125593,0.08311596,0.08133431,0.07435629,0.08096662,0.08489563,0.08574559,0.08038218,0.09246095,0.09690455,0.09712578,0.08978378,0.09809246,0.10102984,0.09953727,0.08814454,0.08337161,0.09418427,0.10683166,0.10177107,0.09788392,0.09854617
0.03404601,0.03021432,0.02348905,0.01930883,0.01432191,0.01754856,0.01910950,0.00829996,0.00109801,0.01238638,0.00558745,0.00906604,0.00974371,0.00542579,-0.00562891,0.01069636,0.00168531,0.00557926,0.00852247,0.00259137,0.01000991,0.00820992,0.01190372,0.01262403,0.00801634,0.00601865,0.00296750,0.01150169,0.02531148,0.00496853,0.00912437,0.01541746,0.01006790,0.01481073,0.03375925,0.04110142,0.03908903,0.05659031,0.06809455,0.09512992,0.09874349,0.11138990,0.11443755,0.11380947,0.10520946,0.10649440,0.07924663,0.07512155,0.04636122,0.04310564,0.03268463,0.01740300,0.01606111,0.01283509,0.01314498,0.01775761,0.00753660,0.00764265,0.01744518,0.00935912,0.01031597,0.01218996,0.01148756,0.02033811,0.01349596,0.00472066,0.01148566,0.01263850,0.01686379,0.01263375,0.01362579,0.02386187,0.02682580,0.03225666,0.05123788,0.05911582,0.08906800,0.10446029,0.11941485,0.13752905,0.13678839,0.13764403,0.15448239,0.17128515,0.19137779,0.21149998,0.26771041,0.30675088,0.34545405,0.38305909,0.41452394,0.44962267,0.45288869,0.46806025,0.46725594,0.44518728,0.45739351,0.40975494,0.37211179,0.32710506,0.32776499,0.26525272,0.23097114,0.17744841,0.14255862,0.11874966,0.10318955,0.06923773,0.05915548,0.05710342,0.06384735,0.05779274,0.06083628,0.07428421,0.09866719,0.09555066,0.09525239,0.09294214,0.10684339,0.08587954,0.07101781,0.07195388,0.04022709,0.04135622,0.03277762,0.02392009,0.02573440,0.02165888,0.01395468,0.02790110,0.02828393,0.04029419,0.04089092,0.04756014,0.05371478,0.05618653,0.06533335,0.07642218,0.09928094,0.11280333,0.12996295,0.16643740,0.16498804,0.16341589,0.18406262,0.18433855,0.18978124,0.16393162,0.16197342,0.15986725,0.14206873,0.13955185,0.14875760,0.13602973,0.15954118,0.16550067,0.14285868,0.14791531,0.14517595,0.11579320,0.09998715,0.08339096,0.06585522,0.05620291,0.03860618,0.03074113,0.03099248,0.02630893,0.03065176,0.01173728,0.02074798,0.02299506,0.02352204,0.04054967,0.04490093,0.05772337,0.06851308,0.06922871,0.09283275,0.12454063,0.14678459,0.16880671,0.20623897,0.22218382,0.24785183,0.29135118,0.30995678,0.30299027,0.32654873,0.32183666,0.32673415,0.29637444,0.27891547,0.26837107,0.24298274,0.20867644,0.17307540,0.15499340,0.13141774,0.10844908,0.08895229,0.08402960,0.07758126,0.05914252,0.05529862,0.06322444,0.07128673,0.08392510,0.11263904,0.12628188,0.15452026,0.18273494,0.20634511,0.24631319,0.27624742,0.32544491,0.36232703,0.38080207,0.39631917,0.39165694,0.40975435,0.37766356,0.35985095,0.34541639,0.30408964,0.27172903,0.23907930,0.19587411,0.16814158,0.13172465,0.11231120,0.09312482,0.08295557,0.07738994,0.05233127,0.04390332,0.04563723,0.04155432,0.03349346,0.03368851,0.03553241,0.03311335,0.03218390,0.03488940,0.03933489,0.04146180,0.05564549,0.06528766,0.08167198,0.12635542,0.13615104,0.18746687,0.20936287,0.25735050,0.28446499,0.32092480,0.34548548,0.36226523,0.33866140,0.35450475,0.35650504,0.32696899,0.33173897,0.34399014,0.31529964,0.32397883,0.32830478,0.32617276,0.32899368,0.31393266,0.29478016,0.26467376,0.23773995,0.20618239,0.16964107,0.13560850,0.09718241,0.06626830,0.05245589,0.03967682,0.02345201,0.02789492,0.02326983,0.02727526,0.02773117,0.03520145,0.03524341,0.04382967,0.05042619,0.04975446,0.04870229,0.06419634,0.07086981,0.06636793,0.07159824,0.08656903,0.08992863,0.09001812,0.09696602,0.09655919,0.08891487
0.03648782,0.04430188,0.03800149,0.04009122,0.04062912,0.04619731,0.03522696,0.04746185,0.04148409,0.03769490,0.03791427,0.03055505,0.03454469,0.02591664,0.03388404,0.02835477,0.02187693,0.02029196,0.01916062,0.02646600,0.02630265,0.02316064,0.03231221,0.03163762,0.04465993,0.03914640,0.04877349,0.05851588,0.06091406,0.05301647,0.04551968,0.05380994,0.04997715,0.05735582,0.06530447,0.07240589,0.08696637,0.12516195,0.13113050,0.16653365,0.19750472,0.19359994,0.20603928,0.18417775,0.18864711,0.17789881,0.14256384,0.12596940,0.09710389,0.07224151,0.06781605,0.05049567,0.04386941,0.04319726,0.02867167,0.03157476,0.03326806,0.03392544,0.04316475,0.04197478,0.03186023,0.03841591,0.03012625,0.03641060,0.03796597,0.02984815,0.03346168,0.03121499,0.04582244,0.04875644,0.04974363,0.03695272,0.06640068,0.08387356,0.09470471,0.12846790,0.15093706,0.17737194,0.19166478,0.18273355,0.17136241,0.16970396,0.16624027,0.16706025,0.19046303,0.20353537,0.23232834,0.27701105,0.29421931,0.32927172,0.37922762,0.38440119,0.40828435,0.43818568,0.43408258,0.42422132,0.43560398,0.42178214,0.40172798,0.39469386,0.36114769,0.32387994,0.29065020,0.25916070,0.22540148,0.19490971,0.15947021,0.13429261,0.12186727,0.11624814,0.11384850,0.13711031,0.12653410,0.14494184,0.16531626,0.16996907,0.18045814,0.18104887,0.16158310,0.15481525,0.13605694,0.11978757,0.09904717,0.07955528,0.07161309,0.07636526,0.06876788,0.07671951,0.07734374,0.08181735,0.08943546,0.10007746,0.11030647,0.13649012,0.15608647,0.18511410,0.20636034,0.22084415,0.25058574,0.27043438,0.29722794,0.31694561,0.35702389,0.33185776,0.33495521,0.33073724,0.31608508,0.29945198,0.27664181,0.26776265,0.23080755,0.22507207,0.19757137,0.20155279,0.19650716,0.19184497,0.17166518,0.17257760,0.16319100,0.15173521,0.10943156,0.10248170,0.07580560,0.07322579,0.07229343,0.06482715,0.04728002,0.05515077,0.05813035,0.05170193,0.05905691,0.04846671,0.05622610,0.06899055,0.07388555,0.07346299,0.06571644,0.06863737,0.07933278,0.09755658,0.10168471,0.11164466,0.12435004,0.13680266,0.15208039,0.15752518,0.15190897,0.15438416,0.17278551,0.16706849,0.16568866,0.16055592,0.16493051,0.13763316,0.15068798,0.12057172,0.12044087,0.12185570,0.11168138,0.12283544,0.11310501,0.11716861,0.11957710,0.14017916,0.14270461,0.16754831,0.19065366,0.21618242,0.23896957,0.26033303,0.30017860,0.34471991,0.37931302,0.41144549,0.45038620,0.47284526,0.50609841,0.52604212,0.55713547,0.54968197,0.54278004,0.52039371,0.49116254,0.43917743,0.41819281,0.37527070,0.32403464,0.31143890,0.25063245,0.24448012,0.21481211,0.19825375,0.19693706,0.18928102,0.17568982,0.19444806,0.17084428,0.16992531,0.16248016,0.14966741,0.13617414,0.14197305,0.14044662,0.12470370,0.12155453,0.14401685,0.14745364,0.15776774,0.17205214,0.21890234,0.26467138,0.29891685,0.33982313,0.38617318,0.43431592,0.45041977,0.48733258,0.51317519,0.52093960,0.52965950,0.53928988,0.51949966,0.54758667,0.50433126,0.49031100,0.47396384,0.47464918,0.45955442,0.45981799,0.42383571,0.41391566,0.39140238,0.33144972,0.29129892,0.24459718,0.19950931,0.15676283,0.12585396,0.10348109,0.09500857,0.08079498,0.07496968,0.07549809,0.06396014,0.07546087,0.06498088,0.06891103,0.07683454,0.07554370,0.09161107,0.07368498,0.08466478,0.08654685,0.08244582,0.07610816,0.08876669,0.09228014,0.09757045,0.09433296,0.08280181,0.09927386
0.02352719,0.02675143,0.02496215,0.03800580,0.03893131,0.04087267,0.04608668,0.04253139,0.04196503,0.03255361,0.03184816,0.02890743,0.02670842,0.00039866,0.01663124,0.00862589,0.00589227,0.01004874,0.00462575,0.00341671,0.00803624,0.00500603,0.00584285,0.01640030,0.03302491,0.03239554,0.04197094,0.05904979,0.06036992,0.05532516,0.05002072,0.04226256,0.04215003,0.02698278,0.01289757,0.02574077,0.02806368,0.03743080,0.02955687,0.03510508,0.04087424,0.04437181,0.04573779,0.04547010,0.04378524,0.04342852,0.04395749,0.03542817,0.03603886,0.02383296,0.02548522,0.01679953,0.02756144,0.02652361,0.02421593,0.02074313,0.02960315,0.02439101,0.02179038,0.03263594,0.02213224,0.02233999,0.03077877,0.02575300,0.02166230,0.01560034,0.02743731,0.01796376,0.03294672,0.03415092,0.03802809,0.03204564,0.03896992,0.04279199,0.04160849,0.04895001,0.05344079,0.05294220,0.06386725,0.07405267,0.07304078,0.08134598,0.10257226,0.11455482,0.13178325,0.14885153,0.16403569,0.18746259,0.21690573,0.25989642,0.29206107,0.30680352,0.34815505,0.37206373,0.38444704,0.41036889,0.42491872,0.46366385,0.45649707,0.46480238,0.45933841,0.45818798,0.42766575,0.38283385,0.34084780,0.28739864,0.24162327,0.20933445,0.16178188,0.13535466,0.12239359,0.11666093,0.10071370,0.09776001,0.10241384,0.11284363,0.09718629,0.10187067,0.10687435,0.10641915,0.08285985,0.07652241,0.08320796,0.07145421,0.08668043,0.08023601,0.07511101,0.09272616,0.10313954,0.10171515,0.12448185,0.14405773,0.16389771,0.16881085,0.17807281,0.20225892,0.21131976,0.22221214,0.20890787,0.20296706,0.19922662,0.18767609,0.17934359,0.16134637,0.15127618,0.14184220,0.13049805,0.13018986,0.13011933,0.13045606,0.14090727,0.14340170,0.17162332,0.18054630,0.19669544,0.21364781,0.22315231,0.24149536,0.21882398,0.20887348,0.16432489,0.14413965,0.12926160,0.11251631,0.10162516,0.08537821,0.08798523,0.08226827,0.07392965,0.07494131,0.06284733,0.08887098,0.07902373,0.07941803,0.08387712,0.08352501,0.09892986,0.10818683,0.11469167,0.13042836,0.12819946,0.14047723,0.15729098,0.17148672,0.18497939,0.19725306,0.21261850,0.21431183,0.23090681,0.22176935,0.22944542,0.21559686,0.20929979,0.20553560,0.19315283,0.18472505,0.16265462,0.16129830,0.16954082,0.16607720,0.15394827,0.19928585,0.18533393,0.22324079,0.23900231,0.26592157,0.29378621,0.32564689,0.34599368,0.38696600,0.41554930,0.46679268,0.48820750,0.52198014,0.54801106,0.55294343,0.58504533,0.59768102,0.55810461,0.55624803,0.54666074,0.52719575,0.46491298,0.45600378,0.40537971,0.38307269,0.32811850,0.30858621,0.27406812,0.26261288,0.24907182,0.24796820,0.27345502,0.26637407,0.28543905,0.27796160,0.27294572,0.28151001,0.28229759,0.25965665,0.25314388,0.24311649,0.20237769,0.18726529,0.19268612,0.16615333,0.18068087,0.17641269,0.19630477,0.21550621,0.24067504,0.28585609,0.32636962,0.38206321,0.40555720,0.43797454,0.47778263,0.47665237,0.48778954,0.51299298,0.47237987,0.45069930,0.42565910,0.43326527,0.40003138,0.40070046,0.38839151,0.37587950,0.37869315,0.36565184,0.34421696,0.31073304,0.27609988,0.26054433,0.20799920,0.18665345,0.16892424,0.14733403,0.11705995,0.12371515,0.12272681,0.10160137,0.10253423,0.10781615,0.13189408,0.12164537,0.12542334,0.12186570,0.12422576,0.12088477,0.13125177,0.13327708,0.13739969,0.14600920,0.14965194,0.15120158,0.15590200,0.15465353,0.14621165,0.15461715,0.15810714
0.02647111,0.03438973,0.02932984,0.05304076,0.04429664,0.03859474,0.03569132,0.04748922,0.04191307,0.03133877,0.02040962,0.01798302,0.01814531,0.00553312,0.00988010,0.00991960,0.00499208,0.00985359,0.00619560,-0.00003488,-0.00205985,0.01244035,0.01955627,0.01411819,0.02424288,0.04275570,0.04939208,0.06585347,0.06840513,0.05338758,0.04375445,0.02415609,0.03002309,0.02276889,0.01384792,0.03479242,0.04116876,0.05890993,0.06671162,0.07859028,0.07720199,0.08080394,0.09448838,0.07402576,0.06986798,0.06743779,0.04547756,0.03652117,0.02689127,0.01496714,0.01173917,0.01664283,0.01056399,-0.00259748,0.00839672,-0.00440896,0.00411978,-0.00278417,0.00478076,0.01524281,0.00131044,0.00668960,0.00762765,-0.00473943,-0.00178701,0.00826595,0.00161912,0.00465384,-0.00252535,-0.00051173,0.00922588,0.00362020,0.02479275,0.02155192,0.04651047,0.05779336,0.05787590,0.08473938,0.08130427,0.08265859,0.08523985,0.08783660,0.08699406,0.08961250,0.10328599,0.11630405,0.15257631,0.17837789,0.20013946,0.20807459,0.23640614,0.24784071,0.28548707,0.28639202,0.30067862,0.28061040,0.32486286,0.34888587,0.35291266,0.36824109,0.34941832,0.33058615,0.31522497,0.28009075,0.25324000,0.21179631,0.16014925,0.12752268,0.09856802,0.08604659,0.05668642,0.07567477,0.07572678,0.08432451,0.08898327,0.08855803,0.08806498,0.07772991,0.06981847,0.06198318,0.05985156,0.04473355,0.04781080,0.03591118,0.02847868,0.03800548,0.04778841,0.05853871,0.06683635,0.09308989,0.11875775,0.14339636,0.14770810,0.18918595,0.21777168,0.21580066,0.24268895,0.24229284,0.23851801,0.23331129,0.23667077,0.22162338,0.21373539,0.18564276,0.18835503,0.17027627,0.14074665,0.11795883,0.12012001,0.10747335,0.09912856,0.09097094,0.10312500,0.08603065,0.09771706,0.08507099,0.08075795,0.08357097,0.06515833,0.06690437,0.03613515,0.03432506,0.03440862,0.01414831,0.01323202,0.00853206,0.01115616,0.01661932,0.00824323,0.00393698,0.00720760,-0.00252500,0.01246300,0.00821492,0.01530665,0.02845111,0.01341038,0.02795975,0.05007258,0.04556669,0.04062768,0.05749328,0.06580299,0.07693219,0.07997424,0.07977313,0.08804030,0.08367487,0.09121939,0.09118379,0.08011241,0.07113008,0.07578749,0.08882305,0.07704976,0.07471695,0.07522856,0.07585161,0.09229777,0.10018296,0.12750984,0.13910376,0.15474269,0.19068706,0.21455414,0.26802320,0.28514740,0.31415823,0.34591924,0.36799852,0.37793106,0.41166467,0.42988499,0.45158439,0.43740791,0.44702060,0.43993217,0.42790862,0.42379110,0.37304084,0.36419137,0.32863924,0.30217623,0.27289107,0.25014320,0.22882166,0.20024240,0.19113694,0.19370148,0.19081074,0.19673365,0.22087976,0.22555623,0.23731839,0.25412252,0.25884855,0.25546457,0.23803207,0.22769602,0.20160582,0.18002424,0.14560017,0.13121535,0.11611909,0.10731207,0.10242714,0.11025252,0.11330765,0.13149155,0.15664030,0.18341339,0.21812477,0.26036288,0.27242080,0.32634905,0.34546763,0.35363787,0.38203320,0.38986621,0.38781607,0.36984099,0.38686708,0.34331658,0.32245088,0.30077614,0.27456931,0.27247285,0.25353419,0.24325841,0.22087315,0.20448083,0.16336128,0.13248410,0.10252655,0.07794824,0.05422037,0.03484845,0.03631228,0.02187004,0.02469514,0.03436594,0.02943858,0.02250720,0.02360699,0.02532693,0.01991039,0.01891689,0.02432409,0.02082485,0.03334334,0.03437896,0.03241653,0.03251102,0.03345223,0.03553251,0.03761006,0.04439089,0.03704401,0.04921586,0.04565518,0.03768244
0.02304044,0.01107710,0.01080151,0.01546724,0.00581030,0.00619302,0.00333965,0.00715589,0.00344378,0.01420170,0.00326212,-0.00575141,0.00439606,-0.00334109,-0.00926958,-0.00583682,-0.00570485,-0.01371145,-0.00402884,-0.01165573,-0.00270733,-0.00291672,-0.00816099,0.00093767,0.00008570,0.00957310,0.01250426,0.00903346,0.01949257,0.00634379,0.01187226,0.00866755,0.01185126,0.00440129,0.02089048,0.03838482,0.04700375,0.06734663,0.08359921,0.10380138,0.12769694,0.14431199,0.13984679,0.13462902,0.13291630,0.10076510,0.08484754,0.05703041,0.04611853,0.03399146,0.02530871,0.01112002,0.00406398,-0.00133596,0.00126523,-0.00214101,0.00275113,-0.00880662,0.00424617,-0.00586847,0.00380546,0.00177003,0.00004218,-0.00693942,0.00512352,-0.00311421,-0.00205954,0.00094155,0.00333717,0.00004680,0.00837344,0.02808504,0.02952780,0.03250108,0.06266513,0.08165323,0.11238212,0.13449641,0.14447349,0.14605630,0.15960495,0.15470713,0.15996751,0.17889052,0.20654997,0.23785752,0.27425172,0.30899182,0.35021744,0.37325397,0.37839373,0.39801886,0.39174962,0.36375889,0.34496046,0.34586772,0.31027537,0.27285404,0.25324418,0.23084047,0.22894846,0.19252026,0.17320201,0.14997527,0.12633597,0.09351046,0.07738417,0.06732899,0.05346729,0.04270736,0.03211817,0.03391247,0.03102118,0.03180431,0.03881688,0.04017729,0.04839869,0.04192619,0.04169131,0.03209069,0.03181242,0.02739030,0.02323108,0.03029432,0.01660083,0.02429163,0.02025520,0.02957365,0.03399917,0.03881858,0.05009698,0.06219741,0.07075186,0.07303046,0.10064748,0.11303639,0.11960059,0.15972092,0.17504520,0.21502324,0.21752000,0.24494208,0.24537450,0.26239752,0.26151190,0.23668899,0.23193155,0.19730043,0.19663225,0.16427658,0.15581963,0.12829604,0.12242766,0.11295427,0.10014830,0.09840287,0.09004414,0.07534527,0.06672615,0.04927937,0.05876095,0.04821488,0.03705568,0.03129231,0.02946915,0.02187047,0.01609730,0.02206249,0.02725566,0.02472198,0.03940911,0.03503384,0.03424934,0.04626067,0.05861712,0.06678707,0.08053558,0.11541878,0.12684281,0.15781774,0.20127163,0.23127421,0.27958392,0.30064717,0.35539873,0.36892537,0.38431944,0.41474075,0.40081800,0.38923440,0.39117509,0.34397392,0.34893674,0.30401266,0.28203342,0.24576530,0.21051186,0.17878198,0.14747266,0.12933738,0.12980765,0.10155577,0.10704781,0.11645263,0.10363362,0.11571264,0.12080535,0.12931258,0.15167291,0.15361801,0.17034697,0.17943471,0.18682012,0.19371961,0.20028746,0.20994711,0.21483052,0.22081282,0.22448971,0.20661780,0.18880596,0.18381462,0.17040324,0.16145020,0.13922463,0.12490081,0.11510036,0.10778036,0.09443284,0.09264232,0.09681721,0.09749325,0.10070107,0.09170620,0.09155851,0.10243366,0.09955396,0.11742908,0.10420261,0.09547094,0.08590882,0.07830386,0.07117557,0.07364395,0.05696796,0.05774594,0.05463784,0.06098312,0.07310166,0.09105323,0.09606486,0.10573212,0.13671655,0.15791095,0.17651699,0.20478309,0.24462923,0.27132603,0.28672737,0.31503057,0.31643889,0.33166532,0.32168763,0.33795088,0.33137721,0.31585803,0.32521486,0.30770396,0.29835379,0.27600885,0.25908149,0.26464554,0.20637193,0.17270080,0.15713637,0.11739741,0.08087684,0.06302673,0.05679531,0.05820926,0.04841489,0.06877526,0.05405587,0.06470917,0.06999580,0.07655192,0.08434461,0.08326114,0.09702925,0.09696154,0.10776841,0.10049388,0.10558997,0.12846812,0.12543726,0.13091267,0.14517965,0.14312669,0.14723923,0.14549550,0.14153329
0.04316946,0.03861105,0.03109351,0.04361240,0.05235633,0.04742730,0.05288978,0.05461296,0.06291735,0.04766355,0.03619075,0.02701352,0.01532856,0.02313293,0.01283753,0.02289572,0.00917921,0.01143732,0.01019774,0.01026766,0.01720565,0.00229140,0.00912281,0.01853421,0.03009271,0.05025313,0.06117942,0.05475636,0.06413185,0.06425014,0.06350489,0.05386177,0.04168335,0.04298619,0.04045889,0.03235196,0.02875932,0.04513111,0.06047824,0.07371772,0.07613943,0.08348381,0.08677526,0.08875977,0.08016645,0.06525954,0.05921515,0.04005551,0.04005441,0.03174578,0.03319913,0.02603406,0.02504525,0.02103155,0.01524043,0.00896503,0.02639498,0.03666058,0.03353634,0.02108859,0.03183117,0.01958600,0.02757828,0.02382366,0.02775717,0.03498684,0.02601324,0.02639139,0.03552195,0.03300287,0.03787865,0.03213952,0.03955832,0.04514920,0.06560160,0.06899129,0.07721227,0.09700323,0.10659137,0.10845478,0.12404829,0.12271059,0.14100211,0.15419025,0.17791242,0.19479284,0.22125121,0.26597533,0.30512977,0.31014525,0.33207019,0.34179548,0.35330256,0.35316230,0.35454073,0.34474446,0.36087090,0.36859455,0.37835819,0.37701432,0.38252005,0.37577682,0.33885919,0.32759090,0.28970138,0.24764823,0.19328154,0.17020409,0.14102152,0.11703541,0.10756254,0.09478085,0.09105142,0.08380715,0.09088359,0.08377198,0.09764917,0.07434198,0.08745351,0.08372162,0.07446151,0.07510038,0.06387119,0.08300585,0.06418936,0.07070093,0.07872118,0.09002332,0.10641131,0.13272653,0.13978162,0.16027263,0.18075902,0.20798136,0.22887265,0.23737494,0.24659381,0.24574639,0.25687811,0.25462762,0.25132966,0.23097543,0.24443810,0.22771760,0.19888050,0.19235498,0.18584234,0.15935682,0.14309335,0.13320702,0.12465677,0.13236571,0.12781605,0.11742141,0.13285575,0.13087919,0.13883018,0.13706724,0.12308697,0.10002537,0.10320913,0.08570499,0.07400483,0.06645742,0.06357028,0.06169097,0.06580456,0.05561336,0.05847740,0.05473009,0.06680751,0.07809395,0.07186241,0.08422739,0.08551793,0.09104079,0.11272328,0.12555323,0.14132839,0.14953990,0.18868604,0.20161436,0.23400536,0.23787057,0.27751163,0.28283003,0.33803280,0.32640647,0.32545234,0.33340878,0.32569143,0.31451154,0.28712161,0.26922345,0.24049656,0.22565475,0.20554045,0.18599209,0.19118231,0.19656916,0.18997905,0.20162870,0.22091165,0.23215672,0.25318184,0.28162681,0.31094876,0.32533808,0.35244977,0.38306852,0.40436489,0.42099568,0.44871127,0.42922717,0.42588742,0.42169992,0.41760178,0.38099429,0.38185192,0.36020791,0.32940812,0.33156841,0.30220318,0.26205010,0.24816351,0.22407740,0.21971704,0.21602924,0.21297374,0.22079040,0.21982710,0.25326907,0.24948583,0.28521938,0.28855743,0.28424621,0.30596055,0.28641250,0.28497583,0.27560710,0.26529502,0.22629009,0.20960304,0.18826872,0.16094285,0.15025050,0.14317834,0.15299896,0.15082281,0.15561010,0.18062553,0.19464203,0.22646723,0.26073893,0.28389736,0.30790032,0.34237008,0.35413603,0.38667000,0.37996499,0.39394073,0.39123874,0.37569674,0.35485895,0.33566353,0.32034505,0.31096640,0.29801126,0.27377591,0.26943106,0.24249166,0.22996522,0.19831997,0.18709559,0.17735454,0.14960436,0.14145517,0.12249527,0.10998594,0.12351609,0.09396395,0.10822689,0.11440570,0.12240187,0.11938664,0.11791861,0.13147687,0.13097111,0.12745761,0.14029615,0.14708598,0.14344599,0.14902609,0.16808982,0.15773622,0.16561647,0.17192931,0.16937538,0.17184806,0.18346341,0.17980834
0.02371519,0.03987885,0.02646718,0.02983452,0.02626489,0.03436437,0.03425332,0.03426205,0.02501876,0.02961867,0.02617761,0.01636315,0.01557545,0.01883411,0.00962736,0.01504913,0.01891312,0.00688614,0.02337012,0.00793157,0.01015620,0.01644123,0.01315117,0.01163708,0.02757443,0.03203946,0.03553262,0.02504759,0.04369275,0.03711538,0.03752017,0.02975326,0.03475184,0.02465362,0.03330513,0.03506843,0.03830912,0.05100237,0.05757004,0.07738922,0.10072300,0.10049521,0.11904166,0.11324978,0.09125901,0.08059399,0.07603394,0.06169923,0.04665310,0.04013734,0.03019073,0.02230958,0.01660186,0.01163249,0.00779144,0.01140812,0.01466762,0.02321205,0.00541480,0.01148248,0.01289164,0.01220552,0.01695681,0.01443130,0.02028440,0.00688121,0.02221333,0.00706910,0.01830583,0.00477282,0.01183476,0.01851407,0.02855910,0.04184385,0.04393724,0.06444735,0.06699607,0.08728234,0.09167617,0.10480340,0.09091155,0.10956940,0.10981578,0.12423786,0.13864353,0.15789788,0.18460249,0.23163718,0.25901503,0.28918074,0.32788274,0.35570986,0.37727969,0.37921578,0.36595738,0.38534920,0.38641834,0.36519008,0.34200924,0.32030722,0.30626676,0.29597262,0.26159808,0.22894162,0.19980273,0.15974003,0.14016176,0.10120541,0.09130146,0.08100337,0.07161699,0.08280291,0.09096234,0.10545496,0.11018028,0.12463100,0.12136240,0.11745777,0.11854925,0.10227328,0.08981847,0.07529418,0.07149650,0.06091904,0.03745697,0.03890700,0.03843136,0.03395247,0.04258243,0.04901346,0.06504085,0.06583247,0.08865464,0.09501748,0.10485033,0.11232041,0.13871774,0.14578096,0.15858535,0.16288291,0.16715092,0.18628829,0.17685022,0.18671120,0.18412247,0.17246472,0.15860664,0.16180810,0.14890608,0.12560711,0.12899817,0.11841097,0.10780438,0.11268302,0.11761046,0.12468145,0.12227048,0.12039971,0.10472121,0.08705762,0.07982092,0.06754118,0.05275141,0.03757631,0.03721610,0.02616356,0.02129903,0.02286796,0.01506672,0.02315718,0.02863389,0.03126014,0.01826639,0.02959592,0.03359260,0.02865353,0.03254785,0.05921432,0.05746356,0.06706362,0.07332956,0.09618152,0.10966885,0.12000632,0.12976539,0.14711427,0.15668426,0.16390272,0.15416823,0.17473581,0.18266227,0.15889071,0.15034440,0.12911975,0.11738831,0.11787555,0.09928154,0.08336113,0.06856943,0.08660726,0.08512294,0.09713473,0.09021784,0.09432407,0.11049358,0.13201445,0.15518588,0.18070599,0.20347066,0.22883856,0.24875361,0.27984570,0.33272608,0.34348499,0.36867448,0.40926247,0.43974014,0.43746550,0.44920473,0.45449532,0.42192803,0.41149690,0.39021086,0.35041174,0.33402277,0.30444073,0.26638935,0.24701402,0.19409226,0.18658843,0.16134562,0.15941456,0.13706380,0.14846316,0.13515613,0.13909892,0.14203161,0.14678861,0.12569163,0.12484986,0.10955206,0.10038207,0.09949240,0.08370368,0.08594859,0.09072979,0.10196614,0.10996278,0.13192400,0.15206551,0.18634831,0.21330950,0.27155061,0.29200783,0.32904766,0.33450882,0.38541917,0.36188626,0.40503656,0.39530795,0.39545681,0.37517903,0.34788696,0.35134035,0.33426010,0.33067573,0.29686671,0.28728362,0.28680286,0.28156322,0.25617207,0.22704801,0.20916281,0.17943597,0.14721109,0.11938133,0.10595308,0.07516937,0.06568853,0.06174682,0.04966090,0.04484373,0.03680474,0.03432289,0.04591926,0.04454917,0.04208317,0.04822408,0.05041671,0.06004113,0.07047768,0.05826071,0.05665921,0.05936365,0.06977083,0.06727210,0.07256124,0.07844511,0.06832405,0.07113063,0.06891118
0.03385841,0.02986093,0.02832620,0.03884572,0.04069058,0.03663594,0.03136909,0.03347783,0.02499570,0.01408616,0.01978871,0.02248495,0.01718479,0.00977546,0.00536859,0.00529474,-0.00213688,0.01326199,0.00039646,-0.00969814,0.01394995,0.00777815,0.01088879,0.01181416,0.02501732,0.02914416,0.03759876,0.04236382,0.04433912,0.04466542,0.04515432,0.03521270,0.02650274,0.02186551,0.03361174,0.01193223,0.02513514,0.02735765,0.03132754,0.05111580,0.05028696,0.06163693,0.06370441,0.05651277,0.05855761,0.05115470,0.04122776,0.03845144,0.02945644,0.02954815,0.02109161,0.02634517,0.00581110,0.01368901,0.01630297,0.00592101,0.00910044,0.01146116,0.01915195,0.00116141,0.01471852,0.02089785,0.02050740,0.01347946,0.01378642,0.01834224,0.01451763,0.01661599,0.02349023,0.01458751,0.02047739,0.02670429,0.01636827,0.03525019,0.02717240,0.04438580,0.06810481,0.07537063,0.08448431,0.09582664,0.10504409,0.10947517,0.12801500,0.16464060,0.18368083,0.22499058,0.24819468,0.30230985,0.33972258,0.37618493,0.40418290,0.41293968,0.41650037,0.42116235,0.40458508,0.40178234,0.38543948,0.37822546,0.35908372,0.34900518,0.33124096,0.31335030,0.26964541,0.27215686,0.22835772,0.20479833,0.18045455,0.13446850,0.12142606,0.09799019,0.09231656,0.09117813,0.09353814,0.10829196,0.10088476,0.10474558,0.11343437,0.11129146,0.11091782,0.11098213,0.10566856,0.08996831,0.07031234,0.06353009,0.06176173,0.05340031,0.06541407,0.05928972,0.07431980,0.09299150,0.09155387,0.12337371,0.13284326,0.15154913,0.15647891,0.16143429,0.18655828,0.18424930,0.19784984,0.19646789,0.18884220,0.19141213,0.18384017,0.17286661,0.17477820,0.15650412,0.14062298,0.14631484,0.12943692,0.12368984,0.11414903,0.12617389,0.11908920,0.11309625,0.12066450,0.12193602,0.12292028,0.12462535,0.10829291,0.10336500,0.08125782,0.07640640,0.07130920,0.06500790,0.06496341,0.06730592,0.04743714,0.05837867,0.05998004,0.05609863,0.05568026,0.05507062,0.07575921,0.08101036,0.07516945,0.09539526,0.10561344,0.11483276,0.14634804,0.16939881,0.18403624,0.21811575,0.24268006,0.27895903,0.30219231,0.30988075,0.35406739,0.35875109,0.36611509,0.36435470,0.35988578,0.34283157,0.33251738,0.29796448,0.27733218,0.24574410,0.23439158,0.21820658,0.19046137,0.18486708,0.15882568,0.17039502,0.18165552,0.18760268,0.20303434,0.22205032,0.23536604,0.27115139,0.28820347,0.30363882,0.32956430,0.34215379,0.37832091,0.38455750,0.38490051,0.41201892,0.42639270,0.42211665,0.41004688,0.40819263,0.38727820,0.36813953,0.35058968,0.33151206,0.29903497,0.28477169,0.26003968,0.23260616,0.22450769,0.21649724,0.21617167,0.22258665,0.20987008,0.22966700,0.23818137,0.23752178,0.24469263,0.23487021,0.22420209,0.22412700,0.20101006,0.19123066,0.17965704,0.15070280,0.15592558,0.15465647,0.14167373,0.16098913,0.16826213,0.18818053,0.20350634,0.22279043,0.23740676,0.27334602,0.31189514,0.31955908,0.32466193,0.35795537,0.36025498,0.36207490,0.36675087,0.36838313,0.34507089,0.32218406,0.32677867,0.30947488,0.28907132,0.27101255,0.27424571,0.26025692,0.24244937,0.23000579,0.20665982,0.19402252,0.17464372,0.15379969,0.14098717,0.13836174,0.12032840,0.12025734,0.11713150,0.10987465,0.13107848,0.11641352,0.13031105,0.12613004,0.12431902,0.14005673,0.13990789,0.14861118,0.16433316,0.16290052,0.16886388,0.17684172,0.16957656,0.16548534,0.16812674,0.19637488,0.19381870,0.19362582,0.19217804
0.01851947,0.03590258,0.03491818,0.06309529,0.06295396,0.05971833,0.06006193,0.07239841,0.06919416,0.05611509,0.03252927,0.02792253,0.02625377,0.01189668,0.01374739,0.00080041,-0.00701337,0.00137590,-0.00190240,-0.00689484,-0.00582280,0.00309109,0.00796233,0.01897813,0.02941234,0.05068719,0.05935448,0.08833332,0.08984024,0.08065847,0.07138765,0.05074692,0.03608447,0.03258762,0.01315380,0.01152018,0.01061364,0.01928322,0.02417486,0.02015370,0.03869881,0.03346572,0.03290640,0.03077683,0.03326673,0.02292798,0.01897533,0.01584897,0.00655621,0.00108876,0.00875008,-0.00491768,-0.00838298,-0.00437597,-0.00065502,-0.01255660,0.00032654,-0.01122017,-0.01131733,-0.00404256,-0.00241063,-0.00578337,-0.00826064,-0.01080754,-0.00549894,0.00037638,-0.00092354,-0.00856263,-0.00534233,-0.00447505,-0.00173247,-0.00155890,0.00304257,-0.00113375,0.01319452,0.02474741,0.02362649,0.01614972,0.03600563,0.03392536,0.03794358,0.03738974,0.04212424,0.04748726,0.05918347,0.06799899,0.08015188,0.09701014,0.11372869,0.13246461,0.15729090,0.18499761,0.21572462,0.24478232,0.26061084,0.29642901,0.36854668,0.40005932,0.45240257,0.47959241,0.50022070,0.51833072,0.49419210,0.46155724,0.41629349,0.35707398,0.26706849,0.20496988,0.16023120,0.12377783,0.09224484,0.07080527,0.05617362,0.05421597,0.04979032,0.04976055,0.05030681,0.03332739,0.04624390,0.02965686,0.02832706,0.03389269,0.02388454,0.02575240,0.02885390,0.03265715,0.04163516,0.07698231,0.08676766,0.11130579,0.15087373,0.17553570,0.22300729,0.23900523,0.27294184,0.30000317,0.29480864,0.31372866,0.30653413,0.29196353,0.26474594,0.24451802,0.21507269,0.20072082,0.15825419,0.14901295,0.12509810,0.08795262,0.09044413,0.08538853,0.07837683,0.07736299,0.09294547,0.09710562,0.11115751,0.12836152,0.12951368,0.12298428,0.11329730,0.10743792,0.07364169,0.06823472,0.04361831,0.02709934,0.01771003,0.01497288,0.00318116,0.00896055,0.00614133,0.00256680,-0.00450624,0.00730965,0.01064639,0.00534982,0.00411272,0.01056723,0.01565724,0.02217762,0.02106157,0.02468089,0.02703096,0.04288527,0.02684239,0.04292129,0.05371747,0.05769898,0.06899072,0.06124030,0.07832271,0.06652306,0.07249256,0.06660678,0.08088200,0.06409603,0.06857175,0.06379266,0.07505191,0.08341401,0.09879676,0.11436137,0.13611907,0.17253674,0.21637444,0.23163748,0.29299018,0.35182036,0.39972138,0.42416931,0.46259569,0.49205826,0.56629622,0.54991631,0.58597602,0.60994800,0.58098701,0.56912553,0.57882402,0.55945832,0.50700050,0.46686456,0.44119556,0.39293996,0.34417535,0.30287513,0.28149802,0.24984846,0.22188708,0.22283108,0.20958042,0.22797674,0.23849998,0.26235035,0.30093554,0.32988044,0.34978546,0.36723106,0.38420968,0.35744623,0.35448414,0.32502960,0.30418561,0.26732664,0.21185227,0.18032166,0.14861761,0.11707122,0.10686179,0.10129818,0.09623598,0.12107810,0.14589781,0.17200323,0.22065969,0.25108232,0.29704703,0.34592013,0.37654256,0.40452687,0.45115122,0.43259608,0.44779528,0.43870303,0.41985988,0.38239985,0.35075280,0.33826116,0.30062181,0.28099375,0.26192400,0.22920522,0.20980957,0.17879397,0.16016622,0.13595352,0.10086333,0.08173237,0.05604654,0.04547501,0.03742047,0.02402433,0.01904793,0.02797277,0.02200903,0.01846760,0.01695517,0.01726888,0.01444040,0.01721165,0.01985987,0.01523217,0.01926367,0.03013463,0.02328206,0.02729525,0.02607245,0.01961020,0.02991815,0.03450021,0.02991711,0.02931239,0.02545926
0.01440860,0.00075817,0.00741115,0.01005918,0.01979361,0.01463982,0.01304473,0.00525343,0.01205433,0.00084902,0.00320487,0.00471332,-0.00655072,-0.00842351,-0.00578954,-0.00518113,-0.00300158,-0.01013532,0.00159212,-0.00241040,-0.00824364,0.00033586,0.00350287,0.00363410,0.00972961,0.00901104,0.02382384,0.02299722,0.03234972,0.02307632,0.02841994,0.01858846,0.01295023,0.02264163,0.01630705,0.02217410,0.02315438,0.02819087,0.03349057,0.03938206,0.04644607,0.04400867,0.04793743,0.05848870,0.04333057,0.03643052,0.04211384,0.03549746,0.03143968,0.02541429,0.01572268,0.01748958,0.02546973,0.02079854,0.01312002,0.01197087,0.01257307,0.01261068,0.02855313,0.01999922,0.02252417,0.02138189,0.02002169,0.02423931,0.01748880,0.03018177,0.02830384,0.02229169,0.04037945,0.02677680,0.03236515,0.03258702,0.03147220,0.03560756,0.05059971,0.05717336,0.07113181,0.07653661,0.08019434,0.09645349,0.10684560,0.12909099,0.13353884,0.16024965,0.18631012,0.20665384,0.25364819,0.29188921,0.33127353,0.36664344,0.39904802,0.41678047,0.44893552,0.47112961,0.47219238,0.46799380,0.48057578,0.47362203,0.45227134,0.44141143,0.43205828,0.39093379,0.36732409,0.32150559,0.27229819,0.24341878,0.19982870,0.16424809,0.14538756,0.12121380,0.10618327,0.09720658,0.10223175,0.12273658,0.11314335,0.12594371,0.11361330,0.11061621,0.11746783,0.12146113,0.09961660,0.10195520,0.08998489,0.08031530,0.08612941,0.09044778,0.07957805,0.06627667,0.09169632,0.09377138,0.10370004,0.12538339,0.13882699,0.14963120,0.15039192,0.16310990,0.16600289,0.17684026,0.18179502,0.18437658,0.17503858,0.18343439,0.18174342,0.16968744,0.16331866,0.16469066,0.15822008,0.15595899,0.15680432,0.14755865,0.15878025,0.15128768,0.19068728,0.19863110,0.22701685,0.23690054,0.23610859,0.24295761,0.22497922,0.21179636,0.17914286,0.15812595,0.13662745,0.10533141,0.10625876,0.10839203,0.10162149,0.08824369,0.08603792,0.08459302,0.09518005,0.08283708,0.10411215,0.11108809,0.11356853,0.11918460,0.13296156,0.14251768,0.16466969,0.17992015,0.19978741,0.23170416,0.25370421,0.27151625,0.31250412,0.32493133,0.33868236,0.36289516,0.36400566,0.37467200,0.36496980,0.35101190,0.31347813,0.32673910,0.28863972,0.27761684,0.25581864,0.22699623,0.20984707,0.20116151,0.18682543,0.19658719,0.20343289,0.21783998,0.22395234,0.25087950,0.26580232,0.30429439,0.31761834,0.36315003,0.37941917,0.41408320,0.44489304,0.47152607,0.50175968,0.52379545,0.55255439,0.55185878,0.57735122,0.57626035,0.56409058,0.53477527,0.48630331,0.44068094,0.42102111,0.38558726,0.36419256,0.31362709,0.28946348,0.27844716,0.25538312,0.24207621,0.24786245,0.24923741,0.24995680,0.26211521,0.25551740,0.25324883,0.23606269,0.22441046,0.22897577,0.21224805,0.20956383,0.20456934,0.19306879,0.17814216,0.20941434,0.20328457,0.23822095,0.24881818,0.27321414,0.32461164,0.36239692,0.39104569,0.44553201,0.46991724,0.49234071,0.50489541,0.51047003,0.51533125,0.49624548,0.46889226,0.45363410,0.45234144,0.42177740,0.42476913,0.41638340,0.40958571,0.41683367,0.42170073,0.39833289,0.35174512,0.33289919,0.29673452,0.24494758,0.23781070,0.20678223,0.18989037,0.17842247,0.17695945,0.16840633,0.18028360,0.17721986,0.17824008,0.18981375,0.18906552,0.19315487,0.18450547,0.19312154,0.20174471,0.21179206,0.21948242,0.21881278,0.22334086,0.23615838,0.22024578,0.24216440,0.24331466,0.23966264,0.24783332,0.24493126
0.08533647,0.08835871,0.06898599,0.06425755,0.05920610,0.06720087,0.05277548,0.05645770,0.04921851,0.05830826,0.05569268,0.05524185,0.05961062,0.04816577,0.05814413,0.05351170,0.05373383,0.04847075,0.06067264,0.05672834,0.04228236,0.05141615,0.06521696,0.04508807,0.05120934,0.04895358,0.06388878,0.05782296,0.04927914,0.05104747,0.06201107,0.05570938,0.07309818,0.07128330,0.06323645,0.09250953,0.09861313,0.10653194,0.12186771,0.13427276,0.16156130,0.15342529,0.16490928,0.16056120,0.14712727,0.13466445,0.12751455,0.10489182,0.08751798,0.07209022,0.06624091,0.05812311,0.05911800,0.06048421,0.05142275,0.05554646,0.06008636,0.05503650,0.05051972,0.05318978,0.05768475,0.05027265,0.06221570,0.06280680,0.04311110,0.05206032,0.05637912,0.05189612,0.06236600,0.05751736,0.06217304,0.07691758,0.07688859,0.08366510,0.10560823,0.11826917,0.15020161,0.15468662,0.17906874,0.18479790,0.20909597,0.21652169,0.24038336,0.27426464,0.31503429,0.36366134,0.42078583,0.48828795,0.51218945,0.52985717,0.52301474,0.55630373,0.55168242,0.52041950,0.47464748,0.44279199,0.40746735,0.35655407,0.30056134,0.27292325,0.24540597,0.19577383,0.17458485,0.15547993,0.12288584,0.10951577,0.10957979,0.08246573,0.07891322,0.08106946,0.08368533,0.08669726,0.08735462,0.09846241,0.09613346,0.10683266,0.09300567,0.10671088,0.09114530,0.08934888,0.08435853,0.08259702,0.07483737,0.06196566,0.07130255,0.06561320,0.05968331,0.06038376,0.06099351,0.06175964,0.07936837,0.07294749,0.07546283,0.08130281,0.10005411,0.10583215,0.11926959,0.12833437,0.15799722,0.18003522,0.20332964,0.20921869,0.21646027,0.21812810,0.23033694,0.23044170,0.21619515,0.20418652,0.18909458,0.16142347,0.15213599,0.14576211,0.14748411,0.14285933,0.14598660,0.14829832,0.13399596,0.13116899,0.12733221,0.10686591,0.10300528,0.09578543,0.07673332,0.07046633,0.06609247,0.06911877,0.07168738,0.06455621,0.06291714,0.07142964,0.07514621,0.08805785,0.07995767,0.09066118,0.10998512,0.13070854,0.14946992,0.18251385,0.22607492,0.24632209,0.30270511,0.34621588,0.40207107,0.43656287,0.46361148,0.52631892,0.55790567,0.56101242,0.56235263,0.55606758,0.54489769,0.51345275,0.45982570,0.42914080,0.38115475,0.32331644,0.29260436,0.24509306,0.21916028,0.18785171,0.16031753,0.15012983,0.11713064,0.10849533,0.11309735,0.11474346,0.12353123,0.13215485,0.13162801,0.15533466,0.14935268,0.17171606,0.19453676,0.21116618,0.23752036,0.24242208,0.27392696,0.26778765,0.27333075,0.27755218,0.27699115,0.25220130,0.24239314,0.23573159,0.19853436,0.17959550,0.17142776,0.15719563,0.13166430,0.12084876,0.11073588,0.09736489,0.10746305,0.09090443,0.09124985,0.08077780,0.07785713,0.08451027,0.08971955,0.06763034,0.08418764,0.08265187,0.06712523,0.07746227,0.08969643,0.08308269,0.09680576,0.12480527,0.12475471,0.14405834,0.15944801,0.17771500,0.21515741,0.23298434,0.23877216,0.25639938,0.28587449,0.27913041,0.30044720,0.30457950,0.31538689,0.31429952,0.32568927,0.31223825,0.31349388,0.31047794,0.30479435,0.29753046,0.28603567,0.27497120,0.27528616,0.24639111,0.21955749,0.18531798,0.16728568,0.14417223,0.11982686,0.10972520,0.10105492,0.10138344,0.09890053,0.10260168,0.10384321,0.11826606,0.12720315,0.11817075,0.13588485,0.14952665,0.15804746,0.15663891,0.16627406,0.17463307,0.17775730,0.18810093,0.18743982,0.21274469,0.21370555,0.21314789,0.22536789,0.21061938,0.21994371
0.02354264,0.02589412,0.02763938,0.03245704,0.03681687,0.03967741,0.04226698,0.05517525,0.04153336,0.03365391,0.03622591,0.02142548,0.01702208,0.01775165,0.01359856,0.01143771,0.01462435,0.01251398,0.01242709,0.00864639,0.01661137,0.00581723,0.02907885,0.02517268,0.02415927,0.04229168,0.05613152,0.06281066,0.07391403,0.07978279,0.06332016,0.05415759,0.04529520,0.03707279,0.05334590,0.05248931,0.05668671,0.07213663,0.08240438,0.09929872,0.10943880,0.12935228,0.12788051,0.13261527,0.12069169,0.12260035,0.09200842,0.08542866,0.06259631,0.05695094,0.05268468,0.04133872,0.03854814,0.02960797,0.02834298,0.02933544,0.03183341,0.02888371,0.03586511,0.03937998,0.02995947,0.02756667,0.02909804,0.03366466,0.04421863,0.03812829,0.03061154,0.02771896,0.03295194,0.03905870,0.03385567,0.04131374,0.05870632,0.05304614,0.06619295,0.09421965,0.10598318,0.11061314,0.13737832,0.13318151,0.13010061,0.13484177,0.12325474,0.10970418,0.12731850,0.13672773,0.14683640,0.17805842,0.19428629,0.21776455,0.25024715,0.26279839,0.28902360,0.32632543,0.36110803,0.37140063,0.41757390,0.43502434,0.46255109,0.46990070,0.48024756,0.46401303,0.44765385,0.40454685,0.36701916,0.31277101,0.26362601,0.20800513,0.17999711,0.15364753,0.13396484,0.12336039,0.11032368,0.11418817,0.11392007,0.10684087,0.12106756,0.11832490,0.11827134,0.11486827,0.10558422,0.10227367,0.08515705,0.08245990,0.09018837,0.08440511,0.08977065,0.09242648,0.11863693,0.13307499,0.15667491,0.16634927,0.19334512,0.22109195,0.25069229,0.26944403,0.28149364,0.28898742,0.31354353,0.31239224,0.30986458,0.31254553,0.32538465,0.31038962,0.31015854,0.27838031,0.28138693,0.26143758,0.23169500,0.20892399,0.21528233,0.21259845,0.21884318,0.22675241,0.22837271,0.24268800,0.25634801,0.23037932,0.21258008,0.19821104,0.16995380,0.15181865,0.13321460,0.11684181,0.11475523,0.09153274,0.09393920,0.08413217,0.08032830,0.07599319,0.07893623,0.08040144,0.08434952,0.09262886,0.10178596,0.08761739,0.09785778,0.10151353,0.09769752,0.11236392,0.12013616,0.11943348,0.14028084,0.14709376,0.15129575,0.16476718,0.16583430,0.16489957,0.16735418,0.16716644,0.16789757,0.16228905,0.17032193,0.16447756,0.15067363,0.16215551,0.15264866,0.15709753,0.16832878,0.16951482,0.17430017,0.20392454,0.23075334,0.22270968,0.26869883,0.31740718,0.32516495,0.38043771,0.42286781,0.45483944,0.47460551,0.51111714,0.52728419,0.56828293,0.58181694,0.60785926,0.59321543,0.61030654,0.60245932,0.59707986,0.56657493,0.52894060,0.49325187,0.43710447,0.42173809,0.37089695,0.35398738,0.32367321,0.29280527,0.28430004,0.29068247,0.30140222,0.31368417,0.31072563,0.33583425,0.34529621,0.34527590,0.34937832,0.32738570,0.31751142,0.29890031,0.28209843,0.26773995,0.22512929,0.22413688,0.20429596,0.20203612,0.21168544,0.23121576,0.24346989,0.28350267,0.30712193,0.36576615,0.40599239,0.44915148,0.48924072,0.51403911,0.55069558,0.55966909,0.60124691,0.59461719,0.60036570,0.60430250,0.57673747,0.54185242,0.53992596,0.51781762,0.50838029,0.51437508,0.48973875,0.45272780,0.41705626,0.39614608,0.33275726,0.29599542,0.24735815,0.23321410,0.19655380,0.18036120,0.16959100,0.15784134,0.16243603,0.15147744,0.13169881,0.15135708,0.14089862,0.16031873,0.14647031,0.15239936,0.14664496,0.15771933,0.16018526,0.17399411,0.16327617,0.17172586,0.17509796,0.17455689,0.17146073,0.17160131,0.16049164,0.17992062
0.08514878,0.08372257,0.09254660,0.08950973,0.09365866,0.08847330,0.08721689,0.09182724,0.08437843,0.07454522,0.07562672,0.07730301,0.06972334,0.06995022,0.07450565,0.06218901,0.07519744,0.05803673,0.05990710,0.05789008,0.06808562,0.06142232,0.07796917,0.07429527,0.07301635,0.08152221,0.09425344,0.10454361,0.09094585,0.10403746,0.09697156,0.10078472,0.09833725,0.09147134,0.09639604,0.08998736,0.10104017,0.10564789,0.11763889,0.13149150,0.14403269,0.14325641,0.14363607,0.16088666,0.14130108,0.13026897,0.11940375,0.11668562,0.11018690,0.09837217,0.09359255,0.08467496,0.08125375,0.07336313,0.08138662,0.07555203,0.07096318,0.07393186,0.08675113,0.07628083,0.08173980,0.06675963,0.08157760,0.07936944,0.08089715,0.07279657,0.07343147,0.07460233,0.07987822,0.08606059,0.08824718,0.08400965,0.09472589,0.09788108,0.10897214,0.12613735,0.12793906,0.15321435,0.16051641,0.17073593,0.17901257,0.19693298,0.19937086,0.21081176,0.22666432,0.26620933,0.30811296,0.34311208,0.34093214,0.40532673,0.42970622,0.45158297,0.45316030,0.47353901,0.49213824,0.51001947,0.48757935,0.51498811,0.50839634,0.50122534,0.47334274,0.45044643,0.42465459,0.38531156,0.35739716,0.29144502,0.26063690,0.22499399,0.19455038,0.15518615,0.14425148,0.13824706,0.13386643,0.12751630,0.13696947,0.11723052,0.12865168,0.12469696,0.13321092,0.12160468,0.12566478,0.11228634,0.10129730,0.12489779,0.11292511,0.11333979,0.11394236,0.11845436,0.13253084,0.14356150,0.15267387,0.17222631,0.19992010,0.21848243,0.22237476,0.23665853,0.25622235,0.25792276,0.27411283,0.26622827,0.27656301,0.26090454,0.27735111,0.27399257,0.26495027,0.26916016,0.25287271,0.23320847,0.23413426,0.22106471,0.22002678,0.22995941,0.22280557,0.23508997,0.26714500,0.26488259,0.26970050,0.26526145,0.24789415,0.23962322,0.21824189,0.18148696,0.16969910,0.13783024,0.13208824,0.12623551,0.11553637,0.11377539,0.11540696,0.12202667,0.12667698,0.12983727,0.12780179,0.13411003,0.14229517,0.15813714,0.17121291,0.17477699,0.19000580,0.20540715,0.23773827,0.28752993,0.30035454,0.34916799,0.37079285,0.38573640,0.41008070,0.41606895,0.44269501,0.44100981,0.43071423,0.42175800,0.39446489,0.38084317,0.34979356,0.33524646,0.31057264,0.28582731,0.26232732,0.24303743,0.23132585,0.23633696,0.24173927,0.24812378,0.25905994,0.27625283,0.30837894,0.31647397,0.34479936,0.36879749,0.41282400,0.42390273,0.47135700,0.47038536,0.50100522,0.50682767,0.54294906,0.53972359,0.52778525,0.52929672,0.49654414,0.46581314,0.43746351,0.40766135,0.37057271,0.33558408,0.32385955,0.29979134,0.27286688,0.26748495,0.26976214,0.25574503,0.26589688,0.27126185,0.27632881,0.29403556,0.29005060,0.30142113,0.27246141,0.28651926,0.26318971,0.24791466,0.22934100,0.22101050,0.20511846,0.19384294,0.17832254,0.18835706,0.20054497,0.23098737,0.25084711,0.27536783,0.32142073,0.33351526,0.39676454,0.43241428,0.45058251,0.48217828,0.48980374,0.50896015,0.51763521,0.49842000,0.50847240,0.49630978,0.47393103,0.46312956,0.47519456,0.47012477,0.44537160,0.43825755,0.42258154,0.40053044,0.35583940,0.34191869,0.28548041,0.25078791,0.23386045,0.21176343,0.17431515,0.18319810,0.17467971,0.16938999,0.17429617,0.16437065,0.17575155,0.18184457,0.17939309,0.19300630,0.19427592,0.19549146,0.21510293,0.22299953,0.21702344,0.21706685,0.22231795,0.23452352,0.22431783,0.24806958,0.25527589,0.24732902,0.25023156
0.04403907,0.03608025,0.04550522,0.03954225,0.03983593,0.04493991,0.03987717,0.03821772,0.04316410,0.04550313,0.04050854,0.03600323,0.02600752,0.03109811,0.03323227,0.03267203,0.03518497,0.03435106,0.02883965,0.02847034,0.02273568,0.03284891,0.03888104,0.03896258,0.03139225,0.04839350,0.05555750,0.05115838,0.05189290,0.04988066,0.04766949,0.04947380,0.05802546,0.06215138,0.08313062,0.09023305,0.13059720,0.15846974,0.18005175,0.21420477,0.23207573,0.24161631,0.24462700,0.24126861,0.20836815,0.18533842,0.16879972,0.14585376,0.10693959,0.10212205,0.07593339,0.06086040,0.05771697,0.05030337,0.03747054,0.04273872,0.05071855,0.04108580,0.05034593,0.05626315,0.03972390,0.04436275,0.05192549,0.04627735,0.05395140,0.04262031,0.03626590,0.05487347,0.05664662,0.05214461,0.06676969,0.05705363,0.09142936,0.10559554,0.15035682,0.17415750,0.19986472,0.20649039,0.23262004,0.23471370,0.21034213,0.21245408,0.20143003,0.20562245,0.22559783,0.24294979,0.29393973,0.31592216,0.34934481,0.38624243,0.41345246,0.41158279,0.42369659,0.40584844,0.40238550,0.37415084,0.34283647,0.31063474,0.29002499,0.26163429,0.23470758,0.20694840,0.19211588,0.17595624,0.15482505,0.13751464,0.12953594,0.13393295,0.12523385,0.11054792,0.14455491,0.13785070,0.15601733,0.19142155,0.18986932,0.19542740,0.21968504,0.18196950,0.17848576,0.17392256,0.14161402,0.13445441,0.11406094,0.09074029,0.09194045,0.09561723,0.08425279,0.08774334,0.08812675,0.09798524,0.10815298,0.11951667,0.12890719,0.14735690,0.18045346,0.19496371,0.22709681,0.24764464,0.28414643,0.31993425,0.35538907,0.39531615,0.39201899,0.39538916,0.39310982,0.38052924,0.35338435,0.33821037,0.30378378,0.26680908,0.21887979,0.20551816,0.18453074,0.16986462,0.15514274,0.13838224,0.12931943,0.11151873,0.11424613,0.10085757,0.09812619,0.10031937,0.07636971,0.08214008,0.07497768,0.07842647,0.07706549,0.08719573,0.08545904,0.07869385,0.08365774,0.09029749,0.08118400,0.08904068,0.09837000,0.10230812,0.10002336,0.11456638,0.12738184,0.13503934,0.14789781,0.16385212,0.18134372,0.19560739,0.20757607,0.20487945,0.21101557,0.21951388,0.21747881,0.23565732,0.21655103,0.19866053,0.20225629,0.19635434,0.17536494,0.15166912,0.15488925,0.14609368,0.13591909,0.12400709,0.13444917,0.13167657,0.14111156,0.16253715,0.16073078,0.16746179,0.20381366,0.21111019,0.23167939,0.23893252,0.27589937,0.28433651,0.34063079,0.36151188,0.37457477,0.37983829,0.41754803,0.45019402,0.45216981,0.45113863,0.44499139,0.43554291,0.41363467,0.37441459,0.35595774,0.33198337,0.30190912,0.26567053,0.24298660,0.22662735,0.20619576,0.19466984,0.19955638,0.17774251,0.17865549,0.17815161,0.16787998,0.18031995,0.15786979,0.14371251,0.15659959,0.15042587,0.14545173,0.14801645,0.16637910,0.16825872,0.17837880,0.19930512,0.22419248,0.26278215,0.28634481,0.32294978,0.33552058,0.37907174,0.39767766,0.42342636,0.44482295,0.46307110,0.48293628,0.49688366,0.52239639,0.52272397,0.50348731,0.47557805,0.47855568,0.44763834,0.43290805,0.43395596,0.41943654,0.41821416,0.38474312,0.34319912,0.29962151,0.25866097,0.23464656,0.18317921,0.15564390,0.15583920,0.13395963,0.11931579,0.12279145,0.13396647,0.12281083,0.12137808,0.12854491,0.12474418,0.13659286,0.12553828,0.15166826,0.14231187,0.14392978,0.14600206,0.14921081,0.14772174,0.13402639,0.13906042,0.14947979,0.14737510,0.17476524,0.15447012,0.16252149
0.03921415,0.03476055,0.02813388,0.03115918,0.04402006,0.03203956,0.02545267,0.02440643,0.03256015,0.02503111,0.03116364,0.02177174,0.01948344,0.02285201,0.01998023,0.02694750,0.02778224,0.02664644,0.02330926,0.01758754,0.02287892,0.02927160,0.02790067,0.03582953,0.02975900,0.03091617,0.02650095,0.03366545,0.04583234,0.03115014,0.04305450,0.04759199,0.04716686,0.04749852,0.03951125,0.05173184,0.06845822,0.07083623,0.08545460,0.09029847,0.10458926,0.10471123,0.10596222,0.11592371,0.09876527,0.09967168,0.08557464,0.07653725,0.06262706,0.05782250,0.05386781,0.05370165,0.03975286,0.03771410,0.03866886,0.03212514,0.04337999,0.04371903,0.03387257,0.03878418,0.03222062,0.04539740,0.04437090,0.04013220,0.03795703,0.03963524,0.04919682,0.04629582,0.05236570,0.05297341,0.05263087,0.04958855,0.06187439,0.06206373,0.09013253,0.09416172,0.10114543,0.12360321,0.12958459,0.14614622,0.14886466,0.16781498,0.17816334,0.19446093,0.24255210,0.28287678,0.33449840,0.38263557,0.42576033,0.49318576,0.52023882,0.53531870,0.57911745,0.57689884,0.58963824,0.56426164,0.55403166,0.52287796,0.50388043,0.44231260,0.41029423,0.36365229,0.33049902,0.26870274,0.22926744,0.20210498,0.17078238,0.14856338,0.14676552,0.14423828,0.13824326,0.16271895,0.17140563,0.19486340,0.21433748,0.22669268,0.23461955,0.23377120,0.20690571,0.21002704,0.17444601,0.15882918,0.12842833,0.10853820,0.10728026,0.10079123,0.09318333,0.08793318,0.09240003,0.07823791,0.08985103,0.10542928,0.12394623,0.11632924,0.11949603,0.13963187,0.14289757,0.17171421,0.17122948,0.17252130,0.19350251,0.21005675,0.20040676,0.20482933,0.20374842,0.20784801,0.20272721,0.19094042,0.18486783,0.18538681,0.18596811,0.17327890,0.19765766,0.21116502,0.22488898,0.23168422,0.22509624,0.21150506,0.20368740,0.18488510,0.16487622,0.14530707,0.12913725,0.11570117,0.10459642,0.09076446,0.08646064,0.08063382,0.08683065,0.09161037,0.08642022,0.09576983,0.10136593,0.08889450,0.09297087,0.10182345,0.11487158,0.12833516,0.14804300,0.15904613,0.17267503,0.18807565,0.21114189,0.22424682,0.24370455,0.25833698,0.26663980,0.26359661,0.27866009,0.28405753,0.25812541,0.26417997,0.25122860,0.22611237,0.20647382,0.20035506,0.17752868,0.18321641,0.16329537,0.15107565,0.15082523,0.15979428,0.16425897,0.16004610,0.16387717,0.20550277,0.21981115,0.23305421,0.28282407,0.32101779,0.36533313,0.40927700,0.46127264,0.50610659,0.58620010,0.58419870,0.64747293,0.68176766,0.71970380,0.69028013,0.70475564,0.66576863,0.61682863,0.57849806,0.53508711,0.49065682,0.42887297,0.39956005,0.33369870,0.28672075,0.25882488,0.24930779,0.22879892,0.20663867,0.19609129,0.20781381,0.19218015,0.17488426,0.16999543,0.16915030,0.16644907,0.15992123,0.15815670,0.15696157,0.18048604,0.19286547,0.21150582,0.23954464,0.27683014,0.32223901,0.37072044,0.41465599,0.47708899,0.52386989,0.57118921,0.56325371,0.58705230,0.58816178,0.54842373,0.54935988,0.52804436,0.49971292,0.46723330,0.45435678,0.42751042,0.42254736,0.42637882,0.41309928,0.43022454,0.39185506,0.38951743,0.34334151,0.32032456,0.27733452,0.25061254,0.21245202,0.16502649,0.14415521,0.13857109,0.13274851,0.13262158,0.11610247,0.13568810,0.12969937,0.13311722,0.14023241,0.13155736,0.13754185,0.14446183,0.14692035,0.15285040,0.15795361,0.15234474,0.15714478,0.14486606,0.15914867,0.17600193,0.17580508,0.17961102,0.17692736,0.17178518
0.03756001,0.03758143,0.03470911,0.04158211,0.03937444,0.04271889,0.02982166,0.03618523,0.03568945,0.02928465,0.03525565,0.03885483,0.04151683,0.03434960,0.03556104,0.03902950,0.04026551,0.04912376,0.04835925,0.02908715,0.03367517,0.04401098,0.03809169,0.03824825,0.03657157,0.04924686,0.04405508,0.03895529,0.05111128,0.05855992,0.05224079,0.06040651,0.06546551,0.07741046,0.10075537,0.10872140,0.13645821,0.17370687,0.20281698,0.22219471,0.24403224,0.25947882,0.25072297,0.25350242,0.22017731,0.19946771,0.16896150,0.15430244,0.11467342,0.10658222,0.07700076,0.07510357,0.05485391,0.04890070,0.06043545,0.04787852,0.04912583,0.05318042,0.04638664,0.05192333,0.05721482,0.05067708,0.05835985,0.06048012,0.05984352,0.06029208,0.06128490,0.06347456,0.05745550,0.06429758,0.07850997,0.07657510,0.08687370,0.12554269,0.14899901,0.18750964,0.21583580,0.22008121,0.24018455,0.21634108,0.19400748,0.17065365,0.16147072,0.15389400,0.15044404,0.14922744,0.15280399,0.18305918,0.20425528,0.21919467,0.24606073,0.28626553,0.32394257,0.34434569,0.35691860,0.39080513,0.40869953,0.40688765,0.39497300,0.36832909,0.33073116,0.31352075,0.27104158,0.21744373,0.18801377,0.15019776,0.13254596,0.10778049,0.09414671,0.09186198,0.08973090,0.09682709,0.09802167,0.09160081,0.10313293,0.08309108,0.09670307,0.08735605,0.08596635,0.07801491,0.08932720,0.09515120,0.09577869,0.07922400,0.08469030,0.08010407,0.08763858,0.08545697,0.09227410,0.09414742,0.10474483,0.11181300,0.11945733,0.14630755,0.17544752,0.18266578,0.20629095,0.24482105,0.29665482,0.33498489,0.36545980,0.39279176,0.41495861,0.41873359,0.43250052,0.40003483,0.38865090,0.34646261,0.32749423,0.32636742,0.32137589,0.31832144,0.31973134,0.32322782,0.34475789,0.32866652,0.31962854,0.30086214,0.25668735,0.24062089,0.20437208,0.16446220,0.14258402,0.11982125,0.10556698,0.11218091,0.10631245,0.10190200,0.09802160,0.10756581,0.10359582,0.10626451,0.09788501,0.09270932,0.11960672,0.12083874,0.11934474,0.13443429,0.13833158,0.14810108,0.16431210,0.18519718,0.18488551,0.18217171,0.18853809,0.19393930,0.21369116,0.20213212,0.21847068,0.22104721,0.20546131,0.18879879,0.17829833,0.17854812,0.16344694,0.15891009,0.16014487,0.14170898,0.14267353,0.13954732,0.13441837,0.13784881,0.14419072,0.14247416,0.15116899,0.17108614,0.18488452,0.20592930,0.23992950,0.27925791,0.31013220,0.34956787,0.38925322,0.41458917,0.44242878,0.46924448,0.50683136,0.51215367,0.51365402,0.48630452,0.46342012,0.43361680,0.40786561,0.35580928,0.32546169,0.27611689,0.26279643,0.23674357,0.18533373,0.18490066,0.17133454,0.15493732,0.16515919,0.14594683,0.14185369,0.13680835,0.13477318,0.13956630,0.14011732,0.13921956,0.14434298,0.15253728,0.13542976,0.13041859,0.15030962,0.16913496,0.18997150,0.20659860,0.23101466,0.28330938,0.32804103,0.37303236,0.43131249,0.46372553,0.53547437,0.57123574,0.59199274,0.61457147,0.61608685,0.64915931,0.66213277,0.64455431,0.64947966,0.66920737,0.66876109,0.69391790,0.69783660,0.67684106,0.67471133,0.63844880,0.57272425,0.50417775,0.43933985,0.38272564,0.28846492,0.24167200,0.20839125,0.19007354,0.16951749,0.16705145,0.15365907,0.15908379,0.14799478,0.15679123,0.15266563,0.16289863,0.15504837,0.16973482,0.14966913,0.16263723,0.16390968,0.16479660,0.16798732,0.16475174,0.17113982,0.17221916,0.17441412,0.18074681,0.17441990,0.19114434,0.18009867
0.00473605,0.01855687,0.00819220,-0.00251682,-0.00457962,0.00739765,-0.00331760,-0.00201613,-0.00750134,-0.00998999,-0.01123411,-0.00707124,-0.01287026,-0.01882617,-0.01312836,-0.01512157,-0.01189489,-0.01209505,-0.01697906,-0.01984736,-0.01633840,-0.01574251,-0.01450181,-0.00809646,-0.00881905,0.00086611,0.00979901,0.00978858,0.01343085,0.00522808,-0.00210994,0.00411521,-0.00837821,0.00483245,-0.00041867,0.02219415,0.02599229,0.04049136,0.04428351,0.08389402,0.08316827,0.09197460,0.09073778,0.08826067,0.07281837,0.06766091,0.04554776,0.04020610,0.02636798,0.00426100,0.02070063,0.00744574,0.00091440,-0.00365068,-0.00770707,-0.00947119,0.00008997,-0.00082567,0.00570739,-0.00277826,-0.01118012,0.00096857,-0.00520011,0.00065835,-0.00409247,0.00083402,0.00794810,0.00506145,0.00066438,0.00221569,0.01611125,0.01573805,0.03350737,0.03755061,0.05508674,0.07271125,0.08238747,0.10513532,0.11985967,0.12516436,0.13852948,0.17886065,0.19624599,0.22558797,0.28723332,0.33703378,0.40575466,0.44568276,0.49856195,0.55980269,0.56425549,0.59111076,0.59506130,0.56645117,0.51532488,0.49119559,0.45010422,0.39957179,0.34705977,0.31478901,0.27954406,0.22876997,0.19772223,0.17786773,0.14418556,0.10946679,0.08851268,0.08770887,0.08038296,0.08633846,0.09088714,0.10116896,0.12358670,0.14081408,0.15913573,0.14840417,0.13733610,0.14418151,0.12627514,0.11887974,0.09178585,0.08050954,0.05973177,0.05083243,0.03852487,0.02978934,0.03796970,0.03415268,0.03423570,0.03596653,0.05034135,0.06655554,0.07331769,0.08234151,0.09045945,0.11432120,0.11495629,0.13126450,0.14442315,0.16240003,0.16558688,0.17585312,0.18684579,0.19578320,0.17330942,0.18034341,0.16045234,0.15283038,0.13483171,0.12905400,0.11667746,0.11068544,0.11246787,0.10866052,0.11185122,0.11061775,0.10135196,0.09935656,0.09653103,0.07517459,0.05442978,0.04737788,0.05051777,0.03441792,0.02722264,0.03321281,0.02648617,0.03011651,0.03296515,0.03173312,0.03572696,0.03719484,0.04621748,0.05774282,0.06989981,0.09802042,0.09680959,0.13899140,0.15859143,0.19663305,0.24334468,0.28029661,0.31902651,0.34396003,0.38389336,0.39335547,0.43595614,0.42630312,0.43694695,0.43021307,0.39485910,0.38180331,0.33898781,0.30717050,0.27775706,0.22755955,0.19734887,0.17137585,0.15491032,0.14485960,0.12983130,0.13160706,0.12088032,0.12672959,0.13495605,0.14078106,0.16283399,0.19007663,0.20988268,0.23785261,0.27092973,0.30831672,0.33851293,0.36761618,0.39938713,0.40740116,0.45594037,0.44239673,0.45742109,0.46708219,0.45454038,0.41452340,0.40200565,0.35647994,0.33549329,0.29943366,0.25374648,0.22026212,0.21429425,0.18374466,0.16197144,0.15071594,0.15261827,0.13283603,0.13131040,0.12896568,0.12255185,0.12217814,0.10591614,0.10160979,0.10451383,0.08852780,0.10150046,0.10073205,0.10377099,0.12148441,0.13672888,0.17175713,0.18047541,0.23805986,0.26316284,0.29489479,0.32539311,0.33532804,0.37304750,0.38346069,0.39674439,0.41333595,0.37130761,0.37808487,0.36960854,0.34528010,0.32447262,0.32196254,0.31401061,0.28584091,0.29338291,0.28531086,0.28067415,0.26477466,0.24072889,0.20010544,0.18638181,0.14796361,0.12620333,0.11694212,0.08400414,0.08256581,0.07752750,0.07192900,0.08141205,0.06666758,0.08810342,0.09211574,0.09125328,0.09997148,0.09625091,0.10945163,0.12430204,0.12433308,0.13493523,0.13700509,0.14410774,0.15692887,0.15561814,0.16254906,0.16233523,0.17011412,0.17700163,0.16693424,0.17466090
-0.00414382,-0.00284594,0.01209577,0.03242255,0.02577607,0.04230231,0.03273195,0.03462955,0.01898496,0.02216490,0.00742269,0.00113145,-0.01052127,-0.02109382,-0.01444279,-0.02744413,-0.01649763,-0.02084400,-0.01947479,-0.01447886,-0.01534424,-0.01877166,-0.00864763,0.00752269,0.01456805,0.02013696,0.03004676,0.05837351,0.04883379,0.04524316,0.04372406,0.01683709,0.01480767,0.01019428,0.01454648,-0.00616709,0.01137111,0.01446780,0.02339550,0.03110545,0.04396891,0.04120075,0.04523507,0.04391701,0.02820362,0.02101327,0.01876859,0.00744020,0.00770244,-0.00215088,-0.00497856,-0.00590076,-0.00143737,-0.01757101,-0.00960934,-0.00606632,-0.00727410,-0.00283450,-0.00720186,-0.01354608,-0.01061737,-0.00977156,0.00195332,-0.00769266,-0.00974321,-0.00443750,-0.00896256,-0.01048148,-0.00414551,-0.00872959,-0.00035148,-0.00118999,0.00732097,0.00747535,0.02471745,0.02485952,0.03396296,0.03517937,0.04484430,0.06186189,0.05813340,0.05441342,0.06151544,0.06648268,0.06938213,0.09561207,0.11656170,0.11270986,0.13901195,0.16879298,0.19086103,0.21268800,0.25298503,0.27098636,0.29251771,0.33043294,0.37674864,0.42606140,0.47083890,0.47856303,0.46816988,0.46832000,0.45114538,0.40315024,0.35654112,0.28816109,0.23278310,0.18399522,0.13061645,0.10469916,0.06850959,0.04109963,0.05174633,0.04921046,0.04566344,0.04913507,0.04406980,0.03981222,0.03536671,0.03341831,0.02715676,0.02003718,0.03133848,0.02658327,0.03647994,0.04506943,0.06141638,0.07104271,0.09058464,0.10701415,0.12175637,0.15920069,0.18687700,0.21427356,0.24368297,0.26332848,0.26767131,0.26637035,0.27463437,0.25178189,0.24760828,0.23857594,0.22273264,0.18906862,0.17325425,0.15658171,0.14104691,0.13422869,0.12258116,0.11191669,0.11403448,0.11738959,0.13745613,0.13492563,0.16817726,0.17048044,0.17804802,0.16804086,0.12896482,0.11843241,0.09302489,0.07432283,0.06745596,0.03951868,0.03839260,0.02131890,0.01840059,0.02222469,0.01877782,0.02641582,0.01425296,0.02080140,0.01875109,0.03423590,0.03355584,0.03176424,0.02869931,0.04682920,0.05410814,0.06258233,0.06252486,0.08045876,0.08926778,0.10836657,0.12490767,0.11811094,0.11980547,0.12509508,0.14392156,0.13753468,0.13198178,0.11935104,0.12540884,0.11563135,0.11074814,0.10546366,0.10500073,0.10735425,0.11548657,0.12974972,0.14904657,0.17011419,0.19296569,0.24516366,0.27398516,0.31513835,0.36110837,0.39670676,0.43362426,0.48573283,0.49476563,0.52248489,0.54913029,0.55327484,0.57173285,0.56242331,0.54279890,0.52030164,0.50808465,0.46383952,0.42152585,0.40130852,0.35924223,0.34073724,0.28518111,0.25298047,0.23803768,0.22770563,0.21976167,0.23126515,0.23070356,0.28522528,0.28858067,0.30720047,0.33765118,0.34263226,0.33082075,0.33196629,0.31505421,0.29153802,0.25358637,0.23064238,0.19183035,0.17249084,0.14899200,0.13141969,0.12693847,0.12844670,0.13649973,0.15467769,0.17300055,0.21941849,0.25340483,0.29691068,0.34045494,0.39252853,0.42928045,0.44707234,0.47630470,0.49597285,0.47785639,0.46580303,0.42482706,0.41541426,0.40214070,0.39195221,0.36186195,0.35418291,0.35606176,0.32567082,0.28862924,0.25006523,0.21467715,0.18311320,0.14351038,0.12534640,0.09542705,0.08593449,0.06192663,0.06181702,0.05942394,0.05678294,0.05140829,0.06765959,0.05788899,0.05532965,0.06272351,0.06338437,0.07297814,0.06672916,0.07196047,0.07536394,0.06344458,0.06870074,0.07457455,0.08849871,0.06926533,0.07183702,0.08893005,0.08730548,0.08354590
-0.00780249,0.00122130,0.00409207,0.00542494,0.00527104,0.01183024,0.02182934,0.01678271,0.01523130,0.00642203,-0.00057115,0.00073751,-0.00059397,0.00121557,-0.00664716,-0.00516326,-0.01318148,-0.00464250,-0.01310663,-0.00565873,-0.00400917,-0.00701015,-0.00761463,-0.00803748,0.00386900,0.00169299,0.01613704,0.00824706,0.02340746,0.02095561,0.01893557,0.01310475,0.00611772,0.02018386,0.02367947,0.02907717,0.02056843,0.03445036,0.05040374,0.06054027,0.07620118,0.07673964,0.08905628,0.08798828,0.08557671,0.06927230,0.06216217,0.03732936,0.03898162,0.02558743,0.02102428,0.01949886,-0.00203795,0.00911023,0.00255077,0.00342020,-0.00895558,0.00649025,-0.00276835,0.00066630,-0.00496618,0.00689818,-0.00662309,-0.00628310,-0.00118177,-0.00274867,0.00332665,0.00234199,0.00027885,0.00872391,0.00230730,0.00904163,0.01283222,0.01688279,0.02689609,0.04002884,0.06408221,0.07624817,0.07421092,0.08415205,0.08652578,0.08292286,0.08104717,0.09037732,0.09816451,0.12527157,0.14904851,0.18221884,0.22147249,0.26550316,0.29367602,0.34557214,0.38908410,0.42413102,0.45430400,0.49090044,0.51874370,0.53317234,0.51440206,0.51421515,0.48617708,0.44888750,0.39622130,0.34278491,0.30528332,0.22244833,0.19071797,0.14446972,0.10823342,0.09091640,0.10216140,0.10353577,0.10104469,0.11321353,0.13602232,0.13444408,0.15884822,0.15333579,0.13258296,0.13099014,0.11253750,0.09493579,0.08168493,0.06474899,0.05307045,0.04860829,0.03800558,0.03441262,0.03659707,0.05026659,0.05684677,0.07248639,0.07822610,0.08625712,0.11160443,0.11302897,0.14551767,0.14424799,0.14981069,0.15795943,0.18810190,0.18066364,0.19137478,0.18843237,0.18788533,0.18053028,0.17707625,0.16416703,0.15250188,0.15597617,0.16546496,0.17927024,0.16625738,0.20834186,0.23183128,0.26277121,0.24861520,0.24491388,0.24384434,0.20237307,0.15930833,0.13249325,0.11029466,0.07410089,0.05695601,0.04670506,0.02503231,0.02579918,0.01784449,0.02088223,0.02644678,0.02223448,0.01828986,0.01736281,0.01593912,0.01909720,0.02583693,0.02575559,0.02354303,0.02893334,0.03669157,0.04265715,0.04011914,0.04178222,0.04796319,0.06290180,0.04917241,0.04694329,0.06078189,0.04845713,0.04875199,0.05996118,0.05347020,0.04589805,0.04583987,0.04801745,0.04683823,0.05962655,0.05008759,0.05711322,0.06302464,0.07404018,0.09275136,0.10058834,0.13413958,0.15251306,0.18693747,0.20844739,0.25402749,0.29583489,0.35364164,0.40951792,0.46174155,0.50889635,0.57881949,0.60685961,0.68173633,0.72037126,0.73231528,0.73584939,0.72008191,0.69137832,0.65235188,0.60200934,0.54469818,0.49280887,0.40870608,0.36341143,0.30478300,0.26374413,0.23855810,0.20786336,0.18227468,0.17064239,0.15564248,0.15219814,0.16363216,0.14866313,0.14874598,0.13679935,0.11914156,0.11770636,0.11216796,0.10276332,0.11582686,0.10463123,0.11446201,0.15476279,0.18788170,0.21386117,0.28966018,0.32706527,0.39351802,0.44088959,0.50700091,0.54460694,0.60885562,0.60842251,0.60844063,0.59498925,0.59910562,0.58104938,0.52914371,0.50739343,0.47915255,0.49087328,0.45885088,0.47801425,0.45394858,0.44440105,0.42584306,0.40322154,0.33701616,0.28291041,0.22621987,0.17470941,0.13502112,0.10628069,0.06889019,0.05691386,0.04150749,0.04689925,0.02954554,0.03516666,0.01557046,0.03597436,0.03572623,0.02839537,0.03522563,0.02733687,0.02868165,0.03054827,0.03641210,0.02817580,0.02857181,0.01689513,0.03663201,0.03092512,0.02910253,0.03447744,0.03419533
0.00529448,0.01507564,0.00137186,0.00053085,0.01313963,0.01596866,0.01035598,0.00584664,0.00299590,0.01151668,-0.00204964,-0.00398540,-0.00038991,0.00140098,-0.00907219,-0.02031305,-0.00251291,-0.00444629,-0.01231300,0.00045367,-0.00365356,-0.00548267,-0.00699657,-0.00057322,0.00593284,0.00352818,0.02096271,0.01647351,0.01589648,0.01683082,0.01591826,0.01252925,0.01562477,0.01038530,0.01216947,0.03388228,0.03561208,0.04881738,0.05631605,0.07050795,0.06747716,0.07770611,0.09193469,0.09240509,0.08385681,0.06908951,0.06194187,0.04642984,0.03157222,0.03752768,0.02315462,0.00465967,0.00487114,0.00234738,0.01128797,-0.00149167,-0.00128049,0.00598595,0.00585335,0.00361404,0.00712033,0.00476483,0.00588774,0.00681790,0.00641235,0.01424505,0.00508743,0.01552371,0.00493362,0.00846193,0.00898399,0.01508876,0.02387607,0.03396886,0.04249607,0.07008850,0.07670921,0.09201416,0.08697382,0.10323061,0.11861581,0.12647460,0.13293819,0.14537600,0.16354017,0.18049224,0.24940706,0.26124241,0.32255299,0.34249202,0.36993064,0.41068741,0.44332963,0.44088971,0.43503036,0.44499284,0.42434747,0.40415690,0.40319774,0.37296252,0.34328407,0.30224843,0.28002854,0.23801224,0.21011232,0.16442948,0.14181676,0.11866598,0.10077762,0.09136639,0.09867486,0.10072020,0.10567263,0.11145433,0.12187775,0.13735312,0.14581756,0.14927011,0.13232053,0.12419398,0.10160990,0.08847561,0.08632137,0.06420054,0.05227024,0.06122083,0.04509907,0.05059276,0.05289912,0.04913712,0.04898200,0.08076872,0.09148047,0.08672429,0.10572891,0.11948749,0.13106339,0.14996928,0.15496030,0.16193245,0.17866270,0.19354166,0.20099637,0.19294760,0.20530863,0.21470168,0.18748969,0.16178055,0.14967840,0.14810135,0.13459007,0.12994253,0.14503177,0.14993102,0.15113266,0.16037191,0.17090612,0.16058090,0.14551306,0.12235422,0.11790803,0.08818563,0.07744489,0.04625543,0.04652203,0.04669669,0.04804827,0.04324357,0.03221408,0.05065490,0.05075351,0.04255548,0.05314838,0.05565592,0.06364192,0.05672216,0.06194785,0.07976006,0.08277394,0.10067852,0.11697702,0.14276960,0.14864376,0.17485930,0.19386691,0.20464451,0.21026460,0.21374741,0.23445795,0.23373213,0.22376067,0.21235668,0.20688792,0.18963169,0.17424028,0.13985603,0.14671193,0.13053943,0.12459617,0.12628525,0.11541091,0.12087555,0.12379853,0.13530940,0.13668376,0.15770549,0.18611958,0.20150993,0.23053049,0.26648154,0.28777693,0.33091243,0.34227615,0.40045848,0.42677095,0.45085418,0.49303852,0.51077915,0.50333426,0.52677248,0.51328857,0.49254272,0.47468760,0.45100662,0.39688247,0.35935122,0.30682608,0.28303947,0.25263410,0.22594866,0.20538493,0.20121663,0.18706698,0.17360097,0.15445616,0.16381469,0.16559735,0.15182851,0.15197401,0.15717921,0.13389648,0.13124680,0.11958644,0.12399440,0.12499990,0.11770320,0.13682007,0.15038111,0.19010907,0.21147453,0.24971494,0.28234745,0.32627392,0.36500477,0.39519917,0.41578842,0.44128557,0.45855666,0.46676975,0.45018286,0.44421392,0.42804919,0.41503253,0.38995649,0.37065098,0.38013269,0.35650438,0.35291688,0.33791088,0.31696323,0.32246984,0.28603628,0.25916018,0.21517164,0.18426556,0.15829399,0.12449662,0.11542288,0.09590793,0.08897778,0.08645697,0.08208578,0.08475574,0.09229397,0.08982013,0.08548960,0.09465182,0.09728521,0.10337641,0.10993171,0.09897245,0.10942878,0.11188910,0.11919795,0.11729402,0.11001311,0.11753766,0.12528669,0.12760918,0.11870424,0.12091737
0.01487077,0.02133962,0.02819433,0.03006495,0.04267656,0.05155283,0.05258256,0.04636195,0.05667545,0.03296165,0.02185307,0.01673958,0.00295808,0.00244683,0.00042432,-0.00197858,-0.00304627,-0.00316929,-0.00386849,-0.00058189,-0.00475519,-0.00352537,0.00071266,0.01418409,0.01726895,0.03176334,0.06119502,0.06643315,0.06379030,0.06869588,0.05828576,0.04508360,0.03185527,0.02808752,0.03317306,0.03874369,0.05252957,0.07064599,0.09190014,0.10780464,0.11703523,0.13155306,0.12810419,0.12944058,0.12102646,0.10165156,0.08186309,0.05827732,0.04685132,0.03081008,0.01473998,0.01896338,0.01514329,-0.00137598,0.00006624,-0.00860084,-0.00280088,-0.00267361,0.00679510,-0.00433342,0.00056252,-0.00185363,-0.00325307,-0.00351365,-0.00937748,-0.00328898,0.00132780,-0.00671456,0.00043562,0.00505674,0.00270729,0.00294167,0.01998344,0.03914369,0.04841752,0.07609031,0.09596289,0.10230297,0.10009069,0.11404112,0.09831552,0.07512304,0.07924723,0.05444107,0.07204793,0.05255981,0.07073752,0.07704737,0.09918699,0.11019327,0.11574553,0.16475721,0.18549054,0.20944796,0.24635502,0.28550669,0.33078642,0.35653522,0.38690434,0.42970276,0.43152603,0.42970352,0.41002904,0.36797219,0.31717116,0.27033397,0.21130198,0.18049050,0.12753814,0.09636032,0.07300840,0.05776669,0.05180327,0.04738015,0.04589910,0.03930742,0.04457911,0.03618372,0.02705688,0.03197044,0.03670951,0.02509095,0.02433463,0.02428527,0.03243538,0.03682980,0.04081625,0.05853254,0.09879005,0.10104900,0.13600302,0.17016585,0.19185467,0.21188070,0.24841997,0.28469802,0.30182509,0.31524178,0.32047966,0.34374648,0.33934485,0.32556969,0.33523684,0.30918208,0.30405533,0.27324327,0.26141791,0.22534852,0.19383387,0.18558447,0.16345126,0.15745741,0.14403788,0.14292661,0.15602454,0.15167005,0.14269706,0.14009356,0.13259665,0.08931645,0.07823831,0.07176369,0.06093560,0.02549488,0.03788651,0.02676371,0.01830664,0.02093300,0.01617738,0.02187908,0.01471924,0.00937201,0.01118076,0.00948959,0.02071751,0.02277332,0.02868261,0.03282884,0.03738242,0.03602327,0.04135079,0.04713057,0.04450736,0.05019762,0.04891663,0.05669938,0.05955582,0.05848623,0.06001499,0.05882373,0.05862348,0.05555515,0.05498833,0.05921752,0.06024565,0.06634959,0.06587629,0.08947891,0.09501040,0.10766033,0.13425869,0.15845277,0.18103010,0.21762339,0.25212325,0.29039540,0.32809352,0.38087200,0.41669588,0.45055052,0.46016999,0.47199654,0.49560844,0.50747676,0.51426359,0.49877693,0.47158564,0.44659197,0.42840757,0.40803221,0.37145214,0.34182372,0.30013250,0.28922500,0.23486377,0.23046141,0.20488760,0.19795884,0.19460981,0.18669416,0.21111539,0.23589818,0.27711134,0.29528809,0.29433007,0.30726642,0.30965540,0.31764908,0.28694448,0.27579810,0.24343047,0.21628314,0.17339808,0.14929162,0.12399998,0.11605595,0.11674783,0.11784664,0.12524437,0.12519725,0.15693582,0.18877548,0.23540408,0.27454468,0.32136349,0.36648972,0.41055898,0.45186085,0.47594657,0.51426425,0.49871847,0.53151891,0.50441622,0.48335595,0.46477164,0.44090845,0.41582302,0.40797293,0.38316423,0.36525405,0.35269162,0.29626958,0.25604689,0.20999902,0.16556335,0.11991953,0.09729369,0.08012698,0.05765693,0.04783260,0.03474168,0.04261744,0.03616198,0.04511938,0.04144330,0.04815288,0.03068549,0.04127412,0.05076754,0.04136548,0.04248981,0.04391640,0.03731701,0.04245763,0.04579511,0.03861403,0.04542713,0.05196420,0.04694727,0.05450511,0.04528145
0.05312683,0.04901083,0.05323046,0.05508735,0.04942497,0.05305422,0.05490724,0.05847765,0.04647529,0.05109561,0.02742038,0.03190966,0.02802943,0.03801878,0.03428702,0.03016539,0.02642965,0.02664796,0.01889227,0.02261890,0.02369145,0.03244043,0.03766942,0.02549057,0.04584158,0.05426698,0.05834368,0.06617154,0.06040402,0.05706662,0.06252255,0.04975874,0.05172153,0.04189830,0.04364439,0.03267424,0.04099073,0.05114620,0.05789613,0.05943984,0.06885468,0.07213553,0.07291333,0.08088409,0.07386732,0.06951124,0.06794635,0.04362840,0.03943348,0.04875588,0.04188181,0.03062746,0.03685636,0.03888945,0.03823200,0.03393059,0.03347985,0.03591806,0.03594313,0.03588138,0.02751909,0.03610114,0.02874568,0.04282305,0.03718514,0.04590647,0.04666910,0.04807319,0.03901615,0.05213973,0.04613484,0.03871068,0.04765413,0.05071631,0.06352044,0.06588004,0.07770114,0.08114618,0.10211824,0.10446594,0.11807749,0.13355800,0.15959561,0.19615228,0.23182996,0.28388994,0.33390737,0.38534108,0.44109678,0.48828081,0.52004666,0.55748008,0.56519544,0.57650605,0.54746280,0.54226479,0.50012481,0.47472532,0.44763845,0.40238247,0.37249221,0.34548941,0.31557239,0.28501634,0.25700391,0.22099116,0.17453687,0.15036325,0.13810077,0.13375438,0.16020630,0.16196569,0.19127396,0.20982606,0.22124101,0.21893545,0.24260414,0.23266818,0.21081520,0.19587689,0.17571542,0.14425139,0.12734501,0.11491713,0.09633602,0.07790798,0.08586027,0.08612310,0.08430553,0.09870557,0.10655875,0.11686925,0.14208586,0.14059682,0.16879019,0.16640039,0.17889352,0.17755573,0.17900791,0.18115099,0.17698441,0.16866797,0.17363511,0.15790473,0.13745692,0.15079212,0.13864519,0.11457607,0.11532535,0.10638625,0.11138445,0.12447611,0.09947800,0.12142090,0.13876997,0.13170575,0.13301183,0.11549563,0.10867936,0.10884385,0.09279789,0.09045997,0.07234455,0.07047312,0.06901517,0.05978312,0.06482105,0.06329338,0.06697085,0.05805679,0.06698097,0.06088909,0.06725497,0.08702527,0.07787695,0.08743163,0.09263649,0.10715133,0.11724292,0.13403479,0.13826599,0.16671523,0.20037540,0.21311972,0.22784331,0.25592640,0.25800284,0.26969745,0.28151196,0.28305346,0.25209060,0.26227883,0.24652646,0.23259794,0.21704708,0.19158561,0.18359855,0.17100648,0.16326289,0.14900839,0.15797583,0.15865425,0.17169930,0.17439942,0.19573153,0.22051223,0.24206170,0.27338396,0.31636706,0.33390559,0.36833285,0.42096251,0.42667536,0.48681994,0.51791264,0.55217500,0.57047639,0.60112765,0.59627929,0.60984845,0.59566842,0.57049560,0.54936082,0.52378462,0.47007525,0.43504199,0.38646632,0.35451899,0.30796474,0.29098053,0.25938111,0.25565449,0.23368056,0.23299532,0.24600852,0.22780516,0.21631119,0.21973953,0.21477883,0.19918048,0.19102491,0.18690913,0.17362839,0.16623437,0.15152284,0.17134236,0.17935159,0.21034475,0.23047500,0.26094095,0.29796682,0.33742553,0.37666936,0.41290525,0.44809544,0.44005058,0.46697053,0.46683920,0.45089960,0.42518055,0.40099217,0.38965985,0.34840908,0.31000598,0.31058518,0.28109358,0.26055392,0.23771153,0.23740692,0.22023965,0.20070915,0.19394935,0.16594391,0.16110231,0.13221314,0.12004596,0.11148681,0.10488269,0.08596614,0.08992751,0.09692714,0.08611210,0.09136396,0.08185376,0.09655584,0.09706150,0.09712848,0.09804486,0.10744432,0.11445751,0.13430326,0.12648589,0.12301879,0.12981336,0.13798026,0.14046032,0.13798508,0.14634396,0.15020011,0.13936705,0.14712581
0.02723302,0.02102604,0.05612864,0.05407908,0.06476462,0.07688014,0.08016490,0.07653700,0.06226060,0.06067901,0.04356302,0.02759049,0.02893859,0.01310321,0.00745346,0.00080901,0.00310025,0.00512102,-0.00005832,0.00752599,-0.01190381,0.01137046,0.00967962,0.01440929,0.03824535,0.06584833,0.07115338,0.10107345,0.10281756,0.10426417,0.08836944,0.07285426,0.04513152,0.02797634,0.03231065,0.02741902,0.02955244,0.02950322,0.03467607,0.03673987,0.04743662,0.05689500,0.05861396,0.05803854,0.04850335,0.04166584,0.02978394,0.02247553,0.02961986,0.00747193,0.01468260,0.01409605,0.01776160,0.00722397,0.01018418,0.00744930,0.00559885,0.00372721,0.00682378,0.00523058,0.01125816,0.00627997,0.01119577,0.01474994,0.01423164,0.00121957,0.00880223,0.01060213,0.00045325,0.00838416,-0.00354553,0.01275294,0.01162895,0.02642412,0.03238787,0.03272070,0.05126346,0.05709991,0.06818094,0.06536063,0.06816073,0.07560595,0.08789520,0.11169014,0.11204592,0.14180701,0.17885864,0.20520120,0.22064384,0.25913392,0.27740353,0.28120221,0.29690287,0.31953068,0.33121039,0.35117056,0.36430487,0.39046219,0.42573626,0.45770918,0.48302732,0.47006983,0.47557353,0.46768238,0.42036414,0.35803716,0.31303579,0.24608866,0.19652992,0.14670303,0.13213798,0.11863120,0.11249405,0.11865797,0.11005817,0.10836787,0.10929674,0.10731927,0.11212690,0.10761666,0.09217750,0.08155180,0.06382106,0.06796102,0.06647301,0.08618369,0.08752189,0.10545690,0.13273520,0.14656038,0.20143556,0.24594741,0.26100614,0.31475471,0.34344013,0.36845872,0.37947804,0.38630895,0.37400367,0.36784284,0.33422080,0.30390145,0.28184313,0.23495748,0.21702579,0.19538350,0.17361323,0.15646727,0.12173495,0.11315613,0.11026535,0.09124194,0.07033305,0.07842787,0.07933368,0.08125032,0.07879761,0.06575662,0.05940609,0.06242749,0.05479606,0.04783139,0.05324353,0.03347441,0.04439787,0.03779910,0.03780404,0.03856323,0.03714848,0.03302849,0.04616541,0.03640619,0.04859918,0.05034598,0.05763356,0.05047300,0.05592994,0.06158931,0.07585320,0.08895563,0.10298935,0.10923074,0.12139809,0.12760126,0.14442488,0.16728574,0.18134347,0.19224319,0.17757764,0.18214958,0.18257131,0.16951980,0.16334650,0.15144484,0.15463590,0.15355447,0.15434800,0.15550207,0.16373718,0.18525581,0.19700222,0.24858614,0.27641106,0.32304372,0.36065018,0.41196448,0.44056441,0.50664859,0.55650654,0.56881217,0.58481611,0.62235300,0.63290833,0.62280540,0.61413880,0.58805754,0.56503954,0.53646902,0.50651221,0.45602617,0.42801943,0.39395244,0.35945392,0.32831755,0.31727224,0.29622403,0.27336681,0.27078308,0.28552953,0.30337906,0.32409033,0.34932157,0.39199554,0.43199168,0.46046164,0.47969061,0.47827899,0.49006790,0.44928225,0.42555101,0.37928605,0.33750047,0.29324944,0.26017404,0.21308528,0.19257874,0.16462937,0.16529674,0.16897186,0.17641611,0.19432304,0.22463614,0.24609794,0.28372425,0.33019336,0.35295704,0.40656712,0.41132292,0.43495737,0.45965455,0.45903163,0.44134108,0.42178698,0.38541980,0.35473213,0.32119111,0.28292736,0.23851389,0.22673614,0.21042308,0.19188771,0.17082481,0.16950912,0.13845292,0.13005120,0.10275612,0.10226361,0.07563809,0.08454930,0.07346482,0.07368992,0.08037881,0.07404324,0.09013713,0.09250044,0.08989667,0.08002069,0.08560880,0.09505479,0.08969204,0.09440391,0.09066773,0.09094269,0.10340958,0.10701528,0.10250067,0.10989967,0.11007833,0.11133478,0.11549491,0.10711648
-0.01932406,-0.01872059,-0.01037057,-0.00023483,-0.00612457,-0.00255936,-0.00772337,-0.01643919,0.00037531,-0.00886612,-0.01833479,-0.01573713,-0.01095204,-0.02093811,-0.01582194,-0.01306350,-0.01977352,-0.01407257,-0.01648111,-0.01955808,-0.01414969,-0.01116883,-0.00603404,0.00664387,-0.00494352,-0.00148108,0.00562257,-0.00278697,0.00557872,0.01117133,0.00501397,0.00019078,-0.00418388,0.00066130,0.01136929,0.00783328,0.01958752,0.01730692,0.03082943,0.03681488,0.04496960,0.04199538,0.04585336,0.03693213,0.04219006,0.02648411,0.02612359,0.02743005,0.00930951,0.00659387,0.00273003,0.00049114,0.00017616,-0.00571856,-0.00518987,-0.00842127,0.00277740,-0.00039139,-0.00135550,0.00667631,0.00464091,-0.00368705,0.00333351,0.00125574,-0.00167395,-0.00766405,-0.00026370,-0.00113811,0.00221080,-0.00414262,0.00033929,0.00203240,0.00892020,0.00985337,0.02969977,0.03986260,0.04092988,0.05369947,0.06383695,0.05662162,0.05901444,0.06115028,0.06278598,0.08003563,0.10408107,0.12098707,0.14672564,0.17304783,0.19709082,0.24669642,0.25591831,0.31319820,0.36007319,0.39369687,0.43441411,0.47026415,0.49029050,0.51489447,0.49949597,0.45925787,0.45099180,0.39976508,0.34818694,0.29350131,0.23891394,0.17909538,0.13754324,0.10638574,0.08237978,0.07321324,0.06209367,0.07066896,0.06508749,0.08061672,0.07351813,0.08517683,0.08180383,0.08450029,0.07452051,0.07443229,0.06170320,0.04868258,0.04376315,0.03912165,0.03717756,0.03934928,0.03168207,0.04106196,0.04669696,0.04649082,0.06377020,0.06807326,0.07744021,0.09237093,0.09799782,0.09690232,0.11391385,0.10648829,0.12528976,0.12624198,0.13428566,0.13965016,0.12957175,0.13117686,0.13583326,0.13606043,0.12686127,0.12847821,0.12358796,0.14807913,0.16531742,0.18664432,0.21614910,0.25590614,0.27001554,0.29415805,0.29951385,0.27020608,0.24446002,0.20322293,0.16250946,0.12723881,0.08746256,0.06292677,0.05137242,0.04819815,0.04483511,0.04079487,0.03027394,0.02672102,0.03026572,0.02689061,0.03592296,0.03837078,0.04089472,0.03287620,0.03297975,0.03650932,0.04417383,0.05604547,0.06574342,0.07747293,0.06956522,0.08823746,0.10123777,0.10091400,0.11033174,0.10470969,0.10388249,0.09642460,0.10616287,0.09238538,0.07942194,0.07473117,0.07553325,0.08019888,0.07643363,0.08152068,0.07832801,0.07730434,0.08503066,0.09778599,0.11597106,0.12368600,0.13353631,0.16725834,0.20205628,0.22134180,0.28188044,0.32253074,0.38165128,0.42605283,0.49395290,0.53756470,0.58936862,0.61074510,0.65540911,0.68469139,0.65640045,0.65744779,0.61822326,0.59548820,0.53996298,0.48571705,0.41617816,0.34592507,0.30100604,0.26272030,0.23520821,0.19936777,0.18231627,0.15832286,0.16846191,0.14549671,0.14739384,0.13744727,0.13192890,0.13544739,0.13283407,0.12511177,0.11867465,0.11582163,0.10614340,0.10784611,0.10286265,0.11825669,0.15304301,0.17126120,0.21968605,0.26878917,0.32116632,0.37631576,0.42446257,0.49073873,0.54509744,0.57183867,0.57372732,0.56797089,0.55750503,0.53629653,0.51006886,0.47857645,0.47062268,0.46183710,0.46355222,0.47422076,0.47436354,0.48211997,0.43983192,0.44193216,0.39456167,0.34638454,0.27598626,0.23419619,0.18712906,0.14586537,0.11490866,0.10447802,0.08872940,0.07029952,0.06352572,0.05667508,0.06994177,0.07294861,0.06902428,0.06962400,0.06602218,0.08120249,0.06640577,0.07122172,0.08010297,0.07425792,0.07510205,0.08606409,0.08315731,0.07390971,0.07965942,0.07246545,0.08509179,0.08843699,0.07779414
0.03866059,0.05346714,0.05844600,0.06751379,0.08741367,0.08194958,0.08376656,0.07911754,0.08686668,0.07037408,0.06202886,0.05016428,0.02650412,0.03206624,0.01823433,0.02259769,0.03241197,0.01932532,0.01973842,0.02408100,0.02448977,0.03651306,0.03565690,0.04737996,0.05531824,0.07480514,0.09930242,0.10595631,0.10118809,0.10048045,0.08981719,0.08778235,0.07919472,0.07168039,0.07632093,0.10441040,0.10965607,0.14481697,0.18910395,0.21715473,0.24654331,0.25013678,0.26584042,0.25137806,0.24633178,0.21890123,0.17114299,0.15102930,0.11535329,0.09217032,0.06714216,0.06126584,0.03709558,0.03473714,0.03737841,0.03286572,0.02932928,0.02449033,0.03238077,0.03556713,0.03139219,0.02325015,0.03580106,0.02970869,0.03651590,0.02853800,0.02988592,0.04171574,0.03677792,0.03916288,0.04581453,0.05270801,0.07314269,0.08936839,0.11199534,0.15807047,0.18701128,0.21632518,0.22018378,0.21935048,0.21746039,0.18046040,0.16322145,0.15415887,0.13223440,0.14439939,0.14207896,0.15689893,0.16889146,0.19242753,0.20575197,0.20522594,0.22079935,0.24646896,0.26100273,0.28190700,0.32225687,0.36812436,0.39292328,0.42109730,0.44362511,0.44198947,0.44439489,0.42751974,0.37386579,0.31823253,0.27691679,0.21276188,0.18582113,0.13175703,0.10585078,0.08846098,0.08401577,0.07961110,0.06919574,0.06488736,0.07234010,0.06022266,0.06104050,0.06105730,0.06789186,0.06235082,0.06169847,0.07066897,0.07688880,0.08695902,0.10505506,0.11487574,0.14536591,0.15637182,0.20835955,0.24743174,0.28046683,0.31662061,0.36351992,0.38659081,0.43722728,0.45244487,0.49636153,0.50857683,0.52750706,0.53963925,0.53647455,0.52167924,0.48943213,0.46353050,0.43911704,0.40416887,0.37598499,0.30924179,0.27173888,0.24422987,0.21717209,0.20430609,0.18290433,0.17774449,0.14419221,0.14498724,0.12685227,0.11823331,0.11762565,0.09134956,0.07719499,0.08369802,0.06828465,0.07172170,0.05991205,0.06784303,0.06073780,0.06120836,0.06666219,0.07367601,0.07280375,0.07119723,0.07240879,0.07700290,0.09333477,0.10249434,0.10142818,0.11235082,0.12464214,0.14002523,0.14980627,0.15538898,0.16814794,0.17675685,0.18819762,0.19812677,0.20738236,0.19896947,0.20343756,0.19396894,0.18561766,0.17967105,0.15807435,0.16713597,0.17001051,0.17009163,0.16879558,0.18482312,0.21245333,0.23121051,0.26661602,0.29359486,0.34752046,0.36421974,0.40767756,0.44374779,0.46582027,0.50581499,0.53684345,0.52191592,0.52832275,0.51513823,0.48014275,0.47080574,0.45371253,0.41406808,0.39951366,0.36305195,0.32986377,0.29874894,0.27299222,0.23510657,0.22462837,0.21519564,0.22174426,0.21293208,0.22646665,0.26062647,0.27911052,0.30140167,0.34586957,0.36909334,0.41047396,0.40332586,0.42030087,0.40065570,0.37960426,0.36453853,0.31227125,0.29407925,0.25433372,0.22695972,0.17866535,0.17025401,0.13787210,0.14328768,0.13978300,0.16079286,0.17887225,0.20025007,0.23876950,0.25905211,0.33335690,0.38074432,0.46462725,0.52298764,0.56143346,0.61299462,0.65832506,0.63364517,0.67221024,0.63962787,0.62079658,0.59070495,0.56639255,0.55424301,0.53079134,0.48988050,0.47754732,0.41498537,0.36043651,0.31316840,0.27102656,0.21632634,0.18427692,0.15020978,0.12387603,0.11219101,0.11787988,0.10851588,0.10053393,0.11003601,0.09691785,0.09907182,0.10043388,0.11198191,0.10223279,0.12836700,0.11690755,0.11899324,0.12443067,0.12476166,0.12267849,0.12584795,0.12375267,0.12515645,0.12422299,0.13227951,0.12769389
0.05507136,0.05783421,0.05819308,0.07541540,0.07628886,0.08928980,0.07259104,0.06495870,0.05727593,0.06493464,0.05808944,0.05004999,0.04697116,0.03826732,0.03473858,0.03626903,0.03330476,0.02760743,0.03301050,0.03105140,0.04475301,0.04545590,0.04838999,0.05548660,0.06106790,0.07369974,0.08537433,0.09107200,0.09907378,0.10087469,0.08692139,0.08106594,0.07633732,0.06183858,0.07411049,0.06985605,0.06868356,0.09195156,0.10283506,0.12076042,0.13413987,0.14225208,0.14551239,0.14869274,0.13173206,0.12682783,0.10319790,0.07726318,0.08484635,0.06615407,0.05842454,0.06201539,0.05828975,0.05660278,0.05437257,0.06552569,0.05333730,0.05462739,0.04307204,0.06072785,0.05287651,0.05593532,0.05807351,0.06152793,0.05918141,0.05496474,0.05404033,0.06686100,0.06406026,0.06238418,0.05732068,0.07544928,0.08171856,0.07915295,0.10138484,0.11630138,0.13025028,0.14412286,0.16300908,0.16903591,0.15792654,0.17036813,0.19410213,0.19810206,0.24402554,0.24786294,0.30814773,0.36095518,0.37876497,0.42275212,0.47197202,0.48070475,0.51574291,0.49281678,0.49855775,0.49435416,0.47953259,0.48233119,0.49495154,0.48074575,0.46888106,0.46614762,0.42979530,0.39139213,0.38036866,0.30651591,0.27783418,0.25208862,0.21710190,0.20398357,0.19437339,0.18407672,0.20433845,0.22084949,0.23559238,0.23396926,0.25716258,0.24907495,0.22010698,0.21998545,0.17773056,0.16956950,0.15731558,0.14157748,0.13874546,0.14072759,0.14647974,0.16054506,0.15869430,0.17860288,0.20094477,0.22648810,0.26034851,0.26979163,0.31097196,0.31825775,0.34759773,0.35090852,0.36314663,0.34406616,0.33457461,0.35801712,0.34655683,0.32344772,0.31074119,0.28347166,0.26507968,0.24133212,0.22499771,0.21903975,0.21127124,0.19860186,0.19383570,0.17031442,0.17407230,0.18565043,0.17482147,0.15930640,0.16928878,0.14763315,0.14081195,0.13280677,0.13237933,0.12176422,0.11166330,0.12019664,0.10175373,0.10625149,0.11678285,0.10617658,0.11612761,0.12320158,0.12709195,0.13988488,0.12700803,0.14351538,0.13341834,0.14112524,0.16093660,0.16166400,0.19255035,0.19528308,0.23174715,0.24221976,0.25195315,0.25787781,0.27769252,0.26181978,0.28757614,0.27717370,0.27951195,0.28368663,0.25644901,0.26977339,0.24041973,0.23875964,0.22534901,0.22267238,0.22238983,0.22823877,0.23791923,0.26343412,0.28342937,0.31920198,0.34211902,0.37847967,0.40341833,0.43830899,0.49480771,0.52000000,0.56216324,0.57305760,0.59843608,0.62953384,0.64481626,0.66238317,0.65060791,0.64989515,0.65092039,0.64735644,0.61001977,0.57942048,0.54813216,0.53340785,0.48463868,0.44780550,0.42529679,0.39633789,0.37619725,0.38513315,0.39986370,0.38712572,0.39068454,0.39805987,0.40984694,0.41144408,0.40462026,0.39776396,0.38775965,0.37782077,0.35009971,0.29636364,0.28326125,0.26455391,0.25815639,0.24452727,0.25780892,0.26993825,0.29117697,0.31041950,0.34938042,0.39368949,0.43243604,0.44687775,0.50657238,0.53003224,0.56419438,0.59554803,0.61264731,0.59349252,0.57190102,0.54293302,0.54009601,0.49343976,0.48460881,0.44848108,0.41758575,0.39262307,0.38594283,0.36881094,0.34720400,0.31890269,0.28824029,0.27913364,0.25385800,0.22606647,0.21054570,0.19012539,0.18241944,0.17265290,0.17354800,0.16064610,0.17472543,0.17216165,0.17370420,0.17352887,0.17637152,0.19274008,0.19065206,0.18418130,0.17932089,0.20016870,0.20576938,0.19910914,0.21526205,0.22408867,0.21246803,0.19977079,0.20959795,0.21245303,0.21221734
0.03874197,0.03613013,0.04345338,0.06415345,0.06158623,0.06190085,0.06404921,0.06117759,0.04555032,0.05104160,0.04741834,0.03669335,0.03787727,0.02855216,0.02342828,0.01634807,0.01313449,0.01805352,0.01307483,0.00806475,0.00819224,0.02493032,0.02669301,0.03052897,0.03572619,0.04772486,0.06251588,0.06747430,0.06291165,0.07371203,0.07817434,0.06231612,0.04697267,0.03993281,0.04407775,0.05255533,0.07044205,0.09333635,0.11025757,0.11111556,0.12888180,0.15588296,0.15700694,0.15223248,0.13191317,0.12086554,0.09763169,0.07561089,0.06865421,0.05986057,0.04101560,0.03777046,0.01780353,0.02274248,0.02548872,0.01377217,0.01635663,0.01810797,0.02738621,0.01547173,0.01739095,0.02583348,0.01962125,0.01272633,0.01960081,0.01857404,0.02434476,0.01716651,0.01747090,0.02580160,0.02176581,0.03554295,0.04579114,0.04556611,0.07250348,0.09160008,0.12729831,0.12701065,0.14525597,0.15610545,0.16452550,0.14950766,0.15620714,0.17132981,0.20063571,0.22639100,0.27108270,0.30428675,0.34901278,0.36933078,0.40592827,0.42759245,0.42914887,0.43240127,0.42014510,0.42594105,0.39034743,0.41939319,0.39335040,0.40282119,0.38126987,0.38082563,0.32541126,0.29982083,0.28540936,0.23737099,0.20262011,0.16264677,0.13025013,0.12432160,0.13381178,0.11783358,0.14796092,0.15380738,0.16618230,0.18243996,0.17561037,0.16058247,0.16121927,0.14036317,0.11221832,0.09723989,0.08656074,0.06396660,0.06546599,0.07295505,0.06258545,0.08442551,0.09314602,0.11634360,0.12968996,0.15835131,0.17386342,0.22874102,0.24086055,0.25265731,0.28625201,0.30512859,0.30523347,0.31394936,0.31760658,0.31712670,0.31299222,0.30475462,0.30448199,0.27489498,0.24675967,0.22062892,0.19358842,0.16639442,0.14084574,0.12904844,0.10731395,0.09281815,0.09117870,0.08679701,0.06754252,0.06628107,0.05603845,0.05042866,0.05027526,0.04123581,0.03869582,0.03115570,0.03307389,0.01904162,0.02704371,0.02620763,0.03607123,0.02822719,0.03151839,0.04009912,0.03584503,0.04664847,0.04244996,0.05332559,0.06432294,0.07216620,0.07262224,0.08805105,0.09996374,0.12033099,0.13030710,0.15351290,0.17442493,0.17121013,0.18524738,0.19266440,0.19859325,0.20718882,0.19150495,0.19306313,0.16613868,0.17256003,0.14729319,0.13937407,0.13756577,0.13188892,0.12370330,0.13363086,0.13763014,0.15655031,0.19887602,0.21067429,0.23192431,0.28462186,0.31128159,0.33484276,0.36790339,0.40700709,0.42217648,0.46735560,0.47907929,0.48731141,0.50777967,0.49334320,0.50747997,0.51714024,0.49940648,0.50395758,0.47492138,0.46328434,0.40957750,0.37552209,0.34512010,0.32729516,0.28367557,0.27285612,0.25834719,0.26677692,0.24578046,0.25250310,0.25476238,0.28028672,0.28078882,0.28805207,0.30098679,0.28335950,0.26131836,0.25166530,0.22268324,0.19028754,0.17021100,0.15802291,0.13548043,0.14189780,0.14125824,0.15687400,0.18309584,0.20883192,0.24963087,0.25980567,0.29600764,0.31470281,0.38027193,0.40639076,0.44128933,0.44819851,0.45200404,0.49291648,0.47335886,0.47911439,0.44655540,0.41475942,0.37959915,0.35196297,0.33728082,0.29157160,0.28775312,0.25756507,0.23962599,0.21656701,0.18588160,0.16638280,0.12695133,0.09489839,0.08150270,0.06843330,0.05617738,0.04029922,0.05014529,0.03849559,0.05142603,0.04896183,0.05254823,0.05255017,0.05387962,0.04919241,0.04635318,0.05896675,0.07736418,0.06492740,0.07204051,0.07517784,0.06118479,0.08144088,0.08475483,0.07716453,0.08088843,0.08191225,0.07669172
0.05427964,0.05032314,0.02918018,0.03097779,0.02209424,0.02681634,0.02243981,0.02497567,0.01961471,0.01787740,0.01940478,0.00393399,0.01476102,0.01737896,0.00614925,0.00453941,0.00955944,0.01560454,0.01076812,0.01650882,0.01243802,0.01953325,0.01033277,0.01728253,0.01730296,0.01566861,0.02052295,0.01158230,0.02898111,0.01572855,0.01585690,0.02283671,0.02048181,0.01907810,0.03080458,0.04452168,0.04246430,0.04553373,0.05246472,0.07221249,0.07995069,0.08579722,0.09136804,0.09083808,0.08348432,0.07636340,0.06963103,0.05138122,0.04289611,0.03760916,0.02943945,0.02210165,0.03060330,0.01954878,0.02504009,0.01368664,0.01707833,0.01840307,0.02963975,0.03335863,0.02174240,0.01840023,0.02157147,0.01643723,0.01375817,0.01572310,0.02480597,0.01881007,0.01589727,0.01582960,0.02021168,0.03142398,0.03906954,0.04643151,0.05421320,0.06448246,0.07854236,0.10812986,0.10217900,0.12997614,0.14113750,0.16127429,0.18356693,0.22122612,0.25920259,0.30444182,0.37863001,0.41632012,0.47035438,0.50900992,0.51367207,0.53355613,0.54529401,0.51488380,0.46146264,0.43569272,0.39402912,0.36345157,0.30754674,0.25772483,0.21941179,0.18752311,0.15069670,0.12345781,0.11553003,0.08193149,0.07638594,0.05773661,0.06818359,0.05880161,0.06225432,0.06493294,0.06662983,0.07289787,0.07006584,0.07775214,0.08580543,0.08040365,0.08179649,0.07736022,0.06004926,0.06487071,0.04854506,0.04835641,0.03906817,0.04571010,0.02790730,0.03897535,0.03714040,0.03679677,0.02941845,0.04790612,0.04773797,0.06113652,0.06259663,0.07386918,0.07873039,0.08214587,0.08688350,0.11015105,0.13091163,0.13320321,0.15321341,0.13662471,0.15487849,0.14669615,0.15027227,0.13647798,0.12678299,0.12417260,0.10805467,0.11521460,0.10254077,0.09987920,0.10118634,0.09812099,0.11034387,0.09000821,0.08999125,0.08032212,0.07273113,0.07018919,0.06175869,0.05114473,0.04319472,0.05570022,0.03315437,0.04680331,0.05586851,0.04993547,0.05449374,0.05520623,0.05644693,0.07421772,0.08181782,0.09621109,0.12459244,0.14678992,0.17734876,0.22152231,0.25265817,0.30007126,0.34501659,0.38316944,0.44334244,0.48216715,0.51898913,0.55059495,0.55441795,0.53627403,0.51986439,0.51526643,0.47291375,0.43320390,0.39278612,0.34520719,0.29633601,0.25256324,0.21064188,0.18402453,0.15448720,0.13518586,0.11838198,0.10721758,0.10515313,0.10198409,0.11239490,0.10326094,0.11354614,0.10451138,0.13842380,0.14188474,0.15952577,0.18476252,0.19273299,0.22561844,0.22904548,0.23987656,0.26170884,0.23901810,0.25919491,0.24018564,0.23518556,0.22682960,0.20626515,0.18015713,0.17211975,0.14868513,0.13715963,0.12370462,0.10954917,0.10037244,0.09672003,0.09110088,0.07385770,0.08524948,0.07852823,0.07770059,0.07434709,0.06798508,0.07194237,0.06939910,0.06518396,0.06872815,0.08449385,0.07379932,0.08717042,0.09467720,0.10070068,0.11770068,0.13359007,0.15297971,0.17377183,0.19507172,0.19734006,0.22112304,0.24708666,0.23858473,0.23583864,0.24288333,0.24350914,0.25731864,0.24530848,0.23745639,0.24488887,0.23809490,0.23684133,0.22609468,0.22542574,0.21489513,0.21636780,0.20824431,0.18017658,0.16483147,0.14477384,0.13293383,0.10957985,0.10285764,0.09663198,0.09782212,0.09038510,0.09548807,0.09822848,0.09922925,0.11395154,0.10424074,0.11812371,0.11951075,0.13481792,0.16114904,0.15590145,0.17317395,0.17917970,0.18014021,0.18460940,0.20612054,0.19535169,0.20259410,0.20863666,0.20498709,0.21195502
0.03231680,0.03110584,0.03762787,0.03447778,0.02573725,0.03345011,0.03553545,0.02877536,0.04659258,0.03463292,0.03073361,0.03677603,0.03212537,0.01842870,0.02480148,0.03701176,0.01653182,0.02392935,0.02154328,0.02987091,0.03161141,0.03030449,0.02859948,0.03404493,0.04162462,0.04360029,0.03553489,0.05077475,0.05134976,0.04821759,0.04228858,0.03390165,0.04136636,0.03563019,0.04211546,0.04497062,0.06327128,0.06875725,0.07065726,0.06435959,0.08481117,0.09394048,0.08985156,0.08937480,0.09183889,0.08125676,0.07029881,0.06865479,0.05803441,0.04717014,0.04990657,0.04180446,0.02905285,0.03180787,0.03369599,0.02620156,0.03817786,0.03689722,0.03166268,0.03317883,0.04193594,0.04269592,0.03821036,0.02640503,0.03081311,0.04053464,0.04575593,0.04262143,0.03690212,0.04081245,0.04970108,0.04064919,0.05655044,0.05574033,0.07523231,0.08135677,0.08742242,0.10679347,0.10977691,0.11023621,0.12192095,0.12691654,0.13800737,0.14452130,0.16254549,0.19849423,0.23453237,0.26198194,0.30945850,0.33803323,0.39275179,0.42700248,0.43273219,0.47628194,0.47859640,0.51321053,0.50798413,0.52211298,0.50111588,0.47238195,0.42614681,0.39996316,0.34723569,0.30037060,0.24721512,0.20804724,0.18041355,0.14659450,0.12020274,0.11536083,0.10794277,0.11505022,0.12720164,0.14302530,0.15743146,0.14908153,0.15605078,0.16435523,0.14256319,0.14305242,0.12622914,0.11006129,0.09361025,0.08602098,0.06639608,0.07380105,0.07168738,0.05673157,0.06597380,0.07074750,0.07832468,0.08640708,0.09062627,0.10630932,0.10897336,0.11954321,0.12535567,0.13840102,0.15172284,0.15920345,0.16245715,0.17514397,0.17046097,0.15873897,0.15780672,0.16375404,0.15817185,0.15260422,0.15339953,0.14281691,0.16091714,0.18230783,0.19303440,0.21576592,0.23832391,0.26481571,0.25857983,0.25385343,0.23508904,0.21545630,0.17646885,0.13554273,0.13033512,0.10094738,0.06821482,0.06823727,0.06113586,0.05600462,0.06316884,0.05815426,0.05505671,0.04809712,0.05183217,0.05671680,0.06231592,0.06791430,0.07938722,0.07808130,0.08670702,0.09989160,0.11267336,0.11905495,0.13309365,0.14835611,0.15424237,0.15683666,0.18150740,0.18508389,0.18487641,0.18855869,0.19011641,0.18319597,0.16825878,0.14728038,0.15021300,0.13891148,0.11917889,0.11706731,0.10484328,0.10340330,0.12299997,0.11828531,0.11026824,0.12830779,0.14110238,0.14924984,0.18738704,0.21447712,0.24227014,0.28482218,0.34541056,0.36279720,0.38996653,0.46284412,0.51475870,0.55783361,0.60161365,0.62916960,0.66150051,0.63533097,0.63612891,0.60456054,0.56565686,0.51612716,0.46991838,0.40669207,0.35960385,0.32356920,0.26304008,0.23894192,0.21709121,0.17864349,0.16255724,0.15553614,0.15379874,0.14231645,0.13428693,0.13508530,0.12952712,0.12516559,0.11990879,0.11071423,0.11169611,0.11542647,0.10759223,0.12623775,0.14063074,0.16499241,0.19737986,0.24030866,0.28245959,0.33162623,0.40574751,0.43420654,0.47109278,0.49937829,0.53602719,0.52901196,0.49615935,0.50251825,0.46684950,0.45869917,0.42807966,0.40822662,0.39939412,0.39649115,0.42686051,0.40528197,0.40108396,0.36781828,0.35281522,0.32892702,0.29019332,0.23759672,0.18494689,0.16313226,0.13576586,0.10062153,0.09083717,0.07690355,0.06608033,0.06691529,0.07704850,0.06258139,0.06744627,0.06355406,0.06230690,0.07313404,0.07668531,0.07120615,0.08071538,0.07651246,0.08437825,0.07858677,0.09048256,0.08587252,0.08230217,0.09497046,0.09284340,0.08870559,0.08866531
-0.00634270,-0.00964472,-0.01054460,-0.01223528,-0.01253961,-0.01309677,-0.01870321,-0.00854049,-0.01929293,-0.01921788,-0.00948377,-0.01898802,-0.01781183,-0.02623901,-0.01242934,-0.02831825,-0.01690246,-0.02566180,-0.01496992,-0.02833692,-0.01955717,-0.03146883,-0.01122586,-0.00804538,-0.00564259,-0.01058424,-0.00073569,-0.00176019,-0.00534074,0.00722933,0.00168230,0.00401103,-0.00315094,-0.00346194,-0.00504278,0.00330951,-0.00186825,0.01367225,0.00650624,0.03161041,0.03233094,0.04342119,0.03270050,0.03724072,0.02969523,0.02747758,0.02177399,0.01516681,0.00895476,0.00080950,-0.00122611,0.00467612,-0.00107936,-0.00736600,-0.00985997,-0.00591954,-0.00587349,-0.01195589,-0.00260374,-0.00669106,0.00270371,0.00563726,-0.01521215,-0.00119680,-0.00462428,0.00723270,-0.00139439,-0.00773397,-0.00836045,-0.00338604,0.00085116,-0.00478328,0.00509628,0.01798514,0.02864996,0.03162012,0.03381019,0.06174431,0.06097726,0.07120711,0.07001319,0.09480106,0.10375357,0.13530318,0.17367766,0.19792988,0.23696336,0.30392792,0.34154208,0.37257118,0.41687271,0.44094545,0.50070541,0.52601274,0.55223635,0.55103899,0.56709219,0.58027526,0.54728611,0.52024261,0.49073301,0.41683972,0.37500981,0.31404859,0.25823269,0.19803330,0.15099101,0.12640889,0.09434556,0.07936637,0.07699541,0.08968399,0.07435165,0.09416563,0.09769915,0.11683200,0.10439367,0.10507410,0.11200332,0.08054198,0.07781802,0.07514333,0.05870666,0.03431183,0.03454034,0.03008067,0.02616483,0.03755064,0.03972247,0.03723163,0.05847875,0.06602685,0.06970182,0.07467869,0.08346062,0.09433769,0.09137574,0.10174439,0.10422699,0.11252311,0.10814359,0.12069875,0.12262795,0.12008601,0.11961895,0.12092805,0.11720427,0.11384834,0.12115031,0.12113475,0.14402841,0.16150898,0.19076057,0.22591265,0.26569000,0.27043134,0.28256212,0.28190392,0.25744647,0.21444756,0.17100298,0.12680943,0.10524757,0.08000610,0.04489875,0.05233249,0.04049797,0.03085155,0.03726622,0.02690453,0.04349343,0.03916599,0.04381824,0.03797669,0.04945410,0.05802263,0.07218709,0.08203585,0.09053700,0.11136098,0.13553920,0.16141883,0.17497477,0.19667901,0.23079390,0.24768435,0.24791556,0.26851924,0.27237479,0.27816318,0.25927302,0.23888270,0.22083839,0.21341707,0.19310084,0.16459016,0.13973998,0.12976640,0.12379039,0.12070957,0.11501128,0.09788088,0.11355906,0.12558152,0.14205385,0.16267086,0.19250532,0.22478157,0.25317615,0.30195218,0.34882164,0.39277764,0.46429543,0.53526216,0.54571395,0.61784900,0.65503897,0.66221166,0.69469692,0.66887642,0.65376247,0.63428419,0.57147364,0.51791760,0.46982170,0.40468541,0.34817264,0.29361527,0.25331570,0.21308519,0.19028519,0.15962376,0.15578058,0.14717766,0.14284973,0.13295082,0.12952120,0.12786813,0.13073018,0.11755760,0.11387274,0.10384742,0.08876304,0.09911906,0.10281247,0.11104179,0.13343719,0.15803715,0.18078655,0.23774092,0.28755279,0.34682392,0.41562353,0.45843325,0.53296705,0.54032006,0.57442821,0.57614292,0.55732618,0.52254763,0.49610542,0.44113253,0.43281146,0.42953139,0.43601553,0.43015355,0.43636703,0.43827357,0.44187346,0.42247121,0.38520550,0.33203310,0.27744870,0.24565216,0.17861957,0.15355031,0.11843189,0.09899413,0.08668009,0.08519595,0.07015934,0.06015600,0.05799387,0.04917631,0.06604417,0.08004663,0.07165191,0.08781666,0.08348903,0.07752219,0.09576878,0.09340978,0.09944898,0.10153142,0.10212571,0.11322864,0.10824610,0.11246347,0.11559852,0.12317351,0.11733383
0.03191418,0.01840416,0.02540396,0.03673261,0.04598176,0.05170048,0.04371090,0.03973136,0.04155233,0.02789095,0.01912035,0.01789046,0.01840608,0.00604290,0.00928737,-0.00464710,-0.00581596,0.00211198,0.00144115,0.00151585,-0.00539679,-0.00228668,0.00930888,0.00544661,0.02122342,0.03257324,0.05244098,0.05559380,0.05456309,0.05896924,0.04156012,0.03478844,0.03155258,0.02100283,0.02779727,0.03074147,0.04029847,0.05810027,0.07174543,0.07748362,0.09911413,0.10030484,0.10414987,0.11444980,0.09897177,0.08424206,0.06212281,0.05669302,0.04267356,0.02088020,0.01894980,0.01140298,0.00918432,0.01121008,0.00164706,-0.00925563,-0.00086512,-0.00719952,0.00193820,-0.00438352,-0.00044693,0.00258744,0.00509074,-0.00634967,-0.00025611,-0.00204848,0.00355873,0.00043266,0.00430001,-0.00073083,0.01060006,0.00836129,0.01721569,0.02362995,0.04607919,0.06252464,0.06889420,0.08392259,0.10434721,0.11278050,0.09901528,0.10271066,0.10043513,0.11932499,0.11565789,0.14890408,0.16751817,0.20300086,0.22174633,0.24533111,0.26195211,0.28154141,0.29943378,0.30860944,0.31018628,0.33118586,0.31909035,0.34789119,0.33779425,0.34339222,0.34596775,0.34038666,0.31870809,0.27452348,0.25908752,0.22785788,0.17055839,0.14513827,0.11505558,0.09862461,0.07101830,0.08312701,0.08424355,0.09571865,0.09447209,0.09963560,0.10665047,0.10441071,0.09251827,0.07203358,0.06043752,0.06123042,0.04773601,0.03555174,0.03560606,0.03494911,0.04849780,0.06370037,0.07624042,0.09792131,0.12199903,0.15199269,0.17010748,0.18439633,0.20212894,0.23342362,0.23983387,0.25693078,0.26472231,0.28048339,0.27965816,0.27088404,0.27256168,0.24668583,0.24532555,0.21641493,0.20071808,0.17158861,0.15672074,0.13101668,0.11332485,0.10505777,0.10528019,0.08528554,0.09695992,0.09267992,0.08401916,0.07713065,0.06473187,0.05622665,0.03350185,0.04722624,0.02229731,0.03472988,0.01553284,0.01954928,0.01514709,0.00945368,0.01633080,0.01595909,0.01773711,0.01273159,0.02477804,0.02280061,0.02186277,0.03644592,0.04501336,0.04772070,0.05054987,0.06947515,0.08585491,0.08780946,0.10135336,0.11289150,0.10734723,0.13734470,0.12905295,0.14405870,0.14678017,0.13914033,0.14058198,0.13496441,0.11995292,0.11736831,0.10644786,0.09761138,0.09905524,0.09581210,0.10179565,0.11752673,0.12324087,0.15034422,0.17382011,0.19063650,0.22402321,0.26718412,0.28670983,0.31679617,0.35566802,0.36616985,0.40228950,0.41352845,0.43533489,0.44644173,0.44180506,0.46280955,0.44128310,0.43521958,0.42073999,0.40379982,0.36558245,0.34005391,0.32834154,0.32037019,0.27611164,0.24676987,0.23108104,0.21553088,0.21588554,0.23162877,0.22320312,0.23537719,0.23360650,0.25975933,0.26627635,0.27960612,0.26679650,0.25344957,0.23745739,0.22588837,0.19055359,0.17290808,0.15299232,0.13611502,0.13024577,0.11793005,0.11197672,0.13505728,0.15387968,0.16082053,0.19347087,0.23154472,0.24599918,0.29294608,0.29781502,0.34201746,0.38700002,0.39895531,0.41861252,0.44158328,0.42994662,0.40846777,0.40700721,0.35955480,0.36981775,0.33244681,0.30352080,0.28730243,0.27149667,0.25105063,0.24007377,0.21832397,0.19429894,0.15816054,0.11605163,0.10257432,0.08074820,0.06552409,0.06168017,0.04575222,0.04543573,0.04575125,0.05323085,0.04840908,0.04536624,0.04766106,0.05946690,0.04846939,0.04535705,0.05303451,0.05980177,0.06971185,0.06175015,0.06610850,0.06241515,0.07553025,0.07920295,0.08001146,0.07469786,0.07895097,0.07484747
0.04654335,0.05858865,0.05372756,0.07164396,0.07439634,0.07097133,0.06081932,0.06569040,0.05754908,0.05874011,0.04594001,0.04811995,0.03570849,0.02808796,0.04235918,0.02793265,0.03332215,0.03166475,0.02517945,0.02193062,0.02900428,0.02799673,0.04575662,0.03982188,0.05176574,0.06470454,0.06572905,0.08568484,0.08748409,0.08551977,0.08135143,0.07730995,0.06103852,0.05985547,0.05768449,0.07121835,0.07830123,0.10502589,0.11524768,0.13010139,0.16646782,0.16737570,0.17860348,0.16116626,0.15292774,0.14116026,0.12207033,0.10255206,0.08523745,0.06829345,0.06232013,0.05917230,0.05019928,0.03771644,0.03447280,0.03738349,0.04549656,0.03407832,0.03139616,0.03830015,0.03140160,0.04458173,0.04564785,0.04346202,0.04265241,0.05336151,0.04640723,0.04166456,0.05226716,0.04130624,0.05193381,0.05064788,0.06475389,0.07133918,0.09076682,0.11820780,0.13704922,0.14526595,0.16327052,0.15694285,0.16374912,0.13543636,0.13871212,0.14129900,0.14741457,0.15404011,0.16303440,0.18348109,0.20325853,0.21407535,0.21438769,0.24390777,0.24121610,0.26955945,0.25943811,0.28059544,0.28651952,0.30242666,0.32001337,0.33034520,0.34218147,0.35457560,0.33781845,0.31286064,0.29277547,0.24337942,0.21524021,0.19126776,0.14292523,0.12503664,0.09983590,0.08860346,0.09062207,0.07519371,0.07707794,0.08934676,0.07807407,0.08230097,0.07464878,0.07903910,0.07029761,0.06931981,0.07149423,0.07536941,0.08873945,0.08431998,0.08832917,0.11003520,0.14071416,0.14472194,0.16203895,0.17650898,0.21203590,0.23129681,0.25139760,0.28795096,0.30458745,0.32044261,0.33123540,0.35236717,0.36003539,0.35713226,0.33870951,0.35468681,0.33753750,0.32296265,0.28857645,0.26345934,0.23484255,0.23647302,0.19181805,0.16574559,0.17012782,0.15771974,0.15532360,0.14770503,0.13233254,0.13946011,0.12709121,0.12541453,0.09639658,0.10251710,0.08161656,0.08519441,0.08592459,0.07649721,0.06666536,0.07714527,0.08893741,0.08294991,0.07096883,0.08214291,0.07765941,0.08814067,0.09782760,0.09229817,0.09716036,0.10962806,0.13026115,0.13517378,0.15806907,0.16656615,0.17282335,0.19901230,0.20142722,0.23005949,0.21185097,0.23813483,0.23303727,0.23477196,0.22567475,0.22362948,0.21565997,0.21667654,0.20699812,0.18160289,0.18227986,0.19036925,0.17569754,0.18337202,0.19585829,0.20803276,0.22522872,0.24547036,0.27322207,0.30284842,0.31916495,0.35088854,0.37803878,0.38209178,0.40864420,0.40556355,0.42334459,0.41300464,0.41225939,0.39907109,0.37711962,0.37191871,0.32754995,0.32143261,0.30086455,0.28200530,0.27182947,0.23872166,0.21479190,0.21793884,0.20611534,0.20752574,0.20923786,0.22396131,0.24044584,0.26314858,0.26417476,0.29942086,0.31183319,0.32276239,0.34217156,0.32532039,0.31955665,0.30636134,0.26266149,0.24982342,0.22302769,0.19874075,0.17627610,0.16291974,0.16291850,0.14535392,0.14659181,0.15554954,0.17803898,0.19123386,0.21732628,0.24445695,0.28289011,0.30023320,0.34678557,0.38199865,0.43244823,0.45493166,0.47485914,0.49829618,0.47037930,0.48060400,0.45393329,0.42552470,0.40837377,0.39785018,0.38225426,0.35360646,0.34460172,0.33554119,0.29480534,0.25095602,0.21795009,0.17089923,0.17508190,0.15904228,0.13770682,0.13020301,0.13298345,0.13394568,0.12260681,0.12561107,0.13014750,0.13613620,0.12473954,0.12746609,0.13906725,0.14691392,0.14799929,0.14915219,0.14802277,0.15448938,0.14787108,0.15098148,0.15271507,0.16799206,0.17508059,0.17230031,0.16744664
0.00405591,-0.00520602,-0.00542607,0.00154563,0.00984433,-0.00112607,-0.00026707,-0.00276635,-0.00190794,-0.01202503,-0.01408259,-0.01210772,-0.02399998,-0.02476933,-0.01569313,-0.03011277,-0.01952285,-0.02509317,-0.01907969,-0.02406494,-0.02316335,-0.02456254,-0.02008586,-0.00750758,-0.00756859,0.00110410,0.00332244,0.00341600,0.00683121,0.00805759,0.00032554,-0.00240472,0.00583182,0.00010578,0.01374267,0.02350657,0.03361995,0.05668701,0.07796288,0.10658113,0.11460896,0.14092763,0.13485983,0.13761770,0.12380896,0.09297540,0.08083747,0.05691825,0.03247335,0.01628805,0.00638167,-0.00454308,-0.00444652,-0.02409644,-0.01737784,-0.01438066,-0.03182856,-0.03324484,-0.02081813,-0.02581215,-0.02018869,-0.02448595,-0.02015905,-0.02121023,-0.02063878,-0.01416162,-0.01736685,-0.02151572,-0.01948369,-0.01265345,-0.01833735,-0.00518760,0.00398097,0.01634971,0.03624952,0.06229320,0.09285328,0.11753922,0.12106981,0.12884896,0.13899023,0.11608225,0.11881562,0.13152245,0.14644677,0.17488399,0.18998452,0.22668072,0.26541392,0.29807601,0.29832408,0.29676457,0.31431514,0.30899199,0.30221469,0.27061265,0.26088431,0.22997697,0.22712356,0.22358137,0.20800669,0.16870454,0.18397360,0.17027326,0.12587218,0.11354999,0.08283548,0.06959255,0.06257433,0.04214213,0.03715670,0.04346494,0.03959974,0.05454344,0.06404772,0.07259418,0.07532399,0.08095570,0.07724652,0.06020692,0.04804870,0.03606026,0.02697579,0.01509460,0.01446978,-0.00018753,0.00287191,0.01401896,0.02603325,0.04076572,0.05628650,0.06608374,0.07917291,0.09735453,0.12396201,0.13925299,0.16546908,0.20850196,0.21108879,0.24304731,0.25676283,0.26418862,0.26338440,0.28165298,0.27440344,0.26093943,0.22714691,0.20527305,0.18409283,0.15309087,0.12658532,0.09696617,0.07012159,0.05934294,0.03371586,0.02646777,0.01533722,0.01980923,0.00778133,0.00382913,-0.00827260,-0.01188892,-0.00868755,-0.02216709,-0.01514338,-0.00670027,-0.00696561,-0.00962713,-0.02132897,-0.01400173,-0.01171144,-0.00272587,-0.01527966,0.00101035,0.01007815,0.01485812,0.01693739,0.04095856,0.04305654,0.06492351,0.07650784,0.10471795,0.12678873,0.14058914,0.16025099,0.18576688,0.18962684,0.18794171,0.20608708,0.21280231,0.19552176,0.17913318,0.16800953,0.15228014,0.12407399,0.11229108,0.10353178,0.08526709,0.07716797,0.06800561,0.06821432,0.07637863,0.07967523,0.09698267,0.10498881,0.12895971,0.14012951,0.16237691,0.18467323,0.20119146,0.21072950,0.23973506,0.24933425,0.25705350,0.24716438,0.26372525,0.26801739,0.25812599,0.25235305,0.26454552,0.24679993,0.21770666,0.21312028,0.19416128,0.18378625,0.15230492,0.13923075,0.13293388,0.12630868,0.12652601,0.12138509,0.12024655,0.12817778,0.12968357,0.13305656,0.11533598,0.13811071,0.13078021,0.11737398,0.10083634,0.08393764,0.07719398,0.07279854,0.05975039,0.05309386,0.03775915,0.05108887,0.06369918,0.06850753,0.09186159,0.11423390,0.12555685,0.15378608,0.17046405,0.19252986,0.21820628,0.24741511,0.27205775,0.30960590,0.31367167,0.33770304,0.35026018,0.33251108,0.31589054,0.30909406,0.27972194,0.26624222,0.24743335,0.24316610,0.23190778,0.20949652,0.19856229,0.14986960,0.12231098,0.08501906,0.07760271,0.04100726,0.03051044,0.00940860,-0.00028292,-0.00942495,-0.00160749,-0.00323231,-0.00232656,0.01407258,0.01086624,0.01298718,0.00668216,0.01298305,0.01887780,0.02681031,0.02602121,0.02930652,0.03926865,0.03070422,0.03877560,0.04136484,0.05206393,0.04049396,0.04799846,0.04022548
0.03931988,0.04908165,0.04298636,0.04607632,0.05798720,0.05566698,0.05223748,0.05280415,0.05736661,0.05108639,0.04465285,0.03151256,0.03984046,0.02672446,0.02146879,0.03096625,0.02340150,0.02944972,0.02824092,0.02139708,0.02509944,0.03189856,0.04043357,0.03780038,0.03665346,0.05363103,0.07041368,0.06771678,0.06994883,0.07241143,0.07602340,0.06972014,0.06659225,0.05909031,0.06609823,0.07349492,0.08382021,0.09372503,0.12673270,0.13814594,0.16057915,0.17866436,0.19383525,0.18469999,0.17165526,0.15347376,0.13737121,0.12235940,0.10056326,0.08082451,0.06503689,0.06690052,0.05374064,0.04287008,0.03641116,0.04795171,0.03989021,0.04269687,0.04134206,0.03129799,0.04007184,0.05644912,0.04831611,0.04919445,0.05181659,0.05030262,0.05212471,0.04815143,0.04384154,0.04593781,0.05040219,0.06178372,0.06873830,0.08209139,0.09584681,0.12552256,0.14122519,0.16962397,0.17314899,0.18621877,0.17710964,0.17946898,0.17979868,0.18781242,0.19779682,0.21295379,0.24414387,0.26690725,0.31177443,0.35246909,0.37176808,0.37459121,0.39037097,0.39556120,0.37981491,0.38736330,0.37744866,0.36053825,0.35505758,0.34531057,0.31827746,0.32315009,0.30567835,0.29529220,0.26865220,0.22610322,0.20095879,0.17777810,0.15948987,0.14044718,0.13874832,0.13361485,0.15089200,0.16049779,0.16734162,0.18276863,0.19115160,0.19156459,0.18155175,0.16719786,0.13675486,0.13402521,0.11693772,0.11140346,0.10307172,0.10336830,0.11114488,0.11448443,0.11270482,0.12846755,0.15223543,0.16432784,0.18436539,0.20498587,0.23944069,0.26394539,0.27388127,0.29354013,0.31362865,0.33518704,0.34822786,0.35779154,0.37915473,0.36415714,0.35742080,0.35246020,0.34514606,0.30427756,0.29234017,0.25530187,0.22795720,0.19750082,0.17778161,0.17189522,0.16632587,0.14926007,0.12914387,0.12933670,0.12669489,0.12112884,0.11229126,0.11855943,0.10461466,0.09446865,0.09376261,0.10007753,0.09610240,0.09111927,0.08612765,0.09241115,0.08867197,0.10582246,0.09628949,0.10814248,0.09961386,0.11659939,0.12188990,0.12148676,0.14331165,0.16203547,0.16633853,0.17944216,0.19171698,0.20354168,0.23318084,0.24245181,0.26591145,0.25425391,0.26705849,0.27696147,0.26114576,0.25680273,0.23977645,0.23105155,0.22378035,0.20505796,0.20640262,0.19418688,0.18126013,0.19424510,0.19542285,0.20072245,0.20939384,0.22595371,0.23880613,0.26432839,0.28978371,0.32524998,0.34062786,0.37021965,0.39990004,0.39982508,0.42893596,0.45161671,0.46699902,0.46913672,0.47439886,0.48127996,0.47231225,0.45573229,0.44315398,0.43778885,0.41408396,0.39441584,0.36942803,0.35305267,0.33990800,0.29483082,0.30130592,0.27608591,0.27803947,0.29024962,0.26960152,0.28828469,0.29396829,0.29263559,0.29710691,0.30259682,0.29133093,0.28280381,0.26227906,0.23585013,0.23556190,0.22268072,0.19772731,0.19639575,0.19727268,0.21383716,0.23274893,0.25800456,0.26477333,0.28937741,0.32670816,0.35347022,0.37619244,0.41255802,0.43562297,0.48500239,0.47241849,0.50570893,0.51915800,0.53860904,0.51469729,0.50366251,0.49093480,0.46690111,0.44834673,0.44219636,0.39899264,0.40451873,0.37071227,0.36288144,0.32448490,0.28249210,0.25374685,0.22699066,0.20778714,0.17839977,0.16915994,0.16364070,0.15098748,0.16326542,0.13995476,0.14861845,0.15089129,0.14384042,0.15813986,0.16512867,0.16909709,0.17758283,0.16576102,0.16484788,0.17204915,0.17895354,0.18360878,0.18654896,0.18166334,0.19782291,0.18710089,0.18866605,0.19710014
-0.00471160,-0.01428063,-0.01606626,-0.01728361,-0.01287097,-0.02155253,-0.01806665,-0.01191868,-0.01342765,-0.01323331,-0.01724413,-0.00834315,-0.01500244,-0.02570987,-0.01852429,-0.01231851,-0.02160723,-0.00880386,-0.01883979,-0.01735413,-0.01345037,-0.01803333,-0.01482218,0.00077323,-0.01343915,-0.01097712,-0.00599033,-0.00943065,-0.00562557,0.00672877,0.00820342,0.00318794,0.02297054,0.02911904,0.04142695,0.07503096,0.10501700,0.14057601,0.18380298,0.24372472,0.27160201,0.30381010,0.30825013,0.30558209,0.28483970,0.24416887,0.19535152,0.15566340,0.10540310,0.07445620,0.05795911,0.02944040,0.02523979,0.01807309,0.00248625,0.01682301,0.00237051,0.00437616,-0.00233383,0.00517801,-0.00014330,-0.00336399,-0.00199991,0.00325540,-0.00300680,0.00906193,-0.00146619,0.00764938,0.00530512,0.01675682,0.01789237,0.02184938,0.03610971,0.08208527,0.11616967,0.15408206,0.18916134,0.23959644,0.25829531,0.24678305,0.22971745,0.20225484,0.16121559,0.13544381,0.12570762,0.12712619,0.13209112,0.15178830,0.17094373,0.18232348,0.21887214,0.23085888,0.24593023,0.26459952,0.27236848,0.27851065,0.28428368,0.27854489,0.27040371,0.25082522,0.23380679,0.20638449,0.17368620,0.15649560,0.12569017,0.10749801,0.07560750,0.06023384,0.05886770,0.05651688,0.05249384,0.04881085,0.07187500,0.07505179,0.09338643,0.08511199,0.08705416,0.08715888,0.08005353,0.07550011,0.07012303,0.06633519,0.04735620,0.04371951,0.04056392,0.01991237,0.03614517,0.02971156,0.04441055,0.04140454,0.04629974,0.06406135,0.07029945,0.10609147,0.12620311,0.15932979,0.19237438,0.24025615,0.27169181,0.33627126,0.39775122,0.44250782,0.48690480,0.50918850,0.53591139,0.51581492,0.50175651,0.45201952,0.41675371,0.37062742,0.32290076,0.27876192,0.24531346,0.23986807,0.21133769,0.19287311,0.18296899,0.17784046,0.16687429,0.12988760,0.11511510,0.08083416,0.07330737,0.05825380,0.05325621,0.04876218,0.04302872,0.02963491,0.04049413,0.02566590,0.05149847,0.04478344,0.03082628,0.04177404,0.03680304,0.03854158,0.04957794,0.04090509,0.05474933,0.05576169,0.07088825,0.07898976,0.08183877,0.09049997,0.10056528,0.09048170,0.09953298,0.11658762,0.11561499,0.10447031,0.11090455,0.10996235,0.09884745,0.09531734,0.09277470,0.09128845,0.08341744,0.07529752,0.07186095,0.07842701,0.07166678,0.06133373,0.07857244,0.07853780,0.08480337,0.09464501,0.10514571,0.11514520,0.14550093,0.16284509,0.19170906,0.21739827,0.25429233,0.29402352,0.31230658,0.35152992,0.35584253,0.37861568,0.39459190,0.40611242,0.37339441,0.38221845,0.34709652,0.32234708,0.28596526,0.25285243,0.22630908,0.19576990,0.18281616,0.15443095,0.14882410,0.13773395,0.11202093,0.10974986,0.10908273,0.09850630,0.09481785,0.09147286,0.08462713,0.10167232,0.09188863,0.08168974,0.09165750,0.08665787,0.09150008,0.10120557,0.10392516,0.12494568,0.14454481,0.16793689,0.18334465,0.23506176,0.27959718,0.30481258,0.36057178,0.38932296,0.46986722,0.49786916,0.56316633,0.55831315,0.60049634,0.65959172,0.66101361,0.65475656,0.67837216,0.67469952,0.65404815,0.65672569,0.63188303,0.62238666,0.57831302,0.52069045,0.47269477,0.39799824,0.32607709,0.27213396,0.20423042,0.16261066,0.12482931,0.10963199,0.09906164,0.09159373,0.07791075,0.08372443,0.07504238,0.07327698,0.07219152,0.08684939,0.08232043,0.08093392,0.08189995,0.08849658,0.10163902,0.08889366,0.10569239,0.09853739,0.08779290,0.09639273,0.08961979,0.09507961,0.09211833
-0.00688919,-0.01572859,-0.01456044,-0.00663410,0.00314026,0.00734092,0.01078615,0.00836037,0.01086718,0.00292693,-0.01120039,-0.01422949,-0.01209590,-0.01482188,-0.01699569,-0.02346647,-0.02465775,-0.02331758,-0.02537586,-0.01780349,-0.01948893,-0.01858425,-0.01546115,-0.00491137,-0.00195804,0.00254955,0.01454019,0.02550716,0.02745204,0.03483010,0.02651610,0.02773273,0.02117832,0.01813587,0.02669241,0.02994022,0.05780159,0.08430211,0.09662185,0.13346999,0.15565953,0.17528399,0.18576867,0.16878705,0.17014834,0.15098360,0.13394455,0.10415974,0.08309733,0.06038884,0.02727302,0.02313997,0.01494883,0.00967431,0.00602144,0.00194380,0.01159470,0.00250639,0.01111849,-0.00265159,-0.00017734,0.00579837,0.01140257,0.00451055,0.00748763,0.01638162,0.01089799,0.00775677,0.01122646,0.00811690,0.01662936,0.01650672,0.02955490,0.04744461,0.06592953,0.10161656,0.12717848,0.15534194,0.17331603,0.19093991,0.19462019,0.17496685,0.14949103,0.15351575,0.16272616,0.17543700,0.19166854,0.22395326,0.26878177,0.30541945,0.32616309,0.35164169,0.36481699,0.38679608,0.37950642,0.36802009,0.35958101,0.35303472,0.35440289,0.34981880,0.32715977,0.31999227,0.30743190,0.28426351,0.26590388,0.24162676,0.19935889,0.16967034,0.13754774,0.11615155,0.11878017,0.12199316,0.12098557,0.13232252,0.13457487,0.15437585,0.15151953,0.15262936,0.13640554,0.13988549,0.12465929,0.12302998,0.09743617,0.08722972,0.07707504,0.07415539,0.08015371,0.08321453,0.09893763,0.10568572,0.12035141,0.14168893,0.16280774,0.20328816,0.21142266,0.24049475,0.26164414,0.28291043,0.31955077,0.34553205,0.37577705,0.38904962,0.39745273,0.41140998,0.41369029,0.38731438,0.36496324,0.33180320,0.29196294,0.27851116,0.24817461,0.21626594,0.19270358,0.17580564,0.15490366,0.15269861,0.14343836,0.15282558,0.13006069,0.11385586,0.10804048,0.10137580,0.08861101,0.08414366,0.08367631,0.07752554,0.06502876,0.06958151,0.07131151,0.06523842,0.07438818,0.08416376,0.07900067,0.08620097,0.08562705,0.08534444,0.10598456,0.09894706,0.10255703,0.12770397,0.13137476,0.14815594,0.15518797,0.17447793,0.18898610,0.19502658,0.20930980,0.21379838,0.22183659,0.21872663,0.21399846,0.21266488,0.20374126,0.20522241,0.19179298,0.18209813,0.17807904,0.17466326,0.15452926,0.17338582,0.17937633,0.18142671,0.19484229,0.22821548,0.23461478,0.25453039,0.28099025,0.31271508,0.34168828,0.36967343,0.39881275,0.41697959,0.45187886,0.47152677,0.48618919,0.47418359,0.48644169,0.50184519,0.50763224,0.49740928,0.46700642,0.48108579,0.46080698,0.40599312,0.39598799,0.36583373,0.33646003,0.31116499,0.30099414,0.29199140,0.26598811,0.27946991,0.27857204,0.26928816,0.27847128,0.30126987,0.31140719,0.30357553,0.28776444,0.27330883,0.25235601,0.25418652,0.23181746,0.21206871,0.19154487,0.20757732,0.19500302,0.21763135,0.21596865,0.24449369,0.26430978,0.29068772,0.31329578,0.34690487,0.39111502,0.43139626,0.46735589,0.50982187,0.52389937,0.56303446,0.58330327,0.57304616,0.59409935,0.59256293,0.56236653,0.53016030,0.51081664,0.49857517,0.47697381,0.47165621,0.43674396,0.40726149,0.38881415,0.35232575,0.29131681,0.25988205,0.23605269,0.19605097,0.17266597,0.15316229,0.14878134,0.14614536,0.12761507,0.13976300,0.13998191,0.12020944,0.14170351,0.14928032,0.14592589,0.15544049,0.15947102,0.15620436,0.16013367,0.15221269,0.16401384,0.16419054,0.18003030,0.17987738,0.17253404,0.17243251,0.16833638
0.04515978,0.05093049,0.04404597,0.04638905,0.05120572,0.05066513,0.05636237,0.05213778,0.04302143,0.04302637,0.04567232,0.03496140,0.03959260,0.02833041,0.03766833,0.03132026,0.03769769,0.03247765,0.03383591,0.04087799,0.04006219,0.03381590,0.04110301,0.04255332,0.05244757,0.05454926,0.06156145,0.05046153,0.06052438,0.05406679,0.05493579,0.05947480,0.07211494,0.06552785,0.08793415,0.09495813,0.11883478,0.14919032,0.17050532,0.20269153,0.22794219,0.24237966,0.24584129,0.24425868,0.22099616,0.19262700,0.16431777,0.13918398,0.11515048,0.09529813,0.09038167,0.06822671,0.06201339,0.05196079,0.05302069,0.04960805,0.04407447,0.04550350,0.04461599,0.04545493,0.03601685,0.04574643,0.04960788,0.04853412,0.05402710,0.04285417,0.04496473,0.05090873,0.05111242,0.05865922,0.05775348,0.06242053,0.07252616,0.10417071,0.12919189,0.15358703,0.17855978,0.21377560,0.22245706,0.24078963,0.22065714,0.20326217,0.20569379,0.20371678,0.22611752,0.25817887,0.27938689,0.32482059,0.35223695,0.39858886,0.42986114,0.45819289,0.43310330,0.49577688,0.48898160,0.47238937,0.44750257,0.43175819,0.43088725,0.40678325,0.37096647,0.31024583,0.29177425,0.25012366,0.22752289,0.18314425,0.16431289,0.14567236,0.13914142,0.11914825,0.12272005,0.13148169,0.14927807,0.15536643,0.17661584,0.17919087,0.19049177,0.17833300,0.17541259,0.15252601,0.14611567,0.11565899,0.12051551,0.09979897,0.09049899,0.08125130,0.09450485,0.08562189,0.08606673,0.10192851,0.09757886,0.13040699,0.14053853,0.14676877,0.18090349,0.19881536,0.24346501,0.26211179,0.29689633,0.31897450,0.35324551,0.36791461,0.40694299,0.41947205,0.41002108,0.40871429,0.40167416,0.34406510,0.31548079,0.30714764,0.27719985,0.24722524,0.24028945,0.23886292,0.23014277,0.23872553,0.22489367,0.21283621,0.18925708,0.17027928,0.15554063,0.13591743,0.11944661,0.09124226,0.09136451,0.09335381,0.09645031,0.08148493,0.09774855,0.07231502,0.08475123,0.10226171,0.08707298,0.09315962,0.10111505,0.11523651,0.12215137,0.13385789,0.15045598,0.16377749,0.16758115,0.19420862,0.22547450,0.22292846,0.23120365,0.26259021,0.26468980,0.28358528,0.28918634,0.28339112,0.28472053,0.25397171,0.25417560,0.22360725,0.23147430,0.19531943,0.19808742,0.17455812,0.15784144,0.15057782,0.15596676,0.15908670,0.17100217,0.16916257,0.17784451,0.20589482,0.22822240,0.25421854,0.28137657,0.30366553,0.34208933,0.37544359,0.41518161,0.46494104,0.49007603,0.51156550,0.53638950,0.54206130,0.55287593,0.57403042,0.55790695,0.53954673,0.50214566,0.44503650,0.41764690,0.37086444,0.34714777,0.30958526,0.26990781,0.26215203,0.23710533,0.21344324,0.22379415,0.20804650,0.19394834,0.20321091,0.19200746,0.19624194,0.18485699,0.18230319,0.17331920,0.16428262,0.16457524,0.15996433,0.16380882,0.18265353,0.18732587,0.21101699,0.24462729,0.27578884,0.31106417,0.36130193,0.41875325,0.44592203,0.47928462,0.53662040,0.54710706,0.57356139,0.59052494,0.61357091,0.62279502,0.60928064,0.60081206,0.60369605,0.60140416,0.56759308,0.56905079,0.58223161,0.55463115,0.53241336,0.48596221,0.45345334,0.40506143,0.34685355,0.30627781,0.25332645,0.21388089,0.18663094,0.15854486,0.14581137,0.14440483,0.14317456,0.14695169,0.13449288,0.13527519,0.13574492,0.14613920,0.13516144,0.14437707,0.15187229,0.15588374,0.16132802,0.17161357,0.17826389,0.16113780,0.17750448,0.18081980,0.16771295,0.18567761,0.19636023,0.18822680
-0.03980220,-0.03702193,-0.03029144,-0.03205109,-0.02532978,-0.02479204,-0.01668095,-0.03377898,-0.02591253,-0.03982598,-0.04212838,-0.03412627,-0.04218383,-0.03540686,-0.04337201,-0.03886928,-0.04457119,-0.03893664,-0.04287689,-0.04676953,-0.05593615,-0.04242827,-0.03123069,-0.02766278,-0.02452080,-0.01795756,-0.01400288,-0.00652631,-0.01288508,-0.01155436,0.00247833,-0.00259062,-0.01407564,-0.00739764,-0.01731564,-0.00982547,-0.00628584,0.00124134,0.02699740,0.01822878,0.03302709,0.04012673,0.04762296,0.04623577,0.03898204,0.05048172,0.02626252,0.01903564,0.00661167,-0.00135966,-0.00767035,-0.01909205,-0.01800301,-0.00212947,-0.01334326,-0.01746588,-0.01586526,-0.01363958,-0.03012690,-0.02259402,-0.02721983,-0.01590036,-0.01874557,-0.01911343,-0.01765949,-0.01517307,-0.00789198,-0.01488557,-0.00866117,-0.00321714,-0.00481259,-0.00484829,0.00691640,0.00643993,0.01990913,0.03621500,0.04861163,0.05887041,0.07092422,0.06874746,0.08160387,0.08452122,0.09647038,0.11672236,0.13637470,0.16166048,0.19143747,0.24107738,0.26769409,0.29568086,0.34089854,0.38559001,0.40339308,0.43830459,0.46660767,0.49272559,0.49746293,0.48746001,0.48927465,0.45217241,0.43474784,0.39404328,0.35646835,0.30088869,0.23816114,0.19500879,0.15214263,0.12443654,0.09804415,0.08046960,0.08690837,0.09034057,0.09064668,0.07980043,0.09404942,0.10566748,0.11438153,0.10880909,0.11214508,0.09363077,0.09168687,0.07589614,0.05948023,0.05314590,0.04792313,0.04992360,0.03885937,0.05443878,0.05066316,0.06833220,0.08747490,0.08186296,0.10314239,0.11289553,0.12072594,0.12900356,0.14834018,0.16351443,0.17319130,0.17657721,0.18493908,0.18776918,0.18254927,0.17519251,0.17579802,0.16651612,0.15793193,0.16141968,0.16216596,0.15281008,0.16475296,0.18447104,0.19787772,0.23907709,0.24181964,0.26291884,0.26600389,0.25723855,0.22220963,0.19761906,0.16761113,0.14833976,0.10530201,0.08414834,0.07857527,0.05995759,0.05869890,0.04800811,0.05160661,0.06216170,0.04877697,0.06614529,0.04786012,0.06730128,0.07259619,0.08009412,0.08010648,0.07915327,0.10624305,0.12302769,0.13480654,0.15440402,0.16585015,0.19487821,0.19985251,0.21129132,0.21872873,0.22498926,0.23859180,0.23303951,0.21643950,0.21075673,0.19753681,0.19813635,0.17289153,0.15911453,0.15935777,0.14552026,0.14765019,0.12664410,0.13869373,0.15265551,0.15237770,0.18077601,0.18728882,0.21946637,0.25044511,0.25438307,0.31280122,0.35637372,0.40704325,0.44236869,0.48783100,0.52319028,0.58453398,0.61794225,0.63805593,0.67787235,0.68128984,0.64881034,0.62996836,0.60652347,0.58372618,0.50179499,0.45665633,0.41420599,0.36852550,0.32345554,0.29753256,0.27441342,0.23589066,0.22133786,0.21622680,0.22236201,0.22188124,0.21005523,0.21929799,0.20482130,0.19596232,0.18352977,0.18029186,0.16940949,0.16232009,0.16403937,0.16851448,0.17231916,0.17612785,0.20981823,0.24672450,0.26087530,0.32328749,0.38434681,0.41413164,0.47143106,0.54714261,0.56496118,0.59135698,0.58800958,0.58606216,0.58326457,0.58022816,0.53643508,0.50991700,0.49366108,0.49148846,0.48763131,0.50706273,0.48494246,0.49643706,0.45118208,0.45010270,0.39698532,0.34162917,0.30539961,0.24205803,0.20908688,0.17352881,0.15069403,0.14165655,0.15106509,0.12922401,0.13277034,0.11854830,0.13687982,0.12871851,0.12964388,0.13216310,0.14194515,0.13578844,0.13540533,0.15786430,0.15639676,0.15229538,0.16233775,0.15729042,0.17374097,0.17903257,0.17326669,0.17822903,0.17805745,0.18097163
0.02166826,0.02895573,0.03421332,0.04213907,0.06283590,0.06798727,0.06149625,0.06725131,0.04536541,0.04823398,0.03801005,0.02007750,0.02339385,0.01546021,0.00734304,0.00737108,0.00920124,0.00048022,0.00168933,0.00339113,0.00315541,0.01382718,0.00863550,0.03617249,0.03530860,0.05337083,0.07058149,0.07986525,0.08103321,0.06687314,0.07857768,0.04710940,0.03561195,0.03544865,0.03079241,0.04478130,0.03102844,0.04047730,0.05812758,0.05538713,0.05780056,0.06018770,0.06541577,0.06248582,0.06167668,0.04369254,0.04085716,0.04086971,0.02707905,0.01928788,0.01887344,0.01558442,0.01965560,0.01195767,0.02197876,0.00735567,0.01981556,0.01008482,0.01088408,0.01657892,0.01264097,0.01765470,0.00258343,0.01991053,0.01682417,0.02041636,0.02268494,0.01729489,0.01813410,0.03199384,0.02169431,0.01545601,0.02473384,0.03670893,0.04231294,0.04455039,0.05727314,0.06849884,0.07524312,0.08367747,0.08083533,0.09985026,0.11556597,0.11860702,0.16022664,0.19117298,0.22002533,0.24503452,0.30846213,0.34897369,0.35612623,0.37599133,0.39871797,0.41042395,0.41714773,0.44354841,0.44204052,0.44075749,0.45716019,0.44111454,0.45672822,0.43808462,0.40314211,0.37341873,0.33167012,0.27864535,0.24773017,0.20095424,0.16992345,0.13983632,0.14504937,0.15334414,0.16316277,0.19182808,0.20125287,0.19586521,0.20330633,0.18166789,0.17024622,0.15687213,0.13062885,0.11259096,0.08468023,0.07861379,0.07794089,0.08629443,0.08765516,0.10877226,0.12034461,0.13934188,0.16872436,0.21067822,0.23630542,0.26031077,0.27789230,0.29648566,0.30848358,0.30171765,0.30407079,0.28301031,0.24366808,0.24975044,0.22656214,0.21444375,0.18523453,0.16053261,0.15034511,0.12052280,0.12709757,0.11326864,0.10138300,0.09595125,0.09745679,0.10713023,0.07911799,0.10149911,0.09411168,0.08046298,0.08703010,0.06547643,0.06195583,0.05739738,0.04827014,0.03743977,0.04546467,0.03039709,0.03600492,0.03640044,0.02821180,0.02640304,0.04006066,0.04068895,0.03347832,0.04270636,0.04191538,0.04673728,0.04748870,0.05429356,0.05565285,0.04810256,0.06527318,0.06462260,0.07384104,0.07866794,0.08096603,0.08374392,0.10695071,0.09454373,0.09522151,0.09232733,0.08624526,0.08609799,0.09695013,0.08913846,0.08305318,0.09886507,0.10687508,0.10973373,0.13477059,0.14376884,0.18846565,0.22014347,0.24506165,0.29177365,0.32462448,0.37730545,0.39126589,0.46096516,0.49182794,0.52843377,0.57321369,0.59361953,0.60062718,0.62516286,0.66842106,0.64043741,0.65332709,0.65460095,0.61194320,0.59338675,0.56109882,0.54007949,0.49066603,0.45493969,0.43787533,0.41051240,0.36391710,0.34032718,0.32845598,0.31785717,0.33394201,0.33897642,0.35164692,0.36054199,0.37866054,0.37969629,0.38164825,0.36152484,0.33247133,0.30503062,0.29122328,0.25189484,0.21651598,0.20102849,0.19001767,0.19196885,0.19898292,0.21905560,0.22969001,0.27700775,0.30161534,0.35160681,0.37296480,0.42563115,0.42856689,0.47181796,0.49770262,0.48801372,0.50569297,0.47115622,0.48035158,0.45251016,0.38880356,0.37262501,0.32995606,0.28411794,0.26745853,0.25203873,0.21943157,0.21282463,0.16976912,0.17647639,0.14906136,0.13100788,0.10435773,0.09514618,0.07965852,0.07613630,0.07724642,0.06341722,0.04936794,0.06821070,0.06909292,0.06199714,0.06954918,0.06314806,0.07042392,0.06662818,0.07083844,0.07069356,0.06957197,0.07686338,0.07935967,0.07274463,0.08203198,0.07506447,0.07457772,0.07503255,0.08502208,0.07616882,0.07943190
0.02071359,0.01653829,0.01848185,0.01166628,0.01817493,0.01858040,0.02465817,0.00492339,0.01289017,0.01540895,0.01121921,0.00855807,0.00471699,0.00319074,-0.00642657,0.01014532,0.00366074,0.00773245,0.00450308,0.00327532,0.01148547,0.01976538,0.00563897,0.01698952,0.01978391,0.02149705,0.03190986,0.02853712,0.03161011,0.03044940,0.02587476,0.02053654,0.02787638,0.02624917,0.02258100,0.01162086,0.02716638,0.02308126,0.02995396,0.03543190,0.03463449,0.04658479,0.02704497,0.03727750,0.04349675,0.03716677,0.04549558,0.03171111,0.02982444,0.03406488,0.02175880,0.03170942,0.01277541,0.02574103,0.03836370,0.03481119,0.02577758,0.02370264,0.03475744,0.03168676,0.02485309,0.03096243,0.02725352,0.03468994,0.03161038,0.03501227,0.02198220,0.03534961,0.03586789,0.03206549,0.03989806,0.03975377,0.04646007,0.04097175,0.04875046,0.06114604,0.06649864,0.08468550,0.08872285,0.08824313,0.11425304,0.13282786,0.15646969,0.19130059,0.23463280,0.27248647,0.33096792,0.37644992,0.42038587,0.48407176,0.50552237,0.55107235,0.56520959,0.58288499,0.57896173,0.61761520,0.57810043,0.56529522,0.52097178,0.47608786,0.45550459,0.39051593,0.34521502,0.28798182,0.25633665,0.19284296,0.15948792,0.14649614,0.14029885,0.12932665,0.13070874,0.14021197,0.16349083,0.18397242,0.19931601,0.18421964,0.19711931,0.17577084,0.17321427,0.15540969,0.14207284,0.12126472,0.11034851,0.09861748,0.08661760,0.07866385,0.07977479,0.06988684,0.08302854,0.08352125,0.08626029,0.10573900,0.11328359,0.11889282,0.12566807,0.12742858,0.12660448,0.13707067,0.13214208,0.13101315,0.12584760,0.13123843,0.11685311,0.13197390,0.12210317,0.12209294,0.11591980,0.12549982,0.12540800,0.15284608,0.15797945,0.19549318,0.21460512,0.24090664,0.27008673,0.28349028,0.28616531,0.26136797,0.24083658,0.21625681,0.18611038,0.16662535,0.13590168,0.10465944,0.11130438,0.09794847,0.08847751,0.08819427,0.09500039,0.08506464,0.09398759,0.09384186,0.09517396,0.10640070,0.12489163,0.11639317,0.13501233,0.14472778,0.15284606,0.18213673,0.20602752,0.21432104,0.25034394,0.27131295,0.29479942,0.31351441,0.30905881,0.32910303,0.31962652,0.33106596,0.31269405,0.29544012,0.28118631,0.26002192,0.24155001,0.22506218,0.21641533,0.19323222,0.18449247,0.17217246,0.16651232,0.15975024,0.18247391,0.18585257,0.20584227,0.24004306,0.26315539,0.29584867,0.31494664,0.37510367,0.41899728,0.47162312,0.51872684,0.58807484,0.63892073,0.67305252,0.70782919,0.72518200,0.73785227,0.75648773,0.74165707,0.68633446,0.63226176,0.58141912,0.52611911,0.46803146,0.41605085,0.36849688,0.32948134,0.29543390,0.27099156,0.22672474,0.23288738,0.23087868,0.21954605,0.21485290,0.19838508,0.19385620,0.18954762,0.18372149,0.18904217,0.17952232,0.17939160,0.17404443,0.19395461,0.21522919,0.23427604,0.27046442,0.31275470,0.36209479,0.39829626,0.47364267,0.52150128,0.55556067,0.58472099,0.61096673,0.61040913,0.59226305,0.58290294,0.53920064,0.51489767,0.49091169,0.45870884,0.43200596,0.44154065,0.45135148,0.43564309,0.44664052,0.41854223,0.42326320,0.38832932,0.35782487,0.30537483,0.27016445,0.23027577,0.21030715,0.18255055,0.17096307,0.16649400,0.15645034,0.15744883,0.16672204,0.16293940,0.16791429,0.14514436,0.19194641,0.17781717,0.17044003,0.18942253,0.18440443,0.19724397,0.20946675,0.21382397,0.20710069,0.21990805,0.21264814,0.21429280,0.23160850,0.21215278,0.22340647,0.22115645
0.03268884,0.02839364,0.04847798,0.04688443,0.04944455,0.06094087,0.04768104,0.06296371,0.04888043,0.04679391,0.03248676,0.01406933,0.00539362,0.00161609,-0.00109384,0.00004785,-0.00311261,-0.00942438,-0.00745719,-0.01169788,-0.00539048,0.00688726,0.00789887,0.00780593,0.02921331,0.04079630,0.06737598,0.06881585,0.06660547,0.06599609,0.04912144,0.03335645,0.02781510,0.01438703,0.00922597,-0.00609008,0.00593537,0.00281164,0.00569705,0.02013203,0.01099886,0.01923562,0.01326526,0.00409144,0.00951015,0.01455248,0.00409771,0.00515749,-0.00439976,0.00370681,-0.00061640,-0.00427277,-0.00635669,-0.00666360,-0.00640621,-0.01949880,-0.00605093,-0.00475843,-0.01424759,-0.00381588,-0.00343154,-0.00525273,0.00136231,-0.00866558,-0.00851236,-0.00790704,-0.00441319,-0.00263709,0.00785449,0.00193976,0.00220508,0.00465268,-0.01005211,-0.00238838,0.01342277,0.01979649,0.01527548,0.02117847,0.03111890,0.04442277,0.04447199,0.07598465,0.08023756,0.10006764,0.11247108,0.14556371,0.17506957,0.20583415,0.20629676,0.23096209,0.24643950,0.25301806,0.25329400,0.26932499,0.29040439,0.30238965,0.30578182,0.33615705,0.36416580,0.36898263,0.39038501,0.41698493,0.37956503,0.36506850,0.30905055,0.26113214,0.20483425,0.14836590,0.12664236,0.08847568,0.05297322,0.04351862,0.03337841,0.03106627,0.02105868,0.03269612,0.02406067,0.02525388,0.02480907,0.03570155,0.02013117,0.01694203,0.01959836,0.03019286,0.03395964,0.03854897,0.04009306,0.06390818,0.09541634,0.11528323,0.14077573,0.17172363,0.19683645,0.20555008,0.24039936,0.25893809,0.26636773,0.25113601,0.24597905,0.23541371,0.21203998,0.18578460,0.16143710,0.13301654,0.10269303,0.08816673,0.07984137,0.05864246,0.04944251,0.04980525,0.05031993,0.04171718,0.06208561,0.05704551,0.06839076,0.05479025,0.06510488,0.05823726,0.04800114,0.04399602,0.02763718,0.03419640,0.02075650,0.01255028,0.01353048,0.02461577,0.00388832,0.00595972,0.01961929,0.01736596,0.02322290,0.00351272,0.02542204,0.02711377,0.03459695,0.03937738,0.05365887,0.06731736,0.09458880,0.09711970,0.12058761,0.14238599,0.17850792,0.19255060,0.21601757,0.23800196,0.24792162,0.24583305,0.25794061,0.27861103,0.24091107,0.22361338,0.21198935,0.19419273,0.17983928,0.16251707,0.14771530,0.14454732,0.15203896,0.15270762,0.17927745,0.18139763,0.21388850,0.24460346,0.26710189,0.32401335,0.34271744,0.37576109,0.41053095,0.41285274,0.43480712,0.43844471,0.43278272,0.43129897,0.40674196,0.39268613,0.37506598,0.32761358,0.30684185,0.26737040,0.24177126,0.21247823,0.17869481,0.15977543,0.15851809,0.13864627,0.14437755,0.14737682,0.15708952,0.17272608,0.21594318,0.23613377,0.26474510,0.28751714,0.30314700,0.34373035,0.33278674,0.30102153,0.29689132,0.27682270,0.23805751,0.19128335,0.17364084,0.13431646,0.11193777,0.08440298,0.08113610,0.07389525,0.07401036,0.08700123,0.09179429,0.10311199,0.13226196,0.16236523,0.19465342,0.21126067,0.24022860,0.27822749,0.29173328,0.29997388,0.29554030,0.26504819,0.25450539,0.23511689,0.22717433,0.17673324,0.16631119,0.15881210,0.14327731,0.10929926,0.10113031,0.09460111,0.07308787,0.06392836,0.04663502,0.04090959,0.02160836,0.03541293,0.02873333,0.03049178,0.02705052,0.02975790,0.03349445,0.03942106,0.04122672,0.04152656,0.03781636,0.03504930,0.04074221,0.03874544,0.06245969,0.06708023,0.06268818,0.06732772,0.07753034,0.07658861,0.08330715,0.09015939,0.07970828,0.08101421,0.08324271
-0.01064469,-0.01182974,-0.01281659,-0.01250245,0.00135984,-0.00878700,-0.00244080,-0.00751196,-0.00536787,-0.00823322,-0.00077756,-0.00579411,-0.01073192,-0.01041255,-0.01359099,-0.01132964,-0.01260037,-0.01838358,-0.00299821,-0.01066867,-0.01335560,-0.00094629,-0.00781058,0.00329809,0.00943984,0.00002942,0.01123875,0.00866065,0.01204310,0.00973615,0.00655649,0.01730171,0.02004913,0.03409124,0.04363548,0.06277428,0.08533166,0.11278085,0.15115954,0.19066784,0.21054850,0.23111250,0.21809655,0.24075783,0.21609777,0.17670853,0.14242394,0.12082600,0.09805475,0.06176732,0.04511016,0.02954804,0.01964188,0.01751097,0.02038974,0.00795756,0.00799865,0.00836476,0.01200743,0.01223023,0.01368678,0.00696714,0.00434366,0.01592290,0.01136267,0.00879972,0.01387037,0.01890996,0.01376782,0.01759318,0.02483184,0.02895344,0.05078503,0.06253912,0.09971126,0.14354375,0.16771368,0.18776993,0.21022683,0.20698086,0.18618969,0.16720746,0.15811027,0.12986033,0.13091645,0.15067484,0.16572379,0.17433401,0.21960731,0.23475447,0.27501473,0.29088947,0.32820090,0.34388697,0.36178785,0.37781757,0.37368209,0.36675613,0.37353635,0.33903687,0.33917476,0.30560949,0.26135093,0.22863966,0.19520359,0.15635916,0.12406596,0.11006695,0.08782887,0.09440884,0.08934682,0.08609334,0.08404959,0.09458249,0.11610960,0.11446683,0.11664586,0.10766201,0.10337843,0.09764395,0.08528913,0.07621622,0.06400795,0.06329013,0.05462202,0.05640488,0.06260111,0.05723430,0.06208353,0.06890244,0.07779311,0.09057014,0.10863879,0.12954199,0.14612885,0.16253217,0.21395807,0.22813755,0.29299993,0.31919942,0.35141354,0.37644946,0.40376812,0.42241491,0.41077068,0.40520992,0.39146335,0.36031523,0.34002909,0.30898058,0.26564776,0.26325466,0.25421821,0.25320643,0.24634079,0.24498755,0.23260476,0.22206445,0.19491886,0.17564748,0.15221202,0.12790727,0.09166568,0.08428796,0.06805713,0.07007383,0.05043928,0.06017666,0.05125317,0.06413377,0.07149868,0.06387514,0.05794916,0.06408656,0.07658547,0.07039512,0.07353570,0.08532015,0.08610806,0.10161742,0.10945458,0.10067635,0.11245584,0.13542823,0.13046705,0.13432849,0.14546718,0.15382840,0.15213541,0.15845271,0.14246712,0.14380528,0.13519342,0.13215514,0.12107998,0.12301607,0.10665860,0.10904945,0.10643379,0.10742537,0.12760609,0.11374747,0.13478365,0.13805114,0.14480911,0.17660973,0.19246214,0.20498908,0.23733704,0.27121450,0.31177414,0.34790095,0.37279516,0.40274065,0.44959201,0.48672973,0.52279527,0.52517628,0.52748199,0.52115759,0.49481795,0.47116295,0.45936368,0.40277182,0.36090938,0.33586446,0.29170218,0.25275048,0.22238041,0.19925956,0.18556627,0.17187053,0.17101550,0.15726655,0.16974599,0.17198601,0.15892799,0.15865438,0.14819177,0.13135209,0.14142165,0.13562605,0.12485741,0.13747735,0.13709408,0.14636649,0.17849170,0.18462202,0.21036681,0.24317717,0.29373235,0.32985774,0.37635703,0.42446706,0.44241588,0.51064911,0.54990414,0.58192829,0.61476664,0.63004534,0.63354270,0.62608445,0.63872673,0.61484518,0.63929660,0.63087403,0.62355200,0.61812106,0.57672897,0.57194959,0.51630795,0.48342981,0.42547105,0.36185157,0.30534140,0.23591207,0.21316927,0.16086710,0.15452321,0.13450279,0.11147313,0.11154200,0.12164193,0.10496145,0.12617481,0.12549066,0.10892768,0.11645061,0.11433658,0.12726003,0.11782830,0.12457865,0.12520745,0.12654260,0.13473169,0.13010813,0.12993473,0.12493177,0.13045648,0.14068376,0.13671919
0.05730471,0.04984473,0.05856329,0.06645577,0.06851068,0.07545523,0.06731835,0.05861791,0.05020175,0.04953653,0.05702997,0.04499066,0.02097661,0.02631645,0.02422054,0.02450056,0.02553242,0.02161733,0.01797004,0.02643449,0.02810104,0.02650155,0.03913580,0.04257149,0.06173703,0.07763590,0.08012487,0.08619958,0.08319878,0.07768481,0.07978243,0.06908689,0.05770901,0.06740186,0.06313867,0.07806693,0.08467172,0.10487904,0.11658818,0.13899159,0.13987559,0.15293892,0.15420056,0.15920628,0.14182438,0.12062425,0.11157158,0.09227372,0.06566471,0.06473048,0.05481530,0.04218186,0.03510106,0.04553893,0.04756794,0.05117091,0.04088356,0.04462512,0.04534055,0.04199029,0.04659385,0.05234530,0.04692068,0.03431905,0.05237830,0.06121324,0.05501350,0.04904464,0.04528616,0.05144942,0.05283464,0.07106486,0.08292032,0.10031080,0.11412389,0.13889757,0.14759943,0.17015366,0.18099414,0.20043746,0.20504543,0.18813342,0.21065385,0.23817666,0.26650765,0.30555789,0.33382910,0.38646111,0.41250998,0.41060877,0.44890982,0.44008437,0.43901170,0.44017452,0.41263932,0.40396736,0.40273163,0.40190954,0.41151349,0.41988816,0.41151606,0.39965177,0.37614009,0.34600029,0.28869621,0.23921898,0.22094593,0.18609136,0.16344706,0.12643057,0.14081051,0.11890948,0.12264327,0.11667993,0.12294387,0.11338910,0.11419794,0.11831877,0.11096149,0.11389808,0.09936758,0.10535812,0.10604959,0.10965637,0.11021872,0.11307828,0.12650493,0.14031647,0.15192453,0.17584215,0.20581025,0.23291894,0.24610191,0.28782893,0.31631452,0.31666552,0.32879209,0.35580341,0.35316672,0.38341476,0.37200112,0.35843432,0.35681344,0.35697990,0.32897310,0.30737657,0.28575574,0.26448262,0.24179875,0.22354492,0.21582808,0.19229001,0.19598328,0.16079866,0.16588594,0.15804448,0.16197483,0.15970201,0.12635953,0.12292001,0.11968316,0.12514680,0.11394631,0.11008289,0.10674643,0.10581432,0.10937975,0.10464699,0.11639898,0.11075068,0.14096531,0.11958968,0.14008578,0.13635498,0.15085815,0.17137317,0.18886522,0.21429155,0.24165467,0.28458680,0.30055577,0.33936550,0.34885902,0.38020762,0.42541918,0.46576449,0.45641240,0.47289849,0.47046573,0.43701549,0.44649522,0.41577283,0.39382690,0.35328222,0.33298330,0.31828927,0.29532986,0.26136430,0.26651556,0.26182932,0.28320444,0.28819981,0.30442555,0.34059242,0.35878930,0.40383346,0.40924284,0.44120277,0.46888615,0.47870617,0.49072600,0.49537051,0.48337897,0.49705482,0.47187527,0.47717899,0.43602327,0.42822502,0.40179008,0.37826872,0.36948290,0.34584351,0.31253117,0.31291767,0.28209724,0.27943257,0.27037745,0.29131036,0.27848191,0.30336845,0.31679784,0.33540129,0.36395435,0.37890727,0.39928577,0.38619842,0.39613627,0.37987542,0.35663404,0.33439138,0.29763270,0.28182911,0.25452619,0.24396353,0.22993920,0.22754643,0.21729794,0.23183663,0.22537986,0.24373957,0.26793130,0.28958661,0.31781807,0.36981679,0.39346756,0.43980661,0.46189396,0.49073282,0.52775741,0.51591960,0.54368819,0.52500314,0.51324895,0.49629582,0.48038747,0.46655196,0.44212903,0.42757742,0.38904814,0.38575216,0.35730901,0.32991697,0.29911015,0.29292889,0.24503814,0.23960985,0.20822458,0.21138429,0.20722000,0.21542719,0.20153226,0.20767307,0.20014042,0.21395837,0.20956777,0.22426649,0.24554766,0.24888992,0.24653829,0.24270447,0.26149546,0.27319844,0.25529463,0.27133945,0.28712655,0.30294699,0.28912275,0.29241006,0.29677752,0.27350768,0.29663043
0.04040793,0.05662382,0.05943324,0.05389466,0.05068723,0.06783778,0.05998711,0.05900293,0.06077025,0.05546321,0.05751760,0.04791058,0.05514973,0.04796466,0.03351616,0.03835925,0.02950117,0.03747882,0.03006715,0.03662708,0.03842895,0.03736740,0.03725332,0.03816031,0.05001606,0.05517535,0.06618754,0.07594712,0.08027099,0.07303805,0.07691205,0.05948537,0.06638772,0.05908839,0.07153011,0.06625263,0.08174500,0.09564487,0.11337462,0.13010795,0.14909776,0.16433150,0.15492818,0.15905059,0.15668151,0.14807818,0.11366325,0.10999582,0.08328605,0.07845163,0.06745023,0.05105289,0.05306437,0.04165214,0.04176676,0.04419547,0.04337959,0.04330444,0.02985566,0.04052492,0.04591205,0.02979792,0.04185251,0.04216409,0.02885255,0.05146916,0.04058725,0.04840908,0.04177003,0.04321100,0.05249511,0.05901608,0.06696069,0.06829133,0.08539299,0.11221711,0.13510858,0.12800826,0.15248885,0.14762779,0.14153802,0.13157728,0.12936790,0.12538101,0.12840392,0.14669726,0.16047028,0.19118957,0.22272424,0.24850722,0.29974495,0.34363787,0.36215609,0.40279136,0.43506193,0.48351059,0.50135994,0.53667573,0.52570185,0.52184042,0.51505517,0.46555293,0.43952268,0.39063193,0.33584049,0.28050922,0.24118147,0.18264068,0.16657987,0.14285515,0.13567979,0.13164275,0.13734194,0.15128389,0.15975987,0.16622709,0.16620817,0.15509803,0.15607204,0.14005256,0.12943801,0.11912242,0.09854821,0.09196972,0.09203955,0.07522353,0.09364192,0.09530615,0.10127707,0.10390578,0.11102606,0.12982615,0.14191857,0.16199633,0.19112274,0.20059451,0.22036997,0.24218433,0.24856201,0.27544863,0.27134593,0.28511927,0.29107494,0.28856567,0.29268681,0.26141185,0.27070844,0.24835364,0.22595910,0.22012229,0.22901174,0.21878189,0.23939066,0.25807574,0.27528580,0.28947516,0.27783089,0.26761424,0.25826982,0.22286058,0.18640666,0.14950232,0.13262512,0.11352461,0.09110710,0.07992460,0.06466318,0.05982047,0.07241613,0.06477918,0.06481451,0.05973158,0.05379548,0.05876428,0.05656790,0.06376818,0.07056679,0.06358912,0.05804227,0.05790703,0.06932094,0.07338572,0.06497577,0.07157823,0.07329147,0.06893650,0.08830461,0.07518702,0.07817397,0.07424941,0.07195952,0.08219254,0.07961313,0.08262166,0.08833840,0.07338372,0.08452765,0.08291310,0.10307842,0.10977020,0.12478206,0.13269871,0.16600164,0.17346566,0.20841665,0.24641658,0.27526882,0.31498329,0.33955109,0.39624728,0.44392315,0.50418257,0.52490195,0.60117868,0.61630216,0.66587873,0.68570398,0.71231396,0.69425495,0.71568213,0.69974262,0.67253254,0.62431655,0.58397763,0.50947511,0.45821906,0.39755069,0.36947963,0.32724616,0.28966252,0.26556203,0.24580570,0.25964837,0.25440729,0.22760164,0.23807273,0.24104174,0.24355915,0.22762900,0.20925383,0.19621675,0.17991457,0.16969352,0.16513117,0.15705864,0.16238379,0.17587935,0.19731372,0.22780930,0.25286933,0.31277264,0.36612837,0.40633570,0.49337396,0.53993094,0.57505850,0.64418136,0.63910910,0.64824231,0.65433340,0.64427970,0.60281551,0.60752030,0.58341981,0.57481169,0.56557807,0.53818545,0.55894699,0.52513482,0.50717320,0.46295183,0.41997722,0.38154565,0.31029834,0.25951785,0.21749152,0.18212838,0.13686713,0.12682532,0.10284508,0.09267231,0.08684614,0.09518806,0.09233939,0.08487480,0.08123697,0.08614210,0.07218616,0.07958440,0.08970878,0.09312346,0.07583130,0.08847937,0.07461417,0.08367253,0.08362165,0.07617472,0.07574966,0.08078144,0.08613488,0.07850585
0.01937449,0.02619443,0.02426788,0.02065896,0.03358608,0.02976669,0.01986175,0.04122395,0.02667069,0.01963338,0.01692907,0.01662874,0.00737739,0.01271153,0.01094715,0.00900334,0.00966425,0.00726407,0.00097808,0.01216095,0.00198434,0.00472912,0.00690031,0.01290914,0.02598590,0.02500432,0.02802506,0.03134808,0.03474356,0.04158750,0.04234384,0.03028752,0.03077648,0.02903265,0.04296974,0.05238596,0.07901676,0.09265341,0.11324770,0.14540958,0.16314136,0.17762690,0.18896013,0.19005441,0.16978206,0.17072113,0.12715453,0.11026220,0.08446176,0.05448765,0.03440885,0.02939490,0.03140545,0.01400009,0.01535650,0.01492624,0.00934508,0.00155901,0.00399310,0.00565345,0.01167795,0.01505611,0.01473179,-0.00146786,0.00849588,0.01110797,0.00543328,0.00877472,0.00926892,0.01444693,0.01030884,0.02327465,0.03129676,0.04751611,0.06242657,0.09245293,0.12305691,0.15243796,0.16234266,0.15738163,0.14357622,0.12248156,0.10926242,0.08119684,0.07358982,0.08103404,0.07712145,0.09361785,0.10968845,0.13724941,0.17861056,0.19528002,0.24302560,0.29075348,0.34226312,0.37291764,0.42468906,0.44538876,0.46545802,0.46634189,0.46382964,0.45170928,0.40889447,0.34525615,0.28544171,0.24539615,0.18206582,0.14610362,0.11189782,0.09521580,0.06491443,0.05519082,0.05289255,0.04076402,0.05644553,0.04288704,0.04428294,0.04431807,0.03993550,0.03737819,0.04009663,0.03319252,0.02249988,0.02340103,0.02976340,0.03483028,0.03934069,0.04708709,0.05796163,0.06083575,0.07709530,0.08222349,0.11387167,0.12841284,0.15098872,0.17849936,0.18840655,0.23118759,0.24079755,0.27957967,0.29632247,0.33434249,0.33072305,0.34025462,0.33827805,0.32910036,0.31507083,0.30825708,0.25693859,0.24852508,0.24130505,0.24611256,0.24619819,0.26930894,0.29404844,0.29671410,0.29666405,0.28350863,0.25151481,0.22732131,0.17886079,0.15165086,0.10182619,0.08873037,0.06135812,0.04138547,0.04350830,0.03866513,0.02455529,0.02868751,0.02117115,0.02055686,0.02400579,0.03071945,0.03090642,0.03255269,0.02300658,0.03435805,0.03652116,0.03958301,0.04512280,0.04022173,0.05387528,0.06205679,0.06034962,0.05790353,0.06512204,0.06821934,0.06466798,0.06293601,0.07014599,0.07437733,0.06008328,0.06901128,0.05702672,0.07272897,0.06786065,0.06433471,0.06769340,0.06788030,0.08526667,0.09981425,0.10286859,0.12922358,0.15614675,0.18062271,0.21237700,0.23873977,0.27697245,0.31801733,0.35459051,0.39326064,0.44748157,0.48249262,0.51445760,0.54077722,0.56430993,0.59283311,0.56637520,0.57290225,0.55055967,0.49056468,0.45772679,0.41134773,0.36999815,0.32332880,0.28287319,0.25080830,0.21538390,0.19631058,0.16742372,0.17804193,0.18211265,0.17415426,0.17359173,0.17201704,0.17371593,0.16793457,0.17451748,0.14669260,0.13738644,0.13889742,0.10610195,0.11374572,0.09574639,0.10911455,0.10275334,0.12697541,0.12820869,0.17443385,0.21874843,0.25859392,0.31385317,0.36573963,0.44883814,0.47984813,0.52888496,0.59506953,0.62541326,0.64146629,0.63135087,0.62019886,0.63297083,0.61467286,0.62499619,0.61853108,0.62075954,0.62549650,0.61570941,0.59658813,0.53235390,0.48785240,0.43608789,0.34600932,0.28414994,0.21006287,0.16835413,0.10843723,0.09696880,0.06918784,0.05497143,0.05071595,0.04362598,0.04591062,0.04318257,0.03916723,0.04854996,0.04919584,0.04633113,0.05081750,0.04707374,0.04205040,0.04755796,0.04643941,0.05285825,0.05322108,0.05265499,0.05534138,0.04741426,0.05247118,0.05310744
0.03785468,0.02094253,0.01656810,0.01996608,0.02058982,-0.00089789,0.00752119,0.00885597,0.02249772,0.00979955,-0.00673607,0.00380177,-0.00352148,-0.00321884,-0.00549139,-0.00292994,0.00286878,-0.00329837,-0.00398740,0.00156050,-0.00328272,-0.00875573,-0.00632446,0.00996062,0.00751300,0.00586452,0.01037265,0.01954765,0.01068896,0.00906666,0.01580109,0.01896159,0.01684653,0.01913597,0.02765342,0.03686155,0.06446215,0.09119571,0.09702967,0.14094708,0.15466968,0.16072421,0.16584987,0.17473110,0.14387425,0.14427765,0.11197973,0.09271089,0.08658662,0.06068151,0.03837458,0.02427828,0.02543365,0.01656208,0.00370600,0.01554729,0.00550756,0.01350869,0.00464106,0.00779137,0.01666860,0.00027115,0.00342352,0.02554681,0.00501944,0.01229979,0.01051759,0.01427959,0.01339918,0.01445238,0.02222940,0.03386890,0.03764414,0.05105167,0.07252294,0.10291990,0.13279212,0.15799852,0.17462225,0.19135608,0.18486443,0.19241102,0.21183966,0.21802572,0.25320728,0.28926749,0.33364495,0.39832492,0.42404562,0.46796492,0.49845211,0.47515333,0.47053070,0.45794468,0.42089001,0.40308550,0.34690437,0.30294172,0.26167929,0.23038427,0.19331238,0.17502154,0.15723117,0.12935258,0.10912199,0.09151287,0.07537765,0.07715279,0.06261560,0.05693536,0.05923843,0.06440807,0.07681602,0.08577950,0.08513853,0.09237559,0.08989087,0.09207448,0.08511914,0.07961517,0.06830443,0.05837610,0.05318588,0.05009053,0.05165430,0.05430846,0.03759236,0.03870708,0.04502815,0.05279958,0.05111803,0.06740429,0.08649256,0.08875226,0.10403398,0.12864222,0.15103759,0.18253779,0.18304425,0.21608818,0.24770938,0.27636639,0.28227418,0.30316542,0.31692168,0.31085495,0.28144024,0.26407817,0.23413398,0.21512341,0.18003614,0.16567353,0.13171959,0.11800759,0.10397698,0.09326304,0.08287873,0.05702004,0.06068419,0.05546535,0.05584818,0.04994531,0.05312816,0.05122222,0.04891014,0.04226832,0.04531761,0.03638634,0.04534026,0.05353565,0.05378135,0.05655743,0.06708282,0.07195220,0.08467624,0.08861535,0.11593530,0.13670093,0.15410555,0.20646786,0.23120040,0.28130392,0.31504291,0.36790661,0.38777915,0.43628584,0.45922701,0.49851846,0.48756304,0.48454802,0.47398391,0.45873466,0.42369291,0.39378210,0.35796928,0.31129866,0.26187493,0.23883124,0.18986207,0.18249038,0.15980649,0.14465633,0.12870161,0.13081314,0.12612813,0.12877711,0.14292672,0.12897330,0.15401836,0.17213312,0.17908904,0.19651673,0.19600569,0.20814142,0.22628948,0.23759349,0.23827303,0.25665432,0.24736576,0.25659256,0.23756274,0.23714831,0.23823254,0.20141345,0.19577110,0.18749128,0.17032073,0.15407255,0.14586088,0.13972113,0.13608396,0.13540059,0.11961927,0.13063452,0.12784642,0.12716675,0.13073264,0.11739919,0.12758173,0.11769979,0.10541636,0.10767114,0.10982676,0.09205925,0.10634974,0.10012607,0.10991863,0.10497941,0.12876129,0.14404477,0.15317384,0.17730230,0.18496240,0.21195096,0.22107419,0.26004606,0.28004387,0.31141946,0.32921217,0.35217765,0.36259586,0.35956560,0.38492617,0.38607472,0.36982700,0.36459723,0.35754491,0.35000291,0.35881139,0.32980399,0.31110912,0.29027756,0.26752105,0.24490138,0.21204621,0.17712501,0.15046260,0.12927570,0.12997417,0.12469579,0.10796821,0.11310965,0.11240995,0.11286943,0.11650683,0.12218360,0.14137854,0.14649422,0.14665273,0.16030199,0.18234966,0.17316664,0.18843526,0.19271749,0.20654429,0.21840594,0.21647352,0.20402229,0.21864011,0.22454606,0.21309839
0.04911423,0.05435324,0.06448658,0.06877441,0.07349737,0.08220192,0.08135342,0.07811800,0.06761290,0.06592526,0.05534163,0.04014360,0.04138842,0.02663994,0.02323912,0.02084701,0.02212470,0.01076669,0.01598766,0.00985638,0.02068960,0.02374989,0.02485453,0.03700733,0.04669867,0.04464324,0.08273042,0.08019897,0.07693104,0.09433761,0.08369279,0.06138776,0.05182650,0.04718637,0.03909210,0.04340091,0.05748885,0.06706334,0.08235722,0.09081906,0.11819904,0.11838738,0.13301856,0.11771041,0.10594058,0.09766825,0.08896641,0.06906699,0.04103969,0.03170631,0.02240325,0.02348944,0.00781676,0.01153677,0.00469598,0.00241171,0.01057417,0.00630837,0.00231275,0.00574758,0.00603173,0.01522343,-0.00776288,0.00527484,0.00598035,0.00064754,0.00012054,-0.00247638,0.00305024,0.00266154,0.01446430,0.01903089,0.01933049,0.03015916,0.04780318,0.05897224,0.08746164,0.09701062,0.10458873,0.10973974,0.10536184,0.11200799,0.12046790,0.10937175,0.13174699,0.15322406,0.19056148,0.20123986,0.23082130,0.26349904,0.29496602,0.30886417,0.32756365,0.35885866,0.35052911,0.38185646,0.39392012,0.41363859,0.42695398,0.44817768,0.43353418,0.43740318,0.41822721,0.37506238,0.32605192,0.26985218,0.22129088,0.18059134,0.13841592,0.09657624,0.07096973,0.08442366,0.07871042,0.06968109,0.08286717,0.08038326,0.09696915,0.09487748,0.07749529,0.07050877,0.05543888,0.04581464,0.04094731,0.02376313,0.01318342,0.02461575,0.04073181,0.06018470,0.06584707,0.09434165,0.12470810,0.13942233,0.17396916,0.22147366,0.23766903,0.26657881,0.27528754,0.29112015,0.29067373,0.30347902,0.29112818,0.29590863,0.28032423,0.25042864,0.24521498,0.21619129,0.21262898,0.16497041,0.14123542,0.12196838,0.10694266,0.10715480,0.09573769,0.09530051,0.09386940,0.09769090,0.09445696,0.08795969,0.06800802,0.05300902,0.03962755,0.02762340,0.01083034,-0.00991739,-0.00045410,-0.01586704,-0.01807996,-0.02240179,-0.01810987,-0.01226125,-0.02021672,-0.01267055,-0.00972981,-0.01023770,-0.01227113,-0.00855092,0.00373255,0.00234088,0.01551529,0.02963936,0.03628261,0.05278827,0.07681280,0.08740297,0.10037961,0.10368326,0.10969324,0.11224425,0.12106614,0.11488940,0.11197123,0.11665863,0.10669755,0.09029608,0.09279074,0.07659588,0.07005279,0.07307377,0.07822730,0.09049421,0.10778449,0.12333870,0.14697084,0.19600630,0.22566651,0.27846275,0.30295829,0.35796410,0.37938982,0.41608186,0.44816521,0.46544602,0.48645131,0.51235851,0.50602980,0.50113385,0.50893354,0.48000340,0.46411582,0.44976675,0.40658082,0.37658835,0.34127209,0.29637379,0.27269281,0.25657477,0.21862885,0.19980647,0.18209748,0.17316098,0.20414911,0.22689028,0.23792571,0.25265053,0.27180845,0.27392261,0.27953036,0.26514104,0.26032030,0.23005037,0.21731460,0.16523387,0.12464287,0.10121230,0.08213481,0.07124728,0.07440437,0.07591702,0.09104661,0.11321603,0.14644033,0.17423487,0.21568206,0.25229856,0.29164032,0.33380828,0.38071369,0.41360833,0.44042985,0.43752383,0.44140104,0.44859805,0.40208833,0.39580081,0.36269472,0.32479213,0.30400049,0.29430584,0.26029750,0.22932567,0.21672661,0.18019312,0.13721937,0.09935199,0.06459745,0.03267916,0.01283538,-0.00029002,-0.01547141,-0.03053010,-0.03804290,-0.03926138,-0.02869211,-0.03230794,-0.02861065,-0.03691827,-0.02082558,-0.03070667,-0.02451261,-0.02624840,-0.02134393,-0.03131132,-0.01820615,-0.01708127,-0.00630616,-0.00835182,-0.00650426,-0.00474280,-0.00846910,-0.01484198,-0.00756372
0.03555990,0.03912343,0.04632628,0.03837214,0.04541258,0.06546441,0.06272041,0.04796032,0.05026013,0.05255399,0.04041884,0.03659419,0.02591333,0.01822511,0.02294818,0.01489138,0.01059214,0.01306641,0.01422318,0.01066030,0.02107771,0.02596442,0.01518800,0.02759238,0.02932070,0.05168714,0.05337958,0.05842175,0.05615682,0.06195572,0.06202105,0.05549572,0.04910881,0.05124473,0.05159627,0.06479959,0.10839470,0.12257780,0.16057551,0.17772388,0.21178438,0.21845212,0.24441767,0.23075320,0.20626879,0.18883401,0.15560153,0.11948519,0.10018206,0.07148928,0.03965776,0.02447147,0.02948353,0.01962368,0.01780833,0.01225118,0.01031937,-0.00163998,0.01060495,0.01101960,0.00891399,0.01171330,0.00771967,0.01167346,0.00112449,0.00801303,0.00296867,0.00976515,-0.00178704,0.00631495,0.00606724,0.01503788,0.03627181,0.06383160,0.08020417,0.13111964,0.14163536,0.17614851,0.18381218,0.17614661,0.15670435,0.13827704,0.12699076,0.09221672,0.08818255,0.07727647,0.09298802,0.10429342,0.11401612,0.11584359,0.16231045,0.16277589,0.17757206,0.19254471,0.21981849,0.24357783,0.25260106,0.27880192,0.28941101,0.31112255,0.32898100,0.33677341,0.31417897,0.29116342,0.24218317,0.21731110,0.16554310,0.12078213,0.09984194,0.08530573,0.05682958,0.04465312,0.05710496,0.04282033,0.04400103,0.05213241,0.05361649,0.05425885,0.04043401,0.03205045,0.02837188,0.03003115,0.03211069,0.02459670,0.02385498,0.04188074,0.03222494,0.05591519,0.06650961,0.08075648,0.10778856,0.12214603,0.14773724,0.19268589,0.20728640,0.23466046,0.26561276,0.29150398,0.33818550,0.37082715,0.37928442,0.42047345,0.42358928,0.42559800,0.42384258,0.39020472,0.35149079,0.34115196,0.28981850,0.24610048,0.21763036,0.19061621,0.15918986,0.15175038,0.13801871,0.12567228,0.11378305,0.10820293,0.08500479,0.07685240,0.05071651,0.04590106,0.02996745,0.01786674,0.00982962,0.00427474,0.00729169,-0.00208529,0.00333327,0.00645281,-0.00101001,0.00354763,0.01037017,0.00290381,-0.00269224,0.00486636,0.00587352,0.00467947,0.00890100,0.02672844,0.02575519,0.03450229,0.04002948,0.04157690,0.03954603,0.05863713,0.05748305,0.05622425,0.06297590,0.06394182,0.05955931,0.05618764,0.05083485,0.04192250,0.05277224,0.05110308,0.04361096,0.05917861,0.06047779,0.07988053,0.07381506,0.10092052,0.12873839,0.15050817,0.17876009,0.19715921,0.23544059,0.24901217,0.27659222,0.31237236,0.32849809,0.35638755,0.36306708,0.35347049,0.37437521,0.36236797,0.35580749,0.34948365,0.33770291,0.32401515,0.29747884,0.26413937,0.24164656,0.21737659,0.18615811,0.16215087,0.15477103,0.15510659,0.14425916,0.14323478,0.15547262,0.16266212,0.18582249,0.19729667,0.21389457,0.21148155,0.20628256,0.20937944,0.20138834,0.18614574,0.16433853,0.13936040,0.11658730,0.09435683,0.08914411,0.06502303,0.05962840,0.06596383,0.08415447,0.08897683,0.11811604,0.13114745,0.17857424,0.21306500,0.26175016,0.30555252,0.33975049,0.40657704,0.43087582,0.46528802,0.52820374,0.53050097,0.51791896,0.51248550,0.50872330,0.48007200,0.46250047,0.44968036,0.44130222,0.41322212,0.36117200,0.32659950,0.29090517,0.22232096,0.17983466,0.12752941,0.08232675,0.06224744,0.02724415,0.02048121,0.01146253,0.01359732,0.00949079,0.00441196,0.00664702,-0.00047069,0.00811430,0.00478981,0.00019859,0.00966754,0.00391597,0.00096903,0.00336338,0.00311389,0.00649096,0.01308697,0.00379387,0.00903844,0.02224932,0.00385867,0.01787181
0.03622266,0.03426683,0.03225225,0.02275588,0.03649851,0.03841897,0.03696361,0.03972974,0.02522249,0.02401263,0.01710505,0.00904856,0.01143796,-0.00252123,0.00347218,0.01254819,-0.00271924,0.00474757,-0.00410537,-0.00179164,0.00066600,0.01343836,0.01432902,0.01148103,0.02535591,0.01990531,0.02666436,0.03735173,0.03890377,0.04063752,0.03592265,0.03279406,0.02669532,0.01880764,0.01472527,0.01821182,0.01905095,0.02855761,0.02780642,0.03475347,0.04258777,0.03792644,0.03888103,0.04340637,0.04022346,0.03785655,0.02980485,0.03046232,0.02551608,0.02139357,0.01314137,0.01907047,0.01149486,0.00977442,0.01287715,0.01784673,0.00657269,0.00532329,0.01503497,0.01340725,0.02343070,0.01664726,0.02340831,0.02065183,0.00731302,0.01436026,0.02166931,0.01406366,0.02051731,0.03246590,0.02576065,0.01652615,0.02814925,0.03671156,0.04437159,0.05650503,0.06166247,0.06311501,0.07682952,0.10512034,0.12329024,0.13607422,0.16919544,0.19795456,0.24196710,0.29982035,0.36324836,0.39788820,0.46673154,0.49025252,0.55323171,0.53123793,0.54087091,0.54778659,0.51808384,0.46977481,0.44963595,0.41295560,0.39632424,0.35031509,0.32464345,0.32702899,0.28867522,0.25969491,0.23181990,0.19051259,0.17466383,0.13516192,0.13411279,0.11456465,0.10546405,0.12258994,0.13208533,0.14009395,0.16466654,0.16230715,0.15214184,0.17199064,0.15987992,0.15199508,0.12370079,0.10264024,0.08766986,0.07860433,0.06918108,0.06277850,0.07534045,0.07536819,0.08350238,0.09154931,0.10808034,0.11428194,0.11904034,0.15576989,0.17568874,0.16182935,0.17825870,0.18391648,0.18235436,0.16803640,0.16954879,0.15583603,0.14812013,0.13511013,0.13611523,0.12511691,0.11804897,0.10472693,0.10641368,0.09284652,0.08388565,0.08753942,0.09953362,0.10265886,0.08852456,0.10291133,0.09857179,0.09514649,0.08629048,0.09347934,0.07047444,0.06615924,0.06687912,0.05805770,0.05054941,0.05132940,0.05785575,0.05277634,0.06448504,0.06213527,0.07684046,0.06930541,0.06522905,0.07336233,0.09209808,0.10144641,0.11696520,0.14800900,0.16428094,0.18521343,0.21717596,0.25902691,0.28999536,0.30927401,0.33401790,0.36335440,0.37883767,0.38709643,0.39520260,0.40878721,0.36085884,0.37899939,0.35176753,0.32321022,0.29145870,0.26801340,0.22907433,0.22129786,0.21184533,0.18575576,0.19631435,0.19188302,0.19384241,0.21579375,0.21961828,0.23878081,0.27015823,0.28216323,0.32699408,0.34817136,0.34915617,0.38712575,0.41338002,0.42731379,0.44717762,0.45216706,0.47815188,0.48724273,0.47498090,0.48934889,0.43820867,0.43743900,0.42832935,0.39417220,0.36199247,0.34115778,0.30201371,0.27671088,0.27331223,0.25677691,0.23969778,0.24620440,0.24862310,0.24682687,0.25582967,0.24916571,0.23301283,0.24156636,0.22687719,0.21492479,0.21160538,0.19755415,0.16427881,0.17285293,0.17707135,0.16325776,0.16503451,0.17716078,0.20226576,0.22063366,0.25663861,0.28436406,0.31682037,0.34624678,0.35710643,0.37547195,0.37646451,0.39134863,0.38519636,0.36600691,0.35875683,0.34417779,0.31191040,0.29822241,0.25895456,0.24818336,0.23168756,0.22012998,0.21173955,0.19593053,0.17819099,0.17499393,0.14234106,0.14669506,0.13994391,0.12087969,0.12406214,0.11564520,0.11132019,0.11908132,0.11022981,0.10949621,0.10873121,0.12090479,0.13226516,0.14562664,0.14746363,0.13021413,0.15440137,0.15519507,0.16057094,0.16177975,0.16912415,0.19592980,0.18203428,0.18917999,0.19644695,0.19563275,0.20476261,0.20418241,0.19529437
0.04033254,0.04922922,0.04306291,0.04593321,0.04654364,0.05100819,0.05220831,0.04509188,0.05700127,0.05583604,0.05067599,0.03075885,0.04027103,0.03245492,0.03751891,0.03218169,0.02963077,0.02223168,0.02629160,0.01997897,0.03516001,0.04477601,0.03685138,0.04104995,0.05108717,0.05300600,0.06211736,0.06298214,0.07303983,0.06417831,0.06811091,0.06610686,0.05413969,0.07609274,0.07399330,0.08690408,0.13026663,0.14189055,0.18216931,0.21884309,0.24561166,0.27016273,0.27432948,0.27268097,0.27053584,0.22824094,0.19589859,0.18449933,0.15046848,0.11225689,0.08145506,0.07621351,0.06425386,0.05441645,0.04354636,0.05125480,0.05066941,0.04348688,0.05351113,0.05376853,0.04215787,0.03716736,0.04394681,0.04963782,0.05070927,0.04967596,0.04625188,0.04975026,0.04613744,0.05344621,0.05723256,0.07118772,0.07824150,0.10905962,0.12870454,0.16022196,0.19660894,0.23534598,0.25320602,0.25072030,0.24458890,0.23345967,0.22055407,0.21911010,0.20377095,0.22942937,0.25146544,0.25624937,0.29203266,0.31512667,0.33678165,0.35736658,0.35607699,0.34283315,0.33667304,0.31451098,0.31173022,0.32162723,0.29694792,0.28126756,0.27409478,0.25708563,0.25760110,0.23667405,0.22222223,0.19770503,0.16320091,0.15509093,0.13932881,0.12189369,0.11909008,0.11184156,0.13116157,0.13015049,0.14385988,0.15234543,0.14783194,0.15126450,0.14294475,0.14964447,0.12439660,0.12345325,0.11382914,0.09779031,0.09352134,0.09056868,0.11149110,0.09668900,0.11351972,0.12265337,0.14435605,0.14924188,0.18420428,0.19440148,0.21860918,0.23765531,0.28473304,0.32139200,0.35682388,0.38814065,0.38930700,0.43996127,0.46469069,0.45476233,0.47358771,0.47374516,0.45352923,0.42438185,0.39521717,0.35297885,0.29436079,0.26806247,0.22893652,0.18485976,0.17332362,0.15258180,0.13140558,0.13842507,0.12802564,0.11663182,0.10726984,0.10522921,0.08759440,0.08729621,0.09207742,0.07801417,0.08548322,0.09956321,0.09674024,0.09126663,0.08952910,0.09499457,0.09933937,0.09508578,0.11266683,0.10827264,0.12724686,0.12598886,0.13944691,0.14505668,0.16919761,0.18290142,0.20022453,0.22765270,0.22512439,0.25751843,0.26377234,0.27109382,0.26679389,0.26629930,0.27710403,0.26655745,0.25086117,0.25803896,0.23527717,0.21510132,0.19958222,0.19993432,0.18310552,0.18201152,0.18626679,0.18419266,0.19224852,0.19823545,0.21639128,0.23612519,0.24976444,0.26944467,0.28641218,0.31018953,0.29849232,0.32862221,0.33881413,0.36800704,0.35643103,0.36807535,0.36300495,0.38580670,0.38447064,0.38459237,0.37158314,0.34414608,0.33518317,0.30975031,0.30366171,0.28958809,0.29477064,0.26533778,0.25051947,0.24425423,0.22705911,0.24131618,0.24781438,0.24230338,0.25490759,0.25492429,0.26341491,0.26513694,0.25020789,0.24659874,0.23810617,0.22973217,0.20739732,0.19611833,0.18357454,0.20208647,0.18741280,0.18461574,0.18886319,0.20774564,0.23314646,0.24061753,0.27144431,0.31692131,0.33735487,0.35817125,0.39892550,0.44563561,0.48356249,0.52599964,0.55571557,0.58579679,0.57267497,0.58417242,0.56743650,0.54144652,0.54172510,0.51769990,0.51011081,0.50399447,0.48470971,0.43679967,0.41345885,0.36039416,0.30624407,0.27862370,0.23670449,0.21251338,0.17995559,0.18595440,0.17045868,0.16772210,0.15551487,0.15927146,0.16493746,0.17467203,0.16649718,0.17669856,0.16626240,0.17385599,0.19341111,0.17260563,0.17999295,0.18022691,0.19154219,0.18512287,0.19575642,0.19205226,0.21504133,0.21366800,0.19708218
0.02963917,0.04115873,0.04574846,0.04521528,0.04501060,0.06353270,0.05616247,0.05049955,0.04340804,0.05466783,0.03767343,0.03665905,0.03243114,0.02966825,0.02490506,0.03785041,0.02791702,0.03901823,0.03951636,0.02664626,0.03596360,0.02743896,0.03809773,0.03822865,0.05131449,0.05272468,0.05484346,0.06078608,0.06911645,0.06707250,0.05635734,0.05107031,0.04393527,0.04080548,0.05361688,0.03462595,0.04450038,0.04277751,0.02984592,0.04198771,0.04877022,0.03787570,0.05035457,0.04397057,0.04460989,0.04609854,0.04562853,0.04259467,0.04136451,0.03991067,0.04683562,0.04110299,0.04695186,0.03312329,0.04680062,0.04936468,0.04233105,0.04443695,0.05129590,0.04596016,0.04690828,0.03724491,0.05113776,0.04405214,0.05376164,0.04944859,0.03936303,0.05010894,0.05081955,0.05888311,0.05061157,0.05741990,0.05586339,0.05489233,0.05978547,0.06828911,0.06794122,0.07376333,0.07005727,0.08320012,0.09740117,0.10311629,0.12795231,0.15825502,0.18943428,0.22029912,0.26612362,0.31935962,0.36088744,0.41319257,0.49518559,0.50708970,0.56681237,0.59083317,0.59541275,0.62148418,0.60422470,0.59331522,0.59542964,0.58125932,0.51979321,0.49388972,0.42495201,0.37004490,0.32069677,0.26960013,0.21766067,0.18576102,0.19016646,0.16366736,0.18007205,0.20515955,0.22410385,0.24125564,0.25961710,0.26829674,0.26055111,0.26629500,0.25426026,0.22366279,0.19903098,0.16130874,0.15470414,0.11935944,0.10922909,0.09803801,0.10331560,0.11391310,0.10189647,0.11717497,0.13078462,0.13752951,0.14223144,0.15751507,0.14608740,0.16581817,0.17179828,0.15641059,0.15998757,0.15412206,0.14810974,0.13994145,0.13270159,0.12383262,0.11283951,0.11665778,0.11453347,0.11254806,0.12063683,0.13560327,0.17289093,0.17852832,0.21516622,0.25421190,0.27313985,0.29176212,0.30266157,0.27524648,0.25164310,0.22220869,0.19558904,0.16929944,0.14340817,0.12989532,0.10515741,0.11735521,0.09579636,0.10033761,0.09021446,0.09410892,0.08936831,0.09327725,0.09477747,0.08882596,0.10274749,0.09892370,0.10700492,0.09736588,0.10262798,0.10161086,0.11893550,0.10881532,0.10869172,0.11313220,0.11456985,0.11584129,0.11739803,0.11400418,0.12265869,0.12040107,0.12405392,0.11797032,0.12795553,0.11721909,0.12567034,0.13709928,0.12799106,0.13925364,0.13819553,0.13705280,0.15778074,0.17780892,0.18999345,0.22323755,0.23527229,0.27859453,0.30432279,0.37610296,0.39192096,0.46115754,0.53643524,0.58535811,0.68583158,0.73459464,0.78111465,0.83023901,0.86609786,0.91440096,0.89437196,0.88652045,0.87437164,0.83801236,0.79803952,0.72531922,0.65450245,0.58113151,0.51618533,0.44216124,0.41078860,0.35464357,0.34965541,0.29928562,0.29408863,0.27836268,0.27557713,0.28198448,0.26871599,0.25269476,0.24271237,0.22143626,0.23197407,0.21248424,0.20246042,0.20829300,0.21977739,0.24512173,0.26851892,0.31615745,0.35742540,0.42197949,0.48278311,0.54949394,0.61356472,0.66329584,0.70350994,0.69943566,0.72275550,0.67711679,0.65501781,0.61784450,0.56233514,0.51926058,0.47798492,0.47883640,0.45299551,0.44278402,0.42744174,0.42784148,0.42836352,0.39200349,0.36904346,0.32598425,0.28892742,0.24565769,0.23073682,0.18860006,0.16976983,0.15585966,0.16296348,0.14433961,0.15106484,0.13744979,0.14459290,0.14472433,0.14389371,0.12478216,0.14014301,0.14925299,0.14875547,0.14493830,0.13128952,0.14106981,0.14431906,0.14510243,0.14224658,0.14198274,0.14778747,0.15205362,0.15151650,0.14470928,0.14261676
0.00247153,0.00884290,0.00666246,0.00535811,0.01606531,0.01500519,0.01121864,0.01129730,0.01496182,-0.00028502,0.00732843,0.01115624,0.00708312,0.00931331,0.00519381,0.00402531,-0.00142405,0.00806431,0.01191104,0.01126304,0.00995783,0.00822332,0.01500880,0.01260612,0.00678051,0.01887330,0.01776986,0.02732012,0.02401925,0.02157212,0.02712453,0.02213691,0.02418959,0.03348680,0.03934470,0.06321535,0.08545039,0.10114817,0.12418013,0.18203404,0.17883969,0.21254791,0.22887780,0.22156173,0.20899679,0.18958499,0.15477381,0.11978972,0.10584697,0.08112998,0.05259167,0.05096113,0.03586860,0.03097918,0.01529553,0.02852377,0.02356412,0.02591770,0.03170885,0.01528494,0.02781327,0.01672178,0.02129156,0.02342231,0.01954893,0.01995147,0.02898233,0.02137306,0.02934683,0.01956679,0.03327880,0.04041335,0.04466419,0.05803528,0.08316882,0.12126873,0.16347835,0.17643199,0.19777295,0.19724174,0.19003846,0.18052312,0.15406756,0.14309701,0.15829244,0.15283022,0.16975085,0.19882123,0.23858315,0.25589270,0.27118776,0.32031511,0.34591845,0.35260086,0.39043857,0.36291522,0.36293137,0.37101976,0.35316706,0.32262421,0.29656028,0.27698621,0.22397909,0.21131676,0.18314595,0.16314133,0.11693037,0.10580800,0.10855075,0.10096840,0.10012637,0.09399982,0.13580042,0.11978978,0.15415750,0.16244657,0.16004192,0.16696354,0.15243760,0.15002725,0.14033667,0.12227818,0.09186925,0.08703221,0.07482846,0.07446649,0.05007751,0.06762979,0.05712683,0.07632222,0.08000721,0.08475197,0.10112476,0.10676665,0.12990221,0.14545773,0.16337785,0.19370004,0.21874032,0.25648188,0.30398790,0.33426526,0.34965933,0.39094302,0.38292178,0.37738958,0.36043972,0.34554744,0.34228975,0.30516410,0.26021338,0.24294016,0.22159251,0.22008675,0.22406853,0.21518676,0.19100266,0.19918463,0.17372695,0.16727413,0.14029689,0.12080418,0.09829322,0.09783776,0.08960779,0.08240663,0.06150848,0.07244933,0.06402186,0.06880933,0.05962734,0.07702384,0.06047165,0.06675761,0.07146641,0.07260870,0.06966379,0.07777903,0.08221209,0.06640331,0.08899340,0.09566428,0.10507918,0.10438258,0.10983202,0.11561515,0.12212793,0.11761240,0.12580761,0.13078118,0.13779232,0.13943474,0.11449306,0.12914662,0.11833556,0.10423273,0.09614329,0.10684129,0.10618076,0.10772500,0.10134028,0.09949469,0.11538548,0.12580600,0.13819252,0.14233933,0.15284570,0.17872655,0.19924826,0.22015640,0.25208364,0.28415503,0.31878580,0.36722348,0.40956965,0.41978589,0.48063312,0.51456962,0.52013155,0.54387200,0.52308986,0.53056278,0.48992844,0.45842218,0.44295752,0.39798327,0.36177165,0.33421124,0.27377213,0.26807881,0.22639125,0.21077992,0.19113627,0.18799445,0.16862732,0.15933079,0.14693160,0.15274195,0.14841661,0.15172664,0.14509012,0.15313605,0.14089032,0.13846980,0.13655306,0.15316700,0.16887291,0.17904752,0.21700400,0.23447567,0.26886327,0.30668075,0.35419819,0.39092426,0.44088302,0.48440501,0.49573029,0.54018938,0.57294315,0.58835741,0.56293611,0.59130611,0.57757511,0.59094454,0.57093370,0.55852958,0.55727795,0.56246666,0.53336654,0.52828252,0.51098788,0.45296776,0.44476347,0.40527517,0.33222829,0.28149973,0.22838478,0.17989500,0.18026757,0.13560015,0.14335404,0.12784687,0.12947052,0.12343712,0.11340272,0.12896771,0.12650302,0.11993860,0.12444391,0.11732606,0.13429568,0.12889985,0.12221780,0.13984538,0.13297105,0.12954471,0.14294656,0.13605623,0.13416595,0.14165234,0.13598789
0.05890015,0.05415489,0.06378205,0.05083524,0.06079486,0.05180462,0.06545183,0.06923719,0.05665605,0.04706067,0.04766434,0.04139505,0.04618045,0.03109148,0.04426745,0.03728029,0.03300924,0.02783587,0.03365581,0.03515881,0.02417153,0.03192224,0.04230755,0.04282837,0.04750856,0.05394540,0.06984196,0.07242135,0.07909951,0.08085394,0.07495140,0.06210965,0.04715811,0.05198986,0.05261009,0.06541271,0.07454558,0.08974380,0.09402025,0.11213589,0.12557718,0.13961916,0.15125789,0.13556816,0.13179479,0.11515010,0.09789553,0.08587450,0.06926767,0.07320559,0.04530999,0.03873548,0.04226659,0.04381254,0.03027767,0.03816173,0.02758519,0.04083814,0.03471524,0.03648154,0.02911415,0.03708687,0.03583285,0.03002712,0.02304306,0.03401603,0.04158800,0.03936084,0.03563458,0.03746239,0.03598819,0.04835030,0.05215324,0.06468454,0.07889188,0.10474887,0.10750132,0.12841960,0.14616150,0.15520686,0.13681529,0.14488613,0.14555214,0.15459831,0.16673507,0.18940392,0.20989589,0.24631302,0.26210812,0.27907798,0.33626342,0.36343018,0.37856708,0.39785475,0.44113802,0.41860384,0.43240349,0.44985346,0.45692599,0.45336334,0.43635332,0.42396930,0.38438486,0.33161844,0.28402355,0.23640824,0.20625858,0.17205281,0.13318822,0.11191384,0.08951757,0.08603051,0.07558036,0.07254643,0.08871590,0.07478508,0.09182603,0.07615987,0.08338608,0.07243557,0.07068729,0.06977071,0.05397565,0.05247507,0.05608606,0.05325473,0.06865067,0.08380251,0.09435076,0.10312571,0.11562650,0.14136492,0.15452882,0.16529318,0.19105968,0.21034340,0.23115961,0.23496591,0.23861884,0.24990600,0.26392262,0.26621470,0.27043756,0.27337241,0.24926084,0.22973454,0.22637984,0.21628503,0.20443124,0.18814920,0.18728426,0.19730341,0.18566235,0.20923561,0.21805929,0.22734962,0.23045444,0.22117518,0.19308820,0.17408985,0.13819221,0.12984449,0.10084772,0.08276809,0.06951491,0.05001243,0.05814897,0.05312553,0.05677196,0.05522217,0.05798665,0.05123368,0.05792241,0.07078769,0.07235490,0.07643482,0.08790540,0.09028917,0.10410415,0.13094530,0.15708290,0.16840910,0.19530801,0.20805551,0.21571226,0.24015507,0.25493479,0.26906233,0.25478313,0.25640678,0.25400349,0.25140667,0.22248513,0.20639813,0.18765483,0.18124295,0.16688401,0.15321197,0.15137645,0.14713532,0.15789573,0.15803899,0.18223805,0.20651240,0.20730646,0.24357056,0.27112678,0.28820754,0.32358359,0.37602432,0.39438668,0.41557365,0.45701804,0.46360731,0.48151207,0.50252498,0.50029098,0.51184346,0.49275644,0.46982737,0.44395645,0.42776243,0.39697779,0.35449710,0.31833288,0.26112163,0.24264329,0.21950229,0.21103675,0.20389303,0.20394381,0.20443230,0.20507867,0.22217361,0.22525307,0.23067641,0.23342960,0.23074926,0.19541059,0.19292878,0.17856714,0.17353774,0.14791811,0.15087894,0.11704957,0.12139741,0.12701326,0.14588496,0.15938298,0.18992339,0.22933783,0.25462663,0.29889387,0.35420380,0.39769267,0.42026900,0.45077088,0.48047931,0.49761567,0.49761954,0.50798116,0.48942728,0.47716373,0.47719720,0.45549512,0.45516497,0.44883928,0.44780102,0.44233969,0.41085248,0.36803839,0.33266957,0.28679613,0.23319225,0.20337584,0.16025246,0.12412750,0.10910105,0.09490414,0.08396036,0.08061779,0.09058079,0.08364581,0.08907472,0.09002743,0.08222119,0.10353299,0.10974809,0.09986628,0.09312917,0.11525699,0.10903134,0.11613694,0.11926382,0.11863297,0.11585660,0.13596687,0.12963943,0.12801903,0.12752334,0.13277111
0.02341496,0.02164886,0.01822235,0.00696409,0.00079600,0.00199790,0.00088857,0.00537377,0.00150616,0.00036297,-0.00305224,-0.00554135,-0.00200646,-0.00939990,-0.00610172,-0.00611461,-0.01316533,-0.00525084,-0.00955690,-0.00665664,-0.00130634,-0.00339199,-0.00115848,-0.00759835,0.00260907,-0.00304475,0.00529498,0.01714772,0.00051124,0.00356953,0.01242348,0.01626278,0.00400685,0.01533540,0.01929135,0.02989087,0.04378732,0.05670645,0.08992679,0.09597686,0.10881974,0.12107849,0.12491046,0.12827946,0.10599047,0.10072391,0.07114827,0.05825546,0.05006580,0.03344235,0.03180172,0.01782830,0.01934091,0.00874887,0.00579008,0.00829559,0.01511404,0.00606959,0.00128939,0.00994401,0.01083195,0.01347384,0.00422190,0.00257037,0.00541646,0.00874425,0.01499817,0.00530700,0.00838658,0.00807014,0.00488780,0.02824006,0.02553976,0.04203971,0.06244789,0.08606987,0.10728333,0.12665400,0.15304715,0.16490288,0.17926948,0.19071396,0.21140492,0.24733089,0.28835443,0.32828499,0.37406556,0.41903083,0.48517361,0.48019163,0.51526710,0.50176045,0.50292541,0.46931812,0.45459769,0.40758419,0.35431411,0.31464403,0.26775117,0.22680537,0.20893660,0.17633503,0.15496440,0.12354299,0.09154937,0.07512762,0.07175165,0.05041461,0.05458613,0.04770148,0.04606097,0.05164420,0.05328412,0.05990728,0.06900036,0.05891623,0.06445228,0.06715325,0.07152318,0.04830306,0.05409620,0.06522640,0.04532410,0.03609651,0.03661553,0.02499041,0.03878243,0.02869222,0.04320855,0.03674847,0.05496412,0.05868899,0.06768017,0.07090482,0.09197935,0.09255141,0.11926802,0.13736053,0.14902653,0.16444865,0.17853983,0.20702677,0.21482727,0.21976455,0.21524472,0.22478455,0.20865246,0.18095613,0.17018049,0.16237530,0.14022080,0.12479889,0.11289186,0.09216351,0.10503979,0.10233916,0.09155559,0.08179706,0.07050191,0.06732056,0.06486865,0.05090718,0.04774223,0.04418149,0.03781125,0.04185886,0.03140867,0.04455936,0.04290104,0.05764300,0.05267999,0.06468399,0.06840041,0.07091421,0.08966891,0.10615777,0.12982556,0.16170892,0.19542115,0.22955347,0.27204394,0.34779273,0.38551629,0.41426855,0.44462790,0.50591322,0.52814991,0.55722436,0.54143756,0.54444205,0.52407663,0.50566541,0.46826679,0.42162744,0.35945870,0.31475713,0.26769652,0.24128390,0.19569124,0.16611248,0.14808043,0.12052854,0.10932326,0.10904728,0.10821488,0.09456740,0.10231610,0.11730654,0.12256856,0.13800246,0.15733371,0.15859412,0.17180845,0.18482788,0.19860411,0.20849973,0.22465960,0.23580247,0.23910949,0.23221272,0.23317046,0.22715208,0.20439201,0.18992202,0.18392479,0.16058874,0.14171602,0.13655811,0.12101908,0.10615229,0.10017767,0.10032447,0.09001100,0.09301484,0.09208137,0.08816730,0.09290005,0.09544119,0.09024424,0.07277014,0.08760028,0.07510493,0.06981632,0.07556548,0.07971826,0.07516023,0.07893467,0.09155257,0.10940960,0.11978655,0.13803631,0.14735677,0.17190751,0.19283566,0.21828093,0.22463351,0.23888192,0.27011100,0.28441632,0.29010132,0.31818518,0.29874114,0.30505750,0.29759954,0.30813972,0.28552345,0.27320067,0.27551190,0.27512774,0.26046660,0.24883842,0.22029426,0.20539720,0.18191844,0.15330811,0.13058676,0.11560827,0.09549822,0.08386734,0.08372210,0.08566873,0.08839744,0.08885900,0.10211580,0.10968349,0.11129327,0.12430557,0.12757687,0.14465046,0.15396039,0.14737616,0.15358297,0.16667281,0.18116887,0.19244886,0.20777202,0.19419656,0.20463249,0.20871859,0.21037223,0.21614750
0.05098440,0.05069259,0.04186607,0.04695050,0.03975379,0.05755595,0.04933270,0.04138657,0.05872267,0.05138838,0.04531874,0.04166446,0.03542607,0.05083597,0.04200199,0.03725332,0.03640446,0.03948320,0.04368078,0.04235193,0.03734680,0.04130173,0.03684110,0.04293285,0.03397877,0.04844260,0.05322419,0.05260997,0.05426478,0.04779858,0.05073717,0.06437667,0.06580076,0.06219757,0.07715067,0.09870949,0.10899401,0.13342115,0.17623800,0.20900631,0.22929926,0.24565641,0.24907627,0.23916919,0.23610467,0.21331228,0.19101009,0.15187355,0.12089969,0.08853523,0.08521369,0.06585370,0.05550032,0.04908533,0.05199787,0.03902988,0.02859258,0.04690055,0.05233391,0.03778701,0.03771722,0.03647517,0.03669098,0.04564036,0.03197890,0.03706159,0.04493069,0.04371058,0.04728076,0.04295368,0.05398467,0.05008489,0.06463785,0.08350185,0.12277896,0.14490336,0.17853237,0.20770709,0.21751459,0.22002212,0.20076902,0.19168887,0.17329781,0.18094763,0.17645173,0.17918374,0.21048263,0.22094291,0.27306901,0.28455071,0.31767092,0.32700705,0.37392523,0.38780267,0.37993909,0.39933370,0.42556667,0.39527194,0.39617472,0.35843939,0.34474686,0.33262259,0.28240132,0.23632169,0.19933239,0.18088980,0.14895204,0.12300476,0.10807510,0.09639973,0.08678068,0.10417670,0.09931768,0.11325539,0.11584103,0.11580678,0.10765771,0.11058206,0.10230773,0.10629560,0.09802848,0.08835291,0.07374127,0.07187456,0.07111045,0.05720024,0.06393047,0.04748624,0.05966869,0.07055258,0.07919586,0.07945616,0.10959280,0.10324007,0.12174258,0.14899877,0.17239587,0.19991648,0.23604182,0.28503050,0.32415001,0.33292050,0.37340232,0.38746374,0.39111552,0.38499678,0.36656159,0.34216322,0.32249938,0.30418520,0.28090828,0.24932063,0.25206647,0.24736114,0.23711615,0.23425266,0.22618905,0.21442964,0.18875737,0.17277471,0.15009009,0.12356061,0.10688548,0.08811006,0.07007436,0.05819508,0.06020060,0.05561843,0.06161731,0.05892734,0.04802469,0.05832233,0.04990540,0.06384970,0.06269684,0.05807312,0.06843275,0.07728176,0.09157675,0.09823989,0.09688131,0.12766297,0.12936423,0.14122451,0.16111127,0.17596012,0.18163924,0.17889931,0.18532464,0.18586986,0.19023515,0.18728579,0.16418508,0.16879170,0.15416694,0.14033167,0.12272053,0.11288506,0.11830946,0.09812403,0.09485425,0.09623669,0.10545499,0.12157361,0.12156662,0.12250787,0.15287041,0.16293337,0.19079925,0.21660405,0.24886097,0.28777991,0.32710054,0.37711991,0.40327893,0.43101636,0.45813936,0.49230382,0.47336124,0.48535932,0.47115299,0.44205365,0.43208511,0.39689335,0.36262630,0.30905111,0.28312491,0.25060202,0.20918257,0.18707161,0.16597932,0.14876035,0.12529662,0.13877229,0.13344041,0.12186212,0.12260514,0.11397971,0.11683206,0.12000694,0.09757887,0.10228402,0.09687077,0.10030698,0.10807802,0.10379003,0.11746580,0.15108661,0.16324163,0.19852131,0.23193585,0.27443076,0.31496281,0.38114321,0.40267472,0.44027437,0.48705354,0.51539978,0.54452896,0.54897716,0.56440488,0.56125750,0.58116858,0.58972758,0.56141051,0.56862113,0.57265038,0.55801324,0.54857034,0.54701631,0.51314566,0.45441930,0.41632404,0.33195051,0.28818394,0.23439287,0.17387788,0.14512098,0.10996028,0.08946694,0.09217755,0.08367017,0.08029667,0.08524982,0.06855635,0.08424041,0.08433609,0.07940748,0.08896333,0.08877417,0.09077211,0.09074180,0.09568939,0.10170416,0.10553713,0.09743453,0.10787728,0.10771446,0.11849758,0.11194106,0.11034467
-0.01187375,-0.00215785,0.00316728,-0.00039480,-0.00762950,-0.00271256,0.00212506,-0.00616697,-0.00888809,-0.00634146,-0.02196166,-0.02433105,-0.01661391,-0.02261663,-0.03330067,-0.02647365,-0.03720923,-0.03362586,-0.02665477,-0.02712896,-0.02662823,-0.03025326,-0.02141504,-0.02558511,-0.02000931,-0.01579374,-0.01202181,-0.00021026,0.00676638,0.00667259,-0.00781913,-0.00399474,-0.00274615,-0.01332951,-0.00244193,0.00899180,0.00838799,0.00868258,0.03208817,0.04279013,0.05518994,0.04819066,0.05024133,0.04694044,0.05035428,0.04496925,0.03036357,0.02503414,0.01248568,-0.00551684,-0.00979963,-0.00920055,-0.01334639,-0.01279671,-0.01247943,-0.01919929,-0.01436651,-0.00217631,-0.01219537,-0.01339688,-0.01208908,-0.01664080,-0.01443469,-0.01404075,-0.01693531,-0.01166490,-0.01250175,-0.00864137,-0.00326436,-0.00868087,-0.00779207,-0.00850849,0.00337595,0.00884168,0.02924685,0.03980235,0.05408426,0.05782655,0.06664992,0.08330996,0.09294296,0.11290718,0.11268158,0.13750083,0.16397251,0.20900215,0.26167917,0.30607073,0.35831819,0.39468160,0.43583314,0.45881676,0.48233626,0.49613548,0.52573812,0.49331637,0.46794373,0.47058797,0.43234214,0.40779075,0.35044367,0.34379355,0.31145903,0.25181787,0.21840838,0.17911946,0.14934695,0.10552004,0.09757742,0.07837084,0.08285532,0.08800671,0.09752862,0.11091500,0.12416390,0.15411120,0.14240279,0.14160854,0.13739916,0.11061018,0.10164674,0.08676793,0.06818330,0.05999850,0.03903285,0.02627034,0.03379312,0.02877938,0.03537785,0.04325978,0.06052451,0.06653389,0.07284181,0.09862693,0.10702012,0.11816683,0.12303055,0.13137370,0.14869828,0.14027378,0.15987767,0.16400816,0.15209559,0.15967043,0.15471964,0.14872467,0.13704284,0.13107084,0.12704720,0.11307472,0.11759528,0.12484480,0.13965454,0.14016364,0.16014567,0.16316438,0.16772978,0.15654531,0.15079621,0.13624013,0.09866506,0.07858650,0.05492950,0.04295927,0.03102452,0.02781674,0.03746108,0.02561438,0.02097684,0.03280996,0.02750555,0.03054052,0.03536338,0.03896533,0.03980694,0.05048242,0.06359383,0.07070849,0.09278556,0.09269585,0.11891605,0.13877070,0.16892562,0.18673576,0.20663883,0.21441270,0.24472396,0.22927335,0.24443439,0.24526725,0.25075964,0.22634483,0.21592916,0.20749181,0.17215519,0.15647865,0.13629153,0.12305525,0.11655931,0.11350431,0.11235299,0.11071592,0.11454350,0.13892997,0.14485557,0.17113209,0.20154475,0.22581842,0.25163126,0.29466217,0.33051969,0.37112183,0.42321034,0.43735916,0.49427779,0.53236267,0.55609864,0.59952163,0.58992926,0.58692694,0.57838975,0.55818154,0.52704506,0.47922018,0.44338085,0.38244832,0.35686464,0.29466980,0.24576036,0.22751184,0.19797820,0.19554200,0.17514203,0.17375135,0.17178627,0.17387066,0.16202740,0.15655830,0.15598636,0.14721848,0.13160408,0.12630834,0.12717240,0.11366936,0.11991815,0.12169892,0.13250461,0.15934616,0.18902927,0.23179603,0.27149178,0.31737646,0.36405882,0.40714394,0.44512706,0.47207991,0.49670223,0.50730655,0.48368170,0.46294652,0.46724618,0.43079813,0.39269679,0.39056926,0.38535067,0.36587858,0.36069281,0.33422413,0.34457455,0.32291421,0.29456331,0.27453640,0.23434874,0.19844512,0.17492374,0.13272411,0.12123517,0.09546736,0.08247061,0.07102342,0.06680002,0.06803759,0.06610494,0.08216541,0.08578662,0.06857151,0.08206760,0.09026940,0.08858641,0.09442125,0.08876897,0.09277013,0.09967707,0.12332180,0.11539347,0.11931423,0.11623326,0.11941057,0.12189985,0.11995335,0.12013927
