1000,1005,1010,1015,1020,1025,1030,1035,1040,1045,1050,1055,1060,1065,1070,1075,1080,1085,1090,1095,1100,1105,1110,1115,1120,1125,1130,1135,1140,1145,1150,1155,1160,1165,1170,1175,1180,1185,1190,1195,1200,1205,1210,1215,1220,1225,1230,1235,1240,1245,1250,1255,1260,1265,1270,1275,1280,1285,1290,1295,1300,1305,1310,1315,1320,1325,1330,1335,1340,1345,1350,1355,1360,1365,1370,1375,1380,1385,1390,1395,1400,1405,1410,1415,1420,1425,1430,1435,1440,1445,1450,1455,1460,1465,1470,1475,1480,1485,1490,1495,1500,1505,1510,1515,1520,1525,1530,1535,1540,1545,1550,1555,1560,1565,1570,1575,1580,1585,1590,1595,1600,1605,1610,1615,1620,1625,1630,1635,1640,1645,1650,1655,1660,1665,1670,1675,1680,1685,1690,1695,1700,1705,1710,1715,1720,1725,1730,1735,1740,1745,1750,1755,1760,1765,1770,1775,1780,1785,1790,1795,1800,1805,1810,1815,1820,1825,1830,1835,1840,1845,1850,1855,1860,1865,1870,1875,1880,1885,1890,1895,1900,1905,1910,1915,1920,1925,1930,1935,1940,1945,1950,1955,1960,1965,1970,1975,1980,1985,1990,1995,2000,2005,2010,2015,2020,2025,2030,2035,2040,2045,2050,2055,2060,2065,2070,2075,2080,2085,2090,2095,2100,2105,2110,2115,2120,2125,2130,2135,2140,2145,2150,2155,2160,2165,2170,2175,2180,2185,2190,2195,2200,2205,2210,2215,2220,2225,2230,2235,2240,2245,2250,2255,2260,2265,2270,2275,2280,2285,2290,2295,2300,2305,2310,2315,2320,2325,2330,2335,2340,2345,2350,2355,2360,2365,2370,2375,2380,2385,2390,2395,2400,2405,2410,2415,2420,2425,2430,2435,2440,2445,2450,2455,2460,2465,2470,2475,2480,2485,2490,2495,2500
49.06989474,49.29805128,49.59873684,49.84421053,49.98476923,50.10294737,50.18230769,50.20305263,50.27115789,50.30184615,50.33784211,50.36757895,50.37889474,50.36384615,50.348,50.32147368,50.29126316,50.27305263,50.21126316,50.16641026,50.07773684,49.98421053,49.895,49.76663158,49.65115789,49.44784211,49.12336842,48.636,48.00757895,47.34836842,46.81536842,46.44947368,46.28894737,46.20331579,46.15252632,46.09410526,46.03978947,45.98252632,45.934,45.95291892,45.96626316,46.001,46.06259459,46.11947368,46.16947368,46.24616216,46.30442105,46.33118919,46.36157895,46.40156757,46.426,46.42384211,46.40652632,46.37924324,46.33247368,46.24989474,46.078,45.93691892,45.76016216,45.55315789,45.27648649,44.95968421,44.55789189,44.09626316,43.57305263,42.94172973,42.25702703,41.56989189,40.90027027,40.24368421,39.60556757,38.98326316,38.32918919,37.45664865,36.29405263,34.70416216,32.45297297,29.59783784,26.48789474,23.29524324,20.50913514,18.28978378,16.73756757,15.67675676,14.96284211,14.54672222,14.302,14.18033333,14.15705263,14.192,14.26762162,14.40718919,14.64021622,15.01821622,15.52794595,16.13918919,16.8225,17.55691892,18.29908108,19.096,19.89437838,20.69378378,21.49083333,22.27789189,23.02518919,23.803,24.5392973,25.25810811,25.93410811,26.58905556,27.20866667,27.80091892,28.36616216,28.868,29.37610811,29.8492973,30.28755556,30.68713514,31.07686486,31.444,31.78432432,32.09,32.40933333,32.66005405,32.90155556,33.15933333,33.34216667,33.51161111,33.71133333,33.88837838,33.99,34.07644444,34.15722222,34.236,34.18244444,34.12688889,34.02433333,33.89822222,33.77266667,33.64133333,33.46833333,33.28533333,33.126,32.91866667,32.66722222,32.38874286,32.11616667,31.76266667,31.39862857,30.98644444,30.57933333,30.16616667,29.746,29.34954286,28.99944444,28.69662857,28.47971429,28.327,28.23645714,28.18685714,28.15544444,28.1395,28.1164,28.07033333,27.97451429,27.87044444,27.6636,27.33133333,26.88794286,26.222,25.3135,24.02942857,22.358,20.3316,17.74845714,14.89988571,12.1056,9.633142857,7.736685714,6.493257143,5.780516129,4.818740741,4.073037037,3.657555556,3.442444444,3.320307692,3.263259259,3.270888889,3.307925926,3.385111111,3.493259259,3.629481481,3.791,3.989538462,4.206461538,4.452814815,4.718307692,5.022,5.347230769,5.690230769,6.059615385,6.426153846,6.801153846,7.172,7.549230769,7.922230769,8.323538462,8.715692308,9.106692308,9.48304,9.836769231,10.214,10.55630769,10.942,11.31288,11.68952,12.094,12.46830769,12.8668,13.24032,13.61832,14.05768,14.44046154,14.82184,15.24224,15.56144,15.82456,16.10512,16.3296,16.53025,16.7828,16.95376,17.16504,17.32544,17.42432,17.5708,17.568,17.64775,17.758,17.86,17.8832,17.99141667,17.9885,18.03272,18.043,18,17.94533333,17.8275,17.67875,17.47825,17.15513043,16.89133333,16.51356522,16.17452174,15.903,15.59725,15.265,15.05191304,14.84366667,14.53973913,14.27347826,14.00608696,13.70556522,13.53608696,13.314,12.9373913,12.5746087,12.30895652,11.90826087,11.67234783,11.43173913,11.24469565,11.14713043,11.04454545,10.98090909,10.86672727,10.43763636,9.90773913,9.454521739,9.072,8.759363636,8.45,8.152,7.948,7.681818182,7.5,7.368857143,7.208181818,7.025818182,6.774727273,6.584363636,6.294952381,6.019090909,5.853363636,5.644181818,5.475,5.322,5.089090909,5.101714286,4.948090909,4.99952381
40.82789474,40.98689474,41.21342105,41.37763158,41.48026316,41.57194737,41.67073684,41.69836842,41.75678947,41.78463158,41.81152632,41.82989474,41.84015789,41.835,41.84126316,41.83610526,41.79115789,41.76864865,41.70010526,41.70705263,41.65515789,41.58810526,41.53115789,41.43178947,41.37547368,41.23547368,41.02757895,40.71478947,40.28394737,39.79886486,39.39357895,39.05431579,38.93589474,38.84102703,38.77557895,38.71878947,38.66254054,38.60442105,38.54336842,38.56243243,38.57147368,38.59237838,38.63294737,38.66497297,38.696,38.75789474,38.79821053,38.81194595,38.83847368,38.8727027,38.89568421,38.90848649,38.89610811,38.87357895,38.83831579,38.78389474,38.66448649,38.57221053,38.46264865,38.31705263,38.11437838,37.87994595,37.60094737,37.28362162,36.91926316,36.45702703,35.96089474,35.43962162,34.948,34.45473684,33.99102703,33.53873684,33.07691892,32.44394595,31.62473684,30.49459459,28.84275676,26.63562162,24.09210811,21.41821622,18.92735135,16.85340541,15.32832432,14.24859459,13.48740541,13.00762162,12.69567568,12.51318919,12.41956757,12.3932973,12.42048649,12.50286486,12.66497297,12.94697297,13.35454054,13.86183333,14.43962162,15.0527027,15.68524324,16.37066667,17.04832432,17.74222222,18.43562162,19.10632432,19.77145946,20.42437838,21.06466667,21.67113514,22.24988889,22.80513514,23.35091892,23.84988889,24.33216667,24.75691892,25.198,25.59610811,25.9715,26.3167027,26.632,26.94324324,27.2365,27.47344444,27.75437838,27.95466667,28.16522222,28.38545946,28.52877778,28.674,28.84183333,28.98644444,29.08666667,29.14494444,29.21855556,29.28016667,29.25461111,29.2085,29.137,29.03872222,28.93565714,28.824,28.689,28.556,28.40805714,28.26094444,28.08628571,27.851,27.63211429,27.37027778,27.08877778,26.7488,26.40361111,26.11611429,25.76365714,25.41982857,25.143,24.88262857,24.74866667,24.62794286,24.5568,24.5255,24.492,24.48857143,24.493,24.48422857,24.40937143,24.31794286,24.16182857,23.92502857,23.5476,22.99611429,22.24182857,21.15035294,19.74485714,17.89628571,15.58988571,12.96771429,10.39914286,8.0828,6.337314286,5.206457143,4.554,3.659384615,3.063481481,2.739307692,2.572814815,2.484,2.426,2.423333333,2.444,2.498307692,2.578444444,2.675333333,2.796923077,2.950153846,3.131777778,3.333384615,3.558923077,3.806740741,4.080769231,4.383153846,4.704,5.019076923,5.348307692,5.689230769,6.021692308,6.361846154,6.721692308,7.08496,7.422,7.76888,8.100153846,8.431230769,8.761076923,9.112615385,9.468,9.81208,10.19461538,10.55416,10.91512,11.2764,11.61792,12.02904,12.3632,12.708,13.06825,13.37776,13.61584,13.83008,14.04,14.22992,14.44024,14.5835,14.768,14.8888,14.97928,15.09376,15.122,15.2,15.31241667,15.41464,15.44,15.511,15.53304,15.55825,15.56558333,15.51583333,15.46,15.345,15.20866667,14.9995,14.70566667,14.48226087,14.13,13.84325,13.573,13.31475,13.028,12.85,12.66225,12.37173913,12.12365217,11.87782609,11.61113043,11.47591304,11.25982609,10.90843478,10.59295652,10.34704348,10.00052174,9.769454545,9.578695652,9.419043478,9.319636364,9.229304348,9.111391304,8.966695652,8.521217391,8.099454545,7.725818182,7.386,7.109913043,6.851,6.611272727,6.396,6.182,6.059090909,5.873818182,5.732181818,5.595909091,5.347909091,5.146363636,4.886,4.699181818,4.494190476,4.325272727,4.204727273,4.065363636,3.920285714,3.925090909,3.769047619,3.858190476
40.00767544,40.18280702,40.31850877,40.48197368,40.5675,40.64486842,40.71324561,40.74570175,40.80666667,40.8345614,40.86276316,40.87513158,40.8904386,40.8875,40.89135965,40.89662281,40.8670614,40.84554054,40.77842105,40.78561404,40.74798246,40.69192982,40.64885965,40.56587719,40.5079386,40.38662281,40.19692982,39.92100877,39.54627193,39.10828829,38.73929825,38.42763158,38.31578947,38.23099099,38.16337719,38.1127193,38.06509009,38.00631579,37.94403509,37.96644144,37.975,37.98954955,38.02298246,38.0590991,38.09083333,38.14671053,38.1822807,38.20576577,38.23008772,38.26202703,38.28052632,38.29342342,38.28720721,38.26973684,38.22807018,38.18403509,38.07337838,37.98885965,37.89153153,37.7627193,37.58355856,37.36936937,37.1145614,36.83324324,36.49824561,36.07216216,35.60675439,35.12621622,34.67373874,34.22061404,33.78725225,33.36307018,32.9336036,32.35761261,31.61096491,30.57247748,29.04905405,27.00626126,24.62923423,22.10391892,19.72810811,17.73783784,16.26306306,15.21576577,14.47477477,14.01333333,13.71648649,13.54378378,13.4581982,13.43833333,13.46463964,13.54391892,13.69531532,13.96085586,14.34013514,14.81333333,15.35684685,15.93063063,16.51981982,17.16333333,17.79540541,18.44453704,19.08891892,19.71445946,20.32513514,20.94013514,21.53425926,22.09315315,22.63268519,23.145,23.64923423,24.11277778,24.55583333,24.94954955,25.35972222,25.73108108,26.07513889,26.39283784,26.68833333,26.97274775,27.23861111,27.46074074,27.7231982,27.91407407,28.10009259,28.30567568,28.43412037,28.56458333,28.7174537,28.84546296,28.92597222,28.97513889,29.0387963,29.09222222,29.05638889,29.00847222,28.93458333,28.83861111,28.73947619,28.64055556,28.51972222,28.3762963,28.22747619,28.07013889,27.89333333,27.665,27.46257143,27.2312963,26.98018519,26.67985714,26.3712963,26.11447619,25.78714286,25.48761905,25.2525,25.025,24.91222222,24.79419048,24.72342857,24.69458333,24.65333333,24.64857143,24.65444444,24.64890476,24.58166667,24.514,24.37380952,24.14990476,23.81566667,23.32161905,22.63695238,21.63352941,20.34,18.64666667,16.52857143,14.10552381,11.71447619,9.527857143,7.844238095,6.715380952,6.169114583,5.281794872,4.64691358,4.282628205,4.077037037,3.968333333,3.902222222,3.887962963,3.895,3.958205128,4.046111111,4.166666667,4.305384615,4.476923077,4.680987654,4.896410256,5.128589744,5.383395062,5.670192308,5.970833333,6.281666667,6.586217949,6.909935897,7.235641026,7.548205128,7.865384615,8.204615385,8.531466667,8.843333333,9.156866667,9.448782051,9.746410256,10.03301282,10.34987179,10.67973333,10.98846667,11.33358974,11.65646667,11.97993333,12.3072,12.6098,12.98713333,13.289,13.59433333,13.92916667,14.20046667,14.40486667,14.587,14.77277778,14.94626667,15.1316,15.2475,15.41033333,15.506,15.59133333,15.69133333,15.71354167,15.78333333,15.88909722,15.9824,15.99555556,16.09541667,16.1106,16.140625,16.1675,16.11381944,16.04666667,15.93583333,15.79833333,15.60875,15.31729167,15.09702899,14.78958333,14.509375,14.28833333,14.06020833,13.81708333,13.65229167,13.49423611,13.2042029,12.97188406,12.74847826,12.49710145,12.38891304,12.21804348,11.89376812,11.57130435,11.35652174,11.02528986,10.84045455,10.67347826,10.52847826,10.44515152,10.3715942,10.27253623,10.13036232,9.753043478,9.302727273,8.943863636,8.658333333,8.385434783,8.156666667,7.91530303,7.748333333,7.488181818,7.377424242,7.216515152,7.111666667,6.933939394,6.694545455,6.543939394,6.247878788,6.083409091,5.91484127,5.718484848,5.602727273,5.483030303,5.333253968,5.285606061,5.177222222,5.276031746
43.13778947,43.28757895,43.46305263,43.61568421,43.71042105,43.80957895,43.87921053,43.89078947,43.95078947,43.98757895,44.01642105,44.02694737,44.03326316,44.03,44.03,44.01968421,43.98426316,43.97005405,43.90010526,43.90621053,43.85021053,43.79031579,43.73642105,43.63852632,43.57536842,43.42942105,43.21231579,42.89873684,42.48168421,42.0132973,41.64589474,41.33863158,41.23905263,41.15237838,41.08110526,41.01284211,40.94854054,40.88094737,40.82305263,40.83297297,40.83289474,40.84237838,40.88126316,40.89897297,40.93,40.99026316,41.02021053,41.032,41.05810526,41.0887027,41.11073684,41.116,41.09691892,41.08052632,41.04,40.98563158,40.86172973,40.76778947,40.65118919,40.50810526,40.30113514,40.07621622,39.79705263,39.48248649,39.11789474,38.66389189,38.18105263,37.67518919,37.21124324,36.73684211,36.29216216,35.84894737,35.39437838,34.77081081,33.95363158,32.81545946,31.14427027,28.94632432,26.45172973,23.85859459,21.46210811,19.46989189,17.99016216,16.9252973,16.14908108,15.65308108,15.31762162,15.11189189,14.99751351,14.95232432,14.96194595,15.03989189,15.20432432,15.49621622,15.9027027,16.41,16.98745946,17.59221622,18.21740541,18.89866667,19.5667027,20.24966667,20.92843243,21.58448649,22.21843243,22.86610811,23.48066667,24.06372973,24.62455556,25.15372973,25.676,26.15144444,26.617,27.02524324,27.44366667,27.82664865,28.17783333,28.50145946,28.802,29.10383784,29.38066667,29.61661111,29.88767568,30.08444444,30.28233333,30.50335135,30.63805556,30.7835,30.951,31.0915,31.18533333,31.24694444,31.32194444,31.40033333,31.38038889,31.34538889,31.28,31.19583333,31.09948571,30.98466667,30.84966667,30.71755556,30.57308571,30.42933333,30.27257143,30.05133333,29.85148571,29.59555556,29.309,28.97554286,28.63533333,28.35611429,28.00914286,27.68451429,27.416,27.16028571,27.04133333,26.93782857,26.88417143,26.86533333,26.842,26.85057143,26.85333333,26.84371429,26.77011429,26.69108571,26.54382857,26.30702857,25.9528,25.42371429,24.69337143,23.60917647,22.22028571,20.40142857,18.09742857,15.4524,12.82554286,10.38634286,8.467657143,7.152114286,6.521875,5.473230769,4.680888889,4.223153846,3.963851852,3.828,3.750888889,3.740222222,3.763333333,3.842923077,3.954444444,4.094666667,4.262461538,4.471384615,4.703185185,4.967230769,5.249230769,5.55,5.892230769,6.247307692,6.616,6.981461538,7.361307692,7.745076923,8.108769231,8.489692308,8.879307692,9.27344,9.642,10.01424,10.36476923,10.718,11.05553846,11.40861538,11.77456,12.11232,12.49676923,12.85552,13.21952,13.59224,13.93648,14.36016,14.7128,15.074,15.466,15.78512,16.0484,16.30032,16.53866667,16.7556,17.00376,17.1855,17.40152,17.542,17.64096,17.76536,17.798,17.876,17.98625,18.08984,18.11533333,18.2,18.1932,18.2265,18.22933333,18.16891667,18.102,17.9865,17.83266667,17.6195,17.31525,17.07017391,16.701,16.39325,16.115,15.833,15.5125,15.3145,15.12016667,14.82043478,14.55330435,14.25695652,13.98417391,13.8246087,13.616,13.27486957,12.91408696,12.69182609,12.32721739,12.10454545,11.8866087,11.72391304,11.60127273,11.50156522,11.36756522,11.21895652,10.76434783,10.28854545,9.877454545,9.554,9.248869565,8.92,8.661090909,8.446,8.218363636,8.024909091,7.812727273,7.670545455,7.467909091,7.172727273,7.013090909,6.699818182,6.389454545,6.19,5.975727273,5.884181818,5.695454545,5.558761905,5.497090909,5.305619048,5.420666667
45.98642857,46.19139098,46.46172932,46.68030075,46.84101504,46.98281955,47.10154135,47.18131579,47.27586466,47.33890977,47.39327068,47.42766917,47.44270677,47.43571429,47.42988722,47.41669173,47.35522556,47.31366795,47.21706767,47.18443609,47.10661654,47.00947368,46.91067669,46.75774436,46.6212782,46.37650376,46.00620301,45.445,44.69184211,43.87034749,43.17909774,42.65766917,42.41203008,42.23127413,42.10804511,42.01150376,41.91328185,41.82022556,41.73977444,41.74335907,41.75379699,41.78555985,41.84541353,41.91220077,41.97928571,42.07229323,42.14368421,42.19525097,42.24781955,42.30606178,42.34789474,42.37648649,42.37216216,42.34571429,42.28969925,42.21793233,42.05092664,41.89571429,41.69563707,41.45278195,41.12185328,40.74030888,40.28699248,39.76760618,39.16082707,38.43494208,37.66191729,36.86517375,36.10610039,35.37639098,34.68861004,34.02744361,33.34552124,32.45953668,31.31240602,29.76930502,27.57501931,24.79239382,21.77733591,18.84127413,16.26799228,14.24513514,12.82714286,11.83872587,11.14027027,10.69432432,10.39119691,10.19343629,10.07876448,10.02586873,10.01432432,10.05718147,10.16544402,10.37455598,10.6892278,11.09154762,11.5596139,12.06656371,12.61034749,13.20857143,13.8180695,14.45071429,15.10509653,15.74938224,16.38297297,17.04710425,17.69746032,18.32235521,18.93269841,19.52830116,20.12,20.67698413,21.21559524,21.70772201,22.21309524,22.6780695,23.1175,23.533861,23.92047619,24.29633205,24.64857143,24.95809524,25.28637066,25.54904762,25.80920635,26.0746332,26.26416667,26.45107143,26.65111111,26.82384921,26.94130952,27.0190873,27.09845238,27.16440476,27.1481746,27.10519841,27.0225,26.89662698,26.76114286,26.61746032,26.45952381,26.27904762,26.07244898,25.85742063,25.64,25.38357143,25.13134694,24.83115079,24.50380952,24.12616327,23.74936508,23.40538776,23.01232653,22.64934694,22.35214286,22.08106122,21.93857143,21.83391837,21.7815102,21.76511905,21.75857143,21.77877551,21.79880952,21.79865306,21.72983673,21.65081633,21.48714286,21.22428571,20.82057143,20.23840816,19.42355102,18.27621849,16.83795918,15.06530612,12.93620408,10.71089796,8.715020408,7.073020408,5.936530612,5.278367347,4.6559375,3.933956044,3.545978836,3.325604396,3.204285714,3.147142857,3.096190476,3.08,3.078571429,3.104835165,3.137142857,3.194285714,3.25956044,3.344010989,3.437830688,3.545604396,3.659120879,3.788624339,3.948901099,4.115989011,4.292142857,4.469285714,4.645054945,4.837912088,5.021978022,5.228571429,5.438131868,5.670228571,5.89,6.126514286,6.334285714,6.54978022,6.762417582,6.987802198,7.236742857,7.470857143,7.746813187,8.010628571,8.277714286,8.558514286,8.838057143,9.164057143,9.455142857,9.753428571,10.06196429,10.31925714,10.5116,10.70222857,10.8952381,11.078,11.28377143,11.45178571,11.65234286,11.78114286,11.89057143,11.98828571,12.01547619,12.07285714,12.15654762,12.25645714,12.27333333,12.355,12.34234286,12.36053571,12.36071429,12.3022619,12.22714286,12.10464286,11.95761905,11.79559524,11.57238095,11.38795031,11.10392857,10.84785714,10.62642857,10.40196429,10.15464286,9.994285714,9.83952381,9.608447205,9.430559006,9.236273292,9.03068323,8.900621118,8.731987578,8.467515528,8.201987578,8.020993789,7.753913043,7.603961039,7.476335404,7.386335404,7.396103896,7.430745342,7.41242236,7.299565217,6.921863354,6.53987013,6.198116883,5.958571429,5.739440994,5.572142857,5.396493506,5.272857143,5.188961039,5.116623377,5.033246753,5,4.897207792,4.750714286,4.640584416,4.447402597,4.267792208,4.193877551,4.065194805,3.994025974,3.897337662,3.834489796,3.783766234,3.777687075,3.842312925
39.33736842,39.32358974,39.42821053,39.55810526,39.58538462,39.63078947,39.68384615,39.68726316,39.74989474,39.76923077,39.78763158,39.79368421,39.78210526,39.76446154,39.764,39.73126316,39.682,39.64978947,39.60726316,39.60507692,39.55205263,39.48284211,39.427,39.31242105,39.23831579,39.07642105,38.82926316,38.47642105,38.02089474,37.55973684,37.19721053,36.92547368,36.84389474,36.78694737,36.72936842,36.678,36.62231579,36.58273684,36.53789474,36.56378378,36.56694737,36.58215789,36.61518919,36.63768421,36.66715789,36.72432432,36.74421053,36.75708108,36.78021053,36.80524324,36.826,36.83,36.80284211,36.76945946,36.72263158,36.66684211,36.54147368,36.43848649,36.31502703,36.15526316,35.94513514,35.70357895,35.42259459,35.10163158,34.73063158,34.26697297,33.76464865,33.26124324,32.7892973,32.32863158,31.87664865,31.41747368,30.93708108,30.29118919,29.43152632,28.22908108,26.50735135,24.31340541,21.91142105,19.42167568,17.24178378,15.49681081,14.26124324,13.41124324,12.82652632,12.48427778,12.27136842,12.16388889,12.12715789,12.14466667,12.19664865,12.29967568,12.47902703,12.77459459,13.17513514,13.64864865,14.1875,14.76032432,15.34032432,15.96933333,16.588,17.21497297,17.83866667,18.448,19.01243243,19.625,20.19951351,20.75189189,21.26994595,21.77205556,22.25333333,22.70886486,23.14621622,23.51977778,23.91524324,24.27616216,24.604,24.91016216,25.18886486,25.46266667,25.72043243,25.92883333,26.17511111,26.34983784,26.51866667,26.71177778,26.83255556,26.95338889,27.0895,27.20783784,27.27166667,27.31911111,27.37266667,27.424,27.36888889,27.32333333,27.25,27.15,27.05377778,26.95733333,26.81911111,26.65911111,26.525,26.35355556,26.15466667,25.93365714,25.73983333,25.47605556,25.20994286,24.91566667,24.60266667,24.31,23.99083333,23.71348571,23.47966667,23.26617143,23.1076,22.98,22.8908,22.83634286,22.79655556,22.79183333,22.76165714,22.72022222,22.63668571,22.56044444,22.4088,22.15433333,21.82097143,21.3156,20.62533333,19.64371429,18.37228571,16.80748571,14.7968,12.55577143,10.3388,8.368228571,6.844114286,5.839771429,5.255032258,4.40237037,3.802444444,3.468518519,3.291777778,3.194153846,3.142888889,3.136444444,3.156814815,3.212444444,3.28237037,3.386,3.512,3.661538462,3.827846154,4.012888889,4.212615385,4.434,4.683615385,4.939461538,5.213076923,5.498076923,5.777692308,6.06,6.345153846,6.640230769,6.948307692,7.244461538,7.551384615,7.84048,8.118923077,8.402769231,8.670076923,8.96784,9.25888,9.56328,9.88608,10.18830769,10.498,10.7884,11.0908,11.43672,11.73569231,12.03136,12.36176,12.60088,12.79632,13.00384,13.15928,13.32291667,13.5004,13.6276,13.7896,13.90728,13.97528,14.08992,14.082,14.13666667,14.2288,14.30233333,14.31048,14.38908333,14.38275,14.41808,14.424,14.3805,14.32533333,14.226,14.106,13.9495,13.70817391,13.50066667,13.22904348,12.96347826,12.754,12.53175,12.291,12.13730435,11.96475,11.70695652,11.48104348,11.26217391,11.06043478,10.93991304,10.73991304,10.47165217,10.158,9.94373913,9.637130435,9.42626087,9.247391304,9.109478261,9.026,8.958363636,8.919545455,8.860181818,8.487818182,8.079565217,7.713217391,7.406,7.147,6.912173913,6.669454545,6.516,6.304727273,6.211,6.046380952,5.958727273,5.810181818,5.586545455,5.488,5.242666667,5.024727273,4.834909091,4.682,4.605,4.504285714,4.339454545,4.283142857,4.194363636,4.189714286
42.79052632,42.97173684,43.17542105,43.34442105,43.44705263,43.54952632,43.64221053,43.68805263,43.76936842,43.82031579,43.87215789,43.90110526,43.91236842,43.916,43.92126316,43.91663158,43.87426316,43.85535135,43.78168421,43.78589474,43.73663158,43.66168421,43.59052632,43.46884211,43.38505263,43.21373684,42.92689474,42.50505263,41.94584211,41.32718919,40.80978947,40.40652632,40.26031579,40.14967568,40.07615789,40.00484211,39.94589189,39.87410526,39.81621053,39.84108108,39.85073684,39.87454054,39.92768421,39.97421622,40.026,40.10657895,40.16673684,40.20075676,40.24589474,40.29805405,40.33536842,40.35610811,40.34983784,40.32557895,40.28715789,40.22605263,40.08897297,39.97757895,39.82778378,39.63305263,39.37956757,39.08718919,38.73178947,38.32248649,37.85031579,37.27621622,36.65005263,36.00167568,35.39794595,34.80105263,34.23264865,33.67663158,33.10772973,32.35502703,31.37647368,30.03297297,28.09075676,25.59313514,22.81854054,20.02956757,17.53524324,15.52789189,14.09108108,13.08567568,12.37832432,11.93616216,11.63751351,11.45686486,11.3587027,11.32659459,11.33740541,11.40508108,11.54221622,11.79454054,12.15508108,12.611,13.13027027,13.69405405,14.28021622,14.924,15.57308108,16.23733333,16.9112973,17.57162162,18.22572973,18.89140541,19.538,20.15756757,20.75488889,21.33075676,21.90194595,22.437,22.952,23.40886486,23.884,24.32216216,24.737,25.11740541,25.47133333,25.8152973,26.13683333,26.41077778,26.71778378,26.94777778,27.18144444,27.43086486,27.59583333,27.762,27.94838889,28.09855556,28.20066667,28.26233333,28.33594444,28.39466667,28.37555556,28.33394444,28.2675,28.16088889,28.04748571,27.92911111,27.783,27.62422222,27.44851429,27.26844444,27.072,26.821,26.58491429,26.30588889,26.01255556,25.6624,25.29927778,24.98245714,24.60817143,24.26382857,23.984,23.71697143,23.56266667,23.43097143,23.35748571,23.33183333,23.306,23.316,23.325,23.31674286,23.24611429,23.15662857,23.00148571,22.74548571,22.3524,21.78617143,21.0036,19.87141176,18.43314286,16.608,14.39211429,12.0024,9.744628571,7.810571429,6.4092,5.5408,4.9480625,4.138769231,3.649333333,3.360692308,3.217407407,3.136,3.095555556,3.084,3.097333333,3.138923077,3.197777778,3.278,3.371384615,3.486307692,3.625185185,3.78,3.950153846,4.134592593,4.347076923,4.584384615,4.817,5.057538462,5.308384615,5.569076923,5.824923077,6.093384615,6.373307692,6.66584,6.948,7.23224,7.497615385,7.773076923,8.039230769,8.327076923,8.62368,8.9056,9.233384615,9.54104,9.85576,10.17144,10.48312,10.85152,11.16,11.4844,11.82575,12.09952,12.324,12.52496,12.72866667,12.92856,13.14976,13.3235,13.50344,13.6588,13.75424,13.85296,13.89166667,13.958,14.0785,14.17512,14.18466667,14.2585,14.26112,14.26875,14.26516667,14.20041667,14.116,13.992,13.84366667,13.64683333,13.42208333,13.21469565,12.913,12.635,12.4,12.16025,11.887,11.71025,11.519,11.25426087,11.04121739,10.80313043,10.572,10.42747826,10.25330435,9.94973913,9.661826087,9.434695652,9.114782609,8.936818182,8.800521739,8.66426087,8.615818182,8.616695652,8.535391304,8.400695652,8.01373913,7.580909091,7.213636364,6.918,6.678521739,6.48,6.281636364,6.132,5.954,5.838727273,5.741272727,5.681818182,5.567181818,5.342363636,5.202636364,4.940727273,4.796,4.59952381,4.482181818,4.410545455,4.270909091,4.223714286,4.176727273,4.068857143,4.187428571
46.35723684,46.55986842,46.82894737,47.02061404,47.15219298,47.25451754,47.35092105,47.40109649,47.47434211,47.50877193,47.53627193,47.55447368,47.55434211,47.54083333,47.52868421,47.50122807,47.43885965,47.39545045,47.32008772,47.28561404,47.21,47.11350877,47.02350877,46.89026316,46.76460526,46.54969298,46.20758772,45.71232456,45.05907895,44.34918919,43.75263158,43.31403509,43.14482456,43.03220721,42.95236842,42.87850877,42.81004505,42.74017544,42.67263158,42.67527027,42.68197368,42.70301802,42.75535088,42.80540541,42.86333333,42.9422807,42.99131579,43.0322973,43.07263158,43.10725225,43.13350877,43.14666667,43.12373874,43.08842105,43.02789474,42.9504386,42.78972973,42.64114035,42.45986486,42.23824561,41.94225225,41.5972973,41.19535088,40.72932432,40.18587719,39.5295045,38.83096491,38.1045045,37.41810811,36.74614035,36.10252252,35.47385965,34.81436937,33.95283784,32.83171053,31.31783784,29.17581081,26.45427928,23.47702703,20.53324324,17.93490991,15.8704955,14.42324324,13.4345045,12.75427928,12.34445946,12.08382883,11.94707207,11.88707207,11.8831982,11.92599099,12.01959459,12.18675676,12.46941441,12.86490991,13.36333333,13.92693694,14.5313964,15.16220721,15.84777778,16.53135135,17.22898148,17.94076577,18.62936937,19.29954955,19.99490991,20.65833333,21.28738739,21.89962963,22.4836036,23.05896396,23.5925,24.10888889,24.58211712,25.06222222,25.50797297,25.92236111,26.30837838,26.67555556,27.03873874,27.37013889,27.6725,27.99698198,28.26018519,28.51564815,28.78121622,28.97671296,29.1725,29.38018519,29.55041667,29.66569444,29.75226852,29.84949074,29.93472222,29.9350463,29.90828704,29.84875,29.74430556,29.60985714,29.44944444,29.28833333,29.12185185,28.947,28.7612037,28.54833333,28.27361111,27.99219048,27.66032407,27.27962963,26.85133333,26.43837963,26.06980952,25.64933333,25.25633333,24.91666667,24.60747619,24.44,24.30009524,24.229,24.20680556,24.17833333,24.1797619,24.17138889,24.15295238,24.06304762,23.9502381,23.77119048,23.4877619,23.053,22.42571429,21.56842857,20.35264706,18.82309524,16.90452381,14.58209524,12.12790476,9.868714286,7.96847619,6.630285714,5.831095238,5.17796875,4.36974359,3.901358025,3.645769231,3.51308642,3.456666667,3.418148148,3.426481481,3.442222222,3.489487179,3.551666667,3.637777778,3.737051282,3.857179487,4.006604938,4.170128205,4.343717949,4.539074074,4.766153846,5.005,5.2575,5.505641026,5.768397436,6.035897436,6.300769231,6.566025641,6.859358974,7.162266667,7.44,7.734,8.001794872,8.269230769,8.516474359,8.783974359,9.055266667,9.309266667,9.606923077,9.8928,10.17866667,10.48033333,10.77373333,11.13393333,11.44566667,11.77433333,12.11458333,12.40246667,12.63886667,12.8682,13.1,13.32493333,13.58186667,13.77833333,14.01613333,14.179,14.30813333,14.4182,14.47256944,14.53833333,14.62611111,14.7282,14.75,14.83041667,14.8382,14.85895833,14.86055556,14.82,14.76479167,14.65,14.50388889,14.30055556,14.015,13.7626087,13.42541667,13.09833333,12.805,12.50291667,12.195,12.00479167,11.86493056,11.60782609,11.39565217,11.14434783,10.88434783,10.70521739,10.53456522,10.22681159,9.947608696,9.753623188,9.467681159,9.271893939,9.117246377,8.987971014,8.964090909,8.948550725,8.891811594,8.711666667,8.32384058,7.887121212,7.504621212,7.215,6.982318841,6.740833333,6.533939394,6.43,6.230606061,6.13469697,5.981666667,5.897575758,5.805378788,5.585833333,5.475227273,5.198030303,5.027651515,4.869206349,4.728863636,4.722121212,4.545909091,4.430714286,4.405909091,4.360873016,4.419603175
44.48118421,44.40004274,44.35149123,44.48421053,44.64653846,44.79004386,44.88692308,44.92403509,44.98649123,45.01641026,45.0545614,45.07657895,45.09302632,45.09230769,45.08166667,45.06026316,45.02833333,45.00149123,44.93061404,44.88636752,44.8095614,44.71714912,44.6375,44.52114035,44.41912281,44.21609649,43.9022807,43.44096491,42.87649123,42.30105263,41.83017544,41.48157895,41.32149123,41.22495614,41.16578947,41.09605263,41.02912281,40.97315789,40.91587719,40.92436937,40.93758772,40.97969298,41.02954955,41.07359649,41.11614035,41.18423423,41.22324561,41.25184685,41.28780702,41.31824324,41.34416667,41.35605263,41.34596491,41.32441441,41.27964912,41.20245614,41.05026316,40.91932432,40.76189189,40.57140351,40.31585586,40.01666667,39.64198198,39.22421053,38.74175439,38.16774775,37.55545045,36.94225225,36.34734234,35.77377193,35.21972973,34.68035088,34.09238739,33.31675676,32.27780702,30.84801802,28.80144144,26.20081081,23.38166667,20.51315315,18.03216216,16.05387387,14.65198198,13.67112613,12.98565789,12.55393519,12.2702193,12.09407407,12.00692982,11.98018519,12.0031982,12.09121622,12.26707207,12.57121622,12.99058559,13.50063063,14.08041667,14.70761261,15.34869369,16.04388889,16.74220721,17.44513514,18.15791667,18.86067568,19.53117117,20.23333333,20.90234234,21.55436937,22.1795045,22.78634259,23.35777778,23.9027027,24.43630631,24.9037037,25.3768018,25.81166667,26.2237037,26.59837838,26.95617117,27.28833333,27.59468468,27.87666667,28.17055556,28.39963964,28.61555556,28.84407407,29.01472222,29.17560185,29.35013889,29.50761261,29.60333333,29.67796296,29.75638889,29.81833333,29.7737037,29.73259259,29.65194444,29.55055556,29.45203704,29.34666667,29.20722222,29.04203704,28.90166667,28.71388889,28.49611111,28.2487619,28.01791667,27.71407407,27.39390476,27.02453704,26.66666667,26.30375,25.92810185,25.56857143,25.25675926,24.99490476,24.8207619,24.71166667,24.65590476,24.62333333,24.6125,24.62194444,24.61152381,24.58638889,24.5087619,24.42333333,24.255,23.96768519,23.57428571,22.97685714,22.16180556,21.01238095,19.52071429,17.69395238,15.37028571,12.79885714,10.288,8.089952381,6.443809524,5.404571429,4.821344086,3.884259259,3.311111111,3.003518519,2.842222222,2.746538462,2.69191358,2.670925926,2.670925926,2.698888889,2.753148148,2.828024691,2.919166667,3.034615385,3.172307692,3.320740741,3.488461538,3.696666667,3.912628205,4.156346154,4.427628205,4.702051282,4.978461538,5.2625,5.553653846,5.853974359,6.178461538,6.506410256,6.837179487,7.163333333,7.474615385,7.802435897,8.114935897,8.461133333,8.8016,9.146133333,9.525666667,9.884423077,10.25333333,10.60593333,10.96206667,11.37666667,11.74057692,12.0876,12.48006667,12.78273333,13.041,13.2906,13.50693333,13.70145833,13.93266667,14.10486667,14.31153333,14.45393333,14.535,14.6738,14.675,14.75451389,14.84513333,14.94222222,14.97193333,15.05909722,15.06208333,15.09653333,15.10916667,15.07833333,15.03388889,14.93041667,14.800625,14.61395833,14.35369565,14.10527778,13.79050725,13.49231884,13.21666667,12.97354167,12.68375,12.46789855,12.26243056,11.97246377,11.73478261,11.47601449,11.2223913,11.07007246,10.85572464,10.53855072,10.21369565,9.93326087,9.570072464,9.320144928,9.109565217,8.939492754,8.824057971,8.766818182,8.702121212,8.59469697,8.184545455,7.732608696,7.318768116,6.971666667,6.687424242,6.434855072,6.173939394,6.005,5.825757576,5.664166667,5.517301587,5.438030303,5.301363636,5.118787879,4.956136364,4.661031746,4.51030303,4.320227273,4.146363636,4.078333333,3.971190476,3.84,3.77452381,3.713030303,3.739761905
44.05118421,44.28635965,44.53850877,44.78188596,44.94745614,45.09201754,45.19785088,45.25578947,45.32333333,45.37868421,45.4195614,45.44881579,45.45407895,45.44916667,45.44017544,45.4247807,45.36982456,45.33509009,45.24947368,45.22184211,45.13719298,45.03859649,44.95078947,44.81403509,44.69964912,44.4875,44.15307018,43.65578947,43.01622807,42.30752252,41.71412281,41.26114035,41.0572807,40.9140991,40.82070175,40.73855263,40.66337838,40.58684211,40.51666667,40.51405405,40.52184211,40.55054054,40.60789474,40.65400901,40.71,40.78425439,40.83578947,40.87315315,40.91535088,40.96238739,41.00096491,41.01905405,41.00608108,40.97903509,40.92815789,40.85798246,40.7022973,40.56070175,40.38531532,40.17210526,39.8809009,39.54540541,39.1404386,38.67400901,38.13438596,37.49351351,36.80776316,36.09252252,35.41995495,34.77131579,34.15797297,33.5604386,32.93454955,32.12792793,31.07653509,29.65045045,27.59531532,24.97783784,22.11882883,19.30378378,16.81653153,14.84211712,13.45135135,12.48175676,11.79891892,11.3672973,11.07513514,10.8927027,10.7890991,10.7472973,10.75072072,10.80747748,10.93076577,11.16518018,11.50301802,11.92958333,12.42572072,12.95945946,13.51873874,14.14388889,14.76806306,15.41009259,16.07256757,16.72252252,17.36495495,18.02801802,18.67148148,19.29162162,19.89527778,20.4786036,21.05855856,21.60472222,22.13027778,22.60427928,23.09027778,23.53702703,23.96083333,24.35171171,24.71833333,25.06887387,25.3925,25.68101852,25.98941441,26.23481481,26.46814815,26.71653153,26.89569444,27.07333333,27.2600463,27.40347222,27.50333333,27.57601852,27.65125,27.71388889,27.70111111,27.66421296,27.59833333,27.49615741,27.38080952,27.26240741,27.11472222,26.955,26.76842857,26.57453704,26.36666667,26.11111111,25.86790476,25.57236111,25.24898148,24.87928571,24.50180556,24.16580952,23.77295238,23.41057143,23.11,22.82771429,22.66722222,22.53757143,22.47566667,22.4525,22.435,22.44,22.45166667,22.451,22.377,22.28952381,22.12419048,21.86066667,21.45166667,20.8622381,20.05880952,18.91441176,17.49142857,15.7052381,13.547,11.257,9.168333333,7.427666667,6.201333333,5.459,4.929114583,4.225128205,3.796419753,3.540833333,3.399259259,3.32,3.257592593,3.239074074,3.232777778,3.26,3.307592593,3.375555556,3.448205128,3.548782051,3.667654321,3.802820513,3.941538462,4.095864198,4.28474359,4.481282051,4.6875,4.896025641,5.112564103,5.332564103,5.556538462,5.788846154,6.04,6.3018,6.55,6.816266667,7.060192308,7.308589744,7.552115385,7.809871795,8.086533333,8.353333333,8.658076923,8.9528,9.2426,9.544266667,9.836466667,10.1868,10.48666667,10.804,11.12375,11.38786667,11.59606667,11.79466667,11.99833333,12.18566667,12.38746667,12.55541667,12.7438,12.87733333,12.97553333,13.06566667,13.09493056,13.15,13.24194444,13.32446667,13.34083333,13.40333333,13.39666667,13.398125,13.38958333,13.32972222,13.258125,13.12625,12.98111111,12.83319444,12.61979167,12.4284058,12.15166667,11.90458333,11.6925,11.46541667,11.23,11.06604167,10.89840278,10.65007246,10.44586957,10.23297101,10.00108696,9.852463768,9.679927536,9.399637681,9.09,8.897101449,8.612101449,8.443636364,8.280724638,8.177898551,8.15969697,8.135652174,8.118188406,7.978913043,7.590072464,7.185151515,6.851212121,6.601666667,6.35673913,6.175833333,6.006742424,5.868333333,5.743787879,5.665151515,5.551969697,5.47,5.364015152,5.165227273,5.056287879,4.837272727,4.692348485,4.528095238,4.441060606,4.341818182,4.231666667,4.166507937,4.142121212,4.073571429,4.158253968
43.64694737,43.79820513,44.01610526,44.20768421,44.29584615,44.38210526,44.45230769,44.46463158,44.51126316,44.53184615,44.55715789,44.57,44.56763158,44.56261538,44.562,44.534,44.50042105,44.47136842,44.41989474,44.39369231,44.33457895,44.26789474,44.202,44.09694737,44.01536842,43.864,43.63347368,43.28378947,42.82405263,42.34357895,41.95105263,41.65978947,41.54268421,41.47705263,41.42852632,41.37515789,41.32378947,41.28347368,41.23315789,41.25108108,41.25084211,41.27547368,41.31654054,41.35336842,41.38284211,41.43605405,41.47131579,41.48805405,41.51021053,41.53194595,41.546,41.54510526,41.52715789,41.5012973,41.45084211,41.39263158,41.25736842,41.15324324,41.02702703,40.872,40.66064865,40.41705263,40.12259459,39.78694737,39.40168421,38.92810811,38.40221622,37.87935135,37.36778378,36.86505263,36.38464865,35.91284211,35.39686486,34.71524324,33.79410526,32.52827027,30.69713514,28.30956757,25.63831579,22.79854054,20.24545946,18.15162162,16.64805405,15.61291892,14.90694737,14.49327778,14.24315789,14.12011111,14.09221053,14.126,14.20362162,14.34124324,14.57054054,14.94708108,15.44221622,16.03448649,16.695,17.398,18.10578378,18.85866667,19.60064865,20.3412973,21.07316667,21.79227027,22.46535135,23.161,23.80994595,24.44059459,25.02643243,25.59677778,26.134,26.64135135,27.12313514,27.54577778,27.97583784,28.37032432,28.73377778,29.06886486,29.38681081,29.68933333,29.97362162,30.21616667,30.48272222,30.68713514,30.89088889,31.09377778,31.23822222,31.37711111,31.54266667,31.68118919,31.757,31.81577778,31.88477778,31.944,31.88966667,31.84066667,31.752,31.63866667,31.52233333,31.40333333,31.24877778,31.08733333,30.96,30.79,30.585,30.35142857,30.12766667,29.83344444,29.5316,29.17722222,28.83933333,28.50583333,28.143,27.80274286,27.51655556,27.27005714,27.09777143,26.974,26.89777143,26.84537143,26.81655556,26.80094444,26.77657143,26.74177778,26.65051429,26.55888889,26.3924,26.11055556,25.72737143,25.14017143,24.33983333,23.20828571,21.69971429,19.83217143,17.38771429,14.60497143,11.7792,9.219485714,7.201142857,5.861485714,5.103483871,4.212074074,3.423777778,2.984074074,2.752666667,2.632461538,2.574148148,2.576888889,2.610222222,2.693481481,2.79562963,2.936222222,3.106,3.313384615,3.546076923,3.808666667,4.090769231,4.412,4.760307692,5.126692308,5.522923077,5.921307692,6.324615385,6.72,7.119384615,7.520384615,7.941230769,8.352461538,8.752615385,9.14376,9.506615385,9.888538462,10.24046154,10.63192,11.0112,11.39376,11.802,12.18076923,12.5724,12.93936,13.31072,13.72752,14.09384615,14.44376,14.85504,15.15768,15.42256,15.68152,15.90064,16.10033333,16.3316,16.49872,16.688,16.8284,16.91128,17.06704,17.076,17.1635,17.282,17.36966667,17.39128,17.49091667,17.498,17.53408,17.538,17.49116667,17.42933333,17.319,17.17225,16.97058333,16.66921739,16.402,16.04808696,15.70373913,15.425,15.12875,14.8205,14.59721739,14.40008333,14.08617391,13.826,13.54973913,13.2793913,13.11521739,12.88434783,12.53965217,12.19452174,11.92252174,11.52426087,11.3046087,11.05408696,10.87321739,10.71121739,10.61109091,10.50363636,10.39463636,9.970727273,9.47226087,9.039826087,8.648,8.326909091,8.039217391,7.742909091,7.478,7.223272727,7.008,6.846952381,6.654909091,6.482363636,6.192,5.989181818,5.69152381,5.462545455,5.219727273,5.010181818,4.836,4.707714286,4.548545455,4.433904762,4.310181818,4.376190476
42.44515789,42.68979487,42.89652632,43.11031579,43.23723077,43.34742105,43.42507692,43.43968421,43.49484211,43.52292308,43.55326316,43.57078947,43.57763158,43.574,43.57,43.54536842,43.50915789,43.48315789,43.42989474,43.39805128,43.33110526,43.25063158,43.187,43.07931579,42.98926316,42.82042105,42.57173684,42.18942105,41.68863158,41.16342105,40.72668421,40.41973684,40.28815789,40.21121053,40.15726316,40.09610526,40.04368421,39.99210526,39.94336842,39.95340541,39.96273684,39.99568421,40.04032432,40.07915789,40.12705263,40.19097297,40.22931579,40.25016216,40.27957895,40.30891892,40.329,40.33236842,40.31442105,40.29335135,40.249,40.18526316,40.04957895,39.938,39.80021622,39.63431579,39.41178378,39.14852632,38.83281081,38.47915789,38.05894737,37.54648649,36.99448649,36.43843243,35.90151351,35.36715789,34.86162162,34.36842105,33.83621622,33.12491892,32.17263158,30.86394595,28.99135135,26.56767568,23.87726316,21.06972973,18.57254054,16.54627027,15.10113514,14.09843243,13.41110526,13.00183333,12.752,12.61766667,12.57715789,12.59622222,12.65827027,12.78043243,12.99248649,13.33491892,13.79924324,14.35551351,14.978,15.64135135,16.31637838,17.03666667,17.75140541,18.46843243,19.18183333,19.88843243,20.55118919,21.233,21.87675676,22.50108108,23.08724324,23.65677778,24.192,24.70356757,25.19978378,25.628,26.0607027,26.45983784,26.83644444,27.18237838,27.51459459,27.82533333,28.12037838,28.37866667,28.65516667,28.87027027,29.08111111,29.30277778,29.46083333,29.60388889,29.781,29.92594595,30.015,30.08577778,30.15233333,30.22,30.17555556,30.13422222,30.051,29.93266667,29.81633333,29.68733333,29.53533333,29.37333333,29.247,29.07977778,28.881,28.64605714,28.416,28.11883333,27.80428571,27.44877778,27.10066667,26.75566667,26.39005556,26.03988571,25.73855556,25.4948,25.32445714,25.213,25.14177143,25.10325714,25.08577778,25.08377778,25.06565714,25.03177778,24.95525714,24.868,24.7,24.42822222,24.05542857,23.47017143,22.68016667,21.55657143,20.07371429,18.24811429,15.89097143,13.23622857,10.5884,8.228114286,6.4136,5.248914286,4.594387097,3.716666667,3.048962963,2.683407407,2.492444444,2.379538462,2.327407407,2.324,2.336962963,2.390444444,2.469185185,2.58037037,2.708,2.869846154,3.053076923,3.264222222,3.488307692,3.756,4.049307692,4.358923077,4.695,5.036384615,5.379615385,5.727,6.078692308,6.424692308,6.797846154,7.162923077,7.533923077,7.8816,8.219384615,8.567923077,8.889076923,9.24472,9.5888,9.94392,10.31992,10.67015385,11.0248,11.37072,11.71952,12.12352,12.46869231,12.81608,13.20392,13.50192,13.75704,14.00552,14.21712,14.41316667,14.6464,14.81736,15.01808,15.16464,15.25664,15.4148,15.426,15.50925,15.61272,15.71333333,15.74688,15.83433333,15.852,15.88544,15.894,15.8505,15.78933333,15.6815,15.5425,15.354,15.06313043,14.806,14.45373913,14.11382609,13.835,13.5415,13.2265,13.0133913,12.8265,12.54356522,12.29521739,12.03982609,11.76582609,11.59695652,11.38982609,11.07365217,10.74634783,10.49226087,10.134,9.889391304,9.692086957,9.50373913,9.399043478,9.303636364,9.222363636,9.123454545,8.732181818,8.272608696,7.844608696,7.502,7.199909091,6.938608696,6.650181818,6.43,6.168727273,6.043,5.847047619,5.696181818,5.57,5.305636364,5.170909091,4.859904762,4.652363636,4.511090909,4.295272727,4.146,3.999142857,3.860727273,3.782190476,3.727727273,3.765809524
44.74310526,45.01084211,45.30689474,45.54478947,45.72110526,45.87478947,46.00252632,46.06615789,46.14984211,46.20452632,46.24526316,46.27163158,46.29126316,46.288,46.28473684,46.26436842,46.21310526,46.18064865,46.09410526,46.05357895,45.96694737,45.86873684,45.77536842,45.63526316,45.50789474,45.27663158,44.92005263,44.39336842,43.69831579,42.94751351,42.32936842,41.87178947,41.66463158,41.51394595,41.40578947,41.32131579,41.24183784,41.15947368,41.08,41.08378378,41.09768421,41.13351351,41.19242105,41.25783784,41.32,41.40421053,41.47336842,41.51659459,41.56789474,41.61432432,41.65431579,41.67448649,41.67183784,41.64663158,41.59294737,41.52221053,41.36194595,41.21073684,41.02281081,40.79673684,40.49551351,40.13189189,39.70894737,39.21486486,38.64505263,37.96227027,37.23405263,36.4827027,35.77394595,35.09221053,34.4412973,33.80821053,33.14627027,32.28854054,31.16326316,29.63854054,27.46702703,24.73437838,21.77356757,18.8852973,16.35827027,14.36735135,12.97010811,12.00254054,11.31864865,10.89043243,10.60572973,10.42102703,10.32210811,10.28189189,10.28659459,10.34616216,10.47016216,10.70351351,11.04027027,11.4705,11.96286486,12.49837838,13.06064865,13.68333333,14.31064865,14.95711111,15.6247027,16.27691892,16.9052973,17.58837838,18.23577778,18.85945946,19.47133333,20.06237838,20.64345946,21.19077778,21.71933333,22.20281081,22.697,23.15989189,23.5845,23.98064865,24.35933333,24.72513514,25.06266667,25.36811111,25.68778378,25.94244444,26.19155556,26.44875676,26.63672222,26.82,27.0115,27.17172222,27.2785,27.35111111,27.42472222,27.48416667,27.46805556,27.42733333,27.353,27.23466667,27.10685714,26.96177778,26.80233333,26.62155556,26.42142857,26.22044444,26.02228571,25.769,25.52,25.22766667,24.90122222,24.522,24.1375,23.80034286,23.4032,23.03228571,22.726,22.44531429,22.29466667,22.17942857,22.12154286,22.1105,22.104,22.12142857,22.13333333,22.13674286,22.07022857,21.98748571,21.82674286,21.56765714,21.1576,20.57257143,19.76097143,18.61258824,17.16971429,15.376,13.21182857,10.93068571,8.8584,7.146,5.9512,5.242,4.6939375,4.018153846,3.601111111,3.352692308,3.219185185,3.146,3.088666667,3.063333333,3.052666667,3.073846154,3.113333333,3.174666667,3.242461538,3.34,3.446296296,3.565076923,3.693538462,3.839777778,4.016769231,4.202538462,4.396,4.589384615,4.796,5.003076923,5.216923077,5.437384615,5.678769231,5.9308,6.166,6.41096,6.647692308,6.881538462,7.109461538,7.351076923,7.60648,7.85296,8.144923077,8.42008,8.70168,8.9912,9.27544,9.60928,9.904,10.2116,10.52425,10.78328,10.98144,11.18664,11.39133333,11.57912,11.79952,11.975,12.16504,12.306,12.41,12.5092,12.53025,12.594,12.68425,12.76912,12.78933333,12.855,12.86248,12.866,12.869,12.81766667,12.724,12.607,12.46233333,12.287,12.06216667,11.85852174,11.584,11.31775,11.087,10.85325,10.6055,10.44525,10.29533333,10.04686957,9.848086957,9.636,9.430956522,9.290956522,9.123391304,8.843043478,8.565043478,8.375217391,8.095391304,7.925363636,7.772869565,7.715043478,7.709818182,7.708782609,7.68626087,7.56573913,7.174956522,6.784545455,6.453090909,6.188,5.992956522,5.789,5.614818182,5.528,5.377090909,5.294909091,5.185818182,5.103272727,5.077272727,4.878909091,4.784363636,4.584909091,4.405,4.264857143,4.179727273,4.084,3.992909091,3.965809524,3.928181818,3.83247619,3.955619048
45.19478947,45.43721053,45.68657895,45.90868421,46.06263158,46.20489474,46.30963158,46.36010526,46.43984211,46.49831579,46.54794737,46.56642105,46.58852632,46.589,46.59763158,46.59436842,46.55115789,46.53021622,46.45084211,46.44031579,46.38063158,46.29831579,46.23778947,46.11484211,46.02315789,45.85642105,45.58010526,45.16694737,44.60663158,43.96772973,43.42115789,42.97052632,42.78589474,42.65664865,42.57168421,42.49552632,42.42497297,42.34831579,42.26884211,42.28016216,42.28763158,42.30448649,42.36410526,42.40821622,42.461,42.53605263,42.59568421,42.63378378,42.67136842,42.71059459,42.75231579,42.77572973,42.76837838,42.74757895,42.70126316,42.64073684,42.49037838,42.37042105,42.21605405,42.02210526,41.75459459,41.45275676,41.07894737,40.66324324,40.16947368,39.57145946,38.92463158,38.24551351,37.59454054,36.95947368,36.35297297,35.76105263,35.15751351,34.36497297,33.35121053,31.95951351,29.95281081,27.31583784,24.32772973,21.27627027,18.4967027,16.23281081,14.60086486,13.44951351,12.63854054,12.11778378,11.77362162,11.56189189,11.44837838,11.40118919,11.41113514,11.48194595,11.62924324,11.89518919,12.28113514,12.77283333,13.34362162,13.96167568,14.60502703,15.316,16.02659459,16.754,17.49491892,18.22124324,18.93718919,19.664,20.37111111,21.04324324,21.70011111,22.31994595,22.93859459,23.51144444,24.065,24.56772973,25.078,25.54648649,25.9875,26.39810811,26.78,27.15416216,27.50616667,27.808,28.15156757,28.42022222,28.68044444,28.95827027,29.15122222,29.346,29.55972222,29.74216667,29.87483333,29.97627778,30.08044444,30.1695,30.169,30.14138889,30.085,29.982,29.87325714,29.74622222,29.59066667,29.43977778,29.27651429,29.1025,28.90542857,28.63933333,28.37542857,28.06127778,27.71022222,27.30485714,26.89572222,26.54577143,26.12611429,25.73622857,25.405,25.10302857,24.936,24.79451429,24.71617143,24.695,24.666,24.67171429,24.68333333,24.68971429,24.612,24.51702857,24.34514286,24.07771429,23.6612,23.06097143,22.22725714,21.01564706,19.48142857,17.50885714,15.11588571,12.51382857,10.04354286,7.918914286,6.382857143,5.439485714,4.9198125,4.094769231,3.589407407,3.305461538,3.140888889,3.058,2.998222222,2.974888889,2.974,3.001846154,3.052888889,3.136,3.224307692,3.348307692,3.489111111,3.643846154,3.820923077,4.011555556,4.237769231,4.473846154,4.737,4.996076923,5.265230769,5.542769231,5.823230769,6.113846154,6.426923077,6.74008,7.038,7.3612,7.652461538,7.954,8.242461538,8.548307692,8.8588,9.17,9.502769231,9.83664,10.17472,10.51784,10.85208,11.24576,11.5936,11.9468,12.31775,12.6312,12.88424,13.1296,13.368,13.60216,13.85408,14.046,14.2756,14.4308,14.552,14.67504,14.7295,14.8,14.91458333,15.0316,15.06066667,15.135,15.17696,15.19825,15.2145,15.16658333,15.099,14.992,14.84266667,14.65016667,14.32958333,14.08530435,13.734,13.41625,13.117,12.84125,12.5505,12.3525,12.16541667,11.90869565,11.634,11.39226087,11.1326087,10.9473913,10.73826087,10.40747826,10.10678261,9.852521739,9.532782609,9.331818182,9.148608696,9.013304348,8.934181818,8.912173913,8.823478261,8.667130435,8.222521739,7.789454545,7.375909091,7.08,6.784347826,6.569,6.324363636,6.194,6.001090909,5.892727273,5.711454545,5.630909091,5.511363636,5.281909091,5.139818182,4.921818182,4.739909091,4.573047619,4.426272727,4.352181818,4.234,4.108666667,4.076,3.997619048,4.014285714
43.87478947,44.01010526,44.17021053,44.27936842,44.33594737,44.38863158,44.43868421,44.46242105,44.53031579,44.56521053,44.58421053,44.59468421,44.60126316,44.601,44.59910526,44.59410526,44.54736842,44.53205405,44.47052632,44.48189474,44.44,44.38421053,44.33210526,44.23642105,44.17389474,44.04947368,43.84552632,43.53673684,43.12484211,42.65681081,42.26705263,41.94747368,41.83905263,41.75237838,41.68615789,41.61705263,41.55275676,41.49452632,41.43610526,41.45389189,41.45652632,41.45924324,41.48652632,41.51827027,41.548,41.60515789,41.63947368,41.66286486,41.68594737,41.71989189,41.73957895,41.74637838,41.73464865,41.71273684,41.66957895,41.62494737,41.50972973,41.41894737,41.30891892,41.16410526,40.96362162,40.73664865,40.47968421,40.17572973,39.81852632,39.36983784,38.89231579,38.38454054,37.9192973,37.44347368,36.99416216,36.552,36.10702703,35.496,34.71089474,33.60843243,32,29.84659459,27.34848649,24.67135135,22.14745946,20.01275676,18.41621622,17.26216216,16.42627027,15.89048649,15.52448649,15.30108108,15.17924324,15.13789189,15.15367568,15.23086486,15.398,15.69210811,16.11318919,16.64066667,17.24594595,17.88189189,18.54264865,19.256,19.95416216,20.66277778,21.37167568,22.05972973,22.72135135,23.39540541,24.03844444,24.65210811,25.23266667,25.78324324,26.32762162,26.82788889,27.30583333,27.72508108,28.159,28.55281081,28.9235,29.27248649,29.58466667,29.89302703,30.1785,30.41827778,30.71075676,30.92133333,31.12966667,31.35535135,31.4995,31.6505,31.83238889,31.98044444,32.07883333,32.14861111,32.2375,32.31883333,32.3025,32.26022222,32.1945,32.09855556,31.99542857,31.87777778,31.74166667,31.60866667,31.48137143,31.34316667,31.178,30.955,30.75011429,30.49083333,30.20522222,29.87371429,29.53994444,29.26108571,28.91114286,28.59754286,28.346,28.08897143,27.946,27.81445714,27.73948571,27.71383333,27.67,27.66485714,27.67533333,27.67422857,27.59525714,27.51085714,27.36725714,27.13114286,26.7724,26.24902857,25.52691429,24.44858824,23.04514286,21.17028571,18.82205714,16.07462857,13.24868571,10.56474286,8.412228571,6.891428571,6.244,5.111076923,4.251111111,3.758461538,3.466888889,3.314,3.229111111,3.218222222,3.242666667,3.325230769,3.445111111,3.599333333,3.789692308,4.017230769,4.28162963,4.564615385,4.874461538,5.215333333,5.591384615,5.979692308,6.392,6.794230769,7.208153846,7.629076923,8.036923077,8.449076923,8.871615385,9.296,9.69,10.08992,10.46115385,10.83476923,11.20607692,11.58892308,11.9852,12.35784,12.76769231,13.15904,13.54448,13.9348,14.31344,14.75672,15.1184,15.5,15.9005,16.23896,16.50208,16.76232,17.00133333,17.23376,17.47744,17.659,17.874,18.0112,18.12296,18.2496,18.29566667,18.382,18.51116667,18.63288,18.64866667,18.7695,18.77584,18.80825,18.81683333,18.77466667,18.702,18.581,18.427,18.2255,17.88233333,17.61295652,17.244,16.90375,16.583,16.2735,15.955,15.7585,15.55375,15.23417391,14.96217391,14.66321739,14.38608696,14.22521739,14.00182609,13.65643478,13.3106087,13.0493913,12.62686957,12.41909091,12.19043478,12.01869565,11.91509091,11.78104348,11.66782609,11.44382609,11.00382609,10.49963636,10.05872727,9.712,9.365478261,9.065,8.761636364,8.51,8.245818182,8.047272727,7.823818182,7.625090909,7.474090909,7.126,6.902363636,6.568,6.306909091,6.066,5.825363636,5.733636364,5.513363636,5.315619048,5.274181818,5.141809524,5.201238095
45.18347368,45.32215789,45.50547368,45.66547368,45.74573684,45.83389474,45.90984211,45.94368421,46.01447368,46.03073684,46.05042105,46.06442105,46.07342105,46.059,46.05110526,46.03236842,45.98110526,45.93610811,45.85884211,45.85421053,45.80557895,45.74136842,45.66526316,45.54757895,45.46484211,45.28847368,45.02268421,44.63631579,44.14752632,43.62940541,43.21578947,42.89473684,42.76263158,42.65367568,42.56473684,42.48221053,42.40183784,42.30905263,42.23115789,42.23951351,42.24163158,42.25437838,42.28484211,42.31091892,42.35,42.41478947,42.44821053,42.46583784,42.49647368,42.52562162,42.54168421,42.55124324,42.53383784,42.502,42.44410526,42.38257895,42.25081081,42.14315789,42.00394595,41.83063158,41.59367568,41.33189189,41.01273684,40.6552973,40.24021053,39.73351351,39.18626316,38.61605405,38.09572973,37.58431579,37.08535135,36.59189474,36.07859459,35.38394595,34.45810526,33.17264865,31.30783784,28.90232432,26.21151351,23.48021622,21.00427027,18.97832432,17.49016216,16.41583784,15.62681081,15.10972973,14.74832432,14.51491892,14.38259459,14.32205405,14.31886486,14.38989189,14.55097297,14.83821622,15.24145946,15.74233333,16.31291892,16.91621622,17.54335135,18.226,18.89691892,19.58622222,20.28135135,20.95275676,21.61513514,22.26843243,22.90355556,23.50416216,24.08233333,24.63913514,25.18362162,25.681,26.16566667,26.59135135,27.03333333,27.44010811,27.81783333,28.17227027,28.49933333,28.82427027,29.12266667,29.39288889,29.68102703,29.90422222,30.14066667,30.38697297,30.54094444,30.702,30.87977778,31.04172222,31.1485,31.22677778,31.31011111,31.38433333,31.37194444,31.32988889,31.2475,31.13322222,31.01102857,30.87266667,30.721,30.58022222,30.42982857,30.27511111,30.10628571,29.87766667,29.6492,29.37916667,29.07377778,28.71222857,28.36333333,28.0656,27.69931429,27.34851429,27.088,26.85674286,26.748,26.65131429,26.60485714,26.58816667,26.572,26.586,26.59666667,26.59771429,26.52822857,26.44662857,26.29691429,26.04937143,25.6868,25.1368,24.36714286,23.24223529,21.80542857,19.90714286,17.56782857,14.94097143,12.34788571,9.987085714,8.189085714,6.994571429,6.4040625,5.401384615,4.671185185,4.263076923,4.033259259,3.896,3.819111111,3.799111111,3.815333333,3.870307692,3.950888889,4.072,4.212153846,4.391769231,4.590518519,4.818769231,5.064,5.326666667,5.630538462,5.950615385,6.28,6.609307692,6.948307692,7.295384615,7.625692308,7.966153846,8.331692308,8.69104,9.026,9.37512,9.691076923,10.01015385,10.32061538,10.65092308,10.98936,11.30656,11.66430769,12.01,12.35456,12.7,13.03536,13.4476,13.788,14.134,14.50475,14.8156,15.0704,15.31904,15.558,15.77696,16.02176,16.211,16.42808,16.5784,16.69032,16.81736,16.86166667,16.96,17.07466667,17.19432,17.24133333,17.3465,17.35992,17.38375,17.421,17.35983333,17.28975,17.165,17.009,16.79733333,16.47675,16.1933913,15.823,15.496,15.197,14.87975,14.564,14.3785,14.20291667,13.92017391,13.66417391,13.37791304,13.1246087,12.93747826,12.76817391,12.42191304,12.10886957,11.88634783,11.54573913,11.35163636,11.17608696,11.0046087,10.93854545,10.85330435,10.76391304,10.58617391,10.15217391,9.701272727,9.316818182,8.976,8.663043478,8.42,8.133181818,7.934,7.715272727,7.540909091,7.322545455,7.231818182,7.089090909,6.787454545,6.594363636,6.320363636,6.080636364,5.867714286,5.676454545,5.54,5.424090909,5.296285714,5.172909091,5.077619048,5.208571429
45.22096491,45.20128205,45.2545614,45.4795614,45.585,45.69355263,45.77128205,45.79087719,45.83570175,45.85525641,45.87859649,45.88899123,45.8920614,45.87807692,45.865,45.83780702,45.80552632,45.76368421,45.69535088,45.66628205,45.60324561,45.52127193,45.45666667,45.35263158,45.25065789,45.06223684,44.78447368,44.37578947,43.86460526,43.3522807,42.94675439,42.67311404,42.55907895,42.48618421,42.43982456,42.38921053,42.33675439,42.28333333,42.23587719,42.25202703,42.26267544,42.29416667,42.33063063,42.35982456,42.39096491,42.44148649,42.47276316,42.48756757,42.50824561,42.5327027,42.55083333,42.55092105,42.5354386,42.50459459,42.44754386,42.37710526,42.2327193,42.11211712,41.96846847,41.78964912,41.55072072,41.27552632,40.94653153,40.56899123,40.13640351,39.61310811,39.0509009,38.48486486,37.93864865,37.40736842,36.89882883,36.39280702,35.84211712,35.08297297,34.06092105,32.64675676,30.60072072,27.97261261,25.09574561,22.12216216,19.52058559,17.4359009,15.96067568,14.94040541,14.2375,13.81527778,13.55109649,13.40388889,13.35315789,13.36388889,13.42202703,13.55157658,13.77891892,14.15391892,14.65662162,15.25527027,15.93041667,16.64716216,17.3786036,18.15666667,18.93603604,19.70914414,20.48236111,21.24369369,21.97013514,22.72083333,23.42540541,24.1054955,24.75540541,25.38263889,25.96833333,26.52355856,27.05698198,27.53055556,28.00315315,28.43373874,28.83759259,29.20698198,29.55918919,29.88555556,30.18887387,30.45111111,30.73453704,30.94797297,31.15833333,31.38083333,31.54115741,31.68583333,31.85652778,32.00864865,32.09472222,32.16666667,32.24944444,32.32166667,32.29231481,32.26592593,32.2025,32.10666667,32.01824074,31.91833333,31.77166667,31.60462963,31.47333333,31.29314815,31.0737037,30.8367619,30.59763889,30.28523148,29.95742857,29.57768519,29.20722222,28.82833333,28.42189815,28.0432381,27.71537037,27.44419048,27.25295238,27.12416667,27.03804762,26.99195238,26.9612037,26.94388889,26.91671429,26.8737037,26.79042857,26.7037037,26.51033333,26.20490741,25.80219048,25.18104762,24.33361111,23.135,21.56,19.62780952,17.10328571,14.24995238,11.40333333,8.874095238,6.93052381,5.675952381,4.968225806,3.97154321,3.306790123,2.925432099,2.735,2.631025641,2.573148148,2.56345679,2.580432099,2.632345679,2.706851852,2.818209877,2.953333333,3.115897436,3.303397436,3.521604938,3.756025641,4.028333333,4.329487179,4.650641026,5.00474359,5.364166667,5.725384615,6.093333333,6.468653846,6.852884615,7.263076923,7.669358974,8.084871795,8.490866667,8.874871795,9.283525641,9.658525641,10.06666667,10.47506667,10.88293333,11.3184,11.72705128,12.151,12.5528,12.96406667,13.4248,13.82448718,14.2232,14.6628,15,15.2858,15.57613333,15.8204,16.051875,16.308,16.49633333,16.72293333,16.879,16.9764,17.12506667,17.13,17.213125,17.31686667,17.38916667,17.39926667,17.491875,17.47166667,17.49006667,17.49666667,17.43402778,17.36222222,17.24583333,17.10979167,16.93722222,16.65913043,16.42638889,16.10326087,15.78557971,15.50583333,15.21645833,14.91166667,14.69152174,14.47486111,14.13304348,13.86826087,13.56949275,13.25775362,13.05695652,12.79826087,12.41949275,12.06,11.76673913,11.35021739,11.07318841,10.82884058,10.62985507,10.46,10.36287879,10.25674242,10.12439394,9.663787879,9.154492754,8.701086957,8.316666667,7.98969697,7.688550725,7.426060606,7.196666667,6.91469697,6.760833333,6.573253968,6.409848485,6.249242424,5.968181818,5.816893939,5.511349206,5.268030303,5.05280303,4.846818182,4.740833333,4.59547619,4.452727273,4.377460317,4.228560606,4.284126984
44.34331579,44.54563158,44.83063158,45.05468421,45.21784211,45.35710526,45.46736842,45.51847368,45.58294737,45.62852632,45.67147368,45.70484211,45.72252632,45.714,45.70547368,45.69689474,45.65447368,45.63178378,45.55515789,45.52694737,45.45084211,45.36368421,45.294,45.17210526,45.06868421,44.87963158,44.59147368,44.15747368,43.59731579,42.99091892,42.48905263,42.10168421,41.934,41.82351351,41.73615789,41.65710526,41.57583784,41.50073684,41.43021053,41.42740541,41.42547368,41.44843243,41.49936842,41.54318919,41.599,41.67042105,41.72168421,41.75881081,41.79863158,41.83632432,41.87347368,41.89048649,41.87837838,41.85663158,41.81715789,41.75526316,41.61113514,41.48810526,41.34113514,41.16073684,40.91518919,40.62891892,40.28031579,39.88535135,39.42884211,38.88086486,38.29905263,37.69421622,37.13140541,36.57968421,36.04783784,35.53736842,35.01113514,34.31367568,33.40294737,32.16210811,30.37735135,28.07627027,25.516,22.89859459,20.50832432,18.5412973,17.08864865,16.04540541,15.29335135,14.80859459,14.48875676,14.28421622,14.17437838,14.13345946,14.14794595,14.222,14.37394595,14.64594595,15.03081081,15.50783333,16.04751351,16.62502703,17.22394595,17.872,18.50864865,19.15844444,19.81037838,20.43967568,21.05789189,21.67286486,22.26622222,22.83032432,23.372,23.886,24.38767568,24.85577778,25.309,25.71448649,26.133,26.52108108,26.88433333,27.21545946,27.53,27.84945946,28.152,28.41488889,28.70135135,28.92333333,29.15422222,29.39118919,29.56111111,29.7305,29.92066667,30.07361111,30.1785,30.24938889,30.33688889,30.41683333,30.41372222,30.38794444,30.3215,30.21961111,30.10308571,29.96844444,29.824,29.69155556,29.54582857,29.39294444,29.21828571,28.983,28.75245714,28.47061111,28.16622222,27.81405714,27.46388889,27.16308571,26.80491429,26.46714286,26.175,25.91028571,25.78266667,25.68182857,25.64257143,25.64116667,25.636,25.65257143,25.67333333,25.67171429,25.6036,25.52954286,25.39777143,25.17491429,24.8288,24.31068571,23.57794286,22.51105882,21.15228571,19.39457143,17.168,14.6616,12.22131429,9.982228571,8.2356,7.051657143,6.450875,5.480153846,4.745851852,4.311846154,4.069555556,3.946,3.857555556,3.846444444,3.869333333,3.942615385,4.040444444,4.174666667,4.331076923,4.527153846,4.750518519,4.988,5.256153846,5.535111111,5.851769231,6.178076923,6.516,6.848153846,7.189,7.532769231,7.862153846,8.198923077,8.546769231,8.89456,9.216,9.54336,9.84,10.13661538,10.41569231,10.70138462,10.99464,11.27416,11.59107692,11.8904,12.20016,12.50992,12.81024,13.18224,13.4924,13.8216,14.16725,14.47944,14.71656,14.94264,15.18333333,15.39824,15.66496,15.8525,16.08216,16.2372,16.35704,16.47904,16.52966667,16.612,16.72883333,16.8416,16.86466667,16.9435,16.98032,17.006,17.01983333,16.97708333,16.90925,16.7655,16.61866667,16.4335,16.12283333,15.86573913,15.507,15.18025,14.908,14.6035,14.2825,14.1015,13.9685,13.70495652,13.46895652,13.192,12.91695652,12.75304348,12.59469565,12.28426087,11.97982609,11.76208696,11.48208696,11.28345455,11.10547826,10.95347826,10.88672727,10.82443478,10.74069565,10.57269565,10.1473913,9.706727273,9.332818182,9.012,8.729391304,8.468,8.219272727,8.022,7.782727273,7.635818182,7.479454545,7.316909091,7.175454545,6.893818182,6.736,6.439636364,6.188727273,6.026190476,5.809272727,5.688,5.505818182,5.410380952,5.364545455,5.23647619,5.335428571
45.89557895,46.03615385,46.23126316,46.36126316,46.42138462,46.48184211,46.53292308,46.53557895,46.58652632,46.60646154,46.62163158,46.61894737,46.62368421,46.60846154,46.598,46.56610526,46.52968421,46.51273684,46.45957895,46.43917949,46.38352632,46.31863158,46.256,46.15094737,46.07536842,45.92489474,45.69089474,45.34489474,44.902,44.43468421,44.05368421,43.79468421,43.70652632,43.65094737,43.60705263,43.55915789,43.52105263,43.48378947,43.45347368,43.47491892,43.46778947,43.49105263,43.52318919,43.55410526,43.57989474,43.63059459,43.66073684,43.66502703,43.68284211,43.7012973,43.712,43.70784211,43.68389474,43.64740541,43.59610526,43.53989474,43.41136842,43.30562162,43.17275676,43.01694737,42.80664865,42.56863158,42.28551351,41.95784211,41.58063158,41.11405405,40.60697297,40.09459459,39.61005405,39.12210526,38.65189189,38.18,37.67724324,36.99497297,36.079,34.8087027,32.97167568,30.57956757,27.91015789,25.06491892,22.50621622,20.41745946,18.9232973,17.90302703,17.22357895,16.84194444,16.62847368,16.53944444,16.54263158,16.60044444,16.70232432,16.86794595,17.12864865,17.53675676,18.07675676,18.71324324,19.417,20.15891892,20.89718919,21.67933333,22.44751351,23.21405405,23.96333333,24.69767568,25.38551351,26.102,26.76313514,27.402,28.002,28.57866667,29.122,29.62794595,30.11113514,30.532,30.96145946,31.3507027,31.71133333,32.03551351,32.33983784,32.63,32.89508108,33.124,33.37505556,33.56459459,33.73888889,33.93377778,34.06561111,34.19755556,34.34566667,34.46767568,34.532,34.58444444,34.64511111,34.696,34.63444444,34.58822222,34.502,34.38422222,34.27422222,34.15466667,34.00533333,33.83511111,33.701,33.52777778,33.327,33.0948,32.87666667,32.58966667,32.296,31.94922222,31.61666667,31.28733333,30.92277778,30.61154286,30.34566667,30.09382857,29.89771429,29.744,29.64331429,29.57234286,29.52822222,29.49755556,29.45914286,29.40088889,29.30102857,29.196,29.0052,28.694,28.28902857,27.68285714,26.85316667,25.68085714,24.12657143,22.1944,19.6528,16.74377143,13.7516,10.99548571,8.788228571,7.2712,6.417870968,5.643111111,4.710740741,4.172666667,3.890666667,3.739384615,3.676518519,3.680888889,3.725333333,3.838148148,3.977925926,4.17562963,4.4,4.659692308,4.963769231,5.294222222,5.638,6.036,6.453692308,6.893,7.359076923,7.826230769,8.292846154,8.758,9.216076923,9.680153846,10.16123077,10.624,11.08361538,11.5264,11.93846154,12.37107692,12.76530769,13.21456,13.654,14.09592,14.55816,14.98576923,15.4176,15.82648,16.23696,16.69928,17.08976923,17.47072,17.89848,18.2172,18.478,18.73192,18.94408,19.1195,19.3464,19.49264,19.66624,19.79216,19.84808,19.99656,19.978,20.05125,20.152,20.23933333,20.24128,20.33516667,20.3265,20.35568,20.36,20.30566667,20.222,20.1005,19.9575,19.75458333,19.4433913,19.191,18.82765217,18.49104348,18.213,17.92475,17.592,17.38156522,17.16266667,16.8013913,16.51956522,16.23347826,15.93356522,15.78356522,15.53843478,15.14626087,14.76104348,14.4786087,14.03078261,13.77486957,13.50565217,13.288,13.13226087,12.97509091,12.86945455,12.72036364,12.25872727,11.73547826,11.25695652,10.824,10.48109091,10.16547826,9.826181818,9.56,9.231636364,9.046,8.813238095,8.626363636,8.388181818,8.031272727,7.813545455,7.418190476,7.186727273,6.896454545,6.678,6.466,6.254,6.090363636,5.924285714,5.742727273,5.832285714
41.69769737,41.84440789,42.10111842,42.27690789,42.40519737,42.51763158,42.59947368,42.64710526,42.72177632,42.76506579,42.80855263,42.83921053,42.86046053,42.86875,42.87296053,42.86940789,42.84144737,42.83486486,42.77552632,42.76736842,42.715,42.65552632,42.59421053,42.49868421,42.42236842,42.27453947,42.04756579,41.70493421,41.23625,40.69939189,40.2425,39.88157895,39.73421053,39.62797297,39.55552632,39.49460526,39.43432432,39.37776316,39.33368421,39.35324324,39.36480263,39.39297297,39.44157895,39.49277027,39.5425,39.60782895,39.65855263,39.68966216,39.72697368,39.77054054,39.79947368,39.81405405,39.81398649,39.80157895,39.76736842,39.7125,39.59094595,39.48973684,39.35966216,39.20289474,38.98418919,38.73581081,38.43118421,38.08182432,37.66407895,37.15425676,36.60440789,36.02763514,35.48324324,34.94184211,34.4097973,33.89671053,33.37689189,32.71067568,31.84552632,30.6247973,28.85087838,26.51466216,23.8275,21.04878378,18.49033784,16.38736486,14.85331081,13.77560811,13.01439189,12.53033784,12.20743243,12.0125,11.90804054,11.87074324,11.88790541,11.95533784,12.09472973,12.35871622,12.73777027,13.219375,13.77439189,14.36662162,14.98743243,15.6525,16.32858108,17.01847222,17.72087838,18.40135135,19.08108108,19.75290541,20.41694444,21.04756757,21.66194444,22.25094595,22.83155405,23.37194444,23.888125,24.34912162,24.81916667,25.25540541,25.66166667,26.03790541,26.38,26.71743243,27.02916667,27.30340278,27.5977027,27.82555556,28.04319444,28.26547297,28.43215278,28.59875,28.77847222,28.92763889,29.03208333,29.09083333,29.16375,29.21708333,29.18888889,29.13236111,29.0475,28.93638889,28.82471429,28.69777778,28.56375,28.41583333,28.26142857,28.09673611,27.91178571,27.66958333,27.4435,27.17680556,26.88916667,26.5505,26.21729167,25.90992857,25.54635714,25.20971429,24.93,24.65257143,24.49166667,24.36171429,24.29064286,24.261875,24.2325,24.23464286,24.2425,24.23157143,24.15885714,24.07278571,23.91335714,23.65792857,23.28,22.73957143,21.97642857,20.86441176,19.43142857,17.57,15.29464286,12.76421429,10.29342857,8.104142857,6.451214286,5.378142857,4.724609375,3.845192308,3.273796296,2.941538462,2.77,2.675,2.626944444,2.620277778,2.629166667,2.671153846,2.746111111,2.846666667,2.961153846,3.107596154,3.278518519,3.455384615,3.650961538,3.873240741,4.124903846,4.395769231,4.6775,4.957019231,5.251057692,5.547307692,5.848846154,6.151538462,6.47125,6.7913,7.1025,7.4135,7.710192308,8.010384615,8.319423077,8.659230769,9.0057,9.3309,9.704615385,10.0594,10.4096,10.7626,11.1077,11.4979,11.8245,12.156,12.5115625,12.7986,13.0215,13.2182,13.40416667,13.5836,13.7763,13.9025,14.0697,14.1815,14.2665,14.3689,14.409375,14.48,14.59520833,14.7108,14.73875,14.810625,14.8189,14.8434375,14.85604167,14.8125,14.721875,14.588125,14.44083333,14.24854167,13.97895833,13.76293478,13.4525,13.174375,12.91625,12.6678125,12.41,12.218125,12.0465625,11.76108696,11.52315217,11.29826087,11.06065217,10.90021739,10.72434783,10.40858696,10.08380435,9.83423913,9.499891304,9.295340909,9.119347826,8.982826087,8.935227273,8.831956522,8.790434783,8.655652174,8.243804348,7.7925,7.402727273,7.09,6.86326087,6.61875,6.37,6.2275,6.011818182,5.880909091,5.743181818,5.638636364,5.450340909,5.274772727,5.079204545,4.86,4.641022727,4.505119048,4.320454545,4.205681818,4.136136364,3.995714286,3.924772727,3.848809524,3.863928571
43.56736842,43.75112821,44.00852632,44.21978947,44.31753846,44.41057895,44.48661538,44.51442105,44.58147368,44.612,44.64278947,44.66463158,44.66805263,44.662,44.654,44.62673684,44.59547368,44.57505263,44.53094737,44.50092308,44.43310526,44.35278947,44.277,44.16531579,44.07273684,43.89684211,43.62389474,43.21136842,42.67557895,42.10784211,41.636,41.29347368,41.13689474,41.04163158,40.98063158,40.91305263,40.84252632,40.77947368,40.72336842,40.73340541,40.73073684,40.76036842,40.80945946,40.86042105,40.91305263,40.98562162,41.03442105,41.06016216,41.09463158,41.12491892,41.147,41.15563158,41.14021053,41.1092973,41.067,41.00494737,40.86568421,40.74227027,40.59059459,40.41147368,40.17118919,39.89231579,39.55410811,39.16305263,38.70484211,38.15491892,37.558,36.95827027,36.37513514,35.80526316,35.26118919,34.72884211,34.16372973,33.40383784,32.38989474,31.01513514,29.05335135,26.52610811,23.74063158,20.83659459,18.27243243,16.19524324,14.71264865,13.67751351,12.96657895,12.53277778,12.25694737,12.10288889,12.04326316,12.048,12.10064865,12.20756757,12.40108108,12.72113514,13.16059459,13.69167568,14.296,14.94362162,15.60664865,16.31133333,17.01659459,17.726,18.431,19.12859459,19.79345946,20.475,21.11675676,21.73902703,22.32767568,22.89866667,23.43733333,23.95037838,24.44010811,24.87466667,25.31881081,25.73135135,26.11888889,26.47940541,26.82016216,27.14733333,27.45681081,27.72933333,28.03127778,28.26378378,28.49,28.72633333,28.90155556,29.071,29.24983333,29.40486486,29.50666667,29.582,29.66,29.728,29.68755556,29.64155556,29.54733333,29.41511111,29.27922222,29.12866667,28.963,28.78933333,28.661,28.49177778,28.28133333,28.03794286,27.80083333,27.48894444,27.16697143,26.79366667,26.43866667,26.08766667,25.72016667,25.37674286,25.076,24.83354286,24.66628571,24.554,24.48925714,24.45925714,24.45044444,24.45177778,24.44017143,24.425,24.3532,24.27288889,24.1192,23.85344444,23.49154286,22.91382857,22.12816667,21.01228571,19.54514286,17.74177143,15.43251429,12.84668571,10.2932,8.0424,6.342,5.247714286,4.626774194,3.660962963,3.047777778,2.708888889,2.538666667,2.446923077,2.405259259,2.402296296,2.422666667,2.481333333,2.546740741,2.63762963,2.752,2.888461538,3.044384615,3.230888889,3.429692308,3.662,3.919615385,4.199153846,4.503846154,4.811230769,5.117769231,5.421,5.733076923,6.049076923,6.392307692,6.722769231,7.050076923,7.36592,7.665692308,7.976923077,8.251923077,8.56744,8.86856,9.18536,9.5208,9.827153846,10.1524,10.46256,10.7804,11.1468,11.48338462,11.812,12.17736,12.46928,12.70952,12.952,13.16816,13.37358333,13.604,13.78976,14.0008,14.1604,14.26936,14.42544,14.45,14.54316667,14.6572,14.762,14.80136,14.90316667,14.91475,14.95896,14.98,14.94716667,14.88733333,14.7755,14.635,14.43425,14.14469565,13.859,13.49313043,13.14547826,12.845,12.5315,12.2015,12.00817391,11.83475,11.57721739,11.34086957,11.0966087,10.83104348,10.65886957,10.45408696,10.17478261,9.880173913,9.639826087,9.305217391,9.098086957,8.912782609,8.767478261,8.667130435,8.597818182,8.561545455,8.464363636,8.083090909,7.632869565,7.214173913,6.898,6.599636364,6.339391304,6.076909091,5.894,5.659818182,5.498,5.370666667,5.258727273,5.111090909,4.883090909,4.753545455,4.483809524,4.291090909,4.105,3.927818182,3.842,3.704,3.592,3.513142857,3.470545455,3.457047619
48.39308271,48.58281955,48.81695489,49.01548872,49.15082707,49.26609023,49.35033835,49.37571429,49.42308271,49.4512782,49.46394737,49.47334586,49.47492481,49.47285714,49.46729323,49.45342105,49.41639098,49.39517375,49.32368421,49.30233083,49.23789474,49.17390977,49.11458647,49.00112782,48.91913534,48.78443609,48.56921053,48.23172932,47.79710526,47.32374517,46.93496241,46.62157895,46.48962406,46.38138996,46.29394737,46.21274436,46.13810811,46.06887218,45.98879699,45.9827027,45.97338346,45.99111969,46.03097744,46.06725869,46.11214286,46.16924812,46.20721805,46.22563707,46.24721805,46.27926641,46.29759398,46.29590734,46.28111969,46.25917293,46.21669173,46.15913534,46.02656371,45.93203008,45.81498069,45.66744361,45.46953668,45.23015444,44.9518797,44.62779923,44.24676692,43.77868726,43.27195489,42.73899614,42.24857143,41.75097744,41.26679537,40.79398496,40.30316602,39.64911197,38.79518797,37.60409266,35.85756757,33.55,30.90540541,28.11552124,25.48444015,23.25262548,21.56930502,20.3492278,19.46019305,18.88158301,18.49861004,18.25976834,18.1365251,18.09675676,18.11648649,18.21370656,18.39810811,18.72409266,19.17583012,19.74392857,20.38359073,21.05598456,21.74888031,22.49142857,23.21799228,23.95825397,24.68710425,25.38339768,26.05988417,26.72281853,27.36174603,27.96073359,28.53261905,29.07096525,29.59428571,30.07571429,30.53785714,30.94938224,31.37547619,31.75888031,32.11964286,32.4488417,32.77285714,33.09409266,33.39130952,33.64920635,33.94081081,34.15825397,34.38142857,34.61795367,34.78043651,34.94535714,35.13746032,35.29396825,35.3947619,35.46412698,35.55242063,35.63202381,35.61698413,35.57071429,35.48607143,35.36325397,35.21795918,35.06,34.89452381,34.74634921,34.5922449,34.44301587,34.28306122,34.05404762,33.83636735,33.56472222,33.24793651,32.8715102,32.51781746,32.22159184,31.85897959,31.51746939,31.235,30.95906122,30.83095238,30.74306122,30.70893878,30.71166667,30.70857143,30.72408163,30.73380952,30.73685714,30.666,30.58946939,30.45942857,30.22514286,29.87457143,29.33804082,28.57522449,27.45436975,25.98061224,24.02836735,21.53093878,18.61273469,15.65857143,12.83510204,10.55604082,8.941061224,8.347410714,7.10032967,6.113015873,5.504945055,5.155661376,4.952857143,4.83031746,4.795714286,4.816666667,4.911758242,5.051111111,5.240952381,5.461978022,5.731483516,6.042275132,6.375054945,6.736263736,7.122751323,7.548516484,7.981648352,8.432857143,8.87521978,9.328791209,9.785494505,10.20868132,10.63571429,11.07428571,11.508,11.89142857,12.29057143,12.64807692,13.01406593,13.35846154,13.70120879,14.0524,14.37697143,14.75835165,15.10811429,15.46068571,15.82771429,16.1756,16.6172,16.97,17.35228571,17.76892857,18.14228571,18.42474286,18.71125714,18.99190476,19.24834286,19.55062857,19.75928571,20.01605714,20.19142857,20.32851429,20.48731429,20.54803571,20.64285714,20.7847619,20.92565714,20.97119048,21.08,21.10097143,21.1275,21.16738095,21.11184524,21.02910714,20.88392857,20.69809524,20.45047619,20.04642857,19.72267081,19.26892857,18.85517857,18.48214286,18.10535714,17.71178571,17.50053571,17.32845238,17.02565217,16.72378882,16.39962733,16.09503106,15.92819876,15.71540373,15.35745342,15.03453416,14.80981366,14.4321118,14.2187013,14.02403727,13.83937888,13.71623377,13.61,13.46546584,13.30552795,12.81434783,12.30012987,11.85194805,11.48142857,11.10372671,10.77571429,10.44409091,10.18428571,9.902207792,9.655714286,9.447012987,9.228051948,9.027337662,8.657012987,8.431233766,8.051688312,7.803311688,7.532517007,7.294675325,7.115194805,6.955454545,6.796870748,6.698441558,6.530204082,6.639047619
37.44805263,37.55621053,37.70036842,37.81331579,37.87647368,37.93463158,37.98894737,38.01084211,38.06373684,38.08778947,38.10110526,38.10721053,38.10652632,38.095,38.08347368,38.07463158,38.01973684,37.98064865,37.91642105,37.90905263,37.86010526,37.80168421,37.73715789,37.63231579,37.55110526,37.39336842,37.16310526,36.82721053,36.38684211,35.91010811,35.51694737,35.21726316,35.09589474,35.00102703,34.92815789,34.86015789,34.79854054,34.72957895,34.67168421,34.67567568,34.67326316,34.67821622,34.70621053,34.73221622,34.775,34.83189474,34.86915789,34.89183784,34.91757895,34.94843243,34.96968421,34.976,34.96037838,34.93863158,34.89757895,34.84947368,34.73956757,34.64621053,34.5272973,34.374,34.16427027,33.93421622,33.66452632,33.34913514,32.97652632,32.52297297,32.03052632,31.51794595,31.03621622,30.57263158,30.12767568,29.68673684,29.23010811,28.61567568,27.81378947,26.71756757,25.10837838,23.01616216,20.67345946,18.27783784,16.09632432,14.30983784,13.01367568,12.10016216,11.44897297,11.03848649,10.76810811,10.60632432,10.5272973,10.50643243,10.52167568,10.59205405,10.72686486,10.96513514,11.30027027,11.72316667,12.20108108,12.71145946,13.24324324,13.814,14.38654054,14.966,15.55475676,16.11962162,16.68345946,17.23843243,17.77888889,18.29156757,18.78522222,19.26264865,19.72324324,20.15266667,20.5665,20.93713514,21.32533333,21.68189189,22.01,22.31810811,22.604,22.89318919,23.15933333,23.38533333,23.63821622,23.84266667,24.03188889,24.23578378,24.37644444,24.517,24.66622222,24.78105556,24.84716667,24.88483333,24.93344444,24.9715,24.94711111,24.9105,24.8605,24.78894444,24.70405714,24.61222222,24.495,24.36688889,24.22708571,24.077,23.90857143,23.69066667,23.48468571,23.24466667,22.98166667,22.66868571,22.36,22.09731429,21.78348571,21.49977143,21.28,21.06937143,20.954,20.84988571,20.79885714,20.77983333,20.762,20.76942857,20.78133333,20.78074286,20.71834286,20.65045714,20.52902857,20.31862857,19.9972,19.51685714,18.85582857,17.88694118,16.664,15.08628571,13.10817143,10.92954286,8.879085714,7.081885714,5.759142857,4.929085714,4.3239375,3.559076923,3.064444444,2.780153846,2.644888889,2.568,2.531777778,2.529111111,2.542,2.591230769,2.654,2.739333333,2.836769231,2.962769231,3.106962963,3.261538462,3.436153846,3.623037037,3.839769231,4.066384615,4.308,4.541307692,4.783692308,5.040615385,5.276615385,5.528615385,5.789923077,6.05104,6.302,6.56056,6.787923077,7.014461538,7.241846154,7.471384615,7.71688,7.9512,8.212461538,8.46336,8.71528,8.97296,9.22376,9.5296,9.7836,10.054,10.325,10.55472,10.73608,10.91808,11.09666667,11.28456,11.49088,11.643,11.82608,11.9584,12.05864,12.17096,12.21741667,12.282,12.38433333,12.49008,12.51533333,12.5935,12.62496,12.66,12.66391667,12.60675,12.54375,12.4385,12.29,12.112,11.86008333,11.64521739,11.354,11.1,10.88,10.66,10.429,10.29425,10.15775,9.934521739,9.719043478,9.505217391,9.290608696,9.161217391,9.009391304,8.746347826,8.464434783,8.282173913,8.029913043,7.841272727,7.710521739,7.660434783,7.606363636,7.553565217,7.524956522,7.384956522,7.040956522,6.669090909,6.350636364,6.096,5.883478261,5.675,5.497272727,5.354,5.166727273,5.094727273,4.985090909,4.888181818,4.776909091,4.597818182,4.448272727,4.269454545,4.077272727,3.939904762,3.854,3.714363636,3.656818182,3.534857143,3.502363636,3.426285714,3.519238095
37.95047368,38.08889474,38.28905263,38.43415789,38.52363158,38.612,38.67584211,38.70242105,38.74084211,38.76921053,38.78931579,38.80068421,38.80142105,38.784,38.77473684,38.76515789,38.72268421,38.68837838,38.62736842,38.60852632,38.55463158,38.48957895,38.42463158,38.32915789,38.24731579,38.09463158,37.86831579,37.52552632,37.08710526,36.60735135,36.21305263,35.91378947,35.79968421,35.7127027,35.63652632,35.57505263,35.51610811,35.46084211,35.40347368,35.40367568,35.40036842,35.4132973,35.44084211,35.46756757,35.507,35.559,35.58884211,35.61178378,35.64121053,35.6707027,35.69557895,35.70237838,35.69102703,35.66157895,35.62315789,35.56989474,35.45140541,35.35231579,35.22983784,35.08094737,34.87389189,34.63886486,34.35768421,34.03589189,33.65557895,33.19697297,32.69963158,32.18627027,31.70518919,31.24063158,30.79054054,30.34684211,29.89210811,29.27924324,28.46915789,27.35686486,25.726,23.60708108,21.23464865,18.82259459,16.62610811,14.83389189,13.53897297,12.62951351,11.98302703,11.57524324,11.31048649,11.15216216,11.07216216,11.04616216,11.06540541,11.13502703,11.27254054,11.52027027,11.86459459,12.2985,12.78616216,13.30691892,13.84713514,14.438,15.02416216,15.62022222,16.21967568,16.79989189,17.36432432,17.95162162,18.50955556,19.03648649,19.549,20.03848649,20.51805405,20.95988889,21.38416667,21.77772973,22.17466667,22.53962162,22.87633333,23.18610811,23.484,23.77178378,24.03566667,24.26155556,24.51524324,24.70866667,24.89911111,25.10378378,25.24333333,25.3875,25.53677778,25.65294444,25.7245,25.76005556,25.81144444,25.85966667,25.83805556,25.80938889,25.755,25.68877778,25.61805714,25.52888889,25.42,25.29155556,25.14582857,24.987,24.81857143,24.599,24.39131429,24.14922222,23.87344444,23.55394286,23.23855556,22.9672,22.63874286,22.34491429,22.108,21.88388571,21.758,21.64691429,21.5892,21.56716667,21.542,21.54485714,21.555,21.54828571,21.4876,21.40731429,21.27051429,21.04685714,20.7128,20.21622857,19.52822857,18.53482353,17.27571429,15.66942857,13.6492,11.4284,9.3476,7.535085714,6.195428571,5.353257143,4.8785,4.106923077,3.611777778,3.317461538,3.154592593,3.07,3.010666667,2.986444444,2.988666667,3.031076923,3.090888889,3.179333333,3.278769231,3.409,3.557111111,3.715538462,3.900615385,4.093037037,4.316384615,4.551230769,4.79,5.029307692,5.283692308,5.545076923,5.797538462,6.053384615,6.331307692,6.61136,6.87,7.14456,7.389230769,7.644,7.879846154,8.135846154,8.402,8.65552,8.937384615,9.21232,9.4864,9.77048,10.03904,10.36456,10.6328,10.9116,11.20725,11.44272,11.6312,11.81496,12.00666667,12.18848,12.392,12.542,12.72256,12.8448,12.9496,13.03392,13.0755,13.138,13.22633333,13.33016,13.34066667,13.429,13.4464,13.46875,13.46883333,13.41675,13.357,13.244,13.114,12.93583333,12.69575,12.48556522,12.23,11.98875,11.77,11.5645,11.358,11.21275,11.05666667,10.80165217,10.6053913,10.38,10.18530435,10.04052174,9.861913043,9.611565217,9.334086957,9.13573913,8.83226087,8.676363636,8.557913043,8.446869565,8.39,8.348869565,8.274434783,8.169391304,7.796434783,7.427090909,7.120636364,6.894,6.624173913,6.429,6.231545455,6.128,5.955272727,5.851090909,5.720545455,5.670363636,5.542636364,5.358818182,5.237,4.990181818,4.815363636,4.693714286,4.500909091,4.455090909,4.370363636,4.264285714,4.234727273,4.119428571,4.285619048
38.72322368,38.60435897,38.59657895,38.68144737,38.72384615,38.78302632,38.83442308,38.83828947,38.88118421,38.89557692,38.91072368,38.91480263,38.90460526,38.88384615,38.8775,38.85513158,38.82381579,38.79434211,38.74947368,38.73525641,38.67875,38.61493421,38.56375,38.46157895,38.39467105,38.24625,38.02822368,37.71980263,37.31782895,36.91388158,36.59625,36.34703947,36.27302632,36.21842105,36.16394737,36.10684211,36.05907895,36.00907895,35.96065789,35.98344595,35.98677632,36.00355263,36.03256757,36.04907895,36.07605263,36.12743243,36.15184211,36.16,36.17684211,36.19743243,36.2125,36.21092105,36.18894737,36.15783784,36.11236842,36.05328947,35.93605263,35.84540541,35.73635135,35.5975,35.40695946,35.18973684,34.93581081,34.65296053,34.31684211,33.89945946,33.44513514,32.99351351,32.56445946,32.13631579,31.72290541,31.30960526,30.87344595,30.27898649,29.48756579,28.38175676,26.77844595,24.71885135,22.45236842,20.05114865,17.92648649,16.20013514,14.96912162,14.11608108,13.51993421,13.17229167,12.95125,12.835,12.79144737,12.8075,12.85344595,12.95493243,13.13695946,13.435,13.83702703,14.31304054,14.85125,15.41891892,15.99337838,16.60833333,17.21594595,17.82918919,18.43375,19.03236486,19.58047297,20.17375,20.72378378,21.25189189,21.75,22.23541667,22.695,23.1222973,23.53898649,23.89472222,24.26405405,24.60101351,24.91388889,25.20108108,25.46351351,25.72166667,25.9627027,26.15270833,26.38305556,26.54222973,26.70138889,26.88472222,27.00076389,27.11361111,27.23895833,27.34216216,27.39875,27.44805556,27.49111111,27.5325,27.46263889,27.41194444,27.33791667,27.23583333,27.14347222,27.04666667,26.91416667,26.75666667,26.6325,26.47277778,26.29833333,26.09057143,25.91291667,25.678125,25.43335714,25.15722222,24.86833333,24.59145833,24.29541667,24.02864286,23.81319444,23.61635714,23.47978571,23.36625,23.29614286,23.24592857,23.21541667,23.20868056,23.18228571,23.15166667,23.078,23.00805556,22.8625,22.63013889,22.31371429,21.82528571,21.16944444,20.22964286,18.99571429,17.47521429,15.48614286,13.24342857,10.9785,8.931928571,7.307428571,6.214571429,5.585725806,4.831296296,4.173703704,3.81,3.605833333,3.484423077,3.421296296,3.406203704,3.406203704,3.466481481,3.543703704,3.659537037,3.79625,3.963076923,4.151442308,4.35037037,4.565,4.8125,5.084615385,5.364134615,5.664903846,5.96875,6.284134615,6.58375,6.887692308,7.193269231,7.522692308,7.838846154,8.150961538,8.4539,8.741346154,9.039903846,9.313942308,9.6382,9.9318,10.2502,10.5869,10.89413462,11.2235,11.524,11.8199,12.1818,12.46942308,12.7586,13.0874,13.3284,13.5289,13.7308,13.8896,14.03197917,14.2065,14.318,14.4706,14.5755,14.628,14.7605,14.73,14.8003125,14.8892,14.96916667,14.9851,15.0434375,15.05375,15.0824,15.09875,15.04958333,15.0025,14.89875,14.7809375,14.60875,14.37119565,14.15375,13.86978261,13.61228261,13.39875,13.188125,12.93875,12.78076087,12.61708333,12.34836957,12.12521739,11.90967391,11.69347826,11.5748913,11.40576087,11.11,10.82706522,10.60032609,10.26,10.0625,9.877173913,9.758478261,9.638913043,9.559545455,9.488068182,9.436590909,9.086136364,8.662608696,8.28173913,7.9775,7.733068182,7.482065217,7.264318182,7.0925,6.871363636,6.7025,6.594642857,6.448181818,6.294545455,6.104772727,5.969431818,5.693095238,5.481818182,5.316704545,5.141818182,5.06625,4.930357143,4.773863636,4.734166667,4.595568182,4.664285714
44.92078947,44.95478632,44.99561404,45.22692982,45.42615385,45.60517544,45.73205128,45.7877193,45.87824561,45.93564103,45.98583333,46.01798246,46.03267544,46.0374359,46.03166667,46.00192982,45.97,45.92894737,45.84622807,45.78782051,45.69653509,45.59241228,45.4925,45.3422807,45.20307018,44.94723684,44.54798246,43.95223684,43.21451754,42.46938596,41.86171053,41.43289474,41.23223684,41.10881579,41.02745614,40.94719298,40.87096491,40.79350877,40.73061404,40.7422973,40.76583333,40.81763158,40.88608108,40.94412281,41.0072807,41.08954955,41.15039474,41.19279279,41.23982456,41.27986486,41.31666667,41.33513158,41.3245614,41.30117117,41.23394737,41.14175439,40.96666667,40.80810811,40.60594595,40.36359649,40.04031532,39.65131579,39.19545045,38.67289474,38.07201754,37.36914414,36.61441441,35.86716216,35.13689189,34.44131579,33.78324324,33.13912281,32.4390991,31.52545045,30.31285088,28.67252252,26.37563063,23.53436937,20.53780702,17.59153153,15.11581081,13.20076577,11.88806306,10.98941441,10.36842105,9.984490741,9.7325,9.577685185,9.496666667,9.473148148,9.494954955,9.563963964,9.715045045,9.977297297,10.34306306,10.79234234,11.31333333,11.88148649,12.46977477,13.11055556,13.76563063,14.43387387,15.11833333,15.8031982,16.46815315,17.16166667,17.83355856,18.49018018,19.12279279,19.74759259,20.34,20.91009009,21.46833333,21.96759259,22.46801802,22.9295045,23.36944444,23.78274775,24.16878378,24.52722222,24.87076577,25.18138889,25.50231481,25.7577027,26.00314815,26.25638889,26.45416667,26.63935185,26.83236111,26.99977477,27.10694444,27.19351852,27.27111111,27.33333333,27.28907407,27.23814815,27.14416667,27.01962963,26.89953704,26.77333333,26.62,26.44203704,26.2825,26.07851852,25.82601852,25.55742857,25.29527778,24.96972222,24.62395238,24.23703704,23.85722222,23.47638889,23.08759259,22.71304762,22.39296296,22.13104762,21.95466667,21.85,21.78952381,21.75938095,21.74842593,21.7562037,21.75514286,21.73777778,21.66709524,21.57648148,21.402,21.10888889,20.70052381,20.08471429,19.25365741,18.09642857,16.61190476,14.84533333,12.67747619,10.37785714,8.273,6.555809524,5.382190476,4.726857143,4.368924731,3.464753086,3.108765432,2.924135802,2.831296296,2.778333333,2.739506173,2.727345679,2.72117284,2.740432099,2.754074074,2.795864198,2.846666667,2.914102564,2.986217949,3.069259259,3.166025641,3.276666667,3.416153846,3.566282051,3.736089744,3.909358974,4.080769231,4.260833333,4.448012821,4.648846154,4.875384615,5.102692308,5.342179487,5.577533333,5.805512821,6.040641026,6.260192308,6.514733333,6.7862,7.0576,7.3482,7.645448718,7.946333333,8.2348,8.539666667,8.887133333,9.200448718,9.508933333,9.853333333,10.11466667,10.3276,10.53666667,10.71886667,10.89229167,11.091,11.2498,11.42533333,11.56533333,11.6518,11.76826667,11.78166667,11.84902778,11.93913333,12.02805556,12.05533333,12.14291667,12.15458333,12.181,12.2075,12.18583333,12.15277778,12.06083333,11.94666667,11.78180556,11.51369565,11.2775,10.97963768,10.69123188,10.455,10.208125,9.943333333,9.75673913,9.585416667,9.347101449,9.15384058,8.947681159,8.743043478,8.60115942,8.414202899,8.145434783,7.885434783,7.651231884,7.348768116,7.15384058,7.002463768,6.900072464,6.865797101,6.843333333,6.865075758,6.798712121,6.442727273,6.022101449,5.686521739,5.401666667,5.168560606,4.969782609,4.806818182,4.696666667,4.530909091,4.4425,4.382698413,4.343787879,4.270606061,4.117727273,4.018636364,3.858174603,3.705606061,3.590378788,3.491363636,3.393333333,3.333571429,3.229545455,3.195793651,3.178257576,3.245238095
47.88714912,48.09631579,48.34035088,48.52798246,48.67052632,48.78907895,48.89355263,48.94004386,49.00934211,49.04719298,49.07513158,49.09780702,49.10600877,49.08916667,49.07640351,49.06,49.00649123,48.97175676,48.87745614,48.85035088,48.77298246,48.69008772,48.60157895,48.47473684,48.36144737,48.16100877,47.84960526,47.39315789,46.80372807,46.1486036,45.59780702,45.15868421,44.95438596,44.80603604,44.70666667,44.60951754,44.51351351,44.41745614,44.33719298,44.34202703,44.34894737,44.37220721,44.42815789,44.47292793,44.52916667,44.61061404,44.66535088,44.69391892,44.73732456,44.78648649,44.8145614,44.82198198,44.80963964,44.78403509,44.73578947,44.65942982,44.50306306,44.37289474,44.21189189,44.01350877,43.74243243,43.42810811,43.05070175,42.61864865,42.12219298,41.51490991,40.86390351,40.17630631,39.53099099,38.89526316,38.30018018,37.72,37.11130631,36.30211712,35.27092105,33.87310811,31.82923423,29.16905405,26.21815315,23.21418919,20.49463964,18.27373874,16.66432432,15.52018018,14.70351351,14.17963964,13.82684685,13.60509009,13.48788288,13.4436036,13.44806306,13.51481982,13.66783784,13.9418018,14.33324324,14.83013889,15.39527027,16.00283784,16.63391892,17.32611111,18.01085586,18.71722222,19.42887387,20.11936937,20.79067568,21.48581081,22.15462963,22.78653153,23.40333333,23.99346847,24.57247748,25.11490741,25.62875,26.09968468,26.58027778,27.02725225,27.44097222,27.83626126,28.19611111,28.5477027,28.87666667,29.17513889,29.49418919,29.74518519,29.98388889,30.23648649,30.41222222,30.58791667,30.7799537,30.94787037,31.05930556,31.12615741,31.19328704,31.24263889,31.18518519,31.1012037,30.97708333,30.82666667,30.66985714,30.50944444,30.33583333,30.15666667,29.96695238,29.76939815,29.55238095,29.29111111,29.05352381,28.77740741,28.46888889,28.10752381,27.75472222,27.44633333,27.07490476,26.72838095,26.45083333,26.2037619,26.08666667,25.99361905,25.94904762,25.94486111,25.94,25.96380952,25.99361111,26.00019048,25.93780952,25.85604762,25.70885714,25.4587619,25.06466667,24.48361905,23.6732381,22.49509804,21.00666667,19.11380952,16.72342857,14.07904762,11.59295238,9.410904762,7.792190476,6.780809524,6.082708333,5.122179487,4.530308642,4.191923077,4.016604938,3.923333333,3.855925926,3.846296296,3.846666667,3.891923077,3.953703704,4.042777778,4.14525641,4.279615385,4.441666667,4.614487179,4.811666667,5.025617284,5.271602564,5.532435897,5.810833333,6.086794872,6.369166667,6.662948718,6.95,7.244871795,7.556987179,7.872733333,8.168333333,8.470533333,8.741794872,9.021538462,9.29224359,9.593205128,9.905,10.19533333,10.53538462,10.853,11.1716,11.4972,11.81273333,12.2014,12.51566667,12.85,13.20604167,13.49353333,13.71173333,13.92586667,14.13888889,14.33866667,14.56313333,14.72416667,14.93086667,15.06766667,15.1764,15.2876,15.32645833,15.40833333,15.52993056,15.66606667,15.7,15.82166667,15.83486667,15.87875,15.90736111,15.860625,15.775625,15.63333333,15.44638889,15.19916667,14.87451389,14.6015942,14.22166667,13.90854167,13.63,13.37104167,13.0725,12.88541667,12.71736111,12.42992754,12.2292029,12.00173913,11.76166667,11.65572464,11.47369565,11.17985507,10.88434783,10.65833333,10.34514493,10.16598485,10.02130435,9.898985507,9.856818182,9.833550725,9.797971014,9.652971014,9.227101449,8.750454545,8.374393939,8.065,7.785,7.56,7.326060606,7.17,7.013030303,6.905757576,6.794090909,6.681060606,6.576515152,6.329621212,6.185530303,5.940909091,5.765227273,5.614047619,5.427424242,5.341818182,5.291212121,5.151269841,5.103939394,5.030714286,5.157380952
48.22673684,48.32921053,48.55747368,48.72226316,48.83147368,48.92989474,48.99731579,49.03968421,49.10310526,49.13757895,49.17194737,49.19736842,49.20889474,49.206,49.20473684,49.19552632,49.17047368,49.15091892,49.09305263,49.09189474,49.04410526,48.98831579,48.93736842,48.84726316,48.77352632,48.63410526,48.41305263,48.06168421,47.61621053,47.11816216,46.70189474,46.37431579,46.21515789,46.10918919,46.01673684,45.92426316,45.83227027,45.74978947,45.67136842,45.6592973,45.65073684,45.67043243,45.72136842,45.77086486,45.826,45.91147368,45.97968421,46.01972973,46.05610526,46.0947027,46.11957895,46.13935135,46.1352973,46.10757895,46.07073684,46.02789474,45.90940541,45.81189474,45.69610811,45.54989474,45.33902703,45.10205405,44.81094737,44.47740541,44.07642105,43.58540541,43.05205263,42.49740541,41.96756757,41.43852632,40.92248649,40.42652632,39.89794595,39.2067027,38.30694737,37.06967568,35.2507027,32.84367568,30.05637838,27.1307027,24.376,22.04064865,20.27448649,18.98259459,18.03848649,17.4172973,16.99313514,16.72578378,16.58318919,16.53232432,16.54902703,16.64167568,16.8227027,17.14864865,17.60108108,18.16983333,18.81205405,19.49227027,20.19972973,20.95466667,21.70227027,22.45055556,23.19832432,23.91183784,24.59562162,25.28243243,25.92644444,26.52913514,27.11033333,27.65545946,28.17810811,28.66755556,29.1395,29.56243243,29.99833333,30.39610811,30.78083333,31.14594595,31.49866667,31.84810811,32.18266667,32.49094444,32.82551351,33.094,33.36411111,33.65010811,33.85466667,34.058,34.28083333,34.47438889,34.61083333,34.71672222,34.832,34.92983333,34.93394444,34.89188889,34.7995,34.64894444,34.46148571,34.25466667,34.06633333,33.91111111,33.76508571,33.62338889,33.46771429,33.24366667,33.01262857,32.7195,32.37011111,31.97017143,31.60072222,31.292,30.92354286,30.58314286,30.289,30.02411429,29.89933333,29.82165714,29.81531429,29.83883333,29.864,29.902,29.934,29.94634286,29.89022857,29.82737143,29.71411429,29.50268571,29.1652,28.6364,27.86262857,26.71929412,25.20485714,23.20542857,20.63908571,17.65588571,14.65148571,11.79714286,9.513885714,7.914914286,7.393,6.156769231,5.187555556,4.610230769,4.271333333,4.074,3.958888889,3.920222222,3.934,4.019230769,4.143333333,4.318666667,4.524,4.777076923,5.062222222,5.382769231,5.720307692,6.080740741,6.495153846,6.917769231,7.353,7.787846154,8.229,8.667846154,9.076461538,9.492769231,9.906923077,10.3236,10.696,11.06056,11.40123077,11.72169231,12.01623077,12.33153846,12.63376,12.91616,13.24984615,13.55112,13.86912,14.20288,14.52608,14.9352,15.2872,15.6692,16.0835,16.44008,16.7416,17.05024,17.362,17.65544,17.97592,18.2365,18.53688,18.758,18.93152,19.12528,19.22283333,19.358,19.52591667,19.69224,19.753,19.908,19.95584,19.99675,20.04483333,19.99925,19.92725,19.7605,19.554,19.25333333,18.80458333,18.40582609,17.903,17.43275,16.982,16.53075,16.1035,15.896,15.74475,15.48547826,15.19843478,14.84843478,14.54878261,14.36904348,14.21652174,13.91556522,13.62008696,13.4173913,13.0746087,12.88554545,12.7066087,12.55791304,12.47454545,12.39191304,12.25982609,12.07495652,11.62017391,11.11054545,10.66754545,10.29,9.944782609,9.608,9.282,9.018,8.754181818,8.520545455,8.285636364,8.103818182,7.910545455,7.593272727,7.359454545,6.974727273,6.704909091,6.515428571,6.262272727,6.106181818,5.992454545,5.81247619,5.714545455,5.580285714,5.649809524
45.66824561,45.61538462,45.60403509,45.78394737,45.94935897,46.07964912,46.16987179,46.1995614,46.25201754,46.2824359,46.31407895,46.33451754,46.34504386,46.34,46.33333333,46.31280702,46.28684211,46.25184211,46.19192982,46.15418803,46.0795614,45.99763158,45.93,45.81342105,45.71644737,45.52,45.23565789,44.81026316,44.28767544,43.74359649,43.29732456,42.97285088,42.82701754,42.73811404,42.67614035,42.6122807,42.54885965,42.47938596,42.41605263,42.41797297,42.42894737,42.46377193,42.51288288,42.56473684,42.6195614,42.69067568,42.73188596,42.76527027,42.80026316,42.82684685,42.84916667,42.85333333,42.84850877,42.82274775,42.77390351,42.70412281,42.55666667,42.4363964,42.29846847,42.12201754,41.87761261,41.59175439,41.24747748,40.86157895,40.41763158,39.875,39.28608108,38.69855856,38.12842342,37.57219298,37.03630631,36.50894737,35.93725225,35.18193694,34.18991228,32.8240991,30.86756757,28.37207207,25.63245614,22.79211712,20.28518018,18.255,16.79454955,15.76977477,15.04719298,14.60819444,14.32614035,14.16481481,14.09587719,14.095,14.14400901,14.2568018,14.46162162,14.79792793,15.25243243,15.79626126,16.41333333,17.07189189,17.73828829,18.45333333,19.16405405,19.87292793,20.57347222,21.26581081,21.91891892,22.5925,23.22716216,23.84126126,24.42135135,24.97740741,25.50166667,25.99878378,26.48220721,26.9087037,27.34216216,27.74932432,28.12592593,28.47792793,28.81337838,29.135,29.43941441,29.71736111,30.02027778,30.25153153,30.47648148,30.71675926,30.89074074,31.05277778,31.23902778,31.40414414,31.50583333,31.58462963,31.66407407,31.74666667,31.71722222,31.68425926,31.60638889,31.48092593,31.35472222,31.21611111,31.06314815,30.89018519,30.76833333,30.60796296,30.4012963,30.16904762,29.94208333,29.62356481,29.28690476,28.90925926,28.55944444,28.21305556,27.83291667,27.48133333,27.1712963,26.91509524,26.7417619,26.65,26.61157143,26.59752381,26.59462963,26.60453704,26.60257143,26.57972222,26.50895238,26.43703704,26.293,26.03092593,25.67814286,25.113,24.33523148,23.22809524,21.76857143,19.96319048,17.6182381,14.96585714,12.28533333,9.859666667,7.940380952,6.641238095,5.893387097,4.942037037,4.198518519,3.771851852,3.544444444,3.413974359,3.346604938,3.335246914,3.359938272,3.421851852,3.511234568,3.639197531,3.789166667,3.977435897,4.18775641,4.420432099,4.676794872,4.97,5.290512821,5.621025641,5.979166667,6.339807692,6.702307692,7.0575,7.417051282,7.781089744,8.157435897,8.520897436,8.891410256,9.239533333,9.564871795,9.902179487,10.2050641,10.53653333,10.85046667,11.1792,11.51746667,11.84371795,12.18366667,12.5066,12.83413333,13.2232,13.56512821,13.9076,14.30006667,14.60346667,14.86353333,15.1328,15.36446667,15.59555556,15.859,16.05413333,16.28606667,16.4672,16.57446667,16.7496,16.77666667,16.86680556,16.98866667,17.09388889,17.1284,17.23173611,17.245,17.27466667,17.30583333,17.25972222,17.20722222,17.08416667,16.94854167,16.74604167,16.41644928,16.13166667,15.75557971,15.39746377,15.075,14.72958333,14.38458333,14.17130435,13.98819444,13.72768116,13.49898551,13.2207971,12.93391304,12.76434783,12.55202899,12.25130435,11.92963768,11.69514493,11.34376812,11.15449275,10.93623188,10.75347826,10.63057971,10.53606061,10.45424242,10.34848485,9.930757576,9.469130435,9.023115942,8.661666667,8.343787879,8.058695652,7.772727273,7.536666667,7.268181818,7.1225,6.901269841,6.779545455,6.602727273,6.331060606,6.146439394,5.846746032,5.661818182,5.399545455,5.207121212,5.085,4.904285714,4.759545455,4.665793651,4.579015152,4.597619048
46.35767544,46.30803419,46.47175439,46.66719298,46.79846154,46.93565789,47.0524359,47.10973684,47.19991228,47.25730769,47.30877193,47.33697368,47.35736842,47.36141026,47.37166667,47.35078947,47.31157895,47.26877193,47.20947368,47.17606838,47.09565789,46.99561404,46.90416667,46.76921053,46.63605263,46.38890351,46.00491228,45.43429825,44.69855263,43.94109649,43.32684211,42.90232456,42.70057018,42.57390351,42.485,42.39008772,42.31263158,42.2477193,42.1872807,42.20662162,42.22916667,42.28372807,42.36036036,42.43692982,42.52114035,42.63018018,42.70236842,42.75554054,42.81850877,42.87175676,42.92083333,42.9404386,42.92324561,42.89202703,42.84298246,42.77087719,42.60236842,42.4504955,42.25896396,42.02921053,41.71572072,41.34684211,40.9027027,40.39364035,39.80061404,39.10076577,38.34774775,37.59328829,36.85765766,36.15122807,35.4777027,34.82149123,34.12774775,33.22477477,32.0370614,30.43094595,28.18527027,25.41806306,22.48745614,19.58617117,17.12851351,15.20112613,13.8627027,12.93815315,12.29824561,11.90902778,11.65679825,11.50981481,11.44017544,11.42925926,11.45585586,11.5354955,11.69031532,11.95761261,12.32472973,12.77400901,13.29333333,13.85027027,14.42828829,15.05166667,15.68274775,16.3277027,16.98194444,17.63752252,18.25878378,18.91833333,19.54328829,20.16081081,20.75162162,21.33185185,21.88222222,22.40900901,22.92423423,23.38481481,23.85378378,24.29603604,24.70907407,25.09743243,25.47427928,25.83944444,26.17576577,26.48361111,26.80736111,27.06166667,27.31074074,27.56314815,27.76416667,27.94935185,28.14763889,28.31734234,28.42361111,28.4962963,28.55490741,28.59333333,28.515,28.42777778,28.29611111,28.12666667,27.9612037,27.79888889,27.61555556,27.41574074,27.23583333,27.01592593,26.76842593,26.49628571,26.25111111,25.94416667,25.62519048,25.26074074,24.90277778,24.54777778,24.18606481,23.85571429,23.57259259,23.33185714,23.15604762,23.05083333,22.99742857,22.97585714,22.97537037,22.98453704,22.97985714,22.96731481,22.90185714,22.82944444,22.67933333,22.41953704,22.05147619,21.4817619,20.7,19.60642857,18.19333333,16.50419048,14.4017619,12.1357619,9.989,8.146571429,6.780714286,5.923761905,5.421989247,4.457469136,3.940679012,3.661419753,3.517407407,3.431410256,3.391790123,3.396296296,3.405555556,3.452037037,3.501790123,3.577037037,3.6675,3.778076923,3.900961538,4.038580247,4.188589744,4.363333333,4.558589744,4.771217949,4.995128205,5.223974359,5.454294872,5.68,5.898846154,6.131858974,6.386794872,6.630384615,6.880833333,7.117333333,7.337179487,7.566858974,7.771987179,8.015,8.2638,8.516533333,8.785866667,9.048717949,9.314666667,9.572933333,9.839533333,10.16493333,10.44070513,10.73006667,11.0444,11.27366667,11.45986667,11.6474,11.80873333,11.96131944,12.15133333,12.30086667,12.46893333,12.60346667,12.68246667,12.80273333,12.80833333,12.89145833,13.00206667,13.09361111,13.1426,13.25451389,13.27916667,13.3352,13.365,13.34986111,13.29777778,13.19833333,13.05916667,12.85125,12.555,12.28666667,11.96050725,11.66224638,11.41666667,11.19333333,10.93791667,10.77043478,10.62715278,10.40804348,10.23673913,10.06289855,9.871014493,9.77,9.622898551,9.407898551,9.145217391,8.959347826,8.679275362,8.535072464,8.401014493,8.31557971,8.297391304,8.31530303,8.331212121,8.316287879,7.971969697,7.554492754,7.204710145,6.92,6.682121212,6.461231884,6.286363636,6.145,5.960454545,5.879166667,5.787142857,5.775757576,5.657272727,5.464090909,5.365909091,5.15531746,5.011060606,4.843484848,4.711212121,4.651666667,4.564761905,4.451666667,4.446746032,4.349924242,4.466825397
41.23915789,41.05846154,41.012,41.14031579,41.28861538,41.42873684,41.51923077,41.52894737,41.59042105,41.626,41.65221053,41.66342105,41.67605263,41.66446154,41.65,41.61642105,41.58410526,41.554,41.47084211,41.43041026,41.34868421,41.25805263,41.173,41.04063158,40.93410526,40.72652632,40.41147368,39.95531579,39.38373684,38.81347368,38.35336842,37.99773684,37.85431579,37.75563158,37.68884211,37.61431579,37.54452632,37.46242105,37.38947368,37.40962162,37.41542105,37.43657895,37.48210811,37.51747368,37.56431579,37.63124324,37.66605263,37.68810811,37.72736842,37.76021622,37.788,37.794,37.77010526,37.75027027,37.70410526,37.63073684,37.47305263,37.34551351,37.19205405,37.00094737,36.7447027,36.43810526,36.07254054,35.66178947,35.18726316,34.626,34.01594595,33.39762162,32.81421622,32.24726316,31.71118919,31.182,30.61972973,29.86956757,28.86852632,27.49735135,25.5427027,23.08205405,20.45405263,17.80151351,15.53940541,13.76135135,12.5172973,11.65648649,11.052,10.67872222,10.42405263,10.27822222,10.198,10.16666667,10.18113514,10.24805405,10.38789189,10.63064865,10.97551351,11.39318919,11.881,12.40843243,12.94908108,13.54266667,14.13837838,14.74664865,15.36466667,15.98183784,16.56751351,17.193,17.79254054,18.37972973,18.93259459,19.47911111,20,20.49654054,20.98162162,21.408,21.84718919,22.25297297,22.63222222,22.98189189,23.30518919,23.62,23.91427027,24.16566667,24.44644444,24.65637838,24.85911111,25.08077778,25.23205556,25.3765,25.53416667,25.66443243,25.747,25.80266667,25.85344444,25.9,25.84533333,25.80511111,25.74233333,25.64733333,25.56133333,25.46933333,25.33511111,25.16955556,25.015,24.81777778,24.58822222,24.34468571,24.127,23.85216667,23.56622857,23.23044444,22.87866667,22.53266667,22.18277778,21.84142857,21.55188889,21.30994286,21.15948571,21.065,21.01074286,20.988,20.96922222,20.98322222,20.97142857,20.959,20.89817143,20.82444444,20.6788,20.42677778,20.0848,19.56628571,18.85011111,17.84914286,16.54342857,14.97577143,13.00777143,10.86742857,8.8436,7.119371429,5.859828571,5.083257143,4.63883871,3.757333333,3.339111111,3.095407407,2.976666667,2.897538462,2.845777778,2.835407407,2.833555556,2.857407407,2.889481481,2.949333333,3.023,3.111230769,3.217615385,3.333111111,3.451846154,3.6,3.771153846,3.940307692,4.136384615,4.328692308,4.528615385,4.729,4.928538462,5.143,5.383538462,5.619230769,5.859538462,6.10136,6.330923077,6.561846154,6.781076923,7.03088,7.27896,7.53568,7.8116,8.078153846,8.3588,8.62632,8.90016,9.21656,9.499230769,9.7776,10.08664,10.3168,10.50328,10.69832,10.86536,11.02616667,11.2172,11.35792,11.52,11.65328,11.73896,11.84664,11.85,11.90841667,11.98832,12.05533333,12.07704,12.14391667,12.15525,12.19392,12.196,12.15966667,12.112,12.023,11.92,11.77716667,11.53634783,11.34233333,11.08817391,10.85426087,10.65,10.447,10.2455,10.08930435,9.930916667,9.681652174,9.502521739,9.301913043,9.096086957,8.98173913,8.841565217,8.588869565,8.321826087,8.110434783,7.835826087,7.676434783,7.529826087,7.441565217,7.391652174,7.393636364,7.382818182,7.330636364,7.038909091,6.638608696,6.31826087,6.04,5.854272727,5.660695652,5.501454545,5.37,5.206,5.164,5.05447619,5.016363636,4.955090909,4.771818182,4.697909091,4.50247619,4.394727273,4.199363636,4.131272727,4.055,3.98,3.913454545,3.89352381,3.794818182,3.854952381
43.26710526,43.48368421,43.76605263,43.98078947,44.14635965,44.28710526,44.39495614,44.44881579,44.53368421,44.59486842,44.63679825,44.66526316,44.67938596,44.68166667,44.68530702,44.68311404,44.62890351,44.60292793,44.53,44.50894737,44.43947368,44.36070175,44.28447368,44.16429825,44.05850877,43.87324561,43.575,43.12644737,42.52916667,41.8545045,41.28035088,40.83789474,40.64377193,40.52094595,40.42824561,40.34907895,40.28283784,40.21052632,40.14078947,40.14891892,40.16048246,40.18626126,40.23394737,40.28099099,40.33416667,40.40986842,40.46921053,40.50220721,40.54732456,40.59436937,40.62508772,40.64405405,40.6322973,40.60078947,40.54947368,40.48552632,40.33869369,40.20333333,40.04189189,39.84114035,39.56608108,39.24833333,38.87157895,38.43864865,37.93333333,37.32486486,36.67285088,35.98103604,35.33518018,34.69745614,34.10018018,33.51912281,32.91540541,32.13905405,31.12921053,29.74702703,27.78445946,25.235,22.36675676,19.47761261,16.87414414,14.77297297,13.26810811,12.21630631,11.48162162,11.02162162,10.70918919,10.51783784,10.41720721,10.37468468,10.38427928,10.44328829,10.57720721,10.81873874,11.17279279,11.62458333,12.15247748,12.71792793,13.31297297,13.96,14.61612613,15.28787037,15.97644144,16.64891892,17.32135135,17.98900901,18.65148148,19.28027027,19.89731481,20.49166667,21.07364865,21.61944444,22.14763889,22.62774775,23.10916667,23.55238739,23.97555556,24.36662162,24.72777778,25.08288288,25.41416667,25.70111111,26.00914414,26.25962963,26.50324074,26.74837838,26.9312963,27.11125,27.30856481,27.46875,27.58861111,27.66921296,27.7537037,27.82013889,27.80592593,27.76537037,27.68791667,27.57810185,27.45895238,27.33185185,27.18833333,27.03074074,26.86995238,26.6912963,26.48666667,26.21861111,25.962,25.67222222,25.34916667,24.98414286,24.61277778,24.28333333,23.89409524,23.52557143,23.22333333,22.94547619,22.78722222,22.66338095,22.59842857,22.57152778,22.54833333,22.55547619,22.56861111,22.5622381,22.49157143,22.40138095,22.2447619,21.98895238,21.59733333,21.02580952,20.23509524,19.11323529,17.66785714,15.83595238,13.63361905,11.23657143,8.970428571,7.042809524,5.684095238,4.870095238,4.228333333,3.476794872,3.060864198,2.848141026,2.734074074,2.676666667,2.632222222,2.631481481,2.636111111,2.664871795,2.702037037,2.761666667,2.832051282,2.923205128,3.035679012,3.156666667,3.298461538,3.453765432,3.641987179,3.839423077,4.056666667,4.274102564,4.502692308,4.745512821,4.982564103,5.230641026,5.498205128,5.777133333,6.046666667,6.321133333,6.580897436,6.847051282,7.105192308,7.390512821,7.6854,7.971266667,8.290641026,8.5974,8.915066667,9.235066667,9.539066667,9.901666667,10.22066667,10.54666667,10.88104167,11.16453333,11.3758,11.58026667,11.78277778,11.97126667,12.18033333,12.34166667,12.52553333,12.657,12.75193333,12.85253333,12.88152778,12.94666667,13.05409722,13.1592,13.18972222,13.26625,13.2848,13.31645833,13.33979167,13.29652778,13.241875,13.13583333,13.00583333,12.81569444,12.53208333,12.30101449,11.98041667,11.69375,11.44,11.18833333,10.9175,10.743125,10.56972222,10.32594203,10.10536232,9.893913043,9.660144928,9.498405797,9.322318841,9.036521739,8.735217391,8.506304348,8.195,8.001212121,7.856086957,7.744637681,7.692575758,7.650869565,7.614057971,7.47173913,7.073623188,6.639848485,6.309166667,6.03,5.77884058,5.5575,5.366969697,5.226666667,5.101515152,4.969393939,4.853030303,4.784090909,4.700151515,4.516363636,4.386060606,4.147878788,3.975984848,3.858174603,3.718484848,3.625909091,3.565681818,3.46968254,3.403484848,3.365,3.442142857
45.36245614,45.56517544,45.8125,46.01057018,46.13995614,46.24934211,46.37837719,46.45486842,46.54368421,46.59096491,46.64548246,46.67982456,46.68785088,46.68166667,46.6904386,46.67942982,46.62644737,46.5781982,46.49017544,46.47482456,46.40868421,46.32245614,46.24535088,46.11526316,45.99263158,45.7652193,45.41105263,44.88631579,44.2004386,43.48373874,42.90201754,42.47368421,42.30429825,42.17355856,42.08570175,42.01,41.92666667,41.84482456,41.77508772,41.78414414,41.79320175,41.81112613,41.85815789,41.90572072,41.9525,42.03135965,42.09219298,42.13382883,42.1779386,42.22671171,42.26254386,42.28373874,42.27684685,42.23929825,42.17394737,42.10464912,41.94207207,41.78973684,41.60653153,41.38175439,41.05927928,40.69927928,40.28,39.80432432,39.24210526,38.56882883,37.8602193,37.13734234,36.43891892,35.77736842,35.15702703,34.54929825,33.89626126,33.02995495,31.89745614,30.36648649,28.16774775,25.40603604,22.40310811,19.4818018,16.92833333,14.91121622,13.49427928,12.50441441,11.8068018,11.35581081,11.05117117,10.85716216,10.74527027,10.69671171,10.6995045,10.76076577,10.89693694,11.14864865,11.50945946,11.96277778,12.48369369,13.04689189,13.64617117,14.30111111,14.95963964,15.64314815,16.33932432,17.02603604,17.70459459,18.39671171,19.06944444,19.71563063,20.34814815,20.95481982,21.55324324,22.11527778,22.65902778,23.15977477,23.66416667,24.13121622,24.56805556,24.97117117,25.35333333,25.72108108,26.06041667,26.36976852,26.70283784,26.97148148,27.22972222,27.49788288,27.69310185,27.88125,28.08421296,28.25962963,28.38486111,28.48328704,28.59324074,28.68847222,28.69967593,28.69287037,28.65083333,28.57287037,28.47757143,28.36537037,28.23111111,28.07833333,27.90971429,27.72125,27.50785714,27.23305556,26.9657619,26.65097222,26.29398148,25.88680952,25.48268519,25.11647619,24.69257143,24.29790476,23.98583333,23.71947619,23.55944444,23.42880952,23.3567619,23.33180556,23.31166667,23.31357143,23.32055556,23.31719048,23.23928571,23.14061905,22.97085714,22.6927619,22.26333333,21.65147619,20.80642857,19.60401961,18.09190476,16.19857143,13.92128571,11.50919048,9.294904762,7.478571429,6.232857143,5.526095238,4.951510417,4.213461538,3.810617284,3.598910256,3.477160494,3.406666667,3.358888889,3.347037037,3.342222222,3.361153846,3.394259259,3.446111111,3.500384615,3.584294872,3.680617284,3.790769231,3.914487179,4.054320988,4.219358974,4.403397436,4.6025,4.800833333,5.007564103,5.23025641,5.446538462,5.677435897,5.944487179,6.2054,6.471666667,6.744466667,7.00275641,7.270384615,7.518141026,7.789102564,8.077,8.346,8.664615385,8.9612,9.272333333,9.595533333,9.902866667,10.28273333,10.618,10.97233333,11.32770833,11.62793333,11.87646667,12.1144,12.355,12.5838,12.84786667,13.05666667,13.2928,13.45533333,13.57813333,13.693,13.72361111,13.79833333,13.89402778,13.988,14.00527778,14.07416667,14.09766667,14.09666667,14.11923611,14.07111111,14.02270833,13.91875,13.77944444,13.59416667,13.31430556,13.09811594,12.79666667,12.50854167,12.25,11.979375,11.7175,11.555625,11.38006944,11.12869565,10.89246377,10.63855072,10.40072464,10.22652174,10.03514493,9.737608696,9.448405797,9.216884058,8.909565217,8.723333333,8.595144928,8.462246377,8.423333333,8.419782609,8.34384058,8.21942029,7.791666667,7.352424242,7.018636364,6.74,6.525507246,6.315833333,6.094242424,5.956666667,5.808484848,5.744393939,5.649848485,5.583636364,5.481742424,5.324545455,5.193106061,4.973030303,4.801212121,4.671984127,4.596060606,4.49530303,4.40030303,4.342539683,4.355151515,4.282301587,4.354047619
43.62105263,43.78631579,44.03952632,44.21105263,44.32815789,44.42589474,44.51557895,44.55247368,44.62431579,44.65557895,44.68663158,44.70589474,44.71689474,44.713,44.70910526,44.69794737,44.65978947,44.63848649,44.57463158,44.56568421,44.50768421,44.43136842,44.35894737,44.25852632,44.17305263,44.00926316,43.76452632,43.39405263,42.89,42.32108108,41.84042105,41.47452632,41.33989474,41.25972973,41.20526316,41.16678947,41.12837838,41.07894737,41.03368421,41.0567027,41.07257895,41.10043243,41.148,41.19189189,41.238,41.30315789,41.35210526,41.37789189,41.40647368,41.44897297,41.47178947,41.47437838,41.46475676,41.43452632,41.394,41.33605263,41.19621622,41.08157895,40.93967568,40.76936842,40.54091892,40.27562162,39.95094737,39.58605405,39.14736842,38.61772973,38.04594737,37.44691892,36.87227027,36.30221053,35.74616216,35.19768421,34.64356757,33.92351351,32.98726316,31.69286486,29.82989189,27.39216216,24.6172973,21.75686486,19.13783784,17.00237838,15.47345946,14.42751351,13.72081081,13.30902703,13.06508108,12.94891892,12.91572973,12.94778378,13.01281081,13.13356757,13.32372973,13.64551351,14.08875676,14.63733333,15.25681081,15.91335135,16.59421622,17.32466667,18.04902703,18.78388889,19.52205405,20.2347027,20.94297297,21.63875676,22.31577778,22.95643243,23.575,24.16837838,24.74924324,25.27866667,25.78816667,26.2487027,26.71766667,27.1467027,27.53733333,27.90372973,28.24666667,28.57967568,28.8865,29.15583333,29.45172973,29.67866667,29.89166667,30.12318919,30.28511111,30.447,30.62438889,30.77666667,30.87883333,30.94416667,31.01916667,31.08,31.05922222,31.01877778,30.9495,30.85488889,30.7512,30.62311111,30.482,30.32777778,30.16954286,30.00044444,29.79714286,29.527,29.28325714,28.98166667,28.64933333,28.27291429,27.89122222,27.55228571,27.14645714,26.77142857,26.447,26.13171429,25.946,25.7916,25.69771429,25.64216667,25.602,25.57571429,25.55933333,25.52308571,25.42514286,25.30788571,25.12171429,24.83611429,24.4244,23.83125714,23.00285714,21.81858824,20.30171429,18.34628571,15.95125714,13.30862857,10.75177143,8.493314286,6.821885714,5.755942857,5.1493125,4.275384615,3.69637037,3.378769231,3.209703704,3.124,3.079333333,3.085777778,3.106,3.173692308,3.255333333,3.37,3.508307692,3.679538462,3.880296296,4.093538462,4.322615385,4.581703704,4.873923077,5.183769231,5.509,5.827846154,6.170307692,6.518,6.853692308,7.200769231,7.564384615,7.93696,8.278,8.63272,8.959692308,9.296923077,9.621846154,9.969538462,10.31752,10.66064,11.03246154,11.39208,11.74184,12.10384,12.43792,12.85088,13.198,13.55,13.92075,14.2232,14.46456,14.68992,14.90866667,15.10672,15.33024,15.4765,15.6684,15.8,15.8916,16.00328,16.026,16.084,16.18258333,16.27592,16.284,16.368,16.3672,16.3935,16.39525,16.3335,16.26075,16.1485,15.99533333,15.80616667,15.53383333,15.29104348,14.958,14.6595,14.371,14.10875,13.81,13.61525,13.43433333,13.14973913,12.88643478,12.64565217,12.37730435,12.21478261,12.00026087,11.64921739,11.33704348,11.09556522,10.70808696,10.51218182,10.30495652,10.14286957,10.06127273,9.991217391,9.868869565,9.682086957,9.253043478,8.832,8.432181818,8.078,7.803130435,7.543,7.274181818,7.094,6.885636364,6.745818182,6.558727273,6.454545455,6.300636364,6.05,5.872181818,5.607454545,5.395272727,5.231809524,5.040636364,4.904545455,4.809636364,4.683047619,4.606909091,4.441619048,4.564190476
47.52324561,47.48568376,47.47570175,47.60763158,47.70230769,47.79482456,47.87307692,47.89561404,47.94210526,47.96641026,47.99565789,48.00899123,48.0127193,48.01128205,48.005,47.97359649,47.94377193,47.915,47.85157895,47.82316239,47.75868421,47.68565789,47.62,47.50403509,47.41885965,47.24131579,46.97210526,46.57850877,46.08026316,45.56421053,45.14442982,44.83960526,44.70254386,44.61315789,44.54578947,44.47184211,44.39929825,44.34491228,44.29254386,44.30103604,44.30894737,44.34008772,44.3877027,44.42535088,44.47184211,44.53756757,44.57701754,44.59932432,44.62464912,44.64518018,44.66833333,44.67197368,44.6577193,44.62207207,44.57267544,44.50789474,44.37087719,44.25648649,44.12171171,43.95614035,43.72207207,43.45324561,43.13554054,42.77622807,42.35412281,41.83725225,41.28009009,40.72369369,40.19036036,39.65789474,39.14842342,38.65307018,38.12009009,37.40734234,36.45057018,35.13162162,33.22941441,30.77824324,28.06921053,25.2381982,22.71274775,20.64743243,19.15031532,18.09963964,17.35513158,16.89912037,16.60451754,16.4362963,16.36280702,16.35481481,16.39378378,16.5027027,16.69936937,17.03657658,17.49603604,18.0459009,18.66541667,19.32315315,19.98828829,20.69722222,21.40238739,22.1131982,22.81916667,23.51378378,24.16247748,24.84083333,25.48027027,26.10454955,26.69265766,27.2637037,27.79944444,28.30328829,28.78707207,29.21277778,29.64851351,30.0463964,30.41759259,30.76806306,31.10121622,31.41611111,31.70545045,31.96333333,32.24287037,32.45941441,32.65703704,32.87111111,33.02319444,33.17134259,33.33708333,33.47468468,33.5525,33.61203704,33.65851852,33.7,33.61666667,33.53203704,33.41027778,33.26351852,33.12509259,32.98888889,32.82157407,32.64037037,32.495,32.3037037,32.08898148,31.84957143,31.63902778,31.36,31.08047619,30.75351852,30.44111111,30.12569444,29.78796296,29.4867619,29.23509259,29.00633333,28.84704762,28.75166667,28.69438095,28.66252381,28.65722222,28.66027778,28.64985714,28.62472222,28.56185714,28.49592593,28.34933333,28.08490741,27.73166667,27.173,26.39523148,25.28595238,23.82880952,22.01795238,19.6392381,16.93038095,14.14133333,11.55885714,9.456095238,7.984761905,7.106021505,6.159567901,5.274567901,4.739876543,4.446666667,4.274871795,4.199197531,4.196790123,4.227654321,4.322716049,4.437283951,4.597716049,4.786666667,5.013717949,5.268141026,5.545802469,5.841923077,6.185,6.543397436,6.915576923,7.310897436,7.720576923,8.110961538,8.500833333,8.885769231,9.270192308,9.673846154,10.06346154,10.43608974,10.79286667,11.12371795,11.48051282,11.80102564,12.17546667,12.54933333,12.9304,13.3366,13.69929487,14.07766667,14.43593333,14.78506667,15.205,15.55365385,15.89733333,16.28546667,16.57893333,16.8054,17.03966667,17.22713333,17.3825,17.59666667,17.72613333,17.89913333,18.0146,18.07786667,18.22813333,18.21333333,18.31555556,18.4526,18.56972222,18.6092,18.7325,18.75979167,18.82246667,18.84833333,18.81416667,18.76,18.62541667,18.46979167,18.24840278,17.89782609,17.61472222,17.22398551,16.88362319,16.5925,16.306875,16.01916667,15.80913043,15.61854167,15.30949275,15.04913043,14.79391304,14.54666667,14.4357971,14.26434783,13.92065217,13.59876812,13.33746377,12.94681159,12.72318841,12.51355072,12.35217391,12.24608696,12.16090909,12.07833333,12.00590909,11.57833333,11.06471014,10.60615942,10.25166667,9.917575758,9.599927536,9.318333333,9.083333333,8.813484848,8.628333333,8.41952381,8.278787879,8.106212121,7.761666667,7.574848485,7.211428571,7.02530303,6.768787879,6.516515152,6.384166667,6.171904762,6.043181818,5.947460317,5.814015152,5.851111111
43.43921053,43.63860902,43.88240602,44.06631579,44.19319549,44.31451128,44.4306391,44.48898496,44.57093985,44.63097744,44.66503759,44.68879699,44.69635338,44.69571429,44.69740602,44.6868797,44.62473684,44.5819305,44.49571429,44.47947368,44.41398496,44.32909774,44.25398496,44.11503759,43.99774436,43.79007519,43.46582707,42.97770677,42.33093985,41.62451737,41.03661654,40.6162406,40.43541353,40.3107722,40.2331203,40.16793233,40.10223938,40.03330827,39.96977444,39.98447876,40.00417293,40.02833977,40.08180451,40.12486486,40.17857143,40.25609023,40.30804511,40.346139,40.39210526,40.43795367,40.47293233,40.49266409,40.48683398,40.45947368,40.40195489,40.32981203,40.18111969,40.04526316,39.86861004,39.64917293,39.35065637,39.00791506,38.61511278,38.15841699,37.62150376,36.97552124,36.28605263,35.57297297,34.89903475,34.25195489,33.63760618,33.03067669,32.40297297,31.57389961,30.48654135,29.01486486,26.90694981,24.23907336,21.32362934,18.47254826,15.97088803,14.00262548,12.63019305,11.68135135,11.02247104,10.61297297,10.34281853,10.17826255,10.09455598,10.06420849,10.07891892,10.14401544,10.28436293,10.52513514,10.87610039,11.31642857,11.82563707,12.37521236,12.95675676,13.58666667,14.23027027,14.89333333,15.5753668,16.24393822,16.91081081,17.58440154,18.25047619,18.88803089,19.50531746,20.1053668,20.70142857,21.25944444,21.79809524,22.28498069,22.78761905,23.24621622,23.67142857,24.07162162,24.44952381,24.81158301,25.14785714,25.43940476,25.7503861,25.99571429,26.24134921,26.49204633,26.67015873,26.84392857,27.03095238,27.18480159,27.29285714,27.36753968,27.45484127,27.52642857,27.51472222,27.48055556,27.41678571,27.31928571,27.20755102,27.09063492,26.9402381,26.77968254,26.59787755,26.4018254,26.18918367,25.92285714,25.67114286,25.37,25.04507937,24.66342857,24.27277778,23.92534694,23.52020408,23.14457143,22.84214286,22.56844898,22.40619048,22.26697959,22.18432653,22.15166667,22.12571429,22.12142857,22.12333333,22.11542857,22.03673469,21.93873469,21.7622449,21.4817551,21.06314286,20.47057143,19.64277551,18.48201681,17.01877551,15.19469388,13.00755102,10.70085714,8.603510204,6.874938776,5.674571429,4.969387755,4.3934375,3.660769231,3.265661376,3.03510989,2.911005291,2.851428571,2.799365079,2.788888889,2.789047619,2.814285714,2.857936508,2.917142857,2.987582418,3.082472527,3.198201058,3.324835165,3.455934066,3.601375661,3.786813187,3.982582418,4.177142857,4.377142857,4.583846154,4.808351648,5.027802198,5.255824176,5.512802198,5.775028571,6.03,6.298742857,6.551483516,6.8,7.056868132,7.32956044,7.6008,7.870571429,8.181208791,8.476114286,8.780514286,9.087142857,9.391485714,9.751771429,10.068,10.38657143,10.72196429,11.00125714,11.21371429,11.4268,11.6252381,11.8244,12.04874286,12.22178571,12.41234286,12.55914286,12.65262857,12.75062857,12.7702381,12.83428571,12.91755952,12.99291429,13.00833333,13.07142857,13.07331429,13.07178571,13.06434524,13.00125,12.91660714,12.78464286,12.63714286,12.48071429,12.27047619,12.07813665,11.79535714,11.55696429,11.34214286,11.10875,10.86285714,10.68410714,10.50946429,10.27204969,10.02950311,9.814347826,9.605776398,9.436956522,9.260310559,8.958944099,8.686024845,8.44863354,8.169254658,7.994415584,7.807888199,7.727018634,7.69,7.69515528,7.642298137,7.496024845,7.130372671,6.723246753,6.367142857,6.108571429,5.870248447,5.702857143,5.514415584,5.377142857,5.212337662,5.157142857,5.045324675,4.978051948,4.877402597,4.710454545,4.586623377,4.398051948,4.233181818,4.067210884,3.937987013,3.895844156,3.842012987,3.774761905,3.705324675,3.612517007,3.729727891
46.77247368,46.96878947,47.16621053,47.36715789,47.49084211,47.61321053,47.72589474,47.76968421,47.84784211,47.88042105,47.92173684,47.93668421,47.95105263,47.939,47.93510526,47.92826316,47.86221053,47.81140541,47.70842105,47.69684211,47.63473684,47.552,47.48284211,47.34252632,47.23005263,47.01147368,46.67726316,46.18652632,45.55994737,44.896,44.36421053,43.97663158,43.84326316,43.73951351,43.67357895,43.60905263,43.54654054,43.46357895,43.39410526,43.42054054,43.43584211,43.46248649,43.51368421,43.55491892,43.601,43.67931579,43.72736842,43.76281081,43.79936842,43.83951351,43.87147368,43.88524324,43.86702703,43.83189474,43.76821053,43.69326316,43.53994595,43.40926316,43.24924324,43.04347368,42.75724324,42.42875676,42.054,41.62751351,41.13484211,40.53637838,39.89426316,39.22805405,38.61389189,38.01673684,37.45589189,36.89347368,36.29924324,35.48708108,34.45257895,33.05908108,31.04167568,28.4792973,25.67740541,22.84945946,20.31335135,18.2647027,16.79724324,15.77156757,15.04427027,14.60394595,14.32172973,14.17081081,14.10421622,14.10027027,14.15518919,14.26459459,14.45875676,14.77751351,15.22183784,15.76033333,16.36902703,17.01162162,17.6727027,18.38866667,19.09918919,19.817,20.53227027,21.22686486,21.91237838,22.58654054,23.24333333,23.86556757,24.46044444,25.03281081,25.59043243,26.10744444,26.60166667,27.05118919,27.51366667,27.93513514,28.3355,28.70583784,29.04333333,29.3887027,29.70383333,29.96677778,30.28551351,30.53355556,30.77711111,31.03859459,31.20055556,31.377,31.57122222,31.73183333,31.84233333,31.93061111,32.02366667,32.11066667,32.09911111,32.07455556,32.018,31.92272222,31.80914286,31.67644444,31.52033333,31.36555556,31.21354286,31.04855556,30.85085714,30.58966667,30.32988571,30.016,29.66433333,29.26451429,28.87177778,28.53034286,28.12497143,27.7296,27.424,27.14217143,26.99533333,26.85902857,26.78411429,26.7495,26.708,26.70428571,26.70133333,26.68314286,26.59388571,26.49171429,26.3284,26.05205714,25.6412,25.03994286,24.21782857,23.02352941,21.51514286,19.58028571,17.15028571,14.46457143,11.894,9.571314286,7.802971429,6.641314286,6.073,5.063076923,4.341851852,3.912538462,3.684740741,3.57,3.501555556,3.494222222,3.524666667,3.598769231,3.709333333,3.856,4.021384615,4.229384615,4.468888889,4.719692308,5.004307692,5.295037037,5.629692308,5.978153846,6.342,6.691230769,7.057153846,7.429230769,7.780461538,8.149384615,8.532384615,8.90344,9.264,9.6304,9.961923077,10.29553846,10.607,10.93338462,11.2568,11.56712,11.91953846,12.252,12.59456,12.94712,13.27936,13.69032,14.0308,14.388,14.76725,15.094,15.35296,15.60048,15.85666667,16.09896,16.37096,16.577,16.80808,16.9752,17.09232,17.21784,17.25391667,17.324,17.43266667,17.54488,17.55733333,17.65,17.63856,17.66,17.6565,17.60075,17.53025,17.406,17.25833333,17.045,16.74908333,16.50547826,16.142,15.82225,15.524,15.2175,14.9145,14.71975,14.56258333,14.28547826,14.02556522,13.7373913,13.43530435,13.25704348,13.05773913,12.71495652,12.38182609,12.17113043,11.83547826,11.62354545,11.42956522,11.29008696,11.20109091,11.12521739,11.00426087,10.82869565,10.3726087,9.893818182,9.498,9.154,8.820086957,8.58,8.290727273,8.094,7.859636364,7.7,7.486909091,7.374,7.186636364,6.926,6.750636364,6.450909091,6.229,5.995714286,5.798636364,5.669818182,5.534909091,5.342761905,5.321090909,5.117047619,5.251333333
45.41315789,45.62605263,45.84795322,46.01769006,46.13026316,46.23111111,46.33038012,46.38903509,46.47982456,46.53032164,46.57412281,46.6048538,46.60877193,46.61055556,46.60871345,46.58751462,46.52997076,46.48960961,46.41380117,46.39906433,46.32912281,46.24128655,46.15333333,46.02397661,45.91187135,45.70371345,45.37403509,44.87523392,44.23362573,43.53015015,42.93064327,42.49210526,42.29883041,42.16972973,42.08652047,42.00921053,41.93033033,41.85450292,41.79631579,41.80459459,41.82163743,41.84600601,41.89684211,41.93726727,41.99166667,42.0698538,42.12397661,42.16138138,42.2048538,42.25465465,42.29497076,42.31387387,42.30663664,42.27853801,42.22561404,42.1544152,42.00834835,41.86906433,41.69153153,41.46859649,41.17204204,40.83714715,40.43292398,39.96813814,39.42415205,38.77312312,38.07611111,37.35672673,36.67147147,36.01181287,35.38588589,34.78421053,34.15141141,33.32771772,32.23853801,30.75567568,28.62816817,25.90342342,22.91003003,19.95225225,17.34582583,15.27777778,13.82111111,12.8075976,12.09465465,11.64426426,11.33576577,11.13945946,11.03423423,10.98765766,10.98657658,11.04633634,11.17867868,11.42561562,11.78087087,12.23240741,12.75384384,13.31882883,13.91570571,14.57074074,15.23342342,15.915,16.61720721,17.31162162,18.00486486,18.70123123,19.39098765,20.04984985,20.69746914,21.32111111,21.93459459,22.51691358,23.08074074,23.58633634,24.1037037,24.57912913,25.02703704,25.44495495,25.82888889,26.19741742,26.53759259,26.8425,27.16651652,27.42308642,27.67018519,27.93024024,28.10962963,28.28833333,28.47839506,28.64126543,28.75425926,28.82858025,28.90805556,28.98435185,28.9670679,28.9287963,28.86055556,28.7570679,28.64520635,28.5237037,28.38111111,28.21320988,28.03393651,27.84160494,27.62428571,27.35407407,27.0944127,26.79067901,26.46092593,26.08168254,25.68938272,25.33479365,24.92673016,24.55168254,24.25055556,23.97279365,23.80592593,23.66330159,23.58777778,23.5587963,23.53222222,23.53174603,23.53648148,23.53307937,23.46019048,23.36053968,23.18012698,22.89504762,22.46688889,21.85380952,21.00587302,19.80699346,18.29031746,16.3884127,14.09774603,11.67660317,9.450063492,7.599142857,6.295968254,5.525269841,4.865902778,4.094786325,3.644115226,3.400299145,3.271522634,3.208888889,3.160493827,3.151481481,3.157037037,3.191965812,3.237407407,3.302222222,3.379059829,3.475555556,3.592674897,3.725811966,3.867863248,4.026954733,4.214615385,4.416923077,4.631111111,4.842820513,5.068589744,5.299145299,5.528119658,5.775384615,6.043931624,6.322088889,6.582222222,6.868577778,7.130897436,7.398803419,7.665213675,7.958461538,8.256133333,8.552577778,8.885641026,9.207733333,9.533822222,9.869733333,10.19284444,10.57751111,10.90711111,11.24511111,11.59541667,11.88466667,12.10724444,12.32715556,12.52888889,12.72488889,12.95337778,13.11972222,13.31497778,13.45022222,13.55306667,13.65226667,13.6787037,13.74,13.84310185,13.92626667,13.93925926,14.00222222,13.98942222,13.99305556,13.99166667,13.93449074,13.85166667,13.70555556,13.55333333,13.39416667,13.17657407,12.99690821,12.71361111,12.46013889,12.23166667,12.01291667,11.75194444,11.56541667,11.36921296,11.11193237,10.88429952,10.65086957,10.41396135,10.25507246,10.07758454,9.778792271,9.449613527,9.224299517,8.919661836,8.724848485,8.547922705,8.453671498,8.404646465,8.410193237,8.359323671,8.207681159,7.819033816,7.374747475,7.017323232,6.737777778,6.490917874,6.287222222,6.11040404,5.94,5.786262626,5.700909091,5.605555556,5.531313131,5.434090909,5.281717172,5.108434343,4.902222222,4.733585859,4.607566138,4.433484848,4.378282828,4.28979798,4.190793651,4.13969697,4.051216931,4.130952381
43.94504386,44.1327193,44.35504386,44.52219298,44.64280702,44.75421053,44.83877193,44.88372807,44.94666667,44.97710526,45.00276316,45.00789474,45.02223684,45.0075,45.00364035,44.99587719,44.95039474,44.9145045,44.82350877,44.81026316,44.76421053,44.70105263,44.63421053,44.525,44.44377193,44.28421053,44.05065789,43.69605263,43.21434211,42.67689189,42.21289474,41.85394737,41.71666667,41.62306306,41.56631579,41.5097807,41.45990991,41.40403509,41.35096491,41.36513514,41.37517544,41.39274775,41.42692982,41.4540991,41.48666667,41.54201754,41.57596491,41.59486486,41.61903509,41.65058559,41.66973684,41.68040541,41.66941441,41.63921053,41.58614035,41.52372807,41.39391892,41.28377193,41.15671171,40.99035088,40.75540541,40.48585586,40.17421053,39.82333333,39.41491228,38.90630631,38.3570614,37.7868018,37.24369369,36.70280702,36.18653153,35.68657895,35.16828829,34.48121622,33.58280702,32.34941441,30.5481982,28.15774775,25.42171171,22.58126126,19.95135135,17.78765766,16.21626126,15.11603604,14.34635135,13.87725225,13.57436937,13.39891892,13.31702703,13.30391892,13.33788288,13.43292793,13.60846847,13.91445946,14.34689189,14.89041667,15.50472973,16.16166667,16.84454955,17.57777778,18.30693694,19.04861111,19.79612613,20.51968468,21.23004505,21.9477027,22.64092593,23.30058559,23.93916667,24.54324324,25.1363964,25.68833333,26.215,26.68058559,27.16166667,27.59617117,28.00013889,28.37391892,28.71333333,29.04117117,29.34041667,29.59421296,29.87963964,30.10277778,30.31601852,30.54527027,30.6912037,30.83625,31.00976852,31.15740741,31.25638889,31.32740741,31.41074074,31.48041667,31.46768519,31.43972222,31.3825,31.30347222,31.21952381,31.12222222,31,30.85555556,30.701,30.535,30.34690476,30.0975,29.85533333,29.57087963,29.25027778,28.87657143,28.50467593,28.16371429,27.76161905,27.37833333,27.07166667,26.79395238,26.63055556,26.47766667,26.37971429,26.32416667,26.26333333,26.24571429,26.23388889,26.21166667,26.11233333,26.003,25.82404762,25.53795238,25.11533333,24.52114286,23.70109524,22.51794118,21.00238095,19.03904762,16.60895238,13.88,11.21414286,8.823,7.021142857,5.839095238,5.21265625,4.246666667,3.603209877,3.246346154,3.060123457,2.961666667,2.907222222,2.901851852,2.927222222,2.991666667,3.084259259,3.206111111,3.349358974,3.526923077,3.727839506,3.955769231,4.203974359,4.470740741,4.778333333,5.09974359,5.438333333,5.782307692,6.139615385,6.504487179,6.868076923,7.237564103,7.631794872,8.026066667,8.408333333,8.806733333,9.171217949,9.54525641,9.911282051,10.30474359,10.69966667,11.08486667,11.50679487,11.91533333,12.30886667,12.71793333,13.10966667,13.55346667,13.93466667,14.31833333,14.71479167,15.05926667,15.32693333,15.57786667,15.80666667,16.02386667,16.27173333,16.44291667,16.6396,16.77233333,16.86946667,16.97446667,17.00652778,17.06333333,17.15208333,17.2522,17.24888889,17.32375,17.31453333,17.32458333,17.31993056,17.26277778,17.18520833,17.06833333,16.94277778,16.75847222,16.48083333,16.27927536,15.95,15.67291667,15.42166667,15.175,14.87666667,14.67270833,14.45819444,14.12942029,13.86173913,13.58050725,13.29623188,13.13210145,12.89572464,12.5384058,12.14152174,11.86384058,11.48,11.22833333,11.00355072,10.79072464,10.68318182,10.57318841,10.44775362,10.2684058,9.809130435,9.325757576,8.91969697,8.57,8.281666667,7.950833333,7.731363636,7.535,7.273939394,7.107424242,6.937121212,6.815454545,6.671439394,6.420909091,6.189393939,5.900454545,5.676439394,5.458015873,5.320151515,5.173636364,5.045378788,4.861507937,4.800909091,4.708650794,4.75468254
42.69089474,42.86220513,43.09021053,43.31252632,43.42246154,43.54015789,43.64707692,43.69726316,43.79221053,43.85353846,43.89689474,43.92463158,43.92963158,43.92461538,43.914,43.88821053,43.83884211,43.78452632,43.71389474,43.67753846,43.60015789,43.50021053,43.402,43.25321053,43.12057895,42.84789474,42.43336842,41.82563158,41.06247368,40.30231579,39.71494737,39.33552632,39.18289474,39.10126316,39.03473684,38.97189474,38.916,38.86968421,38.83115789,38.85643243,38.86415789,38.905,38.96302703,39.014,39.07031579,39.14935135,39.19936842,39.24535135,39.29,39.33086486,39.364,39.37689474,39.35421053,39.31843243,39.25468421,39.17115789,38.99557895,38.82994595,38.61756757,38.36031579,38.02156757,37.628,37.17545946,36.65310526,36.04821053,35.34151351,34.58178378,33.83205405,33.11891892,32.43957895,31.79118919,31.15673684,30.46724324,29.55356757,28.33815789,26.70183784,24.43475676,21.68232432,18.83405263,16.09210811,13.83156757,12.11394595,10.966,10.19572973,9.673210526,9.359166667,9.158473684,9.045444444,8.996105263,8.988,9.015405405,9.088918919,9.233891892,9.483027027,9.828432432,10.24518919,10.7265,11.25740541,11.80886486,12.41266667,13.03043243,13.66351351,14.30916667,14.96264865,15.5912973,16.259,16.90421622,17.53545946,18.14237838,18.74011111,19.31733333,19.87286486,20.41102703,20.89822222,21.39275676,21.84302703,22.26822222,22.66513514,23.0347027,23.384,23.70967568,23.99816667,24.30611111,24.55178378,24.78133333,25.01844444,25.204,25.37761111,25.55366667,25.70410811,25.80766667,25.89044444,25.97122222,26.038,26.01977778,26.01155556,25.97433333,25.90044444,25.821,25.72266667,25.58711111,25.416,25.249,25.03933333,24.80122222,24.53371429,24.2735,23.9375,23.58194286,23.17955556,22.782,22.3765,21.96094444,21.58325714,21.26666667,21.00045714,20.79171429,20.638,20.53365714,20.48508571,20.45122222,20.43894444,20.41457143,20.376,20.29125714,20.19,20.0024,19.70466667,19.29497143,18.68868571,17.88527778,16.77914286,15.372,13.73925714,11.75177143,9.663885714,7.7892,6.2796,5.244914286,4.658057143,4.326129032,3.495925926,3.160888889,2.988888889,2.888444444,2.829846154,2.793407407,2.779703704,2.785259259,2.808518519,2.832888889,2.876666667,2.936,3.008153846,3.092,3.17962963,3.282769231,3.4,3.536769231,3.688230769,3.845230769,4.016153846,4.181384615,4.351,4.533769231,4.716230769,4.937846154,5.160307692,5.387615385,5.61616,5.841230769,6.079846154,6.291384615,6.53488,6.77712,7.02192,7.2956,7.564923077,7.8448,8.12584,8.4132,8.75064,9.055307692,9.3528,9.67984,9.93088,10.14392,10.35184,10.53192,10.7145,10.9224,11.09936,11.2988,11.45008,11.55016,11.66248,11.652,11.7,11.7648,11.83133333,11.82912,11.88875,11.87675,11.89192,11.889,11.86366667,11.81266667,11.7205,11.626,11.491,11.27634783,11.09333333,10.85373913,10.62113043,10.411,10.1945,9.959,9.792173913,9.629416667,9.398521739,9.19773913,9.006695652,8.784347826,8.626956522,8.442173913,8.165391304,7.897217391,7.68226087,7.392,7.218086957,7.075565217,6.960956522,6.919652174,6.935090909,6.946818182,6.886454545,6.552181818,6.168347826,5.807478261,5.546,5.328,5.156086957,4.995090909,4.87,4.743818182,4.681,4.600571429,4.555636364,4.519090909,4.384363636,4.266363636,4.068761905,3.951090909,3.810090909,3.699090909,3.646,3.570285714,3.491090909,3.449904762,3.407818182,3.46
38.36888158,38.46243421,38.63526316,38.76914474,38.84973684,38.90868421,38.96940789,38.99855263,39.04855263,39.07105263,39.08940789,39.10585526,39.09907895,39.09375,39.08434211,39.06776316,39.01888158,38.98810811,38.92052632,38.91342105,38.86434211,38.80039474,38.73855263,38.64105263,38.55743421,38.40861842,38.17342105,37.82993421,37.39605263,36.92513514,36.54210526,36.25815789,36.14223684,36.05695946,35.99552632,35.93460526,35.87209459,35.81157895,35.75368421,35.76459459,35.77203947,35.78155405,35.81144737,35.83743243,35.86875,35.92421053,35.95486842,35.97236486,35.99993421,36.02202703,36.03973684,36.04094595,36.02013514,35.99078947,35.94342105,35.89565789,35.78189189,35.67486842,35.5525,35.40144737,35.19277027,34.94851351,34.67302632,34.35101351,33.98039474,33.52371622,33.02907895,32.51493243,32.03135135,31.56026316,31.10722973,30.66434211,30.20831081,29.5825,28.75236842,27.62087838,25.95513514,23.80472973,21.39087838,18.9325,16.69581081,14.87932432,13.56871622,12.6497973,11.99864865,11.59675676,11.33777027,11.18472973,11.11418919,11.09804054,11.12391892,11.20513514,11.35851351,11.62182432,11.98331081,12.43395833,12.94243243,13.48425676,14.04371622,14.64833333,15.25418919,15.865,16.47918919,17.07432432,17.66804054,18.24945946,18.82388889,19.35864865,19.87916667,20.3777027,20.86209459,21.315,21.74604167,22.1325,22.5325,22.89959459,23.24041667,23.55297297,23.84583333,24.13358108,24.39854167,24.62069444,24.86797297,25.0675,25.25194444,25.44601351,25.58222222,25.71625,25.86284722,25.97548611,26.04395833,26.07875,26.12736111,26.16333333,26.12611111,26.08777778,26.023125,25.936875,25.84792857,25.75305556,25.63916667,25.50138889,25.35207143,25.19694444,25.02678571,24.805,24.59692857,24.35458333,24.09027778,23.77621429,23.46701389,23.18642857,22.866,22.56728571,22.335,22.11642857,21.99416667,21.88107143,21.81357143,21.78541667,21.7625,21.75357143,21.75583333,21.74414286,21.67885714,21.59585714,21.45171429,21.22485714,20.8795,20.37778571,19.68185714,18.67264706,17.39678571,15.74178571,13.68685714,11.41157143,9.2505,7.360928571,5.954642857,5.063142857,4.52203125,3.695576923,3.181574074,2.886730769,2.718981481,2.64,2.585,2.583333333,2.595,2.644807692,2.7075,2.8,2.908076923,3.044807692,3.205925926,3.378076923,3.567115385,3.770833333,4.005865385,4.250673077,4.51,4.767788462,5.030096154,5.299423077,5.565384615,5.836346154,6.128173077,6.4231,6.6925,6.9768,7.224423077,7.498461538,7.743653846,8.018076923,8.294,8.5582,8.867115385,9.1531,9.4397,9.7273,10.0135,10.3467,10.62,10.8975,11.2003125,11.4428,11.6271,11.8082,11.9975,12.16,12.3524,12.4875,12.6536,12.7785,12.8527,12.937,12.97729167,13.045,13.12979167,13.2242,13.24583333,13.31625,13.3369,13.365,13.35583333,13.30708333,13.2465625,13.15125,12.98958333,12.81375,12.5584375,12.35619565,12.07625,11.815,11.6,11.3909375,11.17375,11.0159375,10.86979167,10.6075,10.40923913,10.19054348,9.981847826,9.838586957,9.664347826,9.396847826,9.123369565,8.907282609,8.607282609,8.440795455,8.315108696,8.210978261,8.133863636,8.123804348,8.060543478,7.901956522,7.5175,7.146818182,6.80625,6.555,6.309565217,6.10875,5.915,5.7575,5.609318182,5.501818182,5.358181818,5.308409091,5.139886364,4.942840909,4.797386364,4.589318182,4.403863636,4.283333333,4.077613636,4.013636364,3.895113636,3.800238095,3.791818182,3.677857143,3.778809524
49.10925439,49.32807018,49.59030702,49.76776316,49.9004386,50.02403509,50.12399123,50.1704386,50.22899123,50.26679825,50.28885965,50.29622807,50.28600877,50.265,50.23991228,50.19570175,50.10991228,50.03454955,49.93350877,49.87789474,49.77201754,49.65096491,49.53780702,49.37254386,49.20320175,48.91925439,48.50368421,47.90618421,47.12609649,46.29157658,45.59464912,45.10657895,44.87675439,44.72157658,44.62530702,44.53359649,44.43833333,44.33710526,44.26517544,44.26427928,44.27807018,44.31220721,44.37236842,44.43702703,44.5025,44.58469298,44.64991228,44.69959459,44.74355263,44.78626126,44.81447368,44.83040541,44.81382883,44.76131579,44.68631579,44.60412281,44.4286036,44.26096491,44.04837838,43.79394737,43.44878378,43.05454955,42.59078947,42.05067568,41.42640351,40.68382883,39.89460526,39.08175676,38.30387387,37.55315789,36.84202703,36.14307018,35.39671171,34.44662162,33.22434211,31.58698198,29.25554054,26.35094595,23.22279279,20.19364865,17.55662162,15.48716216,14.04599099,13.05612613,12.37756757,11.9654955,11.7013964,11.55027027,11.4872973,11.47630631,11.50531532,11.59135135,11.74531532,12.01315315,12.39513514,12.86680556,13.40441441,13.9827027,14.59099099,15.25,15.91765766,16.59462963,17.28981982,17.97153153,18.64995495,19.32243243,19.98666667,20.61900901,21.23731481,21.83166667,22.41306306,22.9637963,23.49583333,23.97824324,24.47111111,24.92644144,25.35708333,25.76581081,26.14611111,26.51256757,26.85347222,27.16449074,27.49027027,27.75314815,28.00731481,28.2663964,28.4512963,28.63375,28.83615741,28.99768519,29.1075,29.17921296,29.25675926,29.30222222,29.26481481,29.19217593,29.075,28.92546296,28.76633333,28.59648148,28.415,28.21074074,27.98457143,27.74898148,27.51238095,27.23194444,26.97214286,26.67083333,26.32944444,25.93242857,25.5324537,25.17909524,24.76985714,24.39919048,24.10166667,23.83461905,23.68444444,23.56838095,23.50566667,23.48347222,23.46666667,23.46547619,23.47194444,23.47138095,23.38909524,23.28542857,23.11057143,22.83266667,22.40666667,21.79895238,20.96314286,19.78215686,18.31714286,16.47714286,14.24757143,11.90585714,9.777857143,7.996333333,6.750809524,6.020238095,5.406354167,4.644487179,4.21537037,3.959551282,3.820246914,3.756666667,3.706851852,3.696666667,3.701666667,3.734102564,3.775925926,3.853888889,3.931410256,4.034358974,4.162654321,4.299358974,4.448205128,4.620802469,4.816858974,5.032051282,5.253333333,5.468141026,5.694871795,5.925641026,6.157307692,6.399615385,6.652820513,6.915133333,7.165,7.4214,7.663525641,7.893974359,8.115064103,8.356666667,8.6018,8.8416,9.120641026,9.3854,9.6606,9.945133333,10.219,10.56073333,10.858,11.16533333,11.48291667,11.7424,11.9376,12.13053333,12.32111111,12.5108,12.7394,12.91416667,13.11386667,13.25733333,13.3452,13.4308,13.44034722,13.505,13.59361111,13.67713333,13.71222222,13.79375,13.81966667,13.855,13.86861111,13.83833333,13.793125,13.66666667,13.51305556,13.30375,13.00520833,12.75528986,12.42708333,12.140625,11.895,11.67208333,11.42125,11.25291667,11.12208333,10.89405797,10.69637681,10.50681159,10.31326087,10.20231884,10.03833333,9.774565217,9.512463768,9.334347826,9.049855072,8.898484848,8.778478261,8.716449275,8.734090909,8.769565217,8.794782609,8.665072464,8.243550725,7.818787879,7.426818182,7.191666667,6.933405797,6.715,6.561287879,6.436666667,6.295909091,6.221212121,6.172272727,6.087121212,6.041893939,5.837727273,5.730681818,5.51030303,5.349924242,5.21515873,5.107121212,5.026818182,4.975151515,4.841190476,4.802424242,4.795714286,4.884444444
45.48447368,45.62147368,45.81494737,45.96026316,46.04052632,46.12389474,46.17152632,46.19,46.26,46.28178947,46.29842105,46.31242105,46.32689474,46.32,46.31636842,46.30463158,46.26136842,46.25702703,46.19957895,46.21821053,46.15926316,46.09642105,46.04589474,45.94778947,45.89389474,45.77152632,45.58205263,45.29042105,44.89915789,44.4392973,44.05673684,43.72494737,43.60810526,43.49616216,43.41426316,43.34015789,43.27318919,43.2,43.12789474,43.13843243,43.12215789,43.1252973,43.15284211,43.18491892,43.226,43.28952632,43.32915789,43.34989189,43.37847368,43.41389189,43.42884211,43.43362162,43.42064865,43.40347368,43.36873684,43.32284211,43.19740541,43.11884211,43.01437838,42.87178947,42.67924324,42.47064865,42.21463158,41.91659459,41.56147368,41.12172973,40.64831579,40.14421622,39.67216216,39.19315789,38.74502703,38.298,37.8512973,37.25686486,36.47710526,35.38178378,33.78140541,31.63145946,29.10956757,26.38237838,23.78118919,21.55459459,19.85940541,18.62427027,17.71513514,17.12486486,16.71897297,16.46194595,16.32118919,16.26718919,16.27367568,16.35183784,16.51664865,16.81686486,17.24335135,17.77816667,18.39427027,19.04686486,19.71454054,20.438,21.15540541,21.87122222,22.58854054,23.28243243,23.9387027,24.60940541,25.24888889,25.85118919,26.42144444,26.96151351,27.48681081,27.97611111,28.44133333,28.85232432,29.27966667,29.67151351,30.03516667,30.37491892,30.69733333,31.01545946,31.31766667,31.57311111,31.87043243,32.1,32.32133333,32.56881081,32.73055556,32.9025,33.09605556,33.25761111,33.368,33.44261111,33.53844444,33.63283333,33.62027778,33.5805,33.51,33.39633333,33.28285714,33.13777778,32.985,32.84066667,32.71337143,32.58744444,32.43371429,32.20966667,31.99582857,31.72116667,31.42244444,31.07497143,30.72588889,30.44411429,30.09988571,29.77102857,29.506,29.23182857,29.10266667,28.98982857,28.93422857,28.93,28.914,28.93142857,28.94533333,28.95771429,28.89097143,28.82622857,28.69651429,28.48257143,28.1348,27.61834286,26.88137143,25.79011765,24.36657143,22.466,20.05194286,17.20428571,14.28977143,11.50948571,9.2684,7.671542857,6.9423125,5.738307692,4.829259259,4.280538462,3.965111111,3.802,3.704,3.694666667,3.732666667,3.830307692,3.966222222,4.142,4.350923077,4.604846154,4.89437037,5.207692308,5.548769231,5.911703704,6.317153846,6.733769231,7.165,7.592153846,8.025,8.468461538,8.883846154,9.303384615,9.731153846,10.154,10.534,10.93176,11.29053846,11.648,11.97915385,12.34569231,12.70296,13.03576,13.42523077,13.77616,14.12752,14.4944,14.84032,15.27672,15.626,15.9876,16.3935,16.74336,17.02264,17.2856,17.54466667,17.7932,18.06488,18.267,18.51064,18.6776,18.80736,18.94816,19.0155,19.128,19.26691667,19.39528,19.44266667,19.5505,19.566,19.60775,19.63483333,19.57166667,19.5105,19.3485,19.19366667,18.9305,18.55641667,18.27095652,17.828,17.435,17.088,16.735,16.363,16.163,15.98875,15.70243478,15.41252174,15.11121739,14.79956522,14.64930435,14.45913043,14.1226087,13.764,13.52704348,13.18226087,12.95063636,12.73426087,12.56895652,12.47727273,12.35991304,12.20295652,12.01113043,11.57356522,11.10145455,10.64890909,10.268,9.926,9.59,9.277181818,9.02,8.728727273,8.487090909,8.259818182,8.067454545,7.875181818,7.571545455,7.307454545,6.887636364,6.692545455,6.431428571,6.183090909,6.017636364,5.875727273,5.677904762,5.529272727,5.40752381,5.47752381
43.96763158,44.26311404,44.58035088,44.84219298,45.05381579,45.24280702,45.3795614,45.46192982,45.55995614,45.6347807,45.68640351,45.7229386,45.75289474,45.76166667,45.7595614,45.74030702,45.69684211,45.65972973,45.56324561,45.52517544,45.43684211,45.33991228,45.24210526,45.08991228,44.95885965,44.70780702,44.32074561,43.7425,42.98377193,42.16923423,41.4827193,40.98464912,40.75859649,40.59378378,40.48087719,40.39223684,40.30963964,40.22175439,40.14675439,40.15436937,40.17245614,40.21328829,40.28236842,40.3422973,40.41416667,40.50135965,40.56657895,40.61869369,40.67473684,40.73018018,40.78070175,40.81351351,40.8081982,40.78403509,40.72789474,40.65377193,40.48693694,40.32192982,40.11927928,39.87377193,39.53752252,39.14743243,38.68315789,38.15243243,37.52824561,36.8036036,36.02973684,35.22337838,34.46671171,33.745,33.06081081,32.4,31.71373874,30.82027027,29.65697368,28.09103604,25.87581081,23.09572072,20.1277027,17.29797297,14.86279279,12.98018018,11.6786036,10.78108108,10.15283784,9.748603604,9.476531532,9.301576577,9.199774775,9.145765766,9.134144144,9.172702703,9.272072072,9.465540541,9.75472973,10.12625,10.55900901,11.03108108,11.53801802,12.09777778,12.67531532,13.275,13.89675676,14.51554054,15.12891892,15.77288288,16.40555556,17.01617117,17.62157407,18.20522523,18.79031532,19.34694444,19.88013889,20.37324324,20.87444444,21.34621622,21.78013889,22.1859009,22.57388889,22.9413964,23.28152778,23.58240741,23.90306306,24.15907407,24.40861111,24.66315315,24.84703704,25.0325,25.22166667,25.37601852,25.48430556,25.55449074,25.62740741,25.68833333,25.6749537,25.63560185,25.56083333,25.45509259,25.34395238,25.22055556,25.0775,24.90555556,24.71195238,24.50925926,24.29166667,24.02638889,23.76790476,23.47342593,23.15018519,22.77033333,22.38583333,22.03919048,21.649,21.27695238,20.97166667,20.70142857,20.55333333,20.43752381,20.3737619,20.35944444,20.355,20.36738095,20.38138889,20.38309524,20.3217619,20.23195238,20.07161905,19.80247619,19.401,18.8252381,18.023,16.90460784,15.51738095,13.82642857,11.81971429,9.769333333,7.974333333,6.547428571,5.599428571,5.073761905,4.537604167,3.923333333,3.616358025,3.426602564,3.321481481,3.265,3.217592593,3.19962963,3.188333333,3.201282051,3.223333333,3.27,3.321025641,3.387564103,3.463333333,3.546666667,3.633461538,3.743209877,3.864102564,3.999679487,4.14,4.282179487,4.428846154,4.579487179,4.736794872,4.903205128,5.083397436,5.279,5.471666667,5.674266667,5.858846154,6.057435897,6.247179487,6.451025641,6.675,6.8894,7.144871795,7.391866667,7.646,7.9124,8.171866667,8.489333333,8.759,9.041333333,9.329375,9.559,9.745466667,9.9222,10.09944444,10.26273333,10.4546,10.61666667,10.79806667,10.92833333,11.0088,11.07806667,11.10652778,11.15666667,11.23034722,11.30513333,11.31305556,11.37958333,11.3738,11.37583333,11.38048611,11.31777778,11.24416667,11.14,11.00805556,10.87555556,10.66701389,10.51376812,10.26833333,10.05395833,9.874166667,9.679375,9.458333333,9.307291667,9.165486111,8.94942029,8.774710145,8.602246377,8.425,8.288188406,8.135217391,7.879855072,7.642826087,7.448043478,7.202971014,7.050909091,6.936594203,6.867753623,6.903787879,6.937753623,6.929927536,6.833043478,6.484565217,6.10969697,5.813257576,5.59,5.395072464,5.235833333,5.113712121,5.013333333,4.9,4.875606061,4.791969697,4.768484848,4.729393939,4.570757576,4.466969697,4.332727273,4.190530303,4.080555556,3.952575758,3.920757576,3.864621212,3.774920635,3.795606061,3.716746032,3.758888889
45.37031579,45.61410526,45.923,46.16478947,46.34373684,46.50657895,46.63568421,46.69973684,46.77815789,46.831,46.87436842,46.91031579,46.92215789,46.917,46.91184211,46.89636842,46.84689474,46.80254054,46.70294737,46.67294737,46.59242105,46.50273684,46.41084211,46.26642105,46.14394737,45.91463158,45.55410526,45.02926316,44.36442105,43.64718919,43.05631579,42.60736842,42.40463158,42.25394595,42.15531579,42.06489474,41.97648649,41.88336842,41.80231579,41.81178378,41.83257895,41.86762162,41.92705263,41.98081081,42.044,42.12584211,42.18536842,42.2247027,42.27678947,42.32286486,42.36726316,42.38848649,42.37891892,42.35778947,42.30252632,42.22447368,42.07054054,41.92789474,41.74335135,41.51978947,41.21264865,40.86016216,40.44273684,39.96583784,39.39957895,38.73513514,38.02510526,37.29232432,36.594,35.91589474,35.28118919,34.65305263,33.99864865,33.154,32.04678947,30.53010811,28.36297297,25.63281081,22.65821622,19.7652973,17.242,15.25335135,13.85086486,12.86978378,12.17421622,11.72589189,11.42351351,11.23005405,11.11491892,11.06318919,11.06097297,11.11113514,11.23448649,11.46913514,11.80535135,12.231,12.72702703,13.26713514,13.83059459,14.456,15.09145946,15.74466667,16.40816216,17.06962162,17.74583784,18.39448649,19.05111111,19.68497297,20.30144444,20.89832432,21.49027027,22.04711111,22.58033333,23.07297297,23.56833333,24.03362162,24.47033333,24.87254054,25.25533333,25.62254054,25.96266667,26.26527778,26.58848649,26.84888889,27.10077778,27.36264865,27.55016667,27.7315,27.9295,28.09288889,28.208,28.28277778,28.36194444,28.428,28.40911111,28.36733333,28.288,28.17777778,28.05308571,27.91844444,27.774,27.61,27.41771429,27.21622222,27.00514286,26.74,26.50108571,26.20311111,25.86311111,25.48017143,25.10383333,24.75788571,24.36245714,23.98228571,23.676,23.40445714,23.26466667,23.15982857,23.10954286,23.09733333,23.086,23.10228571,23.12366667,23.12422857,23.05211429,22.95971429,22.7964,22.52782857,22.12,21.52925714,20.71091429,19.54388235,18.08314286,16.24142857,14.04725714,11.73754286,9.620742857,7.857714286,6.620057143,5.891257143,5.243375,4.533230769,4.097925926,3.847769231,3.721481481,3.652,3.602,3.589333333,3.589333333,3.622,3.664444444,3.728,3.801538462,3.896461538,4.010592593,4.137076923,4.268923077,4.417703704,4.591384615,4.784846154,4.979,5.176538462,5.384153846,5.601538462,5.810307692,6.035692308,6.281461538,6.53272,6.772,7.02872,7.263692308,7.508615385,7.736230769,7.993384615,8.264,8.52184,8.816769231,9.10432,9.3932,9.6952,9.98784,10.34496,10.6484,10.9624,11.29275,11.55568,11.774,11.9768,12.17666667,12.37992,12.5972,12.7665,12.96856,13.1096,13.20592,13.3032,13.34566667,13.408,13.50041667,13.59984,13.63233333,13.711,13.70248,13.71875,13.72866667,13.67225,13.583,13.455,13.30266667,13.14716667,12.90833333,12.70547826,12.422,12.16825,11.924,11.6855,11.4425,11.2705,11.11933333,10.87669565,10.6786087,10.434,10.22808696,10.08678261,9.90373913,9.628521739,9.343217391,9.13026087,8.846782609,8.678818182,8.53773913,8.459478261,8.428363636,8.431217391,8.407043478,8.264173913,7.879478261,7.480909091,7.113363636,6.87,6.656782609,6.451,6.276636364,6.162,5.996727273,5.944545455,5.839636364,5.728727273,5.646181818,5.477363636,5.401636364,5.156909091,4.991,4.904571429,4.721090909,4.659636364,4.559818182,4.519619048,4.440909091,4.404952381,4.516952381
43.96926316,44.13073684,44.31110526,44.46089474,44.55694737,44.65184211,44.73157895,44.77573684,44.84678947,44.88310526,44.91484211,44.93242105,44.94615789,44.938,44.938,44.91810526,44.86421053,44.83221622,44.75842105,44.74515789,44.68221053,44.61968421,44.55147368,44.43757895,44.33494737,44.16247368,43.89010526,43.475,42.92278947,42.32989189,41.84242105,41.46894737,41.31831579,41.204,41.11273684,41.02910526,40.95497297,40.882,40.81936842,40.82113514,40.822,40.83637838,40.87021053,40.90956757,40.953,41.02042105,41.06484211,41.08486486,41.12263158,41.16697297,41.19452632,41.20724324,41.19156757,41.16084211,41.11084211,41.05205263,40.91313514,40.79484211,40.64459459,40.45884211,40.20794595,39.92145946,39.57915789,39.19383784,38.73652632,38.182,37.58689474,36.97362162,36.39227027,35.834,35.29956757,34.77726316,34.2352973,33.50675676,32.54442105,31.22502703,29.31118919,26.82708108,24.0432973,21.21259459,18.64345946,16.54962162,15.03356757,13.95248649,13.17302703,12.66902703,12.32508108,12.10324324,11.97718919,11.92632432,11.92313514,11.99102703,12.13691892,12.40956757,12.79713514,13.28516667,13.8432973,14.43848649,15.05945946,15.73733333,16.41513514,17.11022222,17.81054054,18.49502703,19.17237838,19.84756757,20.51066667,21.136,21.74333333,22.33048649,22.90394595,23.43611111,23.94816667,24.4087027,24.881,25.3132973,25.72383333,26.09962162,26.45533333,26.80610811,27.13116667,27.41161111,27.71172973,27.95711111,28.19911111,28.45086486,28.62727778,28.805,29.00233333,29.17194444,29.28616667,29.37122222,29.46288889,29.5445,29.53394444,29.5005,29.4305,29.33544444,29.23125714,29.10688889,28.963,28.81755556,28.6756,28.51877778,28.33571429,28.08866667,27.848,27.56077778,27.24544444,26.87548571,26.51472222,26.20045714,25.82068571,25.47182857,25.195,24.94194286,24.80266667,24.67897143,24.61314286,24.587,24.568,24.57828571,24.59466667,24.59274286,24.52211429,24.43285714,24.28274286,24.03142857,23.638,23.07251429,22.274,21.11588235,19.64542857,17.74828571,15.39994286,12.79982857,10.32245714,8.152514286,6.558,5.557542857,4.947375,4.088615385,3.53637037,3.215846154,3.049703704,2.964,2.908,2.898888889,2.901333333,2.942923077,3.004,3.084666667,3.183230769,3.305230769,3.467259259,3.636923077,3.818923077,4.026962963,4.270923077,4.525307692,4.798,5.071769231,5.349307692,5.648,5.937076923,6.237846154,6.554692308,6.87448,7.184,7.4976,7.792230769,8.095692308,8.386538462,8.704923077,9.03032,9.33768,9.691076923,10.03528,10.36672,10.71384,11.04592,11.4412,11.7732,12.1204,12.48075,12.79048,13.03112,13.26192,13.47666667,13.6928,13.92496,14.106,14.31152,14.458,14.56696,14.69,14.73741667,14.822,14.951,15.05888,15.09666667,15.2075,15.22312,15.26575,15.28791667,15.24166667,15.17775,15.045,14.90466667,14.7105,14.403,14.15130435,13.8045,13.5,13.226,12.965,12.68,12.51125,12.32483333,12.06286957,11.84182609,11.56765217,11.31191304,11.13469565,10.93626087,10.60843478,10.292,10.05113043,9.708,9.509909091,9.343391304,9.230869565,9.142727273,9.094,9.017478261,8.841478261,8.421304348,7.951818182,7.590272727,7.268,7.002695652,6.729,6.497545455,6.322,6.106363636,6.027818182,5.873090909,5.759636364,5.623636364,5.379272727,5.216636364,4.960545455,4.747090909,4.605333333,4.450454545,4.322909091,4.231,4.061238095,4.046181818,3.955333333,4.031333333
39.57621053,39.55517949,39.53536842,39.63831579,39.73938462,39.84589474,39.92615385,39.94168421,40.00042105,40.03415385,40.06431579,40.08047368,40.07968421,40.07,40.07,40.05031579,40.01452632,39.98378947,39.91663158,39.89917949,39.83831579,39.75626316,39.69,39.57642105,39.48247368,39.30215789,39.032,38.62989474,38.12989474,37.61731579,37.20226316,36.88521053,36.75757895,36.66552632,36.58694737,36.51210526,36.44452632,36.368,36.30410526,36.32394595,36.33,36.34547368,36.38654054,36.42105263,36.46631579,36.53843243,36.57605263,36.59913514,36.63263158,36.66189189,36.69,36.70452632,36.68578947,36.66135135,36.61373684,36.54989474,36.42136842,36.31562162,36.17794595,36.00747368,35.78016216,35.51378947,35.19702703,34.83678947,34.41463158,33.90437838,33.35145946,32.79178378,32.25664865,31.73389474,31.24610811,30.75694737,30.24286486,29.54567568,28.62831579,27.36962162,25.548,23.22432432,20.71526316,18.12545946,15.87567568,14.07394595,12.79486486,11.90027027,11.26757895,10.87583333,10.61321053,10.45988889,10.37652632,10.35022222,10.36567568,10.43702703,10.57789189,10.82302703,11.16951351,11.59610811,12.084,12.60843243,13.15102703,13.74,14.33016216,14.93010811,15.53366667,16.13443243,16.70508108,17.307,17.87778378,18.43735135,18.9647027,19.47783333,19.97533333,20.44308108,20.896,21.29511111,21.70859459,22.08756757,22.44444444,22.77502703,23.08362162,23.38466667,23.66572973,23.906,24.178,24.38048649,24.57066667,24.785,24.92866667,25.07033333,25.22016667,25.34583784,25.41633333,25.46488889,25.507,25.54,25.47744444,25.41711111,25.33666667,25.22666667,25.12588889,25.02333333,24.88766667,24.71333333,24.56,24.37288889,24.15933333,23.92142857,23.72266667,23.47372222,23.22457143,22.92677778,22.61533333,22.3075,21.98,21.68531429,21.43966667,21.23851429,21.09982857,21.008,20.95091429,20.92925714,20.91755556,20.92944444,20.93034286,20.91888889,20.86937143,20.81533333,20.688,20.45977778,20.1452,19.65582857,18.99083333,18.032,16.77628571,15.26251429,13.31142857,11.148,9.0588,7.242685714,5.881885714,5.026342857,4.523225806,3.602,3.138074074,2.873925926,2.743777778,2.663538462,2.62362963,2.618,2.630962963,2.667037037,2.705703704,2.771777778,2.848,2.949076923,3.061076923,3.176962963,3.316307692,3.476,3.660230769,3.850384615,4.063692308,4.277846154,4.486923077,4.703,4.925615385,5.155153846,5.398153846,5.644,5.886769231,6.1284,6.354923077,6.591769231,6.803307692,7.0548,7.30248,7.55768,7.83624,8.093307692,8.3636,8.62832,8.89504,9.20704,9.475769231,9.76248,10.05568,10.28136,10.46928,10.65824,10.81936,10.97025,11.1472,11.28152,11.45104,11.57952,11.65712,11.77608,11.78,11.84466667,11.94624,12.04066667,12.06496,12.15083333,12.17075,12.20432,12.223,12.1865,12.134,12.038,11.8905,11.71766667,11.45756522,11.23466667,10.95608696,10.68878261,10.491,10.28225,10.071,9.918782609,9.756916667,9.518956522,9.318869565,9.110869565,8.905391304,8.791043478,8.651217391,8.410347826,8.156434783,7.951391304,7.672521739,7.507826087,7.344347826,7.256956522,7.217391304,7.217090909,7.197909091,7.115,6.808181818,6.437565217,6.100956522,5.834,5.618272727,5.445565217,5.252,5.102,4.956181818,4.858,4.771238095,4.693454545,4.601272727,4.468727273,4.341,4.123428571,3.972545455,3.861,3.721454545,3.637,3.568285714,3.444909091,3.401142857,3.407181818,3.424190476
44.71394737,44.96600877,45.26030702,45.51881579,45.71070175,45.87004386,46.00289474,46.06710526,46.15482456,46.21280702,46.25899123,46.29916667,46.30574561,46.3,46.29153509,46.28710526,46.23052632,46.1845045,46.08859649,46.05350877,45.97008772,45.87491228,45.7795614,45.63614035,45.50078947,45.26574561,44.90828947,44.35864035,43.66486842,42.90554054,42.27710526,41.80096491,41.58052632,41.43243243,41.33864035,41.26074561,41.18112613,41.09508772,41.01570175,41.02657658,41.04732456,41.08810811,41.14929825,41.20486486,41.26416667,41.3527193,41.41140351,41.44963964,41.49868421,41.55572072,41.59587719,41.61842342,41.61040541,41.58061404,41.52885965,41.45065789,41.28756757,41.13578947,40.94630631,40.71614035,40.40144144,40.03536036,39.59614035,39.09945946,38.51859649,37.82576577,37.09192982,36.33157658,35.60603604,34.90263158,34.24,33.59438596,32.91783784,32.04531532,30.9104386,29.37648649,27.18067568,24.41175676,21.40792793,18.48135135,15.9277027,13.92256757,12.52301802,11.55342342,10.87405405,10.44855856,10.1609009,9.981576577,9.885540541,9.846936937,9.855495495,9.91,10.03662162,10.27216216,10.61225225,11.04263889,11.53707207,12.07756757,12.65009009,13.27944444,13.91509009,14.57564815,15.25261261,15.91833333,16.58243243,17.25995495,17.92648148,18.56563063,19.19305556,19.79810811,20.39774775,20.96194444,21.50541667,22.00463964,22.51222222,22.98788288,23.42763889,23.83756757,24.22333333,24.59540541,24.94513889,25.24828704,25.56806306,25.82481481,26.07898148,26.33968468,26.52509259,26.70291667,26.89569444,27.05962963,27.17569444,27.25101852,27.33087963,27.39736111,27.38689815,27.34513889,27.26625,27.1525,27.03042857,26.89685185,26.74361111,26.56574074,26.36380952,26.15587963,25.93238095,25.66833333,25.41638095,25.11143519,24.77666667,24.39290476,24.00175926,23.64995238,23.24890476,22.86261905,22.5425,22.25590476,22.11111111,21.99952381,21.94261905,21.92375,21.91333333,21.92142857,21.93361111,21.92847619,21.85428571,21.75652381,21.58266667,21.30609524,20.893,20.29419048,19.46319048,18.29656863,16.82928571,14.9997619,12.82209524,10.53838095,8.460714286,6.747904762,5.552142857,4.854714286,4.231510417,3.507564103,3.103518519,2.867564103,2.744320988,2.681666667,2.631851852,2.619074074,2.62,2.651410256,2.686296296,2.745,2.815384615,2.906538462,3.014012346,3.128846154,3.260641026,3.405493827,3.575448718,3.758141026,3.949166667,4.139166667,4.343012821,4.551025641,4.756282051,4.97025641,5.218141026,5.461533333,5.7,5.9564,6.19224359,6.434102564,6.673076923,6.923076923,7.187733333,7.4388,7.732564103,8.0278,8.315,8.614733333,8.911,9.258933333,9.565666667,9.881666667,10.20145833,10.47013333,10.682,10.88693333,11.09222222,11.28573333,11.50033333,11.67041667,11.8626,12.00433333,12.1086,12.19833333,12.22326389,12.28666667,12.37034722,12.4578,12.47305556,12.53083333,12.52153333,12.53020833,12.51916667,12.45430556,12.37583333,12.23375,12.08027778,11.92277778,11.71993056,11.53905797,11.25791667,11.00979167,10.77583333,10.55041667,10.30875,10.1375,9.963402778,9.71884058,9.542608696,9.302101449,9.090434783,8.947101449,8.765507246,8.482681159,8.204927536,7.997391304,7.712536232,7.561818182,7.389710145,7.314347826,7.272424242,7.30673913,7.26326087,7.143985507,6.758913043,6.317575758,5.991969697,5.736666667,5.519130435,5.341666667,5.162954545,5.045,4.910151515,4.818030303,4.756818182,4.678939394,4.599090909,4.477272727,4.302272727,4.080151515,3.979393939,3.836666667,3.655606061,3.615909091,3.570833333,3.444206349,3.414545455,3.408968254,3.443492063
38.66678947,38.841,39.04531579,39.21178947,39.32494737,39.43347368,39.51673684,39.55405263,39.60773684,39.63510526,39.66905263,39.68668421,39.70452632,39.701,39.70236842,39.70168421,39.66536842,39.65318919,39.58726316,39.58705263,39.54105263,39.49063158,39.44757895,39.36126316,39.29784211,39.17421053,38.98078947,38.69810526,38.31836842,37.88,37.50842105,37.19378947,37.06926316,36.97837838,36.90252632,36.84436842,36.79881081,36.73242105,36.66610526,36.68043243,36.69236842,36.70735135,36.74357895,36.77097297,36.801,36.86189474,36.89684211,36.912,36.93810526,36.97389189,36.99357895,37.00037838,36.99291892,36.97747368,36.93484211,36.88694737,36.77816216,36.69178947,36.59,36.46252632,36.27686486,36.06810811,35.81242105,35.52508108,35.18968421,34.76562162,34.30284211,33.81416216,33.36140541,32.90631579,32.47918919,32.05947368,31.63340541,31.05475676,30.31010526,29.28351351,27.77789189,25.75443243,23.39875676,20.89756757,18.55475676,16.58945946,15.1292973,14.09145946,13.34967568,12.87735135,12.56459459,12.37886486,12.27724324,12.24059459,12.25113514,12.31513514,12.45021622,12.69216216,13.05108108,13.5015,14.01918919,14.56762162,15.13454054,15.756,16.36940541,16.99366667,17.62372973,18.2307027,18.84,19.43281081,20.01355556,20.56335135,21.09711111,21.60216216,22.09967568,22.562,23.00183333,23.39172973,23.79533333,24.16578378,24.515,24.83,25.12133333,25.412,25.6755,25.89672222,26.15394595,26.34422222,26.53188889,26.73967568,26.86316667,26.996,27.15216667,27.27905556,27.358,27.41127778,27.46544444,27.51,27.48261111,27.43477778,27.3615,27.25872222,27.16394286,27.06644444,26.94533333,26.80355556,26.65657143,26.50494444,26.332,26.104,25.90068571,25.66961111,25.41855556,25.12251429,24.81772222,24.55582857,24.24074286,23.92805714,23.688,23.47171429,23.368,23.26537143,23.19914286,23.17183333,23.138,23.14542857,23.15266667,23.15125714,23.0876,23.01622857,22.88977143,22.67274286,22.3456,21.86617143,21.2108,20.23047059,18.97314286,17.32571429,15.26565714,12.92291429,10.60371429,8.489028571,6.850057143,5.756171429,5.116125,4.201692308,3.597111111,3.249692308,3.068222222,2.96,2.903777778,2.896222222,2.908,2.965230769,3.040222222,3.153333333,3.283538462,3.438615385,3.617851852,3.814,4.023538462,4.253407407,4.510846154,4.786230769,5.077,5.359153846,5.655384615,5.960615385,6.247076923,6.544153846,6.858923077,7.17,7.456,7.76576,8.039153846,8.318153846,8.596076923,8.887076923,9.20576,9.49448,9.832769231,10.14704,10.45504,10.77104,11.06656,11.42056,11.7084,12.0092,12.3275,12.59768,12.79304,12.97256,13.15533333,13.31768,13.4976,13.62,13.77384,13.8796,13.95992,14.05368,14.08383333,14.144,14.24633333,14.34088,14.36466667,14.4625,14.4684,14.49875,14.5325,14.48708333,14.4195,14.313,14.191,13.998,13.73791667,13.5233913,13.21,12.944,12.719,12.5095,12.276,12.1225,11.96058333,11.69113043,11.46243478,11.24626087,11.01765217,10.89886957,10.73347826,10.44417391,10.13008696,9.925913043,9.617130435,9.401545455,9.235478261,9.130695652,9.041090909,9.006347826,8.89426087,8.760869565,8.380347826,7.961636364,7.607181818,7.332,7.05973913,6.843,6.623545455,6.456,6.230363636,6.148909091,5.958181818,5.844363636,5.739272727,5.497272727,5.35,5.067272727,4.911727273,4.707238095,4.558,4.451454545,4.351909091,4.242952381,4.125818182,4.098952381,4.137142857
44.58510526,44.60671795,44.68389474,44.87410526,44.99215385,45.11463158,45.22738462,45.28294737,45.37789474,45.44030769,45.48384211,45.51247368,45.51721053,45.51461538,45.512,45.48347368,45.43305263,45.37842105,45.31389474,45.28430769,45.20521053,45.10547368,45.007,44.871,44.72457895,44.45547368,44.05147368,43.45242105,42.69531579,41.92463158,41.30863158,40.90863158,40.73757895,40.62994737,40.54610526,40.47431579,40.40452632,40.33652632,40.288,40.30140541,40.31605263,40.363,40.42281081,40.482,40.54147368,40.62508108,40.68626316,40.72940541,40.78273684,40.83021622,40.866,40.88163158,40.86557895,40.82643243,40.76268421,40.67747368,40.50926316,40.3467027,40.13556757,39.87926316,39.54318919,39.15547368,38.69140541,38.16621053,37.54557895,36.82772973,36.04972973,35.27816216,34.53156757,33.82105263,33.14464865,32.47810526,31.76513514,30.82281081,29.56805263,27.85854054,25.48345946,22.56313514,19.50668421,16.54556757,14.09102703,12.2227027,10.954,10.09724324,9.510263158,9.151055556,8.915421053,8.774666667,8.704526316,8.684444444,8.703135135,8.775891892,8.925243243,9.180162162,9.535837838,9.975027027,10.4805,11.03459459,11.61816216,12.25133333,12.9047027,13.56713514,14.25033333,14.94016216,15.61227027,16.31,16.98524324,17.6552973,18.29583784,18.92938889,19.536,20.11351351,20.67848649,21.192,21.70686486,22.18843243,22.636,23.052,23.44524324,23.82733333,24.18275676,24.50016667,24.82855556,25.1007027,25.36022222,25.62522222,25.82922222,26.02366667,26.22516667,26.40313514,26.523,26.62133333,26.71011111,26.786,26.76222222,26.73911111,26.68,26.58,26.47388889,26.34933333,26.18755556,26.01711111,25.858,25.65444444,25.413,25.13011429,24.85183333,24.49088889,24.11554286,23.70022222,23.29133333,22.882,22.45811111,22.06308571,21.73677778,21.45908571,21.25925714,21.126,21.04394286,20.99937143,20.98355556,20.98344444,20.97022857,20.93555556,20.85148571,20.75711111,20.5768,20.27022222,19.85051429,19.21954286,18.376,17.20028571,15.70742857,13.94182857,11.81148571,9.5788,7.5764,5.961257143,4.873257143,4.268685714,3.918580645,2.922740741,2.602296296,2.420518519,2.342666667,2.288461538,2.26562963,2.261407407,2.268814815,2.291407407,2.317481481,2.359851852,2.412,2.481846154,2.554769231,2.63962963,2.740461538,2.852,2.986769231,3.129384615,3.291769231,3.458846154,3.626230769,3.793,3.968307692,4.160153846,4.371846154,4.594769231,4.824846154,5.04712,5.278461538,5.503923077,5.715461538,5.95304,6.1936,6.45016,6.72792,6.999769231,7.2796,7.55688,7.85168,8.18016,8.485615385,8.79656,9.13128,9.39056,9.6044,9.82088,10.00744,10.21125,10.4152,10.59104,10.79176,10.9596,11.06432,11.1884,11.196,11.26241667,11.34928,11.42666667,11.448,11.52683333,11.536,11.57968,11.58,11.55533333,11.50533333,11.423,11.33525,11.18508333,10.92991304,10.70966667,10.43556522,10.17,9.939,9.70175,9.4285,9.251304348,9.091583333,8.859565217,8.668086957,8.472782609,8.265304348,8.098434783,7.890869565,7.637130435,7.366608696,7.152173913,6.878,6.716086957,6.54173913,6.44426087,6.419391304,6.438727273,6.451727273,6.394454545,6.057636364,5.668347826,5.313043478,5.04,4.803090909,4.615304348,4.450909091,4.312,4.190545455,4.123,4.05247619,4.029090909,3.954909091,3.799818182,3.712545455,3.50447619,3.420181818,3.290454545,3.194727273,3.077,3.033428571,2.919272727,2.923142857,2.841636364,2.937619048
39.37457895,39.50852632,39.63015789,39.73189474,39.78584211,39.84068421,39.89152632,39.91,39.95236842,39.97273684,39.988,39.99147368,39.98231579,39.967,39.95984211,39.94289474,39.89331579,39.86335135,39.80263158,39.80042105,39.75757895,39.69610526,39.63842105,39.54326316,39.46952632,39.32805263,39.11226316,38.79489474,38.40615789,37.98821622,37.64694737,37.36547368,37.25705263,37.17037838,37.09357895,37.02463158,36.95675676,36.89315789,36.83052632,36.83167568,36.81942105,36.81518919,36.83378947,36.85562162,36.885,36.93536842,36.97115789,36.988,37.00594737,37.03162162,37.04863158,37.05437838,37.0412973,37.01168421,36.96484211,36.91947368,36.81508108,36.72821053,36.62291892,36.48284211,36.28924324,36.07145946,35.82536842,35.5407027,35.20336842,34.77956757,34.32210526,33.85345946,33.41356757,32.98284211,32.56897297,32.15915789,31.72567568,31.14475676,30.39347368,29.34189189,27.79102703,25.75837838,23.44459459,21.04621622,18.84043243,17.0107027,15.65475676,14.68448649,13.98210811,13.52837838,13.21913514,13.02854054,12.92237838,12.87989189,12.88659459,12.95005405,13.09156757,13.34340541,13.69475676,14.136,14.64086486,15.17513514,15.72691892,16.326,16.92016216,17.52444444,18.12681081,18.71059459,19.26394595,19.85140541,20.398,20.91351351,21.412,21.8867027,22.34913514,22.77466667,23.1885,23.55454054,23.93733333,24.28632432,24.61366667,24.91443243,25.19266667,25.47237838,25.726,25.95555556,26.20924324,26.40711111,26.59666667,26.80172973,26.93644444,27.068,27.21505556,27.33294444,27.399,27.43866667,27.49561111,27.54716667,27.52194444,27.49883333,27.4505,27.37255556,27.294,27.20288889,27.08566667,26.95133333,26.81434286,26.66288889,26.48885714,26.27033333,26.07405714,25.85144444,25.60433333,25.30634286,25.00716667,24.74731429,24.42937143,24.14811429,23.94,23.74285714,23.636,23.53737143,23.48251429,23.46416667,23.446,23.45285714,23.46633333,23.4688,23.4096,23.34491429,23.22702857,23.01468571,22.7036,22.23451429,21.57634286,20.61176471,19.37057143,17.726,15.66182857,13.33954286,11.0572,8.972685714,7.374571429,6.320285714,5.7904375,4.862615385,4.224148148,3.851923077,3.651925926,3.546,3.476666667,3.473777778,3.487333333,3.544769231,3.631333333,3.739333333,3.865846154,4.022846154,4.204074074,4.409692308,4.625538462,4.860814815,5.126769231,5.405923077,5.701,5.986307692,6.276,6.582,6.869538462,7.171230769,7.478,7.78384,8.072,8.36808,8.639384615,8.909076923,9.160384615,9.431384615,9.70456,9.95928,10.25676923,10.53768,10.82208,11.11192,11.39016,11.73112,12.014,12.3148,12.63175,12.89352,13.0996,13.30608,13.512,13.72808,13.95976,14.129,14.33456,14.484,14.60568,14.71576,14.7615,14.836,14.95675,15.06656,15.098,15.1905,15.20992,15.2265,15.25375,15.21291667,15.141,15.0135,14.857,14.65483333,14.36358333,14.13817391,13.822,13.546,13.29,13.055,12.818,12.6665,12.5085,12.2326087,11.99095652,11.74147826,11.50330435,11.38573913,11.22513043,10.95956522,10.65869565,10.44973913,10.14373913,9.951272727,9.80773913,9.703130435,9.627454545,9.60026087,9.508521739,9.345391304,8.988434783,8.583454545,8.245727273,7.97,7.700347826,7.49,7.227181818,7.072,6.893636364,6.73,6.602545455,6.514727273,6.342636364,6.092181818,5.984454545,5.707454545,5.527272727,5.416095238,5.194636364,5.107454545,5.024272727,4.846285714,4.805636364,4.75,4.805714286
42.82268421,42.95305263,43.13684211,43.27005263,43.33978947,43.41615789,43.48842105,43.51884211,43.57726316,43.60473684,43.62110526,43.63242105,43.63615789,43.626,43.61747368,43.59984211,43.53973684,43.50378378,43.43042105,43.42136842,43.36568421,43.29368421,43.22915789,43.11884211,43.019,42.85326316,42.60326316,42.22810526,41.73436842,41.20345946,40.77431579,40.44568421,40.31757895,40.2247027,40.15263158,40.07952632,40.00897297,39.94,39.88263158,39.89432432,39.90526316,39.91227027,39.94389474,39.97291892,40.006,40.05989474,40.09484211,40.11583784,40.14647368,40.17362162,40.18873684,40.19237838,40.18048649,40.14473684,40.09368421,40.03831579,39.90664865,39.798,39.66048649,39.49442105,39.26491892,39.0087027,38.70042105,38.35578378,37.94884211,37.45037838,36.91478947,36.36702703,35.85481081,35.35305263,34.87075676,34.39821053,33.90962162,33.23972973,32.36863158,31.16886486,29.42816216,27.15659459,24.59632432,21.97189189,19.57308108,17.59751351,16.15654054,15.12951351,14.39967568,13.93189189,13.62659459,13.43302703,13.33843243,13.30702703,13.32848649,13.41183784,13.58,13.86459459,14.26945946,14.77033333,15.32983784,15.92524324,16.53767568,17.198,17.8567027,18.52722222,19.1992973,19.85021622,20.49054054,21.11810811,21.73622222,22.31572973,22.87777778,23.41551351,23.9387027,24.42555556,24.89283333,25.302,25.732,26.11794595,26.482,26.82659459,27.13733333,27.44443243,27.725,27.97027778,28.24097297,28.45222222,28.66122222,28.88145946,29.02605556,29.1745,29.34155556,29.48444444,29.581,29.64511111,29.71872222,29.78383333,29.76027778,29.71361111,29.643,29.54944444,29.44325714,29.32422222,29.192,29.048,28.90634286,28.75505556,28.58685714,28.35666667,28.13302857,27.87683333,27.59066667,27.25062857,26.91794444,26.63211429,26.2824,25.94971429,25.699,25.46108571,25.33333333,25.21291429,25.14045714,25.10633333,25.078,25.08085714,25.08133333,25.07268571,24.99337143,24.90862857,24.75782857,24.51908571,24.1536,23.6164,22.87382857,21.79647059,20.40542857,18.60371429,16.34525714,13.7944,11.29057143,9.005428571,7.252685714,6.094228571,5.503125,4.551076923,3.88237037,3.482307692,3.276444444,3.158,3.090888889,3.077555556,3.092666667,3.159692308,3.245111111,3.366666667,3.512769231,3.692,3.896444444,4.122769231,4.368461538,4.637185185,4.935846154,5.253769231,5.577,5.906461538,6.245615385,6.593384615,6.929230769,7.265230769,7.616153846,7.98088,8.312,8.65296,8.964846154,9.278769231,9.588230769,9.921384615,10.26992,10.594,10.95230769,11.29736,11.63872,11.97728,12.31024,12.70336,13.0288,13.3688,13.71,14.0076,14.23216,14.4552,14.66533333,14.854,15.07512,15.2345,15.41992,15.5408,15.62088,15.7308,15.78158333,15.85,15.96066667,16.06976,16.11266667,16.205,16.22456,16.241,16.25141667,16.21183333,16.127,16.0055,15.85733333,15.64516667,15.35791667,15.13730435,14.7955,14.509,14.24,13.9835,13.702,13.53125,13.35658333,13.08226087,12.85304348,12.5926087,12.32452174,12.15634783,11.96747826,11.64382609,11.33408696,11.08591304,10.76652174,10.55436364,10.35452174,10.20217391,10.12563636,10.06165217,9.959565217,9.780086957,9.368173913,8.894363636,8.508090909,8.206,7.913130435,7.655,7.403,7.222,6.962545455,6.830181818,6.656727273,6.530181818,6.343727273,6.036272727,5.889363636,5.58,5.406454545,5.158761905,4.978272727,4.883090909,4.700090909,4.597809524,4.479454545,4.33047619,4.457809524
45.47753289,45.71664474,45.95572368,46.17171053,46.31480263,46.44707237,46.56253289,46.62217105,46.69371711,46.74799342,46.78411184,46.80986842,46.82371711,46.81375,46.80378289,46.78911184,46.72480263,46.67652027,46.59118421,46.55473684,46.47302632,46.37453947,46.28440789,46.13743421,46.00970395,45.78174342,45.42648026,44.89279605,44.19434211,43.44689189,42.84631579,42.41309211,42.23460526,42.11932432,42.04457237,41.98115132,41.91027027,41.83434211,41.77217105,41.79131757,41.81003289,41.84114865,41.89263158,41.93533784,41.979375,42.05463816,42.10263158,42.14094595,42.18003289,42.22905405,42.26210526,42.27405405,42.26070946,42.22881579,42.17453947,42.08963816,41.92256757,41.77111842,41.57864865,41.34282895,41.02611486,40.67057432,40.24743421,39.75685811,39.18723684,38.51344595,37.79947368,37.06003378,36.36368243,35.69269737,35.06310811,34.44644737,33.79192568,32.91574324,31.76621711,30.21459459,27.98283784,25.15648649,22.10192568,19.12077703,16.51733108,14.47577703,13.05628378,12.08162162,11.40074324,10.97858108,10.6975,10.52881757,10.44199324,10.41118243,10.42807432,10.50266892,10.65790541,10.92787162,11.3160473,11.80052083,12.35371622,12.9464527,13.57233108,14.25791667,14.94611486,15.65576389,16.38614865,17.10165541,17.81337838,18.53702703,19.24888889,19.9310473,20.60166667,21.2485473,21.88699324,22.48618056,23.05927083,23.58219595,24.11125,24.59824324,25.05552083,25.47983108,25.87041667,26.24375,26.59229167,26.89954861,27.22760135,27.48361111,27.7375,27.99601351,28.1778125,28.363125,28.56625,28.741875,28.86489583,28.95607639,29.05416667,29.13395833,29.11854167,29.08152778,29.0178125,28.92902778,28.83385714,28.72416667,28.58979167,28.43486111,28.25853571,28.0596875,27.83714286,27.55395833,27.264,26.93204861,26.57125,26.16014286,25.74704861,25.37457143,24.93871429,24.53117857,24.1975,23.89239286,23.72125,23.58146429,23.49642857,23.45645833,23.42125,23.41321429,23.41333333,23.39464286,23.30092857,23.183,22.99228571,22.68535714,22.2215,21.56789286,20.67289286,19.40536765,17.82303571,15.86375,13.47514286,10.95978571,8.70325,6.867607143,5.621857143,4.934964286,4.172695313,3.434807692,3.064444444,2.858269231,2.774305556,2.72875,2.700277778,2.697638889,2.7075,2.737596154,2.770138889,2.823333333,2.885769231,2.965913462,3.069675926,3.18625,3.309615385,3.454583333,3.62875,3.820384615,4.024375,4.231346154,4.447740385,4.677403846,4.906634615,5.153173077,5.426490385,5.71205,5.98875,6.28505,6.559951923,6.842307692,7.118509615,7.424423077,7.75305,8.06605,8.416442308,8.75885,9.1096,9.46535,9.80885,10.21375,10.5545,10.91525,11.27390625,11.58475,11.81275,12.0368,12.25625,12.46405,12.68355,12.85125,13.054,13.182,13.2759,13.37625,13.39520833,13.46625,13.56229167,13.6499,13.66229167,13.7403125,13.7361,13.7715625,13.77901042,13.73114583,13.684375,13.5709375,13.43208333,13.26145833,12.99677083,12.77657609,12.479375,12.20578125,11.9775,11.72890625,11.4525,11.2525,11.05973958,10.79429348,10.57271739,10.32277174,10.07173913,9.892608696,9.662173913,9.33701087,9.015163043,8.754021739,8.433478261,8.230568182,8.057391304,7.896793478,7.860681818,7.823478261,7.759619565,7.597771739,7.172880435,6.720795455,6.355965909,6.07,5.818858696,5.609375,5.394772727,5.2775,5.101931818,5.020909091,4.925454545,4.868977273,4.754375,4.576363636,4.447272727,4.196363636,4.024375,3.906011905,3.802954545,3.715340909,3.598920455,3.508571429,3.473068182,3.420238095,3.510119048
48.20785088,48.41653509,48.6522807,48.84508772,48.97776316,49.09087719,49.19377193,49.23872807,49.30320175,49.34201754,49.37921053,49.40403509,49.42026316,49.41,49.40789474,49.40153509,49.35964912,49.33067568,49.25017544,49.23903509,49.18359649,49.11105263,49.04114035,48.92324561,48.82864035,48.65451754,48.37820175,47.96399123,47.42890351,46.83283784,46.34675439,45.96298246,45.80578947,45.68927928,45.60149123,45.52280702,45.435,45.35640351,45.27219298,45.27126126,45.2745614,45.29369369,45.34315789,45.38540541,45.44,45.51561404,45.57280702,45.60882883,45.6475,45.6877027,45.71526316,45.72261261,45.70918919,45.6822807,45.63578947,45.57241228,45.42932432,45.30850877,45.15801802,44.97157895,44.72063063,44.42981982,44.0827193,43.68193694,43.21921053,42.64698198,42.03263158,41.38644144,40.78563063,40.19359649,39.62531532,39.06350877,38.47382883,37.68666667,36.66776316,35.26846847,33.22662162,30.57905405,27.60292793,24.56036036,21.77896396,19.49662162,17.82355856,16.63099099,15.77648649,15.23585586,14.86954955,14.64509009,14.52932432,14.49346847,14.51198198,14.60288288,14.78572072,15.09833333,15.54563063,16.09833333,16.72621622,17.39891892,18.09756757,18.85277778,19.60463964,20.35935185,21.12378378,21.86608108,22.585,23.31189189,24.00444444,24.66391892,25.29842593,25.89990991,26.48472973,27.03305556,27.55569444,28.02815315,28.50694444,28.95072072,29.37291667,29.75855856,30.11666667,30.47540541,30.81111111,31.10976852,31.43725225,31.69777778,31.94962963,32.21617117,32.40203704,32.5925,32.80111111,32.97972222,33.10041667,33.1887963,33.29412037,33.38513889,33.37013889,33.33587963,33.26291667,33.13851852,32.98780952,32.81444444,32.64083333,32.47240741,32.2957619,32.12837963,31.94190476,31.69111111,31.44895238,31.14037037,30.78777778,30.38771429,29.98412037,29.64738095,29.24233333,28.86304762,28.55166667,28.26466667,28.11833333,28.00452381,27.95766667,27.95486111,27.94166667,27.9602381,27.97833333,27.9722381,27.89814286,27.80342857,27.64161905,27.38219048,26.97666667,26.37342857,25.52680952,24.30068627,22.72428571,20.68047619,18.12266667,15.24914286,12.46142857,9.952857143,8.059095238,6.825190476,6.247395833,5.221410256,4.503580247,4.087371795,3.855740741,3.725,3.642037037,3.613333333,3.62,3.671410256,3.753703704,3.877222222,4.011153846,4.19025641,4.394506173,4.622435897,4.877051282,5.149444444,5.465,5.79525641,6.14,6.488012821,6.848589744,7.218076923,7.573461538,7.941794872,8.321410256,8.7074,9.066666667,9.439133333,9.782948718,10.12782051,10.45448718,10.78871795,11.12646667,11.449,11.81935897,12.17273333,12.5288,12.898,13.254,13.6848,14.05333333,14.43866667,14.84729167,15.2046,15.49333333,15.78113333,16.06,16.326,16.62686667,16.84625,17.10866667,17.29933333,17.44766667,17.5894,17.64958333,17.735,17.87131944,17.99246667,18.03416667,18.13125,18.14566667,18.18,18.20201389,18.14743056,18.07458333,17.94166667,17.76055556,17.525,17.16423611,16.85166667,16.42375,16.054375,15.705,15.34729167,14.97458333,14.76270833,14.57791667,14.28391304,14.00398551,13.68333333,13.38673913,13.1984058,13.01014493,12.66688406,12.33695652,12.08144928,11.73586957,11.51871212,11.31717391,11.16942029,11.07818182,10.99688406,10.88898551,10.71304348,10.26166667,9.746515152,9.307348485,8.978333333,8.657753623,8.356666667,8.058106061,7.858333333,7.617575758,7.473787879,7.269848485,7.137272727,6.966969697,6.692878788,6.5275,6.188181818,5.986515152,5.783333333,5.557878788,5.458030303,5.353409091,5.191269841,5.096666667,5.016904762,5.131587302
46.75164474,47.01230263,47.30730263,47.54657895,47.73407895,47.88684211,48.03421053,48.11171053,48.21269737,48.27565789,48.32657895,48.36605263,48.39085526,48.37,48.36546053,48.35493421,48.29940789,48.24155405,48.14144737,48.10828947,48.01789474,47.91315789,47.79815789,47.64605263,47.49526316,47.22677632,46.80736842,46.18592105,45.38559211,44.51081081,43.78736842,43.27828947,43.07223684,42.94628378,42.87315789,42.80736842,42.74486486,42.66894737,42.59065789,42.59858108,42.62164474,42.66439189,42.73381579,42.79439189,42.865,42.96322368,43.0325,43.08709459,43.14532895,43.20256757,43.24802632,43.2625,43.2472973,43.21342105,43.14565789,43.06342105,42.87432432,42.69934211,42.47236486,42.20434211,41.84047297,41.42756757,40.9375,40.38006757,39.72618421,38.95574324,38.13875,37.29810811,36.49709459,35.73460526,35.00986486,34.30026316,33.55371622,32.59337838,31.35059211,29.69351351,27.36195946,24.46722973,21.38851351,18.44067568,15.9022973,13.94405405,12.61033784,11.70831081,11.09675676,10.72621622,10.49371622,10.37054054,10.31243243,10.30641892,10.34141892,10.4202027,10.56891892,10.8272973,11.18675676,11.64083333,12.16195946,12.72168919,13.31304054,13.96166667,14.62054054,15.29777778,15.98621622,16.66581081,17.34391892,18.03168919,18.70805556,19.35621622,19.99111111,20.60054054,21.20358108,21.77319444,22.32375,22.83175676,23.34583333,23.82135135,24.268125,24.68628378,25.07583333,25.45601351,25.809375,26.12638889,26.46662162,26.74027778,27.00763889,27.27952703,27.48208333,27.683125,27.89340278,28.066875,28.19333333,28.28847222,28.38743056,28.46895833,28.47791667,28.46569444,28.41875,28.33118056,28.2145,28.07138889,27.9075,27.72805556,27.51657143,27.29326389,27.06571429,26.78083333,26.49478571,26.13548611,25.7425,25.29642857,24.84875,24.44757143,23.98757143,23.55728571,23.20125,22.88178571,22.695,22.553,22.47607143,22.44354167,22.4075,22.40285714,22.3925,22.3665,22.26578571,22.14378571,21.9425,21.63907143,21.1875,20.54328571,19.66085714,18.42411765,16.91,15.04857143,12.84392857,10.58492857,8.5845,6.975642857,5.897642857,5.304142857,4.78390625,4.086346154,3.725,3.514134615,3.394444444,3.34,3.285277778,3.273888889,3.264166667,3.289615385,3.329722222,3.39,3.454038462,3.544134615,3.65212963,3.765192308,3.894615385,4.041759259,4.208846154,4.395192308,4.5925,4.787980769,4.987211538,5.196730769,5.406538462,5.632884615,5.882211538,6.1326,6.3825,6.642,6.878653846,7.121153846,7.350096154,7.599615385,7.8433,8.0907,8.366730769,8.6514,8.9265,9.2059,9.4951,9.8458,10.144,10.455,10.7790625,11.0492,11.2681,11.4873,11.69583333,11.8969,12.1436,12.331875,12.5507,12.7075,12.8249,12.9214,12.933125,12.985,13.07177083,13.1318,13.12708333,13.196875,13.2071,13.2203125,13.20739583,13.1584375,13.1040625,13.00875,12.88375,12.7275,12.45572917,12.24086957,11.945625,11.668125,11.4125,11.149375,10.893125,10.726875,10.575625,10.34858696,10.11391304,9.900434783,9.673804348,9.506195652,9.322065217,9.048369565,8.770652174,8.568152174,8.304673913,8.118636364,8.012282609,7.902608696,7.912954545,7.918695652,7.886413043,7.762608696,7.364891304,6.962954545,6.608295455,6.355,6.117065217,5.93125,5.806136364,5.6775,5.512045455,5.476590909,5.428636364,5.319772727,5.257386364,5.102272727,4.997613636,4.785909091,4.666363636,4.55797619,4.373636364,4.303636364,4.252954545,4.155238095,4.107954545,4.105952381,4.2225
38.80189474,38.80389744,38.89431579,38.95421053,38.95123077,38.983,39.02707692,39.04505263,39.10757895,39.12615385,39.14563158,39.14678947,39.14889474,39.13938462,39.138,39.11494737,39.078,39.042,39.00336842,39.01497436,38.97152632,38.91447368,38.858,38.76073684,38.68963158,38.54178947,38.31652632,37.98463158,37.56278947,37.11942105,36.76789474,36.52147368,36.43857895,36.38094737,36.32884211,36.26694737,36.22157895,36.17778947,36.13705263,36.16378378,36.16389474,36.17773684,36.20540541,36.23852632,36.27326316,36.32886486,36.36094737,36.37502703,36.39789474,36.42627027,36.444,36.45163158,36.42515789,36.39832432,36.35663158,36.31210526,36.19726316,36.10172973,35.98183784,35.83010526,35.628,35.40947368,35.14735135,34.84868421,34.48747368,34.04675676,33.56605405,33.08383784,32.62735135,32.17705263,31.74167568,31.30284211,30.84291892,30.22551351,29.397,28.23562162,26.56908108,24.42681081,22.06705263,19.59075676,17.40881081,15.63745946,14.38145946,13.50443243,12.90010526,12.54011111,12.31626316,12.20166667,12.16031579,12.17822222,12.22837838,12.32967568,12.51237838,12.80821622,13.20605405,13.67864865,14.2195,14.79356757,15.36654054,15.99133333,16.60740541,17.22843243,17.841,18.44956757,19.00935135,19.611,20.17632432,20.72194595,21.23037838,21.72227778,22.194,22.63562162,23.06572973,23.43022222,23.81962162,24.17378378,24.5,24.79881081,25.07767568,25.35133333,25.60864865,25.82083333,26.06227778,26.24097297,26.41688889,26.608,26.73194444,26.85416667,26.9915,27.10983784,27.177,27.22711111,27.28066667,27.33,27.26855556,27.21622222,27.13333333,27.02666667,26.91644444,26.81333333,26.67366667,26.51511111,26.385,26.22288889,26.02433333,25.80902857,25.62,25.3675,25.11371429,24.82722222,24.53666667,24.25833333,23.95038889,23.69565714,23.49355556,23.29977143,23.1456,23.02,22.9328,22.8816,22.85033333,22.84094444,22.81657143,22.78177778,22.71394286,22.64266667,22.4988,22.25533333,21.93337143,21.44342857,20.7605,19.79571429,18.52714286,16.96571429,14.9492,12.68817143,10.4264,8.401085714,6.821885714,5.778685714,5.177225806,4.364148148,3.728,3.371407407,3.182,3.079076923,3.031777778,3.028296296,3.048666667,3.109703704,3.183185185,3.295555556,3.427,3.581076923,3.756384615,3.943259259,4.151538462,4.39,4.649615385,4.917923077,5.208,5.504692308,5.793461538,6.083,6.379153846,6.674923077,6.994,7.299538462,7.599384615,7.89176,8.164769231,8.446769231,8.710230769,9.00976,9.30224,9.60632,9.92304,10.21553846,10.5332,10.828,11.1172,11.4632,11.76169231,12.05936,12.38832,12.624,12.82632,13.02824,13.19032,13.34775,13.532,13.6652,13.82296,13.93576,14.00528,14.13176,14.13,14.20291667,14.29848,14.394,14.42048,14.504,14.5175,14.54768,14.572,14.536,14.488,14.3875,14.2625,14.08983333,13.82391304,13.59766667,13.30391304,13.014,12.802,12.59275,12.3355,12.17217391,12.011,11.75121739,11.53626087,11.31817391,11.10730435,10.9906087,10.82704348,10.52304348,10.23043478,10.01382609,9.709478261,9.506521739,9.346173913,9.19773913,9.120347826,9.055454545,9.011,8.916363636,8.570909091,8.174086957,7.793043478,7.482,7.203272727,6.998956522,6.782181818,6.612,6.387636364,6.268,6.107809524,5.992909091,5.880363636,5.652727273,5.519454545,5.276952381,5.086,4.911818182,4.719818182,4.655,4.566857143,4.394909091,4.307809524,4.244636364,4.306761905
44.78157895,44.58147436,44.30434211,44.27578947,44.38692308,44.49927632,44.60846154,44.66447368,44.74552632,44.79230769,44.83348684,44.85559211,44.85855263,44.85423077,44.855,44.82921053,44.78868421,44.73763158,44.67552632,44.64884615,44.57822368,44.49690789,44.41,44.27822368,44.15809211,43.92486842,43.56605263,43.02381579,42.35342105,41.68,41.16697368,40.82809211,40.68828947,40.61125,40.56473684,40.50776316,40.46144737,40.40710526,40.36763158,40.39405405,40.41401316,40.46263158,40.51844595,40.55986842,40.6125,40.68472973,40.73848684,40.77398649,40.81407895,40.85905405,40.8875,40.89907895,40.88144737,40.84547297,40.78059211,40.70355263,40.54802632,40.40033784,40.21358108,39.99421053,39.69243243,39.34157895,38.93608108,38.46697368,37.925,37.27689189,36.5877027,35.90304054,35.23831081,34.60171053,33.98844595,33.38328947,32.73358108,31.86459459,30.71513158,29.12391892,26.91493243,24.16966216,21.25026316,18.35614865,15.91398649,14.01790541,12.72182432,11.84682432,11.25230263,10.89798611,10.67730263,10.55027778,10.50513158,10.51055556,10.55560811,10.65736486,10.84195946,11.14689189,11.56378378,12.06783784,12.645,13.26378378,13.89959459,14.585,15.28513514,15.99060811,16.70020833,17.41452703,18.0997973,18.815,19.49777027,20.16493243,20.80493243,21.43013889,22.02416667,22.59533784,23.1447973,23.63916667,24.12689189,24.58601351,25.01833333,25.41689189,25.78081081,26.13,26.46121622,26.74395833,27.04625,27.29263514,27.52277778,27.76736111,27.94777778,28.11618056,28.29708333,28.44844595,28.54625,28.63666667,28.72097222,28.7975,28.76430556,28.73583333,28.67875,28.59055556,28.49833333,28.39,28.24194444,28.07027778,27.92375,27.72833333,27.49111111,27.22035714,26.96229167,26.62784722,26.27,25.87,25.47833333,25.08916667,24.66569444,24.27307143,23.95083333,23.67628571,23.46807143,23.3225,23.22264286,23.1595,23.12583333,23.11152778,23.08185714,23.03958333,22.94714286,22.83972222,22.6475,22.33847222,21.92357143,21.29614286,20.45923611,19.29071429,17.79071429,15.97935714,13.74314286,11.32885714,9.04,7.099357143,5.6955,4.848785714,4.364354839,3.403240741,2.94,2.684259259,2.553055556,2.489807692,2.457037037,2.465185185,2.474444444,2.515833333,2.56537037,2.634722222,2.72125,2.831153846,2.955673077,3.094814815,3.246923077,3.4175,3.619807692,3.835865385,4.076826923,4.318365385,4.562884615,4.81,5.069615385,5.332019231,5.624230769,5.922692308,6.227403846,6.528,6.819038462,7.117788462,7.401442308,7.7159,8.0233,8.349,8.6882,9.024134615,9.3665,9.6985,10.0307,10.4251,10.76855769,11.1127,11.4915,11.771,12.0129,12.2529,12.4604,12.6578125,12.8795,13.0616,13.255,13.4078,13.5091,13.6383,13.6225,13.6925,13.7726,13.84375,13.8601,13.93625,13.9259375,13.9568,13.96,13.90958333,13.85416667,13.761875,13.6484375,13.495625,13.25086957,13.04458333,12.75978261,12.48228261,12.24875,12.0075,11.73125,11.5426087,11.3465625,11.06706522,10.85891304,10.62347826,10.36673913,10.19782609,9.972717391,9.656413043,9.345326087,9.096195652,8.774021739,8.548913043,8.331521739,8.18423913,8.115434783,8.079090909,8.046931818,7.94125,7.568636364,7.127282609,6.734891304,6.41,6.128181818,5.901630435,5.716363636,5.545,5.346590909,5.235,5.153809524,5.068863636,4.923636364,4.731136364,4.622727273,4.387619048,4.227045455,4.050340909,3.873636364,3.835,3.689642857,3.579545455,3.53547619,3.46,3.485714286
37.15305263,37.27994737,37.48510526,37.63763158,37.74026316,37.83194737,37.89757895,37.92721053,37.963,37.98273684,38.00131579,38.01442105,38.01594737,38.004,38.00184211,37.98394737,37.94578947,37.92291892,37.86115789,37.83968421,37.78315789,37.72263158,37.67442105,37.57652632,37.50142105,37.35673684,37.14621053,36.83284211,36.43752632,36.00945946,35.65947368,35.38505263,35.28915789,35.21756757,35.16089474,35.10815789,35.05010811,34.99326316,34.94378947,34.95313514,34.95436842,34.97037838,35.00252632,35.02794595,35.055,35.103,35.13084211,35.14794595,35.16468421,35.1887027,35.21168421,35.218,35.20502703,35.17557895,35.14031579,35.08842105,34.97432432,34.88105263,34.77237838,34.63263158,34.44810811,34.22702703,33.96631579,33.67297297,33.32705263,32.89962162,32.44173684,31.97248649,31.52859459,31.09715789,30.67859459,30.27242105,29.83848649,29.24913514,28.47415789,27.41097297,25.84562162,23.79881081,21.50151351,19.14832432,16.99924324,15.23740541,13.96356757,13.06627027,12.4352973,12.04178378,11.7947027,11.65481081,11.58562162,11.57356757,11.60821622,11.68886486,11.84762162,12.11005405,12.47924324,12.93333333,13.44210811,13.98389189,14.54075676,15.14,15.73697297,16.33844444,16.93994595,17.52259459,18.082,18.66145946,19.21,19.72951351,20.23166667,20.7087027,21.17394595,21.60466667,22.02083333,22.38962162,22.76966667,23.11902703,23.43933333,23.73654054,24.01466667,24.28475676,24.52933333,24.74872222,24.99086486,25.16644444,25.34177778,25.53010811,25.65427778,25.779,25.9145,26.02788889,26.0985,26.13083333,26.17666667,26.2155,26.19111111,26.16138889,26.1105,26.0415,25.97217143,25.88955556,25.78566667,25.65488889,25.51634286,25.369,25.19971429,24.984,24.79114286,24.5565,24.29011111,23.9856,23.678,23.40628571,23.08537143,22.78588571,22.542,22.31822857,22.202,22.10782857,22.04914286,22.02066667,21.996,21.99485714,21.99666667,21.98828571,21.92348571,21.84108571,21.70142857,21.48462857,21.1532,20.66851429,19.99582857,19.02694118,17.78342857,16.17542857,14.15074286,11.89428571,9.736457143,7.802285714,6.342628571,5.424571429,4.8098125,4.000461538,3.446518519,3.140384615,2.975703704,2.902,2.855777778,2.845555556,2.864666667,2.927538462,3.006,3.111333333,3.232461538,3.381923077,3.551777778,3.740461538,3.954153846,4.17237037,4.428230769,4.687307692,4.962,5.235461538,5.520615385,5.803384615,6.087230769,6.369538462,6.670230769,6.97792,7.258,7.552,7.819846154,8.094461538,8.351153846,8.623384615,8.90856,9.17472,9.475076923,9.7656,10.04752,10.34064,10.61744,10.95344,11.228,11.5184,11.81325,12.06384,12.25448,12.43952,12.63266667,12.8072,13.02256,13.162,13.33288,13.4468,13.54496,13.64144,13.66416667,13.724,13.81766667,13.89512,13.906,13.9705,13.98184,13.99825,14.01758333,13.97491667,13.8905,13.7915,13.671,13.49916667,13.24625,13.05573913,12.7675,12.53675,12.336,12.1275,11.9045,11.76025,11.60875,11.34434783,11.142,10.90626087,10.674,10.54478261,10.3793913,10.07904348,9.795913043,9.605826087,9.292695652,9.121545455,8.937217391,8.815826087,8.775272727,8.708,8.614434783,8.456434783,8.114173913,7.725636364,7.391363636,7.138,6.883217391,6.676,6.475909091,6.3,6.135454545,5.980545455,5.890181818,5.748909091,5.654272727,5.428363636,5.279909091,5.021090909,4.885272727,4.694571429,4.561909091,4.454181818,4.407090909,4.252571429,4.204909091,4.060380952,4.167047619
39.85631579,40.00294737,40.19894737,40.34563158,40.45221053,40.54984211,40.62210526,40.63110526,40.65163158,40.65094737,40.64736842,40.63331579,40.617,40.577,40.54352632,40.516,40.44373684,40.3827027,40.27452632,40.23757895,40.15684211,40.06336842,39.98726316,39.86136842,39.75068421,39.56984211,39.308,38.93984211,38.47589474,37.97713514,37.55252632,37.20768421,37.07610526,36.97151351,36.88863158,36.81663158,36.73983784,36.65263158,36.57315789,36.57286486,36.57726316,36.58324324,36.60884211,36.63497297,36.66,36.70936842,36.73557895,36.744,36.75868421,36.78135135,36.79378947,36.79313514,36.7752973,36.74284211,36.68810526,36.61536842,36.48697297,36.38031579,36.25702703,36.10010526,35.88664865,35.63432432,35.34210526,35.00540541,34.62105263,34.14605405,33.64236842,33.11,32.61102703,32.12042105,31.65940541,31.19821053,30.70789189,30.05448649,29.22052632,28.08502703,26.39789189,24.19702703,21.75135135,19.24783784,16.97751351,15.12508108,13.79189189,12.85405405,12.19318919,11.79275676,11.53194595,11.38297297,11.31562162,11.30043243,11.32621622,11.40491892,11.55827027,11.81767568,12.18416216,12.63733333,13.14956757,13.69610811,14.25286486,14.864,15.46356757,16.07522222,16.69513514,17.29086486,17.878,18.46772973,19.04022222,19.57491892,20.09744444,20.59432432,21.08027027,21.53277778,21.96816667,22.36172973,22.76033333,23.12291892,23.46666667,23.78567568,24.076,24.36378378,24.632,24.86344444,25.12259459,25.32222222,25.50622222,25.70778378,25.84644444,25.978,26.12961111,26.25094444,26.32616667,26.369,26.41066667,26.44516667,26.41427778,26.3745,26.3095,26.21783333,26.12794286,26.03044444,25.906,25.76022222,25.60354286,25.43866667,25.25514286,25.02266667,24.80914286,24.57194444,24.30766667,23.99194286,23.67483333,23.39771429,23.06662857,22.74737143,22.495,22.27005714,22.16,22.06285714,22.01285714,21.99383333,21.964,21.97057143,21.98133333,21.97074286,21.90148571,21.822,21.69051429,21.46102857,21.1112,20.6056,19.90662857,18.88588235,17.59428571,15.93828571,13.84348571,11.5324,9.365771429,7.47,6.069028571,5.190514286,4.57425,3.748461538,3.235333333,2.941307692,2.776296296,2.694,2.643777778,2.625555556,2.64,2.689384615,2.758666667,2.852666667,2.961692308,3.095230769,3.257111111,3.424769231,3.616,3.824962963,4.059692308,4.310153846,4.567,4.826076923,5.087769231,5.358923077,5.624923077,5.894,6.181307692,6.46936,6.728,7.0144,7.263,7.517692308,7.759923077,8.019846154,8.288,8.55128,8.843538462,9.11816,9.39552,9.68352,9.9536,10.284,10.5668,10.8436,11.13875,11.37616,11.5552,11.7344,11.91466667,12.08176,12.28,12.409,12.58696,12.7016,12.7896,12.86816,12.88616667,12.94,13.044,13.12912,13.15566667,13.241,13.24504,13.2755,13.2905,13.26058333,13.19875,13.0925,12.949,12.7775,12.51975,12.29573913,11.9985,11.7455,11.516,11.3085,11.0975,10.93675,10.7755,10.54330435,10.34243478,10.12504348,9.919043478,9.81173913,9.645565217,9.350086957,9.081826087,8.866521739,8.594086957,8.415090909,8.274086957,8.179826087,8.143272727,8.140695652,8.088869565,7.93973913,7.566956522,7.149090909,6.787363636,6.556,6.292434783,6.105,5.903818182,5.754,5.570363636,5.455454545,5.372909091,5.251636364,5.169,4.947909091,4.838181818,4.539454545,4.449,4.269428571,4.076090909,4.006363636,3.922272727,3.871428571,3.784545455,3.691428571,3.771428571
40.57142105,40.73605263,40.90284211,41.04015789,41.13094737,41.20636842,41.26494737,41.28321053,41.32636842,41.34473684,41.36110526,41.37242105,41.36978947,41.358,41.34947368,41.34142105,41.298,41.26978378,41.21126316,41.20768421,41.15705263,41.09042105,41.04063158,40.94789474,40.87957895,40.74005263,40.52426316,40.22247368,39.83842105,39.4187027,39.08084211,38.80084211,38.68968421,38.60086486,38.53347368,38.47284211,38.41032432,38.35115789,38.28852632,38.29486486,38.294,38.30324324,38.33221053,38.35194595,38.382,38.43626316,38.47484211,38.49097297,38.51321053,38.54362162,38.56157895,38.56513514,38.55383784,38.52957895,38.49115789,38.44694737,38.33448649,38.24221053,38.14345946,38.01063158,37.82124324,37.60691892,37.36021053,37.07383784,36.73494737,36.31956757,35.87189474,35.40675676,34.97254054,34.54084211,34.12621622,33.71842105,33.29313514,32.72675676,31.97878947,30.93702703,29.39848649,27.368,25.0507027,22.62756757,20.386,18.51562162,17.13021622,16.14237838,15.42789189,14.96864865,14.66459459,14.48102703,14.38383784,14.35216216,14.36767568,14.44,14.58859459,14.86043243,15.23556757,15.70433333,16.23481081,16.79383784,17.37037838,17.998,18.61259459,19.23344444,19.85972973,20.46983784,21.04091892,21.6447027,22.21266667,22.74994595,23.26577778,23.76032432,24.24275676,24.68877778,25.117,25.49313514,25.88633333,26.23918919,26.57083333,26.87243243,27.15666667,27.43216216,27.68316667,27.90261111,28.15356757,28.33777778,28.51777778,28.71,28.84027778,28.9665,29.11422222,29.22694444,29.29483333,29.33144444,29.38005556,29.41866667,29.37944444,29.33133333,29.2605,29.15816667,29.06182857,28.95777778,28.825,28.67777778,28.52331429,28.36883333,28.19371429,27.978,27.7968,27.59238889,27.36144444,27.08325714,26.79205556,26.53525714,26.22097143,25.94062857,25.736,25.52954286,25.42,25.32331429,25.27045714,25.24333333,25.218,25.22142857,25.23666667,25.22977143,25.16897143,25.09868571,24.96925714,24.74674286,24.4256,23.94885714,23.27171429,22.28247059,21.00285714,19.31885714,17.18154286,14.73857143,12.3184,10.06817143,8.305257143,7.106457143,6.6875,5.717230769,5.007111111,4.567307692,4.319259259,4.184,4.084666667,4.054444444,4.059333333,4.114615385,4.211777778,4.34,4.493076923,4.681384615,4.898518519,5.132307692,5.383076923,5.649185185,5.949846154,6.270076923,6.599,6.922461538,7.257615385,7.601538462,7.923230769,8.265538462,8.609,8.95864,9.274,9.60136,9.905076923,10.214,10.50861538,10.83492308,11.16736,11.47312,11.83307692,12.16056,12.49272,12.828,13.14112,13.52352,13.8208,14.1332,14.46625,14.7448,14.94672,15.14496,15.34,15.51392,15.72112,15.849,16.01936,16.1224,16.21592,16.3208,16.34825,16.416,16.53041667,16.6376,16.66866667,16.759,16.77856,16.8035,16.82375,16.76225,16.6875,16.557,16.41066667,16.20316667,15.92716667,15.67808696,15.3675,15.09225,14.851,14.65175,14.395,14.2455,14.05808333,13.74182609,13.50095652,13.2306087,13.00469565,12.89026087,12.78217391,12.45652174,12.15382609,11.9173913,11.5513913,11.38654545,11.2286087,11.09,11.03127273,10.95043478,10.85373913,10.70826087,10.31886957,9.901818182,9.543090909,9.258,8.985043478,8.751,8.501727273,8.32,8.097090909,7.965636364,7.811636364,7.685636364,7.529727273,7.294363636,7.147272727,6.847818182,6.633818182,6.417238095,6.243,6.171454545,6.014,5.923047619,5.841636364,5.73952381,5.806
43.06819549,43.30567669,43.55609023,43.78379699,43.95109023,44.08161654,44.19451128,44.25270677,44.31943609,44.3681203,44.40770677,44.44214286,44.45142857,44.44928571,44.4424812,44.42733083,44.38142857,44.34223938,44.25654135,44.23097744,44.15759398,44.06984962,43.98255639,43.84947368,43.73932331,43.53672932,43.2143609,42.73883459,42.12492481,41.45212355,40.89398496,40.47902256,40.29150376,40.1676834,40.09026316,40.01718045,39.94637066,39.87413534,39.81360902,39.82563707,39.84473684,39.88258687,39.94067669,39.99247104,40.045,40.11894737,40.17496241,40.20837838,40.24951128,40.29586873,40.3337594,40.34660232,40.33540541,40.31210526,40.26135338,40.19048872,40.03880309,39.90413534,39.73586873,39.53511278,39.25911197,38.93706564,38.55270677,38.11054054,37.59105263,36.97525097,36.31586466,35.62861004,34.97416988,34.34398496,33.74316602,33.15233083,32.53857143,31.74100386,30.70308271,29.29135135,27.27501931,24.70583012,21.89366795,19.12293436,16.68220077,14.74915058,13.39629344,12.46,11.80980695,11.41104247,11.14814672,10.99432432,10.91640927,10.89521236,10.90988417,10.97837838,11.11459459,11.35540541,11.70366795,12.14071429,12.64084942,13.1807722,13.74571429,14.36380952,14.98594595,15.62642857,16.28081081,16.91949807,17.56525097,18.19911197,18.83063492,19.43602317,20.02333333,20.58752896,21.15432432,21.67698413,22.18369048,22.64305019,23.10952381,23.54486486,23.95,24.32818533,24.67809524,25.01667954,25.3325,25.6102381,25.90459459,26.14111111,26.36690476,26.60648649,26.7668254,26.92642857,27.10345238,27.24472222,27.34095238,27.39670635,27.45821429,27.50809524,27.47924603,27.42825397,27.34392857,27.22507937,27.09428571,26.96412698,26.82047619,26.66047619,26.47106122,26.26769841,26.06489796,25.815,25.5755102,25.2897619,24.9818254,24.6242449,24.2622619,23.94408163,23.56865306,23.2162449,22.91642857,22.64926531,22.50952381,22.39469388,22.33510204,22.31642857,22.29571429,22.30387755,22.30904762,22.30293878,22.22922449,22.13526531,21.97208163,21.70995918,21.31371429,20.74714286,19.96514286,18.84991597,17.44285714,15.68571429,13.566,11.31808163,9.254244898,7.519632653,6.309061224,5.580530612,4.908035714,4.186923077,3.779312169,3.542362637,3.414444444,3.355714286,3.323650794,3.320952381,3.337619048,3.375824176,3.428412698,3.501428571,3.574285714,3.684230769,3.803915344,3.933186813,4.07956044,4.238148148,4.422527473,4.620769231,4.829285714,5.041208791,5.254340659,5.481318681,5.69956044,5.933516484,6.181538462,6.442171429,6.681428571,6.941714286,7.175824176,7.423076923,7.654505495,7.912967033,8.183714286,8.441314286,8.734065934,9.016971429,9.3044,9.599942857,9.882628571,10.22171429,10.50771429,10.806,11.12267857,11.37508571,11.56862857,11.7592,11.93809524,12.1128,12.32131429,12.46357143,12.64405714,12.76771429,12.85068571,12.94777143,12.97130952,13.03285714,13.12053571,13.19737143,13.22619048,13.285,13.27565714,13.28946429,13.28392857,13.22160714,13.1425,13.00571429,12.86047619,12.70607143,12.48089286,12.29670807,12.01607143,11.76339286,11.53071429,11.30875,11.06857143,10.90196429,10.73416667,10.50118012,10.28944099,10.09496894,9.890931677,9.758944099,9.56552795,9.298819876,9.029689441,8.826521739,8.550434783,8.387142857,8.239006211,8.144161491,8.122467532,8.120434783,8.075776398,7.937453416,7.579192547,7.163636364,6.851103896,6.574285714,6.38,6.175,5.975649351,5.878571429,5.698311688,5.633506494,5.543246753,5.518311688,5.372467532,5.178376623,5.085454545,4.822597403,4.717272727,4.545238095,4.442142857,4.327662338,4.306493506,4.158639456,4.158831169,4.061904762,4.162108844
36.29110526,36.46878947,36.69552632,36.86363158,36.98731579,37.09968421,37.17615789,37.206,37.241,37.26178947,37.28284211,37.30389474,37.29994737,37.281,37.27510526,37.25515789,37.21178947,37.18264865,37.11273684,37.08431579,37.02021053,36.94589474,36.88294737,36.78252632,36.697,36.53194737,36.28852632,35.93752632,35.50484211,35.03805405,34.65663158,34.36547368,34.25473684,34.16637838,34.09805263,34.03505263,33.97789189,33.91157895,33.85157895,33.84848649,33.85347368,33.87437838,33.90652632,33.93394595,33.969,34.02336842,34.05115789,34.07091892,34.09521053,34.12189189,34.13968421,34.146,34.13437838,34.11073684,34.06442105,34.00963158,33.88572973,33.78547368,33.66183784,33.51294737,33.30913514,33.07378378,32.78378947,32.45664865,32.08189474,31.62691892,31.13652632,30.62459459,30.14621622,29.67589474,29.2252973,28.78378947,28.32118919,27.69708108,26.87584211,25.75016216,24.11151351,21.99464865,19.63789189,17.26794595,15.13318919,13.4027027,12.1667027,11.29372973,10.68162162,10.3012973,10.05086486,9.906972973,9.836162162,9.814864865,9.835135135,9.904,10.04254054,10.28427027,10.62427027,11.0435,11.52254054,12.03021622,12.5592973,13.12466667,13.69291892,14.27144444,14.85162162,15.41605405,15.96205405,16.53043243,17.07266667,17.58502703,18.08444444,18.56459459,19.02794595,19.45866667,19.87116667,20.24821622,20.62866667,20.98232432,21.3085,21.60654054,21.88933333,22.16756757,22.42533333,22.64472222,22.88351351,23.06444444,23.24344444,23.43216216,23.56044444,23.6905,23.82566667,23.93072222,23.98016667,23.99872222,24.02372222,24.04216667,24.00311111,23.96994444,23.9235,23.85622222,23.78228571,23.70266667,23.59766667,23.47466667,23.32708571,23.17894444,23.00857143,22.79733333,22.60068571,22.36577778,22.10377778,21.79177143,21.47855556,21.20925714,20.89222857,20.59822857,20.357,20.13771429,20.02933333,19.93931429,19.8872,19.86866667,19.854,19.85571429,19.862,19.8548,19.79697143,19.72262857,19.58051429,19.36268571,19.0452,18.56382857,17.89988571,16.94258824,15.72485714,14.16371429,12.2216,10.10982857,8.1112,6.385028571,5.135257143,4.3544,3.844375,3.151076923,2.695111111,2.439769231,2.303777778,2.232,2.184444444,2.164888889,2.166666667,2.201846154,2.258222222,2.332666667,2.422923077,2.527384615,2.656814815,2.805692308,2.961076923,3.138592593,3.337923077,3.550076923,3.773,3.993615385,4.221538462,4.463230769,4.694153846,4.935230769,5.189692308,5.44736,5.7,5.95096,6.185923077,6.417230769,6.640615385,6.881076923,7.12888,7.36664,7.636615385,7.89264,8.14544,8.40824,8.66832,8.9716,9.2232,9.4896,9.748,9.97032,10.13664,10.29984,10.48533333,10.64544,10.83,10.969,11.13096,11.2492,11.32656,11.42616,11.46183333,11.506,11.60183333,11.67864,11.70766667,11.7725,11.78896,11.80925,11.81975,11.77258333,11.698,11.59,11.46366667,11.28933333,11.05233333,10.86008696,10.597,10.3705,10.185,9.9855,9.7755,9.63275,9.461416667,9.246608696,9.043043478,8.83773913,8.654608696,8.523652174,8.375217391,8.099826087,7.845478261,7.656521739,7.377826087,7.212818182,7.094521739,7.010695652,6.965636364,6.931913043,6.926695652,6.769130435,6.404521739,6.065272727,5.745727273,5.516,5.279391304,5.102,4.951090909,4.814,4.658363636,4.59,4.438363636,4.378727273,4.286181818,4.101272727,3.977818182,3.775818182,3.633090909,3.500190476,3.381454545,3.304181818,3.244090909,3.148285714,3.094363636,3.045142857,3.084666667
43.22008772,43.40078947,43.5947807,43.74649123,43.83969298,43.93442982,44.0072807,44.02828947,44.09407895,44.13561404,44.15754386,44.17513158,44.18662281,44.17,44.16969298,44.1552193,44.10464912,44.08743243,44.01842105,44.01719298,43.95815789,43.88508772,43.83026316,43.71885965,43.63557018,43.48258772,43.24245614,42.87622807,42.40289474,41.87846847,41.45140351,41.10991228,41.01008772,40.92905405,40.86394737,40.80162281,40.7472973,40.68868421,40.62903509,40.64279279,40.64833333,40.66373874,40.69938596,40.73189189,40.76916667,40.83201754,40.8645614,40.88162162,40.91188596,40.94247748,40.96307018,40.97103604,40.95418919,40.92570175,40.88929825,40.82785088,40.69225225,40.58736842,40.45747748,40.2877193,40.06891892,39.81153153,39.50342105,39.14896396,38.74298246,38.23783784,37.70052632,37.1372973,36.61135135,36.08736842,35.5881982,35.09350877,34.58427928,33.88738739,32.96916667,31.70081081,29.85666667,27.46099099,24.7663964,22.00743243,19.48752252,17.4240991,15.93031532,14.88414414,14.15,13.69918919,13.41135135,13.25432432,13.17990991,13.17581081,13.21689189,13.32031532,13.50572072,13.81810811,14.25279279,14.78944444,15.39581081,16.03423423,16.69333333,17.40777778,18.10936937,18.82768519,19.54720721,20.2377027,20.91045045,21.59324324,22.25074074,22.87333333,23.46583333,24.03067568,24.58427928,25.09833333,25.59361111,26.03013514,26.47972222,26.88554054,27.2625,27.60833333,27.92333333,28.23513514,28.525,28.76949074,29.04963964,29.2537037,29.45722222,29.68031532,29.82013889,29.965,30.13194444,30.27328704,30.36541667,30.41898148,30.49074074,30.5525,30.5412037,30.50111111,30.43833333,30.34541667,30.23595238,30.12092593,29.97555556,29.82074074,29.65680952,29.49365741,29.31761905,29.0775,28.85838095,28.58527778,28.28259259,27.92142857,27.55421296,27.24171429,26.86542857,26.51280952,26.22,25.94090476,25.79388889,25.6642381,25.58785714,25.55527778,25.51833333,25.5147619,25.50944444,25.48757143,25.40366667,25.3002381,25.12661905,24.86233333,24.46766667,23.88585714,23.08461905,21.93539216,20.46666667,18.5552381,16.175,13.50757143,10.9477619,8.668190476,6.969238095,5.901904762,5.288385417,4.370384615,3.748950617,3.416025641,3.238271605,3.16,3.100925926,3.097222222,3.116111111,3.170641026,3.245,3.347777778,3.468461538,3.624807692,3.802160494,4.003205128,4.232179487,4.478765432,4.758012821,5.064230769,5.380833333,5.698782051,6.033910256,6.378717949,6.718589744,7.067435897,7.438397436,7.809066667,8.166666667,8.529333333,8.872564103,9.217307692,9.5475,9.89474359,10.25526667,10.59546667,10.98012821,11.3378,11.69866667,12.06846667,12.41886667,12.8434,13.18933333,13.55166667,13.93166667,14.26073333,14.51433333,14.76213333,14.99722222,15.21386667,15.4594,15.64,15.8472,15.991,16.08973333,16.20053333,16.23652778,16.29333333,16.39909722,16.48946667,16.48277778,16.57041667,16.56666667,16.576875,16.5825,16.51715278,16.46125,16.32875,16.18055556,15.98347222,15.69215278,15.45717391,15.12458333,14.80833333,14.54166667,14.26645833,13.97625,13.76625,13.55736111,13.2592029,12.98536232,12.70137681,12.42521739,12.2426087,12.02572464,11.67101449,11.31376812,11.07181159,10.70586957,10.49106061,10.26971014,10.09876812,9.991212121,9.934492754,9.805507246,9.612826087,9.189275362,8.708333333,8.293939394,7.96,7.684057971,7.4175,7.170378788,6.95,6.751818182,6.583181818,6.383636364,6.290151515,6.172121212,5.886666667,5.695606061,5.43530303,5.253030303,5.020873016,4.852424242,4.760606061,4.603939394,4.49515873,4.404848485,4.328968254,4.388968254
42.78542105,42.91310526,43.05884211,43.19547368,43.26521053,43.34205263,43.41205263,43.42442105,43.48126316,43.50826316,43.52531579,43.54189474,43.54652632,43.537,43.53236842,43.52489474,43.48605263,43.46621622,43.39610526,43.40642105,43.36063158,43.30063158,43.25315789,43.15378947,43.09757895,42.96352632,42.76615789,42.47431579,42.08694737,41.66367568,41.32126316,41.02568421,40.93831579,40.85654054,40.79005263,40.72815789,40.67367568,40.60726316,40.54936842,40.5667027,40.56636842,40.57518919,40.60557895,40.62464865,40.654,40.70447368,40.73421053,40.74405405,40.75994737,40.78735135,40.80073684,40.80437838,40.78583784,40.76157895,40.72,40.66763158,40.54464865,40.45336842,40.35318919,40.21484211,40.02772973,39.81383784,39.55357895,39.2647027,38.93168421,38.51151351,38.05610526,37.57545946,37.13454054,36.68936842,36.25918919,35.83947368,35.40821622,34.8107027,34.02421053,32.93691892,31.33540541,29.21162162,26.77945946,24.2092973,21.80767568,19.79037838,18.28756757,17.21189189,16.43935135,15.95459459,15.63913514,15.45951351,15.36956757,15.348,15.38183784,15.47578378,15.65102703,15.95762162,16.38194595,16.90666667,17.4967027,18.11643243,18.75513514,19.442,20.1072973,20.78955556,21.46383784,22.10864865,22.72616216,23.35697297,23.95422222,24.51535135,25.04911111,25.55416216,26.04897297,26.50277778,26.9435,27.32421622,27.723,28.08005405,28.41366667,28.71443243,28.99066667,29.27578378,29.52716667,29.74,29.9952973,30.17533333,30.35744444,30.56172973,30.67427778,30.8005,30.94788889,31.07305556,31.15383333,31.1925,31.25361111,31.31116667,31.27461111,31.23538889,31.164,31.05633333,30.94542857,30.82866667,30.69033333,30.542,30.39531429,30.24527778,30.09,29.87166667,29.67977143,29.44177778,29.17366667,28.85428571,28.53111111,28.27422857,27.95011429,27.64988571,27.403,27.15611429,27.04866667,26.94885714,26.8928,26.86733333,26.842,26.85171429,26.85333333,26.83617143,26.76222857,26.67885714,26.53634286,26.31085714,25.9636,25.45165714,24.74102857,23.69294118,22.34542857,20.55571429,18.27137143,15.618,12.97114286,10.478,8.509428571,7.173371429,6.602875,5.559230769,4.74162963,4.283153846,4.024074074,3.88,3.797555556,3.793111111,3.811333333,3.891076923,4.001333333,4.146,4.320461538,4.531,4.779185185,5.046923077,5.332,5.648444444,5.994230769,6.363615385,6.745,7.122615385,7.512615385,7.906153846,8.284769231,8.663538462,9.068846154,9.45776,9.828,10.20048,10.55253846,10.89661538,11.23230769,11.58661538,11.942,12.27088,12.65723077,13.00816,13.36296,13.72312,14.06264,14.47576,14.8132,15.1644,15.54075,15.85528,16.10112,16.34376,16.58133333,16.79024,17.03256,17.2015,17.40696,17.544,17.64592,17.75832,17.80375,17.87,17.99458333,18.0936,18.10333333,18.177,18.20728,18.2315,18.24716667,18.18441667,18.1085,17.996,17.85066667,17.62483333,17.33733333,17.08469565,16.7305,16.416,16.117,15.83375,15.5095,15.316,15.1235,14.80686957,14.54991304,14.26295652,13.9906087,13.82765217,13.61391304,13.28217391,12.94504348,12.6933913,12.34147826,12.09281818,11.88095652,11.71286957,11.59072727,11.48791304,11.34634783,11.16913043,10.72008696,10.24872727,9.831454545,9.476,9.160608696,8.878,8.584636364,8.366,8.072363636,7.901818182,7.682181818,7.545636364,7.374636364,7.076545455,6.833636364,6.534727273,6.291454545,6.088571429,5.841454545,5.709818182,5.523,5.408857143,5.312181818,5.278571429,5.295619048
46.4972807,46.67399123,46.89030702,47.06548246,47.18390351,47.28127193,47.3572807,47.38535088,47.42964912,47.45513158,47.47074561,47.47578947,47.46951754,47.4575,47.43460526,47.41355263,47.35701754,47.31545045,47.22280702,47.20078947,47.13368421,47.05412281,46.98008772,46.86096491,46.76162281,46.57565789,46.30372807,45.90201754,45.42241228,44.90094595,44.48587719,44.165,44.04192982,43.94666667,43.87179825,43.80039474,43.71927928,43.64754386,43.57912281,43.58292793,43.58030702,43.59364865,43.62745614,43.64522523,43.67,43.71763158,43.7504386,43.76085586,43.78447368,43.80423423,43.81710526,43.81959459,43.80117117,43.76087719,43.70517544,43.64140351,43.50112613,43.38508772,43.24247748,43.07035088,42.8327027,42.5622973,42.24684211,41.88927928,41.47184211,40.96545045,40.4225,39.86725225,39.35225225,38.84333333,38.35603604,37.87350877,37.36283784,36.67216216,35.76469298,34.50081081,32.65292793,30.26689189,27.6018018,24.87612613,22.40076577,20.36689189,18.8813964,17.82058559,17.05247748,16.55635135,16.21792793,16.01382883,15.90337838,15.86454955,15.88153153,15.96792793,16.15045045,16.46738739,16.90522523,17.44111111,18.04914414,18.68963964,19.34837838,20.05777778,20.76171171,21.47555556,22.18720721,22.87509009,23.53711712,24.21905405,24.8712963,25.48126126,26.07148148,26.63243243,27.18144144,27.68611111,28.17625,28.60513514,29.05472222,29.46256757,29.84180556,30.18675676,30.50833333,30.83166667,31.12194444,31.37185185,31.65603604,31.87481481,32.08731481,32.31364865,32.46740741,32.62083333,32.79550926,32.9400463,33.03986111,33.10921296,33.19833333,33.28736111,33.27768519,33.25833333,33.2025,33.12273148,33.0327619,32.92925926,32.79638889,32.65888889,32.5212381,32.36703704,32.19119048,31.95055556,31.71647619,31.43268519,31.11222222,30.744,30.37875,30.06961905,29.67952381,29.30738095,29.0175,28.76266667,28.63444444,28.51380952,28.45171429,28.42236111,28.39,28.38880952,28.39277778,28.37552381,28.29190476,28.18657143,28.02238095,27.76380952,27.36733333,26.79304762,25.99166667,24.83754902,23.35619048,21.41952381,18.97138095,16.19185714,13.46261905,10.92352381,8.947666667,7.609809524,7.025260417,5.908717949,5.090308642,4.607435897,4.334259259,4.193333333,4.097592593,4.080740741,4.097222222,4.179487179,4.292037037,4.437777778,4.611923077,4.837564103,5.087160494,5.360769231,5.654487179,5.976296296,6.336987179,6.709166667,7.095,7.477179487,7.865448718,8.267692308,8.656153846,9.052179487,9.455192308,9.8762,10.25666667,10.65853333,11.02788462,11.39602564,11.74628205,12.12205128,12.49626667,12.85213333,13.25205128,13.63246667,14.01326667,14.39513333,14.76493333,15.201,15.56,15.93466667,16.34041667,16.68713333,16.95393333,17.21153333,17.46833333,17.709,17.96866667,18.15541667,18.38213333,18.53133333,18.6392,18.76186667,18.79368056,18.86666667,18.98048611,19.07593333,19.08777778,19.16333333,19.18333333,19.19125,19.19555556,19.15013889,19.07416667,18.93958333,18.80111111,18.59361111,18.29770833,18.07869565,17.72083333,17.39416667,17.11083333,16.81958333,16.51375,16.31583333,16.14208333,15.82231884,15.55355072,15.25521739,14.94942029,14.75615942,14.53811594,14.14869565,13.8076087,13.53971014,13.15268116,12.93272727,12.70246377,12.51782609,12.3930303,12.26782609,12.11427536,11.9365942,11.44666667,10.95787879,10.52333333,10.155,9.849057971,9.543333333,9.249848485,9.065,8.746666667,8.543333333,8.322424242,8.186818182,7.991515152,7.665984848,7.465833333,7.150606061,6.877954545,6.598650794,6.386136364,6.238333333,6.0825,5.940238095,5.783030303,5.706666667,5.744761905
45.0002193,45.22855263,45.45364035,45.63679825,45.77276316,45.88912281,45.97776316,46.01407895,46.08907895,46.12074561,46.15276316,46.16368421,46.18635965,46.18166667,46.17697368,46.17342105,46.13298246,46.10662162,46.02342105,46.02149123,45.96149123,45.87447368,45.8104386,45.69763158,45.61697368,45.44912281,45.19692982,44.81171053,44.30464912,43.72175676,43.22587719,42.82035088,42.64903509,42.51995495,42.43324561,42.35223684,42.26815315,42.18859649,42.11535088,42.12855856,42.1422807,42.15954955,42.20421053,42.24986486,42.30666667,42.38592105,42.43780702,42.46977477,42.50688596,42.54716216,42.58035088,42.59675676,42.58887387,42.56903509,42.52342105,42.46140351,42.32342342,42.21798246,42.08337838,41.91622807,41.67905405,41.40617117,41.07798246,40.70617117,40.27236842,39.7259009,39.1427193,38.53247748,37.95504505,37.37894737,36.8245045,36.2954386,35.75864865,35.05108108,34.13785088,32.88882883,31.06990991,28.67243243,25.92873874,23.07927928,20.45094595,18.27463964,16.67594595,15.53630631,14.72207207,14.2081982,13.86337838,13.64855856,13.53432432,13.4840991,13.49162162,13.5581982,13.70112613,13.96324324,14.34117117,14.82583333,15.3818018,15.97725225,16.59418919,17.27,17.93882883,18.62324074,19.31738739,19.99283784,20.65157658,21.32815315,21.97944444,22.59743243,23.19953704,23.77216216,24.34121622,24.86740741,25.37083333,25.81959459,26.2875,26.71081081,27.11638889,27.49067568,27.83166667,28.17436937,28.49333333,28.76402778,29.07671171,29.3187037,29.54305556,29.78495495,29.94902778,30.12166667,30.31069444,30.46759259,30.57277778,30.64064815,30.70893519,30.76222222,30.71930556,30.64912037,30.54041667,30.40490741,30.25519048,30.10981481,29.945,29.77074074,29.592,29.41824074,29.22261905,28.95222222,28.71747619,28.45546296,28.16314815,27.81828571,27.475,27.17552381,26.81457143,26.47185714,26.195,25.93795238,25.81222222,25.69419048,25.636,25.62152778,25.59833333,25.60333333,25.62333333,25.63266667,25.5632381,25.49233333,25.34580952,25.10847619,24.74333333,24.20652381,23.45442857,22.3522549,20.94142857,19.10142857,16.84247619,14.28514286,11.76790476,9.479047619,7.724,6.544904762,5.825260417,4.816282051,4.17382716,3.80724359,3.617962963,3.51,3.46462963,3.468333333,3.491111111,3.556410256,3.642222222,3.754444444,3.890512821,4.050576923,4.239074074,4.449615385,4.675128205,4.92537037,5.207435897,5.501089744,5.809166667,6.114551282,6.436025641,6.754102564,7.064358974,7.379358974,7.703525641,8.037866667,8.338333333,8.651866667,8.934551282,9.228846154,9.516987179,9.834871795,10.1614,10.47846667,10.82538462,11.15973333,11.48646667,11.82326667,12.1418,12.52593333,12.845,13.17033333,13.528125,13.81293333,14.032,14.2354,14.42666667,14.61253333,14.8248,14.96416667,15.1488,15.26733333,15.3678,15.47593333,15.51618056,15.61166667,15.73451389,15.8536,15.89055556,16.00375,16.0248,16.07166667,16.10027778,16.07361111,16.00666667,15.87541667,15.72055556,15.49013889,15.15611111,14.87775362,14.53041667,14.2075,13.9425,13.654375,13.3675,13.19166667,13.00291667,12.7426087,12.50847826,12.27405797,12.05913043,11.93557971,11.77275362,11.47963768,11.17601449,10.96173913,10.62673913,10.44886364,10.2992029,10.18137681,10.12984848,10.08869565,10.01413043,9.869492754,9.464130435,9.004393939,8.618030303,8.318333333,8.064927536,7.803333333,7.559166667,7.395,7.177424242,7.048636364,6.896212121,6.806666667,6.650454545,6.411666667,6.22030303,5.959393939,5.78219697,5.576269841,5.423030303,5.318484848,5.210378788,5.05515873,5.024545455,4.941111111,5.037777778
47.69778947,47.87173684,48.09794737,48.29052632,48.41947368,48.52763158,48.61957895,48.65647368,48.71173684,48.75005263,48.77710526,48.78494737,48.79194737,48.772,48.75694737,48.73984211,48.68331579,48.64551351,48.55715789,48.52894737,48.45284211,48.36905263,48.28431579,48.15063158,48.04442105,47.84494737,47.54363158,47.09568421,46.52526316,45.91389189,45.41694737,45.04157895,44.90178947,44.79735135,44.70768421,44.63484211,44.56340541,44.48947368,44.41631579,44.41713514,44.43163158,44.44232432,44.48431579,44.51827027,44.556,44.62931579,44.67915789,44.69891892,44.72647368,44.76297297,44.79147368,44.802,44.78102703,44.74968421,44.69968421,44.63326316,44.48362162,44.35884211,44.20005405,44.00610526,43.7467027,43.44664865,43.09821053,42.69724324,42.22863158,41.66205405,41.05347368,40.42362162,39.84021622,39.27157895,38.7252973,38.18694737,37.62545946,36.8712973,35.88757895,34.53962162,32.59681081,30.09551351,27.3092973,24.46335135,21.88048649,19.76610811,18.22043243,17.12313514,16.33724324,15.84481081,15.52021622,15.32518919,15.23243243,15.2072973,15.23756757,15.33367568,15.51805405,15.83637838,16.27367568,16.81583333,17.42664865,18.07610811,18.74843243,19.474,20.18459459,20.90755556,21.63313514,22.332,23.00794595,23.70054054,24.35555556,24.97805405,25.57566667,26.14491892,26.69913514,27.21744444,27.70966667,28.15918919,28.615,29.02983784,29.4185,29.78762162,30.12533333,30.45545946,30.76833333,31.04055556,31.34675676,31.57466667,31.81388889,32.06681081,32.23311111,32.398,32.58722222,32.74361111,32.85033333,32.93322222,33.02627778,33.10733333,33.105,33.07911111,33.02,32.932,32.82525714,32.69733333,32.55233333,32.404,32.24977143,32.08466667,31.89514286,31.638,31.38971429,31.08583333,30.74855556,30.35891429,29.98066667,29.64788571,29.24971429,28.88308571,28.566,28.28731429,28.134,28.00645714,27.93548571,27.91216667,27.878,27.88057143,27.88,27.8732,27.79948571,27.70348571,27.5384,27.28537143,26.8916,26.30325714,25.49845714,24.33023529,22.83285714,20.89628571,18.45908571,15.69965714,13.00674286,10.5316,8.606114286,7.299942857,6.767875,5.694923077,4.897185185,4.405153846,4.137777778,3.992,3.902222222,3.881111111,3.900666667,3.975846154,4.087777778,4.244666667,4.420769231,4.644769231,4.897333333,5.168923077,5.459692308,5.783407407,6.133538462,6.500769231,6.885,7.255153846,7.641923077,8.032153846,8.412307692,8.791846154,9.194230769,9.59184,9.966,10.35408,10.699,11.05138462,11.38030769,11.72030769,12.07104,12.39456,12.76384615,13.11752,13.46768,13.82984,14.16848,14.59304,14.95,15.3188,15.71125,16.04256,16.31648,16.58232,16.83666667,17.08984,17.36408,17.572,17.81112,17.9808,18.10168,18.23088,18.27758333,18.348,18.44875,18.57184,18.59666667,18.687,18.68384,18.7115,18.71775,18.66058333,18.5935,18.458,18.30866667,18.11366667,17.8015,17.55843478,17.1965,16.8565,16.534,16.247,15.94,15.74225,15.56608333,15.27382609,15.03278261,14.72843478,14.42730435,14.24034783,14.02782609,13.66782609,13.33026087,13.09269565,12.73147826,12.512,12.29834783,12.11921739,12.03472727,11.9406087,11.82478261,11.65852174,11.17426087,10.67872727,10.247,9.906,9.595043478,9.284,8.979636364,8.804,8.540909091,8.389090909,8.148,8.027454545,7.822909091,7.494454545,7.323363636,6.987454545,6.752818182,6.530285714,6.322181818,6.122,6.018,5.850095238,5.774363636,5.631047619,5.666095238
48.91570175,48.85205128,48.91614035,49.13385965,49.31064103,49.47627193,49.60307692,49.64403509,49.72991228,49.78423077,49.83464912,49.86285088,49.87929825,49.88217949,49.88833333,49.86307018,49.81947368,49.78175439,49.70596491,49.6608547,49.58188596,49.49592105,49.40916667,49.26938596,49.13460526,48.89412281,48.52039474,47.95899123,47.28092105,46.60513158,46.06118421,45.68425439,45.5077193,45.40337719,45.32324561,45.23807018,45.1627193,45.0872807,45.02464912,45.04022523,45.06171053,45.11188596,45.17662162,45.23333333,45.2872807,45.36234234,45.41355263,45.45121622,45.49307018,45.53126126,45.56583333,45.58618421,45.57377193,45.54130631,45.47846491,45.39561404,45.21938596,45.05779279,44.86851351,44.63824561,44.32603604,43.96201754,43.5277027,43.03087719,42.46377193,41.78644144,41.05477477,40.32927928,39.62882883,38.95280702,38.31585586,37.68280702,36.99342342,36.06220721,34.82311404,33.12923423,30.72022523,27.69617117,24.47675439,21.26081081,18.52,16.36540541,14.86247748,13.81405405,13.08166667,12.61898148,12.31407895,12.11851852,12.01982456,11.98888889,12.00554054,12.09707207,12.27905405,12.59635135,13.0422973,13.58310811,14.19916667,14.86436937,15.55274775,16.29944444,17.05734234,17.81941441,18.59875,19.37247748,20.12072072,20.9,21.65045045,22.37855856,23.08351351,23.76814815,24.42055556,25.04301802,25.64355856,26.17833333,26.71662162,27.21797297,27.68111111,28.11486486,28.52108108,28.90666667,29.26954955,29.59013889,29.92069444,30.1822973,30.43592593,30.69925926,30.89162037,31.0675463,31.27472222,31.4536036,31.5625,31.64259259,31.72481481,31.79666667,31.74148148,31.68388889,31.58083333,31.4387037,31.29861111,31.16,30.98222222,30.7787037,30.61166667,30.40462963,30.16194444,29.89804762,29.63444444,29.29657407,28.93990476,28.52,28.11722222,27.70777778,27.28578704,26.87738095,26.53212963,26.24795238,26.05714286,25.94166667,25.87952381,25.8537619,25.84268519,25.84574074,25.83909524,25.81787037,25.73814286,25.64907407,25.46233333,25.15009259,24.72133333,24.05733333,23.15486111,21.90547619,20.27095238,18.29914286,15.81209524,13.07390476,10.44966667,8.196761905,6.541761905,5.511952381,4.940537634,3.927777778,3.378518519,3.071234568,2.91037037,2.812564103,2.755864198,2.742962963,2.744506173,2.777962963,2.821604938,2.891728395,2.983333333,3.096282051,3.22974359,3.374382716,3.542307692,3.73,3.951346154,4.183974359,4.442307692,4.708205128,4.9775,5.254166667,5.535128205,5.826666667,6.140769231,6.462179487,6.789166667,7.105866667,7.414102564,7.735641026,8.041730769,8.392733333,8.742733333,9.100733333,9.4888,9.864487179,10.242,10.61606667,10.9918,11.4192,11.80032051,12.17313333,12.58273333,12.89846667,13.1544,13.41566667,13.629,13.83270833,14.058,14.23153333,14.4326,14.58626667,14.6846,14.8188,14.83333333,14.92152778,15.0314,15.13138889,15.17646667,15.26270833,15.28083333,15.31653333,15.34333333,15.31388889,15.26333333,15.15416667,15.02229167,14.82916667,14.52326087,14.2525,13.90362319,13.57869565,13.305,13.03604167,12.73166667,12.50268116,12.29104167,11.99050725,11.74934783,11.50224638,11.22702899,11.07115942,10.84137681,10.50007246,10.18188406,9.918695652,9.53942029,9.309855072,9.101376812,8.965507246,8.896231884,8.856212121,8.843106061,8.739848485,8.312424242,7.825507246,7.417173913,7.063333333,6.786363636,6.559057971,6.312272727,6.126666667,5.926818182,5.828333333,5.696825397,5.621666667,5.469393939,5.272121212,5.154772727,4.877777778,4.699545455,4.521666667,4.351515152,4.2875,4.155,4.068636364,3.998730159,3.922954545,3.985079365
43.47536842,43.67305263,43.97689474,44.21752632,44.39778947,44.55273684,44.67278947,44.73336842,44.81784211,44.877,44.92147368,44.95657895,44.98378947,44.977,44.96857895,44.95794737,44.92068421,44.88794595,44.80273684,44.77263158,44.69884211,44.59905263,44.51284211,44.38347368,44.27005263,44.05352632,43.72326316,43.23252632,42.58847368,41.88864865,41.29094737,40.82968421,40.61431579,40.46562162,40.36284211,40.27310526,40.1847027,40.11073684,40.04126316,40.04286486,40.05531579,40.09054054,40.14705263,40.19983784,40.26,40.34221053,40.40263158,40.44578378,40.49315789,40.54432432,40.58336842,40.60735135,40.59837838,40.57852632,40.53168421,40.463,40.3107027,40.17536842,40.00043243,39.78473684,39.49810811,39.16151351,38.75747368,38.28908108,37.74547368,37.096,36.40252632,35.68394595,35.00324324,34.344,33.72021622,33.11768421,32.48502703,31.67048649,30.61552632,29.19167568,27.14335135,24.53989189,21.69691892,18.90659459,16.45735135,14.51259459,13.14205405,12.18259459,11.4967027,11.06816216,10.77097297,10.58654054,10.47864865,10.42762162,10.4227027,10.46724324,10.57978378,10.79010811,11.10362162,11.50266667,11.96437838,12.46745946,12.99924324,13.58666667,14.17697297,14.79333333,15.42118919,16.03897297,16.65654054,17.28102703,17.89622222,18.48713514,19.06588889,19.62308108,20.17243243,20.69522222,21.202,21.66162162,22.12666667,22.56086486,22.96983333,23.3512973,23.70533333,24.04789189,24.3675,24.65161111,24.95843243,25.19844444,25.42622222,25.66318919,25.84111111,26.012,26.18238889,26.33361111,26.43666667,26.49388889,26.56055556,26.61783333,26.59805556,26.55733333,26.4825,26.36266667,26.23525714,26.10822222,25.96266667,25.80088889,25.60794286,25.40816667,25.20542857,24.964,24.72737143,24.44988889,24.148,23.79114286,23.43988889,23.12205714,22.75954286,22.42017143,22.14,21.88177143,21.74266667,21.64331429,21.59988571,21.594,21.586,21.608,21.62833333,21.63325714,21.5696,21.49017143,21.338,21.09137143,20.7124,20.15611429,19.39474286,18.30141176,16.93485714,15.23142857,13.166,10.99068571,9.011314286,7.3576,6.193542857,5.5,4.9735,4.269384615,3.84962963,3.616846154,3.480592593,3.4,3.344,3.314,3.304,3.331384615,3.366666667,3.427333333,3.495076923,3.586692308,3.696074074,3.809076923,3.925846154,4.073259259,4.234846154,4.409076923,4.594,4.778,4.969307692,5.166461538,5.368,5.572769231,5.802923077,6.02496,6.258,6.49504,6.708615385,6.934461538,7.144230769,7.375538462,7.61888,7.85696,8.126769231,8.38736,8.65312,8.92464,9.19648,9.52,9.7976,10.0904,10.3945,10.64656,10.83704,11.03152,11.21333333,11.40056,11.62032,11.7765,11.97256,12.0976,12.20496,12.29488,12.32183333,12.384,12.47608333,12.55512,12.577,12.634,12.62976,12.64725,12.64025,12.58533333,12.515,12.379,12.22966667,12.076,11.86858333,11.68556522,11.407,11.1695,10.957,10.7325,10.497,10.333,10.181,9.937304348,9.757130435,9.574695652,9.368086957,9.224782609,9.062086957,8.811391304,8.558608696,8.354956522,8.092,7.936636364,7.780782609,7.725913043,7.691636364,7.709565217,7.687304348,7.571652174,7.214,6.806727273,6.500727273,6.278,6.037565217,5.875,5.681818182,5.576,5.485454545,5.384545455,5.289818182,5.213454545,5.181545455,5.013727273,4.882545455,4.714545455,4.564818182,4.384,4.310727273,4.256363636,4.201090909,4.043238095,4.059090909,3.985619048,4.068380952
44.81636842,44.81861538,45.066,45.31168421,45.436,45.56063158,45.67553846,45.73631579,45.83652632,45.90230769,45.94431579,45.96373684,45.98163158,45.97384615,45.978,45.94242105,45.89115789,45.84052632,45.77663158,45.72892308,45.64721053,45.54494737,45.449,45.29431579,45.14536842,44.87431579,44.44468421,43.81973684,43.02342105,42.22926316,41.60305263,41.22205263,41.05757895,40.97331579,40.91926316,40.86189474,40.806,40.76021053,40.72431579,40.74491892,40.76557895,40.81542105,40.87345946,40.92642105,40.98431579,41.06162162,41.11936842,41.16432432,41.20968421,41.25654054,41.293,41.31252632,41.29694737,41.25151351,41.19284211,41.09989474,40.91757895,40.74221622,40.51902703,40.25357895,39.89821622,39.49052632,39.01264865,38.46352632,37.82842105,37.084,36.28232432,35.49556757,34.72940541,34.008,33.32627027,32.65494737,31.92183784,30.95745946,29.65615789,27.89308108,25.45475676,22.48805405,19.42084211,16.47151351,14.05416216,12.22789189,11.01367568,10.20421622,9.659052632,9.338444444,9.132210526,9.015444444,8.966105263,8.962666667,8.989297297,9.075891892,9.233621622,9.502054054,9.874486486,10.32459459,10.8485,11.4232973,12.01994595,12.66933333,13.33913514,14.02767568,14.727,15.4387027,16.13297297,16.858,17.56227027,18.25216216,18.92091892,19.58866667,20.21866667,20.82475676,21.41410811,21.95133333,22.48745946,22.98032432,23.44377778,23.87518919,24.28064865,24.66,25.01097297,25.32883333,25.659,25.92367568,26.16355556,26.42511111,26.61722222,26.8075,27.00216667,27.16454054,27.279,27.37333333,27.46577778,27.546,27.53366667,27.52222222,27.469,27.38844444,27.30333333,27.198,27.04844444,26.86911111,26.692,26.47755556,26.22077778,25.92937143,25.638,25.27416667,24.89,24.44811111,24.01,23.56416667,23.1135,22.69691429,22.34488889,22.04062857,21.80937143,21.647,21.534,21.47708571,21.44177778,21.41466667,21.38531429,21.344,21.24777143,21.13,20.9256,20.60133333,20.15782857,19.49348571,18.61216667,17.40571429,15.88,14.09914286,11.9548,9.712857143,7.728,6.140514286,5.075371429,4.492285714,4.157870968,3.236666667,2.904518519,2.724074074,2.639111111,2.587230769,2.54962963,2.546148148,2.549851852,2.573777778,2.604296296,2.649037037,2.702,2.775384615,2.857461538,2.94962963,3.052615385,3.17,3.306769231,3.456615385,3.628692308,3.802153846,3.972230769,4.154,4.341461538,4.532307692,4.757692308,4.988615385,5.236769231,5.4776,5.718153846,5.970384615,6.205,6.4744,6.73016,7.014,7.314,7.608230769,7.9236,8.22152,8.5388,8.90032,9.232230769,9.55832,9.90328,10.17632,10.414,10.63192,10.826,11.02166667,11.2356,11.40968,11.6068,11.76256,11.86096,11.97648,11.97,12.008,12.08904,12.14033333,12.15312,12.20616667,12.19275,12.20816,12.204,12.16316667,12.12533333,12.019,11.936,11.77583333,11.55086957,11.37566667,11.12173913,10.88469565,10.678,10.464,10.209,10.03165217,9.84525,9.608086957,9.385043478,9.174782609,8.954782609,8.781565217,8.572695652,8.280086957,7.994173913,7.759652174,7.470608696,7.279826087,7.087565217,6.991565217,6.946782609,6.942363636,6.954636364,6.878090909,6.553090909,6.12826087,5.790347826,5.504,5.252909091,5.072782609,4.92,4.79,4.649818182,4.601,4.51352381,4.500727273,4.406363636,4.256545455,4.161727273,3.942761905,3.843090909,3.714272727,3.574,3.54,3.385142857,3.372,3.358380952,3.265909091,3.294
44.30236842,44.51736842,44.74210526,44.94189474,45.07873684,45.19157895,45.28273684,45.31642105,45.39352632,45.42405263,45.45663158,45.47936842,45.49726316,45.495,45.49110526,45.48010526,45.43694737,45.42762162,45.35063158,45.34505263,45.28578947,45.20989474,45.14621053,45.02947368,44.94689474,44.77657895,44.52526316,44.12673684,43.61226316,43.05151351,42.59357895,42.22221053,42.09905263,42.01789189,41.95852632,41.90147368,41.84967568,41.80010526,41.74326316,41.76562162,41.77584211,41.79940541,41.84431579,41.87659459,41.916,41.98278947,42.02715789,42.04691892,42.07936842,42.11524324,42.14452632,42.15724324,42.14237838,42.12063158,42.07642105,42.01231579,41.8732973,41.76073684,41.61140541,41.43084211,41.18967568,40.91054054,40.57326316,40.19394595,39.74684211,39.20081081,38.62431579,38.02156757,37.45540541,36.89863158,36.3652973,35.83642105,35.29210811,34.56075676,33.59731579,32.28059459,30.35827027,27.86627027,25.09654054,22.28308108,19.74637838,17.68691892,16.21924324,15.19897297,14.48232432,14.04697297,13.76972973,13.61264865,13.54335135,13.53827027,13.57410811,13.67075676,13.8487027,14.15124324,14.57502703,15.10066667,15.69686486,16.32740541,16.98275676,17.696,18.39697297,19.11911111,19.83454054,20.53627027,21.22264865,21.91367568,22.586,23.22043243,23.83411111,24.42437838,24.99535135,25.53011111,26.044,26.5027027,26.97666667,27.40513514,27.802,28.16605405,28.50466667,28.83227027,29.12983333,29.38711111,29.67437838,29.88666667,30.10088889,30.33513514,30.48061111,30.628,30.80755556,30.9515,31.049,31.10416667,31.18055556,31.24983333,31.22344444,31.18738889,31.126,31.04822222,30.96188571,30.866,30.736,30.58511111,30.40622857,30.20833333,30.00457143,29.744,29.50554286,29.22188889,28.91177778,28.54108571,28.15894444,27.82582857,27.43268571,27.0648,26.77,26.48982857,26.33733333,26.19954286,26.12142857,26.08233333,26.038,26.02828571,26.01866667,25.99565714,25.91062857,25.80142857,25.6128,25.32228571,24.8992,24.28737143,23.45474286,22.25717647,20.74171429,18.79942857,16.39702857,13.75668571,11.25251429,9.060971429,7.444285714,6.4268,5.9468125,5.085538462,4.485111111,4.144615385,3.958814815,3.86,3.785333333,3.758222222,3.758666667,3.805230769,3.874,3.980666667,4.102461538,4.264384615,4.445851852,4.645692308,4.862153846,5.105333333,5.382692308,5.674538462,5.981,6.290769231,6.614846154,6.950769231,7.281230769,7.619230769,7.979692308,8.3452,8.692,9.05248,9.402769231,9.748615385,10.07230769,10.42169231,10.77496,11.11664,11.49938462,11.85808,12.22096,12.58952,12.95032,13.3776,13.726,14.0884,14.4755,14.804,15.05312,15.30488,15.542,15.7636,16.0164,16.191,16.41104,16.554,16.64696,16.75128,16.77608333,16.83,16.91608333,17.0012,16.99466667,17.0695,17.05728,17.056,17.06408333,16.983,16.9015,16.777,16.60833333,16.4125,16.13558333,15.93408696,15.608,15.34425,15.125,14.89925,14.624,14.42175,14.21558333,13.89686957,13.63217391,13.37269565,13.11669565,12.94852174,12.74026087,12.38765217,12.03895652,11.78547826,11.40426087,11.15718182,10.98417391,10.81452174,10.698,10.6226087,10.51521739,10.33130435,9.876347826,9.415454545,9.024909091,8.718,8.433217391,8.188,7.889636364,7.744,7.528,7.380909091,7.213272727,7.136363636,7.005454545,6.745363636,6.609454545,6.302727273,6.109636364,5.943238095,5.773454545,5.684727273,5.512545455,5.37647619,5.329818182,5.305809524,5.345619048
45.26144737,45.46280702,45.67179825,45.8370614,45.93684211,46.04254386,46.13780702,46.18241228,46.25434211,46.29877193,46.32535088,46.33701754,46.34649123,46.33583333,46.33197368,46.30421053,46.2445614,46.19900901,46.11096491,46.08675439,46.01622807,45.94096491,45.86640351,45.7227193,45.60298246,45.39482456,45.07355263,44.59210526,43.96030702,43.26995495,42.70464912,42.30035088,42.14061404,42.03833333,41.97171053,41.91736842,41.85783784,41.78157895,41.72017544,41.73081081,41.74530702,41.76207207,41.80894737,41.84905405,41.89583333,41.96381579,42.02087719,42.0481982,42.08052632,42.1177027,42.14289474,42.15572072,42.13274775,42.09859649,42.03587719,41.95921053,41.79986486,41.66263158,41.48743243,41.27394737,40.97247748,40.63887387,40.24859649,39.79918919,39.27017544,38.63513514,37.95245614,37.24779279,36.58004505,35.9304386,35.31306306,34.70350877,34.06711712,33.22238739,32.12552632,30.63324324,28.49202703,25.77626126,22.80193694,19.86716216,17.28112613,15.23671171,13.81481982,12.83959459,12.16927928,11.76072072,11.50337838,11.35653153,11.28824324,11.28283784,11.31720721,11.40468468,11.57400901,11.85608108,12.24887387,12.74041667,13.30513514,13.90783784,14.54054054,15.22888889,15.92153153,16.6275,17.34747748,18.04792793,18.74346847,19.44094595,20.125,20.77481982,21.4037963,22.00495495,22.59815315,23.15574074,23.68944444,24.17414414,24.67166667,25.12333333,25.54583333,25.93986486,26.31333333,26.66837838,26.99805556,27.2950463,27.61445946,27.86407407,28.11564815,28.37472973,28.55310185,28.735,28.92972222,29.09532407,29.21208333,29.30175926,29.39319444,29.47472222,29.47898148,29.46236111,29.41333333,29.33180556,29.2322381,29.09981481,28.95166667,28.79333333,28.62366667,28.43606481,28.2197619,27.94833333,27.66938095,27.33152778,26.9637037,26.54647619,26.12453704,25.75019048,25.32028571,24.92414286,24.59916667,24.294,24.11611111,23.96680952,23.87866667,23.84,23.80166667,23.79238095,23.78194444,23.75795238,23.66119048,23.543,23.35409524,23.05961905,22.619,21.98657143,21.12590476,19.90058824,18.3652381,16.43571429,14.11366667,11.6577619,9.403333333,7.531428571,6.214285714,5.438380952,4.844479167,4.090897436,3.638395062,3.382435897,3.254753086,3.191666667,3.151296296,3.152777778,3.166111111,3.207692308,3.258703704,3.342222222,3.429230769,3.544551282,3.68308642,3.837179487,4.003974359,4.190308642,4.406794872,4.631858974,4.870833333,5.112115385,5.366794872,5.629871795,5.891153846,6.162179487,6.452884615,6.759266667,7.046666667,7.347266667,7.631217949,7.916282051,8.176153846,8.465897436,8.757,9.035533333,9.362948718,9.668533333,9.977933333,10.30433333,10.62046667,11.0026,11.32233333,11.672,12.02145833,12.32686667,12.5634,12.79593333,13.04,13.261,13.52353333,13.72875,13.95486667,14.118,14.24033333,14.3484,14.38965278,14.45,14.54215278,14.63426667,14.63833333,14.71916667,14.7176,14.724375,14.71340278,14.66819444,14.59729167,14.48541667,14.35472222,14.18763889,13.90402778,13.6815942,13.35666667,13.06458333,12.79666667,12.50666667,12.22291667,12.03083333,11.86659722,11.60014493,11.37608696,11.11181159,10.84630435,10.65891304,10.46992754,10.14797101,9.860507246,9.644782609,9.319710145,9.133030303,8.955507246,8.836014493,8.79030303,8.774710145,8.697246377,8.535362319,8.109130435,7.677727273,7.315530303,7.025,6.770217391,6.533333333,6.325454545,6.181666667,5.998939394,5.897121212,5.805909091,5.662272727,5.605606061,5.388636364,5.278939394,5.033181818,4.832045455,4.699206349,4.554318182,4.445606061,4.366439394,4.299047619,4.271060606,4.102301587,4.228888889
43.01678947,43.00476923,43.06431579,43.24621053,43.41738462,43.60373684,43.75446154,43.83810526,43.96842105,44.05353846,44.117,44.16084211,44.19715789,44.20892308,44.208,44.17568421,44.12968421,44.08052632,43.99431579,43.94902564,43.85773684,43.74073684,43.629,43.46178947,43.28784211,42.96242105,42.45421053,41.69968421,40.76363158,39.83247368,39.09868421,38.62047368,38.42178947,38.30205263,38.22884211,38.16315789,38.09663158,38.02747368,37.96905263,37.99394595,38.02357895,38.08336842,38.16372973,38.23452632,38.31610526,38.41454054,38.49357895,38.55859459,38.62715789,38.68913514,38.744,38.77505263,38.76684211,38.73248649,38.66505263,38.57063158,38.37305263,38.17686486,37.91551351,37.60957895,37.20989189,36.73105263,36.17345946,35.54457895,34.81252632,33.96189189,33.06432432,32.17583784,31.33064865,30.52642105,29.78081081,29.04789474,28.26297297,27.22751351,25.86363158,24.04697297,21.5827027,18.66486486,15.74289474,13.03156757,10.88697297,9.318864865,8.291297297,7.611567568,7.152052632,6.875666667,6.690736842,6.579,6.518736842,6.499777778,6.509243243,6.557243243,6.666432432,6.856810811,7.128162162,7.462108108,7.8585,8.299135135,8.764540541,9.284666667,9.827081081,10.39135135,10.9825,11.586,12.17805405,12.815,13.43637838,14.05248649,14.65756757,15.26,15.85066667,16.41427027,16.97081081,17.48355556,17.99935135,18.48118919,18.93422222,19.35935135,19.76043243,20.14666667,20.50886486,20.829,21.16822222,21.44032432,21.70044444,21.97477778,22.19227778,22.39227778,22.5975,22.77821622,22.91366667,23.028,23.13588889,23.234,23.22577778,23.21133333,23.169,23.08733333,23.00133333,22.89933333,22.75533333,22.58222222,22.413,22.19933333,21.94244444,21.65125714,21.35983333,20.99511111,20.61022857,20.185,19.74933333,19.31933333,18.88433333,18.47091429,18.12677778,17.8436,17.6384,17.494,17.40262857,17.36148571,17.34011111,17.33688889,17.32457143,17.29544444,17.21697143,17.12044444,16.9436,16.64388889,16.23502857,15.63068571,14.83416667,13.74914286,12.40342857,10.87411429,9.100571429,7.325142857,5.832,4.713657143,4.012742857,3.661428571,3.442193548,2.599703704,2.382888889,2.273925926,2.209555556,2.177692308,2.152888889,2.151555556,2.151555556,2.168518519,2.183851852,2.216296296,2.254,2.297230769,2.348076923,2.401185185,2.461076923,2.534,2.618461538,2.708384615,2.808923077,2.911307692,3.009153846,3.103,3.208538462,3.324307692,3.461538462,3.606461538,3.761076923,3.91584,4.065846154,4.218846154,4.363076923,4.5324,4.702,4.88752,5.086,5.283384615,5.5012,5.7196,5.94736,6.21488,6.474615385,6.73728,7.012,7.21752,7.38824,7.56376,7.7228,7.885083333,8.0664,8.22192,8.39608,8.54,8.61776,8.7112,8.71,8.745583333,8.80112,8.843666667,8.85816,8.904416667,8.90475,8.93344,8.944,8.926833333,8.89,8.847,8.76975,8.654333333,8.458956522,8.297333333,8.080434783,7.877391304,7.709,7.514,7.339,7.213391304,7.084583333,6.919913043,6.760956522,6.603304348,6.435130435,6.303826087,6.149652174,5.944956522,5.717913043,5.542608696,5.330869565,5.21173913,5.105217391,5.073130435,5.071913043,5.140909091,5.231363636,5.188545455,4.918,4.562434783,4.286434783,4.074,3.879909091,3.761304348,3.676545455,3.586,3.509636364,3.501,3.465619048,3.472909091,3.457818182,3.329818182,3.281454545,3.141809524,3.043454545,2.956636364,2.861090909,2.832,2.809142857,2.720909091,2.751904762,2.692,2.771142857
49.36594737,49.51605263,49.70284211,49.84015789,49.93752632,50.02415789,50.09873684,50.13363158,50.18942105,50.21368421,50.23421053,50.24642105,50.24868421,50.229,50.224,50.22089474,50.17310526,50.13594595,50.05926316,50.05821053,50.00810526,49.94210526,49.88368421,49.77631579,49.69694737,49.53063158,49.29642105,48.93978947,48.48073684,47.97416216,47.55978947,47.22852632,47.08463158,46.96832432,46.86836842,46.77268421,46.6807027,46.59021053,46.50705263,46.49448649,46.48636842,46.50135135,46.54263158,46.57491892,46.621,46.69768421,46.75084211,46.77183784,46.79921053,46.83416216,46.85557895,46.86075676,46.84956757,46.81978947,46.76452632,46.71936842,46.59372973,46.48715789,46.36502703,46.20621053,45.98578378,45.73805405,45.44221053,45.11313514,44.71378947,44.22037838,43.68642105,43.12735135,42.61064865,42.08957895,41.58497297,41.08778947,40.56394595,39.87486486,38.99842105,37.77189189,35.96162162,33.58627027,30.86167568,27.9912973,25.30583784,23.03535135,21.31756757,20.05810811,19.12648649,18.50832432,18.09205405,17.82162162,17.67459459,17.61718919,17.62648649,17.7147027,17.89637838,18.21864865,18.66783784,19.2265,19.86097297,20.53702703,21.23205405,21.978,22.71183784,23.44822222,24.18686486,24.88643243,25.562,26.24145946,26.88466667,27.48416216,28.05744444,28.59556757,29.11940541,29.60611111,30.07516667,30.48983784,30.927,31.31967568,31.69466667,32.04827027,32.38466667,32.71810811,33.03683333,33.324,33.64578378,33.89577778,34.15077778,34.41654054,34.59544444,34.7785,34.98916667,35.16605556,35.28766667,35.38211111,35.49044444,35.58316667,35.57711111,35.53361111,35.4455,35.31116667,35.136,34.952,34.77533333,34.61977778,34.47285714,34.33522222,34.17371429,33.95133333,33.72491429,33.43822222,33.11488889,32.73365714,32.37416667,32.08,31.7088,31.36382857,31.087,30.83394286,30.724,30.64068571,30.62628571,30.64133333,30.648,30.67085714,30.69933333,30.71171429,30.63537143,30.57222857,30.44577143,30.22874286,29.8828,29.35371429,28.60314286,27.47823529,25.98857143,24.00114286,21.47611429,18.53428571,15.52685714,12.6368,10.29902857,8.640857143,8.0921875,6.800461538,5.791333333,5.161923077,4.80162963,4.604,4.466666667,4.437555556,4.452666667,4.546461538,4.676222222,4.861333333,5.082923077,5.348230769,5.654592593,5.988461538,6.342461538,6.722592593,7.149692308,7.588692308,8.045,8.485230769,8.939,9.396923077,9.830769231,10.256,10.68761538,11.11608,11.504,11.90392,12.25476923,12.61030769,12.92784615,13.26430769,13.5944,13.908,14.26276923,14.594,14.93624,15.292,15.62864,16.06344,16.4204,16.808,17.228,17.59176,17.8976,18.20312,18.50066667,18.77944,19.10592,19.346,19.62728,19.8364,19.99344,20.17528,20.25333333,20.382,20.54566667,20.69824,20.75933333,20.8995,20.92928,20.98025,21.00975,20.96233333,20.89375,20.733,20.533,20.25083333,19.83683333,19.47034783,18.9825,18.54425,18.112,17.6855,17.2715,17.0505,16.87225,16.59252174,16.31069565,15.96556522,15.64504348,15.48695652,15.28573913,14.97052174,14.65330435,14.4493913,14.07356522,13.89618182,13.68817391,13.51408696,13.42218182,13.32843478,13.19208696,13.01330435,12.52913043,12.01345455,11.56545455,11.168,10.80304348,10.467,10.12009091,9.864,9.567454545,9.344,9.099272727,8.908181818,8.713909091,8.331818182,8.100181818,7.736,7.472272727,7.240952381,6.926818182,6.777090909,6.615818182,6.417428571,6.362363636,6.25,6.330190476
42.43515789,42.67978947,42.95326316,43.20821053,43.38847368,43.54857895,43.67457895,43.75421053,43.86210526,43.93089474,43.98147368,44.02352632,44.05073684,44.055,44.05763158,44.04957895,43.99757895,43.96594595,43.86536842,43.83978947,43.76631579,43.67473684,43.58136842,43.43442105,43.31994737,43.092,42.73673684,42.19184211,41.47184211,40.65443243,39.95673684,39.42557895,39.20894737,39.06913514,38.99157895,38.93036842,38.87232432,38.79747368,38.72115789,38.74162162,38.76768421,38.80454054,38.86947368,38.93545946,39.005,39.08821053,39.154,39.19962162,39.25968421,39.31913514,39.36810526,39.39572973,39.38637838,39.36178947,39.30652632,39.23021053,39.06443243,38.91621053,38.71654054,38.48115789,38.15854054,37.772,37.32368421,36.80675676,36.21157895,35.49762162,34.73810526,33.94118919,33.18340541,32.44515789,31.75875676,31.09568421,30.41562162,29.53437838,28.39905263,26.87254054,24.7312973,22.02556757,19.07691892,16.22502703,13.75535135,11.83978378,10.53556757,9.651783784,9.058,8.695081081,8.461081081,8.328972973,8.259891892,8.240864865,8.250864865,8.310216216,8.425459459,8.632972973,8.937297297,9.329,9.787297297,10.28621622,10.8152973,11.40533333,12.00659459,12.626,13.2747027,13.91751351,14.55740541,15.22140541,15.87511111,16.50691892,17.12822222,17.73016216,18.33037838,18.89544444,19.445,19.95140541,20.466,20.93578378,21.38383333,21.80178378,22.188,22.56356757,22.91483333,23.21927778,23.55086486,23.81777778,24.07522222,24.34254054,24.53633333,24.729,24.92944444,25.11016667,25.23366667,25.32322222,25.41488889,25.48533333,25.483,25.46055556,25.4095,25.32766667,25.22142857,25.09844444,24.95066667,24.78377778,24.59771429,24.39583333,24.17028571,23.89733333,23.6256,23.29633333,22.93611111,22.52794286,22.11255556,21.72874286,21.29651429,20.88754286,20.543,20.23685714,20.05866667,19.91005714,19.82377143,19.78166667,19.75,19.748,19.747,19.72462857,19.63937143,19.53565714,19.34988571,19.06805714,18.6504,18.05125714,17.22902857,16.09788235,14.67742857,12.94142857,10.93028571,8.883885714,7.076914286,5.672057143,4.756514286,4.272971429,3.667875,3.052615385,2.812518519,2.676692308,2.610444444,2.58,2.564222222,2.560666667,2.574,2.595538462,2.622,2.663333333,2.704923077,2.766384615,2.83962963,2.918923077,3.000307692,3.102518519,3.227076923,3.356384615,3.504,3.645846154,3.793692308,3.950153846,4.107692308,4.285076923,4.477769231,4.684,4.882,5.09168,5.293538462,5.496615385,5.693307692,5.912,6.14432,6.36832,6.626615385,6.87256,7.1384,7.40408,7.67232,7.99,8.2656,8.5532,8.848,9.09288,9.28376,9.46168,9.639333333,9.8176,10.00632,10.1765,10.354,10.4828,10.5716,10.65008,10.66625,10.716,10.78583333,10.85888,10.875,10.9205,10.93432,10.94575,10.95158333,10.91258333,10.883,10.785,10.66833333,10.51833333,10.29425,10.09408696,9.8285,9.60375,9.385,9.1785,8.9475,8.795,8.655166667,8.434695652,8.242869565,8.053391304,7.850521739,7.711826087,7.540086957,7.275913043,7.027652174,6.84,6.608956522,6.444272727,6.33973913,6.249043478,6.266545455,6.300173913,6.293565217,6.18626087,5.863217391,5.506,5.193545455,4.952,4.771217391,4.612,4.457545455,4.368,4.271636364,4.232727273,4.149454545,4.117272727,4.095272727,3.951,3.873363636,3.683636364,3.594454545,3.41552381,3.359363636,3.269272727,3.243181818,3.232761905,3.173454545,3.121904762,3.242
42.50442105,42.73947368,42.974,43.17126316,43.30810526,43.43710526,43.54278947,43.60094737,43.69121053,43.75678947,43.81236842,43.84310526,43.86926316,43.871,43.87436842,43.87263158,43.82757895,43.80848649,43.73189474,43.73115789,43.65936842,43.57578947,43.50652632,43.37936842,43.27447368,43.07489474,42.76568421,42.29621053,41.66357895,40.95913514,40.37431579,39.92968421,39.75389474,39.63016216,39.54015789,39.47215789,39.40518919,39.33842105,39.27421053,39.29562162,39.31294737,39.34551351,39.40778947,39.46378378,39.532,39.61221053,39.68031579,39.72567568,39.77878947,39.83513514,39.88126316,39.91059459,39.90810811,39.88557895,39.844,39.789,39.63762162,39.51442105,39.34497297,39.13368421,38.85297297,38.53194595,38.14157895,37.69216216,37.16936842,36.53972973,35.86631579,35.16454054,34.50237838,33.85978947,33.24897297,32.65494737,32.04432432,31.25481081,30.22326316,28.81637838,26.79713514,24.23454054,21.42372973,18.63535135,16.16989189,14.21475676,12.83605405,11.87794595,11.20275676,10.78297297,10.50281081,10.33335135,10.2407027,10.20702703,10.21632432,10.27708108,10.40918919,10.64227027,10.98443243,11.41283333,11.90594595,12.44064865,13.00454054,13.622,14.24783784,14.89066667,15.5507027,16.19664865,16.84043243,17.49632432,18.13822222,18.75156757,19.34888889,19.92864865,20.50535135,21.043,21.56666667,22.03821622,22.52366667,22.96745946,23.38933333,23.77897297,24.14133333,24.49610811,24.82566667,25.1135,25.43081081,25.67355556,25.91955556,26.17091892,26.34672222,26.53,26.72322222,26.88172222,26.99033333,27.06616667,27.14394444,27.20616667,27.191,27.15477778,27.0835,26.97688889,26.8556,26.73666667,26.57833333,26.41577778,26.23222857,26.05044444,25.85314286,25.60266667,25.36228571,25.0815,24.77144444,24.40331429,24.02922222,23.69794286,23.31257143,22.95131429,22.664,22.39131429,22.238,22.11297143,22.04354286,22.02783333,22.008,22.01485714,22.02333333,22.02171429,21.94948571,21.86371429,21.70257143,21.45331429,21.052,20.47222857,19.68154286,18.54764706,17.134,15.34085714,13.19222857,10.92377143,8.834457143,7.085085714,5.850057143,5.115257143,4.5061875,3.721692308,3.297259259,3.066307692,2.940074074,2.886,2.858666667,2.855555556,2.871333333,2.907076923,2.953555556,3.020666667,3.095076923,3.193153846,3.308666667,3.435230769,3.578307692,3.734222222,3.918,4.115153846,4.327,4.532230769,4.744846154,4.972769231,5.191692308,5.424923077,5.678384615,5.9392,6.186,6.4428,6.687,6.934923077,7.177076923,7.437230769,7.70808,7.97272,8.266769231,8.54824,8.84264,9.1432,9.42912,9.78168,10.0724,10.3828,10.70025,10.96496,11.1776,11.36608,11.56866667,11.7552,11.97664,12.141,12.32904,12.4636,12.56832,12.65992,12.69183333,12.766,12.84816667,12.93784,12.96166667,13.0265,13.02384,13.02825,13.02716667,12.96008333,12.879,12.7445,12.599,12.43683333,12.19091667,12.01904348,11.73,11.463,11.229,10.999,10.7665,10.595,10.42308333,10.19130435,9.987391304,9.76,9.539652174,9.413043478,9.238,8.945652174,8.699217391,8.483478261,8.197304348,8.036909091,7.891826087,7.79826087,7.771818182,7.758782609,7.718173913,7.591478261,7.226173913,6.828363636,6.488909091,6.214,5.979217391,5.818,5.613,5.47,5.346363636,5.273090909,5.185090909,5.106909091,5.003363636,4.829,4.718545455,4.498181818,4.313818182,4.185428571,4.074181818,3.973636364,3.869272727,3.846095238,3.766727273,3.69952381,3.783428571
43.90717105,44.09717949,44.33894737,44.55960526,44.69519231,44.82131579,44.91288462,44.94723684,44.99526316,45.02615385,45.06026316,45.07868421,45.09151316,45.09692308,45.095,45.07868421,45.06342105,45.03407895,44.96907895,44.93557692,44.87907895,44.82151316,44.76625,44.67427632,44.58684211,44.43401316,44.19414474,43.83815789,43.37105263,42.87921053,42.46559211,42.16980263,42.02835526,41.95118421,41.90447368,41.85618421,41.81605263,41.75631579,41.70763158,41.72027027,41.74197368,41.78769737,41.82898649,41.86934211,41.91473684,41.97790541,42.01572368,42.04027027,42.06894737,42.10202703,42.11875,42.12703947,42.12644737,42.09533784,42.04375,41.97802632,41.84960526,41.74668919,41.62317568,41.47644737,41.25966216,40.99934211,40.6947973,40.34789474,39.94184211,39.45283784,38.91486486,38.37756757,37.84959459,37.32657895,36.83047297,36.34039474,35.80425676,35.10628378,34.16486842,32.87493243,31.01081081,28.56905405,25.84559211,22.97290541,20.40067568,18.30216216,16.79810811,15.7525,15.04315789,14.61444444,14.35203947,14.21513889,14.17289474,14.19138889,14.25013514,14.37459459,14.59459459,14.95040541,15.42945946,16.00885135,16.655,17.34236486,18.04087838,18.7775,19.52195946,20.25432432,20.989375,21.71344595,22.3997973,23.10625,23.77162162,24.41263514,25.01804054,25.60597222,26.16,26.68148649,27.18135135,27.62666667,28.07148649,28.47641892,28.86027778,29.21452703,29.54837838,29.86166667,30.15304054,30.41666667,30.690625,30.9072973,31.12111111,31.34111111,31.49590278,31.63826389,31.79895833,31.9422973,32.03041667,32.09583333,32.16083333,32.22,32.16986111,32.12277778,32.03083333,31.91555556,31.79680556,31.66583333,31.51222222,31.35138889,31.22375,31.04722222,30.83555556,30.60685714,30.37979167,30.08583333,29.7735,29.41819444,29.09083333,28.7525,28.38222222,28.03021429,27.72680556,27.48528571,27.3125,27.205,27.14092857,27.10778571,27.08125,27.06611111,27.05614286,27.02902778,26.9415,26.85861111,26.688,26.40625,26.02657143,25.42871429,24.62826389,23.48392857,21.97321429,20.10207143,17.6675,14.9065,12.1205,9.596357143,7.615285714,6.290857143,5.54233871,4.567962963,3.806018519,3.365277778,3.1375,3.015384615,2.952685185,2.945925926,2.982962963,3.061203704,3.158981481,3.296944444,3.46,3.654807692,3.885480769,4.13,4.399423077,4.705,5.043365385,5.394423077,5.770480769,6.160673077,6.542596154,6.92125,7.301057692,7.686346154,8.094038462,8.487307692,8.888653846,9.2653,9.626730769,9.996057692,10.33019231,10.722,11.0976,11.4804,11.8876,12.26192308,12.653,13.0256,13.3991,13.8334,14.20298077,14.5631,14.9747,15.2761,15.5373,15.7954,16.0042,16.19916667,16.4265,16.5869,16.7728,16.9213,17.0045,17.1428,17.14,17.2284375,17.341,17.43458333,17.4599,17.5603125,17.561875,17.6093,17.63,17.591875,17.53666667,17.423125,17.286875,17.08395833,16.7725,16.5075,16.14380435,15.82108696,15.52375,15.2271875,14.89875,14.67315217,14.47895833,14.18902174,13.9298913,13.66902174,13.38652174,13.2298913,13.01456522,12.66663043,12.33108696,12.05478261,11.67054348,11.4426087,11.22315217,11.0423913,10.91597826,10.82795455,10.74193182,10.64625,10.22477273,9.714021739,9.261304348,8.8725,8.530113636,8.229021739,7.941136364,7.7025,7.444318182,7.305,7.079642857,6.938863636,6.794772727,6.486818182,6.338863636,5.991309524,5.767045455,5.514090909,5.346818182,5.195,5.003571429,4.827954545,4.759166667,4.626704545,4.670833333
47.75542105,47.96694737,48.25884211,48.49136842,48.64531579,48.783,48.88731579,48.93210526,48.99342105,49.02368421,49.04973684,49.07336842,49.06742105,49.049,49.02405263,49.00810526,48.95152632,48.90210811,48.79968421,48.75978947,48.676,48.57484211,48.48410526,48.348,48.222,47.99873684,47.66847368,47.18057895,46.56257895,45.91745946,45.394,44.99673684,44.82736842,44.69697297,44.58484211,44.48736842,44.39983784,44.30221053,44.21378947,44.20686486,44.202,44.21637838,44.26031579,44.29389189,44.338,44.40768421,44.45042105,44.48178378,44.51121053,44.5407027,44.56842105,44.57837838,44.56383784,44.53294737,44.47294737,44.39463158,44.2267027,44.09136842,43.9247027,43.72021053,43.44735135,43.12967568,42.74610526,42.30940541,41.80684211,41.20643243,40.56878947,39.90902703,39.30091892,38.698,38.12989189,37.56852632,36.98562162,36.20724324,35.18057895,33.77281081,31.75762162,29.19178378,26.33043243,23.46443243,20.88821622,18.78778378,17.25243243,16.15108108,15.35454054,14.82772973,14.46924324,14.24291892,14.11232432,14.05562162,14.05567568,14.12897297,14.2852973,14.57459459,14.97837838,15.482,16.05908108,16.6707027,17.31102703,18.00333333,18.69335135,19.39644444,20.09881081,20.78572973,21.47545946,22.13351351,22.78933333,23.41151351,24.01366667,24.58486486,25.14043243,25.66033333,26.166,26.62194595,27.086,27.51313514,27.91,28.28540541,28.63866667,28.98410811,29.30966667,29.60127778,29.91610811,30.156,30.40233333,30.66459459,30.84561111,31.0295,31.23288889,31.40277778,31.51783333,31.60166667,31.70305556,31.79333333,31.78816667,31.75394444,31.6945,31.59305556,31.47897143,31.344,31.209,31.05488889,30.89605714,30.73655556,30.54314286,30.28433333,30.03217143,29.72983333,29.38233333,28.98434286,28.59894444,28.26994286,27.87908571,27.49777143,27.188,26.90931429,26.78333333,26.6868,26.63588571,26.63116667,26.624,26.644,26.66133333,26.65822857,26.58337143,26.49817143,26.34274286,26.09531429,25.7128,25.13422857,24.32691429,23.15282353,21.65971429,19.72885714,17.33702857,14.68114286,12.09828571,9.787428571,8.028514286,6.8716,6.325375,5.319692308,4.618814815,4.207461538,3.978444444,3.85,3.759777778,3.730888889,3.734,3.790307692,3.872,3.982,4.111846154,4.279769231,4.478074074,4.687384615,4.928,5.184222222,5.471923077,5.779461538,6.095,6.405615385,6.738153846,7.069692308,7.394769231,7.728923077,8.077461538,8.4408,8.768,9.1088,9.427307692,9.741384615,10.03415385,10.34769231,10.66432,10.96824,11.31015385,11.6352,11.96544,12.30744,12.6388,13.03848,13.374,13.7336,14.11875,14.444,14.7008,14.96344,15.22733333,15.4656,15.74448,15.9605,16.20664,16.3792,16.50464,16.65512,16.70358333,16.794,16.8995,17.0364,17.05266667,17.167,17.1884,17.22175,17.25033333,17.204,17.1395,17.0265,16.88033333,16.67866667,16.3635,16.11217391,15.734,15.41525,15.115,14.7975,14.4965,14.30725,14.14833333,13.88026087,13.6353913,13.35895652,13.06652174,12.91234783,12.70173913,12.37669565,12.04313043,11.81982609,11.47530435,11.29327273,11.1093913,10.97173913,10.88818182,10.8366087,10.72834783,10.54982609,10.11469565,9.619090909,9.238,8.902,8.620173913,8.348,8.111636364,7.908,7.660909091,7.516363636,7.374727273,7.290363636,7.158,6.791454545,6.667272727,6.410727273,6.173545455,5.955047619,5.738545455,5.652545455,5.533727273,5.431238095,5.379636364,5.265238095,5.318095238
46.8747807,47.0247807,47.22605263,47.35403509,47.43407895,47.50026316,47.55530702,47.56530702,47.58328947,47.58578947,47.58372807,47.57421053,47.5447807,47.5075,47.46342105,47.41912281,47.34789474,47.28405405,47.18245614,47.12350877,47.04131579,46.95640351,46.8554386,46.72035088,46.59315789,46.40346491,46.12714912,45.71714912,45.17754386,44.59346847,44.11464912,43.76719298,43.61149123,43.49427928,43.40267544,43.32872807,43.25207207,43.18184211,43.11605263,43.11018018,43.09877193,43.1036036,43.12596491,43.13882883,43.165,43.21127193,43.24017544,43.25081081,43.26118421,43.28,43.28157895,43.27792793,43.25261261,43.20850877,43.13833333,43.07052632,42.92599099,42.79991228,42.64513514,42.46947368,42.22054054,41.93459459,41.60184211,41.23076577,40.78263158,40.24162162,39.66815789,39.06968468,38.49675676,37.94192982,37.40972973,36.88087719,36.32545045,35.59112613,34.6220614,33.30013514,31.36315315,28.84378378,26.03274775,23.15459459,20.54022523,18.4168018,16.89702703,15.84635135,15.11864865,14.67981982,14.40518018,14.25054054,14.19135135,14.19306306,14.23189189,14.33369369,14.5131982,14.82144144,15.25432432,15.7925,16.39644144,17.03067568,17.68842342,18.395,19.10022523,19.81731481,20.53414414,21.23198198,21.9277027,22.6031982,23.26203704,23.88824324,24.49388889,25.07364865,25.63387387,26.15814815,26.65361111,27.09855856,27.55111111,27.96423423,28.34930556,28.70157658,29.03444444,29.35531532,29.65013889,29.9024537,30.1672973,30.37407407,30.585,30.79738739,30.94060185,31.08708333,31.24458333,31.37810185,31.45638889,31.50513889,31.56300926,31.60902778,31.57550926,31.51986111,31.43,31.32069444,31.21057143,31.08703704,30.94305556,30.76888889,30.58471429,30.37782407,30.16119048,29.88222222,29.63147619,29.3562037,29.05101852,28.69142857,28.32708333,27.99871429,27.61033333,27.25671429,26.97,26.70461905,26.54666667,26.41257143,26.32085714,26.27375,26.23333333,26.21714286,26.20305556,26.17966667,26.09014286,25.98119048,25.81133333,25.53428571,25.11933333,24.52114286,23.69819048,22.52215686,21.03761905,19.14428571,16.74880952,14.11966667,11.654,9.500047619,7.911714286,6.918095238,6.176197917,5.2,4.597530864,4.248012821,4.065432099,3.99,3.930740741,3.94,3.962222222,4.033333333,4.121851852,4.244444444,4.376666667,4.546346154,4.742222222,4.944871795,5.170769231,5.422530864,5.699230769,5.995384615,6.303333333,6.605512821,6.919294872,7.24025641,7.547307692,7.864230769,8.213012821,8.561866667,8.888333333,9.226333333,9.536346154,9.843974359,10.14775641,10.47410256,10.80686667,11.118,11.48666667,11.82713333,12.17606667,12.52933333,12.86093333,13.269,13.59766667,13.939,14.309375,14.59853333,14.81473333,15.0272,15.22944444,15.4214,15.641,15.79916667,15.9862,16.10466667,16.19553333,16.27606667,16.28541667,16.33833333,16.42868056,16.50986667,16.52611111,16.61458333,16.6,16.61875,16.62930556,16.57277778,16.50375,16.37708333,16.24361111,16.04597222,15.74736111,15.5234058,15.19625,14.90666667,14.67083333,14.44125,14.16791667,13.98854167,13.81270833,13.53065217,13.28144928,13.01043478,12.76304348,12.62347826,12.43507246,12.09333333,11.75695652,11.50666667,11.15275362,10.9480303,10.75905797,10.62478261,10.57954545,10.55086957,10.48347826,10.30702899,9.843043478,9.353030303,8.964621212,8.641666667,8.345434783,8.113333333,7.864469697,7.681666667,7.505,7.371818182,7.222878788,7.093484848,6.956363636,6.687045455,6.559848485,6.269090909,6.070151515,5.899047619,5.710075758,5.588484848,5.432727273,5.334206349,5.27,5.174920635,5.313333333
49.08328947,49.35006579,49.65417763,49.92,50.12148026,50.29513158,50.43148026,50.49542763,50.574375,50.62447368,50.66881579,50.69953947,50.71644737,50.708125,50.70082237,50.68401316,50.63233553,50.59125,50.49328947,50.45664474,50.36914474,50.27210526,50.18638158,50.04236842,49.90450658,49.66710526,49.30855263,48.77651316,48.08776316,47.3402027,46.71736842,46.25585526,46.04769737,45.90260135,45.79608553,45.70634868,45.61760135,45.51125,45.41289474,45.40635135,45.41503289,45.45064189,45.51585526,45.57665541,45.649375,45.73733553,45.81006579,45.85773649,45.90717105,45.95530405,45.99309211,46.01131757,46.0072973,45.97756579,45.91736842,45.83664474,45.66804054,45.52256579,45.33290541,45.10625,44.79712838,44.43672297,44.00256579,43.51037162,42.93421053,42.24425676,41.51404605,40.74574324,40.02277027,39.32039474,38.64689189,37.99447368,37.30962838,36.42601351,35.27815789,33.72375,31.49682432,28.67452703,25.57790541,22.52084459,19.80375,17.62483108,16.06841216,14.97212838,14.19543919,13.70125,13.36820946,13.1585473,13.0485473,13.0089527,13.02023649,13.0914527,13.24540541,13.52358108,13.91817568,14.41354167,14.98243243,15.59375,16.23334459,16.93375,17.63476351,18.34666667,19.06790541,19.77327703,20.47388514,21.16858108,21.84888889,22.49310811,23.12229167,23.72320946,24.30550676,24.85951389,25.3896875,25.87648649,26.37125,26.83016892,27.26520833,27.67064189,28.05666667,28.44466216,28.80385417,29.13597222,29.49040541,29.77583333,30.05618056,30.34533784,30.56274306,30.77875,31.01350694,31.2090625,31.34427083,31.44836806,31.556875,31.65135417,31.65621528,31.63638889,31.576875,31.47010417,31.32860714,31.15013889,30.98104167,30.81069444,30.63167857,30.44503472,30.23839286,29.9675,29.68707143,29.34586806,28.95729167,28.51053571,28.07916667,27.70835714,27.27792857,26.85539286,26.4975,26.19217857,26.04166667,25.94121429,25.90532143,25.9040625,25.9075,25.92089286,25.93895833,25.93971429,25.86028571,25.76414286,25.60128571,25.34192857,24.9275,24.319,23.46217857,22.23551471,20.67482143,18.69303571,16.28110714,13.66210714,11.20167857,9.059642857,7.486535714,6.490357143,5.847148438,4.932307692,4.354074074,4.013509615,3.825185185,3.7275,3.66375,3.650277778,3.66,3.71375,3.78375,3.882916667,3.995384615,4.143990385,4.316064815,4.499903846,4.702403846,4.925787037,5.179471154,5.454711538,5.736875,6.015384615,6.304855769,6.600480769,6.890769231,7.188653846,7.499471154,7.81865,8.12375,8.4311,8.712692308,8.9975,9.25625,9.529134615,9.8091,10.07945,10.37903846,10.67275,10.9668,11.27345,11.57785,11.95235,12.27875,12.6185,12.9828125,13.3006,13.5488,13.80205,14.05291667,14.30065,14.58085,14.8128125,15.06795,15.26175,15.41525,15.55105,15.60692708,15.68125,15.8053125,15.9331,15.96208333,16.06125,16.087,16.12015625,16.13984375,16.09255208,16.0371875,15.9340625,15.7675,15.5521875,15.2246875,14.95179348,14.545,14.18734375,13.84875,13.50625,13.173125,12.9721875,12.83630208,12.59168478,12.36108696,12.08141304,11.80961957,11.64972826,11.47141304,11.16304348,10.88304348,10.68554348,10.3886413,10.20875,10.04711957,9.913913043,9.878409091,9.861684783,9.782880435,9.635923913,9.209456522,8.746477273,8.361022727,8.045,7.781141304,7.531875,7.286420455,7.10625,6.905681818,6.822613636,6.682159091,6.574886364,6.435965909,6.199488636,6.048977273,5.784431818,5.606022727,5.429285714,5.252102273,5.169772727,5.039261364,4.89172619,4.861022727,4.74875,4.859047619
47.10241228,47.33622807,47.59820175,47.83135965,47.98925439,48.11894737,48.2347807,48.29644737,48.37561404,48.41938596,48.47065789,48.51083333,48.53333333,48.53583333,48.54105263,48.54451754,48.50833333,48.47828829,48.41017544,48.39903509,48.33991228,48.2627193,48.19403509,48.07482456,47.98837719,47.80679825,47.53048246,47.10263158,46.53881579,45.89612613,45.32701754,44.88192982,44.66885965,44.51004505,44.39754386,44.30061404,44.20833333,44.11578947,44.0372807,44.03936937,44.04442982,44.07977477,44.1395614,44.20117117,44.27333333,44.37026316,44.44824561,44.49468468,44.54201754,44.59707207,44.64350877,44.66342342,44.66698198,44.64570175,44.60008772,44.54328947,44.40752252,44.29114035,44.15225225,43.97236842,43.71959459,43.41990991,43.06192982,42.65216216,42.1654386,41.57225225,40.92859649,40.24855856,39.59851351,38.96078947,38.35495495,37.76754386,37.16828829,36.40252252,35.40565789,34.04801802,32.09572072,29.52518018,26.58509009,23.55157658,20.75653153,18.44067568,16.73599099,15.51752252,14.64441441,14.08225225,13.70211712,13.46094595,13.33022523,13.27373874,13.27117117,13.33243243,13.4686036,13.72459459,14.10117117,14.59041667,15.14891892,15.7518018,16.37900901,17.06388889,17.75301802,18.45212963,19.16364865,19.85472973,20.54405405,21.2290991,21.8962963,22.53400901,23.15231481,23.74342342,24.32247748,24.86490741,25.38708333,25.85801802,26.34138889,26.78738739,27.21444444,27.61932432,27.99833333,28.3740991,28.7275,29.04300926,29.38202703,29.65666667,29.92546296,30.19945946,30.39731481,30.60166667,30.82018519,30.99657407,31.125,31.20805556,31.28907407,31.33972222,31.28842593,31.19902778,31.0725,30.89981481,30.71942857,30.53851852,30.35194444,30.16296296,29.98033333,29.78796296,29.5797619,29.31111111,29.05828571,28.7725463,28.45925926,28.09580952,27.73305556,27.41052381,27.04271429,26.69061905,26.415,26.15004762,26.01444444,25.90409524,25.85266667,25.85277778,25.85166667,25.88166667,25.91666667,25.92695238,25.87790476,25.81385714,25.68457143,25.45504762,25.08933333,24.53547619,23.75671429,22.61107843,21.14,19.22809524,16.87595238,14.23861905,11.65395238,9.330619048,7.571571429,6.404619048,5.756354167,4.802179487,4.171790123,3.793653846,3.601296296,3.481666667,3.418518519,3.396481481,3.395555556,3.448589744,3.521111111,3.620555556,3.743461538,3.892628205,4.073703704,4.265384615,4.474230769,4.712160494,4.981410256,5.266730769,5.558333333,5.853397436,6.157628205,6.465384615,6.760769231,7.062051282,7.375128205,7.684133333,7.97,8.257466667,8.516089744,8.784871795,9.043846154,9.335128205,9.635866667,9.9186,10.24846154,10.55293333,10.84746667,11.15473333,11.45466667,11.82,12.12133333,12.44466667,12.78208333,13.06186667,13.27426667,13.468,13.67555556,13.84906667,14.072,14.22583333,14.41673333,14.56133333,14.67006667,14.78886667,14.84590278,14.93333333,15.09645833,15.23206667,15.29944444,15.4275,15.47466667,15.54708333,15.59569444,15.55965278,15.50479167,15.3625,15.16194444,14.89694444,14.52048611,14.21057971,13.82833333,13.48354167,13.18666667,12.91729167,12.62583333,12.45916667,12.31145833,12.05963768,11.85731884,11.62318841,11.40086957,11.295,11.15384058,10.88101449,10.58731884,10.36623188,10.075,9.901515152,9.780797101,9.664855072,9.64969697,9.669565217,9.62884058,9.472826087,9.062971014,8.611363636,8.225227273,7.943333333,7.649927536,7.421666667,7.167424242,7.011666667,6.815,6.725,6.561515152,6.471060606,6.328484848,6.096742424,5.9525,5.678636364,5.520454545,5.328253968,5.163257576,5.054545455,4.922575758,4.855238095,4.812272727,4.697777778,4.793412698
42.29842105,42.49315789,42.76426316,42.97126316,43.11731579,43.24526316,43.35105263,43.39042105,43.45278947,43.47615789,43.50484211,43.52936842,43.54142105,43.531,43.53036842,43.52036842,43.47268421,43.44778378,43.368,43.34863158,43.28221053,43.21,43.14673684,43.02884211,42.94531579,42.78989474,42.54121053,42.17784211,41.68515789,41.12654054,40.65610526,40.272,40.12431579,40.00816216,39.92710526,39.86657895,39.80675676,39.73705263,39.65810526,39.66551351,39.67873684,39.69432432,39.73294737,39.77459459,39.814,39.87752632,39.91810526,39.94291892,39.97373684,40.00697297,40.03357895,40.04362162,40.03637838,40.01463158,39.97357895,39.90884211,39.77605405,39.66357895,39.53075676,39.36263158,39.13540541,38.87243243,38.55294737,38.18481081,37.76031579,37.24156757,36.68084211,36.09086486,35.52832432,34.97031579,34.43832432,33.92768421,33.40540541,32.712,31.81694737,30.58681081,28.80097297,26.44821622,23.75983784,20.98362162,18.43594595,16.34945946,14.83486486,13.76864865,13.01356757,12.54037838,12.22967568,12.03902703,11.94097297,11.90345946,11.91967568,11.992,12.13724324,12.39881081,12.77881081,13.25583333,13.81021622,14.40248649,15.01956757,15.69333333,16.36432432,17.052,17.74335135,18.41789189,19.08205405,19.75043243,20.40155556,21.01902703,21.61844444,22.18691892,22.75454054,23.28122222,23.78133333,24.22994595,24.694,25.11713514,25.514,25.88562162,26.22066667,26.55367568,26.8605,27.13077778,27.43275676,27.66288889,27.891,28.13302703,28.29655556,28.464,28.64494444,28.80277778,28.91233333,28.98216667,29.06133333,29.13066667,29.12383333,29.10283333,29.054,28.97405556,28.8816,28.76711111,28.62266667,28.48644444,28.34005714,28.18677778,28.00457143,27.767,27.53182857,27.24566667,26.92388889,26.55782857,26.18411111,25.86091429,25.47257143,25.10177143,24.792,24.50417143,24.35533333,24.23148571,24.16182857,24.13666667,24.104,24.11371429,24.12,24.10771429,24.03274286,23.93571429,23.77782857,23.52742857,23.1532,22.6008,21.8272,20.71952941,19.29628571,17.45914286,15.20617143,12.70834286,10.29257143,8.164628571,6.576457143,5.552971429,4.9374375,4.091846154,3.530444444,3.226384615,3.062518519,2.962,2.906666667,2.906666667,2.920666667,2.969076923,3.039555556,3.136666667,3.244615385,3.385461538,3.551407407,3.730461538,3.931076923,4.150888889,4.398230769,4.663615385,4.942,5.222307692,5.515384615,5.817846154,6.106923077,6.411846154,6.729384615,7.06832,7.37,7.69312,7.996,8.3,8.591307692,8.910307692,9.22728,9.53744,9.884153846,10.21056,10.54216,10.87744,11.19496,11.58976,11.91,12.2532,12.60775,12.90104,13.14896,13.37776,13.59266667,13.80472,14.04288,14.2175,14.42704,14.5732,14.68032,14.79552,14.834,14.908,15.00091667,15.11288,15.13033333,15.203,15.22704,15.24225,15.24266667,15.20108333,15.1365,15.0155,14.88466667,14.69816667,14.4335,14.2033913,13.87,13.57775,13.309,13.03725,12.752,12.55325,12.40041667,12.12852174,11.87478261,11.62443478,11.36791304,11.19826087,10.99408696,10.67182609,10.38043478,10.15,9.83426087,9.642909091,9.446347826,9.291304348,9.227272727,9.17173913,9.088434783,8.931478261,8.527217391,8.101818182,7.685090909,7.39,7.138869565,6.904,6.707272727,6.516,6.272181818,6.158,6.014363636,5.916181818,5.794090909,5.548909091,5.379636364,5.123454545,4.950818182,4.784095238,4.629181818,4.529818182,4.415272727,4.266190476,4.209090909,4.13752381,4.221142857
39.75631579,39.91005263,40.10521053,40.26231579,40.37415789,40.45436842,40.52036842,40.53357895,40.57068421,40.58636842,40.59621053,40.60147368,40.60342105,40.587,40.56568421,40.54289474,40.49421053,40.46848649,40.39115789,40.36547368,40.29873684,40.22926316,40.15421053,40.04294737,39.96721053,39.81268421,39.57978947,39.24321053,38.80657895,38.34281081,37.95684211,37.65315789,37.52473684,37.42902703,37.34710526,37.27884211,37.21454054,37.14957895,37.08642105,37.08913514,37.09126316,37.0992973,37.12347368,37.14659459,37.181,37.22321053,37.25347368,37.27783784,37.29542105,37.31562162,37.33168421,37.338,37.31410811,37.29252632,37.252,37.19736842,37.07356757,36.96915789,36.84810811,36.70189474,36.50237838,36.26794595,35.99084211,35.66751351,35.29557895,34.84086486,34.35578947,33.84794595,33.36621622,32.89589474,32.45605405,32.01989474,31.56610811,30.94664865,30.12052632,28.99037838,27.32535135,25.12427027,22.64886486,20.10956757,17.78913514,15.88805405,14.50881081,13.53583784,12.84848649,12.41518919,12.12881081,11.95367568,11.8647027,11.83259459,11.85313514,11.92297297,12.06589189,12.32843243,12.69924324,13.16616667,13.69081081,14.24983784,14.82637838,15.45,16.07302703,16.702,17.34205405,17.96097297,18.56254054,19.18394595,19.77488889,20.3372973,20.88444444,21.40194595,21.91648649,22.38833333,22.841,23.24740541,23.65866667,24.03821622,24.39016667,24.70978378,25.01133333,25.30318919,25.57033333,25.8045,26.06259459,26.24733333,26.42944444,26.62983784,26.765,26.897,27.04505556,27.16188889,27.22883333,27.25683333,27.30127778,27.33083333,27.29155556,27.24477778,27.1805,27.09527778,27.00988571,26.91311111,26.797,26.65977778,26.5028,26.33066667,26.14714286,25.913,25.70268571,25.46905556,25.21555556,24.89977143,24.59172222,24.31268571,23.97862857,23.67205714,23.428,23.2004,23.078,22.97285714,22.92017143,22.892,22.866,22.87285714,22.883,22.88028571,22.81822857,22.74062857,22.5996,22.36908571,22.0132,21.49434286,20.76845714,19.72282353,18.38971429,16.67657143,14.50571429,12.10148571,9.823142857,7.821314286,6.329828571,5.3932,4.7594375,3.936153846,3.379259259,3.061307692,2.888814815,2.808,2.759333333,2.753111111,2.765333333,2.814153846,2.887555556,2.984,3.091230769,3.229692308,3.391481481,3.568769231,3.761692308,3.97837037,4.219,4.474769231,4.74,5.006615385,5.280538462,5.568,5.843846154,6.125538462,6.432692308,6.74384,7.032,7.33168,7.603615385,7.891230769,8.159615385,8.464615385,8.77528,9.07136,9.407384615,9.72384,10.04048,10.35376,10.65712,11.02168,11.3176,11.6192,11.93225,12.19656,12.39032,12.5724,12.75533333,12.92648,13.11912,13.2445,13.4004,13.5104,13.5916,13.68496,13.71991667,13.772,13.87808333,13.96488,13.998,14.0735,14.09704,14.107,14.10466667,14.0675,13.99875,13.8855,13.741,13.55066667,13.2965,13.10243478,12.793,12.53525,12.323,12.09825,11.886,11.70525,11.52275,11.26078261,11.02626087,10.78930435,10.57973913,10.45747826,10.26991304,9.970521739,9.662782609,9.421565217,9.132695652,8.944090909,8.74373913,8.65626087,8.579818182,8.535478261,8.445478261,8.318086957,7.936347826,7.527454545,7.187636364,6.866,6.675913043,6.447,6.227090909,6.072,5.893454545,5.833090909,5.611090909,5.534363636,5.390181818,5.163363636,5.043545455,4.779818182,4.633,4.500380952,4.361,4.236181818,4.153909091,4.097333333,3.965090909,3.917904762,3.987047619
43.264,43.44126316,43.65731579,43.81626316,43.91626316,44.00989474,44.09563158,44.14731579,44.22231579,44.27663158,44.30684211,44.33484211,44.33889474,44.339,44.33747368,44.32636842,44.27421053,44.23281081,44.15663158,44.14852632,44.09610526,44.02147368,43.94505263,43.82357895,43.72852632,43.53363158,43.231,42.78168421,42.20126316,41.57745946,41.06347368,40.68789474,40.53894737,40.43351351,40.36005263,40.28931579,40.22054054,40.15757895,40.09547368,40.10086486,40.104,40.11735135,40.15526316,40.19156757,40.235,40.30078947,40.34810526,40.3807027,40.42136842,40.45924324,40.49042105,40.49713514,40.48783784,40.45884211,40.41042105,40.34431579,40.20713514,40.08410526,39.91924324,39.71726316,39.44659459,39.1372973,38.77357895,38.36037838,37.87273684,37.28827027,36.66657895,36.0287027,35.41891892,34.83621053,34.28767568,33.74568421,33.16735135,32.40713514,31.40342105,30.02778378,28.04794595,25.51843243,22.71762162,19.92810811,17.44021622,15.44367568,14.01437838,13.00627027,12.29183784,11.82837838,11.51913514,11.32254054,11.21637838,11.16918919,11.17513514,11.244,11.39091892,11.65481081,12.03156757,12.504,13.04367568,13.62578378,14.23562162,14.89866667,15.56151351,16.246,16.93562162,17.60789189,18.274,18.95345946,19.60733333,20.22897297,20.83688889,21.41859459,21.98794595,22.52011111,23.0325,23.49945946,23.975,24.41059459,24.82116667,25.1992973,25.548,25.8867027,26.199,26.47855556,26.78140541,27.02377778,27.255,27.49702703,27.67111111,27.842,28.0255,28.18572222,28.298,28.38244444,28.48105556,28.573,28.57266667,28.56172222,28.5185,28.44438889,28.36388571,28.26355556,28.13466667,27.992,27.84405714,27.67833333,27.48142857,27.235,26.99062857,26.69622222,26.37155556,25.99891429,25.61894444,25.28691429,24.89171429,24.53148571,24.248,23.98828571,23.832,23.7,23.63217143,23.60866667,23.578,23.58085714,23.586,23.57571429,23.49937143,23.40171429,23.23731429,22.97365714,22.5704,21.99154286,21.18702857,20.03752941,18.57657143,16.71542857,14.43794286,11.94788571,9.596628571,7.580171429,6.135771429,5.274914286,4.648625,3.810615385,3.347925926,3.090846154,2.955185185,2.882,2.851333333,2.849111111,2.858666667,2.888769231,2.935333333,3.002,3.070923077,3.172923077,3.296666667,3.432461538,3.585076923,3.75762963,3.967153846,4.186076923,4.425,4.666384615,4.921153846,5.191538462,5.456769231,5.734615385,6.038230769,6.34808,6.65,6.96944,7.264230769,7.571692308,7.860461538,8.166769231,8.4888,8.78336,9.128923077,9.4652,9.80072,10.14456,10.48192,10.88176,11.2288,11.5768,11.95625,12.27248,12.52224,12.774,13.024,13.25424,13.51328,13.717,13.9492,14.1116,14.22064,14.33752,14.37391667,14.444,14.54208333,14.62688,14.643,14.7165,14.71776,14.7495,14.75666667,14.70841667,14.63825,14.531,14.39733333,14.212,13.94975,13.73495652,13.4275,13.142,12.892,12.63725,12.3435,12.1595,11.98866667,11.72252174,11.476,11.21921739,10.96547826,10.79452174,10.56669565,10.25947826,9.947391304,9.696956522,9.382434783,9.155454545,8.982956522,8.832695652,8.757272727,8.712869565,8.628,8.447478261,8.03573913,7.594181818,7.192181818,6.906,6.649478261,6.417,6.172181818,6.024,5.848,5.747636364,5.635818182,5.473272727,5.411454545,5.184272727,5.034909091,4.802909091,4.652181818,4.464095238,4.339727273,4.258727273,4.201818182,4.04952381,4.047090909,3.979619048,4.013619048
44.49480263,44.67802632,44.88868421,45.06776316,45.19111842,45.29769737,45.38585526,45.41552632,45.47046053,45.51078947,45.54302632,45.55835526,45.57815789,45.57,45.57,45.56592105,45.52697368,45.50506757,45.43631579,45.43171053,45.37684211,45.31565789,45.26223684,45.16934211,45.09769737,44.96460526,44.74914474,44.42453947,44.00315789,43.51114865,43.09355263,42.74986842,42.61315789,42.51027027,42.43493421,42.36796053,42.31101351,42.24657895,42.18605263,42.19243243,42.19953947,42.21290541,42.24855263,42.27952703,42.3125,42.36967105,42.39855263,42.4247973,42.45289474,42.47986486,42.50447368,42.51905405,42.51081081,42.48934211,42.44592105,42.39282895,42.27459459,42.17868421,42.06601351,41.92026316,41.71635135,41.47283784,41.18828947,40.86304054,40.48302632,40.00885135,39.505,38.96790541,38.46743243,37.965,37.49689189,37.03263158,36.5575,35.92716216,35.10486842,33.95777027,32.27418919,30.01986486,27.39756757,24.61952703,22.00864865,19.81918919,18.1872973,17.01162162,16.15554054,15.60581081,15.22939189,14.99317568,14.85939189,14.79310811,14.79939189,14.86155405,15.00851351,15.28797297,15.69878378,16.21708333,16.80932432,17.44182432,18.09925676,18.81,19.52040541,20.23944444,20.96486486,21.66560811,22.36222973,23.05675676,23.72666667,24.36378378,24.98652778,25.57114865,26.14993243,26.68472222,27.19541667,27.65067568,28.11875,28.54216216,28.93520833,29.30094595,29.6425,29.96817568,30.26333333,30.52486111,30.81310811,31.03194444,31.24263889,31.46783784,31.62354167,31.778125,31.95097222,32.10013889,32.20916667,32.28215278,32.36375,32.4375,32.41743056,32.38208333,32.31875,32.22527778,32.13028571,32.02833333,31.90333333,31.77055556,31.62864286,31.47208333,31.3025,31.06666667,30.84621429,30.57819444,30.28902778,29.94571429,29.60333333,29.30992857,28.94807143,28.61014286,28.34125,28.07921429,27.93083333,27.79735714,27.7215,27.69395833,27.6625,27.66607143,27.67875,27.67157143,27.59714286,27.51278571,27.35742857,27.10785714,26.732,26.17878571,25.41142857,24.29588235,22.83821429,20.9275,18.53028571,15.76257143,12.98221429,10.37807143,8.308642857,6.864571429,6.2178125,5.13,4.316111111,3.830865385,3.550925926,3.4025,3.309166667,3.291388889,3.308333333,3.379423077,3.49,3.6425,3.810384615,4.029423077,4.275277778,4.546346154,4.831923077,5.149074074,5.494230769,5.861057692,6.23875,6.623173077,7.016057692,7.420384615,7.808653846,8.199230769,8.607596154,9.0229,9.405,9.8019,10.1775,10.5525,10.92567308,11.32730769,11.731,12.1189,12.55442308,12.9641,13.3711,13.7768,14.1605,14.6246,14.9925,15.3825,15.781875,16.1358,16.3972,16.6353,16.86583333,17.0764,17.3221,17.485,17.676,17.801,17.912,18.0337,18.0625,18.15,18.27989583,18.3886,18.42083333,18.526875,18.5273,18.5640625,18.58270833,18.54385417,18.4903125,18.36,18.22958333,18.02416667,17.710625,17.49119565,17.139375,16.83375,16.57375,16.2975,15.98625,15.8003125,15.585625,15.26619565,15.00304348,14.72271739,14.42380435,14.27108696,14.05706522,13.66913043,13.30956522,13.0323913,12.63771739,12.38863636,12.12195652,11.96826087,11.84386364,11.73673913,11.57413043,11.425,10.93326087,10.44568182,10.02170455,9.67,9.344673913,9.04375,8.785909091,8.5575,8.257272727,8.119318182,7.879318182,7.720454545,7.527727273,7.179431818,6.998863636,6.678181818,6.426590909,6.233809524,5.986590909,5.836590909,5.717727273,5.512380952,5.404090909,5.242380952,5.322619048
44.23510526,44.46447368,44.71584211,44.90384211,45.03673684,45.16321053,45.25873684,45.30331579,45.36726316,45.41252632,45.44884211,45.46815789,45.47542105,45.465,45.45621053,45.43931579,45.38021053,45.34194595,45.25494737,45.22747368,45.15336842,45.06084211,44.97231579,44.84410526,44.73442105,44.53015789,44.21963158,43.75805263,43.15031579,42.4932973,41.96,41.56368421,41.39136842,41.26464865,41.17521053,41.09752632,41.02875676,40.95031579,40.88452632,40.88394595,40.88910526,40.9052973,40.94463158,40.98124324,41.022,41.08842105,41.12842105,41.16075676,41.19447368,41.23405405,41.26568421,41.27524324,41.25983784,41.23557895,41.19242105,41.12673684,40.9727027,40.83894737,40.6747027,40.47021053,40.20059459,39.87994595,39.50284211,39.07627027,38.56810526,37.97540541,37.34531579,36.69637838,36.08183784,35.48947368,34.92654054,34.37547368,33.802,33.04556757,32.04231579,30.67648649,28.70848649,26.18275676,23.41410811,20.65151351,18.18567568,16.20535135,14.78767568,13.78632432,13.07389189,12.61237838,12.30021622,12.10405405,11.99151351,11.94318919,11.94259459,12.00410811,12.14189189,12.3972973,12.76432432,13.22666667,13.75097297,14.32205405,14.91794595,15.566,16.22048649,16.88933333,17.56589189,18.22962162,18.90043243,19.56145946,20.21711111,20.84097297,21.45377778,22.03859459,22.61594595,23.15388889,23.66866667,24.13837838,24.615,25.0532973,25.46033333,25.83362162,26.18733333,26.52589189,26.83466667,27.103,27.39572973,27.62555556,27.84411111,28.08497297,28.24583333,28.4105,28.58522222,28.74161111,28.84283333,28.91677778,29.00011111,29.07466667,29.06688889,29.03794444,28.9825,28.89983333,28.81365714,28.70733333,28.58066667,28.43666667,28.27651429,28.1025,27.90285714,27.645,27.40245714,27.11422222,26.79722222,26.42257143,26.05383333,25.72297143,25.3392,24.9768,24.68,24.4088,24.25333333,24.12994286,24.0628,24.03266667,24.006,24.014,24.018,24.00822857,23.93062857,23.83702857,23.67165714,23.40582857,22.9932,22.40622857,21.59897143,20.44635294,19.004,17.17485714,14.90457143,12.45234286,10.16314286,8.177542857,6.731142857,5.8296,5.193,4.340307692,3.802074074,3.503307692,3.334296296,3.256,3.219555556,3.212666667,3.226666667,3.274307692,3.339777778,3.424666667,3.524769231,3.651461538,3.807259259,3.975076923,4.158307692,4.357555556,4.588384615,4.829846154,5.091,5.346384615,5.608538462,5.892307692,6.159692308,6.443846154,6.757384615,7.07816,7.38,7.69544,7.990230769,8.290307692,8.580461538,8.891384615,9.21832,9.52656,9.885076923,10.21864,10.56072,10.904,11.2432,11.64304,11.9776,12.3176,12.68275,12.98576,13.21528,13.4452,13.666,13.87416,14.10944,14.288,14.48696,14.6164,14.72664,14.822,14.848,14.908,14.99641667,15.09592,15.103,15.1855,15.1864,15.21925,15.22625,15.16658333,15.104,15.006,14.87566667,14.71516667,14.45825,14.26217391,13.9625,13.70525,13.471,13.23625,12.9775,12.789,12.60033333,12.32208696,12.07782609,11.84243478,11.60078261,11.43913043,11.21626087,10.88747826,10.56843478,10.3413913,9.981304348,9.780909091,9.608869565,9.460869565,9.395272727,9.336869565,9.264956522,9.091130435,8.691478261,8.236363636,7.867727273,7.578,7.31426087,7.097,6.884545455,6.698,6.516727273,6.415454545,6.276545455,6.205090909,6.075909091,5.796545455,5.695454545,5.442545455,5.256818182,5.092571429,4.931636364,4.784363636,4.764818182,4.619238095,4.536545455,4.425619048,4.563809524
43.15842105,43.36026316,43.61768421,43.80257895,43.93021053,44.05121053,44.14389474,44.19010526,44.29194737,44.34310526,44.37815789,44.40884211,44.436,44.439,44.43384211,44.43236842,44.39005263,44.36551351,44.28989474,44.29,44.22231579,44.14578947,44.07578947,43.95147368,43.86273684,43.677,43.38094737,42.94147368,42.37089474,41.72151351,41.19010526,40.78631579,40.62252632,40.49664865,40.40626316,40.32884211,40.25562162,40.17873684,40.11031579,40.12843243,40.14547368,40.17048649,40.22336842,40.26886486,40.329,40.40968421,40.47,40.51075676,40.56078947,40.61005405,40.64831579,40.67172973,40.66664865,40.64663158,40.60242105,40.54457895,40.4072973,40.28684211,40.13486486,39.94705263,39.68059459,39.37664865,39.01873684,38.604,38.11842105,37.52837838,36.89278947,36.24205405,35.62378378,35.01094737,34.434,33.86768421,33.29281081,32.53859459,31.55736842,30.20048649,28.24983784,25.73481081,22.93183784,20.112,17.57362162,15.52075676,14.0492973,13.01281081,12.27372973,11.80562162,11.49367568,11.29221622,11.18324324,11.14502703,11.14859459,11.21108108,11.34486486,11.59778378,11.95616216,12.41116667,12.93627027,13.5012973,14.09210811,14.74133333,15.39308108,16.05766667,16.73816216,17.39962162,18.05005405,18.71945946,19.36977778,19.98551351,20.58766667,21.16275676,21.73194595,22.26411111,22.7825,23.24302703,23.71933333,24.15459459,24.571,24.95518919,25.30933333,25.66172973,25.99116667,26.27161111,26.58178378,26.82711111,27.06544444,27.31291892,27.48544444,27.6625,27.85466667,28.01288889,28.11883333,28.19094444,28.26455556,28.33166667,28.30816667,28.2705,28.193,28.08233333,27.9632,27.83333333,27.69,27.52755556,27.354,27.17055556,26.97714286,26.72833333,26.49737143,26.21861111,25.91622222,25.56222857,25.19955556,24.88445714,24.51154286,24.16548571,23.882,23.6168,23.478,23.3644,23.30051429,23.28333333,23.27,23.28057143,23.298,23.29377143,23.23022857,23.14862857,22.99891429,22.74942857,22.3748,21.81382857,21.03062857,19.90141176,18.47771429,16.63828571,14.41142857,11.98834286,9.690285714,7.697542857,6.2388,5.327142857,4.7163125,3.902461538,3.404148148,3.100923077,2.947407407,2.856,2.797777778,2.792,2.786666667,2.824,2.884,2.968,3.058769231,3.183846154,3.323037037,3.475846154,3.645846154,3.835555556,4.054384615,4.284076923,4.523,4.769538462,5.026384615,5.287076923,5.545846154,5.815076923,6.096,6.38968,6.664,6.95408,7.213846154,7.488769231,7.746384615,8.027538462,8.32968,8.60904,8.925230769,9.22768,9.54048,9.84904,10.1524,10.52224,10.8332,11.1544,11.49175,11.77424,11.99416,12.20408,12.412,12.61672,12.84264,13.0155,13.20656,13.368,13.45992,13.57776,13.63366667,13.712,13.8125,13.91792,13.94,14.0195,14.03328,14.043,14.05466667,13.98991667,13.91925,13.7725,13.62566667,13.438,13.184,12.97617391,12.6575,12.365,12.122,11.871,11.5885,11.398,11.24733333,10.98513043,10.75069565,10.52947826,10.286,10.15147826,9.98973913,9.685478261,9.386695652,9.181826087,8.874173913,8.694454545,8.534956522,8.412782609,8.364363636,8.344695652,8.313391304,8.141217391,7.758956522,7.313636364,6.970727273,6.688,6.454956522,6.243,6.017636364,5.868,5.696181818,5.576727273,5.459454545,5.383818182,5.277909091,5.048909091,4.908090909,4.677272727,4.482272727,4.350380952,4.213727273,4.078545455,4.034545455,3.918095238,3.903454545,3.769047619,3.869238095
44.26197368,44.33354701,44.39587719,44.5954386,44.70794872,44.81188596,44.90217949,44.95078947,45.01807018,45.05487179,45.08614035,45.11245614,45.11969298,45.11782051,45.10833333,45.08184211,45.04701754,45.01333333,44.94903509,44.91816239,44.85078947,44.77035088,44.69833333,44.57600877,44.45789474,44.2547807,43.93982456,43.47578947,42.88587719,42.2854386,41.80350877,41.45890351,41.30320175,41.19846491,41.11929825,41.0395614,40.96921053,40.90491228,40.85157895,40.86396396,40.8722807,40.90434211,40.94675676,40.98701754,41.03526316,41.0968018,41.14263158,41.17108108,41.20526316,41.2377027,41.26166667,41.27166667,41.25938596,41.22454955,41.16785088,41.09131579,40.94192982,40.80828829,40.64477477,40.44666667,40.17774775,39.86631579,39.50108108,39.07907895,38.59535088,38.01382883,37.38513514,36.76063063,36.15220721,35.57377193,35.0218018,34.4822807,33.90481982,33.13153153,32.10241228,30.69864865,28.70117117,26.17540541,23.47109649,20.74351351,18.39662162,16.535,15.2181982,14.29927928,13.65127193,13.24467593,12.97232456,12.80240741,12.71245614,12.67925926,12.68851351,12.75653153,12.89945946,13.15135135,13.50765766,13.95382883,14.45666667,15.00342342,15.56531532,16.18055556,16.80022523,17.42882883,18.06944444,18.70612613,19.31887387,19.96416667,20.57486486,21.17216216,21.74468468,22.30560185,22.84,23.34963964,23.84135135,24.28222222,24.72621622,25.1359009,25.52018519,25.87905405,26.22036036,26.54333333,26.84063063,27.10305556,27.38050926,27.59599099,27.80685185,28.02925926,28.18435185,28.3325,28.50236111,28.64378378,28.72527778,28.78555556,28.84462963,28.89,28.82518519,28.76814815,28.67111111,28.55166667,28.44398148,28.33333333,28.19601852,28.01166667,27.85,27.65277778,27.42425926,27.17552381,26.94833333,26.67921296,26.39733333,26.06416667,25.73388889,25.39986111,25.04666667,24.72661905,24.45935185,24.23871429,24.07952381,23.97166667,23.908,23.87114286,23.85796296,23.86648148,23.85228571,23.83268519,23.7772381,23.70981481,23.56566667,23.30555556,22.96542857,22.42819048,21.6887037,20.66,19.33261905,17.72395238,15.67290476,13.42233333,11.24366667,9.341809524,7.889047619,6.944190476,6.388924731,5.529876543,4.972777778,4.633333333,4.451111111,4.33,4.264197531,4.254259259,4.257345679,4.305679012,4.358641975,4.443703704,4.543333333,4.669615385,4.811987179,4.964074074,5.133974359,5.328333333,5.537820513,5.753269231,5.996538462,6.23775641,6.480512821,6.721666667,6.959038462,7.208141026,7.481025641,7.742820513,8.010769231,8.266466667,8.513205128,8.767307692,8.998076923,9.279133333,9.5494,9.833666667,10.14546667,10.43217949,10.73466667,11.01893333,11.31386667,11.65753333,11.95365385,12.25266667,12.58946667,12.8292,13.03633333,13.23193333,13.39553333,13.55861111,13.74066667,13.87113333,14.03693333,14.152,14.2212,14.3376,14.32333333,14.39125,14.48166667,14.565,14.60113333,14.68458333,14.71208333,14.75673333,14.77833333,14.75958333,14.71,14.61,14.4825,14.30847222,14.02898551,13.80055556,13.50557971,13.24710145,13.03333333,12.81645833,12.57416667,12.39550725,12.22659722,11.98471014,11.78637681,11.57811594,11.38253623,11.27514493,11.1307971,10.84702899,10.57978261,10.36471014,10.04753623,9.866304348,9.701231884,9.615434783,9.559347826,9.535151515,9.528333333,9.463257576,9.107272727,8.695362319,8.341449275,8.071666667,7.794015152,7.611884058,7.399090909,7.241666667,7.053484848,6.975833333,6.817619048,6.751818182,6.653787879,6.449545455,6.338181818,6.086031746,5.927727273,5.744772727,5.615151515,5.555833333,5.42547619,5.348636364,5.251428571,5.166136364,5.246507937
46.91311404,46.80230769,46.8677193,47.0577193,47.2274359,47.35179825,47.43641026,47.46175439,47.51342105,47.54551282,47.57820175,47.5997807,47.6120614,47.60730769,47.60166667,47.57622807,47.55105263,47.51850877,47.44973684,47.40491453,47.33245614,47.24732456,47.18,47.06508772,46.95877193,46.76815789,46.47548246,46.03714912,45.49241228,44.94381579,44.49381579,44.15885965,44.00425439,43.91153509,43.83692982,43.765,43.69903509,43.62982456,43.56964912,43.58063063,43.59679825,43.6354386,43.68900901,43.74131579,43.7904386,43.86666667,43.91127193,43.93936937,43.97052632,43.99684685,44.025,44.035,44.01517544,43.98779279,43.93995614,43.86912281,43.7177193,43.59441441,43.45013514,43.27368421,43.02927928,42.73008772,42.38175676,41.9847807,41.52605263,40.96851351,40.36436937,39.76693694,39.18243243,38.61210526,38.07441441,37.53631579,36.95504505,36.18689189,35.16092105,33.75567568,31.75171171,29.1763964,26.36640351,23.47400901,20.93378378,18.88045045,17.41346847,16.38756757,15.66548246,15.22666667,14.94188596,14.77805556,14.70614035,14.69425926,14.73288288,14.83603604,15.0327027,15.3622973,15.8104955,16.3468018,16.955,17.60837838,18.26675676,18.97111111,19.67288288,20.38477477,21.09055556,21.78972973,22.44905405,23.14083333,23.79081081,24.42572072,25.03256757,25.61847222,26.16777778,26.69234234,27.19481982,27.63944444,28.09432432,28.51486486,28.90648148,29.27671171,29.6231982,29.95388889,30.25441441,30.53097222,30.82925926,31.05693694,31.27185185,31.49898148,31.67189815,31.82814815,32.005,32.15941441,32.24638889,32.30407407,32.35287037,32.395,32.32268519,32.24740741,32.13277778,31.98,31.84009259,31.69444444,31.52157407,31.33462963,31.18333333,30.99203704,30.76657407,30.52271429,30.29527778,30.00537037,29.70404762,29.35083333,29.00277778,28.66583333,28.30027778,27.96166667,27.67,27.43371429,27.25885714,27.16916667,27.12519048,27.10314286,27.09675926,27.10694444,27.10104762,27.0812963,27.01457143,26.93592593,26.77966667,26.51555556,26.14947619,25.56690476,24.77902778,23.64571429,22.16119048,20.33871429,17.98219048,15.32752381,12.66633333,10.25847619,8.34952381,7.046761905,6.283655914,5.359567901,4.575432099,4.11962963,3.879074074,3.734230769,3.652530864,3.638703704,3.661851852,3.729567901,3.822901235,3.955493827,4.119166667,4.311666667,4.527435897,4.767716049,5.02474359,5.32,5.635192308,5.961346154,6.312179487,6.671410256,7.024871795,7.37,7.715641026,8.061602564,8.434102564,8.788333333,9.134487179,9.466666667,9.775641026,10.10205128,10.40012821,10.75253333,11.08913333,11.43906667,11.8132,12.15878205,12.50933333,12.84246667,13.185,13.5878,13.91858974,14.25066667,14.6278,14.90986667,15.14246667,15.36086667,15.55266667,15.73048611,15.934,16.08313333,16.25806667,16.38853333,16.4672,16.6086,16.61166667,16.71027778,16.8326,16.9525,16.99633333,17.10243056,17.12291667,17.1778,17.205,17.17069444,17.10944444,16.98958333,16.826875,16.61618056,16.28173913,15.99111111,15.63688406,15.29195652,15.00583333,14.74145833,14.42791667,14.23673913,14.04576389,13.74673913,13.51,13.26123188,13.00971014,12.88898551,12.72782609,12.40427536,12.09181159,11.84376812,11.47384058,11.27115942,11.08376812,10.92833333,10.83695652,10.78848485,10.72,10.6269697,10.22090909,9.745797101,9.340797101,8.978333333,8.67219697,8.402898551,8.126515152,7.92,7.700606061,7.506666667,7.345555556,7.212272727,7.066060606,6.789848485,6.604166667,6.285396825,6.080151515,5.829469697,5.649242424,5.529166667,5.355238095,5.242424242,5.160634921,5.062045455,5.113571429
45.24315789,45.44315789,45.71575188,45.91823308,46.04887218,46.16330827,46.27,46.31462406,46.39093985,46.43240602,46.47278195,46.51406015,46.52830827,46.52642857,46.52221805,46.52056391,46.48481203,46.46405405,46.39984962,46.38172932,46.31962406,46.23789474,46.17210526,46.05879699,45.97270677,45.80033835,45.53530075,45.13447368,44.59368421,43.98305019,43.45736842,43.04338346,42.86338346,42.73671815,42.64319549,42.56101504,42.48254826,42.40706767,42.34917293,42.35355212,42.36597744,42.38988417,42.4487218,42.49320463,42.55142857,42.63815789,42.69428571,42.72548263,42.76575188,42.813861,42.84804511,42.86320463,42.85320463,42.82902256,42.79180451,42.73428571,42.59339768,42.47992481,42.33837838,42.16315789,41.91621622,41.6388417,41.29834586,40.90324324,40.4418797,39.88459459,39.28278195,38.65177606,38.04606178,37.45180451,36.88204633,36.33421053,35.78096525,35.05644788,34.1187218,32.83833977,30.99382239,28.57220077,25.81138996,22.96891892,20.35378378,18.19525097,16.61621622,15.49362934,14.69880309,14.18760618,13.84633205,13.63749035,13.52142857,13.47687259,13.48281853,13.54196911,13.67984556,13.93239382,14.3053668,14.77714286,15.32142857,15.90173745,16.50498069,17.16809524,17.83131274,18.50325397,19.18579151,19.85343629,20.52324324,21.18212355,21.83063492,22.44455598,23.04579365,23.62027027,24.19011583,24.71761905,25.22761905,25.67779923,26.13928571,26.5707722,26.9747619,27.35127413,27.70571429,28.04741313,28.37107143,28.64880952,28.95633205,29.19888889,29.42690476,29.67065637,29.8406746,30.01642857,30.21051587,30.37126984,30.47607143,30.54119048,30.61460317,30.66071429,30.61777778,30.53920635,30.43285714,30.29583333,30.15408163,30.01126984,29.8497619,29.68015873,29.5095102,29.32626984,29.12163265,28.86571429,28.62363265,28.35305556,28.05801587,27.71832653,27.37904762,27.07236735,26.71612245,26.38546939,26.115,25.85236735,25.71190476,25.59008163,25.52126531,25.50035714,25.48285714,25.49265306,25.50690476,25.508,25.44457143,25.36085714,25.21632653,24.97665306,24.61085714,24.06661224,23.30555102,22.20369748,20.78857143,18.95346939,16.69971429,14.16779592,11.68318367,9.435183673,7.713346939,6.563795918,5.940491071,4.995824176,4.351904762,3.979945055,3.787989418,3.681428571,3.606825397,3.59952381,3.611904762,3.674285714,3.753650794,3.868095238,3.994505495,4.154065934,4.342592593,4.544725275,4.764395604,5.009153439,5.286593407,5.572857143,5.875,6.170549451,6.479725275,6.794505495,7.098461538,7.403736264,7.726923077,8.047714286,8.345714286,8.645428571,8.924450549,9.211428571,9.486428571,9.796263736,10.12257143,10.43817143,10.79054945,11.1044,11.42851429,11.75948571,12.07228571,12.45034286,12.758,13.08057143,13.41678571,13.69582857,13.90211429,14.09125714,14.27095238,14.43897143,14.63737143,14.76428571,14.93177143,15.044,15.12,15.22177143,15.25678571,15.33714286,15.47136905,15.5916,15.64190476,15.75714286,15.80137143,15.83767857,15.88517857,15.84857143,15.78892857,15.6725,15.51095238,15.29357143,14.96934524,14.71490683,14.38178571,14.07339286,13.80857143,13.54821429,13.27178571,13.10035714,12.9489881,12.68006211,12.46204969,12.22552795,12.02645963,11.91391304,11.74565217,11.45763975,11.14534161,10.92161491,10.61242236,10.42707792,10.26490683,10.16360248,10.12649351,10.09006211,10.01869565,9.884782609,9.49136646,9.046493506,8.678636364,8.357142857,8.088074534,7.847857143,7.637792208,7.461428571,7.273506494,7.114675325,6.965064935,6.88,6.723701299,6.464545455,6.330779221,6.044415584,5.84512987,5.674557823,5.579545455,5.407922078,5.277467532,5.217619048,5.104935065,5.013197279,5.119659864
