variant,n_total,n_ok,n_fail,n_converged,median_rel_pls,ci_low_rel_pls,ci_high_rel_pls,wins_vs_pls,losses_vs_pls,ties_vs_pls,median_rel_ridge,median_rel_tabpfn_opt,median_fit_time_s
mkR-softmax_cv,3,3,0,3,0.9501912008142938,,,2,1,0,1.0032521489959032,1.3711549888766958,29.75516986846924
mkR-softmax_cv-snv,3,3,0,3,0.9773941544955874,,,2,1,0,1.0319741806421714,1.2286863189210202,19.12723660469055
mkR-softmax_cv-msc,3,3,0,3,0.9815090942772792,,,2,1,0,1.0363189084984517,1.2143369667157375,20.0029776096344
mkR-softmax_cv-asls,3,3,0,3,0.982879324139308,,,2,1,0,1.0377656552716494,1.409685455563933,15.030238628387451
MKM-reml,3,3,0,3,0.9915464156060816,,,2,1,0,1.0469167378454869,1.4221161502409756,46.26568126678467
MKM-reml-asls,3,3,0,3,1.0024409510452261,,,1,2,0,1.035215666108777,1.4377415355517664,52.26775598526001
MKM-reml-msc,3,3,0,3,1.025800854024731,,,1,2,0,1.071339326687779,1.369386344874896,27.15968656539917
MKM-reml-snv,3,3,0,3,1.0307190184421153,,,1,2,0,1.088276832469951,1.3652944515855427,40.49076509475708
