variant,n_paired,median_log_ratio,pvalue,holm_pvalue
MKM-reml,51,4.39866000879929e-05,0.6565476169823725,1.0
MKM-reml-asls,51,0.003161956429898265,0.6285711385552197,1.0
mkR-softmax_cv-snv,51,0.009306603491420169,0.8351803214161253,1.0
MKM-reml-msc,51,0.013840046983175456,0.8812099251033367,1.0
Ridge-raw,51,0.22279141437705105,0.9999971437198348,1.0
