variant,n_total,n_ok,n_fail,n_converged,median_rel_pls,ci_low_rel_pls,ci_high_rel_pls,wins_vs_pls,losses_vs_pls,ties_vs_pls,median_rel_ridge,median_rel_tabpfn_opt,median_fit_time_s
MKM-reml-msc,51,51,0,49,0.9821307404079693,0.9620627227626047,1.0245882193995832,29,22,0,1.0230632027877775,1.1185512341823274,6.435241222381592
MKM-reml,51,51,0,49,0.9838408550173968,0.9643702285911577,1.0125157125603998,30,21,0,1.001234270567908,1.0704457243361285,7.642018318176269
mkR-softmax_cv,51,51,0,51,0.9840861339612108,0.9629449544662181,1.020965028182539,27,24,0,1.004451434619276,1.0669160133619555,11.49904441833496
MKM-reml-asls,51,51,0,47,0.9875662947348827,0.9679352971516406,1.0047990399741304,29,22,0,1.0077841556177562,1.1134075026886132,8.569908857345581
mkR-softmax_cv-snv,51,51,0,51,0.9920373770843693,0.9744947597246046,1.014912851976086,29,22,0,1.0157429326382714,1.112679329785975,13.924699783325195
Ridge-raw,51,51,0,51,1.222233852174454,1.1072423415150463,1.3545790866583154,12,39,0,1.2443559597389884,1.3905839066556342,0.0067188739776611
