task,seed,cv,model,n_train,n_test,n_features,folded_operator,materialized_operator,operator_agreement,folded_hyperparameter,materialized_hyperparameter,hyperparameter_agreement,folded_test_rmse,materialized_test_rmse,max_abs_cv_score_diff,max_rel_cv_score_diff,max_abs_prediction_diff,max_rel_prediction_diff,max_abs_coef_diff,max_rel_coef_diff,folded_winner_margin,materialized_winner_margin,folded_time_s,materialized_time_s,materialized_over_folded_time,execution_order,parity_ok
ALPINE_P_291_KS,0,3,PLS,247,44,2151,detrend_d1,detrend_d1,True,20.0,20.0,True,0.06443490344907696,0.06443490344907665,3.3306690738754696e-15,3.3306690738754696e-15,7.965850201685498e-15,7.965850201685498e-15,4.813476006670925e-13,4.813476006670925e-13,0.0001454657806566062,0.00014546578065663396,5.473465167999166,3.3539669339988905,0.6127684804880084,materialized>folded,True
ALPINE_P_291_KS,0,3,Ridge,247,44,2151,detrend_d1,detrend_d1,True,0.00466061407910827,0.00466061407910827,True,0.060765777716153935,0.06076577771614766,2.6070035019643e-11,2.6070035019643e-11,1.1404210908949608e-12,1.1404210908949608e-12,6.300293620142838e-12,6.207908653861117e-12,0.00041955213313954465,0.00041955213318609075,14.580711308999525,0.9338211750000482,0.06404496702596903,folded>materialized,True
ALPINE_P_291_KS,1,3,PLS,247,44,2151,sg_smooth_w11_p2,sg_smooth_w11_p2,True,21.0,21.0,True,0.06010981587917257,0.060109815879172815,5.620504062164855e-15,5.620504062164855e-15,2.55351295663786e-15,2.55351295663786e-15,3.927067004916296e-14,3.927067004916296e-14,0.00023333249595983152,0.00023333249595992867,2.9690652400004183,1.7540188429993577,0.5907646687477675,folded>materialized,True
ALPINE_P_291_KS,1,3,Ridge,247,44,2151,detrend_d1,detrend_d1,True,0.008191078762380611,0.008191078762380611,True,0.060200038857082125,0.06020003885711891,1.449007580589523e-11,1.449007580589523e-11,1.1013412404281553e-12,1.1013412404281553e-12,3.166245043928484e-12,3.166245043928484e-12,0.0002148461774993532,0.00021484617749412127,7.567824400000973,0.5907482359998539,0.07806051049490234,materialized>folded,True
ALPINE_P_291_KS,2,3,PLS,247,44,2151,identity,identity,True,21.0,21.0,True,0.06271601869000308,0.06271601869000326,3.941291737419306e-15,3.941291737419306e-15,2.9698465908722937e-15,2.9698465908722937e-15,1.1299294833122531e-13,1.1299294833122531e-13,0.00011083651322559007,0.00011083651322568722,9.52747415399972,6.037364384001194,0.6336794292395591,materialized>folded,True
ALPINE_P_291_KS,2,3,Ridge,247,44,2151,detrend_d2,detrend_d2,True,0.00466061407910827,0.00466061407910827,True,0.059174144379760235,0.059174144379737226,3.1136204725612515e-11,3.1136204725612515e-11,6.590283874174929e-13,6.590283874174929e-13,1.9076962232134065e-12,1.6711267657022994e-12,0.0002963383988384971,0.0002963383988248691,25.902964585000518,1.8535927750017436,0.07155909775960907,folded>materialized,True
An_spxyG70_30_byCultivar_ASD,0,3,PLS,78,34,2101,sg_smooth_w21_p3,sg_smooth_w21_p3,True,5.0,5.0,True,3.9246641270925373,3.9246641270925346,3.8813396940895473e-13,5.380017252844928e-14,2.3092638912203256e-14,2.2631048660421515e-15,3.774758283725532e-15,2.1610425481649372e-15,0.0003637750494132064,0.00036377504941453864,4.2947140489995945,2.4214879989995097,0.5638298548802261,folded>materialized,True
An_spxyG70_30_byCultivar_ASD,0,3,Ridge,78,34,2101,identity,identity,True,0.19310147496220903,0.19310147496220903,True,3.7384267472738677,3.7384267472738384,1.936939497682033e-10,2.40802554917193e-11,5.258016244624741e-13,5.0096447514446354e-14,8.870681966755001e-14,6.042078626008387e-14,4.7042537417052444e-05,4.7042537445030064e-05,3.826655397999275,0.38127248300042993,0.0996359596946655,materialized>folded,True
An_spxyG70_30_byCultivar_ASD,1,3,PLS,78,34,2101,identity,identity,True,5.0,5.0,True,3.925501057800156,3.92550105780016,4.2543746303636e-13,5.992403251354826e-14,3.8191672047105385e-14,3.741066924784793e-15,3.1086244689504383e-15,1.7674433415933045e-15,4.784282996617151e-05,4.7842829966615597e-05,4.662343867001255,3.0525099749993387,0.6547157528650208,materialized>folded,True
An_spxyG70_30_byCultivar_ASD,1,3,Ridge,78,34,2101,identity,identity,True,0.19310147496220903,0.19310147496220903,True,3.7384267472738677,3.7384267472738384,2.837792223431279e-10,3.6947207481964897e-11,5.258016244624741e-13,5.0096447514446354e-14,8.870681966755001e-14,6.042078626008387e-14,0.00030745172788204655,0.000307451727879382,2.19754510599887,0.2287249540004268,0.1040820292498444,folded>materialized,True
An_spxyG70_30_byCultivar_ASD,2,3,PLS,78,34,2101,fd_d1,fd_d1,True,5.0,5.0,True,3.767457343281689,3.7674573432816887,1.4654943925052066e-13,2.100620911615824e-14,1.865174681370263e-14,1.777089483776118e-15,2.780886632081092e-12,2.4962147862230233e-14,0.010372781409754506,0.010372781409751841,9.377270713999678,4.738520492001044,0.5053197925625341,folded>materialized,True
An_spxyG70_30_byCultivar_ASD,2,3,Ridge,78,34,2101,identity,identity,True,0.10987215225407997,0.10987215225407997,True,3.800628666509356,3.8006286665091547,2.4923707542257034e-10,3.5706252170207623e-11,2.2168933355715126e-12,2.0352615079440064e-13,2.2160051571518125e-13,1.4404588808424493e-13,0.0004605707119842428,0.0004605707118283675,7.81924111599983,0.7513634599999932,0.09609160900059006,materialized>folded,True
An_spxyG70_30_byCultivar_MicroNIR,0,3,PLS,81,35,125,detrend_d1,detrend_d1,True,6.0,6.0,True,3.61939867371316,3.6193986737131545,2.239985974483716e-12,4.4102597782537805e-13,4.440892098500626e-14,4.2304948431491285e-15,9.173106718662893e-12,5.108444865042799e-14,0.00695199128068591,0.006951991280697456,0.4400512959982734,0.1628824760009593,0.37014429336346816,materialized>folded,True
An_spxyG70_30_byCultivar_MicroNIR,0,3,Ridge,81,35,125,detrend_d1,detrend_d1,True,2.0518962684589044e-05,2.0518962684589044e-05,True,3.430805580832829,3.4308055808327156,1.125335824525564e-09,2.629945531605203e-10,1.715783071176702e-11,1.5722762496109352e-12,4.737046310765436e-10,7.703689404672913e-13,0.0005717706168972825,0.0005717706174230841,0.37800499299919466,0.04026806300134922,0.10652786007362344,folded>materialized,True
An_spxyG70_30_byCultivar_MicroNIR,1,3,PLS,81,35,125,sg_d1_w11_p2,sg_d1_w11_p2,True,5.0,5.0,True,3.4252436646431494,3.4252436646431508,3.7339020764193265e-12,6.957099186556305e-13,3.6415315207705135e-14,3.4657002308831624e-15,2.05702122002549e-12,1.2323148210559133e-14,0.0010949075799548957,0.0010949075799548957,0.29468940700098756,0.1762991219984542,0.598254018672152,folded>materialized,True
An_spxyG70_30_byCultivar_MicroNIR,1,3,Ridge,81,35,125,detrend_d2,detrend_d2,True,3.779736496301698e-06,3.779736496301698e-06,True,3.573324875336413,3.573324875334141,2.0801720346241837e-09,5.049024930894123e-10,6.09698957987348e-11,4.974219002482578e-12,5.188695695323986e-09,4.1078930234310746e-12,0.010817931900737765,0.01081793189974567,0.2637555170003907,0.05436258099871338,0.2061097398718407,materialized>folded,True
An_spxyG70_30_byCultivar_MicroNIR,2,3,PLS,81,35,125,detrend_d2,detrend_d2,True,5.0,5.0,True,3.525626689488808,3.525626689488803,4.722444657545566e-12,7.931555028468886e-13,3.2862601528904634e-14,3.1835280234070467e-15,4.806821607417078e-12,2.5364788601803855e-14,0.0539415143412576,0.05394151434125716,0.63343359800092,0.3550602010000148,0.5605326306033723,materialized>folded,True
An_spxyG70_30_byCultivar_MicroNIR,2,3,Ridge,81,35,125,detrend_d2,detrend_d2,True,0.0001113907887662313,0.0001113907887662313,True,3.3798035121495964,3.3798035121494596,2.3201245369364187e-09,4.601275352878e-10,3.4994229736184934e-12,3.5912493093424986e-13,3.680611371237319e-11,1.534550989607031e-13,0.01212942051195487,0.012129420511965971,0.40112574900012987,0.05699611199997889,0.1420903847286065,folded>materialized,True
An_spxyG70_30_byCultivar_MicroNIR_NeoSpectra,0,3,PLS,80,35,276,fd_d1,fd_d1,True,9.0,9.0,True,3.8018856192510464,3.8018856192510446,4.005684672847565e-13,7.007524386147829e-14,8.348877145181177e-14,5.801193606145984e-15,5.489653176482534e-11,7.781032274593345e-14,0.008088903894380106,0.008088903894374777,0.9766725240006053,0.32385005300056946,0.33158509637808625,folded>materialized,True
An_spxyG70_30_byCultivar_MicroNIR_NeoSpectra,0,3,Ridge,80,35,276,detrend_d1,detrend_d1,True,1.8378482530909068e-05,1.8378482530909068e-05,True,4.207648524981581,4.207648524984411,6.771596616772513e-10,1.4023946916080202e-10,8.36735125631094e-11,5.887022532717951e-12,3.238596946175676e-09,5.3140275580554175e-12,0.017100880506065064,0.017100880502269433,0.4617962089996581,0.059991531999912695,0.12990910455905694,materialized>folded,True
An_spxyG70_30_byCultivar_MicroNIR_NeoSpectra,1,3,PLS,80,35,276,fd_d1,fd_d1,True,8.0,8.0,True,3.818166551599643,3.818166551599647,2.2382096176443156e-13,4.182921600095986e-14,8.260059303211165e-14,5.79731127108489e-15,3.8060221640989766e-11,6.988581719428556e-14,0.05545549626415225,0.055455496264137594,0.5934691679995012,0.3277961210005742,0.5523389228551292,materialized>folded,True
An_spxyG70_30_byCultivar_MicroNIR_NeoSpectra,1,3,Ridge,80,35,276,detrend_d1,detrend_d1,True,5.6768258078571686e-05,5.6768258078571686e-05,True,3.977389771136721,3.9773897711376205,6.261631213533292e-10,1.281142088159468e-10,2.546585164964199e-11,1.852225859426773e-12,6.57905729894992e-10,1.983421932343911e-12,0.0014638412920753296,0.0014638412923813071,0.519455358000414,0.06209778799893684,0.11954403211466605,folded>materialized,True
An_spxyG70_30_byCultivar_MicroNIR_NeoSpectra,2,3,PLS,80,35,276,detrend_d1,detrend_d1,True,11.0,11.0,True,4.155925193060168,4.155925193060162,3.934630399271555e-13,7.780938832463509e-14,9.059419880941277e-14,5.711445362941452e-15,1.9671375639518374e-11,9.823239932705389e-14,0.06648568758560458,0.06648568758560458,1.0809464910016686,0.5929801229995064,0.5485749090595744,folded>materialized,True
An_spxyG70_30_byCultivar_MicroNIR_NeoSpectra,2,3,Ridge,80,35,276,detrend_d1,detrend_d1,True,1.8378482530909068e-05,1.8378482530909068e-05,True,4.207648524981581,4.207648524984411,6.685940689976633e-10,1.4020006330138885e-10,8.36735125631094e-11,5.887022532717951e-12,3.238596946175676e-09,5.3140275580554175e-12,0.0032534811718605283,0.0032534811704070243,0.8626779300011549,0.11283886499950313,0.13080068595165298,materialized>folded,True
An_spxyG70_30_byCultivar_NeoSpectra,0,3,PLS,82,37,257,identity,identity,True,8.0,8.0,True,5.19754388804677,5.197543888046769,2.353672812205332e-13,3.6545132530883995e-14,3.9968028886505635e-14,2.974965200765576e-15,9.343636975245317e-13,8.600766209767168e-15,0.02231478158257927,0.022314781582576604,0.9907115280002472,0.2881896710005094,0.29089160957097243,folded>materialized,True
An_spxyG70_30_byCultivar_NeoSpectra,0,3,Ridge,82,37,257,sg_d1_w21_p3,sg_d1_w21_p3,True,3.987345030102729e-06,3.987345030102729e-06,True,4.735071576275621,4.735071576275451,2.003717192167187e-09,3.7007207301776525e-10,2.3305801732931286e-12,2.0903635679905896e-13,3.9598546663910383e-11,1.9252003475333766e-13,0.008064212222873568,0.008064212222761658,0.4972331720000511,0.058008663001601235,0.11666289835062588,materialized>folded,True
An_spxyG70_30_byCultivar_NeoSpectra,1,3,PLS,82,37,257,fd_d1,fd_d1,True,7.0,7.0,True,4.779318078338027,4.779318078338018,1.0036416142611415e-13,1.754331617187413e-14,8.79296635503124e-14,7.397331768046018e-15,1.532640681034536e-11,4.674656459021252e-14,0.04400043319159863,0.044000433191596855,0.2866487590017641,0.14892197999870405,0.5195277332346223,materialized>folded,True
An_spxyG70_30_byCultivar_NeoSpectra,1,3,Ridge,82,37,257,detrend_d1,detrend_d1,True,3.804307855867646e-05,3.804307855867646e-05,True,4.895180487628496,4.895180487625265,3.2227642776661014e-10,6.61331136737904e-11,2.4101609596982598e-11,2.211774261372359e-12,4.948503828927642e-10,1.594016576660912e-12,0.012120575954038149,0.012120575954439161,0.25125461099923996,0.03360307799994189,0.13374113958069225,folded>materialized,True
An_spxyG70_30_byCultivar_NeoSpectra,2,3,PLS,82,37,257,detrend_d2,detrend_d2,True,4.0,4.0,True,5.066745887365795,5.066745887365795,2.007283228522283e-13,3.376746754828029e-14,2.1316282072803006e-14,1.81360739100697e-15,2.682298827494378e-13,9.378509545463675e-15,0.0198365465344037,0.019836546534403254,1.0228750160003983,0.5930565500002558,0.5797937584976901,folded>materialized,True
An_spxyG70_30_byCultivar_NeoSpectra,2,3,Ridge,82,37,257,detrend_d2,detrend_d2,True,0.0019704316211466835,0.0019704316211466835,True,4.6241496125141,4.624149612514158,1.2219700806781475e-09,2.3363886345082104e-10,9.379164112033322e-13,9.16828174045895e-14,1.893596390800667e-12,3.841504516276277e-14,0.008154433041895004,0.008154433041887899,0.8914855479997641,0.10867009700086783,0.12189776631229986,materialized>folded,True
Beef_Marbling_RandomSplit,0,3,PLS,554,278,331,detrend_d2,detrend_d2,True,16.0,16.0,True,73.18812571086617,73.18812571086373,2.2239987629291136e-11,2.086200632302654e-13,9.470113582210615e-11,1.6349696019156802e-13,1.6914691514102742e-07,7.389889246722099e-12,0.019089673436852195,0.01908967343696588,0.7295095689987647,0.46764291600084107,0.6410373981011247,folded>materialized,True
Beef_Marbling_RandomSplit,0,3,Ridge,554,278,331,detrend_d2,detrend_d2,True,3.741180524319172e-06,3.741180524319172e-06,True,73.15686611017156,73.15686610917193,1.0890295243370929e-07,1.0177060866656924e-09,4.6566128730773926e-08,7.973906475072748e-11,2.013148332480341e-06,1.0183041494819587e-10,0.01997858438076605,0.019978584089670903,2.854654472999755,0.5412756369987619,0.18961161223479825,materialized>folded,True
Beef_Marbling_RandomSplit,1,3,PLS,554,278,331,sg_smooth_w21_p3,sg_smooth_w21_p3,True,18.0,18.0,True,74.10045792148625,74.10045792148745,1.3159251466277055e-11,1.2285062714634387e-13,5.6274984672199935e-11,9.735262301097525e-14,2.3475877242162824e-08,1.0432658947537719e-12,0.1924025617538092,0.19240256175345394,0.817602237999381,0.5292052080003486,0.6472648720914451,materialized>folded,True
Beef_Marbling_RandomSplit,1,3,Ridge,554,278,331,sg_smooth_w21_p3,sg_smooth_w21_p3,True,3.741180524319172e-06,3.741180524319172e-06,True,73.16356421962242,73.1635641472716,4.1240284076593525e-08,3.832806688455504e-10,4.947185516357422e-06,8.52498381582811e-09,0.00012488246147768223,6.879987952793663e-09,0.07098822418707584,0.07098821127677013,4.86041997600114,0.7120229780011869,0.14649412633411904,folded>materialized,True
Beef_Marbling_RandomSplit,2,3,PLS,554,278,331,fd_d1,fd_d1,True,14.0,14.0,True,72.53842597019418,72.53842597019391,7.702283255639486e-12,7.225761953236227e-14,3.5072389437118545e-11,6.008673514197902e-14,4.7621779231121764e-07,1.6199185351512292e-11,0.05460378742196781,0.054603787424042594,1.3493653040004574,1.0913903349992324,0.808817546859692,folded>materialized,True
Beef_Marbling_RandomSplit,2,3,Ridge,554,278,331,identity,identity,True,6.575164520990757e-06,6.575164520990757e-06,True,72.68557642177642,72.6855764270033,1.0905152691975672e-07,1.0190253749243979e-09,2.652406692504883e-06,4.555871490012853e-09,9.756296640262008e-05,5.590579743942119e-09,0.010757002267325788,0.010756998296102438,7.685888411000633,1.2276885449991823,0.15973280892837585,materialized>folded,True
Beer_OriginalExtract_60_KS,0,3,PLS,40,20,576,sg_smooth_w21_p3,sg_smooth_w21_p3,True,3.0,3.0,True,0.3288731834575113,0.32887318345751043,,,1.4210854715202004e-14,8.95939432211733e-16,8.770761894538737e-15,2.52574155072502e-15,0.006462865471688062,0.006462865471688062,0.55658201299957,0.3071990549997281,0.5519385244667715,folded>materialized,True
Beer_OriginalExtract_60_KS,0,3,Ridge,40,20,576,sg_smooth_w21_p3,sg_smooth_w21_p3,True,0.0030821800019722773,0.0030821800019722773,True,0.248551950942724,0.24855195094272572,3.2751579226442118e-15,1.1462009345982866e-15,1.865174681370263e-14,1.1643637609772874e-15,3.0808688933348094e-14,8.41115722845823e-15,0.0010709267325864635,0.0010709267325866856,0.32669755200004147,0.04598378800073988,0.1407533901592689,materialized>folded,True
Beer_OriginalExtract_60_KS,1,3,PLS,40,20,576,sg_smooth_w21_p3,sg_smooth_w21_p3,True,7.0,7.0,True,0.23556444746058175,0.23556444746058122,,,1.0658141036401503e-14,6.631864674029309e-16,6.084022174945858e-14,1.600478498299034e-14,0.008456023847788097,0.008456023847786487,0.5637869579986727,0.313367062000907,0.5558253123011135,materialized>folded,True
Beer_OriginalExtract_60_KS,1,3,Ridge,40,20,576,sg_smooth_w21_p3,sg_smooth_w21_p3,True,0.0005677591221692486,0.0005677591221692486,True,0.23821043808790154,0.23821043808790351,1.4432899320127035e-15,4.965183284498463e-16,4.796163466380676e-14,2.9943785906413828e-15,7.716050021144838e-14,2.0307422413813384e-14,2.3043974422432e-05,2.3043974421321778e-05,0.2962194310002815,0.03865896200113639,0.13050785314991592,folded>materialized,True
Beer_OriginalExtract_60_KS,2,3,PLS,40,20,576,sg_smooth_w21_p3,sg_smooth_w21_p3,True,4.0,4.0,True,0.2595054322300932,0.2595054322300939,,,7.105427357601002e-15,4.43629754401418e-16,1.0103029524088925e-14,2.8018122610575075e-15,0.008527808960922478,0.008527808960922645,2.428154977000304,1.1138457819997711,0.4587210423347009,folded>materialized,True
Beer_OriginalExtract_60_KS,2,3,Ridge,40,20,576,sg_smooth_w21_p3,sg_smooth_w21_p3,True,0.0017537191288541595,0.0017537191288541595,True,0.24182212356242666,0.24182212356242916,2.6645352591003757e-15,8.331507398550835e-16,2.842170943040401e-14,1.7733901798422948e-15,4.418687638008123e-14,1.1875273186511002e-14,0.0007637372790374464,0.000763737279038057,1.0448559260003094,0.158827499999461,0.15200899573537371,materialized>folded,True
Beer_OriginalExtract_60_YbaseSplit,0,3,PLS,40,20,576,sg_smooth_w21_p3,sg_smooth_w21_p3,True,13.0,13.0,True,0.29854228751599254,0.298542287515987,,,2.842170943040401e-14,1.7804192606446165e-15,2.469136006766348e-13,6.241045178657289e-14,0.0001345705959281407,0.00013457059592497655,0.5778059739986929,0.4227366949999123,0.7316239603311345,folded>materialized,True
Beer_OriginalExtract_60_YbaseSplit,0,3,Ridge,40,20,576,sg_smooth_w21_p3,sg_smooth_w21_p3,True,1.89827763587958e-07,1.89827763587958e-07,True,0.3032004081244364,0.30320040812443094,1.5543122344752192e-15,5.967175018263707e-16,4.440892098500626e-14,2.7833097574012e-15,8.260059303211165e-14,2.0868011613582072e-14,1.2925058014978674e-06,1.2925058018309343e-06,0.3104168319987366,0.038779559999966295,0.12492737507263824,materialized>folded,True
Beer_OriginalExtract_60_YbaseSplit,1,3,PLS,40,20,576,sg_smooth_w21_p3,sg_smooth_w21_p3,True,4.0,4.0,True,0.2954695900108213,0.29546959001081574,,,2.4868995751603507e-14,1.5501072148700608e-15,3.574918139293004e-14,9.71056089330858e-15,0.003032356071303033,0.003032356071300313,0.5770831350000662,0.3066771569992852,0.5314263030737331,materialized>folded,True
Beer_OriginalExtract_60_YbaseSplit,1,3,Ridge,40,20,576,sg_smooth_w21_p3,sg_smooth_w21_p3,True,0.00157299404384329,0.00157299404384329,True,0.2749689233936278,0.274968923393625,2.6645352591003757e-15,1.0171322308258356e-15,2.398081733190338e-14,1.4993154446689718e-15,3.319566843629218e-14,8.617466072952646e-15,0.00104054936448561,0.0010405493644860542,0.2884083120006835,0.03861671400045452,0.13389598147352633,folded>materialized,True
Beer_OriginalExtract_60_YbaseSplit,2,3,PLS,40,20,576,sg_smooth_w21_p3,sg_smooth_w21_p3,True,15.0,15.0,True,0.3005425916163134,0.30054259161630703,,,2.1316282072803006e-14,1.3355824597648444e-15,3.197442310920451e-13,8.084244709667371e-14,2.553630424340092e-07,2.553630434887211e-07,2.428200158999971,1.370909303001099,0.5645783762594323,folded>materialized,True
Beer_OriginalExtract_60_YbaseSplit,2,3,Ridge,40,20,576,sg_smooth_w21_p3,sg_smooth_w21_p3,True,1.89827763587958e-07,1.89827763587958e-07,True,0.3032004081244364,0.30320040812443094,3.164135620181696e-15,1.2324609996835149e-15,4.440892098500626e-14,2.7833097574012e-15,8.260059303211165e-14,2.0868011613582072e-14,3.9694745029850154e-07,3.9694744957685657e-07,1.1753436790004343,0.1998741120005434,0.17005588711765177,materialized>folded,True
Biscuit_Fat_40_RandomSplit,0,3,PLS,40,32,700,detrend_d1,detrend_d1,True,16.0,16.0,True,0.5433769613365885,0.5433769613370596,2.4491519923230953e-13,1.3544763340756895e-13,2.3430146711689304e-12,1.0917429305971552e-13,4.915934326277238e-11,3.8293246221355914e-12,0.0022116530401187218,0.00221165304009735,0.7042191139989882,0.4308529650006676,0.6118166298469523,materialized>folded,True
Biscuit_Fat_40_RandomSplit,0,3,Ridge,40,32,700,detrend_d1,detrend_d1,True,2.9442125811450725e-06,2.9442125811450725e-06,True,0.5002316887257475,0.5002316887309125,6.474154545799138e-12,3.2638821036901537e-12,3.54702933691442e-11,1.6572187928044962e-12,1.05687014695377e-10,6.091734411578639e-12,0.00032915810672334844,0.0003291581068285421,0.35717300600117596,0.050394113999573165,0.1410916086962273,folded>materialized,True
Biscuit_Fat_40_RandomSplit,1,3,PLS,40,32,700,sg_smooth_w21_p3,sg_smooth_w21_p3,True,14.0,14.0,True,0.6327445068112365,0.6327445068111929,1.7275070263167436e-13,9.802952602075637e-14,3.7125857943465235e-13,1.7426634682929973e-14,3.2014391138091014e-12,3.911460441719264e-13,0.001027865083222279,0.001027865083238766,0.6701588690011704,0.37762564699914947,0.56348675585235,folded>materialized,True
Biscuit_Fat_40_RandomSplit,1,3,Ridge,40,32,700,detrend_d1,detrend_d1,True,8.676746699938046e-05,8.676746699938046e-05,True,0.3407320667984828,0.34073206680073953,6.815714659325067e-12,3.5158132131851794e-12,1.7280399333685637e-11,8.030822400441828e-13,3.9887204650312924e-11,3.8130210422505544e-12,0.0009152798295266606,0.0009152798294652653,0.33222127899898624,0.04595505199904437,0.1383266362031693,materialized>folded,True
Biscuit_Fat_40_RandomSplit,2,3,PLS,40,32,700,detrend_d1,detrend_d1,True,18.0,18.0,True,0.4661903071124748,0.4661903071127112,4.545253062815391e-13,2.5606484223333435e-13,1.2505552149377763e-12,5.81604413546596e-14,6.867395541121368e-11,4.846807264557577e-12,0.0017465526132436904,0.0017465526132407483,3.2049338540000463,1.6066556410005433,0.5013069580188971,materialized>folded,True
Biscuit_Fat_40_RandomSplit,2,3,Ridge,40,32,700,detrend_d1,detrend_d1,True,0.0002680111348236078,0.0002680111348236078,True,0.23123326390157947,0.23123326390208898,3.2238101077552983e-12,1.6642073238559493e-12,7.958078640513122e-12,3.6893255136137e-13,1.6545875780593633e-11,2.0463382374870334e-12,0.0010351930271698118,0.0010351930272121668,1.4484489469996333,0.1999545640010183,0.138047367437569,folded>materialized,True
Biscuit_Sucrose_40_RandomSplit,0,3,PLS,40,32,700,sg_d1_w11_p2,sg_d1_w11_p2,True,7.0,7.0,True,1.151771036149557,1.1517710361495497,2.362554596402333e-13,5.709292171782635e-14,1.3145040611561853e-13,5.2710270111633384e-15,1.5683288001611118e-12,6.200333971825854e-14,0.04770204537504075,0.04770204537504341,0.7493084309990081,0.4382814580003469,0.5849146224285938,folded>materialized,True
Biscuit_Sucrose_40_RandomSplit,0,3,Ridge,40,32,700,detrend_d2,detrend_d2,True,0.013881568865708977,0.013881568865708977,True,1.008057269349357,1.0080572693493441,9.734879569123223e-12,2.479778346240956e-12,1.4210854715202004e-13,5.527164783774301e-15,7.083222897108499e-14,1.3372796154587378e-14,0.008162454888151593,0.008162454888156478,0.4258095659988612,0.06815648500014504,0.1600633016317142,materialized>folded,True
Biscuit_Sucrose_40_RandomSplit,1,3,PLS,40,32,700,detrend_d2,detrend_d2,True,3.0,3.0,True,1.2212493043603416,1.2212493043603296,4.5208281562736374e-13,1.188627586351325e-13,5.684341886080802e-14,2.266069129952978e-15,5.601075159233915e-14,1.4823624797061024e-14,0.011907353272790466,0.011907353272784915,0.6543232320000243,0.37099425899941707,0.5669892812233256,materialized>folded,True
Biscuit_Sucrose_40_RandomSplit,1,3,Ridge,40,32,700,detrend_d1,detrend_d1,True,0.042877995099906356,0.042877995099906356,True,0.9933832655663821,0.9933832655663679,2.2468249483154068e-11,5.777322982486918e-12,2.2737367544323206e-13,8.964236209892123e-15,5.2513549064769904e-14,1.3539332365956714e-14,0.0023471447757266173,0.002347144775711074,0.32870641500085185,0.05023165499915194,0.1528161687961635,folded>materialized,True
Biscuit_Sucrose_40_RandomSplit,2,3,PLS,40,32,700,identity,identity,True,7.0,7.0,True,1.5215918796696928,1.5215918796696724,4.911626660941693e-13,1.1699467026731605e-13,1.0302869668521453e-13,4.0613346465918906e-15,4.261035968511351e-13,5.334299767939503e-14,0.0017174661091918786,0.0017174661091998722,3.2166569840010197,1.054653399000017,0.3278725099523023,folded>materialized,True
Biscuit_Sucrose_40_RandomSplit,2,3,Ridge,40,32,700,sg_smooth_w21_p3,sg_smooth_w21_p3,True,0.002557082113466321,0.002557082113466321,True,1.2315503593011479,1.2315503593029156,3.409761362149766e-11,8.134749337237035e-12,1.4551915228366852e-11,5.862020560574742e-13,2.7500224319965128e-11,4.170368722453836e-12,0.0009441211186960174,0.0009441211195069243,0.7496398969997244,0.12787556699913694,0.17058265910196604,materialized>folded,True
C_woOutlier,0,3,PLS,1210,1209,1154,sg_smooth_w21_p3,sg_smooth_w21_p3,True,25.0,25.0,True,2.160807528983605,2.1608075289850133,6.59472476627343e-14,2.3411882974827306e-14,6.210854053279036e-11,1.2648273826297036e-12,1.3082157579447085e-10,1.3205067478276653e-12,0.0052862539132116915,0.005286253913220573,1.7516458490008517,1.8073227080003562,1.0317854542522182,materialized>folded,True
C_woOutlier,0,3,Ridge,1210,1209,1154,sg_smooth_w21_p3,sg_smooth_w21_p3,True,2.0059630216622244e-05,2.0059630216622244e-05,True,1.9045202032803563,1.904520198435186,3.1331865990580354e-09,1.0823940971159877e-09,2.430751919746399e-07,5.040288261590405e-09,5.504280835566533e-07,2.916985982617634e-09,0.00047111917514119916,0.0004711193636488531,28.019670487999974,6.272836084999653,0.22387258578526575,folded>materialized,True
C_woOutlier,1,3,PLS,1210,1209,1154,sg_smooth_w21_p3,sg_smooth_w21_p3,True,24.0,24.0,True,2.043733286552916,2.043733286553949,1.4988010832439613e-13,5.303465000949501e-14,4.780531526193954e-11,9.71740524477564e-13,9.653078336668841e-11,9.869955400393116e-13,0.0014434199100850087,0.001443419910086341,1.6407383299992944,1.5727638019998267,0.9585707685639935,folded>materialized,True
C_woOutlier,1,3,Ridge,1210,1209,1154,sg_smooth_w21_p3,sg_smooth_w21_p3,True,3.5255013236371845e-05,3.5255013236371845e-05,True,1.8996403686318786,1.8996403666621182,1.6018075754686834e-09,5.517220510677503e-10,8.288770914077759e-08,1.7156348971596387e-09,2.778743919407134e-07,1.8120607368258158e-09,0.0005098812708574929,0.0005098810364334572,41.83754508099992,4.890241246001096,0.11688642908022699,materialized>folded,True
C_woOutlier,2,3,PLS,1210,1209,1154,sg_smooth_w21_p3,sg_smooth_w21_p3,True,24.0,24.0,True,2.043733286552916,2.043733286553949,1.1435297153639112e-13,4.0605780432891466e-14,4.780531526193954e-11,9.71740524477564e-13,9.653078336668841e-11,9.869955400393116e-13,0.007400712336934845,0.007400712336908866,3.668836356000611,3.039730653999868,0.8285271838380578,materialized>folded,True
C_woOutlier,2,3,Ridge,1210,1209,1154,sg_smooth_w21_p3,sg_smooth_w21_p3,True,2.0059630216622244e-05,2.0059630216622244e-05,True,1.9045202032803563,1.904520198435186,2.038370583434812e-09,7.046972025813479e-10,2.430751919746399e-07,5.040288261590405e-09,5.504280835566533e-07,2.916985982617634e-09,0.00025442336856240644,0.0002544228041418961,29.08595757600051,3.8374391110010038,0.13193442577827874,folded>materialized,True
Ccar_spxyG_block2deg,0,3,PLS,1016,3229,196,sg_d1_w11_p2,sg_d1_w11_p2,True,20.0,20.0,True,71.54174244322239,71.54174244322476,1.3002932064409833e-12,1.4013834815013909e-14,1.723066134218243e-11,2.2842087298584828e-14,5.869367214472732e-10,2.4318541513874596e-13,0.07089567706351119,0.07089567706249511,0.344514510999943,0.2421709459995327,0.7029339498549388,folded>materialized,True
Ccar_spxyG_block2deg,0,3,Ridge,1016,3229,196,identity,identity,True,0.0013068383650098915,0.0013068383650098915,True,62.61479892215846,62.61479892215846,9.476841711375528e-08,9.535999840077157e-10,0.0,0.0,2.0099832909181714e-10,5.0425920020555717e-14,0.03159570966982983,0.03159570964267999,3.5393553339999926,1.4292900529999315,0.40382779295138566,materialized>folded,True
Ccar_spxyG_block2deg,1,3,PLS,1016,3229,196,identity,identity,True,15.0,15.0,True,70.98125640040027,70.98125640040077,2.1387336346379016e-12,2.3192710391664225e-14,2.114575181622058e-11,2.975826704709967e-14,4.637854544853326e-10,3.373717227538725e-13,0.08004543975349776,0.08004543975364697,0.5521481369996764,0.4057794969994575,0.7349105607861453,materialized>folded,True
Ccar_spxyG_block2deg,1,3,Ridge,1016,3229,196,identity,identity,True,0.00229678231147275,0.00229678231147275,True,63.299984218455165,63.299984218455165,6.95580624210379e-08,7.09692887829029e-10,0.0,0.0,1.325588527834043e-10,4.7266109415952374e-14,0.006689810499253213,0.00668981051749995,6.309758516001239,1.8807745890007936,0.29807394121839076,folded>materialized,True
Ccar_spxyG_block2deg,2,3,PLS,1016,3229,196,sg_d1_w11_p2,sg_d1_w11_p2,True,22.0,22.0,True,73.29596383102205,73.29596383102425,2.8634872251132037e-12,3.058199806117418e-14,1.693933882052079e-11,2.2831787614386216e-14,8.756728675507475e-10,3.357301344205385e-13,0.08668014542047331,0.08668014542041647,0.4328576130010333,0.1989987300003122,0.4597325402703202,folded>materialized,True
Ccar_spxyG_block2deg,2,3,Ridge,1016,3229,196,identity,identity,True,0.0004230833722044749,0.0004230833722044749,True,60.13145477816384,60.13145477816384,1.1560329937765346e-07,1.2218739922969472e-09,0.0,0.0,8.203642209991813e-10,1.0405189254351891e-13,0.039442346545421,0.03944234640947286,4.37745619099951,1.3525200950007275,0.3089739876281674,materialized>folded,True
Corn_Oil_80_ZhengChenPelegYbaseSplit,0,3,PLS,64,16,700,sg_d1_w11_p2,sg_d1_w11_p2,True,25.0,25.0,True,0.023820074997138424,0.02382007499714593,1.668318261316415e-13,1.668318261316415e-13,3.388400671155978e-13,8.951045511639474e-14,2.453539593716414e-10,5.721142299648124e-12,0.00011743218547153461,0.00011743218547385567,0.874910792999799,0.40823609700055385,0.46660311001632326,materialized>folded,True
Corn_Oil_80_ZhengChenPelegYbaseSplit,0,3,Ridge,64,16,700,sg_smooth_w11_p2,sg_smooth_w11_p2,True,9.807582958300963e-07,9.807582958300963e-07,True,0.0398594825002126,0.03985948248555616,1.1201040095443204e-11,1.1201040095443204e-11,1.1641532182693481e-10,3.1072912062332567e-11,2.9902600839903926e-08,1.2551941349352959e-09,0.0011813910607584924,0.0011813910514039336,0.6014431570001761,0.05666726199888217,0.09421881575895222,folded>materialized,True
Corn_Oil_80_ZhengChenPelegYbaseSplit,1,3,PLS,64,16,700,sg_d1_w21_p3,sg_d1_w21_p3,True,25.0,25.0,True,0.02384306396852333,0.023843063968506446,4.428402089473593e-14,4.428402089473593e-14,2.4558133304708463e-13,6.466764640354345e-14,2.1124790805515659e-10,4.628347111221729e-12,0.00012329446088529122,0.00012329446087903234,2.275052899000002,0.8278286810000282,0.36387227803094147,folded>materialized,True
Corn_Oil_80_ZhengChenPelegYbaseSplit,1,3,Ridge,64,16,700,sg_smooth_w11_p2,sg_smooth_w11_p2,True,9.807582958300963e-07,9.807582958300963e-07,True,0.0398594825002126,0.03985948248555616,6.480732617220042e-12,6.480732617220042e-12,1.1641532182693481e-10,3.1072912062332567e-11,2.9902600839903926e-08,1.2551941349352959e-09,0.0004849728765704067,0.0004849728697593064,1.1064489930013224,0.15115018199867336,0.1366083596756391,materialized>folded,True
Corn_Oil_80_ZhengChenPelegYbaseSplit,2,3,PLS,64,16,700,sg_d1_w21_p3,sg_d1_w21_p3,True,25.0,25.0,True,0.02384306396852333,0.023843063968506446,6.147859998861804e-14,6.147859998861804e-14,2.4558133304708463e-13,6.466764640354345e-14,2.1124790805515659e-10,4.628347111221729e-12,2.499296753225022e-05,2.4992967496272056e-05,1.2168778800005384,0.4192484859995602,0.34452798665333184,materialized>folded,True
Corn_Oil_80_ZhengChenPelegYbaseSplit,2,3,Ridge,64,16,700,sg_smooth_w11_p2,sg_smooth_w11_p2,True,9.807582958300963e-07,9.807582958300963e-07,True,0.0398594825002126,0.03985948248555616,1.7606860414076664e-11,1.7606860414076664e-11,1.1641532182693481e-10,3.1072912062332567e-11,2.9902600839903926e-08,1.2551941349352959e-09,0.0011244708974327972,0.0011244709007520726,0.96878951600047,0.0955632160003006,0.09864187671520408,folded>materialized,True
Corn_Starch_80_ZhengChenPelegYbaseSplit,0,3,PLS,64,16,700,sg_smooth_w21_p3,sg_smooth_w21_p3,True,24.0,24.0,True,0.13646731190389916,0.13646731190389794,2.6623148130511254e-13,2.6623148130511254e-13,2.7000623958883807e-13,4.1064554583522795e-15,9.385647814497133e-11,1.1609008683617192e-12,0.001499327179015672,0.0014993271790103013,0.6953549730005761,0.3779034020008112,0.5434683243438859,folded>materialized,True
Corn_Starch_80_ZhengChenPelegYbaseSplit,0,3,Ridge,64,16,700,sg_smooth_w11_p2,sg_smooth_w11_p2,True,9.696289559020423e-07,9.696289559020423e-07,True,0.14280955795823444,0.1428095579578085,6.276018593709409e-11,6.276018593709409e-11,3.2014213502407074e-10,4.866222813388101e-12,6.694550158670154e-08,1.0204289734432226e-09,0.0020123683454837116,0.002012368468442438,0.5373338370009151,0.05417295299957914,0.10081805624216976,materialized>folded,True
Corn_Starch_80_ZhengChenPelegYbaseSplit,1,3,PLS,64,16,700,sg_smooth_w11_p2,sg_smooth_w11_p2,True,24.0,24.0,True,0.129077768219426,0.1290777682193803,2.3359092438113294e-13,2.3359092438113294e-13,2.7000623958883807e-13,4.107067168330132e-15,1.4731149633462337e-10,1.8137056189477738e-12,0.0015443436522438875,0.0015443436522341453,1.7494111289997818,1.549568802000067,0.8857659450732009,materialized>folded,True
Corn_Starch_80_ZhengChenPelegYbaseSplit,1,3,Ridge,64,16,700,sg_smooth_w11_p2,sg_smooth_w11_p2,True,9.696289559020423e-07,9.696289559020423e-07,True,0.14280955795823444,0.1428095579578085,8.572337284462606e-11,8.572337284462606e-11,3.2014213502407074e-10,4.866222813388101e-12,6.694550158670154e-08,1.0204289734432226e-09,0.0003502667725377995,0.00035026672852969676,1.1563657149999926,0.094568292999611,0.08178060951903231,folded>materialized,True
Corn_Starch_80_ZhengChenPelegYbaseSplit,2,3,PLS,64,16,700,sg_smooth_w21_p3,sg_smooth_w21_p3,True,23.0,23.0,True,0.14417635342513455,0.1441763534251352,2.6356694604601216e-13,2.6356694604601216e-13,1.8474111129762605e-13,2.8086777501481557e-15,7.137934687762026e-11,8.880325182307982e-13,0.0018193026327263107,0.0018193026327104067,1.2999030299997685,0.7441929039996467,0.5724987840052802,folded>materialized,True
Corn_Starch_80_ZhengChenPelegYbaseSplit,2,3,Ridge,64,16,700,sg_smooth_w11_p2,sg_smooth_w11_p2,True,9.696289559020423e-07,9.696289559020423e-07,True,0.14280955795823444,0.1428095579578085,2.431146950421237e-11,2.431146950421237e-11,3.2014213502407074e-10,4.866222813388101e-12,6.694550158670154e-08,1.0204289734432226e-09,0.001070216256290002,0.0010702162831002227,0.9332596809999814,0.11869883600047615,0.12718736104970393,materialized>folded,True
DIESEL_bp50_246_b-a,0,3,PLS,113,113,401,sg_smooth_w11_p2,sg_smooth_w11_p2,True,20.0,20.0,True,2.8150722330383413,2.8150722330384133,1.0205170042354439e-12,6.135978426544692e-14,1.5916157281026244e-12,5.532424659483703e-15,2.261799636471551e-09,2.2933629946402715e-13,0.011628289756514754,0.01162828975649477,0.8463770210000803,0.4784642989998247,0.5653087065554669,materialized>folded,True
DIESEL_bp50_246_b-a,0,3,Ridge,113,113,401,sg_d1_w21_p3,sg_d1_w21_p3,True,1.7307995402929142e-09,1.7307995402929142e-09,True,2.8288813546226517,2.8288813546286224,8.709095666858957e-10,5.0596836622066136e-11,1.9846879695251118e-10,6.909231989776125e-13,1.5732985048089176e-07,1.5270310494104423e-11,0.014445119302650689,0.014445119301493392,1.0780152779989294,0.04390765900097904,0.04073008972793301,folded>materialized,True
DIESEL_bp50_246_b-a,1,3,PLS,113,113,401,detrend_d1,detrend_d1,True,13.0,13.0,True,3.066083850068659,3.066083850068633,4.476419235288631e-13,2.741749139992945e-14,6.821210263296962e-13,2.36198309620696e-15,1.910564151330618e-09,1.9417583649531547e-13,0.010555509841084998,0.010555509841079669,1.6918233930009592,0.6889245519996621,0.4072083143250824,folded>materialized,True
DIESEL_bp50_246_b-a,1,3,Ridge,113,113,401,detrend_d1,detrend_d1,True,1.575543667997205e-07,1.575543667997205e-07,True,2.8584267259619924,2.8584267259648457,1.01999564350308e-09,6.001759542468938e-11,5.789502210973296e-11,2.0132539631778155e-13,5.708625394618139e-08,6.0134746451043175e-12,0.008227811054836831,0.00822781105741166,0.969326357000682,0.09059750699998403,0.09346440065894163,materialized>folded,True
DIESEL_bp50_246_b-a,2,3,PLS,113,113,401,sg_smooth_w11_p2,sg_smooth_w11_p2,True,23.0,23.0,True,3.021434641561317,3.021434641561477,2.283506717049022e-12,1.3997708753880707e-13,3.410605131648481e-12,1.1902167614358699e-14,5.431047611637041e-09,5.590882983692641e-13,0.030926613259075975,0.03092661325916035,0.7525986860000557,0.47053334200063546,0.625211484890369,materialized>folded,True
DIESEL_bp50_246_b-a,2,3,Ridge,113,113,401,sg_smooth_w11_p2,sg_smooth_w11_p2,True,1.6513480118621195e-08,1.6513480118621195e-08,True,2.9008632003589816,2.9008632003072172,1.0628484758967716e-09,6.20435839411327e-11,1.7589059098099824e-09,6.124477106393927e-12,7.279909368662629e-07,7.816293311905816e-11,0.021449923679664362,0.021449923780747504,0.9300391899996612,0.07861798500016448,0.08453190558582066,folded>materialized,True
DIESEL_bp50_246_hla-b,0,3,PLS,133,113,401,sg_smooth_w11_p2,sg_smooth_w11_p2,True,12.0,12.0,True,3.1628523566067113,3.162852356606705,5.915268275202834e-13,3.707156100383118e-14,1.7053025658242404e-13,5.97221416143084e-16,2.0179413695586845e-10,2.3518467818110304e-14,0.008623433021407667,0.008623433021407667,0.47291327099992486,0.22959215999981097,0.4854847052914433,materialized>folded,True
DIESEL_bp50_246_hla-b,0,3,Ridge,133,113,401,detrend_d2,detrend_d2,True,6.724985446547718e-09,6.724985446547718e-09,True,2.930767259842502,2.930767259721427,1.640022340154701e-09,9.670845053656605e-11,4.195726432953961e-09,1.4481355041150413e-11,7.940813702589367e-06,4.4484558743554904e-10,0.004906139289036826,0.004906139336710247,0.6532601489998342,0.051167956000426784,0.07832707395172787,folded>materialized,True
DIESEL_bp50_246_hla-b,1,3,PLS,133,113,401,detrend_d2,detrend_d2,True,12.0,12.0,True,3.1039984195950674,3.103998419595059,1.0649259252204502e-12,6.519069669846341e-14,6.821210263296962e-13,2.3881664549261616e-15,9.55765244725626e-10,1.0788546245464513e-13,0.022509177268999814,0.02250917726902335,1.844974766998348,0.6482454990000406,0.35135737929613703,folded>materialized,True
DIESEL_bp50_246_hla-b,1,3,Ridge,133,113,401,detrend_d2,detrend_d2,True,6.121741999011882e-07,6.121741999011882e-07,True,3.0431418925192704,3.043141892517181,1.1559366797087023e-09,6.811044085582644e-11,7.526068657170981e-11,2.6317892868767697e-13,1.64350240083877e-08,1.8819836907379587e-12,0.001951531244763327,0.0019515312407145657,1.0615905539998494,0.08869985499950417,0.08355373422013018,materialized>folded,True
DIESEL_bp50_246_hla-b,2,3,PLS,133,113,401,identity,identity,True,22.0,22.0,True,2.644744057845921,2.6447440578459416,1.5010215292932116e-12,9.237371413172566e-14,3.922195901395753e-12,1.3536771037856289e-14,2.541310095693916e-08,2.3162029703619158e-12,0.004683326641801155,0.004683326641822472,0.7457562809995579,0.5253603830005886,0.7044665883288753,materialized>folded,True
DIESEL_bp50_246_hla-b,2,3,Ridge,133,113,401,detrend_d1,detrend_d1,True,3.650776332348399e-08,3.650776332348399e-08,True,2.482130115343504,2.482130115332789,1.9284653873796742e-09,1.1241985796307874e-10,1.2672387583734235e-09,4.387458477269334e-12,7.749574706394924e-07,6.389336544925098e-11,0.01097798814529094,0.010977988064328592,1.0579659909999464,0.09769340500133694,0.09234078016912539,folded>materialized,True
DIESEL_bp50_246_hlb-a,0,3,PLS,133,113,401,detrend_d1,detrend_d1,True,23.0,23.0,True,2.9301822801769943,2.9301822801768904,7.86926079854311e-13,4.418285521622062e-14,4.149569576838985e-12,1.445006731997748e-14,3.32351817178278e-08,3.2845060275361655e-12,0.005787551699691029,0.005787551700222604,0.4256860740006232,0.27133417899858614,0.6374044056658262,materialized>folded,True
DIESEL_bp50_246_hlb-a,0,3,Ridge,133,113,401,detrend_d1,detrend_d1,True,1.8771833228330265e-08,1.8771833228330265e-08,True,2.901340817722118,2.9013408177517213,2.482567929007473e-09,1.3282706805363776e-10,1.2502425761340419e-09,4.350622847582772e-12,9.844038686424028e-07,9.111864444007906e-11,0.006979473841999262,0.0069794738365063225,1.0404080690004776,0.09998225300114427,0.09609907494969494,folded>materialized,True
DIESEL_bp50_246_hlb-a,1,3,PLS,133,113,401,sg_smooth_w21_p3,sg_smooth_w21_p3,True,25.0,25.0,True,3.317219855437456,3.317219855437379,8.206768598029157e-13,4.650779508003528e-14,3.240074875066057e-12,1.129237105694129e-14,3.885816113324836e-09,2.507062151950131e-13,0.10669951592525795,0.10669951592520777,1.8819368340009532,0.6602189029999863,0.3508188431576508,folded>materialized,True
DIESEL_bp50_246_hlb-a,1,3,Ridge,133,113,401,sg_smooth_w21_p3,sg_smooth_w21_p3,True,6.077301307757275e-09,6.077301307757275e-09,True,3.107417242188648,3.1074172420904107,1.3885337324381908e-09,7.506779562907906e-11,5.470326414069859e-09,1.909643965913769e-11,4.245751085818483e-06,3.100481035660943e-10,0.03535076598025899,0.035350765948217955,1.245876044000397,0.10917273099948943,0.08762728164267893,materialized>folded,True
DIESEL_bp50_246_hlb-a,2,3,PLS,133,113,401,detrend_d1,detrend_d1,True,21.0,21.0,True,2.930852149764827,2.9308521497647586,1.7981172106829035e-12,1.003769416409551e-13,2.5579538487363607e-12,8.914739495465771e-15,1.9188178157492075e-08,1.857727564711083e-12,0.06031985695758424,0.060319856957579354,0.7329266220003774,0.44303464600125153,0.604473398431178,materialized>folded,True
DIESEL_bp50_246_hlb-a,2,3,Ridge,133,113,401,sg_d1_w11_p2,sg_d1_w11_p2,True,6.369699320875844e-10,6.369699320875844e-10,True,2.937666206292609,2.9376662063396517,4.719479917980607e-09,2.5298249698965314e-10,1.9152821550960653e-09,6.668048459684319e-12,6.897994353494141e-07,5.503349601761106e-11,0.020706168116861434,0.02070616816575388,1.1165320729996893,0.09841560300083074,0.08814399996269354,folded>materialized,True
Fv_Fm_grp70_30,0,3,PLS,351,167,2177,sg_d1_w11_p2,sg_d1_w11_p2,True,6.0,6.0,True,0.03130043382839943,0.03130043382839943,4.163336342344337e-16,4.163336342344337e-16,3.3306690738754696e-16,3.3306690738754696e-16,6.591949208711867e-17,6.591949208711867e-17,0.0002210823925426625,0.00022108239254262085,4.326438714999313,3.4170969830011018,0.7898174938094886,folded>materialized,True
Fv_Fm_grp70_30,0,3,Ridge,351,167,2177,sg_d1_w11_p2,sg_d1_w11_p2,True,0.29692984175497067,0.29692984175497067,True,0.030348938335941066,0.030348938335941114,9.04518127065046e-12,9.04518127065046e-12,7.993605777301127e-15,7.993605777301127e-15,6.895525817007808e-16,6.895525817007808e-16,2.7524910817422477e-05,2.7524910817436354e-05,20.839262133999,1.2458078300005582,0.05978176300052573,materialized>folded,True
Fv_Fm_grp70_30,1,3,PLS,351,167,2177,sg_d1_w11_p2,sg_d1_w11_p2,True,6.0,6.0,True,0.03130043382839943,0.03130043382839943,4.371503159461554e-16,4.371503159461554e-16,3.3306690738754696e-16,3.3306690738754696e-16,6.591949208711867e-17,6.591949208711867e-17,7.074335660831044e-05,7.07433566083035e-05,8.473668061998978,6.381734281998433,0.7531253567292736,materialized>folded,True
Fv_Fm_grp70_30,1,3,Ridge,351,167,2177,sg_d1_w11_p2,sg_d1_w11_p2,True,0.5218573517208133,0.5218573517208133,True,0.03053245503640343,0.030532455036403495,1.0862040433767817e-11,1.0862040433767817e-11,6.439293542825908e-15,6.439293542825908e-15,3.2959746043559335e-16,3.2959746043559335e-16,1.8458454187929296e-05,1.8458454188047257e-05,19.426082509999105,0.8978824599998916,0.04622045950529286,folded>materialized,True
Fv_Fm_grp70_30,2,3,PLS,351,167,2177,sg_d1_w11_p2,sg_d1_w11_p2,True,6.0,6.0,True,0.03130043382839943,0.03130043382839943,3.400058012914542e-16,3.400058012914542e-16,3.3306690738754696e-16,3.3306690738754696e-16,6.591949208711867e-17,6.591949208711867e-17,0.0003450588847517186,0.0003450588847517047,4.936723885000902,3.670593037000799,0.7435281215854609,folded>materialized,True
Fv_Fm_grp70_30,2,3,Ridge,351,167,2177,sg_d1_w11_p2,sg_d1_w11_p2,True,0.29692984175497067,0.29692984175497067,True,0.030348938335941066,0.030348938335941114,1.3059872627785296e-11,1.3059872627785296e-11,7.993605777301127e-15,7.993605777301127e-15,6.895525817007808e-16,6.895525817007808e-16,3.6676431047627522e-06,3.6676431047974467e-06,14.306931904999146,1.2848251140003413,0.08980437752355529,materialized>folded,True
LMA_spxyG70_30_byCultivar_ASD,0,3,PLS,1092,472,2101,detrend_d2,detrend_d2,True,22.0,22.0,True,0.3092232806334862,0.30922328063348686,1.7763568394002505e-14,1.7763568394002505e-14,1.474376176702208e-13,1.960945519720167e-14,2.188749181897265e-11,7.450383831787274e-12,7.369413596464147e-05,7.369413596025609e-05,5.908331048000036,6.726920498998879,1.1385483386676403,materialized>folded,True
LMA_spxyG70_30_byCultivar_ASD,0,3,Ridge,1092,472,2101,sg_smooth_w11_p2,sg_smooth_w11_p2,True,0.0014224083514935177,0.0014224083514935177,True,0.3030265359424974,0.3030265359369948,1.1680995060103783e-10,1.1680995060103783e-10,2.473825588822365e-10,3.3057282243253567e-11,4.48256876062203e-10,1.2692803448263754e-10,7.639040324081137e-06,7.639039068030318e-06,49.038268918999165,4.08524040300108,0.08330719034452526,folded>materialized,True
LMA_spxyG70_30_byCultivar_ASD,1,3,PLS,1092,472,2101,identity,identity,True,25.0,25.0,True,0.30874396530049375,0.30874396530049203,7.027711745877241e-14,7.027711745877241e-14,2.9665159217984183e-13,3.9458339718750563e-14,2.9495739184426384e-11,1.0352205013908759e-11,9.52347809766163e-05,9.523478098538707e-05,7.1800746169992635,6.250485470000058,0.8705321049452123,folded>materialized,True
LMA_spxyG70_30_byCultivar_ASD,1,3,Ridge,1092,472,2101,identity,identity,True,0.0008093312958554895,0.0008093312958554895,True,0.3028223387901009,0.30282233878995607,2.2491780660160998e-10,2.2491780660160998e-10,3.2741809263825417e-10,4.3725500383343756e-11,1.3780478980152111e-09,2.8838563826407374e-10,2.5117304877531055e-05,2.5117308224964496e-05,59.48928884799898,6.234355714999765,0.10479795330768134,materialized>folded,True
LMA_spxyG70_30_byCultivar_ASD,2,3,PLS,1092,472,2101,sg_smooth_w21_p3,sg_smooth_w21_p3,True,25.0,25.0,True,0.3089756945648967,0.30897569456490015,1.8096635301390052e-14,1.8096635301390052e-14,1.936228954946273e-13,2.5735564581721108e-14,7.095324328076913e-12,2.5476641272748517e-12,5.489046016998733e-05,5.4890460172984934e-05,5.699555661998602,6.047589047999281,1.0610632488987113,materialized>folded,True
LMA_spxyG70_30_byCultivar_ASD,2,3,Ridge,1092,472,2101,sg_smooth_w11_p2,sg_smooth_w11_p2,True,0.0008093312958554895,0.0008093312958554895,True,0.3028497004328457,0.3028497004350128,8.944178730985186e-11,8.944178730985186e-11,3.346940502524376e-10,4.469665044468769e-11,8.335740986353812e-10,1.8235239164269226e-10,4.165258223998158e-06,4.165258095101265e-06,52.54792592599915,5.154686511999898,0.09809495657847672,folded>materialized,True
N_wOutlier,0,3,PLS,1220,1207,1154,sg_smooth_w11_p2,sg_smooth_w11_p2,True,16.0,16.0,True,0.3540996131578816,0.3540996131578861,6.548095399239173e-13,4.4651788157288755e-13,3.0819791163594346e-13,4.5421403346049446e-14,8.329781309157624e-12,7.305266269752008e-13,0.0006323558632602699,0.0006323558632814752,3.583498893000069,2.6911172039999656,0.7509747552194691,materialized>folded,True
N_wOutlier,0,3,Ridge,1220,1207,1154,detrend_d2,detrend_d2,True,0.0030068891415587357,0.0030068891415587357,True,0.33245286847663313,0.33245286847646555,3.3349412120742272e-09,2.275175938645298e-09,1.000444171950221e-11,1.4800035827253344e-12,1.5857537505326036e-11,1.1929543823180608e-12,0.0009536651084388059,0.0009536651084611769,29.70654592199935,3.943355639999936,0.13274366028127363,folded>materialized,True
N_wOutlier,1,3,PLS,1220,1207,1154,detrend_d2,detrend_d2,True,14.0,14.0,True,0.3590883475232067,0.3590883475232103,1.184163878065192e-12,7.12737515877781e-13,3.4283687000424834e-13,5.022607311216111e-14,1.673683414082916e-11,1.5355430724324212e-12,0.0022573992523279296,0.0022573992523367004,3.7154084909998346,3.240891917999761,0.8722841447583658,folded>materialized,True
N_wOutlier,1,3,Ridge,1220,1207,1154,detrend_d2,detrend_d2,True,0.00528463961404998,0.00528463961404998,True,0.3422027746817642,0.3422027746816739,1.5635009953385293e-09,1.0686051570457063e-09,4.547473508864641e-12,6.746366642868298e-13,9.646450305211829e-12,9.175936904492778e-13,0.0010176836518537291,0.0010176836516117005,57.72744744300144,5.891776485999799,0.10206196093837656,materialized>folded,True
N_wOutlier,2,3,PLS,1220,1207,1154,sg_smooth_w21_p3,sg_smooth_w21_p3,True,18.0,18.0,True,0.3507320510646214,0.3507320510646267,1.831201856816733e-12,1.3044695204680104e-12,8.020251129892131e-13,1.1626377137134978e-13,2.003130994410185e-11,1.3948106081658102e-12,0.002450137141351505,0.002450137141342623,3.2268679959997826,2.928481267999814,0.9075305440539041,materialized>folded,True
N_wOutlier,2,3,Ridge,1220,1207,1154,detrend_d2,detrend_d2,True,0.0030068891415587357,0.0030068891415587357,True,0.33245286847663313,0.33245286847646555,7.810397772978206e-09,5.346574920461503e-09,1.000444171950221e-11,1.4800035827253344e-12,1.5857537505326036e-11,1.1929543823180608e-12,0.0013281406097925275,0.0013281406096690151,24.52588972599915,5.9772887409999385,0.24371343130779866,folded>materialized,True
N_woOutlier,0,3,PLS,1205,1207,1154,sg_d1_w21_p3,sg_d1_w21_p3,True,25.0,25.0,True,0.2746789249261257,0.2746789249261222,2.2604140781368187e-13,1.6628247390643784e-13,1.979749697511579e-12,2.979234631075511e-13,2.3066726306808505e-10,3.5251527081039484e-12,0.0009939536796776949,0.000993953679705839,3.071339895001074,3.123218098000507,1.0168910653893664,folded>materialized,True
N_woOutlier,0,3,Ridge,1205,1207,1154,sg_smooth_w21_p3,sg_smooth_w21_p3,True,1.966044880121798e-05,1.966044880121798e-05,True,0.26925627162064575,0.2692562715716371,3.0332408806899025e-10,2.0692383015441996e-10,1.2076928790349939e-08,1.7798048282415435e-09,6.743737657188831e-08,1.3965039978978091e-09,4.7238032942598096e-05,4.7238058335674626e-05,21.369855295999514,4.265902580998954,0.1996224364606503,materialized>folded,True
N_woOutlier,1,3,PLS,1205,1207,1154,sg_d1_w21_p3,sg_d1_w21_p3,True,25.0,25.0,True,0.2746789249261257,0.2746789249261222,1.7541523789077473e-14,1.2871201346308077e-14,1.979749697511579e-12,2.979234631075511e-13,2.3066726306808505e-10,3.5251527081039484e-12,0.0017646207424060756,0.001764620742412626,2.8705275319989596,4.458915597999294,1.5533436095957676,materialized>folded,True
N_woOutlier,1,3,Ridge,1205,1207,1154,sg_smooth_w21_p3,sg_smooth_w21_p3,True,6.3649868266683305e-06,6.3649868266683305e-06,True,0.2643976916593918,0.26439769176561184,2.396198794940574e-10,1.6299780932307258e-10,3.309653795469103e-08,4.87402268118589e-09,3.046248071569835e-07,4.445659424287511e-09,0.00013910396613953102,0.000139103643909122,63.26238824899883,9.523849629000324,0.1505452116590152,folded>materialized,True
N_woOutlier,2,3,PLS,1205,1207,1154,sg_d1_w11_p2,sg_d1_w11_p2,True,25.0,25.0,True,0.280759924034433,0.2807599240344087,5.6343818499726694e-14,4.141665273206978e-14,1.8687273950490635e-12,2.7615475462109736e-13,2.9969626780257386e-10,5.022245722759496e-12,0.001468412344850567,0.0014684123448545083,2.0249473989988473,1.8254634050008463,0.9014868267212137,folded>materialized,True
N_woOutlier,2,3,Ridge,1205,1207,1154,sg_smooth_w11_p2,sg_smooth_w11_p2,True,1.966044880121798e-05,1.966044880121798e-05,True,0.26677566760531984,0.2667756676122244,3.074724919116534e-10,2.0954867370094235e-10,8.613052493444684e-09,1.2575240676454196e-09,1.1540105759877406e-07,1.7361933026595941e-09,0.0002857515384526721,0.0002857514633308189,35.60354049200032,4.735151843000494,0.13299665644388442,materialized>folded,True
Rd25_CBtestSite,0,3,PLS,324,146,2151,detrend_d1,detrend_d1,True,15.0,15.0,True,0.22877469936313882,0.2287746993631376,2.3397950243975174e-14,2.3397950243975174e-14,1.9095836023552692e-14,1.173932953111131e-14,3.6495251265478146e-12,4.599189833423631e-13,0.00032159795427988414,0.00032159795427924576,3.0829179020001902,2.8555679189994407,0.9262549343745919,materialized>folded,True
Rd25_CBtestSite,0,3,Ridge,324,146,2151,detrend_d1,detrend_d1,True,0.0005202189517857249,0.0005202189517857249,True,0.22562510812194575,0.2256251081219633,6.097705673724363e-11,6.097705673724363e-11,3.922195901395753e-12,2.4875263287336294e-12,7.570033488946137e-11,1.0459935169611163e-11,1.5222878975595933e-05,1.522287913263698e-05,12.61418157099979,0.9631329759995424,0.07635318792412192,folded>materialized,True
Rd25_CBtestSite,1,3,PLS,324,146,2151,detrend_d1,detrend_d1,True,16.0,16.0,True,0.22816786695754454,0.22816786695754257,5.773159728050814e-15,5.773159728050814e-15,2.353672812205332e-14,1.468119239795986e-14,4.364314465377106e-12,5.15743775359752e-13,3.121047788273712e-05,3.12104778823763e-05,3.942295093998837,3.3475173150000046,0.8491290568521283,folded>materialized,True
Rd25_CBtestSite,1,3,Ridge,324,146,2151,detrend_d1,detrend_d1,True,0.0002959976141417101,0.0002959976141417101,True,0.22531530408216324,0.2253153040823104,1.1632253493765177e-10,1.1632253493765177e-10,5.9117155615240335e-12,3.7073655119912145e-12,1.509345981531851e-10,1.5967656134848656e-11,0.00044044853078950563,0.00044044853096048,18.99245284799872,1.199762037000255,0.06317046284659734,materialized>folded,True
Rd25_CBtestSite,2,3,PLS,324,146,2151,detrend_d1,detrend_d1,True,12.0,12.0,True,0.22786416409460586,0.2278641640946062,1.0602629885170245e-14,1.0602629885170245e-14,7.105427357601002e-15,4.514846135665784e-15,1.1736722704824842e-12,3.1955109993583985e-13,0.0007572949617879465,0.0007572949617880298,4.439177475000179,1.976063353000427,0.44514177775700386,materialized>folded,True
Rd25_CBtestSite,2,3,Ridge,324,146,2151,detrend_d1,detrend_d1,True,0.0005202189517857249,0.0005202189517857249,True,0.22562510812194575,0.2256251081219633,5.046085771454045e-11,5.046085771454045e-11,3.922195901395753e-12,2.4875263287336294e-12,7.570033488946137e-11,1.0459935169611163e-11,0.0005418436309835573,0.0005418436310692387,18.139903020999554,1.1761319739998726,0.06483672887547029,folded>materialized,True
Rd25_GTtestSite,0,3,PLS,297,173,2151,detrend_d1,detrend_d1,True,12.0,12.0,True,0.2085747113420377,0.20857471134203773,5.9119376061289586e-15,5.9119376061289586e-15,1.687538997430238e-14,1.1444724820105972e-14,1.2632117574185031e-12,2.163541290726236e-13,0.0006386133532560734,0.0006386133532557958,3.330566501001158,2.202694405001239,0.6613572809127564,materialized>folded,True
Rd25_GTtestSite,0,3,Ridge,297,173,2151,detrend_d1,detrend_d1,True,0.0005586152531158289,0.0005586152531158289,True,0.1952313169027458,0.19523131690234763,5.4228566082059615e-11,5.4228566082059615e-11,7.968292692339674e-12,4.994613293741824e-12,4.778089035539779e-11,4.053154067914959e-12,0.0002513555983113813,0.0002513555983628124,9.682751137001105,0.7162394280003355,0.07397065336765081,folded>materialized,True
Rd25_GTtestSite,1,3,PLS,297,173,2151,sg_smooth_w21_p3,sg_smooth_w21_p3,True,14.0,14.0,True,0.1962488561577786,0.19624885615777776,9.103828801926284e-15,9.103828801926284e-15,8.43769498715119e-15,5.50586084259894e-15,1.5487611193520934e-13,8.242639731282579e-14,0.0009242369172085263,0.0009242369172086096,4.995615170999372,3.1847038910000265,0.6374998437605688,folded>materialized,True
Rd25_GTtestSite,1,3,Ridge,297,173,2151,detrend_d1,detrend_d1,True,0.0005586152531158289,0.0005586152531158289,True,0.1952313169027458,0.19523131690234763,1.0150835727529284e-10,1.0150835727529284e-10,7.968292692339674e-12,4.994613293741824e-12,4.778089035539779e-11,4.053154067914959e-12,0.00014207248324743516,0.0001420724832635889,18.51682703699953,1.158004750001055,0.06253796871824636,materialized>folded,True
Rd25_GTtestSite,2,3,PLS,297,173,2151,sg_smooth_w11_p2,sg_smooth_w11_p2,True,16.0,16.0,True,0.18031101023098967,0.18031101023098803,1.1074474670635936e-14,1.1074474670635936e-14,2.5757174171303632e-14,1.5204921240625082e-14,4.0611958240788226e-13,1.5721551058662804e-13,0.00011135022583469434,0.00011135022583480536,6.837711696000042,4.451009595999494,0.6509501707425406,materialized>folded,True
Rd25_GTtestSite,2,3,Ridge,297,173,2151,detrend_d1,detrend_d1,True,0.00018084931647328274,0.00018084931647328274,True,0.19645660061365322,0.1964566006127583,6.702013943815643e-11,6.702013943815643e-11,1.971089957919503e-11,1.1551776582095116e-11,2.8911717464552567e-10,1.6484439063476894e-11,3.576215425152296e-05,3.5762154410839964e-05,27.7417405160013,1.5754766930003825,0.05679083805472318,folded>materialized,True
Rd25_XSBNtestSite,0,3,PLS,319,151,2151,sg_smooth_w21_p3,sg_smooth_w21_p3,True,13.0,13.0,True,0.280474839432014,0.2804748394320128,1.2961853812498703e-14,1.2961853812498703e-14,1.2212453270876722e-14,7.381863733973705e-15,1.0097478408965799e-13,5.605252625325132e-14,0.00021340458328539258,0.0002134045832853093,3.199713771000461,2.445768503999716,0.7643710278607179,materialized>folded,True
Rd25_XSBNtestSite,0,3,Ridge,319,151,2151,identity,identity,True,0.001750689629186307,0.001750689629186307,True,0.265020270092259,0.2650202700919604,4.2469278094259266e-11,4.2469278094259266e-11,2.347633198951371e-11,1.4348263905706456e-11,3.003974846649271e-11,4.710829282263408e-12,0.000615611437155883,0.0006156114371785593,15.442161920000217,1.546908637999877,0.10017435680404103,folded>materialized,True
Rd25_XSBNtestSite,1,3,PLS,319,151,2151,sg_smooth_w21_p3,sg_smooth_w21_p3,True,14.0,14.0,True,0.2771013589398884,0.27710135893988735,6.9111383282915995e-15,6.9111383282915995e-15,1.3100631690576847e-14,8.317253876389052e-15,1.3244960683778118e-13,7.262785058868332e-14,6.42030100411195e-05,6.420301004095297e-05,6.165451617000144,3.542700813999545,0.5746052412821103,folded>materialized,True
Rd25_XSBNtestSite,1,3,Ridge,319,151,2151,sg_smooth_w21_p3,sg_smooth_w21_p3,True,0.0005667783345141833,0.0005667783345141833,True,0.2646318558606465,0.26463185586036714,5.4338228361316965e-11,5.4338228361316965e-11,2.0122570276726037e-11,1.2471359285555163e-11,4.0922598643078345e-11,1.523195351395978e-11,0.000292780539512566,0.00029278054000442255,18.83468499799892,1.2004750010000862,0.06373746102616688,materialized>folded,True
Rd25_XSBNtestSite,2,3,PLS,319,151,2151,sg_smooth_w21_p3,sg_smooth_w21_p3,True,12.0,12.0,True,0.3138163192430618,0.31381631924306147,1.687538997430238e-14,1.687538997430238e-14,1.2212453270876722e-14,7.426079215797511e-15,7.033262861000367e-14,4.255699556336953e-14,3.959217563259676e-05,3.959217563254125e-05,10.171069508000073,7.026782196000568,0.6908597164215267,materialized>folded,True
Rd25_XSBNtestSite,2,3,Ridge,319,151,2151,identity,identity,True,0.00099611894484618,0.00099611894484618,True,0.2629508341907787,0.2629508341901721,7.117934019973404e-11,7.117934019973404e-11,2.205524651799351e-11,1.3381738084288488e-11,6.763356541483745e-11,8.302274678392646e-12,0.0004285063506176967,0.0004285063505574116,22.319924371000525,1.0766408269992098,0.04823675963696591,folded>materialized,True
Rd25_spxy70,0,3,PLS,329,141,2151,sg_smooth_w21_p3,sg_smooth_w21_p3,True,16.0,16.0,True,0.1815512006746883,0.18155120067468844,8.409939411535561e-15,8.409939411535561e-15,5.773159728050814e-15,3.557453201553022e-15,1.596500709410975e-13,6.16671442769203e-14,0.0003070912549139604,0.0003070912549140159,2.8193832199995086,1.8619195199989917,0.6603995890985391,folded>materialized,True
Rd25_spxy70,0,3,Ridge,329,141,2151,sg_smooth_w21_p3,sg_smooth_w21_p3,True,0.0004693268443842132,0.0004693268443842132,True,0.177163167358505,0.1771631673585469,7.882433594730287e-11,7.882433594730287e-11,1.5943024678222173e-11,9.904045540169728e-12,8.455980360366766e-11,2.716331108765999e-11,0.0003455349858851875,0.00034553498506967317,10.376008113998978,0.7486842750004143,0.0721553285979329,materialized>folded,True
Rd25_spxy70,1,3,PLS,329,141,2151,sg_smooth_w21_p3,sg_smooth_w21_p3,True,16.0,16.0,True,0.1815512006746883,0.18155120067468844,2.4980018054066022e-15,2.4980018054066022e-15,5.773159728050814e-15,3.557453201553022e-15,1.596500709410975e-13,6.16671442769203e-14,0.0002569563571285516,0.00025695635712849607,5.537732037000751,4.091102976000911,0.738768677983318,materialized>folded,True
Rd25_spxy70,1,3,Ridge,329,141,2151,sg_smooth_w21_p3,sg_smooth_w21_p3,True,0.0004693268443842132,0.0004693268443842132,True,0.177163167358505,0.1771631673585469,1.6237272637553701e-10,1.6237272637553701e-10,1.5943024678222173e-11,9.904045540169728e-12,8.455980360366766e-11,2.716331108765999e-11,0.00021687793785174492,0.00021687793813851552,19.747375379000005,1.1610433730002114,0.05879481960093301,folded>materialized,True
Rd25_spxy70,2,3,PLS,329,141,2151,detrend_d1,detrend_d1,True,13.0,13.0,True,0.17932264908433063,0.17932264908433054,4.163336342344337e-15,4.163336342344337e-15,8.215650382226158e-15,5.125075665467305e-15,1.1788348075469912e-12,3.347411829326112e-13,0.0007452909587239431,0.0007452909587240264,4.3852274359996954,3.0634553310010233,0.6985852788049637,folded>materialized,True
Rd25_spxy70,2,3,Ridge,329,141,2151,detrend_d1,detrend_d1,True,0.0008248469155348258,0.0008248469155348258,True,0.17318059641654865,0.17318059641649863,1.3916875984953947e-10,1.3916875984953947e-10,4.241496043277948e-12,2.662542610683894e-12,4.150990662310505e-11,6.4263709965482225e-12,0.000509193059381019,0.0005091930594298688,16.008784960999037,1.097365584999352,0.0685477122512907,materialized>folded,True
Rice_Amylose_313_YbasedSplit,0,3,PLS,203,110,1154,sg_smooth_w21_p3,sg_smooth_w21_p3,True,18.0,18.0,True,2.057289049401186,2.0572890494011675,2.646771690706373e-13,4.98685007865143e-14,6.910028105266974e-13,2.254710434997561e-14,7.626965725648915e-11,9.214948957654339e-14,0.0030335702388275543,0.003033570238851091,1.2643006760008575,0.7569413470009749,0.5987035848112301,folded>materialized,True
Rice_Amylose_313_YbasedSplit,0,3,Ridge,203,110,1154,sg_smooth_w21_p3,sg_smooth_w21_p3,True,5.249225852326985e-06,5.249225852326985e-06,True,1.936250591246078,1.9362505910432857,8.993179534400042e-10,1.6878647520632237e-10,9.778887033462524e-09,3.084028750004158e-10,3.960582546369551e-07,4.07412477655497e-10,0.005432686248942886,0.00543268596590929,2.9075467200000276,0.2218497859994386,0.07630136584681828,materialized>folded,True
Rice_Amylose_313_YbasedSplit,1,3,PLS,203,110,1154,sg_d1_w21_p3,sg_d1_w21_p3,True,17.0,17.0,True,2.269903757926176,2.269903757926107,2.291500322826323e-13,4.330185496474828e-14,6.625811010962934e-13,2.0258881355957665e-14,1.3392309483606368e-10,1.3567999497101242e-13,0.030955851173685822,0.03095585117370092,5.559820770000442,2.8069097959996725,0.5048561657140342,materialized>folded,True
Rice_Amylose_313_YbasedSplit,1,3,Ridge,203,110,1154,sg_smooth_w21_p3,sg_smooth_w21_p3,True,9.225570207727132e-06,9.225570207727132e-06,True,1.968351043558364,1.9683510436511908,3.7883340908706487e-10,7.150680228174755e-11,8.265487849712372e-09,2.656681184887774e-10,1.8025379588948454e-07,2.1050718604659151e-10,0.005241327299850607,0.0052413273308977715,9.022709146000125,0.5035664400002133,0.05581100220031479,folded>materialized,True
Rice_Amylose_313_YbasedSplit,2,3,PLS,203,110,1154,sg_smooth_w21_p3,sg_smooth_w21_p3,True,19.0,19.0,True,1.992077735425672,1.9920777354256527,2.793321129956894e-13,5.184749367540156e-14,7.247535904753022e-13,2.352250275460551e-14,1.0226131053059362e-10,1.1214569244769045e-13,0.0483730914405851,0.048373091440554905,1.6264850619991194,0.7979099809999752,0.4905731996205737,folded>materialized,True
Rice_Amylose_313_YbasedSplit,2,3,Ridge,203,110,1154,sg_smooth_w21_p3,sg_smooth_w21_p3,True,5.249225852326985e-06,5.249225852326985e-06,True,1.936250591246078,1.9362505910432857,2.528482756503081e-09,4.805838242822242e-10,9.778887033462524e-09,3.084028750004158e-10,3.960582546369551e-07,4.07412477655497e-10,0.020024085201471475,0.020024084896199668,4.5690361199995095,0.2535227219996159,0.05548713455993495,materialized>folded,True
TIC_spxy70,0,3,PLS,43,19,254,sg_smooth_w21_p3,sg_smooth_w21_p3,True,6.0,6.0,True,3.7880558431472924,3.7880558431472875,2.737721160883666e-11,5.330668511896509e-13,7.105427357601002e-14,7.652317285260474e-16,5.417888360170764e-14,5.5393166071525696e-15,0.44945440846272167,0.44945440846271456,0.2623891019993607,0.17266254400055914,0.6580400736345361,materialized>folded,True
TIC_spxy70,0,3,Ridge,43,19,254,sg_smooth_w21_p3,sg_smooth_w21_p3,True,0.026299732276461166,0.026299732276461166,True,3.6501909677101936,3.6501909677110302,6.702656207835389e-10,1.4032955564031008e-11,3.637978807091713e-12,3.9440626863723895e-14,5.725198093387007e-12,6.127624299000899e-13,0.023299399861951287,0.02329939986138907,0.1749189629990724,0.025399391999599175,0.14520662347931865,folded>materialized,True
TIC_spxy70,1,3,PLS,43,19,254,sg_smooth_w21_p3,sg_smooth_w21_p3,True,5.0,5.0,True,4.768429523581213,4.76842952358121,2.7966962079517543e-11,5.009530974568968e-13,4.263256414560601e-14,4.75346426488099e-16,2.6645352591003757e-14,3.5104288141022853e-15,0.5645033702094437,0.5645033702094517,0.5205960310013324,0.3105547840004874,0.5965369797444586,folded>materialized,True
TIC_spxy70,1,3,Ridge,43,19,254,sg_smooth_w21_p3,sg_smooth_w21_p3,True,0.0812357596312192,0.0812357596312192,True,3.996109023248992,3.996109023249298,4.842668488436175e-10,9.196565347773332e-12,1.4352963262354024e-12,1.5843071185671898e-14,1.2798651027878805e-12,2.0216248107546091e-13,0.046189950130704815,0.04618995013049343,0.25493615300001693,0.0420474809998268,0.16493337843622363,materialized>folded,True
TIC_spxy70,2,3,PLS,43,19,254,sg_smooth_w21_p3,sg_smooth_w21_p3,True,8.0,8.0,True,3.4282486520966993,3.428248652096693,1.9312551557959523e-11,3.928249389973804e-13,8.526512829121202e-14,9.108184517379838e-16,1.3322676295501878e-13,1.1154120072363446e-14,0.10545751765902445,0.105457517659028,0.7518408689993521,0.2692278280010214,0.35809150460169176,materialized>folded,True
TIC_spxy70,2,3,Ridge,43,19,254,sg_smooth_w21_p3,sg_smooth_w21_p3,True,0.026299732276461166,0.026299732276461166,True,3.6501909677101936,3.6501909677110302,8.143459240272932e-10,1.917221079442051e-11,3.637978807091713e-12,3.9440626863723895e-14,5.725198093387007e-12,6.127624299000899e-13,0.004295637339796876,0.004295637339977176,0.34535571099877416,0.07009931400170899,0.20297713855369778,folded>materialized,True
WUEinst_spxyG70_30_byCultivar_MicroNIR_NeoSpectra,0,3,PLS,77,35,276,detrend_d2,detrend_d2,True,8.0,8.0,True,1.5594523164359226,1.5594523164359209,2.0872192862952943e-13,7.456116985476257e-14,3.197442310920451e-14,4.204776412646687e-15,2.5082158572331537e-12,5.332712974060123e-14,0.022913228664514174,0.022913228664515062,0.28921444099978544,0.15661028800059285,0.5415023103936537,folded>materialized,True
WUEinst_spxyG70_30_byCultivar_MicroNIR_NeoSpectra,0,3,Ridge,77,35,276,detrend_d2,detrend_d2,True,0.00031960146750075044,0.00031960146750075044,True,1.4317032781289132,1.4317032781290353,3.4763525391667827e-10,1.4529275697961512e-10,2.525979425627156e-12,3.573703150598945e-13,1.5443646361745778e-11,2.889087836676754e-13,0.003125936218054237,0.003125936218033809,0.24047108000013395,0.028057560999513953,0.11667748570638234,materialized>folded,True
WUEinst_spxyG70_30_byCultivar_MicroNIR_NeoSpectra,1,3,PLS,77,35,276,sg_d1_w21_p3,sg_d1_w21_p3,True,9.0,9.0,True,1.5609641296806551,1.5609641296806547,1.7541523789077473e-13,6.112089549364477e-14,2.7533531010703882e-14,3.7990661089099965e-15,1.802114013571554e-12,1.544346680044027e-14,0.01578034692150676,0.01578034692150565,0.5532513850012037,0.35130741800094256,0.6349869652837439,materialized>folded,True
WUEinst_spxyG70_30_byCultivar_MicroNIR_NeoSpectra,1,3,Ridge,77,35,276,sg_d1_w21_p3,sg_d1_w21_p3,True,6.170538274514538e-06,6.170538274514538e-06,True,1.4072682020960485,1.4072682020959602,6.624381043707217e-10,2.706115785814011e-10,9.445777493510832e-13,1.3650496454501578e-13,1.1453948900452815e-11,1.4602172913137536e-13,0.004953872292052575,0.004953872292038586,0.5168398990008427,0.06133066900110862,0.11866473373993253,folded>materialized,True
WUEinst_spxyG70_30_byCultivar_MicroNIR_NeoSpectra,2,3,PLS,77,35,276,sg_d1_w21_p3,sg_d1_w21_p3,True,9.0,9.0,True,1.5609641296806551,1.5609641296806547,2.278177646530821e-13,7.998821000837428e-14,2.7533531010703882e-14,3.7990661089099965e-15,1.802114013571554e-12,1.544346680044027e-14,0.009011000353086107,0.009011000353086551,1.3329996569991636,0.6481177030000254,0.48620995481653906,folded>materialized,True
WUEinst_spxyG70_30_byCultivar_MicroNIR_NeoSpectra,2,3,Ridge,77,35,276,sg_d1_w21_p3,sg_d1_w21_p3,True,1.9976855680072037e-06,1.9976855680072037e-06,True,1.532476720502935,1.5324767205026875,4.1915582116303085e-10,1.8285991615116238e-10,2.674305221717077e-12,3.7896626172199156e-13,5.611688891349331e-11,4.366644614035003e-13,0.00321515484840873,0.003215154848553281,0.9985240160003741,0.12917313199977798,0.12936407129914199,materialized>folded,True
brix_groupSampleID_stratDateVar_balRows,0,3,PLS,1434,699,2101,fd_d1,fd_d1,True,25.0,25.0,True,3.8748307157728576,3.874830715772864,1.8207657603852567e-13,2.0115525851555018e-14,1.4281908988778014e-12,4.702199770379575e-14,9.209716322899908e-13,2.6835248763107853e-13,0.004847153167813367,0.00484715316780715,3.9942610769994644,4.12722199900054,1.033287989802849,folded>materialized,True
brix_groupSampleID_stratDateVar_balRows,0,3,Ridge,1434,699,2101,fd_d1,fd_d1,True,13.5395429887602,13.5395429887602,True,3.7467931450973815,3.7467931450973686,1.0041180331654687e-08,1.3029963105376375e-09,7.535305712735862e-12,2.6696270460935466e-13,6.018519016492974e-13,2.0012701027372915e-13,0.019163759960657778,0.019163759960683535,75.89579416800007,7.736785777999103,0.10193958522751927,materialized>folded,True
brix_groupSampleID_stratDateVar_balRows,1,3,PLS,1434,699,2101,fd_d1,fd_d1,True,25.0,25.0,True,3.8748307157728576,3.874830715772864,7.549516567451064e-14,9.360524068615971e-15,1.4281908988778014e-12,4.702199770379575e-14,9.209716322899908e-13,2.6835248763107853e-13,0.05139575659172113,0.05139575659172291,5.070261541999571,7.951636847999907,1.5682892849081709,materialized>folded,True
brix_groupSampleID_stratDateVar_balRows,1,3,Ridge,1434,699,2101,detrend_d2,detrend_d2,True,7.703818570017948,7.703818570017948,True,3.4819277999920013,3.4819278000650344,1.544117811391743e-08,2.1651880117445835e-09,2.7557689463719726e-09,9.53017394177873e-11,1.2913281555171352e-10,4.011468199134494e-11,0.0062423065069037165,0.006242306411317067,92.6775583890012,10.30268606699974,0.1111669992832099,folded>materialized,True
brix_groupSampleID_stratDateVar_balRows,2,3,PLS,1434,699,2101,fd_d1,fd_d1,True,25.0,25.0,True,3.8748307157728576,3.874830715772864,1.5365486660812167e-13,1.8564134479750627e-14,1.4281908988778014e-12,4.702199770379575e-14,9.209716322899908e-13,2.6835248763107853e-13,0.0834367697140026,0.08343676971399372,13.593177044000186,8.393986985998708,0.6175147251321708,folded>materialized,True
brix_groupSampleID_stratDateVar_balRows,2,3,Ridge,1434,699,2101,fd_d1,fd_d1,True,4.383369557526549,4.383369557526549,True,3.6506627755572456,3.6506627755570182,1.0391306481949414e-08,1.439916828218361e-09,1.9259260852777516e-11,6.67415902537737e-13,3.246347635155189e-12,9.854428915330798e-13,0.007100570198303124,0.007100570198279144,71.63634237299993,11.071862167998916,0.15455649745975797,materialized>folded,True
grapevine_chloride_556_KS,0,3,PLS,388,167,1023,sg_smooth_w21_p3,sg_smooth_w21_p3,True,18.0,18.0,True,978.0940363388559,978.0940363388556,5.9117155615240335e-12,3.8024162678718756e-15,2.0691004465334117e-11,4.256953615060001e-15,7.950973213155521e-12,3.514592871527029e-14,4.532166851696729,4.532166851697184,1.2073716550003155,0.8233685939994757,0.681951237292597,materialized>folded,True
grapevine_chloride_556_KS,0,3,Ridge,388,167,1023,sg_smooth_w21_p3,sg_smooth_w21_p3,True,6.569700230202675,6.569700230202675,True,964.3649874074544,964.364987406154,2.382334969297517e-07,1.3052861225795226e-10,4.516914486885071e-08,9.616683208651984e-12,2.121556264000901e-09,9.51445947230477e-12,1.6738352374984515,1.6738352364450293,5.129275994000636,0.43510050999975647,0.08482688599885516,folded>materialized,True
grapevine_chloride_556_KS,1,3,PLS,388,167,1023,sg_smooth_w21_p3,sg_smooth_w21_p3,True,18.0,18.0,True,978.0940363388559,978.0940363388556,6.366462912410498e-12,4.068000694042253e-15,2.0691004465334117e-11,4.256953615060001e-15,7.950973213155521e-12,3.514592871527029e-14,2.733153400532956,2.733153400533638,2.1914977520009415,1.2925550349991681,0.5898044083408271,folded>materialized,True
grapevine_chloride_556_KS,1,3,Ridge,388,167,1023,sg_smooth_w21_p3,sg_smooth_w21_p3,True,3.7380714160663895,3.7380714160663895,True,953.9795463178996,953.9795463171023,2.512563241907628e-07,1.33724424645167e-10,8.009374141693115e-08,1.6784647659792932e-11,4.254104624124011e-09,1.5526455375646487e-11,1.234988400083239,1.2349883988636066,11.086775073999888,0.5105263470013597,0.04604822805493897,materialized>folded,True
grapevine_chloride_556_KS,2,3,PLS,388,167,1023,sg_smooth_w21_p3,sg_smooth_w21_p3,True,18.0,18.0,True,978.0940363388559,978.0940363388556,1.0686562745831907e-11,7.094847307699993e-15,2.0691004465334117e-11,4.256953615060001e-15,7.950973213155521e-12,3.514592871527029e-14,0.32212750524081457,0.3221275052405872,2.225464479000948,1.8863843819999602,0.8476362574193019,materialized>folded,True
grapevine_chloride_556_KS,2,3,Ridge,388,167,1023,sg_smooth_w21_p3,sg_smooth_w21_p3,True,3.7380714160663895,3.7380714160663895,True,953.9795463178996,953.9795463171023,4.6204809223127086e-07,2.610654356219407e-10,8.009374141693115e-08,1.6784647659792932e-11,4.254104624124011e-09,1.5526455375646487e-11,2.8632233683586037,2.8632233694456772,9.620021115000782,0.6408988769999269,0.06662135865799239,folded>materialized,True
ph_groupSampleID_stratDateVar_balRows,0,3,PLS,912,489,2101,identity,identity,True,23.0,23.0,True,0.37070813411504455,0.3707081341150381,4.218847493575595e-15,4.218847493575595e-15,3.1086244689504383e-13,4.254663190090383e-14,3.035522137470603e-14,3.035522137470603e-14,0.001384019220839472,0.0013840192208390834,4.482133041999987,6.739150843999596,1.5035588593310694,materialized>folded,True
ph_groupSampleID_stratDateVar_balRows,0,3,Ridge,912,489,2101,detrend_d2,detrend_d2,True,70.5464290490247,70.5464290490247,True,0.3122065868449806,0.3122065868447604,3.366812939553654e-10,3.366812939553654e-10,1.2732925824820995e-11,2.959532730609304e-12,3.398340636673325e-13,3.398340636673325e-13,0.00044468884087556226,0.00044468884306225753,42.95764726000016,5.609593393000978,0.13058427895385064,folded>materialized,True
ph_groupSampleID_stratDateVar_balRows,1,3,PLS,912,489,2101,detrend_d1,detrend_d1,True,17.0,17.0,True,0.3507700854661721,0.3507700854661713,3.3861802251067274e-15,3.3861802251067274e-15,1.1235457009206584e-13,2.5306975004766134e-14,2.65672900345848e-14,2.65672900345848e-14,0.00036039651160152397,0.00036039651160296726,3.8751885420006147,5.323811038999338,1.3738198751617008,folded>materialized,True
ph_groupSampleID_stratDateVar_balRows,1,3,Ridge,912,489,2101,detrend_d2,detrend_d2,True,70.5464290490247,70.5464290490247,True,0.3122065868449806,0.3122065868447604,4.4790093856050817e-10,4.4790093856050817e-10,1.2732925824820995e-11,2.959532730609304e-12,3.398340636673325e-13,3.398340636673325e-13,0.0003591546220845787,0.0003591546227122988,52.42823706699892,5.733046093999292,0.10935035039749547,materialized>folded,True
ph_groupSampleID_stratDateVar_balRows,2,3,PLS,912,489,2101,detrend_d2,detrend_d2,True,20.0,20.0,True,0.3396617630841978,0.339661763084197,7.438494264988549e-15,7.438494264988549e-15,1.4477308241112041e-13,3.232191785442221e-14,3.8094527532450684e-14,3.8094527532450684e-14,9.094856707458909e-05,9.094856707209109e-05,6.9235665280011744,11.720343335000507,1.6928187643752095,materialized>folded,True
ph_groupSampleID_stratDateVar_balRows,2,3,Ridge,912,489,2101,detrend_d2,detrend_d2,True,40.13997301145948,40.13997301145948,True,0.3100461973755171,0.31004619737498634,1.0772475134146475e-09,1.0772475134146475e-09,2.6830093702301383e-11,6.243314701593505e-12,8.057582379095152e-13,8.057582379095152e-13,0.0003169320457869218,0.000316932045556495,46.76732190999974,3.340937736998967,0.0714374396598624,folded>materialized,True
ta_groupSampleID_stratDateVar_balRows,0,3,PLS,912,489,2101,fd_d1,fd_d1,True,20.0,20.0,True,1.9296309740861828,1.9296309740861892,1.4210854715202004e-14,5.606509111002259e-15,2.6911806116913795e-13,2.1553902863294477e-14,1.610569316801147e-13,1.436492323654599e-13,0.005324568889589987,0.005324568889591763,3.75767420900047,2.9991783860004944,0.7981475293458894,folded>materialized,True
ta_groupSampleID_stratDateVar_balRows,0,3,Ridge,912,489,2101,detrend_d1,detrend_d1,True,70.5464290490247,70.5464290490247,True,1.9222082695733131,1.922208269569551,5.999973407000425e-09,1.6146025110325249e-09,2.9103830456733704e-10,1.7316231069314582e-11,4.933373154436538e-12,4.933373154436538e-12,0.0005084833593418381,0.0005084833526076693,41.31975232700097,3.4729649370001425,0.0840509621044046,materialized>folded,True
ta_groupSampleID_stratDateVar_balRows,1,3,PLS,912,489,2101,fd_d1,fd_d1,True,23.0,23.0,True,1.9195962950411236,1.9195962950411303,2.4424906541753444e-14,9.589185138201372e-15,4.1389114358025836e-13,3.291687036618611e-14,2.510582887416124e-13,1.9339240770344683e-13,0.004069836625814061,0.004069836625816503,6.507973186000527,5.129789317999894,0.788231477203182,materialized>folded,True
ta_groupSampleID_stratDateVar_balRows,1,3,Ridge,912,489,2101,detrend_d2,detrend_d2,True,70.5464290490247,70.5464290490247,True,1.9193946926620973,1.9193946926613492,2.7515252298826454e-09,7.16167931444131e-10,1.3096723705530167e-10,7.94479943032249e-12,2.93316759769624e-12,2.93316759769624e-12,0.0020854795459108733,0.002085479545769875,52.6581284240001,4.840336687000672,0.09192002890848248,folded>materialized,True
ta_groupSampleID_stratDateVar_balRows,2,3,PLS,912,489,2101,fd_d1,fd_d1,True,24.0,24.0,True,1.914168988166512,1.9141689881665174,6.616929226765933e-14,2.5869151431625723e-14,4.3787196091216174e-13,3.468804344534492e-14,2.6873463307083845e-13,2.048341850373651e-13,0.00815376308427962,0.008153763084281174,5.471500042000116,5.378934984000807,0.9830823252693476,folded>materialized,True
ta_groupSampleID_stratDateVar_balRows,2,3,Ridge,912,489,2101,detrend_d1,detrend_d1,True,70.5464290490247,70.5464290490247,True,1.9222082695733131,1.922208269569551,4.660573704740045e-09,1.22312902747998e-09,2.9103830456733704e-10,1.7316231069314582e-11,4.933373154436538e-12,4.933373154436538e-12,0.001097378057171472,0.0010973780562693047,45.072812428999896,4.922498572999757,0.10921214603046639,materialized>folded,True
ALPINE_P_291_KS,0,5,PLS,247,44,2151,detrend_d1,detrend_d1,True,21.0,21.0,True,0.06451333701154281,0.06451333701154266,1.3183898417423734e-15,1.3183898417423734e-15,8.881784197001252e-15,8.881784197001252e-15,6.469477731307904e-13,6.469477731307904e-13,0.0002822682662900894,0.0002822682662907833,7.817823359999238,5.136932600000364,0.6570796452480687,materialized>folded,True
ALPINE_P_291_KS,0,5,Ridge,247,44,2151,detrend_d1,detrend_d1,True,0.008191078762380611,0.008191078762380611,True,0.060200038857082125,0.06020003885711891,2.565235523999121e-11,2.565235523999121e-11,1.1013412404281553e-12,1.1013412404281553e-12,3.166245043928484e-12,3.166245043928484e-12,0.0001618924231251151,0.00016189242315499397,22.276806744001078,1.5650299380013166,0.07025378259937383,folded>materialized,True
ALPINE_P_291_KS,1,5,PLS,247,44,2151,identity,identity,True,22.0,22.0,True,0.06302425373923279,0.06302425373923276,2.581268532253489e-15,2.581268532253489e-15,3.3306690738754696e-15,3.3306690738754696e-15,1.5690226895515025e-13,1.5690226895515025e-13,5.5225497088723374e-05,5.522549708891766e-05,8.721642381999118,5.193592010999055,0.5954832568827035,folded>materialized,True
ALPINE_P_291_KS,1,5,Ridge,247,44,2151,detrend_d1,detrend_d1,True,0.008191078762380611,0.008191078762380611,True,0.060200038857082125,0.06020003885711891,3.820441185631296e-11,3.820441185631296e-11,1.1013412404281553e-12,1.1013412404281553e-12,3.166245043928484e-12,3.166245043928484e-12,7.065727694016699e-05,7.065727690304391e-05,25.96763074500086,1.5174711069994373,0.05843702576876684,materialized>folded,True
ALPINE_P_291_KS,2,5,PLS,247,44,2151,detrend_d2,detrend_d2,True,19.0,19.0,True,0.06158303025937304,0.06158303025937272,1.8735013540549517e-15,1.8735013540549517e-15,6.5503158452884236e-15,6.5503158452884236e-15,3.9219278866187146e-13,3.9219278866187146e-13,0.0005662845953062212,0.0005662845953056383,8.194853065000643,5.2866584530002,0.6451193707888385,materialized>folded,True
ALPINE_P_291_KS,2,5,Ridge,247,44,2151,detrend_d1,detrend_d1,True,0.00466061407910827,0.00466061407910827,True,0.060765777716153935,0.06076577771614766,1.9561852138139102e-11,1.9561852138139102e-11,1.1404210908949608e-12,1.1404210908949608e-12,6.300293620142838e-12,6.207908653861117e-12,3.0452639154840422e-05,3.0452639144099014e-05,25.64805376000004,1.5371946390005178,0.05993416316827447,folded>materialized,True
An_spxyG70_30_byCultivar_ASD,0,5,PLS,78,34,2101,sg_smooth_w21_p3,sg_smooth_w21_p3,True,6.0,6.0,True,4.077997851474462,4.077997851474461,1.438849039914203e-13,2.286574867817198e-14,3.241851231905457e-14,2.7854024505716388e-15,2.886579864025407e-15,1.5254952088062094e-15,0.00020309485639602443,0.00020309485639469216,6.731524232000083,3.960309807000158,0.5883228924845544,folded>materialized,True
An_spxyG70_30_byCultivar_ASD,0,5,Ridge,78,34,2101,fd_d1,fd_d1,True,0.0001265062906194427,0.0001265062906194427,True,3.603434063975252,3.6034340639752895,3.801634562705658e-10,5.0931802182353025e-11,1.687538997430238e-13,1.647202917834588e-14,2.5579538487363607e-12,1.6907666025352422e-14,0.0007545972465430317,0.0007545972465439199,7.839332769999601,0.6501856830000179,0.08293890590895926,materialized>folded,True
An_spxyG70_30_byCultivar_ASD,1,5,PLS,78,34,2101,sg_d2_w11_p2,sg_d2_w11_p2,True,4.0,4.0,True,3.8967744674064786,3.896774467406478,2.007283228522283e-13,3.222940179248213e-14,1.5987211554602254e-14,1.5141587978781245e-15,3.743672039036028e-12,2.724718638529253e-14,0.04785245656704884,0.04785245656704662,14.03549050500078,8.101786028000788,0.5772356887074349,materialized>folded,True
An_spxyG70_30_byCultivar_ASD,1,5,Ridge,78,34,2101,sg_smooth_w21_p3,sg_smooth_w21_p3,True,0.006552361290268685,0.006552361290268685,True,3.9553924079644704,3.9553924079629,5.700764305061057e-10,7.613814299609469e-11,1.6143530956469476e-11,1.4076755283982447e-12,1.4313217278072443e-11,2.5679061521624718e-12,5.9537456621683305e-05,5.953745624909246e-05,15.122184138001103,1.162201527000434,0.07685407851104618,folded>materialized,True
An_spxyG70_30_byCultivar_ASD,2,5,PLS,78,34,2101,sg_d2_w11_p2,sg_d2_w11_p2,True,5.0,5.0,True,3.9448605262813587,3.9448605262813587,6.572520305780927e-14,1.1451694702466467e-14,2.842170943040401e-14,2.4557329688274668e-15,9.56923429384915e-12,6.552314649775592e-14,0.13552386821688733,0.13552386821688867,13.541315278000184,8.254479081999307,0.6095773499498898,folded>materialized,True
An_spxyG70_30_byCultivar_ASD,2,5,Ridge,78,34,2101,fd_d1,fd_d1,True,2.330334388809935e-05,2.330334388809935e-05,True,3.6992511231734877,3.6992511231736147,6.232045990373081e-10,9.631895734016605e-11,9.201528428093297e-13,8.470285820542602e-14,1.8985701899509877e-11,7.605753281487397e-14,0.002562956526480864,0.0025629565264977394,16.161562368999512,1.2792670640010328,0.07915491304571357,materialized>folded,True
An_spxyG70_30_byCultivar_MicroNIR,0,5,PLS,81,35,125,detrend_d2,detrend_d2,True,5.0,5.0,True,3.525626689488808,3.525626689488803,1.3171685964152857e-12,2.515547662735416e-13,3.2862601528904634e-14,3.1835280234070467e-15,4.806821607417078e-12,2.5364788601803855e-14,0.017811116770207747,0.017811116770206414,1.6291638359998615,0.7944391640012327,0.48763613974629144,materialized>folded,True
An_spxyG70_30_byCultivar_MicroNIR,0,5,Ridge,81,35,125,detrend_d2,detrend_d2,True,6.337986649465327e-05,6.337986649465327e-05,True,3.3565258209002446,3.356525820900102,3.1698368374577512e-09,7.213616383637209e-10,6.4712679659351124e-12,6.357330550242089e-13,9.913492249324918e-11,2.8878785912866027e-13,0.0021268690471489826,0.0021268690475211294,1.3335990579998906,0.2638523929999792,0.19784986455801834,folded>materialized,True
An_spxyG70_30_byCultivar_MicroNIR,1,5,PLS,81,35,125,sg_d1_w11_p2,sg_d1_w11_p2,True,21.0,21.0,True,4.547591319297113,4.5475913192970445,1.3571366253017914e-12,2.898813432357682e-13,1.7781331962396507e-12,1.0530824597851506e-13,2.517936081858352e-09,4.433313947289984e-13,0.06031406348564916,0.060314063485632285,0.43925480200050515,0.2518744250010059,0.5734130255466535,folded>materialized,True
An_spxyG70_30_byCultivar_MicroNIR,1,5,Ridge,81,35,125,detrend_d2,detrend_d2,True,1.2236736429815074e-06,1.2236736429815074e-06,True,3.8847736117404943,3.884773611725494,3.973275042312707e-09,1.0375854695058187e-09,2.568532053714989e-10,1.8822060172669774e-11,2.440640400891425e-08,1.1895334717691709e-11,0.0006669293898129425,0.000666929338596578,0.43802677699932246,0.08288773599997512,0.1892298378829551,materialized>folded,True
An_spxyG70_30_byCultivar_MicroNIR,2,5,PLS,81,35,125,detrend_d2,detrend_d2,True,5.0,5.0,True,3.525626689488808,3.525626689488803,2.3350210653916292e-12,4.80955433651075e-13,3.2862601528904634e-14,3.1835280234070467e-15,4.806821607417078e-12,2.5364788601803855e-14,0.006505081214937203,0.006505081214937647,0.4319515959996352,0.21824715299953823,0.5052583553823067,materialized>folded,True
An_spxyG70_30_byCultivar_MicroNIR,2,5,Ridge,81,35,125,detrend_d2,detrend_d2,True,0.0001113907887662313,0.0001113907887662313,True,3.3798035121495964,3.3798035121494596,2.041957714027376e-09,5.06592782212013e-10,3.4994229736184934e-12,3.5912493093424986e-13,3.680611371237319e-11,1.534550989607031e-13,0.009997043469263112,0.009997043469246236,0.4430559419997735,0.07470396299868298,0.16861067851048295,folded>materialized,True
An_spxyG70_30_byCultivar_MicroNIR_NeoSpectra,0,5,PLS,80,35,276,fd_d1,fd_d1,True,7.0,7.0,True,3.791200099624003,3.7912000996240067,1.971756091734278e-13,3.705529906098401e-14,6.572520305780927e-14,4.514311360450215e-15,2.516742370062275e-11,6.308334146612028e-14,0.05362654373446851,0.05362654373446718,2.8987260869998863,1.5038970850000624,0.5188131061243392,folded>materialized,True
An_spxyG70_30_byCultivar_MicroNIR_NeoSpectra,0,5,Ridge,80,35,276,fd_d1,fd_d1,True,5.949955689523392e-06,5.949955689523392e-06,True,3.786054493562058,3.786054493561853,2.6150410725733764e-09,5.020988408640129e-10,3.581135388230905e-12,2.8950503722512225e-13,3.4989255937034613e-10,5.595094144145496e-13,0.013522770503453962,0.013522770503452186,2.647712858999512,0.31262775600043824,0.11807464504235196,materialized>folded,True
An_spxyG70_30_byCultivar_MicroNIR_NeoSpectra,1,5,PLS,80,35,276,detrend_d1,detrend_d1,True,18.0,18.0,True,4.610192494598672,4.610192494598668,1.8562928971732617e-13,4.0031760695588345e-14,7.780442956573097e-13,5.320561174525176e-14,2.86640045032982e-10,2.631849954442798e-13,0.04397000528632233,0.04397000528629702,0.9062881390000257,0.48256625900103245,0.5324644980276176,materialized>folded,True
An_spxyG70_30_byCultivar_MicroNIR_NeoSpectra,1,5,Ridge,80,35,276,detrend_d1,detrend_d1,True,1.0457110341752567e-05,1.0457110341752567e-05,True,4.353674321635396,4.3536743216366505,1.6524306367671215e-09,3.844850622179602e-10,1.3096723705530167e-10,8.97886681433063e-12,7.3799810706987046e-09,9.782085087988201e-12,0.002898614241595432,0.0028986142397751102,0.9195105029994011,0.09455995999996958,0.10283728102236932,folded>materialized,True
An_spxyG70_30_byCultivar_MicroNIR_NeoSpectra,2,5,PLS,80,35,276,fd_d1,fd_d1,True,11.0,11.0,True,4.1385434270685755,4.138543427068568,4.405364961712621e-13,9.396653258885934e-14,1.8474111129762605e-13,1.433559048112827e-14,1.198259269585833e-10,1.2171690847919648e-13,0.04337119449058102,0.043371194490589904,0.8460636780000641,0.5139279750001151,0.6074341546193597,folded>materialized,True
An_spxyG70_30_byCultivar_MicroNIR_NeoSpectra,2,5,Ridge,80,35,276,fd_d1,fd_d1,True,1.926272892647824e-06,1.926272892647824e-06,True,4.092496501666907,4.09249650166641,2.152460432114367e-09,4.663096371089177e-10,1.1141310096718371e-11,8.860651266962061e-13,1.9888943825208116e-09,2.050163236171967e-12,0.022743609437056556,0.02274360943709075,0.8757075019984768,0.08770021700001962,0.10014784251576751,materialized>folded,True
An_spxyG70_30_byCultivar_NeoSpectra,0,5,PLS,82,37,257,detrend_d1,detrend_d1,True,13.0,13.0,True,5.155516687304963,5.155516687304963,1.199040866595169e-13,2.0617787949193652e-14,1.900701818158268e-13,1.6143282408999594e-14,2.7256419343757443e-11,6.606117496027692e-14,0.07533527693295206,0.07533527693295872,2.693605276999733,1.4048702769996453,0.5215575901174567,folded>materialized,True
An_spxyG70_30_byCultivar_NeoSpectra,0,5,Ridge,82,37,257,fd_d1,fd_d1,True,3.987345030102729e-06,3.987345030102729e-06,True,4.634967097084755,4.634967097084491,1.2238237090400617e-09,2.1872408888264995e-10,1.2164491636212915e-11,9.778254225593233e-13,2.9876900953240693e-10,6.423141048516892e-13,0.027501018387875664,0.027501018387750875,2.616992104000019,0.33481850200041663,0.12794020336884218,materialized>folded,True
An_spxyG70_30_byCultivar_NeoSpectra,1,5,PLS,82,37,257,detrend_d1,detrend_d1,True,13.0,13.0,True,5.155516687304963,5.155516687304963,1.1368683772161603e-13,2.0464219607841924e-14,1.900701818158268e-13,1.6143282408999594e-14,2.7256419343757443e-11,6.606117496027692e-14,0.005059200834138355,0.005059200834145461,0.9084090800006379,0.5176527180010453,0.5698453806744003,materialized>folded,True
An_spxyG70_30_byCultivar_NeoSpectra,1,5,Ridge,82,37,257,detrend_d1,detrend_d1,True,3.804307855867646e-05,3.804307855867646e-05,True,4.895180487628496,4.895180487625265,6.892220127951987e-10,1.299720859337834e-10,2.4101609596982598e-11,2.211774261372359e-12,4.948503828927642e-10,1.594016576660912e-12,0.0051098972736278725,0.00510989727362432,0.8152047319999838,0.11663693599984981,0.14307686329751595,folded>materialized,True
An_spxyG70_30_byCultivar_NeoSpectra,2,5,PLS,82,37,257,fd_d1,fd_d1,True,6.0,6.0,True,5.012778254986413,5.012778254986407,1.2878587085651816e-13,2.4489817551376907e-14,8.704148513061227e-14,7.94352588856449e-15,9.599432360118954e-12,3.62078604530201e-14,0.02496373988174838,0.02496373988174483,0.6672613760001695,0.4265246669983753,0.6392167782213531,folded>materialized,True
An_spxyG70_30_byCultivar_NeoSpectra,2,5,Ridge,82,37,257,fd_d1,fd_d1,True,7.0078012553675005e-06,7.0078012553675005e-06,True,4.577198571079661,4.577198571079636,1.8319807892908102e-09,3.543311914019604e-10,6.0254023992456496e-12,5.27212556310017e-13,1.5165824152063578e-10,4.021511654699256e-13,0.002300691774751673,0.0023006917747236955,0.8855811120010912,0.11638054200011538,0.1314171456718828,materialized>folded,True
Beef_Marbling_RandomSplit,0,5,PLS,554,278,331,detrend_d2,detrend_d2,True,18.0,18.0,True,73.11659723012605,73.11659723012353,2.0747847884194925e-11,1.9625170878114957e-13,1.0260237104375847e-10,1.7632366986690314e-13,2.5418739824090153e-07,9.446213272526201e-12,0.08375921576113399,0.08375921576080714,3.8150045210004464,2.4760675109992007,0.6490339650632647,folded>materialized,True
Beef_Marbling_RandomSplit,0,5,Ridge,554,278,331,detrend_d2,detrend_d2,True,6.575164520990757e-06,6.575164520990757e-06,True,73.27574535169417,73.27574535098077,1.2538811233753222e-07,1.1796877128569429e-09,3.614695742726326e-08,6.215632397184176e-11,1.0066996765090153e-06,6.100799971279241e-11,0.04178028602224515,0.04178028604174244,15.488191245000053,4.023520718999862,0.2597798965259257,materialized>folded,True
Beef_Marbling_RandomSplit,1,5,PLS,554,278,331,sg_smooth_w21_p3,sg_smooth_w21_p3,True,18.0,18.0,True,74.10045792148625,74.10045792148745,8.284928298962768e-12,7.762126375759755e-14,5.6274984672199935e-11,9.735262301097525e-14,2.3475877242162824e-08,1.0432658947537719e-12,0.13993719212737687,0.13993719212770372,1.2470479059993522,0.8167353130011179,0.6549349941344933,materialized>folded,True
Beef_Marbling_RandomSplit,1,5,Ridge,554,278,331,sg_smooth_w21_p3,sg_smooth_w21_p3,True,2.1286815973748503e-06,2.1286815973748503e-06,True,73.27674128687433,73.27674110901515,5.4150518735696096e-08,5.049295169675239e-10,1.0102987289428711e-05,1.7365891596151006e-08,0.00028724413186864695,1.4131715819372716e-08,0.015668666005566934,0.015668729725703656,8.193378342999495,1.1516207189997658,0.14055505199314056,folded>materialized,True
Beef_Marbling_RandomSplit,2,5,PLS,554,278,331,detrend_d1,detrend_d1,True,19.0,19.0,True,73.25289644894012,73.25289644893854,1.7706724975141697e-11,1.663911342582684e-13,7.09405867382884e-11,1.220192273820356e-13,2.1326377463992685e-07,7.869964708731426e-12,0.01974788893313928,0.01974788892681545,1.3468039339986717,0.8427364269991813,0.6257305950221649,folded>materialized,True
Beef_Marbling_RandomSplit,2,5,Ridge,554,278,331,detrend_d2,detrend_d2,True,3.741180524319172e-06,3.741180524319172e-06,True,73.15686611017156,73.15686610917193,8.024461806144245e-08,7.502307943516178e-10,4.6566128730773926e-08,7.973906475072748e-11,2.013148332480341e-06,1.0183041494819587e-10,0.00042780005942688604,0.00042779975898099565,7.84793614299997,1.2507471540011466,0.15937274860687553,materialized>folded,True
Beer_OriginalExtract_60_KS,0,5,PLS,40,20,576,sg_smooth_w21_p3,sg_smooth_w21_p3,True,3.0,3.0,True,0.3288731834575113,0.32887318345751043,4.107825191113079e-15,1.4824711138650319e-15,1.4210854715202004e-14,8.95939432211733e-16,8.770761894538737e-15,2.52574155072502e-15,0.0014607353625301633,0.0014607353625299968,5.417893843999991,2.6853942219986493,0.49565279411529456,folded>materialized,True
Beer_OriginalExtract_60_KS,0,5,Ridge,40,20,576,sg_smooth_w21_p3,sg_smooth_w21_p3,True,0.005416964101181233,0.005416964101181233,True,0.26119301381846244,0.26119301381846427,2.4424906541753444e-15,8.820521154836463e-16,1.7763568394002505e-14,1.1102415629701023e-15,1.982441988346295e-14,5.526220799659982e-15,0.0003493016758777112,0.0003493016758777667,1.1664204059998156,0.40632144499977585,0.3483490540029528,materialized>folded,True
Beer_OriginalExtract_60_KS,1,5,PLS,40,20,576,sg_smooth_w21_p3,sg_smooth_w21_p3,True,7.0,7.0,True,0.23556444746058175,0.23556444746058122,8.659739592076221e-15,2.8995367526091854e-15,1.0658141036401503e-14,6.631864674029309e-16,6.084022174945858e-14,1.600478498299034e-14,0.0025832860308013794,0.0025832860308005468,1.7488828170007764,0.9509695840006316,0.5437583208870932,materialized>folded,True
Beer_OriginalExtract_60_KS,1,5,Ridge,40,20,576,sg_smooth_w21_p3,sg_smooth_w21_p3,True,0.0017537191288541595,0.0017537191288541595,True,0.24182212356242666,0.24182212356242916,1.7763568394002505e-15,5.950762150328989e-16,2.842170943040401e-14,1.7733901798422948e-15,4.418687638008123e-14,1.1875273186511002e-14,0.00017365743847996828,0.00017365743848041237,0.9900582039990695,0.09434214599968982,0.09528949471719997,folded>materialized,True
Beer_OriginalExtract_60_KS,2,5,PLS,40,20,576,sg_smooth_w21_p3,sg_smooth_w21_p3,True,4.0,4.0,True,0.2595054322300932,0.2595054322300939,1.587618925213974e-14,5.996538468325158e-15,7.105427357601002e-15,4.43629754401418e-16,1.0103029524088925e-14,2.8018122610575075e-15,0.01229849512541914,0.012298495125419862,3.6309896490001847,1.9130952920004347,0.526879852859734,folded>materialized,True
Beer_OriginalExtract_60_KS,2,5,Ridge,40,20,576,sg_smooth_w21_p3,sg_smooth_w21_p3,True,0.0017537191288541595,0.0017537191288541595,True,0.24182212356242666,0.24182212356242916,2.0539125955565396e-15,7.634993336780923e-16,2.842170943040401e-14,1.7733901798422948e-15,4.418687638008123e-14,1.1875273186511002e-14,0.0006873757925161539,0.0006873757925152657,2.4226295089993073,0.25491767799940135,0.10522355030039149,materialized>folded,True
Beer_OriginalExtract_60_YbaseSplit,0,5,PLS,40,20,576,sg_smooth_w21_p3,sg_smooth_w21_p3,True,7.0,7.0,True,0.27932288262871435,0.27932288262870714,6.217248937900877e-15,2.6676432417144633e-15,2.398081733190338e-14,1.5015009288707313e-15,7.904787935331115e-14,2.001616845010242e-14,0.0013609957441566012,0.0013609957441577392,5.5465273129993875,2.7076298519987176,0.48816668506307537,folded>materialized,True
Beer_OriginalExtract_60_YbaseSplit,0,5,Ridge,40,20,576,sg_smooth_w21_p3,sg_smooth_w21_p3,True,0.0027645537448878882,0.0027645537448878882,True,0.26595537011012454,0.2659553701101243,2.6645352591003757e-15,1.1516717142710528e-15,2.220446049250313e-14,1.3869480013887176e-15,2.1649348980190553e-14,5.70569376404075e-15,0.0011446609316276557,0.0011446609316276835,1.9150859720011795,0.35357720100000734,0.18462732544092259,materialized>folded,True
Beer_OriginalExtract_60_YbaseSplit,1,5,PLS,40,20,576,sg_smooth_w21_p3,sg_smooth_w21_p3,True,4.0,4.0,True,0.2954695900108213,0.29546959001081574,3.9968028886505635e-15,1.5283146246899074e-15,2.4868995751603507e-14,1.5501072148700608e-15,3.574918139293004e-14,9.71056089330858e-15,0.0038855665886695645,0.0038855665886683433,1.5613684939999075,0.8318158970014338,0.5327479708973063,materialized>folded,True
Beer_OriginalExtract_60_YbaseSplit,1,5,Ridge,40,20,576,sg_smooth_w21_p3,sg_smooth_w21_p3,True,0.00157299404384329,0.00157299404384329,True,0.2749689233936278,0.274968923393625,1.7763568394002505e-15,7.03273553412044e-16,2.398081733190338e-14,1.4993154446689718e-15,3.319566843629218e-14,8.617466072952646e-15,0.0009220078870541548,0.0009220078870542658,1.038515907999681,0.12418068399892945,0.1195751389481533,folded>materialized,True
Beer_OriginalExtract_60_YbaseSplit,2,5,PLS,40,20,576,sg_smooth_w21_p3,sg_smooth_w21_p3,True,19.0,19.0,True,0.30287924855369236,0.3028792485536794,2.886579864025407e-15,1.1356828403691144e-15,4.440892098500626e-14,2.7831884149431693e-15,4.947153797729698e-13,1.2500595649030014e-13,1.134301940672322e-05,1.1343019406501176e-05,1.735997330999453,1.132507402999181,0.6523670185294415,folded>materialized,True
Beer_OriginalExtract_60_YbaseSplit,2,5,Ridge,40,20,576,sg_smooth_w21_p3,sg_smooth_w21_p3,True,0.0008950125373912056,0.0008950125373912056,True,0.28324372366361583,0.2832437236636156,2.1649348980190553e-15,8.676051255350562e-16,4.263256414560601e-14,2.6675258298429513e-15,4.6407322429331543e-14,1.1924630973530213e-14,0.0001766208801996516,0.00017662088019906874,1.1251244690010935,0.15185297000061837,0.1349654853168701,materialized>folded,True
Biscuit_Fat_40_RandomSplit,0,5,PLS,40,32,700,identity,identity,True,16.0,16.0,True,0.6807507568725307,0.6807507568724318,2.99482660892636e-13,1.715402751577862e-13,3.090860900556436e-13,1.456512180452565e-14,1.3365308859647484e-11,1.2009801633199364e-12,0.0013871116134050454,0.0013871116134053785,2.0296727919994737,1.2034563280012662,0.5929312018888108,materialized>folded,True
Biscuit_Fat_40_RandomSplit,0,5,Ridge,40,32,700,sg_smooth_w21_p3,sg_smooth_w21_p3,True,8.676746699938046e-05,8.676746699938046e-05,True,0.511802410687044,0.5118024106842974,5.807632152965425e-12,2.9781662963699178e-12,9.094947017729282e-11,4.272548537642786e-12,2.7489122089718876e-10,3.132450482767466e-11,0.0018724855425050757,0.00187248554084396,1.2164678839999397,0.10818406900034461,0.08893294300924592,folded>materialized,True
Biscuit_Fat_40_RandomSplit,1,5,PLS,40,32,700,sg_smooth_w21_p3,sg_smooth_w21_p3,True,14.0,14.0,True,0.6327445068112365,0.6327445068111929,1.7813528430110637e-13,1.0050708229564192e-13,3.7125857943465235e-13,1.7426634682929973e-14,3.2014391138091014e-12,3.911460441719264e-13,0.0020129083032161543,0.0020129083032182082,3.9146873480003705,0.9483726599992224,0.24226012850902456,folded>materialized,True
Biscuit_Fat_40_RandomSplit,1,5,Ridge,40,32,700,sg_smooth_w21_p3,sg_smooth_w21_p3,True,4.936952629037416e-05,4.936952629037416e-05,True,0.6333901558543439,0.6333901558519792,1.2657930259507566e-11,6.5480311551945426e-12,1.0913936421275139e-10,5.137916528174333e-12,4.819202814587698e-10,4.8869904396821027e-11,0.003267074373910328,0.0032670743699731997,0.664366943999994,0.07568547099981515,0.11392118720436493,materialized>folded,True
Biscuit_Fat_40_RandomSplit,2,5,PLS,40,32,700,sg_smooth_w21_p3,sg_smooth_w21_p3,True,12.0,12.0,True,0.345604780634385,0.3456047806343968,5.117017920497346e-13,2.9023992220502466e-13,1.7053025658242404e-13,7.946092805498288e-15,1.454392162258955e-12,2.1215445869077955e-13,0.0009945195943990015,0.0009945195943782403,5.2505704070008505,2.6115200049989653,0.4973783422686598,materialized>folded,True
Biscuit_Fat_40_RandomSplit,2,5,Ridge,40,32,700,sg_smooth_w21_p3,sg_smooth_w21_p3,True,0.00047103241703188014,0.00047103241703188014,True,0.21221584128454724,0.21221584128662566,9.026279723656216e-12,4.517951117235721e-12,3.637978807091713e-11,1.6943173762873544e-12,4.39746017377729e-11,8.291992385129913e-12,0.0015845709167214839,0.001584570916786876,2.815028749000703,0.3614837229997647,0.12841208926483844,folded>materialized,True
Biscuit_Sucrose_40_RandomSplit,0,5,PLS,40,32,700,detrend_d2,detrend_d2,True,5.0,5.0,True,1.1649498367043138,1.164949836704303,3.2596148002994596e-13,8.726817569678547e-14,3.375077994860476e-14,1.2851837293901198e-15,3.447242491461111e-13,7.336619299819066e-14,0.0368081358830743,0.036808135883076964,4.421396758998526,2.3180774429984012,0.5242862311057243,folded>materialized,True
Biscuit_Sucrose_40_RandomSplit,0,5,Ridge,40,32,700,detrend_d2,detrend_d2,True,0.024397004771136998,0.024397004771136998,True,0.9499134825599537,0.9499134825599475,3.027977868441667e-11,7.802081941755287e-12,7.460698725481052e-14,2.9317915055314903e-15,3.1308289294429414e-14,6.651147574442596e-15,0.0005775167861079566,0.0005775167861084007,2.2972764119986095,0.2966705609997007,0.12914012412707446,materialized>folded,True
Biscuit_Sucrose_40_RandomSplit,1,5,PLS,40,32,700,detrend_d1,detrend_d1,True,3.0,3.0,True,1.301208929545148,1.3012089295451499,3.352873534367973e-13,8.890139094440087e-14,1.7763568394002505e-14,7.011629741817231e-16,2.1316282072803006e-14,6.063749451129033e-15,0.022729857648287277,0.022729857648288387,1.6943596599994635,1.0421430759997747,0.615066033854999,materialized>folded,True
Biscuit_Sucrose_40_RandomSplit,1,5,Ridge,40,32,700,detrend_d2,detrend_d2,True,0.07535853196055702,0.07535853196055702,True,1.011488238521466,1.0114882385214625,3.7831959787126834e-11,9.47518968405907e-12,3.019806626980426e-14,1.2213159253858895e-15,8.770761894538737e-15,2.3593625191240765e-15,0.0037946104298978156,0.0037946104298964833,0.6950122620000911,0.07676046400047198,0.11044476219681706,folded>materialized,True
Biscuit_Sucrose_40_RandomSplit,2,5,PLS,40,32,700,sg_smooth_w21_p3,sg_smooth_w21_p3,True,6.0,6.0,True,1.0724162867097062,1.0724162867097173,1.247890679678676e-12,3.3482139336521514e-13,4.263256414560601e-14,1.6541578607970284e-15,2.4868995751603507e-14,5.3838638332435964e-15,0.006195815199441235,0.0061958151994403465,2.455080124998858,1.294858106999527,0.5274198971408843,folded>materialized,True
Biscuit_Sucrose_40_RandomSplit,2,5,Ridge,40,32,700,sg_smooth_w21_p3,sg_smooth_w21_p3,True,0.004494098983043209,0.004494098983043209,True,1.009242221898917,1.0092422218997616,2.7707169891755257e-11,7.110520233253482e-12,7.275957614183426e-12,2.910388186527428e-13,1.1403766819739758e-11,1.8853144623586522e-12,0.00038377029122105277,0.0003837702915809871,1.2799304849995679,0.1512900260004244,0.11820175218381136,materialized>folded,True
C_woOutlier,0,5,PLS,1210,1209,1154,sg_smooth_w21_p3,sg_smooth_w21_p3,True,24.0,24.0,True,2.043733286552916,2.043733286553949,1.3922196728799463e-13,4.937600452275083e-14,4.780531526193954e-11,9.71740524477564e-13,9.653078336668841e-11,9.869955400393116e-13,0.00017081736683532966,0.00017081736683177695,5.433135265000601,4.4564963310003805,0.8202439500647859,materialized>folded,True
C_woOutlier,0,5,Ridge,1210,1209,1154,sg_smooth_w21_p3,sg_smooth_w21_p3,True,1.1413660852422777e-05,1.1413660852422777e-05,True,1.918939323199294,1.9189393463891384,1.3318133262885112e-09,4.5972173665699116e-10,9.741634130477905e-07,2.0197992388560847e-08,1.0164499002485172e-06,4.458262360681593e-09,0.0018801133613550736,0.0018801132715007274,71.79707532700013,12.794597898000575,0.17820500124451472,folded>materialized,True
C_woOutlier,1,5,PLS,1210,1209,1154,sg_smooth_w21_p3,sg_smooth_w21_p3,True,25.0,25.0,True,2.160807528983605,2.1608075289850133,1.3744561044859438e-13,4.886011513346983e-14,6.210854053279036e-11,1.2648273826297036e-12,1.3082157579447085e-10,1.3205067478276653e-12,0.0006562398055662833,0.0006562398055731666,3.4317590250011563,3.3451741540011426,0.9747695364478616,folded>materialized,True
C_woOutlier,1,5,Ridge,1210,1209,1154,sg_smooth_w21_p3,sg_smooth_w21_p3,True,2.0059630216622244e-05,2.0059630216622244e-05,True,1.9045202032803563,1.904520198435186,1.8070205332065825e-09,6.258222097667348e-10,2.430751919746399e-07,5.040288261590405e-09,5.504280835566533e-07,2.916985982617634e-09,8.38132956881843e-06,8.381759882603035e-06,118.28450213099859,13.779241483000078,0.11649236573477514,materialized>folded,True
C_woOutlier,2,5,PLS,1210,1209,1154,sg_smooth_w21_p3,sg_smooth_w21_p3,True,23.0,23.0,True,1.914178553220126,1.914178553220943,1.41886502547095e-13,5.055165647194587e-14,3.980460405728081e-11,8.047163902530649e-13,7.832756665493434e-11,8.113523625414685e-13,0.0018860225164629707,0.001886022516469188,6.946053846000723,5.869359848999011,0.8449919881312709,materialized>folded,True
C_woOutlier,2,5,Ridge,1210,1209,1154,sg_smooth_w21_p3,sg_smooth_w21_p3,True,2.0059630216622244e-05,2.0059630216622244e-05,True,1.9045202032803563,1.904520198435186,2.2577910652188393e-09,7.83752722545032e-10,2.430751919746399e-07,5.040288261590405e-09,5.504280835566533e-07,2.916985982617634e-09,0.0002098220772712711,0.00020982263804047996,68.57075637600065,14.012721868000881,0.2043541971618859,folded>materialized,True
Ccar_spxyG_block2deg,0,5,PLS,1016,3229,196,sg_d1_w11_p2,sg_d1_w11_p2,True,20.0,20.0,True,71.54174244322239,71.54174244322476,1.7479351299698465e-12,1.8999118542536998e-14,1.723066134218243e-11,2.2842087298584828e-14,5.869367214472732e-10,2.4318541513874596e-13,0.025215632824277634,0.025215632824306056,0.8713462899995648,0.6122794540005998,0.7026821150531388,folded>materialized,True
Ccar_spxyG_block2deg,0,5,Ridge,1016,3229,196,identity,identity,True,0.00013697144545841034,0.00013697144545841034,True,61.034752189728486,61.034752189728486,6.681241870865051e-08,6.796236346284187e-10,0.0,0.0,2.029992174357176e-09,1.4644611293225332e-13,0.02457115168227375,0.02457115171883828,9.650366604999363,5.394257203999587,0.5589691485093528,materialized>folded,True
Ccar_spxyG_block2deg,1,5,PLS,1016,3229,196,sg_d1_w11_p2,sg_d1_w11_p2,True,22.0,22.0,True,73.29596383102205,73.29596383102425,1.1937117960769683e-12,1.3053653092861038e-14,1.693933882052079e-11,2.2831787614386216e-14,8.756728675507475e-10,3.357301344205385e-13,0.06513436383144011,0.06513436383148274,0.44219927999984066,0.31405303700012155,0.7102070292837988,materialized>folded,True
Ccar_spxyG_block2deg,1,5,Ridge,1016,3229,196,identity,identity,True,0.00013697144545841034,0.00013697144545841034,True,61.034752189728486,61.034752189728486,9.014545554464348e-08,9.356307525263176e-10,0.0,0.0,2.029992174357176e-09,1.4644611293225332e-13,0.011594036706306099,0.011594036629631432,10.15600213200014,5.462847261000206,0.5378934732386025,folded>materialized,True
Ccar_spxyG_block2deg,2,5,PLS,1016,3229,196,sg_d1_w11_p2,sg_d1_w11_p2,True,24.0,24.0,True,81.66693063818937,81.66693063818799,2.7213786779611837e-12,3.101009000985621e-14,3.3367086871294305e-11,4.358532179663268e-14,1.7627854731472326e-09,5.506031017242912e-13,0.23291854752869767,0.23291854752864793,2.387223867999637,1.4707231600004889,0.6160809548343174,folded>materialized,True
Ccar_spxyG_block2deg,2,5,Ridge,1016,3229,196,identity,identity,True,0.00024072877069487468,0.00024072877069487468,True,59.7563609298347,59.7563609298347,1.6936835578462706e-07,1.9513960269721004e-09,0.0,0.0,1.3660610420629382e-09,1.2813392676098205e-13,0.10177623602859143,0.10177623572242567,12.855925519001175,6.54166522199921,0.5088443622616333,materialized>folded,True
Corn_Oil_80_ZhengChenPelegYbaseSplit,0,5,PLS,64,16,700,sg_d1_w11_p2,sg_d1_w11_p2,True,25.0,25.0,True,0.023820074997138424,0.02382007499714593,3.395547731877002e-14,3.395547731877002e-14,3.388400671155978e-13,8.951045511639474e-14,2.453539593716414e-10,5.721142299648124e-12,0.0002520053227098827,0.0002520053227084186,1.280884899000739,1.9564430310001626,1.527415174092886,materialized>folded,True
Corn_Oil_80_ZhengChenPelegYbaseSplit,0,5,Ridge,64,16,700,sg_smooth_w11_p2,sg_smooth_w11_p2,True,9.807582958300963e-07,9.807582958300963e-07,True,0.0398594825002126,0.03985948248555616,1.024402784821632e-11,1.024402784821632e-11,1.1641532182693481e-10,3.1072912062332567e-11,2.9902600839903926e-08,1.2551941349352959e-09,0.0005193848744301996,0.0005193848643753191,1.067987134998475,0.09485635700002604,0.08881788356014371,folded>materialized,True
Corn_Oil_80_ZhengChenPelegYbaseSplit,1,5,PLS,64,16,700,sg_d1_w21_p3,sg_d1_w21_p3,True,25.0,25.0,True,0.02384306396852333,0.023843063968506446,5.2253340543373383e-14,5.2253340543373383e-14,2.4558133304708463e-13,6.466764640354345e-14,2.1124790805515659e-10,4.628347111221729e-12,0.0002635185642380321,0.0002635185642393366,2.4976221619999706,1.2125686729996232,0.48548923510058023,folded>materialized,True
Corn_Oil_80_ZhengChenPelegYbaseSplit,1,5,Ridge,64,16,700,detrend_d2,detrend_d2,True,9.807582958300963e-07,9.807582958300963e-07,True,0.03564029471653469,0.03564029471666449,2.040769636613149e-11,2.040769636613149e-11,1.5916157281026244e-12,4.2490510592723463e-13,5.046764117722091e-10,2.0656332404411967e-11,0.0001944919879017723,0.00019449198813133867,2.017536987001222,0.18358899599843426,0.09099659494783928,materialized>folded,True
Corn_Oil_80_ZhengChenPelegYbaseSplit,2,5,PLS,64,16,700,sg_d1_w21_p3,sg_d1_w21_p3,True,25.0,25.0,True,0.02384306396852333,0.023843063968506446,1.030078800035028e-13,1.030078800035028e-13,2.4558133304708463e-13,6.466764640354345e-14,2.1124790805515659e-10,4.628347111221729e-12,0.00014859402607165714,0.00014859402607127897,2.2823997020004754,1.889771202000702,0.827975573403886,materialized>folded,True
Corn_Oil_80_ZhengChenPelegYbaseSplit,2,5,Ridge,64,16,700,sg_smooth_w11_p2,sg_smooth_w11_p2,True,9.807582958300963e-07,9.807582958300963e-07,True,0.0398594825002126,0.03985948248555616,1.1705289515440143e-11,1.1705289515440143e-11,1.1641532182693481e-10,3.1072912062332567e-11,2.9902600839903926e-08,1.2551941349352959e-09,0.0006017677700238741,0.0006017677584003872,2.0583097689996066,0.18706178499996895,0.09088125986541179,folded>materialized,True
Corn_Starch_80_ZhengChenPelegYbaseSplit,0,5,PLS,64,16,700,sg_smooth_w21_p3,sg_smooth_w21_p3,True,25.0,25.0,True,0.13193320198311648,0.13193320198311406,3.82804898890754e-13,3.82804898890754e-13,3.836930773104541e-13,5.8391128449184466e-15,1.3710810264910833e-10,1.6762083873850468e-12,0.002115266032085117,0.0021152660319777444,2.444280506000723,1.0273572009991767,0.4203106797591392,folded>materialized,True
Corn_Starch_80_ZhengChenPelegYbaseSplit,0,5,Ridge,64,16,700,sg_smooth_w21_p3,sg_smooth_w21_p3,True,9.696289559020423e-07,9.696289559020423e-07,True,0.1467104031255899,0.14671040313364514,5.5334445359100926e-11,5.5334445359100926e-11,5.820766091346741e-10,8.846804348014359e-12,5.338407227384323e-08,7.824103410988682e-10,3.5298066815458995e-05,3.5298090246674296e-05,1.8608870550015126,0.08863723200011009,0.04763170970633575,materialized>folded,True
Corn_Starch_80_ZhengChenPelegYbaseSplit,1,5,PLS,64,16,700,sg_smooth_w21_p3,sg_smooth_w21_p3,True,25.0,25.0,True,0.13193320198311648,0.13193320198311406,1.1438072711200675e-13,1.1438072711200675e-13,3.836930773104541e-13,5.8391128449184466e-15,1.3710810264910833e-10,1.6762083873850468e-12,0.005818118033876829,0.005818118033940903,2.3998588630001905,1.2010081299995363,0.5004494841409518,materialized>folded,True
Corn_Starch_80_ZhengChenPelegYbaseSplit,1,5,Ridge,64,16,700,sg_smooth_w11_p2,sg_smooth_w11_p2,True,9.696289559020423e-07,9.696289559020423e-07,True,0.14280955795823444,0.1428095579578085,3.086531030760398e-11,3.086531030760398e-11,3.2014213502407074e-10,4.866222813388101e-12,6.694550158670154e-08,1.0204289734432226e-09,0.001699017482354237,0.0016990174552195259,1.9372555230002035,0.19622150699979102,0.10128839725587939,folded>materialized,True
Corn_Starch_80_ZhengChenPelegYbaseSplit,2,5,PLS,64,16,700,sg_smooth_w21_p3,sg_smooth_w21_p3,True,25.0,25.0,True,0.13193320198311648,0.13193320198311406,1.7319479184152442e-13,1.7319479184152442e-13,3.836930773104541e-13,5.8391128449184466e-15,1.3710810264910833e-10,1.6762083873850468e-12,0.0014977326999505436,0.0014977326999804502,2.9105978489988047,2.2970318530005898,0.7891958876389361,folded>materialized,True
Corn_Starch_80_ZhengChenPelegYbaseSplit,2,5,Ridge,64,16,700,sg_smooth_w21_p3,sg_smooth_w21_p3,True,9.696289559020423e-07,9.696289559020423e-07,True,0.1467104031255899,0.14671040313364514,9.475596696173483e-11,9.475596696173483e-11,5.820766091346741e-10,8.846804348014359e-12,5.338407227384323e-08,7.824103410988682e-10,0.00021809496620739388,0.00021809511459416897,4.026767069000925,0.3853673430003255,0.09570142409452513,materialized>folded,True
DIESEL_bp50_246_b-a,0,5,PLS,113,113,401,sg_d1_w21_p3,sg_d1_w21_p3,True,21.0,21.0,True,2.8507295327110795,2.850729532711135,6.501466032204917e-13,3.9446133263483424e-14,1.0231815394945443e-12,3.567149315915912e-15,2.285105438204482e-09,2.1194247810546724e-13,0.07879279989467713,0.0787927998943121,0.7520933110008627,0.38520472399977734,0.5121767716390918,materialized>folded,True
DIESEL_bp50_246_b-a,0,5,Ridge,113,113,401,sg_d1_w21_p3,sg_d1_w21_p3,True,9.84801750735315e-10,9.84801750735315e-10,True,2.835393076859342,2.835393076877071,2.6757378535080534e-09,1.572365868879714e-10,4.857270141656045e-10,1.6910280851604962e-12,3.0852621080157405e-07,3.023099849421705e-11,0.0009468492242996618,0.0009468492224060654,1.4448121020013787,0.1758419279994996,0.12170574135966908,folded>materialized,True
DIESEL_bp50_246_b-a,1,5,PLS,113,113,401,sg_d1_w21_p3,sg_d1_w21_p3,True,21.0,21.0,True,2.8507295327110795,2.850729532711135,1.3002932064409833e-12,8.288391380623252e-14,1.0231815394945443e-12,3.567149315915912e-15,2.285105438204482e-09,2.1194247810546724e-13,0.018932975261692242,0.018932975261650054,1.3014678260005894,0.6411291370004619,0.49262004345558946,folded>materialized,True
DIESEL_bp50_246_b-a,1,5,Ridge,113,113,401,sg_smooth_w11_p2,sg_smooth_w11_p2,True,5.100755731996133e-08,5.100755731996133e-08,True,2.8123496208939853,2.812349620902824,6.380127537397584e-10,3.8693292650056226e-11,5.439915184979327e-10,1.8925541938133624e-12,1.37758888740791e-07,1.4480352597196756e-11,0.013175657167510568,0.013175657128722928,2.0101852960015094,0.19915314200079592,0.09907203201462796,materialized>folded,True
DIESEL_bp50_246_b-a,2,5,PLS,113,113,401,identity,identity,True,16.0,16.0,True,3.1298174457257644,3.1298174457257515,1.1581846592889633e-12,7.205472715477674e-14,5.115907697472721e-13,1.7719913006339864e-15,2.9801867640344426e-09,2.8510394863447973e-13,0.010956320247823559,0.010956320247784923,2.839013202999922,1.4435935729998164,0.5084842759711026,materialized>folded,True
DIESEL_bp50_246_b-a,2,5,Ridge,113,113,401,sg_smooth_w11_p2,sg_smooth_w11_p2,True,5.100755731996133e-08,5.100755731996133e-08,True,2.8123496208939853,2.812349620902824,9.784102417143004e-10,5.82606004378605e-11,5.439915184979327e-10,1.8925541938133624e-12,1.37758888740791e-07,1.4480352597196756e-11,0.01945914541423388,0.01945914539875071,4.0914915569992445,0.39823000199976377,0.09733125351768564,folded>materialized,True
DIESEL_bp50_246_hla-b,0,5,PLS,133,113,401,detrend_d1,detrend_d1,True,19.0,19.0,True,2.6649032542102082,2.6649032542102966,1.758593271006248e-12,1.0859272010742815e-13,2.6147972675971687e-12,9.031956648384e-15,1.2299551599426195e-08,1.1453334913174172e-12,0.012311838112011309,0.012311838111907392,1.2369709240010707,0.7072148980005295,0.5717312220347043,materialized>folded,True
DIESEL_bp50_246_hla-b,0,5,Ridge,133,113,401,detrend_d1,detrend_d1,True,1.1276677096345889e-07,1.1276677096345889e-07,True,2.5600075056362606,2.560007505671579,1.9312729193643463e-09,1.1466046174686442e-10,4.903313310933299e-10,1.702560923112858e-12,2.447102360747522e-07,2.3537880368509872e-11,0.0005936526362759764,0.0005936526419914046,2.1129302040008042,0.1799050330009777,0.08514480632646076,folded>materialized,True
DIESEL_bp50_246_hla-b,1,5,PLS,133,113,401,sg_smooth_w21_p3,sg_smooth_w21_p3,True,20.0,20.0,True,3.0847229040976245,3.084722904097669,4.0945025148175773e-13,2.5421730394444922e-14,1.3073986337985843e-12,4.540017768431917e-15,2.6124666874238756e-09,2.822940405846425e-13,0.03538445064879525,0.03538445064846485,1.2867286230011814,0.6474656329992285,0.5031874020872186,folded>materialized,True
DIESEL_bp50_246_hla-b,1,5,Ridge,133,113,401,sg_smooth_w21_p3,sg_smooth_w21_p3,True,2.077242823297316e-08,2.077242823297316e-08,True,2.75215618399505,2.752156184087719,2.696827650083833e-09,1.5866347488779222e-10,2.137426236004103e-09,7.440231437029474e-12,1.6439153114333749e-06,1.884986439022915e-10,0.0034199111132662274,0.0034199111307851027,2.2959630349996587,0.17825019800147857,0.07763635358419656,materialized>folded,True
DIESEL_bp50_246_hla-b,2,5,PLS,133,113,401,detrend_d1,detrend_d1,True,21.0,21.0,True,2.639831466679605,2.6398314666796954,1.7340351377015395e-11,1.0591089371058415e-12,2.8990143619012088e-12,9.999699546656903e-15,1.9127583072986454e-08,1.761424195796314e-12,0.030121391606400483,0.030121391606062975,3.168948418000582,1.6746420340004988,0.5284535477094002,materialized>folded,True
DIESEL_bp50_246_hla-b,2,5,Ridge,133,113,401,sg_smooth_w11_p2,sg_smooth_w11_p2,True,1.181923337430147e-08,1.181923337430147e-08,True,2.558528315833483,2.5585283156085676,3.588260799602949e-09,2.1113485353300469e-10,4.666333097702591e-09,1.6127612705590363e-11,2.781665443762904e-06,2.112375082227887e-10,0.007838318621221418,0.007838318740275962,4.807172090000677,0.4450724279995484,0.09258508321874653,folded>materialized,True
DIESEL_bp50_246_hlb-a,0,5,PLS,133,113,401,detrend_d1,detrend_d1,True,21.0,21.0,True,2.930852149764827,2.9308521497647586,3.779199175824033e-13,2.1749842547480925e-14,2.5579538487363607e-12,8.914739495465771e-15,1.9188178157492075e-08,1.857727564711083e-12,0.04225253326369094,0.04225253326362388,1.1928741740011901,0.7471435349998501,0.6263389310322219,materialized>folded,True
DIESEL_bp50_246_hlb-a,0,5,Ridge,133,113,401,detrend_d1,detrend_d1,True,1.8771833228330265e-08,1.8771833228330265e-08,True,2.901340817722118,2.9013408177517213,5.274647385533626e-10,2.909701432475798e-11,1.2502425761340419e-09,4.350622847582772e-12,9.844038686424028e-07,9.111864444007906e-11,0.005287306756472709,0.00528730674445077,2.052910888000042,0.1570172569990973,0.07648517912634017,folded>materialized,True
DIESEL_bp50_246_hlb-a,1,5,PLS,133,113,401,sg_smooth_w21_p3,sg_smooth_w21_p3,True,24.0,24.0,True,3.352041519140533,3.3520415191404527,1.623590151211829e-12,9.188433130150575e-14,3.467448550509289e-12,1.2090586132883896e-14,3.2566731533734128e-09,2.1631894986065736e-13,0.021258250465272965,0.02125825046527474,1.2809117799988599,0.7078099989994371,0.5525829413482848,folded>materialized,True
DIESEL_bp50_246_hlb-a,1,5,Ridge,133,113,401,sg_smooth_w21_p3,sg_smooth_w21_p3,True,1.0680921618827338e-08,1.0680921618827338e-08,True,3.0198155439354957,3.019815543775473,9.093890085409839e-10,4.902767595668034e-11,3.97824351239251e-09,1.3887501188063656e-11,2.0426983269317134e-06,1.6406201522198253e-10,0.02441206986657596,0.024412069845348494,2.123816318000536,0.18156080399967323,0.08548799746044113,materialized>folded,True
DIESEL_bp50_246_hlb-a,2,5,PLS,133,113,401,detrend_d1,detrend_d1,True,21.0,21.0,True,2.930852149764827,2.9308521497647586,7.407408020299044e-13,4.150678804583414e-14,2.5579538487363607e-12,8.914739495465771e-15,1.9188178157492075e-08,1.857727564711083e-12,0.019690788814109794,0.019690788814094695,2.966603397000654,1.7137912879989017,0.5776947770408435,materialized>folded,True
DIESEL_bp50_246_hlb-a,2,5,Ridge,133,113,401,sg_d1_w11_p2,sg_d1_w11_p2,True,1.1194814233569655e-09,1.1194814233569655e-09,True,2.8883859595467136,2.8883859595743595,9.820508850566512e-10,5.2681321081260245e-11,4.5997694542165846e-10,1.6023781535060279e-12,3.269933586125262e-07,3.0305868620658554e-11,0.008788904386347607,0.008788904406255682,4.8866034269995,0.49427112200100964,0.10114819616219703,folded>materialized,True
Fv_Fm_grp70_30,0,5,PLS,351,167,2177,sg_d1_w11_p2,sg_d1_w11_p2,True,6.0,6.0,True,0.03130043382839943,0.03130043382839943,2.1510571102112408e-16,2.1510571102112408e-16,3.3306690738754696e-16,3.3306690738754696e-16,6.591949208711867e-17,6.591949208711867e-17,7.70621939752622e-05,7.706219397525527e-05,9.023702634000074,6.375420861999373,0.7065193879480981,folded>materialized,True
Fv_Fm_grp70_30,0,5,Ridge,351,167,2177,sg_d1_w11_p2,sg_d1_w11_p2,True,0.5218573517208133,0.5218573517208133,True,0.03053245503640343,0.030532455036403495,1.6567060223682262e-11,1.6567060223682262e-11,6.439293542825908e-15,6.439293542825908e-15,3.2959746043559335e-16,3.2959746043559335e-16,1.9012960508942023e-05,1.9012960508935084e-05,38.18845539600079,2.463244118000148,0.06450232386874977,materialized>folded,True
Fv_Fm_grp70_30,1,5,PLS,351,167,2177,sg_d1_w21_p3,sg_d1_w21_p3,True,9.0,9.0,True,0.030952672697575054,0.03095267269757502,9.658940314238862e-15,9.658940314238862e-15,5.551115123125783e-16,5.551115123125783e-16,2.8959040027087823e-16,2.8959040027087823e-16,0.00017113631925316092,0.00017113631925316786,8.02426790500067,5.403614851000384,0.6734090779338122,materialized>folded,True
Fv_Fm_grp70_30,1,5,Ridge,351,167,2177,sg_d1_w21_p3,sg_d1_w21_p3,True,0.16894910196033885,0.16894910196033885,True,0.029254889305593168,0.02925488930559362,1.2892839573730441e-11,1.2892839573730441e-11,1.865174681370263e-14,1.865174681370263e-14,1.0347625534201654e-15,1.0347625534201654e-15,1.444140243589409e-05,1.4441402435803885e-05,38.04577433299892,2.3090239739995013,0.060690681540335335,folded>materialized,True
Fv_Fm_grp70_30,2,5,PLS,351,167,2177,sg_d1_w11_p2,sg_d1_w11_p2,True,6.0,6.0,True,0.03130043382839943,0.03130043382839943,3.2612801348363973e-16,3.2612801348363973e-16,3.3306690738754696e-16,3.3306690738754696e-16,6.591949208711867e-17,6.591949208711867e-17,4.129086146973521e-05,4.129086146971439e-05,14.166919494000467,3.2783369930002664,0.23140789318303148,folded>materialized,True
Fv_Fm_grp70_30,2,5,Ridge,351,167,2177,sg_d1_w11_p2,sg_d1_w11_p2,True,0.16894910196033885,0.16894910196033885,True,0.030107048685463576,0.030107048685463503,1.8583204419719834e-11,1.8583204419719834e-11,1.199040866595169e-14,1.199040866595169e-14,1.3851766955674805e-15,1.3851766955674805e-15,2.1216060228521072e-05,2.121606022878475e-05,70.91504187899955,1.5091691080015153,0.02128136807105847,materialized>folded,True
LMA_spxyG70_30_byCultivar_ASD,0,5,PLS,1092,472,2101,identity,identity,True,25.0,25.0,True,0.30874396530049375,0.30874396530049203,7.582823258189819e-14,7.582823258189819e-14,2.9665159217984183e-13,3.9458339718750563e-14,2.9495739184426384e-11,1.0352205013908759e-11,6.399278990726343e-05,6.399278990737445e-05,10.46582159100035,10.46857772400108,1.0002633460714734,materialized>folded,True
LMA_spxyG70_30_byCultivar_ASD,0,5,Ridge,1092,472,2101,identity,identity,True,0.0014224083514935177,0.0014224083514935177,True,0.3029995887397175,0.30299958873527494,5.965790639272939e-10,5.965790639272939e-10,2.6921043172478676e-10,3.5974727557373103e-11,6.907239225029116e-10,1.8766347296544805e-10,1.0206960335823467e-05,1.0206962649639273e-05,116.59149461999914,12.918591032999757,0.11080217365001348,folded>materialized,True
LMA_spxyG70_30_byCultivar_ASD,1,5,PLS,1092,472,2101,identity,identity,True,25.0,25.0,True,0.30874396530049375,0.30874396530049203,3.1530333899354446e-14,3.1530333899354446e-14,2.9665159217984183e-13,3.9458339718750563e-14,2.9495739184426384e-11,1.0352205013908759e-11,3.345431182616432e-05,3.345431182916192e-05,9.72983462999946,8.914120665000155,0.916163635249847,folded>materialized,True
LMA_spxyG70_30_byCultivar_ASD,1,5,Ridge,1092,472,2101,identity,identity,True,0.0008093312958554895,0.0008093312958554895,True,0.3028223387901009,0.30282233878995607,5.772139433091183e-10,5.772139433091183e-10,3.2741809263825417e-10,4.3725500383343756e-11,1.3780478980152111e-09,2.8838563826407374e-10,2.419388660102051e-05,2.4193895147295308e-05,118.95989871500024,12.67257052199966,0.10652808769079519,materialized>folded,True
LMA_spxyG70_30_byCultivar_ASD,2,5,PLS,1092,472,2101,fd_d1,fd_d1,True,22.0,22.0,True,0.3070332729632744,0.30703327296327243,1.1274314815068465e-13,1.1274314815068465e-13,6.936673457857978e-13,9.412557167306967e-14,4.207198145422808e-09,1.9962152242442598e-10,5.081740471979401e-05,5.081740472356877e-05,9.522597282000788,13.051613329000247,1.37059385611842,materialized>folded,True
LMA_spxyG70_30_byCultivar_ASD,2,5,Ridge,1092,472,2101,identity,identity,True,0.0008093312958554895,0.0008093312958554895,True,0.3028223387901009,0.30282233878995607,2.509173979703405e-10,2.509173979703405e-10,3.2741809263825417e-10,4.3725500383343756e-11,1.3780478980152111e-09,2.8838563826407374e-10,7.484520449407839e-06,7.484523983691815e-06,198.43458050499976,8.896980544999678,0.04483583719308193,folded>materialized,True
N_wOutlier,0,5,PLS,1220,1207,1154,sg_smooth_w11_p2,sg_smooth_w11_p2,True,16.0,16.0,True,0.3540996131578816,0.3540996131578861,2.41140440948584e-12,1.7239582617453674e-12,3.0819791163594346e-13,4.5421403346049446e-14,8.329781309157624e-12,7.305266269752008e-13,0.007240398202353504,0.0072403982023581115,6.186421888000041,5.109000826998454,0.8258409981557372,materialized>folded,True
N_wOutlier,0,5,Ridge,1220,1207,1154,sg_smooth_w21_p3,sg_smooth_w21_p3,True,0.0009734675931755807,0.0009734675931755807,True,0.32751136108218687,0.3275113610814894,8.714846955193423e-09,5.956302846156719e-09,4.0745362639427185e-10,5.971762455757439e-11,2.481795213782334e-09,1.7371038690765765e-10,0.00016344073420820893,0.0001634407358075407,72.45752973199887,12.756643181000982,0.17605683257743412,folded>materialized,True
N_wOutlier,1,5,PLS,1220,1207,1154,detrend_d2,detrend_d2,True,15.0,15.0,True,0.3576571672615676,0.35765716726157154,1.408095862132086e-12,9.86417692236062e-13,3.9523939676655573e-13,5.777952313069648e-14,2.1462831512053526e-11,1.7825501982500792e-12,0.0012404994910370504,0.001240499491082625,12.037373712999397,10.234439924999606,0.8502219976727342,folded>materialized,True
N_wOutlier,1,5,Ridge,1220,1207,1154,detrend_d2,detrend_d2,True,0.00528463961404998,0.00528463961404998,True,0.3422027746817642,0.3422027746816739,6.659260476382656e-09,4.555063922687888e-09,4.547473508864641e-12,6.746366642868298e-13,9.646450305211829e-12,9.175936904492778e-13,0.0010081678974671049,0.0010081678974278585,73.52855911099869,23.98825659400063,0.32624407283417545,materialized>folded,True
N_wOutlier,2,5,PLS,1220,1207,1154,sg_smooth_w21_p3,sg_smooth_w21_p3,True,18.0,18.0,True,0.3507320510646214,0.3507320510646267,1.5436540934388177e-12,1.0813436456537515e-12,8.020251129892131e-13,1.1626377137134978e-13,2.003130994410185e-11,1.3948106081658102e-12,0.0011412555242658606,0.0011412555242957811,6.3793713439990825,5.332676685999104,0.8359251089867062,materialized>folded,True
N_wOutlier,2,5,Ridge,1220,1207,1154,detrend_d2,detrend_d2,True,0.00528463961404998,0.00528463961404998,True,0.3422027746817642,0.3422027746816739,6.365237337213614e-09,4.356644607110104e-09,4.547473508864641e-12,6.746366642868298e-13,9.646450305211829e-12,9.175936904492778e-13,0.0004863744485864019,0.00048637444847315914,74.78902845599987,14.625292114000331,0.19555397918565998,folded>materialized,True
N_woOutlier,0,5,PLS,1205,1207,1154,sg_d1_w21_p3,sg_d1_w21_p3,True,25.0,25.0,True,0.2746789249261257,0.2746789249261222,1.1818324097134791e-13,8.691451582049431e-14,1.979749697511579e-12,2.979234631075511e-13,2.3066726306808505e-10,3.5251527081039484e-12,0.0010817246163592475,0.001081724616359081,6.166675922999275,5.395570762999341,0.874956107694258,folded>materialized,True
N_woOutlier,0,5,Ridge,1205,1207,1154,sg_smooth_w11_p2,sg_smooth_w11_p2,True,1.966044880121798e-05,1.966044880121798e-05,True,0.26677566760531984,0.2667756676122244,1.53998924723453e-10,1.0500361573250487e-10,8.613052493444684e-09,1.2575240676454196e-09,1.1540105759877406e-07,1.7361933026595941e-09,0.00019823558594150859,0.00019823551048375743,69.4258015560008,12.932569096999941,0.18627900300968317,materialized>folded,True
N_woOutlier,1,5,PLS,1205,1207,1154,sg_d1_w21_p3,sg_d1_w21_p3,True,25.0,25.0,True,0.2746789249261257,0.2746789249261222,3.83026943495679e-14,2.8152783830859935e-14,1.979749697511579e-12,2.979234631075511e-13,2.3066726306808505e-10,3.5251527081039484e-12,0.0012489100925477947,0.0012489100925487384,5.586630539999533,4.892874170000141,0.875818462482495,materialized>folded,True
N_woOutlier,1,5,Ridge,1205,1207,1154,sg_smooth_w21_p3,sg_smooth_w21_p3,True,6.3649868266683305e-06,6.3649868266683305e-06,True,0.2643976916593918,0.26439769176561184,6.090942195058346e-10,4.150547047630589e-10,3.309653795469103e-08,4.87402268118589e-09,3.046248071569835e-07,4.445659424287511e-09,0.00020616593684952278,0.00020616630055403373,70.47797244799949,13.38695425699916,0.18994522390490745,folded>materialized,True
N_woOutlier,2,5,PLS,1205,1207,1154,sg_d1_w21_p3,sg_d1_w21_p3,True,25.0,25.0,True,0.2746789249261257,0.2746789249261222,3.325117958752344e-14,2.444211680262408e-14,1.979749697511579e-12,2.979234631075511e-13,2.3066726306808505e-10,3.5251527081039484e-12,0.002103869308200723,0.0021038693082013338,6.216408619000504,4.842239743000391,0.7789448924255149,folded>materialized,True
N_woOutlier,2,5,Ridge,1205,1207,1154,sg_smooth_w11_p2,sg_smooth_w11_p2,True,1.118653197493036e-05,1.118653197493036e-05,True,0.2665379989068704,0.26653799881456763,3.5947644860812034e-10,2.448703801520828e-10,1.754680667431785e-08,2.546671324691484e-09,2.394101006331084e-07,2.8756015212821163e-09,0.00017183410051335724,0.0001718341799740175,74.91366467100124,13.045181161998698,0.1741362035790038,materialized>folded,True
Rd25_CBtestSite,0,5,PLS,324,146,2151,detrend_d1,detrend_d1,True,15.0,15.0,True,0.22877469936313882,0.2287746993631376,5.717648576819556e-15,5.717648576819556e-15,1.9095836023552692e-14,1.173932953111131e-14,3.6495251265478146e-12,4.599189833423631e-13,0.00019396274973546013,0.00019396274973546013,8.261988984999334,5.2433639880000555,0.6346370102308334,materialized>folded,True
Rd25_CBtestSite,0,5,Ridge,324,146,2151,detrend_d1,detrend_d1,True,0.00016841867693753845,0.00016841867693753845,True,0.22736664397924652,0.22736664397975045,4.717445878377191e-11,4.717445878377191e-11,1.7053025658242404e-11,1.0640350827860623e-11,3.0348235036115057e-10,2.2710760841820453e-11,0.00023660310955550545,0.00023660310977385857,35.92237171499983,2.296297364999191,0.06392387961511861,folded>materialized,True
Rd25_CBtestSite,1,5,PLS,324,146,2151,detrend_d1,detrend_d1,True,17.0,17.0,True,0.22625790870216841,0.22625790870216841,2.170486013142181e-14,2.170486013142181e-14,3.1308289294429414e-14,1.8956252436969633e-14,6.808109631606385e-12,7.294303408084644e-13,0.0003007562734248237,0.00030075627342524003,15.07003292599984,12.456364665000365,0.8265651924031169,folded>materialized,True
Rd25_CBtestSite,1,5,Ridge,324,146,2151,detrend_d1,detrend_d1,True,0.0002959976141417101,0.0002959976141417101,True,0.22531530408216324,0.2253153040823104,2.286994482680882e-10,2.286994482680882e-10,5.9117155615240335e-12,3.7073655119912145e-12,1.509345981531851e-10,1.5967656134848656e-11,0.0004132320927031363,0.00041323209312602027,71.49947885700021,4.65065573100037,0.06504461018942159,materialized>folded,True
Rd25_CBtestSite,2,5,PLS,324,146,2151,detrend_d1,detrend_d1,True,16.0,16.0,True,0.22816786695754454,0.22816786695754257,3.885780586188048e-15,3.885780586188048e-15,2.353672812205332e-14,1.468119239795986e-14,4.364314465377106e-12,5.15743775359752e-13,0.00012762864228235693,0.00012762864228232917,8.697259008000401,5.754106357000637,0.6615999766946773,materialized>folded,True
Rd25_CBtestSite,2,5,Ridge,324,146,2151,detrend_d1,detrend_d1,True,0.0005202189517857249,0.0005202189517857249,True,0.22562510812194575,0.2256251081219633,1.4595483155410705e-10,1.4595483155410705e-10,3.922195901395753e-12,2.4875263287336294e-12,7.570033488946137e-11,1.0459935169611163e-11,0.0002786116093983493,0.0002786116095094826,36.129131919999054,2.3295522659991548,0.06447850092710491,folded>materialized,True
Rd25_GTtestSite,0,5,PLS,297,173,2151,detrend_d1,detrend_d1,True,12.0,12.0,True,0.2085747113420377,0.20857471134203773,1.0436096431476471e-14,1.0436096431476471e-14,1.687538997430238e-14,1.1444724820105972e-14,1.2632117574185031e-12,2.163541290726236e-13,0.00033692154195263946,0.00033692154195233415,7.712822168999992,5.307956003000072,0.6881989350583299,materialized>folded,True
Rd25_GTtestSite,0,5,Ridge,297,173,2151,detrend_d1,detrend_d1,True,0.0005586152531158289,0.0005586152531158289,True,0.1952313169027458,0.19523131690234763,2.4565810496923746e-10,2.4565810496923746e-10,7.968292692339674e-12,4.994613293741824e-12,4.778089035539779e-11,4.053154067914959e-12,2.4173184081266452e-05,2.4173184207720855e-05,30.03394359199956,2.1185181900000316,0.07053746317098239,folded>materialized,True
Rd25_GTtestSite,1,5,PLS,297,173,2151,sg_smooth_w21_p3,sg_smooth_w21_p3,True,15.0,15.0,True,0.19312213427032665,0.19312213427032612,1.4516166046973922e-14,1.4516166046973922e-14,1.176836406102666e-14,6.76754203366189e-15,2.2920554343386357e-13,1.092920168391806e-13,0.0009107102716838233,0.0009107102716835735,8.325039416000436,5.4335417070014955,0.6526745923338714,folded>materialized,True
Rd25_GTtestSite,1,5,Ridge,297,173,2151,detrend_d1,detrend_d1,True,0.0005586152531158289,0.0005586152531158289,True,0.1952313169027458,0.19523131690234763,1.4533596548460537e-10,1.4533596548460537e-10,7.968292692339674e-12,4.994613293741824e-12,4.778089035539779e-11,4.053154067914959e-12,0.0001801239750188477,0.00018012397529720836,34.195032580999396,1.9331110709990753,0.056531926572083925,materialized>folded,True
Rd25_GTtestSite,2,5,PLS,297,173,2151,detrend_d1,detrend_d1,True,15.0,15.0,True,0.19182893805876192,0.19182893805876272,5.054290319606025e-14,5.054290319606025e-14,2.1094237467877974e-14,1.2603951474379547e-14,4.665823283289683e-12,3.22020518630918e-13,0.0007942740536511228,0.0007942740536510673,18.080385254999783,13.029528928000218,0.7206444300957112,materialized>folded,True
Rd25_GTtestSite,2,5,Ridge,297,173,2151,detrend_d1,detrend_d1,True,0.00010290083821725119,0.00010290083821725119,True,0.20085253961260247,0.20085253961122726,1.5543041853582906e-10,1.5543041853582906e-10,4.0655145916446145e-11,2.2866517332637348e-11,7.334346463494512e-10,3.7660787746029856e-11,2.0958144544447332e-05,2.0958144461541428e-05,53.96218809600032,2.024014676999286,0.03750801715820909,folded>materialized,True
Rd25_XSBNtestSite,0,5,PLS,319,151,2151,identity,identity,True,13.0,13.0,True,0.2847412126714402,0.2847412126714408,1.3961054534661343e-14,1.3961054534661343e-14,1.454392162258955e-14,8.748703301738413e-15,3.411645965734067e-13,6.121509260240052e-14,0.0001368728930577212,0.00013687289305783223,8.11955216699971,5.7934202540000115,0.7135147523956068,materialized>folded,True
Rd25_XSBNtestSite,0,5,Ridge,319,151,2151,identity,identity,True,0.0005667783345141833,0.0005667783345141833,True,0.25908556983404624,0.2590855698328852,1.7499984794611123e-10,1.7499984794611123e-10,4.2518877307884395e-11,2.56819849352995e-11,1.4487300248333668e-10,1.470461439446061e-11,3.6954067384187272e-06,3.6954065811001247e-06,30.454959399001382,2.2320762119998108,0.07329105853521514,folded>materialized,True
Rd25_XSBNtestSite,1,5,PLS,319,151,2151,sg_smooth_w21_p3,sg_smooth_w21_p3,True,14.0,14.0,True,0.2771013589398884,0.27710135893988735,7.771561172376096e-15,7.771561172376096e-15,1.3100631690576847e-14,8.317253876389052e-15,1.3244960683778118e-13,7.262785058868332e-14,0.0002585645551836102,0.0002585645551836935,8.319699107001725,5.733452860999023,0.6891418532400819,folded>materialized,True
Rd25_XSBNtestSite,1,5,Ridge,319,151,2151,identity,identity,True,0.00099611894484618,0.00099611894484618,True,0.2629508341907787,0.2629508341901721,2.942356081003794e-10,2.942356081003794e-10,2.205524651799351e-11,1.3381738084288488e-11,6.763356541483745e-11,8.302274678392646e-12,0.00033860239017435845,0.0003386023901454649,35.91897806199995,1.9550237849998666,0.054428714024805744,materialized>folded,True
Rd25_XSBNtestSite,2,5,PLS,319,151,2151,identity,identity,True,14.0,14.0,True,0.28082362990601273,0.28082362990601184,9.658940314238862e-15,9.658940314238862e-15,7.549516567451064e-15,4.869601514938165e-15,4.813788256896601e-13,6.88721202926508e-14,0.0004782598901342805,0.00047825989013444703,9.411709717000122,5.249480218999452,0.557760532022939,materialized>folded,True
Rd25_XSBNtestSite,2,5,Ridge,319,151,2151,identity,identity,True,0.00099611894484618,0.00099611894484618,True,0.2629508341907787,0.2629508341901721,7.188871720131829e-11,7.188871720131829e-11,2.205524651799351e-11,1.3381738084288488e-11,6.763356541483745e-11,8.302274678392646e-12,0.0002954190188456107,0.000295419018718851,34.89120261000062,1.6264501299992844,0.046614906003071,folded>materialized,True
Rd25_spxy70,0,5,PLS,329,141,2151,detrend_d1,detrend_d1,True,14.0,14.0,True,0.17812233770322583,0.17812233770322575,5.495603971894525e-15,5.495603971894525e-15,8.881784197001252e-15,5.560358280555443e-15,2.05702122002549e-12,4.599055313182866e-13,5.735772114168203e-05,5.7357721141515494e-05,8.718356954999763,4.963748435000525,0.569344483211821,folded>materialized,True
Rd25_spxy70,0,5,Ridge,329,141,2151,detrend_d1,detrend_d1,True,0.0004693268443842132,0.0004693268443842132,True,0.17368182070501564,0.17368182070492597,1.3101786322522457e-10,1.3101786322522457e-10,9.112710586123285e-12,5.679371474244738e-12,8.928391359575016e-11,1.0060209637013024e-11,8.820462886793834e-05,8.820462872755064e-05,35.95009368200044,1.5553594110006088,0.04326440494866774,materialized>folded,True
Rd25_spxy70,1,5,PLS,329,141,2151,sg_smooth_w21_p3,sg_smooth_w21_p3,True,17.0,17.0,True,0.18225711215076304,0.18225711215076337,4.496403249731884e-15,4.496403249731884e-15,8.43769498715119e-15,5.059061833670798e-15,2.381428387820961e-13,8.374146633675168e-14,0.00028088464875278274,0.00028088464875283825,15.828636933998496,11.973102043000836,0.7564202838769827,materialized>folded,True
Rd25_spxy70,1,5,Ridge,329,141,2151,detrend_d1,detrend_d1,True,0.0008248469155348258,0.0008248469155348258,True,0.17318059641654865,0.17318059641649863,1.6617077158720406e-10,1.6617077158720406e-10,4.241496043277948e-12,2.662542610683894e-12,4.150990662310505e-11,6.4263709965482225e-12,9.110892898708811e-05,9.110892901850742e-05,49.94071197500125,2.140228460999424,0.0428553854432583,folded>materialized,True
Rd25_spxy70,2,5,PLS,329,141,2151,sg_smooth_w21_p3,sg_smooth_w21_p3,True,17.0,17.0,True,0.18225711215076304,0.18225711215076337,1.3655743202889425e-14,1.3655743202889425e-14,8.43769498715119e-15,5.059061833670798e-15,2.381428387820961e-13,8.374146633675168e-14,0.00011353885150627852,0.00011353885150636178,8.762927871001011,5.504086642999027,0.6281104585162222,folded>materialized,True
Rd25_spxy70,2,5,Ridge,329,141,2151,sg_smooth_w21_p3,sg_smooth_w21_p3,True,0.0004693268443842132,0.0004693268443842132,True,0.177163167358505,0.1771631673585469,1.0883577372666764e-10,1.0883577372666764e-10,1.5943024678222173e-11,9.904045540169728e-12,8.455980360366766e-11,2.716331108765999e-11,0.00031533575537476266,0.00031533575547204595,32.105913957000666,2.092897062000702,0.06518727561544305,materialized>folded,True
Rice_Amylose_313_YbasedSplit,0,5,PLS,203,110,1154,sg_smooth_w21_p3,sg_smooth_w21_p3,True,20.0,20.0,True,1.9729508670396627,1.97295086703968,3.552713678800501e-13,6.772287046791333e-14,9.556799795973347e-13,3.024296331174864e-14,1.454054654459469e-10,1.461538762956582e-13,0.0292432454526641,0.029243245452645894,3.5231160300008924,1.3954704549996677,0.39608983726809427,folded>materialized,True
Rice_Amylose_313_YbasedSplit,0,5,Ridge,203,110,1154,sg_smooth_w21_p3,sg_smooth_w21_p3,True,2.986739185579991e-06,2.986739185579991e-06,True,1.9747234533183318,1.9747234529215034,8.473941548459152e-10,1.6071785795356664e-10,2.3748725652694702e-08,7.374209327892907e-10,8.209012278825867e-07,7.211266397899327e-10,0.0031695578603185837,0.0031695577335510983,7.999373980999735,0.43071853800029203,0.05384403067331805,materialized>folded,True
Rice_Amylose_313_YbasedSplit,1,5,PLS,203,110,1154,sg_smooth_w21_p3,sg_smooth_w21_p3,True,21.0,21.0,True,2.019969531137574,2.019969531137626,1.9451107391432743e-13,3.6997517884396914e-14,1.0800249583553523e-12,3.322644608063346e-14,2.027533696491446e-10,1.8325073410358032e-13,0.0336047326279183,0.03360473262790231,4.170514817000367,2.4264804600006755,0.5818179688775008,materialized>folded,True
Rice_Amylose_313_YbasedSplit,1,5,Ridge,203,110,1154,sg_smooth_w21_p3,sg_smooth_w21_p3,True,5.249225852326985e-06,5.249225852326985e-06,True,1.936250591246078,1.9362505910432857,4.2809666922494216e-10,8.108663382808007e-11,9.778887033462524e-09,3.084028750004158e-10,3.960582546369551e-07,4.07412477655497e-10,0.00035617188422643054,0.00035617191511416735,10.516342299999451,0.6548333789996832,0.0622681689430856,folded>materialized,True
Rice_Amylose_313_YbasedSplit,2,5,PLS,203,110,1154,sg_smooth_w21_p3,sg_smooth_w21_p3,True,19.0,19.0,True,1.992077735425672,1.9920777354256527,1.5010215292932116e-13,2.8106049509807896e-14,7.247535904753022e-13,2.352250275460551e-14,1.0226131053059362e-10,1.1214569244769045e-13,0.001352094675663995,0.0013520946756555574,4.072323504000451,2.325847881998925,0.5711353431804045,folded>materialized,True
Rice_Amylose_313_YbasedSplit,2,5,Ridge,203,110,1154,sg_smooth_w21_p3,sg_smooth_w21_p3,True,9.225570207727132e-06,9.225570207727132e-06,True,1.968351043558364,1.9683510436511908,1.5419296950369699e-09,2.937698149367038e-10,8.265487849712372e-09,2.656681184887774e-10,1.8025379588948454e-07,2.1050718604659151e-10,0.001203352809134195,0.0012033526142563034,10.496173055000327,0.6229800340006477,0.05935306427744758,materialized>folded,True
TIC_spxy70,0,5,PLS,43,19,254,sg_smooth_w21_p3,sg_smooth_w21_p3,True,7.0,7.0,True,3.7127173960446966,3.7127173960446918,9.702461056804168e-12,1.7574108818822173e-13,7.105427357601002e-14,7.636826039495344e-16,7.815970093361102e-14,7.39184545766835e-15,0.5055700222517441,0.5055700222517503,1.499794657998791,0.596487110000453,0.39771251805654434,materialized>folded,True
TIC_spxy70,0,5,Ridge,43,19,254,sg_smooth_w21_p3,sg_smooth_w21_p3,True,0.026299732276461166,0.026299732276461166,True,3.6501909677101936,3.6501909677110302,1.1418386236528022e-09,2.072448633549578e-11,3.637978807091713e-12,3.9440626863723895e-14,5.725198093387007e-12,6.127624299000899e-13,0.008262294585138719,0.008262294584701735,0.9662206979992334,0.1853471089998493,0.19182688735984452,folded>materialized,True
TIC_spxy70,1,5,PLS,43,19,254,sg_smooth_w21_p3,sg_smooth_w21_p3,True,5.0,5.0,True,4.768429523581213,4.76842952358121,9.43600753089413e-12,1.5407028916392422e-13,4.263256414560601e-14,4.75346426488099e-16,2.6645352591003757e-14,3.5104288141022853e-15,0.20180601493762396,0.2018060149376133,0.9126775220011041,0.4496285550012544,0.49264777992495634,folded>materialized,True
TIC_spxy70,1,5,Ridge,43,19,254,sg_smooth_w21_p3,sg_smooth_w21_p3,True,0.046222058906717024,0.046222058906717024,True,3.8052271745783264,3.805227174578899,2.6802844388384983e-09,4.8831378092149453e-11,2.4442670110147446e-12,2.6720068353154655e-14,2.7258195700596843e-12,3.4617127182043925e-13,0.058925246507358864,0.05892524650771502,0.426609684000141,0.08994286899906001,0.21083175645640123,materialized>folded,True
TIC_spxy70,2,5,PLS,43,19,254,sg_smooth_w21_p3,sg_smooth_w21_p3,True,7.0,7.0,True,3.7127173960446966,3.7127173960446918,1.588773557159584e-11,2.97701701564843e-13,7.105427357601002e-14,7.636826039495344e-16,7.815970093361102e-14,7.39184545766835e-15,0.24518628874968318,0.24518628874967963,0.7965554849997716,0.4261347190004017,0.5349717967236443,materialized>folded,True
TIC_spxy70,2,5,Ridge,43,19,254,sg_smooth_w21_p3,sg_smooth_w21_p3,True,0.026299732276461166,0.026299732276461166,True,3.6501909677101936,3.6501909677110302,1.811136129958868e-09,3.5564113678617786e-11,3.637978807091713e-12,3.9440626863723895e-14,5.725198093387007e-12,6.127624299000899e-13,0.03666537432274364,0.03666537432201,0.48907279199920595,0.07904797199989844,0.16162823467805337,folded>materialized,True
WUEinst_spxyG70_30_byCultivar_MicroNIR_NeoSpectra,0,5,PLS,77,35,276,fd_d1,fd_d1,True,7.0,7.0,True,1.4155459406423563,1.415545940642357,2.1938006966593093e-13,7.497876475612426e-14,2.6645352591003757e-14,3.7242911942670656e-15,1.5056400570756523e-11,6.807273320246638e-14,0.0032548244731673837,0.0032548244731669396,1.6269225670002925,1.001744310000504,0.6157295561075857,folded>materialized,True
WUEinst_spxyG70_30_byCultivar_MicroNIR_NeoSpectra,0,5,Ridge,77,35,276,fd_d1,fd_d1,True,1.084478657853244e-05,1.084478657853244e-05,True,1.376533829302975,1.3765338293029918,1.1559802004512676e-09,4.934012254785164e-10,1.1426415369442111e-12,1.6821259526483534e-13,7.040057425911073e-11,2.66484182079701e-13,0.004829032761851426,0.004829032761927143,1.8087292090003757,0.2803280280004401,0.1549861784757532,materialized>folded,True
WUEinst_spxyG70_30_byCultivar_MicroNIR_NeoSpectra,1,5,PLS,77,35,276,sg_smooth_w21_p3,sg_smooth_w21_p3,True,19.0,19.0,True,2.2809319120681266,2.2809319120680587,2.7977620220553945e-13,9.470607152212387e-14,2.886579864025407e-13,3.629757412703193e-14,3.3381297726009507e-11,1.2253310175108393e-13,0.020926088300185386,0.02092608830018028,0.9593552309997904,0.5549392949997127,0.5784502727122087,materialized>folded,True
WUEinst_spxyG70_30_byCultivar_MicroNIR_NeoSpectra,1,5,Ridge,77,35,276,sg_d2_w11_p2,sg_d2_w11_p2,True,1.1366563250064302e-06,1.1366563250064302e-06,True,1.4670672481616478,1.467067248161653,2.446096658559327e-10,1.0659775046485164e-10,2.3092638912203256e-13,3.4873624483515774e-14,8.704148513061227e-12,7.870686542786313e-14,0.0014599477947458972,0.0014599477947370154,0.9189687199996115,0.10334787600004347,0.11246071139405829,folded>materialized,True
WUEinst_spxyG70_30_byCultivar_MicroNIR_NeoSpectra,2,5,PLS,77,35,276,detrend_d1,detrend_d1,True,9.0,9.0,True,1.5952378101421605,1.5952378101421578,1.4477308241112041e-13,5.68374218895095e-14,2.930988785010413e-14,3.862076434694544e-15,4.270361841918202e-12,7.236870974264586e-14,0.003929220592024052,0.003929220592020055,0.8874375579998741,0.35780911199981347,0.40319356418298474,folded>materialized,True
WUEinst_spxyG70_30_byCultivar_MicroNIR_NeoSpectra,2,5,Ridge,77,35,276,detrend_d2,detrend_d2,True,0.00010346961816558935,0.00010346961816558935,True,1.4873182488566679,1.4873182488568952,8.238927318160449e-10,3.5057971452532873e-10,7.2306605147787195e-12,9.877053208255268e-13,8.608092016970659e-11,9.606038167183234e-13,0.0013822639201099829,0.0013822639200913311,0.6181913170003099,0.10460380800031999,0.16920944232587393,materialized>folded,True
brix_groupSampleID_stratDateVar_balRows,0,5,PLS,1434,699,2101,fd_d1,fd_d1,True,25.0,25.0,True,3.8748307157728576,3.874830715772864,1.4921397450962104e-13,1.9209141370311407e-14,1.4281908988778014e-12,4.702199770379575e-14,9.209716322899908e-13,2.6835248763107853e-13,0.051825044473301496,0.05182504447330594,25.168545843000175,26.142929046998688,1.0387143226341584,folded>materialized,True
brix_groupSampleID_stratDateVar_balRows,0,5,Ridge,1434,699,2101,fd_d1,fd_d1,True,4.383369557526549,4.383369557526549,True,3.6506627755572456,3.6506627755570182,1.4727332242614466e-08,2.1037582720144595e-09,1.9259260852777516e-11,6.67415902537737e-13,3.246347635155189e-12,9.854428915330798e-13,0.0013364637664086132,0.0013364637665143064,194.07392580499982,46.129019250000056,0.23768787619800733,materialized>folded,True
brix_groupSampleID_stratDateVar_balRows,1,5,PLS,1434,699,2101,fd_d1,fd_d1,True,25.0,25.0,True,3.8748307157728576,3.874830715772864,1.4654943925052066e-13,1.8698312617084007e-14,1.4281908988778014e-12,4.702199770379575e-14,9.209716322899908e-13,2.6835248763107853e-13,0.005667063037648745,0.0056670630376549624,11.686925543999678,13.919131495000329,1.1910002714226853,materialized>folded,True
brix_groupSampleID_stratDateVar_balRows,1,5,Ridge,1434,699,2101,detrend_d2,detrend_d2,True,7.703818570017948,7.703818570017948,True,3.4819277999920013,3.4819278000650344,7.251268030472602e-09,1.0395429782470508e-09,2.7557689463719726e-09,9.53017394177873e-11,1.2913281555171352e-10,4.011468199134494e-11,0.002587592345583367,0.002587592282997875,166.62453672899937,26.46238600200013,0.15881446107207456,folded>materialized,True
brix_groupSampleID_stratDateVar_balRows,2,5,PLS,1434,699,2101,fd_d1,fd_d1,True,25.0,25.0,True,3.8748307157728576,3.874830715772864,2.540190280342358e-13,3.4024390079521415e-14,1.4281908988778014e-12,4.702199770379575e-14,9.209716322899908e-13,2.6835248763107853e-13,0.034676247546050476,0.03467624754603449,8.374411669999972,12.485794182000973,1.4909458328552667,folded>materialized,True
brix_groupSampleID_stratDateVar_balRows,2,5,Ridge,1434,699,2101,fd_d1,fd_d1,True,2.494078553800326,2.494078553800326,True,3.625902911719294,3.625902911718763,1.1840458391532138e-08,1.7488244051675341e-09,4.828137889489881e-11,1.6688991933328663e-12,7.0359690296228905e-12,2.121639720582471e-12,0.0011367532301411742,0.0011367532305817107,137.37430078800026,27.149776655000096,0.19763359303206476,materialized>folded,True
grapevine_chloride_556_KS,0,5,PLS,388,167,1023,sg_smooth_w21_p3,sg_smooth_w21_p3,True,18.0,18.0,True,978.0940363388559,978.0940363388556,4.774847184307873e-12,3.1461724605278236e-15,2.0691004465334117e-11,4.256953615060001e-15,7.950973213155521e-12,3.514592871527029e-14,1.2730608312685945,1.2730608312688219,8.483940359999906,4.82736173900048,0.5689999615933808,materialized>folded,True
grapevine_chloride_556_KS,0,5,Ridge,388,167,1023,sg_smooth_w21_p3,sg_smooth_w21_p3,True,6.569700230202675,6.569700230202675,True,964.3649874074544,964.364987406154,6.962281986488961e-07,3.91592881661286e-10,4.516914486885071e-08,9.616683208651984e-12,2.121556264000901e-09,9.51445947230477e-12,1.3191785797334887,1.3191785803110179,35.42065662999994,2.3957650270003796,0.06763751028181839,folded>materialized,True
grapevine_chloride_556_KS,1,5,PLS,388,167,1023,sg_smooth_w21_p3,sg_smooth_w21_p3,True,18.0,18.0,True,978.0940363388559,978.0940363388556,6.139089236967266e-12,4.034546824672317e-15,2.0691004465334117e-11,4.256953615060001e-15,7.950973213155521e-12,3.514592871527029e-14,5.003830548247379,5.003830548248061,3.7429733890003263,2.4194098449988815,0.6463871349203093,folded>materialized,True
grapevine_chloride_556_KS,1,5,Ridge,388,167,1023,sg_smooth_w21_p3,sg_smooth_w21_p3,True,3.7380714160663895,3.7380714160663895,True,953.9795463178996,953.9795463171023,2.879335170291597e-07,1.5636110572995368e-10,8.009374141693115e-08,1.6784647659792932e-11,4.254104624124011e-09,1.5526455375646487e-11,0.7297813385912377,0.7297813356319693,14.21193414100162,1.2390701840013207,0.08718519039759597,materialized>folded,True
grapevine_chloride_556_KS,2,5,PLS,388,167,1023,sg_smooth_w21_p3,sg_smooth_w21_p3,True,21.0,21.0,True,979.4469780847711,979.4469780847714,1.0686562745831907e-11,7.102427787674939e-15,3.8198777474462986e-11,7.486884228757597e-15,2.2467361304734368e-11,7.380327012558095e-14,2.3586140686106774,2.3586140686102226,2.1025447650008573,1.3416582609988836,0.6381116270779312,materialized>folded,True
grapevine_chloride_556_KS,2,5,Ridge,388,167,1023,sg_smooth_w21_p3,sg_smooth_w21_p3,True,3.7380714160663895,3.7380714160663895,True,953.9795463178996,953.9795463171023,4.154969701630762e-07,2.3577162271998284e-10,8.009374141693115e-08,1.6784647659792932e-11,4.254104624124011e-09,1.5526455375646487e-11,2.0162713326601533,2.0162713309302944,16.6615005750009,1.3486437090014078,0.08094371229833451,folded>materialized,True
ph_groupSampleID_stratDateVar_balRows,0,5,PLS,912,489,2101,detrend_d2,detrend_d2,True,25.0,25.0,True,0.3249142186541129,0.32491421865410747,2.3314683517128287e-15,2.3314683517128287e-15,2.5845992013273644e-13,5.735240974027938e-14,7.066309343217725e-14,7.066309343217725e-14,0.00032727310720803704,0.00032727310720698233,10.788968298998952,9.733670497000276,0.902187329431991,materialized>folded,True
ph_groupSampleID_stratDateVar_balRows,0,5,Ridge,912,489,2101,identity,identity,True,70.5464290490247,70.5464290490247,True,0.3586436822488199,0.35864368225334853,4.1775743975236423e-10,4.1775743975236423e-10,1.1641532182693481e-10,1.5806018811061616e-11,3.19960724581847e-12,3.19960724581847e-12,3.34320612118133e-05,3.343206045819391e-05,108.46888382100042,19.689385071998913,0.18152104436228092,folded>materialized,True
ph_groupSampleID_stratDateVar_balRows,1,5,PLS,912,489,2101,detrend_d1,detrend_d1,True,24.0,24.0,True,0.32481452275745254,0.32481452275744954,2.4424906541753444e-15,2.4424906541753444e-15,2.282618538629322e-13,5.017849526795195e-14,5.926596019500963e-14,5.926596019500963e-14,9.843531186581878e-05,9.843531186831678e-05,16.039549470000566,7.34107870400112,0.4576860913538403,folded>materialized,True
ph_groupSampleID_stratDateVar_balRows,1,5,Ridge,912,489,2101,identity,identity,True,40.13997301145948,40.13997301145948,True,0.3705288726216971,0.37052887262737993,2.916564767474483e-10,2.916564767474483e-10,1.7462298274040222e-10,2.215293507328532e-11,9.493322794540404e-12,9.493322794540404e-12,0.0004228767241952758,0.00042287672509966345,131.17891569399944,9.345761167000092,0.0712443849497957,materialized>folded,True
ph_groupSampleID_stratDateVar_balRows,2,5,PLS,912,489,2101,detrend_d2,detrend_d2,True,25.0,25.0,True,0.3249142186541129,0.32491421865410747,3.2751579226442118e-15,3.2751579226442118e-15,2.5845992013273644e-13,5.735240974027938e-14,7.066309343217725e-14,7.066309343217725e-14,0.0017061998368419484,0.0017061998368419484,11.070022996000262,9.05848369100022,0.8182895098116023,materialized>folded,True
ph_groupSampleID_stratDateVar_balRows,2,5,Ridge,912,489,2101,detrend_d2,detrend_d2,True,40.13997301145948,40.13997301145948,True,0.3100461973755171,0.31004619737498634,4.848845769345189e-10,4.848845769345189e-10,2.6830093702301383e-11,6.243314701593505e-12,8.057582379095152e-13,8.057582379095152e-13,0.0007048255596111552,0.0007048255593981589,96.36132433100101,9.65262157199868,0.10017111781114524,folded>materialized,True
ta_groupSampleID_stratDateVar_balRows,0,5,PLS,912,489,2101,fd_d1,fd_d1,True,22.0,22.0,True,1.9181590316374457,1.9181590316374513,1.1324274851176597e-14,4.469217724936201e-15,3.668176873361517e-13,2.933783848252192e-14,2.2488835880324354e-13,1.7925986752502797e-13,0.0012175850508995278,0.001217585050900194,11.051708879998841,9.077491867999925,0.8213654527607206,folded>materialized,True
ta_groupSampleID_stratDateVar_balRows,0,5,Ridge,912,489,2101,identity,identity,True,70.5464290490247,70.5464290490247,True,2.0208435578464963,2.020843557844172,2.380287966730066e-09,7.486707835062742e-10,5.443325790110976e-10,3.517591967894317e-11,1.767908042182853e-11,1.767908042182853e-11,0.00046833392909784166,0.0004683339214079929,91.46813520700016,9.047292399998696,0.09891195856922091,materialized>folded,True
ta_groupSampleID_stratDateVar_balRows,1,5,PLS,912,489,2101,fd_d1,fd_d1,True,23.0,23.0,True,1.9195962950411236,1.9195962950411303,7.993605777301127e-15,3.14311310735446e-15,4.1389114358025836e-13,3.291687036618611e-14,2.510582887416124e-13,1.9339240770344683e-13,0.0005056529015221578,0.0005056529015259326,7.382013831000222,9.37834427800044,1.270431686082296,materialized>folded,True
ta_groupSampleID_stratDateVar_balRows,1,5,Ridge,912,489,2101,identity,identity,True,40.13997301145948,40.13997301145948,True,2.0576258231460596,2.057625823155365,4.528097896638883e-09,1.4851649945722956e-09,1.57160684466362e-09,1.1641953858173082e-10,5.179701112467683e-11,5.179701112467683e-11,0.0025252046051118526,0.002525204613826215,97.96963837600015,9.797221955999703,0.10000263467747729,folded>materialized,True
ta_groupSampleID_stratDateVar_balRows,2,5,PLS,912,489,2101,fd_d1,fd_d1,True,20.0,20.0,True,1.9296309740861828,1.9296309740861892,1.2212453270876722e-14,4.792566692389833e-15,2.6911806116913795e-13,2.1553902863294477e-14,1.610569316801147e-13,1.436492323654599e-13,0.001275575661902284,0.0012755756619096115,10.348093034999692,9.956679873999747,0.9621753341725771,folded>materialized,True
ta_groupSampleID_stratDateVar_balRows,2,5,Ridge,912,489,2101,detrend_d1,detrend_d1,True,40.13997301145948,40.13997301145948,True,1.893752227390416,1.893752227386336,1.1817542500125455e-09,3.758459048903493e-10,5.602487362921238e-10,3.763071926245952e-11,1.1203836469686479e-11,1.1203836469686479e-11,0.002360246724950388,0.002360246722551862,97.12262470400128,10.317811439999787,0.1062348909066778,materialized>folded,True
