variant,n_total,n_ok,n_fail,n_converged,median_rel_pls,ci_low_rel_pls,ci_high_rel_pls,wins_vs_pls,losses_vs_pls,ties_vs_pls,median_rel_ridge,median_rel_tabpfn_opt,median_fit_time_s
MKM-reml,2,2,0,2,0.8697866846775691,,,2,0,0,0.9766808165138108,0.636272133337094,7.240291595458984
MKM-reml-msc,2,2,0,1,0.8698241814621226,,,2,0,0,0.9762966133037957,0.6359607791820668,10.05679452419281
mkR-softmax_cv,2,2,0,2,0.8882356518250254,,,2,0,0,0.9970442287844137,0.6494876157956695,6.8617284297943115
MKM-reml-asls,2,2,0,2,0.8902882966033402,,,2,0,0,0.9991420638071709,0.650824620303079,11.285787343978882
mkR-softmax_cv-snv,2,2,0,2,0.8973522702791633,,,2,0,0,1.006291974171159,0.655370493312394,6.478174090385437
mkR-softmax_cv-msc,2,2,0,2,0.9209301327860482,,,2,0,0,1.0332462214950229,0.6729987770398755,7.145013213157654
Ridge-raw,2,2,0,2,5.136870330287541,,,0,2,0,5.748234590375922,3.741910187427351,0.03348910808563225
